# ASCII 1D datafile generated by TiberCAD
# 1 x
# 2 GenerationRate
# 3 Intensity
# 4 ElectricField
# x GenerationRate Intensity ElectricField 
0 0 475.848 435.303 
1 0 475.516 434.963 
2 0 474.925 434.358 
3 0 474.481 433.904 
4 0 474.185 433.601 
5 0 474.074 433.488 
5 5.49133e+16 722.479 433.412 
6 5.49131e+16 722.475 433.41 
7 5.49121e+16 722.461 433.4 
8 5.49102e+16 722.432 433.38 
9 5.49072e+16 722.388 433.351 
10 5.49034e+16 722.331 433.311 
11 5.48985e+16 722.259 433.263 
12 5.48928e+16 722.173 433.204 
13 5.48861e+16 722.072 433.137 
14 5.48784e+16 721.958 433.059 
15 5.48699e+16 721.831 432.973 
16 5.48605e+16 721.69 432.878 
17 5.48503e+16 721.535 432.774 
18 5.48392e+16 721.368 432.662 
19 5.48273e+16 721.188 432.541 
20 5.48146e+16 720.996 432.412 
21 5.48012e+16 720.791 432.275 
22 5.4787e+16 720.574 432.131 
23 5.47721e+16 720.346 431.979 
24 5.47566e+16 720.107 431.821 
25 5.47404e+16 719.857 431.656 
26 5.47236e+16 719.597 431.484 
27 5.47062e+16 719.326 431.306 
28 5.46883e+16 719.046 431.123 
29 5.46699e+16 718.757 430.935 
30 5.4651e+16 718.459 430.741 
31 5.46317e+16 718.153 430.543 
32 5.4612e+16 717.839 430.34 
33 5.4592e+16 717.517 430.134 
34 5.45716e+16 717.189 429.924 
35 5.4551e+16 716.854 429.712 
36 5.45301e+16 716.514 429.496 
37 5.4509e+16 716.168 429.278 
38 5.44878e+16 715.817 429.059 
39 5.44664e+16 715.461 428.838 
40 5.4445e+16 715.102 428.615 
41 5.44235e+16 714.74 428.392 
42 5.4402e+16 714.375 428.169 
43 5.43804e+16 714.007 427.945 
44 5.4359e+16 713.638 427.722 
45 5.43376e+16 713.267 427.5 
46 5.43163e+16 712.895 427.279 
47 5.42952e+16 712.524 427.059 
48 5.42743e+16 712.152 426.842 
49 5.42535e+16 711.782 426.626 
50 5.4233e+16 711.412 426.413 
51 5.42127e+16 711.045 426.203 
52 5.41927e+16 710.679 425.996 
53 5.4173e+16 710.316 425.792 
54 5.41536e+16 709.957 425.592 
55 5.41346e+16 709.601 425.396 
56 5.41159e+16 709.249 425.204 
57 5.40976e+16 708.902 425.017 
58 5.40796e+16 708.559 424.834 
59 5.4062e+16 708.222 424.657 
60 5.40449e+16 707.891 424.484 
61 5.40281e+16 707.566 424.317 
62 5.40118e+16 707.247 424.155 
63 5.39958e+16 706.935 423.999 
64 5.39803e+16 706.63 423.849 
65 5.39653e+16 706.333 423.704 
66 5.39506e+16 706.044 423.566 
67 5.39364e+16 705.762 423.433 
68 5.39225e+16 705.49 423.307 
69 5.39091e+16 705.225 423.187 
70 5.38961e+16 704.97 423.073 
71 5.38835e+16 704.724 422.966 
72 5.38713e+16 704.487 422.865 
73 5.38594e+16 704.259 422.77 
74 5.38479e+16 704.042 422.681 
75 5.38368e+16 703.834 422.599 
76 5.38259e+16 703.636 422.523 
77 5.38154e+16 703.448 422.453 
78 5.38053e+16 703.27 422.389 
79 5.37953e+16 703.103 422.331 
80 5.37857e+16 702.946 422.279 
81 5.37763e+16 702.799 422.233 
82 5.37671e+16 702.663 422.192 
83 5.37582e+16 702.537 422.157 
84 5.37494e+16 702.422 422.128 
85 5.37408e+16 702.317 422.103 
86 5.37323e+16 702.222 422.084 
87 5.3724e+16 702.138 422.07 
88 5.37158e+16 702.063 422.06 
89 5.37077e+16 701.999 422.055 
90 5.36997e+16 701.946 422.055 
91 5.36917e+16 701.902 422.059 
92 5.36837e+16 701.867 422.066 
93 5.36758e+16 701.843 422.078 
94 5.36678e+16 701.828 422.093 
95 5.36599e+16 701.822 422.112 
96 5.36519e+16 701.826 422.134 
97 5.36438e+16 701.839 422.159 
98 5.36357e+16 701.86 422.187 
99 5.36276e+16 701.89 422.217 
100 5.36193e+16 701.929 422.25 
101 5.3611e+16 701.975 422.286 
102 5.36025e+16 702.03 422.323 
103 5.3594e+16 702.092 422.362 
104 5.35853e+16 702.162 422.403 
105 5.35765e+16 702.238 422.445 
106 5.35676e+16 702.322 422.489 
107 5.35585e+16 702.413 422.534 
108 5.35494e+16 702.51 422.579 
109 5.35401e+16 702.613 422.626 
110 5.35307e+16 702.722 422.673 
111 5.35212e+16 702.836 422.721 
112 5.35115e+16 702.956 422.769 
113 5.35018e+16 703.08 422.817 
114 5.3492e+16 703.21 422.865 
115 5.3482e+16 703.344 422.913 
116 5.3472e+16 703.482 422.961 
117 5.3462e+16 703.624 423.009 
118 5.34519e+16 703.77 423.057 
119 5.34418e+16 703.919 423.104 
120 5.34317e+16 704.071 423.15 
121 5.34216e+16 704.226 423.196 
122 5.34115e+16 704.383 423.242 
123 5.34014e+16 704.543 423.286 
124 5.33915e+16 704.705 423.33 
125 5.33816e+16 704.868 423.373 
126 5.33718e+16 705.033 423.416 
127 5.33622e+16 705.199 423.457 
128 5.33528e+16 705.366 423.498 
129 5.33435e+16 705.534 423.538 
130 5.33345e+16 705.703 423.577 
131 5.33257e+16 705.871 423.615 
132 5.33172e+16 706.04 423.652 
133 5.3309e+16 706.209 423.689 
134 5.33011e+16 706.378 423.724 
135 5.32935e+16 706.546 423.76 
136 5.32864e+16 706.713 423.794 
137 5.32796e+16 706.88 423.828 
138 5.32733e+16 707.045 423.861 
139 5.32675e+16 707.209 423.894 
140 5.32621e+16 707.372 423.926 
141 5.32573e+16 707.534 423.958 
142 5.3253e+16 707.694 423.99 
143 5.32493e+16 707.852 424.021 
144 5.32461e+16 708.008 424.052 
145 5.32436e+16 708.162 424.083 
146 5.32417e+16 708.314 424.114 
147 5.32404e+16 708.464 424.145 
148 5.32398e+16 708.612 424.176 
149 5.32399e+16 708.757 424.208 
150 5.32407e+16 708.9 424.24 
151 5.32422e+16 709.04 424.272 
152 5.32444e+16 709.178 424.304 
153 5.32474e+16 709.313 424.337 
154 5.32512e+16 709.445 424.37 
155 5.32556e+16 709.575 424.405 
156 5.32609e+16 709.702 424.439 
157 5.32669e+16 709.826 424.475 
158 5.32737e+16 709.947 424.511 
159 5.32813e+16 710.065 424.549 
160 5.32896e+16 710.181 424.587 
161 5.32987e+16 710.293 424.626 
162 5.33086e+16 710.403 424.666 
163 5.33192e+16 710.51 424.708 
164 5.33306e+16 710.614 424.75 
165 5.33427e+16 710.715 424.793 
166 5.33555e+16 710.814 424.838 
167 5.33691e+16 710.909 424.884 
168 5.33833e+16 711.002 424.931 
169 5.33983e+16 711.092 424.979 
170 5.34139e+16 711.179 425.028 
171 5.34301e+16 711.264 425.078 
172 5.3447e+16 711.346 425.13 
173 5.34645e+16 711.425 425.182 
174 5.34825e+16 711.502 425.236 
175 5.35011e+16 711.576 425.291 
176 5.35202e+16 711.648 425.347 
177 5.35398e+16 711.717 425.404 
178 5.35598e+16 711.784 425.461 
179 5.35803e+16 711.849 425.52 
180 5.36011e+16 711.911 425.58 
181 5.36223e+16 711.971 425.64 
182 5.36439e+16 712.028 425.701 
183 5.36657e+16 712.084 425.763 
184 5.36878e+16 712.137 425.825 
185 5.37102e+16 712.188 425.888 
186 5.37327e+16 712.238 425.952 
187 5.37553e+16 712.285 426.016 
188 5.37781e+16 712.33 426.08 
189 5.3801e+16 712.374 426.144 
190 5.38239e+16 712.415 426.208 
191 5.38468e+16 712.455 426.273 
192 5.38696e+16 712.493 426.337 
193 5.38924e+16 712.529 426.401 
194 5.39151e+16 712.564 426.465 
195 5.39377e+16 712.597 426.529 
196 5.396e+16 712.628 426.592 
197 5.39822e+16 712.658 426.655 
198 5.40041e+16 712.687 426.717 
199 5.40258e+16 712.713 426.778 
200 5.40472e+16 712.739 426.839 
201 5.40682e+16 712.763 426.899 
202 5.40889e+16 712.785 426.957 
203 5.41091e+16 712.806 427.015 
204 5.4129e+16 712.826 427.071 
205 5.41485e+16 712.845 427.127 
206 5.41674e+16 712.862 427.181 
207 5.41859e+16 712.878 427.233 
208 5.42039e+16 712.893 427.285 
209 5.42214e+16 712.906 427.334 
210 5.42383e+16 712.919 427.382 
211 5.42547e+16 712.93 427.429 
212 5.42705e+16 712.94 427.474 
213 5.42858e+16 712.949 427.517 
214 5.43004e+16 712.956 427.558 
215 5.43145e+16 712.963 427.598 
216 5.43279e+16 712.969 427.636 
217 5.43408e+16 712.973 427.671 
218 5.4353e+16 712.976 427.705 
219 5.43647e+16 712.979 427.737 
220 5.43757e+16 712.98 427.768 
221 5.43861e+16 712.98 427.796 
222 5.43959e+16 712.98 427.822 
223 5.44051e+16 712.978 427.846 
224 5.44137e+16 712.975 427.868 
225 5.44217e+16 712.972 427.889 
226 5.44291e+16 712.967 427.907 
227 5.4436e+16 712.961 427.924 
228 5.44423e+16 712.955 427.938 
229 5.44481e+16 712.947 427.951 
230 5.44533e+16 712.939 427.962 
231 5.4458e+16 712.93 427.971 
232 5.44623e+16 712.919 427.979 
233 5.4466e+16 712.908 427.984 
234 5.44693e+16 712.896 427.988 
235 5.44722e+16 712.883 427.991 
236 5.44746e+16 712.87 427.992 
237 5.44767e+16 712.855 427.991 
238 5.44783e+16 712.84 427.989 
239 5.44797e+16 712.823 427.985 
240 5.44806e+16 712.806 427.981 
241 5.44813e+16 712.789 427.974 
242 5.44816e+16 712.77 427.967 
243 5.44817e+16 712.751 427.959 
244 5.44816e+16 712.731 427.949 
245 5.44812e+16 712.71 427.939 
246 5.44806e+16 712.689 427.927 
247 5.44799e+16 712.666 427.915 
248 5.4479e+16 712.644 427.902 
249 5.44779e+16 712.62 427.888 
250 5.44767e+16 712.596 427.874 
251 5.44754e+16 712.571 427.859 
252 5.44741e+16 712.546 427.843 
253 5.44727e+16 712.52 427.827 
254 5.44712e+16 712.494 427.811 
255 5.44697e+16 712.467 427.794 
256 5.44682e+16 712.439 427.777 
257 5.44667e+16 712.411 427.759 
258 5.44652e+16 712.383 427.742 
259 5.44637e+16 712.354 427.724 
260 5.44623e+16 712.324 427.706 
261 5.44609e+16 712.295 427.689 
262 5.44595e+16 712.264 427.671 
263 5.44583e+16 712.234 427.653 
264 5.44571e+16 712.203 427.635 
265 5.44559e+16 712.172 427.618 
266 5.44549e+16 712.14 427.601 
267 5.44539e+16 712.108 427.583 
268 5.4453e+16 712.076 427.566 
269 5.44522e+16 712.043 427.549 
270 5.44515e+16 712.011 427.533 
271 5.44508e+16 711.978 427.516 
272 5.44502e+16 711.944 427.5 
273 5.44497e+16 711.911 427.484 
274 5.44492e+16 711.877 427.469 
275 5.44488e+16 711.844 427.453 
276 5.44485e+16 711.81 427.438 
277 5.44482e+16 711.776 427.423 
278 5.44479e+16 711.741 427.408 
279 5.44476e+16 711.707 427.394 
280 5.44473e+16 711.672 427.379 
281 5.4447e+16 711.638 427.365 
282 5.44467e+16 711.603 427.351 
283 5.44463e+16 711.568 427.337 
284 5.44459e+16 711.533 427.323 
285 5.44454e+16 711.498 427.309 
286 5.44448e+16 711.463 427.295 
287 5.44441e+16 711.428 427.281 
288 5.44433e+16 711.393 427.267 
289 5.44423e+16 711.357 427.253 
290 5.44412e+16 711.322 427.239 
291 5.444e+16 711.287 427.225 
292 5.44385e+16 711.251 427.21 
293 5.44368e+16 711.215 427.196 
294 5.44349e+16 711.18 427.181 
295 5.44328e+16 711.144 427.165 
296 5.44304e+16 711.108 427.15 
297 5.44277e+16 711.072 427.134 
298 5.44248e+16 711.037 427.117 
299 5.44215e+16 711.001 427.1 
300 5.44179e+16 710.965 427.083 
301 5.4414e+16 710.928 427.065 
302 5.44097e+16 710.892 427.046 
303 5.44051e+16 710.856 427.027 
304 5.44001e+16 710.819 427.008 
305 5.43948e+16 710.783 426.987 
306 5.4389e+16 710.746 426.966 
307 5.43829e+16 710.71 426.945 
308 5.43764e+16 710.673 426.922 
309 5.43694e+16 710.636 426.899 
310 5.43621e+16 710.599 426.875 
311 5.43543e+16 710.562 426.85 
312 5.43461e+16 710.525 426.825 
313 5.43375e+16 710.488 426.799 
314 5.43285e+16 710.451 426.772 
315 5.4319e+16 710.413 426.744 
316 5.43092e+16 710.376 426.716 
317 5.42989e+16 710.338 426.686 
318 5.42882e+16 710.3 426.656 
319 5.42772e+16 710.262 426.626 
320 5.42657e+16 710.225 426.594 
321 5.42539e+16 710.187 426.562 
322 5.42417e+16 710.149 426.529 
323 5.42292e+16 710.11 426.496 
324 5.42163e+16 710.072 426.462 
325 5.42031e+16 710.034 426.427 
326 5.41896e+16 709.996 426.392 
327 5.41758e+16 709.958 426.356 
328 5.41617e+16 709.919 426.319 
329 5.41473e+16 709.881 426.282 
330 5.41327e+16 709.843 426.245 
331 5.41179e+16 709.805 426.208 
332 5.41029e+16 709.767 426.17 
333 5.40878e+16 709.729 426.131 
334 5.40725e+16 709.691 426.093 
335 5.4057e+16 709.653 426.054 
336 5.40415e+16 709.615 426.016 
337 5.40258e+16 709.577 425.977 
338 5.40102e+16 709.54 425.938 
339 5.39944e+16 709.503 425.899 
340 5.39787e+16 709.466 425.86 
341 5.3963e+16 709.429 425.821 
342 5.39474e+16 709.393 425.783 
343 5.39318e+16 709.357 425.745 
344 5.39164e+16 709.321 425.707 
345 5.3901e+16 709.285 425.669 
346 5.38858e+16 709.25 425.632 
347 5.38708e+16 709.216 425.595 
348 5.3856e+16 709.182 425.559 
349 5.38414e+16 709.148 425.524 
350 5.3827e+16 709.115 425.489 
351 5.38129e+16 709.082 425.454 
352 5.37991e+16 709.05 425.42 
353 5.37856e+16 709.019 425.388 
354 5.37725e+16 708.988 425.355 
355 5.37597e+16 708.958 425.324 
356 5.37472e+16 708.929 425.294 
357 5.37352e+16 708.9 425.264 
358 5.37236e+16 708.873 425.235 
359 5.37123e+16 708.846 425.208 
360 5.37016e+16 708.819 425.181 
361 5.36912e+16 708.794 425.155 
362 5.36813e+16 708.77 425.13 
363 5.36719e+16 708.746 425.107 
364 5.3663e+16 708.724 425.084 
365 5.36545e+16 708.702 425.063 
366 5.36466e+16 708.681 425.042 
367 5.36391e+16 708.662 425.023 
368 5.36322e+16 708.643 425.005 
369 5.36257e+16 708.626 424.987 
370 5.36198e+16 708.61 424.971 
371 5.36143e+16 708.594 424.956 
372 5.36094e+16 708.58 424.942 
373 5.3605e+16 708.567 424.93 
374 5.3601e+16 708.555 424.918 
375 5.35976e+16 708.545 424.907 
376 5.35946e+16 708.535 424.897 
377 5.35922e+16 708.527 424.889 
378 5.35902e+16 708.52 424.881 
379 5.35886e+16 708.514 424.874 
380 5.35875e+16 708.509 424.869 
381 5.35869e+16 708.506 424.864 
382 5.35866e+16 708.503 424.86 
383 5.35868e+16 708.502 424.856 
384 5.35874e+16 708.502 424.854 
385 5.35883e+16 708.504 424.853 
386 5.35897e+16 708.506 424.852 
387 5.35913e+16 708.51 424.852 
388 5.35933e+16 708.515 424.852 
389 5.35956e+16 708.521 424.853 
390 5.35982e+16 708.528 424.855 
391 5.36011e+16 708.537 424.858 
392 5.36043e+16 708.546 424.86 
393 5.36076e+16 708.557 424.864 
394 5.36112e+16 708.569 424.868 
395 5.3615e+16 708.582 424.872 
396 5.36189e+16 708.596 424.876 
397 5.36231e+16 708.61 424.881 
398 5.36273e+16 708.626 424.887 
399 5.36317e+16 708.643 424.892 
400 5.36361e+16 708.661 424.898 
401 5.36407e+16 708.68 424.904 
402 5.36453e+16 708.699 424.91 
403 5.36499e+16 708.72 424.916 
404 5.36546e+16 708.741 424.922 
405 5.36593e+16 708.763 424.929 
406 5.36639e+16 708.786 424.935 
407 5.36686e+16 708.809 424.942 
408 5.36732e+16 708.833 424.948 
409 5.36777e+16 708.858 424.954 
410 5.36822e+16 708.884 424.961 
411 5.36866e+16 708.909 424.967 
412 5.36909e+16 708.936 424.974 
413 5.36951e+16 708.963 424.98 
414 5.36992e+16 708.99 424.986 
415 5.37031e+16 709.018 424.992 
416 5.3707e+16 709.046 424.998 
417 5.37107e+16 709.075 425.004 
418 5.37143e+16 709.104 425.01 
419 5.37177e+16 709.133 425.016 
420 5.37209e+16 709.162 425.022 
421 5.37241e+16 709.192 425.027 
422 5.3727e+16 709.222 425.033 
423 5.37298e+16 709.251 425.039 
424 5.37325e+16 709.281 425.044 
425 5.3735e+16 709.311 425.05 
426 5.37374e+16 709.341 425.055 
427 5.37396e+16 709.371 425.06 
428 5.37417e+16 709.401 425.066 
429 5.37436e+16 709.431 425.072 
430 5.37455e+16 709.46 425.077 
431 5.37472e+16 709.49 425.083 
432 5.37488e+16 709.519 425.089 
433 5.37502e+16 709.549 425.095 
434 5.37516e+16 709.578 425.101 
435 5.37529e+16 709.606 425.107 
436 5.37542e+16 709.635 425.113 
437 5.37554e+16 709.663 425.12 
438 5.37565e+16 709.691 425.127 
439 5.37576e+16 709.719 425.134 
440 5.37587e+16 709.746 425.142 
441 5.37598e+16 709.773 425.15 
442 5.37608e+16 709.8 425.158 
443 5.37619e+16 709.826 425.167 
444 5.3763e+16 709.852 425.176 
445 5.37642e+16 709.877 425.186 
446 5.37654e+16 709.902 425.196 
447 5.37667e+16 709.927 425.206 
448 5.37681e+16 709.952 425.217 
449 5.37696e+16 709.975 425.229 
450 5.37712e+16 709.999 425.241 
451 5.3773e+16 710.022 425.253 
452 5.37748e+16 710.045 425.267 
453 5.37769e+16 710.067 425.28 
454 5.37791e+16 710.089 425.295 
455 5.37814e+16 710.111 425.31 
456 5.3784e+16 710.132 425.325 
457 5.37867e+16 710.152 425.342 
458 5.37897e+16 710.173 425.359 
459 5.37929e+16 710.193 425.376 
460 5.37963e+16 710.213 425.394 
461 5.37999e+16 710.232 425.413 
462 5.38037e+16 710.251 425.432 
463 5.38078e+16 710.269 425.452 
464 5.38122e+16 710.288 425.473 
465 5.38168e+16 710.306 425.494 
466 5.38217e+16 710.324 425.516 
467 5.38268e+16 710.341 425.538 
468 5.38321e+16 710.358 425.561 
469 5.38378e+16 710.375 425.584 
470 5.38436e+16 710.392 425.608 
471 5.38498e+16 710.409 425.632 
472 5.38562e+16 710.425 425.657 
473 5.38628e+16 710.441 425.683 
474 5.38697e+16 710.457 425.708 
475 5.38768e+16 710.473 425.734 
476 5.38841e+16 710.489 425.761 
477 5.38917e+16 710.504 425.787 
478 5.38994e+16 710.52 425.814 
479 5.39074e+16 710.535 425.841 
480 5.39156e+16 710.55 425.869 
481 5.39239e+16 710.565 425.897 
482 5.39325e+16 710.581 425.924 
483 5.39412e+16 710.596 425.952 
484 5.395e+16 710.611 425.98 
485 5.3959e+16 710.625 426.008 
486 5.3968e+16 710.64 426.036 
487 5.39772e+16 710.655 426.064 
488 5.39865e+16 710.67 426.092 
489 5.39959e+16 710.685 426.119 
490 5.40053e+16 710.7 426.147 
491 5.40147e+16 710.715 426.174 
492 5.40242e+16 710.729 426.201 
493 5.40337e+16 710.744 426.228 
494 5.40432e+16 710.759 426.254 
495 5.40526e+16 710.774 426.28 
496 5.4062e+16 710.789 426.306 
497 5.40714e+16 710.804 426.331 
498 5.40806e+16 710.819 426.356 
499 5.40898e+16 710.833 426.38 
500 5.40989e+16 710.848 426.404 
501 5.41078e+16 710.863 426.428 
502 5.41166e+16 710.878 426.45 
503 5.41253e+16 710.893 426.473 
504 5.41338e+16 710.907 426.494 
505 5.4142e+16 710.922 426.515 
506 5.41501e+16 710.937 426.536 
507 5.4158e+16 710.951 426.555 
508 5.41657e+16 710.966 426.574 
509 5.41731e+16 710.98 426.593 
510 5.41802e+16 710.995 426.61 
511 5.41871e+16 711.009 426.627 
512 5.41938e+16 711.023 426.643 
513 5.42001e+16 711.037 426.659 
514 5.42062e+16 711.051 426.674 
515 5.4212e+16 711.065 426.688 
516 5.42174e+16 711.078 426.701 
517 5.42226e+16 711.092 426.714 
518 5.42274e+16 711.105 426.726 
519 5.4232e+16 711.118 426.737 
520 5.42362e+16 711.13 426.748 
521 5.42401e+16 711.143 426.758 
522 5.42437e+16 711.155 426.767 
523 5.42469e+16 711.167 426.776 
524 5.42499e+16 711.178 426.784 
525 5.42525e+16 711.19 426.791 
526 5.42548e+16 711.201 426.798 
527 5.42568e+16 711.211 426.804 
528 5.42585e+16 711.221 426.81 
529 5.42598e+16 711.231 426.815 
530 5.42609e+16 711.241 426.82 
531 5.42617e+16 711.25 426.824 
532 5.42623e+16 711.258 426.828 
533 5.42625e+16 711.266 426.831 
534 5.42625e+16 711.274 426.834 
535 5.42622e+16 711.281 426.836 
536 5.42617e+16 711.288 426.838 
537 5.42609e+16 711.294 426.84 
538 5.426e+16 711.3 426.841 
539 5.42588e+16 711.305 426.843 
540 5.42574e+16 711.31 426.843 
541 5.42559e+16 711.314 426.844 
542 5.42541e+16 711.318 426.844 
543 5.42522e+16 711.321 426.845 
544 5.42502e+16 711.324 426.845 
545 5.4248e+16 711.326 426.845 
546 5.42458e+16 711.327 426.844 
547 5.42434e+16 711.328 426.844 
548 5.42409e+16 711.329 426.843 
549 5.42383e+16 711.328 426.843 
550 5.42357e+16 711.328 426.842 
551 5.42331e+16 711.326 426.842 
552 5.42304e+16 711.324 426.841 
553 5.42277e+16 711.322 426.84 
554 5.42249e+16 711.319 426.84 
555 5.42222e+16 711.315 426.839 
556 5.42195e+16 711.311 426.838 
557 5.42168e+16 711.306 426.838 
558 5.42142e+16 711.301 426.837 
559 5.42116e+16 711.295 426.837 
560 5.42091e+16 711.289 426.836 
561 5.42066e+16 711.282 426.836 
562 5.42042e+16 711.275 426.835 
563 5.42019e+16 711.267 426.835 
564 5.41997e+16 711.259 426.834 
565 5.41976e+16 711.25 426.834 
566 5.41956e+16 711.241 426.833 
567 5.41937e+16 711.231 426.833 
568 5.41919e+16 711.22 426.833 
569 5.41902e+16 711.21 426.832 
570 5.41886e+16 711.199 426.832 
571 5.41872e+16 711.187 426.831 
572 5.41859e+16 711.175 426.831 
573 5.41847e+16 711.163 426.83 
574 5.41837e+16 711.15 426.829 
575 5.41827e+16 711.137 426.829 
576 5.41819e+16 711.123 426.828 
577 5.41812e+16 711.11 426.826 
578 5.41806e+16 711.095 426.825 
579 5.41801e+16 711.081 426.824 
580 5.41798e+16 711.066 426.822 
581 5.41795e+16 711.051 426.82 
582 5.41793e+16 711.036 426.818 
583 5.41792e+16 711.02 426.816 
584 5.41792e+16 711.005 426.813 
585 5.41793e+16 710.989 426.81 
586 5.41794e+16 710.972 426.807 
587 5.41796e+16 710.956 426.803 
588 5.41798e+16 710.939 426.799 
589 5.418e+16 710.922 426.795 
590 5.41803e+16 710.905 426.79 
591 5.41806e+16 710.888 426.785 
592 5.41809e+16 710.871 426.779 
593 5.41811e+16 710.854 426.773 
594 5.41814e+16 710.836 426.767 
595 5.41816e+16 710.819 426.759 
596 5.41818e+16 710.801 426.752 
597 5.41819e+16 710.783 426.744 
598 5.41819e+16 710.765 426.735 
599 5.41819e+16 710.747 426.726 
600 5.41818e+16 710.73 426.717 
601 5.41816e+16 710.712 426.706 
602 5.41812e+16 710.694 426.696 
603 5.41808e+16 710.675 426.685 
604 5.41802e+16 710.657 426.673 
605 5.41794e+16 710.639 426.66 
606 5.41785e+16 710.621 426.648 
607 5.41775e+16 710.603 426.634 
608 5.41762e+16 710.585 426.62 
609 5.41748e+16 710.567 426.606 
610 5.41732e+16 710.549 426.591 
611 5.41714e+16 710.531 426.575 
612 5.41694e+16 710.513 426.559 
613 5.41672e+16 710.495 426.543 
614 5.41647e+16 710.477 426.526 
615 5.41621e+16 710.459 426.509 
616 5.41592e+16 710.441 426.491 
617 5.41561e+16 710.423 426.473 
618 5.41527e+16 710.405 426.454 
619 5.41492e+16 710.387 426.435 
620 5.41454e+16 710.37 426.416 
621 5.41413e+16 710.352 426.396 
622 5.4137e+16 710.334 426.376 
623 5.41325e+16 710.317 426.356 
624 5.41278e+16 710.299 426.335 
625 5.41228e+16 710.282 426.315 
626 5.41176e+16 710.264 426.294 
627 5.41121e+16 710.247 426.273 
628 5.41065e+16 710.229 426.252 
629 5.41006e+16 710.212 426.23 
630 5.40946e+16 710.195 426.209 
631 5.40883e+16 710.178 426.187 
632 5.40819e+16 710.161 426.166 
633 5.40752e+16 710.143 426.144 
634 5.40684e+16 710.126 426.123 
635 5.40614e+16 710.11 426.101 
636 5.40543e+16 710.093 426.08 
637 5.4047e+16 710.076 426.059 
638 5.40396e+16 710.059 426.038 
639 5.40321e+16 710.042 426.017 
640 5.40244e+16 710.026 425.997 
641 5.40167e+16 710.009 425.976 
642 5.40088e+16 709.993 425.956 
643 5.40009e+16 709.977 425.936 
644 5.3993e+16 709.96 425.917 
645 5.3985e+16 709.944 425.897 
646 5.39769e+16 709.928 425.878 
647 5.39688e+16 709.912 425.86 
648 5.39608e+16 709.896 425.842 
649 5.39527e+16 709.88 425.824 
650 5.39446e+16 709.865 425.806 
651 5.39366e+16 709.849 425.79 
652 5.39286e+16 709.833 425.773 
653 5.39207e+16 709.818 425.757 
654 5.39129e+16 709.803 425.741 
655 5.39051e+16 709.788 425.726 
656 5.38975e+16 709.773 425.712 
657 5.38899e+16 709.758 425.697 
658 5.38825e+16 709.744 425.684 
659 5.38752e+16 709.729 425.67 
660 5.3868e+16 709.715 425.658 
661 5.3861e+16 709.701 425.645 
662 5.38542e+16 709.687 425.634 
663 5.38475e+16 709.673 425.622 
664 5.3841e+16 709.66 425.612 
665 5.38347e+16 709.646 425.601 
666 5.38286e+16 709.633 425.591 
667 5.38227e+16 709.62 425.582 
668 5.3817e+16 709.608 425.573 
669 5.38116e+16 709.596 425.564 
670 5.38063e+16 709.583 425.556 
671 5.38013e+16 709.572 425.548 
672 5.37965e+16 709.56 425.541 
673 5.3792e+16 709.549 425.534 
674 5.37877e+16 709.538 425.527 
675 5.37836e+16 709.527 425.521 
676 5.37798e+16 709.517 425.515 
677 5.37762e+16 709.507 425.509 
678 5.37728e+16 709.497 425.504 
679 5.37697e+16 709.487 425.499 
680 5.37668e+16 709.478 425.494 
681 5.37642e+16 709.47 425.489 
682 5.37618e+16 709.461 425.485 
683 5.37596e+16 709.453 425.481 
684 5.37577e+16 709.446 425.477 
685 5.37559e+16 709.439 425.473 
686 5.37544e+16 709.432 425.47 
687 5.37531e+16 709.425 425.466 
688 5.3752e+16 709.419 425.463 
689 5.37512e+16 709.413 425.459 
690 5.37505e+16 709.408 425.456 
691 5.375e+16 709.403 425.453 
692 5.37496e+16 709.399 425.45 
693 5.37495e+16 709.395 425.447 
694 5.37495e+16 709.391 425.444 
695 5.37496e+16 709.388 425.441 
696 5.37499e+16 709.385 425.438 
697 5.37504e+16 709.383 425.435 
698 5.3751e+16 709.381 425.432 
699 5.37517e+16 709.38 425.43 
700 5.37525e+16 709.379 425.427 
701 5.37534e+16 709.378 425.424 
702 5.37544e+16 709.378 425.421 
703 5.37555e+16 709.379 425.418 
704 5.37567e+16 709.38 425.415 
705 5.37579e+16 709.381 425.412 
706 5.37593e+16 709.382 425.409 
707 5.37606e+16 709.385 425.406 
708 5.3762e+16 709.387 425.403 
709 5.37635e+16 709.39 425.4 
710 5.3765e+16 709.394 425.397 
711 5.37665e+16 709.397 425.394 
712 5.3768e+16 709.402 425.391 
713 5.37695e+16 709.406 425.388 
714 5.37711e+16 709.412 425.385 
715 5.37726e+16 709.417 425.382 
716 5.37741e+16 709.423 425.379 
717 5.37757e+16 709.429 425.376 
718 5.37772e+16 709.436 425.373 
719 5.37787e+16 709.443 425.371 
720 5.37802e+16 709.451 425.368 
721 5.37816e+16 709.459 425.366 
722 5.37831e+16 709.467 425.364 
723 5.37845e+16 709.476 425.362 
724 5.37858e+16 709.485 425.36 
725 5.37872e+16 709.494 425.358 
726 5.37885e+16 709.504 425.357 
727 5.37898e+16 709.514 425.356 
728 5.37911e+16 709.524 425.355 
729 5.37923e+16 709.535 425.354 
730 5.37935e+16 709.546 425.354 
731 5.37947e+16 709.557 425.354 
732 5.37959e+16 709.569 425.354 
733 5.37971e+16 709.581 425.355 
734 5.37982e+16 709.593 425.356 
735 5.37993e+16 709.605 425.357 
736 5.38005e+16 709.618 425.359 
737 5.38016e+16 709.631 425.361 
738 5.38028e+16 709.644 425.363 
739 5.38039e+16 709.658 425.366 
740 5.38051e+16 709.671 425.37 
741 5.38063e+16 709.685 425.373 
742 5.38075e+16 709.699 425.378 
743 5.38088e+16 709.714 425.382 
744 5.38101e+16 709.728 425.387 
745 5.38114e+16 709.743 425.393 
746 5.38128e+16 709.758 425.399 
747 5.38143e+16 709.773 425.406 
748 5.38158e+16 709.788 425.413 
749 5.38174e+16 709.803 425.42 
750 5.38191e+16 709.819 425.428 
751 5.38208e+16 709.835 425.437 
752 5.38227e+16 709.85 425.446 
753 5.38247e+16 709.866 425.455 
754 5.38267e+16 709.882 425.465 
755 5.38289e+16 709.899 425.476 
756 5.38312e+16 709.915 425.486 
757 5.38336e+16 709.931 425.498 
758 5.38361e+16 709.948 425.509 
759 5.38388e+16 709.964 425.521 
760 5.38416e+16 709.981 425.534 
761 5.38445e+16 709.997 425.547 
762 5.38476e+16 710.014 425.56 
763 5.38508e+16 710.031 425.574 
764 5.38542e+16 710.048 425.588 
765 5.38577e+16 710.065 425.602 
766 5.38614e+16 710.081 425.617 
767 5.38652e+16 710.098 425.632 
768 5.38692e+16 710.115 425.647 
769 5.38734e+16 710.132 425.662 
770 5.38777e+16 710.149 425.678 
771 5.38821e+16 710.166 425.694 
772 5.38867e+16 710.183 425.71 
773 5.38915e+16 710.2 425.726 
774 5.38964e+16 710.217 425.743 
775 5.39015e+16 710.234 425.759 
776 5.39067e+16 710.251 425.776 
777 5.39121e+16 710.267 425.793 
778 5.39175e+16 710.284 425.809 
779 5.39232e+16 710.301 425.826 
780 5.39289e+16 710.317 425.843 
781 5.39348e+16 710.334 425.859 
782 5.39408e+16 710.35 425.876 
783 5.39469e+16 710.367 425.893 
784 5.39531e+16 710.383 425.909 
785 5.39594e+16 710.399 425.926 
786 5.39658e+16 710.416 425.942 
787 5.39723e+16 710.432 425.958 
788 5.39788e+16 710.447 425.974 
789 5.39854e+16 710.463 425.99 
790 5.39921e+16 710.479 426.005 
791 5.39988e+16 710.494 426.021 
792 5.40056e+16 710.51 426.036 
793 5.40124e+16 710.525 426.051 
794 5.40192e+16 710.54 426.065 
795 5.4026e+16 710.555 426.08 
796 5.40328e+16 710.57 426.094 
797 5.40396e+16 710.585 426.108 
798 5.40464e+16 710.599 426.121 
799 5.40532e+16 710.613 426.134 
800 5.40599e+16 710.627 426.147 
801 5.40666e+16 710.641 426.16 
802 5.40732e+16 710.655 426.172 
803 5.40797e+16 710.668 426.184 
804 5.40862e+16 710.681 426.195 
805 5.40926e+16 710.694 426.207 
806 5.40989e+16 710.707 426.217 
807 5.41051e+16 710.719 426.228 
808 5.41111e+16 710.732 426.238 
809 5.41171e+16 710.744 426.248 
810 5.41229e+16 710.755 426.258 
811 5.41286e+16 710.767 426.267 
812 5.41342e+16 710.778 426.276 
813 5.41396e+16 710.789 426.285 
814 5.41448e+16 710.8 426.293 
815 5.41499e+16 710.81 426.302 
816 5.41548e+16 710.82 426.31 
817 5.41595e+16 710.83 426.317 
818 5.4164e+16 710.839 426.325 
819 5.41684e+16 710.848 426.332 
820 5.41726e+16 710.857 426.339 
821 5.41766e+16 710.866 426.345 
822 5.41804e+16 710.874 426.352 
823 5.4184e+16 710.882 426.358 
824 5.41873e+16 710.889 426.364 
825 5.41905e+16 710.897 426.37 
826 5.41935e+16 710.903 426.376 
827 5.41963e+16 710.91 426.382 
828 5.41989e+16 710.916 426.388 
829 5.42013e+16 710.922 426.393 
830 5.42035e+16 710.928 426.399 
831 5.42054e+16 710.933 426.404 
832 5.42072e+16 710.938 426.409 
833 5.42088e+16 710.942 426.414 
834 5.42102e+16 710.946 426.419 
835 5.42114e+16 710.95 426.425 
836 5.42124e+16 710.954 426.43 
837 5.42132e+16 710.957 426.435 
838 5.42138e+16 710.96 426.44 
839 5.42143e+16 710.962 426.445 
840 5.42146e+16 710.964 426.45 
841 5.42147e+16 710.966 426.455 
842 5.42146e+16 710.967 426.46 
843 5.42144e+16 710.968 426.465 
844 5.42141e+16 710.969 426.47 
845 5.42136e+16 710.97 426.475 
846 5.42129e+16 710.97 426.48 
847 5.42121e+16 710.97 426.485 
848 5.42112e+16 710.969 426.49 
849 5.42102e+16 710.968 426.496 
850 5.4209e+16 710.967 426.501 
851 5.42078e+16 710.966 426.506 
852 5.42064e+16 710.964 426.511 
853 5.42049e+16 710.962 426.517 
854 5.42034e+16 710.96 426.522 
855 5.42017e+16 710.958 426.527 
856 5.42e+16 710.955 426.532 
857 5.41982e+16 710.952 426.537 
858 5.41963e+16 710.948 426.543 
859 5.41944e+16 710.945 426.548 
860 5.41924e+16 710.941 426.553 
861 5.41904e+16 710.937 426.558 
862 5.41883e+16 710.933 426.563 
863 5.41862e+16 710.928 426.567 
864 5.4184e+16 710.924 426.572 
865 5.41818e+16 710.919 426.577 
866 5.41796e+16 710.914 426.581 
867 5.41774e+16 710.908 426.585 
868 5.41751e+16 710.903 426.59 
869 5.41728e+16 710.897 426.594 
870 5.41705e+16 710.891 426.597 
871 5.41682e+16 710.885 426.601 
872 5.41659e+16 710.879 426.604 
873 5.41636e+16 710.873 426.607 
874 5.41612e+16 710.866 426.61 
875 5.41589e+16 710.86 426.613 
876 5.41566e+16 710.853 426.615 
877 5.41542e+16 710.846 426.617 
878 5.41519e+16 710.839 426.619 
879 5.41496e+16 710.832 426.62 
880 5.41472e+16 710.825 426.622 
881 5.41449e+16 710.818 426.622 
882 5.41425e+16 710.81 426.623 
883 5.41402e+16 710.803 426.623 
884 5.41378e+16 710.795 426.622 
885 5.41355e+16 710.787 426.622 
886 5.41331e+16 710.779 426.62 
887 5.41308e+16 710.771 426.619 
888 5.41284e+16 710.763 426.617 
889 5.4126e+16 710.755 426.615 
890 5.41236e+16 710.747 426.612 
891 5.41212e+16 710.739 426.609 
892 5.41187e+16 710.731 426.605 
893 5.41163e+16 710.722 426.601 
894 5.41138e+16 710.714 426.596 
895 5.41113e+16 710.705 426.592 
896 5.41087e+16 710.697 426.586 
897 5.41061e+16 710.688 426.58 
898 5.41035e+16 710.679 426.574 
899 5.41009e+16 710.67 426.568 
900 5.40982e+16 710.661 426.561 
901 5.40954e+16 710.652 426.553 
902 5.40927e+16 710.643 426.546 
903 5.40898e+16 710.634 426.537 
904 5.40869e+16 710.625 426.529 
905 5.4084e+16 710.616 426.52 
906 5.4081e+16 710.606 426.511 
907 5.4078e+16 710.597 426.501 
908 5.40749e+16 710.587 426.491 
909 5.40717e+16 710.578 426.481 
910 5.40685e+16 710.568 426.47 
911 5.40652e+16 710.558 426.46 
912 5.40618e+16 710.548 426.448 
913 5.40584e+16 710.538 426.437 
914 5.40549e+16 710.528 426.426 
915 5.40513e+16 710.517 426.414 
916 5.40477e+16 710.507 426.402 
917 5.4044e+16 710.496 426.39 
918 5.40403e+16 710.486 426.377 
919 5.40364e+16 710.475 426.365 
920 5.40326e+16 710.464 426.352 
921 5.40286e+16 710.453 426.339 
922 5.40246e+16 710.442 426.327 
923 5.40206e+16 710.43 426.314 
924 5.40165e+16 710.419 426.301 
925 5.40123e+16 710.407 426.288 
926 5.40081e+16 710.396 426.275 
927 5.40038e+16 710.384 426.262 
928 5.39995e+16 710.372 426.249 
929 5.39952e+16 710.359 426.236 
930 5.39908e+16 710.347 426.223 
931 5.39864e+16 710.335 426.21 
932 5.3982e+16 710.322 426.197 
933 5.39776e+16 710.309 426.184 
934 5.39731e+16 710.296 426.172 
935 5.39686e+16 710.283 426.159 
936 5.39642e+16 710.27 426.147 
937 5.39597e+16 710.256 426.135 
938 5.39552e+16 710.243 426.123 
939 5.39508e+16 710.229 426.111 
940 5.39463e+16 710.215 426.099 
941 5.39419e+16 710.201 426.088 
942 5.39375e+16 710.187 426.076 
943 5.39332e+16 710.173 426.065 
944 5.39289e+16 710.159 426.054 
945 5.39246e+16 710.144 426.044 
946 5.39204e+16 710.13 426.033 
947 5.39162e+16 710.115 426.023 
948 5.39121e+16 710.101 426.013 
949 5.39081e+16 710.086 426.003 
950 5.39042e+16 710.071 425.993 
951 5.39003e+16 710.056 425.984 
952 5.38965e+16 710.041 425.974 
953 5.38928e+16 710.026 425.965 
954 5.38893e+16 710.011 425.957 
955 5.38858e+16 709.996 425.948 
956 5.38824e+16 709.981 425.939 
957 5.38791e+16 709.965 425.931 
958 5.3876e+16 709.95 425.923 
959 5.38729e+16 709.935 425.915 
960 5.387e+16 709.92 425.907 
961 5.38672e+16 709.905 425.9 
962 5.38645e+16 709.89 425.892 
963 5.3862e+16 709.875 425.885 
964 5.38596e+16 709.861 425.878 
965 5.38573e+16 709.846 425.871 
966 5.38552e+16 709.831 425.864 
967 5.38532e+16 709.817 425.857 
968 5.38514e+16 709.803 425.85 
969 5.38497e+16 709.788 425.844 
970 5.38481e+16 709.775 425.837 
971 5.38467e+16 709.761 425.831 
972 5.38454e+16 709.747 425.824 
973 5.38443e+16 709.734 425.818 
974 5.38433e+16 709.721 425.811 
975 5.38424e+16 709.708 425.805 
976 5.38417e+16 709.696 425.799 
977 5.38411e+16 709.684 425.792 
978 5.38406e+16 709.672 425.786 
979 5.38403e+16 709.66 425.78 
980 5.38401e+16 709.649 425.773 
981 5.38401e+16 709.638 425.767 
982 5.38401e+16 709.627 425.761 
983 5.38403e+16 709.617 425.754 
984 5.38406e+16 709.608 425.748 
985 5.38409e+16 709.598 425.741 
986 5.38414e+16 709.589 425.735 
987 5.3842e+16 709.581 425.728 
988 5.38427e+16 709.573 425.722 
989 5.38435e+16 709.565 425.715 
990 5.38444e+16 709.558 425.708 
991 5.38454e+16 709.552 425.702 
992 5.38464e+16 709.545 425.695 
993 5.38475e+16 709.54 425.688 
994 5.38487e+16 709.535 425.681 
995 5.38499e+16 709.53 425.675 
996 5.38512e+16 709.526 425.668 
997 5.38526e+16 709.522 425.661 
998 5.3854e+16 709.519 425.654 
999 5.38554e+16 709.517 425.647 
1000 5.38569e+16 709.515 425.64 
1001 5.38584e+16 709.514 425.633 
1002 5.38599e+16 709.513 425.626 
1003 5.38615e+16 709.513 425.619 
1004 5.3863e+16 709.513 425.613 
1005 5.38646e+16 709.514 425.606 
1006 5.38662e+16 709.515 425.599 
1007 5.38678e+16 709.517 425.593 
1008 5.38694e+16 709.52 425.586 
1009 5.38709e+16 709.523 425.58 
1010 5.38725e+16 709.527 425.573 
1011 5.3874e+16 709.531 425.567 
1012 5.38756e+16 709.536 425.561 
1013 5.38771e+16 709.541 425.555 
1014 5.38786e+16 709.547 425.549 
1015 5.38801e+16 709.553 425.544 
1016 5.38815e+16 709.56 425.539 
1017 5.38829e+16 709.568 425.533 
1018 5.38843e+16 709.576 425.528 
1019 5.38856e+16 709.584 425.524 
1020 5.3887e+16 709.593 425.519 
1021 5.38882e+16 709.602 425.515 
1022 5.38895e+16 709.612 425.511 
1023 5.38907e+16 709.622 425.508 
1024 5.38919e+16 709.633 425.504 
1025 5.3893e+16 709.644 425.501 
1026 5.38941e+16 709.656 425.499 
1027 5.38952e+16 709.667 425.496 
1028 5.38962e+16 709.68 425.494 
1029 5.38972e+16 709.692 425.492 
1030 5.38982e+16 709.705 425.491 
1031 5.38991e+16 709.719 425.49 
1032 5.39001e+16 709.732 425.489 
1033 5.3901e+16 709.746 425.489 
1034 5.39018e+16 709.76 425.489 
1035 5.39027e+16 709.775 425.49 
1036 5.39035e+16 709.789 425.491 
1037 5.39043e+16 709.804 425.492 
1038 5.39051e+16 709.819 425.494 
1039 5.39059e+16 709.834 425.496 
1040 5.39067e+16 709.85 425.498 
1041 5.39075e+16 709.865 425.501 
1042 5.39083e+16 709.881 425.504 
1043 5.39091e+16 709.897 425.508 
1044 5.39099e+16 709.912 425.512 
1045 5.39107e+16 709.928 425.516 
1046 5.39116e+16 709.944 425.52 
1047 5.39124e+16 709.96 425.526 
1048 5.39133e+16 709.976 425.531 
1049 5.39142e+16 709.992 425.537 
1050 5.39151e+16 710.008 425.543 
1051 5.39161e+16 710.024 425.549 
1052 5.39171e+16 710.04 425.556 
1053 5.39181e+16 710.055 425.562 
1054 5.39192e+16 710.071 425.57 
1055 5.39203e+16 710.086 425.577 
1056 5.39214e+16 710.102 425.585 
1057 5.39227e+16 710.117 425.593 
1058 5.39239e+16 710.132 425.601 
1059 5.39252e+16 710.147 425.61 
1060 5.39266e+16 710.162 425.618 
1061 5.3928e+16 710.176 425.627 
1062 5.39295e+16 710.191 425.636 
1063 5.3931e+16 710.205 425.645 
1064 5.39326e+16 710.218 425.655 
1065 5.39343e+16 710.232 425.664 
1066 5.3936e+16 710.245 425.673 
1067 5.39378e+16 710.258 425.683 
1068 5.39396e+16 710.271 425.693 
1069 5.39415e+16 710.284 425.703 
1070 5.39435e+16 710.296 425.712 
1071 5.39455e+16 710.308 425.722 
1072 5.39476e+16 710.32 425.732 
1073 5.39497e+16 710.331 425.742 
1074 5.39519e+16 710.342 425.752 
1075 5.39541e+16 710.353 425.762 
1076 5.39564e+16 710.363 425.772 
1077 5.39588e+16 710.373 425.782 
1078 5.39612e+16 710.383 425.791 
1079 5.39636e+16 710.392 425.801 
1080 5.39661e+16 710.401 425.811 
1081 5.39686e+16 710.41 425.82 
1082 5.39712e+16 710.419 425.83 
1083 5.39737e+16 710.427 425.839 
1084 5.39764e+16 710.435 425.848 
1085 5.3979e+16 710.442 425.857 
1086 5.39817e+16 710.449 425.866 
1087 5.39843e+16 710.456 425.875 
1088 5.3987e+16 710.463 425.884 
1089 5.39897e+16 710.469 425.892 
1090 5.39925e+16 710.475 425.901 
1091 5.39952e+16 710.481 425.909 
1092 5.39979e+16 710.487 425.917 
1093 5.40006e+16 710.492 425.926 
1094 5.40033e+16 710.497 425.933 
1095 5.40059e+16 710.502 425.941 
1096 5.40086e+16 710.506 425.949 
1097 5.40112e+16 710.511 425.956 
1098 5.40138e+16 710.515 425.964 
1099 5.40164e+16 710.519 425.971 
1100 5.40189e+16 710.522 425.978 
1101 5.40214e+16 710.526 425.985 
1102 5.40239e+16 710.529 425.992 
1103 5.40263e+16 710.532 425.999 
1104 5.40287e+16 710.535 426.006 
1105 5.4031e+16 710.538 426.013 
1106 5.40332e+16 710.541 426.019 
1107 5.40354e+16 710.543 426.026 
1108 5.40375e+16 710.546 426.032 
1109 5.40396e+16 710.548 426.039 
1110 5.40415e+16 710.55 426.045 
1111 5.40435e+16 710.552 426.051 
1112 5.40453e+16 710.554 426.057 
1113 5.40471e+16 710.556 426.064 
1114 5.40488e+16 710.558 426.07 
1115 5.40504e+16 710.56 426.076 
1116 5.4052e+16 710.562 426.082 
1117 5.40534e+16 710.564 426.089 
1118 5.40548e+16 710.566 426.095 
1119 5.40561e+16 710.568 426.101 
1120 5.40574e+16 710.57 426.107 
1121 5.40585e+16 710.572 426.114 
1122 5.40596e+16 710.573 426.12 
1123 5.40606e+16 710.575 426.127 
1124 5.40615e+16 710.577 426.133 
1125 5.40624e+16 710.579 426.14 
1126 5.40632e+16 710.581 426.146 
1127 5.40639e+16 710.583 426.153 
1128 5.40645e+16 710.585 426.16 
1129 5.40651e+16 710.588 426.167 
1130 5.40656e+16 710.59 426.174 
1131 5.40661e+16 710.592 426.181 
1132 5.40665e+16 710.594 426.188 
1133 5.40668e+16 710.597 426.195 
1134 5.40671e+16 710.599 426.202 
1135 5.40673e+16 710.602 426.209 
1136 5.40675e+16 710.605 426.217 
1137 5.40676e+16 710.607 426.224 
1138 5.40677e+16 710.61 426.232 
1139 5.40678e+16 710.613 426.239 
1140 5.40678e+16 710.616 426.247 
1141 5.40678e+16 710.619 426.255 
1142 5.40678e+16 710.622 426.262 
1143 5.40677e+16 710.625 426.27 
1144 5.40676e+16 710.628 426.278 
1145 5.40676e+16 710.632 426.286 
1146 5.40675e+16 710.635 426.294 
1147 5.40674e+16 710.638 426.302 
1148 5.40672e+16 710.642 426.309 
1149 5.40671e+16 710.645 426.317 
1150 5.4067e+16 710.648 426.325 
1151 5.40669e+16 710.652 426.333 
1152 5.40668e+16 710.655 426.34 
1153 5.40668e+16 710.659 426.348 
1154 5.40667e+16 710.662 426.356 
1155 5.40666e+16 710.666 426.363 
1156 5.40666e+16 710.669 426.37 
1157 5.40666e+16 710.672 426.378 
1158 5.40666e+16 710.676 426.385 
1159 5.40667e+16 710.679 426.392 
1160 5.40667e+16 710.682 426.399 
1161 5.40669e+16 710.685 426.405 
1162 5.4067e+16 710.688 426.412 
1163 5.40672e+16 710.691 426.418 
1164 5.40674e+16 710.694 426.424 
1165 5.40676e+16 710.697 426.43 
1166 5.40679e+16 710.7 426.436 
1167 5.40682e+16 710.702 426.441 
1168 5.40685e+16 710.704 426.446 
1169 5.40689e+16 710.707 426.451 
1170 5.40693e+16 710.709 426.456 
1171 5.40698e+16 710.71 426.46 
1172 5.40702e+16 710.712 426.464 
1173 5.40707e+16 710.713 426.468 
1174 5.40713e+16 710.715 426.471 
1175 5.40718e+16 710.716 426.474 
1176 5.40724e+16 710.716 426.477 
1177 5.40731e+16 710.717 426.479 
1178 5.40737e+16 710.717 426.481 
1179 5.40744e+16 710.717 426.483 
1180 5.4075e+16 710.717 426.485 
1181 5.40757e+16 710.716 426.486 
1182 5.40764e+16 710.716 426.486 
1183 5.40771e+16 710.714 426.487 
1184 5.40779e+16 710.713 426.487 
1185 5.40786e+16 710.711 426.486 
1186 5.40793e+16 710.709 426.486 
1187 5.408e+16 710.707 426.485 
1188 5.40807e+16 710.704 426.483 
1189 5.40814e+16 710.701 426.482 
1190 5.40821e+16 710.698 426.48 
1191 5.40827e+16 710.694 426.477 
1192 5.40833e+16 710.69 426.475 
1193 5.40839e+16 710.686 426.472 
1194 5.40845e+16 710.681 426.468 
1195 5.4085e+16 710.676 426.465 
1196 5.40855e+16 710.671 426.461 
1197 5.40859e+16 710.665 426.457 
1198 5.40863e+16 710.659 426.452 
1199 5.40867e+16 710.652 426.447 
1200 5.4087e+16 710.646 426.442 
1201 5.40872e+16 710.638 426.437 
1202 5.40874e+16 710.631 426.432 
1203 5.40875e+16 710.623 426.426 
1204 5.40875e+16 710.615 426.42 
1205 5.40875e+16 710.607 426.414 
1206 5.40874e+16 710.598 426.408 
1207 5.40872e+16 710.589 426.401 
1208 5.40869e+16 710.579 426.395 
1209 5.40866e+16 710.57 426.388 
1210 5.40862e+16 710.56 426.381 
1211 5.40856e+16 710.549 426.374 
1212 5.4085e+16 710.539 426.367 
1213 5.40844e+16 710.528 426.36 
1214 5.40836e+16 710.517 426.353 
1215 5.40827e+16 710.505 426.345 
1216 5.40818e+16 710.494 426.338 
1217 5.40807e+16 710.482 426.331 
1218 5.40796e+16 710.47 426.323 
1219 5.40783e+16 710.458 426.316 
1220 5.4077e+16 710.445 426.308 
1221 5.40756e+16 710.433 426.301 
1222 5.40741e+16 710.42 426.293 
1223 5.40725e+16 710.407 426.286 
1224 5.40708e+16 710.394 426.278 
1225 5.4069e+16 710.381 426.271 
1226 5.40672e+16 710.367 426.264 
1227 5.40652e+16 710.354 426.256 
1228 5.40632e+16 710.34 426.249 
1229 5.40611e+16 710.327 426.242 
1230 5.40589e+16 710.313 426.235 
1231 5.40567e+16 710.299 426.228 
1232 5.40543e+16 710.285 426.221 
1233 5.40519e+16 710.272 426.214 
1234 5.40495e+16 710.258 426.207 
1235 5.4047e+16 710.244 426.201 
1236 5.40444e+16 710.231 426.194 
1237 5.40417e+16 710.217 426.187 
1238 5.4039e+16 710.203 426.181 
1239 5.40363e+16 710.19 426.175 
1240 5.40335e+16 710.176 426.168 
1241 5.40307e+16 710.163 426.162 
1242 5.40278e+16 710.15 426.156 
1243 5.40249e+16 710.137 426.15 
1244 5.4022e+16 710.124 426.144 
1245 5.4019e+16 710.111 426.138 
1246 5.4016e+16 710.098 426.132 
1247 5.4013e+16 710.086 426.126 
1248 5.401e+16 710.074 426.12 
1249 5.4007e+16 710.062 426.115 
1250 5.4004e+16 710.05 426.109 
1251 5.40009e+16 710.039 426.103 
1252 5.39979e+16 710.027 426.098 
1253 5.39948e+16 710.016 426.092 
1254 5.39918e+16 710.006 426.086 
1255 5.39888e+16 709.995 426.081 
1256 5.39858e+16 709.985 426.075 
1257 5.39828e+16 709.975 426.069 
1258 5.39799e+16 709.965 426.064 
1259 5.39769e+16 709.956 426.058 
1260 5.3974e+16 709.947 426.052 
1261 5.39711e+16 709.939 426.047 
1262 5.39683e+16 709.93 426.041 
1263 5.39655e+16 709.922 426.035 
1264 5.39627e+16 709.915 426.029 
1265 5.39599e+16 709.907 426.023 
1266 5.39572e+16 709.9 426.017 
1267 5.39545e+16 709.894 426.011 
1268 5.39519e+16 709.888 426.004 
1269 5.39493e+16 709.882 425.998 
1270 5.39468e+16 709.876 425.992 
1271 5.39443e+16 709.871 425.985 
1272 5.39419e+16 709.866 425.978 
1273 5.39395e+16 709.862 425.972 
1274 5.39371e+16 709.858 425.965 
1275 5.39348e+16 709.854 425.958 
1276 5.39325e+16 709.851 425.951 
1277 5.39303e+16 709.848 425.944 
1278 5.39282e+16 709.845 425.937 
1279 5.3926e+16 709.843 425.929 
1280 5.3924e+16 709.841 425.922 
1281 5.3922e+16 709.839 425.914 
1282 5.392e+16 709.838 425.907 
1283 5.3918e+16 709.837 425.899 
1284 5.39162e+16 709.836 425.891 
1285 5.39143e+16 709.836 425.883 
1286 5.39125e+16 709.836 425.875 
1287 5.39107e+16 709.836 425.867 
1288 5.3909e+16 709.837 425.859 
1289 5.39073e+16 709.838 425.851 
1290 5.39057e+16 709.839 425.843 
1291 5.39041e+16 709.84 425.835 
1292 5.39025e+16 709.842 425.827 
1293 5.39009e+16 709.844 425.819 
1294 5.38994e+16 709.846 425.81 
1295 5.38979e+16 709.848 425.802 
1296 5.38965e+16 709.851 425.794 
1297 5.3895e+16 709.854 425.786 
1298 5.38936e+16 709.857 425.778 
1299 5.38922e+16 709.86 425.77 
1300 5.38909e+16 709.864 425.762 
1301 5.38896e+16 709.867 425.754 
1302 5.38883e+16 709.871 425.746 
1303 5.3887e+16 709.875 425.738 
1304 5.38857e+16 709.879 425.731 
1305 5.38845e+16 709.883 425.723 
1306 5.38832e+16 709.887 425.716 
1307 5.3882e+16 709.892 425.708 
1308 5.38808e+16 709.896 425.701 
1309 5.38797e+16 709.901 425.695 
1310 5.38785e+16 709.906 425.688 
1311 5.38774e+16 709.91 425.681 
1312 5.38763e+16 709.915 425.675 
1313 5.38752e+16 709.92 425.669 
1314 5.38741e+16 709.925 425.663 
1315 5.3873e+16 709.93 425.657 
1316 5.3872e+16 709.935 425.652 
1317 5.3871e+16 709.94 425.647 
1318 5.387e+16 709.945 425.642 
1319 5.38691e+16 709.95 425.637 
1320 5.38681e+16 709.955 425.633 
1321 5.38672e+16 709.96 425.629 
1322 5.38663e+16 709.965 425.625 
1323 5.38655e+16 709.97 425.622 
1324 5.38646e+16 709.975 425.618 
1325 5.38639e+16 709.979 425.616 
1326 5.38631e+16 709.984 425.613 
1327 5.38624e+16 709.989 425.611 
1328 5.38617e+16 709.993 425.609 
1329 5.38611e+16 709.998 425.607 
1330 5.38605e+16 710.002 425.605 
1331 5.386e+16 710.007 425.604 
1332 5.38595e+16 710.011 425.603 
1333 5.3859e+16 710.015 425.603 
1334 5.38586e+16 710.02 425.603 
1335 5.38583e+16 710.024 425.603 
1336 5.3858e+16 710.028 425.603 
1337 5.38578e+16 710.032 425.604 
1338 5.38577e+16 710.035 425.604 
1339 5.38576e+16 710.039 425.606 
1340 5.38576e+16 710.043 425.607 
1341 5.38577e+16 710.046 425.609 
1342 5.38578e+16 710.05 425.611 
1343 5.3858e+16 710.053 425.613 
1344 5.38583e+16 710.056 425.615 
1345 5.38587e+16 710.059 425.618 
1346 5.38591e+16 710.063 425.621 
1347 5.38597e+16 710.066 425.624 
1348 5.38603e+16 710.069 425.627 
1349 5.3861e+16 710.071 425.63 
1350 5.38618e+16 710.074 425.634 
1351 5.38627e+16 710.077 425.637 
1352 5.38636e+16 710.08 425.641 
1353 5.38647e+16 710.082 425.645 
1354 5.38659e+16 710.085 425.649 
1355 5.38671e+16 710.087 425.654 
1356 5.38685e+16 710.09 425.658 
1357 5.38699e+16 710.092 425.663 
1358 5.38714e+16 710.094 425.667 
1359 5.38731e+16 710.097 425.672 
1360 5.38748e+16 710.099 425.677 
1361 5.38766e+16 710.101 425.681 
1362 5.38785e+16 710.104 425.686 
1363 5.38805e+16 710.106 425.691 
1364 5.38826e+16 710.108 425.696 
1365 5.38848e+16 710.111 425.701 
1366 5.38871e+16 710.113 425.706 
1367 5.38894e+16 710.115 425.711 
1368 5.38919e+16 710.118 425.716 
1369 5.38944e+16 710.12 425.721 
1370 5.3897e+16 710.123 425.726 
1371 5.38997e+16 710.125 425.731 
1372 5.39024e+16 710.128 425.735 
1373 5.39052e+16 710.131 425.74 
1374 5.39081e+16 710.133 425.745 
1375 5.39111e+16 710.136 425.75 
1376 5.39141e+16 710.139 425.755 
1377 5.39172e+16 710.142 425.76 
1378 5.39203e+16 710.145 425.764 
1379 5.39235e+16 710.148 425.769 
1380 5.39268e+16 710.152 425.774 
1381 5.393e+16 710.155 425.778 
1382 5.39334e+16 710.159 425.783 
1383 5.39367e+16 710.162 425.787 
1384 5.39401e+16 710.166 425.792 
1385 5.39435e+16 710.17 425.796 
1386 5.3947e+16 710.174 425.801 
1387 5.39504e+16 710.178 425.805 
1388 5.39539e+16 710.182 425.81 
1389 5.39574e+16 710.187 425.814 
1390 5.39609e+16 710.191 425.818 
1391 5.39644e+16 710.196 425.823 
1392 5.39679e+16 710.201 425.827 
1393 5.39714e+16 710.206 425.832 
1394 5.39749e+16 710.211 425.836 
1395 5.39783e+16 710.217 425.84 
1396 5.39818e+16 710.222 425.845 
1397 5.39852e+16 710.228 425.849 
1398 5.39886e+16 710.234 425.854 
1399 5.3992e+16 710.24 425.858 
1400 5.39953e+16 710.246 425.863 
1401 5.39986e+16 710.252 425.868 
1402 5.40019e+16 710.259 425.872 
1403 5.40051e+16 710.265 425.877 
1404 5.40083e+16 710.272 425.882 
1405 5.40114e+16 710.279 425.887 
1406 5.40145e+16 710.286 425.892 
1407 5.40175e+16 710.293 425.897 
1408 5.40205e+16 710.3 425.902 
1409 5.40234e+16 710.308 425.908 
1410 5.40263e+16 710.315 425.913 
1411 5.40291e+16 710.323 425.919 
1412 5.40318e+16 710.33 425.924 
1413 5.40345e+16 710.338 425.93 
1414 5.40371e+16 710.346 425.936 
1415 5.40396e+16 710.354 425.942 
1416 5.40421e+16 710.362 425.948 
1417 5.40445e+16 710.37 425.955 
1418 5.40468e+16 710.379 425.961 
1419 5.40491e+16 710.387 425.968 
1420 5.40513e+16 710.395 425.974 
1421 5.40534e+16 710.404 425.981 
1422 5.40554e+16 710.412 425.988 
1423 5.40574e+16 710.421 425.995 
1424 5.40594e+16 710.429 426.002 
1425 5.40612e+16 710.437 426.009 
1426 5.4063e+16 710.446 426.017 
1427 5.40647e+16 710.454 426.024 
1428 5.40664e+16 710.463 426.032 
1429 5.4068e+16 710.471 426.04 
1430 5.40695e+16 710.479 426.048 
1431 5.4071e+16 710.488 426.055 
1432 5.40724e+16 710.496 426.063 
1433 5.40738e+16 710.504 426.071 
1434 5.40751e+16 710.512 426.08 
1435 5.40764e+16 710.52 426.088 
1436 5.40776e+16 710.528 426.096 
1437 5.40788e+16 710.536 426.104 
1438 5.40799e+16 710.543 426.113 
1439 5.4081e+16 710.551 426.121 
1440 5.4082e+16 710.558 426.129 
1441 5.4083e+16 710.565 426.138 
1442 5.4084e+16 710.572 426.146 
1443 5.40849e+16 710.579 426.154 
1444 5.40858e+16 710.586 426.162 
1445 5.40866e+16 710.592 426.171 
1446 5.40875e+16 710.599 426.179 
1447 5.40882e+16 710.605 426.187 
1448 5.4089e+16 710.61 426.195 
1449 5.40897e+16 710.616 426.203 
1450 5.40905e+16 710.621 426.211 
1451 5.40912e+16 710.626 426.218 
1452 5.40918e+16 710.631 426.226 
1453 5.40925e+16 710.636 426.233 
1454 5.40931e+16 710.64 426.241 
1455 5.40937e+16 710.644 426.248 
1456 5.40943e+16 710.648 426.255 
1457 5.40949e+16 710.652 426.262 
1458 5.40954e+16 710.655 426.268 
1459 5.4096e+16 710.658 426.275 
1460 5.40965e+16 710.661 426.281 
1461 5.4097e+16 710.663 426.287 
1462 5.40975e+16 710.665 426.293 
1463 5.4098e+16 710.667 426.298 
1464 5.40984e+16 710.668 426.303 
1465 5.40988e+16 710.669 426.308 
1466 5.40992e+16 710.67 426.313 
1467 5.40996e+16 710.671 426.318 
1468 5.41e+16 710.671 426.322 
1469 5.41004e+16 710.671 426.326 
1470 5.41007e+16 710.67 426.33 
1471 5.4101e+16 710.669 426.334 
1472 5.41012e+16 710.668 426.337 
1473 5.41015e+16 710.667 426.34 
1474 5.41017e+16 710.665 426.343 
1475 5.41019e+16 710.663 426.345 
1476 5.4102e+16 710.661 426.348 
1477 5.41021e+16 710.658 426.35 
1478 5.41022e+16 710.655 426.351 
1479 5.41022e+16 710.652 426.353 
1480 5.41022e+16 710.649 426.354 
1481 5.41021e+16 710.645 426.355 
1482 5.4102e+16 710.641 426.356 
1483 5.41018e+16 710.636 426.356 
1484 5.41016e+16 710.632 426.357 
1485 5.41013e+16 710.627 426.357 
1486 5.4101e+16 710.622 426.356 
1487 5.41006e+16 710.616 426.356 
1488 5.41001e+16 710.611 426.355 
1489 5.40996e+16 710.605 426.355 
1490 5.4099e+16 710.599 426.354 
1491 5.40983e+16 710.593 426.353 
1492 5.40976e+16 710.586 426.351 
1493 5.40968e+16 710.579 426.35 
1494 5.40959e+16 710.572 426.348 
1495 5.40949e+16 710.565 426.346 
1496 5.40939e+16 710.558 426.344 
1497 5.40927e+16 710.551 426.342 
1498 5.40915e+16 710.543 426.34 
1499 5.40902e+16 710.535 426.338 
1500 5.40888e+16 710.528 426.335 
1501 5.40874e+16 710.52 426.333 
1502 5.40858e+16 710.512 426.33 
1503 5.40842e+16 710.503 426.327 
1504 5.40825e+16 710.495 426.325 
1505 5.40807e+16 710.487 426.322 
1506 5.40788e+16 710.478 426.319 
1507 5.40768e+16 710.47 426.316 
1508 5.40747e+16 710.461 426.313 
1509 5.40726e+16 710.453 426.31 
1510 5.40703e+16 710.444 426.307 
1511 5.4068e+16 710.435 426.304 
1512 5.40656e+16 710.427 426.301 
1513 5.40631e+16 710.418 426.298 
1514 5.40605e+16 710.409 426.295 
1515 5.40579e+16 710.401 426.292 
1516 5.40552e+16 710.392 426.289 
1517 5.40524e+16 710.384 426.286 
1518 5.40496e+16 710.375 426.283 
1519 5.40467e+16 710.367 426.28 
1520 5.40437e+16 710.358 426.277 
1521 5.40407e+16 710.35 426.274 
1522 5.40376e+16 710.342 426.271 
1523 5.40344e+16 710.334 426.268 
1524 5.40312e+16 710.326 426.265 
1525 5.4028e+16 710.318 426.262 
1526 5.40247e+16 710.31 426.259 
1527 5.40214e+16 710.302 426.256 
1528 5.40181e+16 710.294 426.253 
1529 5.40147e+16 710.287 426.251 
1530 5.40113e+16 710.28 426.248 
1531 5.40079e+16 710.272 426.245 
1532 5.40045e+16 710.265 426.242 
1533 5.40011e+16 710.258 426.239 
1534 5.39977e+16 710.252 426.236 
1535 5.39942e+16 710.245 426.233 
1536 5.39908e+16 710.239 426.23 
1537 5.39874e+16 710.232 426.227 
1538 5.3984e+16 710.226 426.224 
1539 5.39807e+16 710.22 426.221 
1540 5.39773e+16 710.214 426.218 
1541 5.3974e+16 710.209 426.215 
1542 5.39707e+16 710.203 426.212 
1543 5.39675e+16 710.198 426.208 
1544 5.39643e+16 710.193 426.205 
1545 5.39612e+16 710.188 426.202 
1546 5.39581e+16 710.183 426.198 
1547 5.39551e+16 710.178 426.195 
1548 5.39521e+16 710.173 426.191 
1549 5.39492e+16 710.169 426.187 
1550 5.39464e+16 710.165 426.183 
1551 5.39436e+16 710.161 426.179 
1552 5.3941e+16 710.157 426.175 
1553 5.39384e+16 710.153 426.171 
1554 5.39359e+16 710.15 426.166 
1555 5.39334e+16 710.146 426.162 
1556 5.39311e+16 710.143 426.157 
1557 5.39289e+16 710.14 426.152 
1558 5.39267e+16 710.137 426.147 
1559 5.39247e+16 710.134 426.142 
1560 5.39227e+16 710.131 426.137 
1561 5.39208e+16 710.128 426.131 
1562 5.39191e+16 710.125 426.126 
1563 5.39174e+16 710.123 426.12 
1564 5.39158e+16 710.121 426.114 
1565 5.39144e+16 710.118 426.108 
1566 5.3913e+16 710.116 426.102 
1567 5.39117e+16 710.114 426.096 
1568 5.39106e+16 710.112 426.089 
1569 5.39095e+16 710.11 426.082 
1570 5.39085e+16 710.108 426.076 
1571 5.39076e+16 710.106 426.069 
1572 5.39069e+16 710.104 426.062 
1573 5.39062e+16 710.103 426.055 
1574 5.39056e+16 710.101 426.047 
1575 5.39051e+16 710.099 426.04 
1576 5.39047e+16 710.097 426.033 
1577 5.39043e+16 710.096 426.025 
1578 5.39041e+16 710.094 426.017 
1579 5.39039e+16 710.093 426.009 
1580 5.39038e+16 710.091 426.002 
1581 5.39038e+16 710.089 425.994 
1582 5.39038e+16 710.088 425.986 
1583 5.39039e+16 710.086 425.978 
1584 5.39041e+16 710.085 425.97 
1585 5.39043e+16 710.083 425.962 
1586 5.39046e+16 710.082 425.953 
1587 5.3905e+16 710.08 425.945 
1588 5.39054e+16 710.078 425.937 
1589 5.39058e+16 710.077 425.929 
1590 5.39063e+16 710.075 425.921 
1591 5.39068e+16 710.073 425.913 
1592 5.39073e+16 710.071 425.905 
1593 5.39079e+16 710.069 425.897 
1594 5.39084e+16 710.068 425.889 
1595 5.39091e+16 710.066 425.881 
1596 5.39097e+16 710.064 425.873 
1597 5.39103e+16 710.062 425.866 
1598 5.3911e+16 710.06 425.858 
1599 5.39116e+16 710.058 425.851 
1600 5.39123e+16 710.056 425.843 
1601 5.39129e+16 710.053 425.836 
1602 5.39135e+16 710.051 425.829 
1603 5.39142e+16 710.049 425.822 
1604 5.39148e+16 710.047 425.815 
1605 5.39154e+16 710.044 425.809 
1606 5.3916e+16 710.042 425.802 
1607 5.39166e+16 710.04 425.796 
1608 5.39171e+16 710.037 425.79 
1609 5.39177e+16 710.035 425.784 
1610 5.39182e+16 710.033 425.779 
1611 5.39187e+16 710.03 425.773 
1612 5.39191e+16 710.028 425.768 
1613 5.39195e+16 710.025 425.763 
1614 5.39199e+16 710.023 425.758 
1615 5.39203e+16 710.02 425.754 
1616 5.39206e+16 710.018 425.749 
1617 5.39209e+16 710.015 425.745 
1618 5.39212e+16 710.013 425.741 
1619 5.39214e+16 710.01 425.737 
1620 5.39216e+16 710.008 425.734 
1621 5.39218e+16 710.005 425.731 
1622 5.39219e+16 710.003 425.728 
1623 5.3922e+16 710.001 425.725 
1624 5.39221e+16 709.998 425.722 
1625 5.39222e+16 709.996 425.72 
1626 5.39222e+16 709.994 425.718 
1627 5.39222e+16 709.992 425.715 
1628 5.39222e+16 709.99 425.714 
1629 5.39221e+16 709.988 425.712 
1630 5.39221e+16 709.986 425.711 
1631 5.3922e+16 709.984 425.709 
1632 5.39219e+16 709.983 425.708 
1633 5.39218e+16 709.981 425.707 
1634 5.39217e+16 709.979 425.707 
1635 5.39216e+16 709.978 425.706 
1636 5.39215e+16 709.977 425.706 
1637 5.39214e+16 709.976 425.705 
1638 5.39213e+16 709.975 425.705 
1639 5.39212e+16 709.974 425.705 
1640 5.39211e+16 709.973 425.705 
1641 5.3921e+16 709.972 425.705 
1642 5.3921e+16 709.972 425.706 
1643 5.39209e+16 709.972 425.706 
1644 5.39209e+16 709.972 425.707 
1645 5.39209e+16 709.972 425.707 
1646 5.3921e+16 709.972 425.708 
1647 5.39211e+16 709.972 425.709 
1648 5.39212e+16 709.973 425.71 
1649 5.39213e+16 709.974 425.71 
1650 5.39215e+16 709.974 425.711 
1651 5.39217e+16 709.976 425.712 
1652 5.3922e+16 709.977 425.713 
1653 5.39223e+16 709.978 425.714 
1654 5.39227e+16 709.98 425.715 
1655 5.39232e+16 709.982 425.716 
1656 5.39236e+16 709.984 425.717 
1657 5.39242e+16 709.986 425.718 
1658 5.39248e+16 709.989 425.72 
1659 5.39254e+16 709.991 425.721 
1660 5.39262e+16 709.994 425.722 
1661 5.3927e+16 709.997 425.723 
1662 5.39278e+16 710 425.724 
1663 5.39287e+16 710.004 425.725 
1664 5.39297e+16 710.007 425.726 
1665 5.39308e+16 710.011 425.727 
1666 5.39319e+16 710.015 425.728 
1667 5.3933e+16 710.019 425.729 
1668 5.39343e+16 710.024 425.731 
1669 5.39356e+16 710.028 425.732 
1670 5.3937e+16 710.033 425.733 
1671 5.39384e+16 710.038 425.734 
1672 5.39399e+16 710.043 425.735 
1673 5.39414e+16 710.048 425.736 
1674 5.39431e+16 710.054 425.737 
1675 5.39447e+16 710.059 425.739 
1676 5.39465e+16 710.065 425.74 
1677 5.39482e+16 710.071 425.741 
1678 5.39501e+16 710.077 425.742 
1679 5.3952e+16 710.083 425.743 
1680 5.39539e+16 710.089 425.745 
1681 5.39558e+16 710.095 425.746 
1682 5.39579e+16 710.102 425.748 
1683 5.39599e+16 710.109 425.749 
1684 5.3962e+16 710.115 425.751 
1685 5.39641e+16 710.122 425.752 
1686 5.39662e+16 710.129 425.754 
1687 5.39684e+16 710.136 425.756 
1688 5.39705e+16 710.143 425.758 
1689 5.39727e+16 710.15 425.76 
1690 5.39749e+16 710.158 425.762 
1691 5.39772e+16 710.165 425.764 
1692 5.39794e+16 710.172 425.767 
1693 5.39816e+16 710.18 425.769 
1694 5.39838e+16 710.187 425.772 
1695 5.3986e+16 710.195 425.775 
1696 5.39882e+16 710.202 425.778 
1697 5.39904e+16 710.21 425.781 
1698 5.39926e+16 710.217 425.784 
1699 5.39947e+16 710.225 425.787 
1700 5.39968e+16 710.232 425.791 
1701 5.39989e+16 710.24 425.794 
1702 5.4001e+16 710.247 425.798 
1703 5.4003e+16 710.255 425.802 
1704 5.40049e+16 710.262 425.806 
1705 5.40069e+16 710.27 425.811 
1706 5.40088e+16 710.277 425.815 
1707 5.40106e+16 710.285 425.82 
1708 5.40124e+16 710.292 425.825 
1709 5.40141e+16 710.299 425.83 
1710 5.40158e+16 710.306 425.835 
1711 5.40174e+16 710.313 425.841 
1712 5.4019e+16 710.321 425.846 
1713 5.40205e+16 710.328 425.852 
1714 5.4022e+16 710.334 425.858 
1715 5.40233e+16 710.341 425.864 
1716 5.40246e+16 710.348 425.87 
1717 5.40259e+16 710.355 425.876 
1718 5.4027e+16 710.361 425.883 
1719 5.40281e+16 710.368 425.889 
1720 5.40292e+16 710.374 425.896 
1721 5.40301e+16 710.38 425.903 
1722 5.4031e+16 710.386 425.91 
1723 5.40319e+16 710.392 425.917 
1724 5.40326e+16 710.398 425.924 
1725 5.40333e+16 710.404 425.932 
1726 5.40339e+16 710.41 425.939 
1727 5.40345e+16 710.415 425.947 
1728 5.4035e+16 710.421 425.954 
1729 5.40354e+16 710.426 425.962 
1730 5.40357e+16 710.431 425.969 
1731 5.4036e+16 710.436 425.977 
1732 5.40363e+16 710.441 425.985 
1733 5.40365e+16 710.446 425.993 
1734 5.40366e+16 710.451 426 
1735 5.40367e+16 710.455 426.008 
1736 5.40367e+16 710.46 426.016 
1737 5.40367e+16 710.464 426.023 
1738 5.40366e+16 710.468 426.031 
1739 5.40365e+16 710.472 426.039 
1740 5.40363e+16 710.476 426.046 
1741 5.40361e+16 710.48 426.054 
1742 5.40359e+16 710.483 426.061 
1743 5.40357e+16 710.487 426.069 
1744 5.40354e+16 710.49 426.076 
1745 5.40351e+16 710.493 426.083 
1746 5.40347e+16 710.496 426.09 
1747 5.40344e+16 710.499 426.097 
1748 5.4034e+16 710.502 426.104 
1749 5.40337e+16 710.505 426.111 
1750 5.40333e+16 710.508 426.117 
1751 5.40329e+16 710.51 426.124 
1752 5.40325e+16 710.512 426.13 
1753 5.40321e+16 710.515 426.136 
1754 5.40317e+16 710.517 426.142 
1755 5.40313e+16 710.519 426.148 
1756 5.40309e+16 710.521 426.153 
1757 5.40306e+16 710.522 426.159 
1758 5.40302e+16 710.524 426.164 
1759 5.40299e+16 710.526 426.169 
1760 5.40295e+16 710.527 426.174 
1761 5.40292e+16 710.528 426.178 
1762 5.40289e+16 710.53 426.183 
1763 5.40287e+16 710.531 426.187 
1764 5.40284e+16 710.532 426.191 
1765 5.40282e+16 710.533 426.195 
1766 5.4028e+16 710.533 426.199 
1767 5.40278e+16 710.534 426.202 
1768 5.40277e+16 710.535 426.206 
1769 5.40276e+16 710.535 426.209 
1770 5.40275e+16 710.536 426.212 
1771 5.40275e+16 710.536 426.215 
1772 5.40275e+16 710.536 426.217 
1773 5.40275e+16 710.536 426.22 
1774 5.40275e+16 710.536 426.222 
1775 5.40276e+16 710.536 426.224 
1776 5.40277e+16 710.536 426.226 
1777 5.40279e+16 710.535 426.228 
1778 5.4028e+16 710.535 426.23 
1779 5.40282e+16 710.535 426.232 
1780 5.40285e+16 710.534 426.233 
1781 5.40287e+16 710.533 426.235 
1782 5.4029e+16 710.532 426.236 
1783 5.40293e+16 710.531 426.237 
1784 5.40296e+16 710.53 426.238 
1785 5.40299e+16 710.529 426.239 
1786 5.40303e+16 710.528 426.24 
1787 5.40307e+16 710.527 426.241 
1788 5.4031e+16 710.525 426.241 
1789 5.40314e+16 710.524 426.242 
1790 5.40318e+16 710.522 426.242 
1791 5.40322e+16 710.521 426.243 
1792 5.40327e+16 710.519 426.243 
1793 5.40331e+16 710.517 426.244 
1794 5.40335e+16 710.515 426.244 
1795 5.40339e+16 710.513 426.245 
1796 5.40343e+16 710.51 426.245 
1797 5.40347e+16 710.508 426.245 
1798 5.40351e+16 710.506 426.245 
1799 5.40354e+16 710.503 426.246 
1800 5.40358e+16 710.501 426.246 
1801 5.40361e+16 710.498 426.246 
1802 5.40364e+16 710.495 426.246 
1803 5.40367e+16 710.492 426.247 
1804 5.4037e+16 710.489 426.247 
1805 5.40372e+16 710.486 426.247 
1806 5.40374e+16 710.483 426.247 
1807 5.40375e+16 710.479 426.248 
1808 5.40377e+16 710.476 426.248 
1809 5.40377e+16 710.472 426.248 
1810 5.40378e+16 710.469 426.249 
1811 5.40378e+16 710.465 426.249 
1812 5.40377e+16 710.461 426.249 
1813 5.40377e+16 710.457 426.249 
1814 5.40375e+16 710.453 426.25 
1815 5.40373e+16 710.449 426.25 
1816 5.40371e+16 710.445 426.25 
1817 5.40368e+16 710.44 426.25 
1818 5.40365e+16 710.436 426.251 
1819 5.40361e+16 710.431 426.251 
1820 5.40357e+16 710.427 426.251 
1821 5.40352e+16 710.422 426.251 
1822 5.40346e+16 710.417 426.251 
1823 5.4034e+16 710.412 426.251 
1824 5.40333e+16 710.407 426.251 
1825 5.40326e+16 710.402 426.251 
1826 5.40318e+16 710.397 426.251 
1827 5.4031e+16 710.392 426.251 
1828 5.40301e+16 710.387 426.251 
1829 5.40292e+16 710.382 426.251 
1830 5.40282e+16 710.376 426.25 
1831 5.40272e+16 710.371 426.25 
1832 5.40261e+16 710.365 426.249 
1833 5.4025e+16 710.36 426.249 
1834 5.40238e+16 710.354 426.248 
1835 5.40226e+16 710.349 426.247 
1836 5.40213e+16 710.343 426.246 
1837 5.402e+16 710.337 426.245 
1838 5.40187e+16 710.331 426.243 
1839 5.40173e+16 710.326 426.242 
1840 5.40159e+16 710.32 426.24 
1841 5.40144e+16 710.314 426.239 
1842 5.40129e+16 710.308 426.237 
1843 5.40114e+16 710.302 426.235 
1844 5.40098e+16 710.296 426.233 
1845 5.40083e+16 710.29 426.23 
1846 5.40067e+16 710.284 426.228 
1847 5.4005e+16 710.278 426.225 
1848 5.40034e+16 710.273 426.222 
1849 5.40018e+16 710.267 426.219 
1850 5.40001e+16 710.261 426.216 
1851 5.39984e+16 710.255 426.212 
1852 5.39967e+16 710.249 426.209 
1853 5.39951e+16 710.243 426.205 
1854 5.39934e+16 710.237 426.201 
1855 5.39917e+16 710.231 426.197 
1856 5.399e+16 710.226 426.192 
1857 5.39883e+16 710.22 426.188 
1858 5.39866e+16 710.214 426.183 
1859 5.3985e+16 710.208 426.178 
1860 5.39833e+16 710.203 426.173 
1861 5.39816e+16 710.197 426.168 
1862 5.398e+16 710.192 426.162 
1863 5.39784e+16 710.186 426.157 
1864 5.39768e+16 710.181 426.151 
1865 5.39752e+16 710.175 426.145 
1866 5.39737e+16 710.17 426.139 
1867 5.39721e+16 710.165 426.133 
1868 5.39706e+16 710.16 426.127 
1869 5.39691e+16 710.154 426.12 
1870 5.39677e+16 710.149 426.114 
1871 5.39663e+16 710.144 426.107 
1872 5.39649e+16 710.14 426.101 
1873 5.39635e+16 710.135 426.094 
1874 5.39622e+16 710.13 426.087 
1875 5.39609e+16 710.125 426.08 
1876 5.39596e+16 710.121 426.073 
1877 5.39583e+16 710.116 426.066 
1878 5.39571e+16 710.112 426.059 
1879 5.3956e+16 710.108 426.052 
1880 5.39548e+16 710.104 426.045 
1881 5.39537e+16 710.1 426.038 
1882 5.39526e+16 710.096 426.03 
1883 5.39516e+16 710.092 426.023 
1884 5.39506e+16 710.088 426.016 
1885 5.39496e+16 710.084 426.009 
1886 5.39486e+16 710.08 426.002 
1887 5.39477e+16 710.077 425.995 
1888 5.39468e+16 710.073 425.988 
1889 5.3946e+16 710.07 425.981 
1890 5.39452e+16 710.067 425.974 
1891 5.39444e+16 710.064 425.968 
1892 5.39436e+16 710.061 425.961 
1893 5.39428e+16 710.058 425.954 
1894 5.39421e+16 710.055 425.948 
1895 5.39414e+16 710.052 425.942 
1896 5.39407e+16 710.049 425.935 
1897 5.39401e+16 710.047 425.929 
1898 5.39395e+16 710.044 425.923 
1899 5.39389e+16 710.042 425.917 
1900 5.39383e+16 710.04 425.912 
1901 5.39377e+16 710.037 425.906 
1902 5.39371e+16 710.035 425.901 
1903 5.39366e+16 710.033 425.895 
1904 5.39361e+16 710.031 425.89 
1905 5.39356e+16 710.03 425.885 
1906 5.39351e+16 710.028 425.88 
1907 5.39346e+16 710.026 425.876 
1908 5.39341e+16 710.025 425.871 
1909 5.39336e+16 710.023 425.867 
1910 5.39332e+16 710.022 425.862 
1911 5.39327e+16 710.02 425.858 
1912 5.39323e+16 710.019 425.854 
1913 5.39319e+16 710.018 425.851 
1914 5.39314e+16 710.017 425.847 
1915 5.3931e+16 710.016 425.843 
1916 5.39306e+16 710.015 425.84 
1917 5.39302e+16 710.014 425.837 
1918 5.39298e+16 710.013 425.834 
1919 5.39294e+16 710.013 425.831 
1920 5.3929e+16 710.012 425.828 
1921 5.39287e+16 710.012 425.825 
1922 5.39283e+16 710.011 425.822 
1923 5.39279e+16 710.011 425.82 
1924 5.39276e+16 710.011 425.817 
1925 5.39272e+16 710.01 425.815 
1926 5.39269e+16 710.01 425.813 
1927 5.39265e+16 710.01 425.811 
1928 5.39262e+16 710.01 425.809 
1929 5.39259e+16 710.01 425.807 
1930 5.39256e+16 710.01 425.805 
1931 5.39253e+16 710.011 425.803 
1932 5.3925e+16 710.011 425.801 
1933 5.39247e+16 710.012 425.799 
1934 5.39245e+16 710.012 425.797 
1935 5.39243e+16 710.013 425.796 
1936 5.3924e+16 710.013 425.794 
1937 5.39238e+16 710.014 425.792 
1938 5.39237e+16 710.015 425.791 
1939 5.39235e+16 710.016 425.789 
1940 5.39234e+16 710.017 425.788 
1941 5.39232e+16 710.018 425.786 
1942 5.39231e+16 710.019 425.785 
1943 5.39231e+16 710.02 425.783 
1944 5.3923e+16 710.021 425.782 
1945 5.3923e+16 710.023 425.78 
1946 5.3923e+16 710.024 425.778 
1947 5.39231e+16 710.026 425.777 
1948 5.39232e+16 710.027 425.775 
1949 5.39233e+16 710.029 425.774 
1950 5.39234e+16 710.031 425.772 
1951 5.39236e+16 710.033 425.77 
1952 5.39238e+16 710.035 425.769 
1953 5.3924e+16 710.037 425.767 
1954 5.39243e+16 710.039 425.766 
1955 5.39247e+16 710.041 425.764 
1956 5.3925e+16 710.044 425.762 
1957 5.39254e+16 710.046 425.761 
1958 5.39259e+16 710.049 425.759 
1959 5.39264e+16 710.051 425.757 
1960 5.39269e+16 710.054 425.756 
1961 5.39275e+16 710.057 425.754 
1962 5.39281e+16 710.06 425.752 
1963 5.39287e+16 710.062 425.751 
1964 5.39294e+16 710.066 425.749 
1965 5.39302e+16 710.069 425.748 
1966 5.3931e+16 710.072 425.746 
1967 5.39318e+16 710.075 425.745 
1968 5.39327e+16 710.079 425.743 
1969 5.39336e+16 710.082 425.742 
1970 5.39345e+16 710.086 425.741 
1971 5.39355e+16 710.089 425.739 
1972 5.39365e+16 710.093 425.738 
1973 5.39376e+16 710.097 425.737 
1974 5.39387e+16 710.101 425.736 
1975 5.39398e+16 710.105 425.735 
1976 5.3941e+16 710.109 425.734 
1977 5.39422e+16 710.113 425.733 
1978 5.39434e+16 710.117 425.733 
1979 5.39447e+16 710.121 425.732 
1980 5.3946e+16 710.126 425.732 
1981 5.39473e+16 710.13 425.732 
1982 5.39486e+16 710.134 425.731 
1983 5.395e+16 710.139 425.731 
1984 5.39514e+16 710.144 425.732 
1985 5.39528e+16 710.148 425.732 
1986 5.39542e+16 710.153 425.732 
1987 5.39556e+16 710.158 425.733 
1988 5.39571e+16 710.163 425.734 
1989 5.39585e+16 710.167 425.735 
1990 5.396e+16 710.172 425.736 
1991 5.39615e+16 710.177 425.737 
1992 5.3963e+16 710.182 425.739 
1993 5.39644e+16 710.187 425.74 
1994 5.39659e+16 710.192 425.742 
1995 5.39674e+16 710.197 425.744 
1996 5.39689e+16 710.203 425.747 
1997 5.39703e+16 710.208 425.749 
1998 5.39718e+16 710.213 425.752 
1999 5.39732e+16 710.218 425.755 
2000 5.39747e+16 710.223 425.758 
2001 5.39761e+16 710.228 425.761 
2002 5.39775e+16 710.234 425.764 
2003 5.39789e+16 710.239 425.768 
2004 5.39802e+16 710.244 425.772 
2005 5.39816e+16 710.249 425.775 
2006 5.39829e+16 710.254 425.78 
2007 5.39842e+16 710.259 425.784 
2008 5.39854e+16 710.265 425.788 
2009 5.39867e+16 710.27 425.793 
2010 5.39879e+16 710.275 425.798 
2011 5.3989e+16 710.28 425.803 
2012 5.39902e+16 710.285 425.808 
2013 5.39913e+16 710.29 425.813 
2014 5.39924e+16 710.295 425.818 
2015 5.39934e+16 710.3 425.824 
2016 5.39944e+16 710.305 425.829 
2017 5.39954e+16 710.309 425.835 
2018 5.39963e+16 710.314 425.841 
2019 5.39972e+16 710.319 425.847 
2020 5.39981e+16 710.324 425.852 
2021 5.39989e+16 710.328 425.859 
2022 5.39997e+16 710.333 425.865 
2023 5.40004e+16 710.337 425.871 
2024 5.40011e+16 710.342 425.877 
2025 5.40018e+16 710.346 425.883 
2026 5.40025e+16 710.35 425.889 
2027 5.40031e+16 710.355 425.896 
2028 5.40037e+16 710.359 425.902 
2029 5.40042e+16 710.363 425.908 
2030 5.40047e+16 710.367 425.915 
2031 5.40052e+16 710.371 425.921 
2032 5.40057e+16 710.375 425.927 
2033 5.40061e+16 710.378 425.933 
2034 5.40065e+16 710.382 425.94 
2035 5.40069e+16 710.386 425.946 
2036 5.40073e+16 710.389 425.952 
2037 5.40076e+16 710.392 425.958 
2038 5.40079e+16 710.396 425.964 
2039 5.40082e+16 710.399 425.97 
2040 5.40085e+16 710.402 425.976 
2041 5.40088e+16 710.405 425.981 
2042 5.4009e+16 710.408 425.987 
2043 5.40092e+16 710.411 425.993 
2044 5.40095e+16 710.414 425.998 
2045 5.40097e+16 710.416 426.003 
2046 5.40099e+16 710.419 426.009 
2047 5.40101e+16 710.422 426.014 
2048 5.40103e+16 710.424 426.019 
2049 5.40105e+16 710.426 426.024 
2050 5.40107e+16 710.429 426.029 
2051 5.40109e+16 710.431 426.033 
2052 5.40111e+16 710.433 426.038 
2053 5.40114e+16 710.435 426.042 
2054 5.40116e+16 710.437 426.047 
2055 5.40118e+16 710.438 426.051 
2056 5.4012e+16 710.44 426.055 
2057 5.40123e+16 710.442 426.059 
2058 5.40125e+16 710.443 426.063 
2059 5.40128e+16 710.445 426.067 
2060 5.40131e+16 710.446 426.071 
2061 5.40134e+16 710.447 426.074 
2062 5.40137e+16 710.448 426.078 
2063 5.4014e+16 710.449 426.081 
2064 5.40144e+16 710.451 426.084 
2065 5.40147e+16 710.451 426.087 
2066 5.40151e+16 710.452 426.091 
2067 5.40155e+16 710.453 426.094 
2068 5.40159e+16 710.454 426.096 
2069 5.40163e+16 710.454 426.099 
2070 5.40167e+16 710.455 426.102 
2071 5.40172e+16 710.456 426.105 
2072 5.40176e+16 710.456 426.108 
2073 5.40181e+16 710.456 426.11 
2074 5.40186e+16 710.457 426.113 
2075 5.40191e+16 710.457 426.115 
2076 5.40196e+16 710.457 426.118 
2077 5.40202e+16 710.457 426.12 
2078 5.40207e+16 710.457 426.123 
2079 5.40212e+16 710.457 426.125 
2080 5.40218e+16 710.457 426.128 
2081 5.40223e+16 710.457 426.13 
2082 5.40229e+16 710.456 426.132 
2083 5.40235e+16 710.456 426.135 
2084 5.4024e+16 710.456 426.137 
2085 5.40246e+16 710.455 426.139 
2086 5.40251e+16 710.455 426.142 
2087 5.40257e+16 710.454 426.144 
2088 5.40262e+16 710.453 426.147 
2089 5.40268e+16 710.453 426.149 
2090 5.40273e+16 710.452 426.151 
2091 5.40278e+16 710.451 426.154 
2092 5.40283e+16 710.45 426.156 
2093 5.40288e+16 710.449 426.159 
2094 5.40292e+16 710.448 426.161 
2095 5.40296e+16 710.447 426.164 
2096 5.40301e+16 710.446 426.166 
2097 5.40304e+16 710.444 426.169 
2098 5.40308e+16 710.443 426.171 
2099 5.40311e+16 710.442 426.174 
2100 5.40314e+16 710.44 426.176 
2101 5.40317e+16 710.439 426.179 
2102 5.40319e+16 710.437 426.182 
2103 5.40321e+16 710.436 426.184 
2104 5.40323e+16 710.434 426.187 
2105 5.40324e+16 710.432 426.189 
2106 5.40324e+16 710.43 426.192 
2107 5.40325e+16 710.428 426.195 
2108 5.40324e+16 710.426 426.197 
2109 5.40324e+16 710.424 426.2 
2110 5.40323e+16 710.422 426.202 
2111 5.40321e+16 710.42 426.205 
2112 5.40319e+16 710.418 426.207 
2113 5.40316e+16 710.416 426.209 
2114 5.40313e+16 710.413 426.212 
2115 5.4031e+16 710.411 426.214 
2116 5.40306e+16 710.408 426.216 
2117 5.40301e+16 710.406 426.218 
2118 5.40296e+16 710.403 426.22 
2119 5.40291e+16 710.4 426.222 
2120 5.40285e+16 710.398 426.224 
2121 5.40278e+16 710.395 426.226 
2122 5.40271e+16 710.392 426.228 
2123 5.40263e+16 710.389 426.229 
2124 5.40255e+16 710.386 426.231 
2125 5.40247e+16 710.383 426.232 
2126 5.40238e+16 710.38 426.233 
2127 5.40229e+16 710.376 426.234 
2128 5.40219e+16 710.373 426.235 
2129 5.40209e+16 710.37 426.236 
2130 5.40198e+16 710.366 426.237 
2131 5.40188e+16 710.363 426.237 
2132 5.40176e+16 710.359 426.237 
2133 5.40165e+16 710.356 426.237 
2134 5.40153e+16 710.352 426.237 
2135 5.40141e+16 710.348 426.237 
2136 5.40128e+16 710.345 426.237 
2137 5.40116e+16 710.341 426.236 
2138 5.40103e+16 710.337 426.235 
2139 5.4009e+16 710.333 426.235 
2140 5.40077e+16 710.329 426.233 
2141 5.40063e+16 710.325 426.232 
2142 5.4005e+16 710.321 426.231 
2143 5.40036e+16 710.317 426.229 
2144 5.40023e+16 710.313 426.227 
2145 5.40009e+16 710.309 426.225 
2146 5.39996e+16 710.305 426.223 
2147 5.39982e+16 710.3 426.22 
2148 5.39969e+16 710.296 426.218 
2149 5.39955e+16 710.292 426.215 
2150 5.39942e+16 710.288 426.212 
2151 5.39929e+16 710.283 426.209 
2152 5.39916e+16 710.279 426.205 
2153 5.39904e+16 710.275 426.202 
2154 5.39891e+16 710.27 426.198 
2155 5.39879e+16 710.266 426.194 
2156 5.39867e+16 710.261 426.19 
2157 5.39855e+16 710.257 426.186 
2158 5.39844e+16 710.253 426.182 
2159 5.39833e+16 710.248 426.178 
2160 5.39822e+16 710.244 426.173 
2161 5.39812e+16 710.239 426.169 
2162 5.39802e+16 710.235 426.164 
2163 5.39793e+16 710.231 426.159 
2164 5.39784e+16 710.226 426.154 
2165 5.39775e+16 710.222 426.149 
2166 5.39767e+16 710.218 426.144 
2167 5.39759e+16 710.213 426.139 
2168 5.39752e+16 710.209 426.134 
2169 5.39745e+16 710.205 426.129 
2170 5.39739e+16 710.201 426.123 
2171 5.39733e+16 710.197 426.118 
2172 5.39728e+16 710.192 426.112 
2173 5.39723e+16 710.188 426.107 
2174 5.39719e+16 710.184 426.102 
2175 5.39715e+16 710.18 426.096 
2176 5.39711e+16 710.176 426.091 
2177 5.39708e+16 710.172 426.085 
2178 5.39706e+16 710.168 426.08 
2179 5.39704e+16 710.165 426.075 
2180 5.39702e+16 710.161 426.069 
2181 5.39701e+16 710.157 426.064 
2182 5.397e+16 710.153 426.059 
2183 5.397e+16 710.15 426.053 
2184 5.39699e+16 710.146 426.048 
2185 5.397e+16 710.143 426.043 
2186 5.397e+16 710.139 426.038 
2187 5.39701e+16 710.136 426.033 
2188 5.39702e+16 710.133 426.028 
2189 5.39704e+16 710.13 426.023 
2190 5.39706e+16 710.126 426.019 
2191 5.39707e+16 710.123 426.014 
2192 5.39709e+16 710.12 426.009 
2193 5.39712e+16 710.117 426.005 
2194 5.39714e+16 710.114 426 
2195 5.39717e+16 710.112 425.996 
2196 5.39719e+16 710.109 425.992 
2197 5.39722e+16 710.106 425.988 
2198 5.39724e+16 710.104 425.983 
2199 5.39727e+16 710.101 425.979 
2200 5.39729e+16 710.099 425.975 
2201 5.39732e+16 710.096 425.972 
2202 5.39734e+16 710.094 425.968 
2203 5.39736e+16 710.092 425.964 
2204 5.39738e+16 710.089 425.961 
2205 5.3974e+16 710.087 425.957 
2206 5.39742e+16 710.085 425.954 
2207 5.39743e+16 710.083 425.95 
2208 5.39745e+16 710.081 425.947 
2209 5.39745e+16 710.08 425.944 
2210 5.39746e+16 710.078 425.941 
2211 5.39746e+16 710.076 425.937 
2212 5.39746e+16 710.075 425.934 
2213 5.39746e+16 710.073 425.931 
2214 5.39745e+16 710.072 425.928 
2215 5.39743e+16 710.07 425.925 
2216 5.39742e+16 710.069 425.922 
2217 5.3974e+16 710.068 425.92 
2218 5.39737e+16 710.066 425.917 
2219 5.39734e+16 710.065 425.914 
2220 5.3973e+16 710.064 425.911 
2221 5.39726e+16 710.063 425.908 
2222 5.39722e+16 710.062 425.905 
2223 5.39717e+16 710.061 425.902 
2224 5.39711e+16 710.061 425.9 
2225 5.39705e+16 710.06 425.897 
2226 5.39698e+16 710.059 425.894 
2227 5.39691e+16 710.059 425.891 
2228 5.39684e+16 710.058 425.888 
2229 5.39676e+16 710.057 425.885 
2230 5.39667e+16 710.057 425.882 
2231 5.39658e+16 710.057 425.879 
2232 5.39649e+16 710.056 425.876 
2233 5.39639e+16 710.056 425.873 
2234 5.39629e+16 710.056 425.87 
2235 5.39618e+16 710.056 425.867 
2236 5.39607e+16 710.056 425.864 
2237 5.39595e+16 710.056 425.86 
2238 5.39583e+16 710.056 425.857 
2239 5.39571e+16 710.056 425.854 
2240 5.39559e+16 710.056 425.851 
2241 5.39546e+16 710.056 425.847 
2242 5.39533e+16 710.056 425.844 
2243 5.39519e+16 710.057 425.84 
2244 5.39506e+16 710.057 425.837 
2245 5.39492e+16 710.058 425.834 
2246 5.39478e+16 710.058 425.83 
2247 5.39465e+16 710.059 425.827 
2248 5.39451e+16 710.059 425.823 
2249 5.39436e+16 710.06 425.819 
2250 5.39422e+16 710.061 425.816 
2251 5.39408e+16 710.062 425.812 
2252 5.39394e+16 710.063 425.809 
2253 5.3938e+16 710.064 425.805 
2254 5.39367e+16 710.065 425.802 
2255 5.39353e+16 710.066 425.798 
2256 5.39339e+16 710.067 425.795 
2257 5.39326e+16 710.068 425.791 
2258 5.39313e+16 710.07 425.788 
2259 5.393e+16 710.071 425.784 
2260 5.39288e+16 710.073 425.781 
2261 5.39276e+16 710.074 425.778 
2262 5.39264e+16 710.076 425.775 
2263 5.39253e+16 710.077 425.772 
2264 5.39242e+16 710.079 425.768 
2265 5.39232e+16 710.081 425.766 
2266 5.39222e+16 710.083 425.763 
2267 5.39213e+16 710.085 425.76 
2268 5.39204e+16 710.087 425.757 
2269 5.39195e+16 710.089 425.755 
2270 5.39188e+16 710.092 425.752 
2271 5.39181e+16 710.094 425.75 
2272 5.39174e+16 710.096 425.748 
2273 5.39168e+16 710.099 425.746 
2274 5.39163e+16 710.101 425.744 
2275 5.39159e+16 710.104 425.742 
2276 5.39155e+16 710.107 425.741 
2277 5.39152e+16 710.11 425.739 
2278 5.39149e+16 710.112 425.738 
2279 5.39148e+16 710.115 425.737 
2280 5.39147e+16 710.119 425.736 
2281 5.39146e+16 710.122 425.735 
2282 5.39147e+16 710.125 425.734 
2283 5.39148e+16 710.128 425.734 
2284 5.3915e+16 710.132 425.734 
2285 5.39152e+16 710.135 425.734 
2286 5.39155e+16 710.139 425.734 
2287 5.39159e+16 710.142 425.734 
2288 5.39164e+16 710.146 425.735 
2289 5.39169e+16 710.15 425.736 
2290 5.39175e+16 710.153 425.737 
2291 5.39182e+16 710.157 425.738 
2292 5.39189e+16 710.161 425.739 
2293 5.39197e+16 710.165 425.74 
2294 5.39206e+16 710.169 425.742 
2295 5.39215e+16 710.173 425.744 
2296 5.39225e+16 710.178 425.746 
2297 5.39235e+16 710.182 425.748 
2298 5.39246e+16 710.186 425.75 
2299 5.39257e+16 710.191 425.753 
2300 5.39268e+16 710.195 425.755 
2301 5.39281e+16 710.199 425.758 
2302 5.39293e+16 710.204 425.761 
2303 5.39306e+16 710.208 425.764 
2304 5.3932e+16 710.213 425.767 
2305 5.39333e+16 710.218 425.771 
2306 5.39347e+16 710.222 425.774 
2307 5.39362e+16 710.227 425.778 
2308 5.39376e+16 710.232 425.782 
2309 5.39391e+16 710.236 425.785 
2310 5.39406e+16 710.241 425.789 
2311 5.39421e+16 710.246 425.793 
2312 5.39436e+16 710.251 425.797 
2313 5.39452e+16 710.255 425.801 
2314 5.39467e+16 710.26 425.806 
2315 5.39483e+16 710.265 425.81 
2316 5.39498e+16 710.27 425.814 
2317 5.39514e+16 710.274 425.818 
2318 5.3953e+16 710.279 425.823 
2319 5.39545e+16 710.284 425.827 
2320 5.39561e+16 710.288 425.832 
2321 5.39576e+16 710.293 425.836 
2322 5.39591e+16 710.298 425.84 
2323 5.39607e+16 710.302 425.845 
2324 5.39622e+16 710.307 425.849 
2325 5.39636e+16 710.311 425.854 
2326 5.39651e+16 710.316 425.858 
2327 5.39665e+16 710.32 425.862 
2328 5.3968e+16 710.324 425.867 
2329 5.39694e+16 710.329 425.871 
2330 5.39707e+16 710.333 425.875 
2331 5.39721e+16 710.337 425.88 
2332 5.39734e+16 710.341 425.884 
2333 5.39747e+16 710.345 425.888 
2334 5.39759e+16 710.349 425.892 
2335 5.39772e+16 710.353 425.896 
2336 5.39784e+16 710.357 425.9 
2337 5.39796e+16 710.36 425.904 
2338 5.39807e+16 710.364 425.908 
2339 5.39818e+16 710.368 425.911 
2340 5.39829e+16 710.371 425.915 
2341 5.3984e+16 710.374 425.919 
2342 5.3985e+16 710.378 425.922 
2343 5.3986e+16 710.381 425.926 
2344 5.3987e+16 710.384 425.929 
2345 5.39879e+16 710.387 425.933 
2346 5.39888e+16 710.389 425.936 
2347 5.39897e+16 710.392 425.939 
2348 5.39906e+16 710.395 425.943 
2349 5.39915e+16 710.397 425.946 
2350 5.39923e+16 710.399 425.949 
2351 5.39931e+16 710.402 425.952 
2352 5.39939e+16 710.404 425.955 
2353 5.39947e+16 710.406 425.958 
2354 5.39954e+16 710.408 425.961 
2355 5.39962e+16 710.409 425.964 
2356 5.39969e+16 710.411 425.967 
2357 5.39976e+16 710.413 425.969 
2358 5.39983e+16 710.414 425.972 
2359 5.3999e+16 710.415 425.975 
2360 5.39997e+16 710.416 425.978 
2361 5.40004e+16 710.417 425.981 
2362 5.40011e+16 710.418 425.984 
2363 5.40018e+16 710.419 425.986 
2364 5.40025e+16 710.42 425.989 
2365 5.40032e+16 710.42 425.992 
2366 5.40039e+16 710.421 425.995 
2367 5.40046e+16 710.421 425.998 
2368 5.40053e+16 710.421 426 
2369 5.4006e+16 710.421 426.003 
2370 5.40067e+16 710.421 426.006 
2371 5.40075e+16 710.421 426.009 
2372 5.40082e+16 710.421 426.012 
2373 5.4009e+16 710.421 426.015 
2374 5.40098e+16 710.42 426.018 
2375 5.40106e+16 710.42 426.022 
2376 5.40114e+16 710.419 426.025 
2377 5.40122e+16 710.418 426.028 
2378 5.40131e+16 710.418 426.031 
2379 5.40139e+16 710.417 426.035 
2380 5.40148e+16 710.416 426.038 
2381 5.40157e+16 710.415 426.042 
2382 5.40167e+16 710.413 426.045 
2383 5.40176e+16 710.412 426.049 
2384 5.40186e+16 710.411 426.052 
2385 5.40196e+16 710.41 426.056 
2386 5.40206e+16 710.408 426.06 
2387 5.40216e+16 710.407 426.063 
2388 5.40226e+16 710.405 426.067 
2389 5.40237e+16 710.403 426.071 
2390 5.40247e+16 710.402 426.075 
2391 5.40258e+16 710.4 426.079 
2392 5.40269e+16 710.398 426.083 
2393 5.4028e+16 710.396 426.087 
2394 5.40292e+16 710.394 426.091 
2395 5.40303e+16 710.392 426.095 
2396 5.40314e+16 710.39 426.099 
2397 5.40326e+16 710.388 426.103 
2398 5.40338e+16 710.386 426.107 
2399 5.40349e+16 710.384 426.112 
2400 5.40361e+16 710.382 426.116 
2401 5.40372e+16 710.38 426.12 
2402 5.40384e+16 710.377 426.124 
2403 5.40395e+16 710.375 426.128 
2404 5.40407e+16 710.373 426.132 
2405 5.40418e+16 710.371 426.136 
2406 5.40429e+16 710.368 426.14 
2407 5.4044e+16 710.366 426.144 
2408 5.40451e+16 710.364 426.147 
2409 5.40461e+16 710.362 426.151 
2410 5.40472e+16 710.359 426.155 
2411 5.40482e+16 710.357 426.158 
2412 5.40492e+16 710.355 426.162 
2413 5.40501e+16 710.352 426.165 
2414 5.4051e+16 710.35 426.169 
2415 5.40519e+16 710.348 426.172 
2416 5.40528e+16 710.346 426.175 
2417 5.40536e+16 710.343 426.178 
2418 5.40543e+16 710.341 426.181 
2419 5.40551e+16 710.339 426.183 
2420 5.40557e+16 710.336 426.186 
2421 5.40563e+16 710.334 426.188 
2422 5.40569e+16 710.332 426.191 
2423 5.40574e+16 710.33 426.193 
2424 5.40579e+16 710.328 426.195 
2425 5.40583e+16 710.325 426.197 
2426 5.40586e+16 710.323 426.198 
2427 5.40589e+16 710.321 426.2 
2428 5.40591e+16 710.319 426.201 
2429 5.40593e+16 710.317 426.202 
2430 5.40593e+16 710.315 426.203 
2431 5.40594e+16 710.313 426.204 
2432 5.40593e+16 710.31 426.205 
2433 5.40592e+16 710.308 426.205 
2434 5.4059e+16 710.306 426.205 
2435 5.40587e+16 710.304 426.205 
2436 5.40584e+16 710.302 426.205 
2437 5.4058e+16 710.3 426.205 
2438 5.40575e+16 710.298 426.204 
2439 5.40569e+16 710.296 426.204 
2440 5.40563e+16 710.294 426.203 
2441 5.40556e+16 710.292 426.202 
2442 5.40548e+16 710.291 426.201 
2443 5.4054e+16 710.289 426.2 
2444 5.4053e+16 710.287 426.198 
2445 5.4052e+16 710.285 426.196 
2446 5.4051e+16 710.283 426.195 
2447 5.40498e+16 710.281 426.193 
2448 5.40486e+16 710.279 426.191 
2449 5.40474e+16 710.277 426.189 
2450 5.4046e+16 710.275 426.186 
2451 5.40446e+16 710.273 426.184 
2452 5.40432e+16 710.272 426.181 
2453 5.40416e+16 710.27 426.179 
2454 5.404e+16 710.268 426.176 
2455 5.40384e+16 710.266 426.173 
2456 5.40367e+16 710.264 426.17 
2457 5.4035e+16 710.262 426.167 
2458 5.40331e+16 710.26 426.164 
2459 5.40313e+16 710.258 426.161 
2460 5.40294e+16 710.256 426.158 
2461 5.40274e+16 710.254 426.154 
2462 5.40255e+16 710.252 426.151 
2463 5.40234e+16 710.25 426.148 
2464 5.40214e+16 710.248 426.144 
2465 5.40193e+16 710.246 426.141 
2466 5.40171e+16 710.244 426.137 
2467 5.4015e+16 710.242 426.134 
2468 5.40128e+16 710.24 426.13 
2469 5.40106e+16 710.238 426.127 
2470 5.40083e+16 710.236 426.123 
2471 5.40061e+16 710.234 426.12 
2472 5.40038e+16 710.231 426.116 
2473 5.40015e+16 710.229 426.113 
2474 5.39992e+16 710.227 426.109 
2475 5.39969e+16 710.225 426.106 
2476 5.39946e+16 710.222 426.102 
2477 5.39923e+16 710.22 426.099 
2478 5.399e+16 710.218 426.095 
2479 5.39877e+16 710.215 426.092 
2480 5.39854e+16 710.213 426.089 
2481 5.39831e+16 710.21 426.085 
2482 5.39808e+16 710.208 426.082 
2483 5.39785e+16 710.205 426.079 
2484 5.39763e+16 710.203 426.076 
2485 5.3974e+16 710.2 426.073 
2486 5.39718e+16 710.198 426.07 
2487 5.39696e+16 710.195 426.067 
2488 5.39674e+16 710.192 426.064 
2489 5.39653e+16 710.19 426.061 
2490 5.39631e+16 710.187 426.058 
2491 5.3961e+16 710.184 426.055 
2492 5.39589e+16 710.181 426.052 
2493 5.39569e+16 710.179 426.049 
2494 5.39549e+16 710.176 426.047 
2495 5.39529e+16 710.173 426.044 
2496 5.39509e+16 710.17 426.041 
2497 5.3949e+16 710.167 426.038 
2498 5.39471e+16 710.164 426.036 
2499 5.39453e+16 710.161 426.033 
2500 5.39435e+16 710.158 426.03 
2501 5.39417e+16 710.156 426.028 
2502 5.394e+16 710.153 426.025 
2503 5.39383e+16 710.15 426.023 
2504 5.39366e+16 710.147 426.02 
2505 5.3935e+16 710.144 426.017 
2506 5.39335e+16 710.141 426.015 
2507 5.39319e+16 710.138 426.012 
2508 5.39305e+16 710.135 426.009 
2509 5.3929e+16 710.132 426.006 
2510 5.39276e+16 710.129 426.004 
2511 5.39263e+16 710.126 426.001 
2512 5.39249e+16 710.123 425.998 
2513 5.39236e+16 710.12 425.995 
2514 5.39224e+16 710.117 425.992 
2515 5.39212e+16 710.115 425.989 
2516 5.39201e+16 710.112 425.986 
2517 5.39189e+16 710.109 425.983 
2518 5.39179e+16 710.106 425.98 
2519 5.39168e+16 710.104 425.977 
2520 5.39158e+16 710.101 425.973 
2521 5.39149e+16 710.098 425.97 
2522 5.39139e+16 710.096 425.967 
2523 5.3913e+16 710.093 425.963 
2524 5.39122e+16 710.091 425.96 
2525 5.39114e+16 710.088 425.956 
2526 5.39106e+16 710.086 425.952 
2527 5.39099e+16 710.084 425.949 
2528 5.39092e+16 710.082 425.945 
2529 5.39085e+16 710.08 425.941 
2530 5.39079e+16 710.078 425.937 
2531 5.39073e+16 710.076 425.933 
2532 5.39067e+16 710.074 425.929 
2533 5.39062e+16 710.072 425.925 
2534 5.39057e+16 710.071 425.921 
2535 5.39052e+16 710.069 425.916 
2536 5.39047e+16 710.068 425.912 
2537 5.39043e+16 710.066 425.908 
2538 5.3904e+16 710.065 425.903 
2539 5.39036e+16 710.064 425.899 
2540 5.39033e+16 710.063 425.894 
2541 5.3903e+16 710.062 425.89 
2542 5.39028e+16 710.062 425.885 
2543 5.39026e+16 710.061 425.881 
2544 5.39024e+16 710.061 425.876 
2545 5.39022e+16 710.06 425.872 
2546 5.39021e+16 710.06 425.867 
2547 5.3902e+16 710.06 425.863 
2548 5.39019e+16 710.06 425.858 
2549 5.39019e+16 710.06 425.854 
2550 5.39019e+16 710.061 425.849 
2551 5.39019e+16 710.061 425.845 
2552 5.3902e+16 710.062 425.841 
2553 5.39021e+16 710.063 425.836 
2554 5.39022e+16 710.064 425.832 
2555 5.39024e+16 710.065 425.828 
2556 5.39026e+16 710.066 425.824 
2557 5.39028e+16 710.067 425.819 
2558 5.39031e+16 710.069 425.815 
2559 5.39033e+16 710.071 425.812 
2560 5.39037e+16 710.073 425.808 
2561 5.3904e+16 710.075 425.804 
2562 5.39044e+16 710.077 425.8 
2563 5.39049e+16 710.079 425.797 
2564 5.39053e+16 710.081 425.794 
2565 5.39058e+16 710.084 425.79 
2566 5.39064e+16 710.087 425.787 
2567 5.39069e+16 710.09 425.784 
2568 5.39075e+16 710.093 425.781 
2569 5.39082e+16 710.096 425.779 
2570 5.39089e+16 710.099 425.776 
2571 5.39096e+16 710.103 425.774 
2572 5.39103e+16 710.106 425.772 
2573 5.39111e+16 710.11 425.769 
2574 5.3912e+16 710.114 425.767 
2575 5.39128e+16 710.118 425.766 
2576 5.39137e+16 710.122 425.764 
2577 5.39147e+16 710.126 425.763 
2578 5.39157e+16 710.13 425.761 
2579 5.39167e+16 710.135 425.76 
2580 5.39177e+16 710.139 425.759 
2581 5.39188e+16 710.144 425.759 
2582 5.392e+16 710.148 425.758 
2583 5.39211e+16 710.153 425.757 
2584 5.39223e+16 710.158 425.757 
2585 5.39236e+16 710.163 425.757 
2586 5.39249e+16 710.168 425.757 
2587 5.39262e+16 710.173 425.757 
2588 5.39275e+16 710.178 425.757 
2589 5.39289e+16 710.183 425.758 
2590 5.39303e+16 710.189 425.759 
2591 5.39317e+16 710.194 425.759 
2592 5.39332e+16 710.199 425.76 
2593 5.39347e+16 710.204 425.761 
2594 5.39362e+16 710.21 425.762 
2595 5.39378e+16 710.215 425.764 
2596 5.39394e+16 710.221 425.765 
2597 5.3941e+16 710.226 425.766 
2598 5.39426e+16 710.231 425.768 
2599 5.39443e+16 710.237 425.77 
2600 5.3946e+16 710.242 425.771 
2601 5.39477e+16 710.247 425.773 
2602 5.39494e+16 710.253 425.775 
2603 5.39511e+16 710.258 425.777 
2604 5.39529e+16 710.263 425.779 
2605 5.39547e+16 710.268 425.781 
2606 5.39565e+16 710.273 425.784 
2607 5.39583e+16 710.278 425.786 
2608 5.39601e+16 710.283 425.788 
2609 5.39619e+16 710.288 425.79 
2610 5.39637e+16 710.293 425.793 
2611 5.39655e+16 710.298 425.795 
2612 5.39674e+16 710.302 425.798 
2613 5.39692e+16 710.307 425.8 
2614 5.3971e+16 710.311 425.802 
2615 5.39729e+16 710.316 425.805 
2616 5.39747e+16 710.32 425.807 
2617 5.39765e+16 710.324 425.81 
2618 5.39784e+16 710.328 425.812 
2619 5.39802e+16 710.332 425.815 
2620 5.3982e+16 710.335 425.817 
2621 5.39838e+16 710.339 425.82 
2622 5.39856e+16 710.342 425.822 
2623 5.39873e+16 710.345 425.824 
2624 5.39891e+16 710.348 425.827 
2625 5.39908e+16 710.351 425.829 
2626 5.39926e+16 710.354 425.831 
2627 5.39943e+16 710.357 425.834 
2628 5.3996e+16 710.359 425.836 
2629 5.39976e+16 710.362 425.838 
2630 5.39992e+16 710.364 425.84 
2631 5.40009e+16 710.366 425.842 
2632 5.40025e+16 710.368 425.845 
2633 5.4004e+16 710.369 425.847 
2634 5.40055e+16 710.371 425.849 
2635 5.40071e+16 710.372 425.851 
2636 5.40085e+16 710.373 425.853 
2637 5.401e+16 710.374 425.855 
2638 5.40114e+16 710.375 425.857 
2639 5.40128e+16 710.376 425.859 
2640 5.40141e+16 710.376 425.861 
2641 5.40154e+16 710.377 425.863 
2642 5.40167e+16 710.377 425.865 
2643 5.4018e+16 710.377 425.867 
2644 5.40192e+16 710.377 425.869 
2645 5.40204e+16 710.377 425.871 
2646 5.40215e+16 710.376 425.873 
2647 5.40226e+16 710.376 425.875 
2648 5.40237e+16 710.375 425.877 
2649 5.40247e+16 710.374 425.879 
2650 5.40257e+16 710.373 425.881 
2651 5.40267e+16 710.372 425.883 
2652 5.40276e+16 710.371 425.885 
2653 5.40285e+16 710.369 425.888 
2654 5.40294e+16 710.368 425.89 
2655 5.40302e+16 710.366 425.892 
2656 5.4031e+16 710.365 425.895 
2657 5.40317e+16 710.363 425.897 
2658 5.40325e+16 710.361 425.899 
2659 5.40331e+16 710.359 425.902 
2660 5.40338e+16 710.357 425.905 
2661 5.40344e+16 710.355 425.907 
2662 5.4035e+16 710.353 425.91 
2663 5.40355e+16 710.351 425.913 
2664 5.4036e+16 710.348 425.916 
2665 5.40365e+16 710.346 425.919 
2666 5.4037e+16 710.343 425.922 
2667 5.40374e+16 710.341 425.925 
2668 5.40378e+16 710.339 425.928 
2669 5.40381e+16 710.336 425.931 
2670 5.40384e+16 710.333 425.935 
2671 5.40387e+16 710.331 425.938 
2672 5.4039e+16 710.328 425.942 
2673 5.40392e+16 710.326 425.945 
2674 5.40395e+16 710.323 425.949 
2675 5.40396e+16 710.321 425.953 
2676 5.40398e+16 710.318 425.957 
2677 5.40399e+16 710.316 425.961 
2678 5.404e+16 710.313 425.965 
2679 5.40401e+16 710.311 425.969 
2680 5.40401e+16 710.308 425.973 
2681 5.40402e+16 710.306 425.977 
2682 5.40402e+16 710.303 425.982 
2683 5.40401e+16 710.301 425.986 
2684 5.40401e+16 710.299 425.99 
2685 5.404e+16 710.297 425.995 
2686 5.40399e+16 710.294 425.999 
2687 5.40398e+16 710.292 426.004 
2688 5.40396e+16 710.29 426.008 
2689 5.40395e+16 710.288 426.013 
2690 5.40393e+16 710.286 426.018 
2691 5.4039e+16 710.285 426.022 
2692 5.40388e+16 710.283 426.027 
2693 5.40385e+16 710.281 426.032 
2694 5.40382e+16 710.279 426.036 
2695 5.40379e+16 710.278 426.041 
2696 5.40376e+16 710.277 426.045 
2697 5.40372e+16 710.275 426.05 
2698 5.40368e+16 710.274 426.055 
2699 5.40364e+16 710.273 426.059 
2700 5.4036e+16 710.272 426.064 
2701 5.40355e+16 710.271 426.068 
2702 5.4035e+16 710.27 426.072 
2703 5.40345e+16 710.269 426.077 
2704 5.4034e+16 710.268 426.081 
2705 5.40335e+16 710.267 426.085 
2706 5.40329e+16 710.267 426.089 
2707 5.40323e+16 710.266 426.093 
2708 5.40316e+16 710.266 426.097 
2709 5.4031e+16 710.265 426.101 
2710 5.40303e+16 710.265 426.104 
2711 5.40296e+16 710.265 426.108 
2712 5.40288e+16 710.264 426.111 
2713 5.40281e+16 710.264 426.115 
2714 5.40273e+16 710.264 426.118 
2715 5.40265e+16 710.264 426.121 
2716 5.40256e+16 710.264 426.124 
2717 5.40248e+16 710.264 426.127 
2718 5.40239e+16 710.264 426.13 
2719 5.40229e+16 710.264 426.132 
2720 5.4022e+16 710.265 426.134 
2721 5.4021e+16 710.265 426.137 
2722 5.402e+16 710.265 426.139 
2723 5.4019e+16 710.265 426.141 
2724 5.40179e+16 710.266 426.143 
2725 5.40169e+16 710.266 426.144 
2726 5.40158e+16 710.266 426.146 
2727 5.40146e+16 710.266 426.147 
2728 5.40135e+16 710.267 426.148 
2729 5.40123e+16 710.267 426.149 
2730 5.40111e+16 710.267 426.15 
2731 5.40099e+16 710.267 426.151 
2732 5.40087e+16 710.268 426.152 
2733 5.40074e+16 710.268 426.152 
2734 5.40061e+16 710.268 426.153 
2735 5.40048e+16 710.268 426.153 
2736 5.40035e+16 710.268 426.153 
2737 5.40022e+16 710.268 426.153 
2738 5.40008e+16 710.268 426.153 
2739 5.39994e+16 710.268 426.153 
2740 5.3998e+16 710.268 426.152 
2741 5.39966e+16 710.268 426.152 
2742 5.39952e+16 710.268 426.152 
2743 5.39938e+16 710.268 426.151 
2744 5.39924e+16 710.267 426.15 
2745 5.39909e+16 710.267 426.149 
2746 5.39895e+16 710.266 426.148 
2747 5.3988e+16 710.266 426.148 
2748 5.39866e+16 710.265 426.146 
2749 5.39851e+16 710.265 426.145 
2750 5.39836e+16 710.264 426.144 
2751 5.39822e+16 710.263 426.143 
2752 5.39807e+16 710.262 426.142 
2753 5.39792e+16 710.261 426.14 
2754 5.39778e+16 710.26 426.139 
2755 5.39763e+16 710.259 426.138 
2756 5.39749e+16 710.258 426.136 
2757 5.39735e+16 710.256 426.135 
2758 5.3972e+16 710.255 426.133 
2759 5.39706e+16 710.253 426.132 
2760 5.39692e+16 710.252 426.13 
2761 5.39678e+16 710.25 426.129 
2762 5.39665e+16 710.249 426.127 
2763 5.39651e+16 710.247 426.126 
2764 5.39638e+16 710.245 426.124 
2765 5.39625e+16 710.243 426.123 
2766 5.39612e+16 710.241 426.121 
2767 5.39599e+16 710.239 426.12 
2768 5.39587e+16 710.237 426.118 
2769 5.39575e+16 710.235 426.117 
2770 5.39563e+16 710.233 426.115 
2771 5.39551e+16 710.231 426.114 
2772 5.3954e+16 710.228 426.113 
2773 5.39529e+16 710.226 426.111 
2774 5.39519e+16 710.224 426.11 
2775 5.39508e+16 710.221 426.108 
2776 5.39498e+16 710.219 426.107 
2777 5.39489e+16 710.217 426.106 
2778 5.3948e+16 710.214 426.104 
2779 5.39471e+16 710.212 426.103 
2780 5.39462e+16 710.209 426.101 
2781 5.39454e+16 710.207 426.1 
2782 5.39446e+16 710.204 426.099 
2783 5.39439e+16 710.202 426.097 
2784 5.39432e+16 710.2 426.096 
2785 5.39425e+16 710.197 426.095 
2786 5.39419e+16 710.195 426.093 
2787 5.39413e+16 710.192 426.092 
2788 5.39408e+16 710.19 426.091 
2789 5.39403e+16 710.188 426.089 
2790 5.39398e+16 710.186 426.088 
2791 5.39394e+16 710.183 426.086 
2792 5.3939e+16 710.181 426.085 
2793 5.39387e+16 710.179 426.083 
2794 5.39384e+16 710.177 426.081 
2795 5.39381e+16 710.175 426.08 
2796 5.39379e+16 710.173 426.078 
2797 5.39377e+16 710.172 426.076 
2798 5.39375e+16 710.17 426.075 
2799 5.39374e+16 710.168 426.073 
2800 5.39373e+16 710.167 426.071 
2801 5.39372e+16 710.165 426.069 
2802 5.39372e+16 710.164 426.067 
2803 5.39372e+16 710.163 426.065 
2804 5.39372e+16 710.162 426.062 
2805 5.39373e+16 710.161 426.06 
2806 5.39374e+16 710.16 426.058 
2807 5.39375e+16 710.159 426.055 
2808 5.39376e+16 710.158 426.053 
2809 5.39378e+16 710.157 426.05 
2810 5.3938e+16 710.157 426.047 
2811 5.39382e+16 710.157 426.045 
2812 5.39384e+16 710.156 426.042 
2813 5.39386e+16 710.156 426.039 
2814 5.39389e+16 710.156 426.035 
2815 5.39392e+16 710.156 426.032 
2816 5.39395e+16 710.156 426.029 
2817 5.39398e+16 710.157 426.026 
2818 5.39401e+16 710.157 426.022 
2819 5.39404e+16 710.158 426.019 
2820 5.39407e+16 710.158 426.015 
2821 5.39411e+16 710.159 426.011 
2822 5.39414e+16 710.16 426.007 
2823 5.39418e+16 710.161 426.003 
2824 5.39421e+16 710.162 425.999 
2825 5.39425e+16 710.163 425.995 
2826 5.39429e+16 710.164 425.991 
2827 5.39432e+16 710.166 425.987 
2828 5.39436e+16 710.167 425.982 
2829 5.39439e+16 710.169 425.978 
2830 5.39443e+16 710.17 425.974 
2831 5.39447e+16 710.172 425.969 
2832 5.3945e+16 710.174 425.965 
2833 5.39454e+16 710.175 425.96 
2834 5.39457e+16 710.177 425.955 
2835 5.3946e+16 710.179 425.951 
2836 5.39464e+16 710.181 425.946 
2837 5.39467e+16 710.183 425.941 
2838 5.3947e+16 710.186 425.937 
2839 5.39473e+16 710.188 425.932 
2840 5.39476e+16 710.19 425.927 
2841 5.39479e+16 710.192 425.923 
2842 5.39482e+16 710.195 425.918 
2843 5.39484e+16 710.197 425.913 
2844 5.39487e+16 710.199 425.909 
2845 5.39489e+16 710.201 425.904 
2846 5.39492e+16 710.204 425.899 
2847 5.39494e+16 710.206 425.895 
2848 5.39496e+16 710.209 425.89 
2849 5.39499e+16 710.211 425.886 
2850 5.39501e+16 710.213 425.882 
2851 5.39503e+16 710.215 425.877 
2852 5.39505e+16 710.218 425.873 
2853 5.39506e+16 710.22 425.869 
2854 5.39508e+16 710.222 425.865 
2855 5.3951e+16 710.224 425.861 
2856 5.39512e+16 710.227 425.857 
2857 5.39513e+16 710.229 425.853 
2858 5.39515e+16 710.231 425.849 
2859 5.39517e+16 710.233 425.846 
2860 5.39518e+16 710.235 425.842 
2861 5.3952e+16 710.236 425.839 
2862 5.39522e+16 710.238 425.836 
2863 5.39523e+16 710.24 425.833 
2864 5.39525e+16 710.242 425.83 
2865 5.39526e+16 710.243 425.827 
2866 5.39528e+16 710.245 425.824 
2867 5.3953e+16 710.246 425.822 
2868 5.39532e+16 710.247 425.819 
2869 5.39533e+16 710.249 425.817 
2870 5.39535e+16 710.25 425.814 
2871 5.39537e+16 710.251 425.812 
2872 5.39539e+16 710.252 425.81 
2873 5.39541e+16 710.253 425.808 
2874 5.39544e+16 710.254 425.807 
2875 5.39546e+16 710.254 425.805 
2876 5.39549e+16 710.255 425.804 
2877 5.39551e+16 710.255 425.802 
2878 5.39554e+16 710.256 425.801 
2879 5.39557e+16 710.256 425.8 
2880 5.3956e+16 710.256 425.799 
2881 5.39563e+16 710.257 425.798 
2882 5.39567e+16 710.257 425.797 
2883 5.3957e+16 710.257 425.796 
2884 5.39574e+16 710.257 425.796 
2885 5.39578e+16 710.256 425.795 
2886 5.39582e+16 710.256 425.795 
2887 5.39586e+16 710.256 425.794 
2888 5.39591e+16 710.255 425.794 
2889 5.39595e+16 710.255 425.794 
2890 5.396e+16 710.254 425.794 
2891 5.39605e+16 710.253 425.794 
2892 5.3961e+16 710.253 425.794 
2893 5.39616e+16 710.252 425.794 
2894 5.39621e+16 710.251 425.794 
2895 5.39627e+16 710.25 425.794 
2896 5.39633e+16 710.249 425.794 
2897 5.39639e+16 710.248 425.795 
2898 5.39646e+16 710.247 425.795 
2899 5.39652e+16 710.246 425.795 
2900 5.39659e+16 710.245 425.796 
2901 5.39665e+16 710.244 425.796 
2902 5.39672e+16 710.243 425.796 
2903 5.3968e+16 710.241 425.797 
2904 5.39687e+16 710.24 425.797 
2905 5.39694e+16 710.239 425.798 
2906 5.39702e+16 710.237 425.798 
2907 5.39709e+16 710.236 425.799 
2908 5.39717e+16 710.235 425.799 
2909 5.39725e+16 710.234 425.8 
2910 5.39733e+16 710.232 425.8 
2911 5.39741e+16 710.231 425.801 
2912 5.39749e+16 710.23 425.801 
2913 5.39757e+16 710.228 425.801 
2914 5.39766e+16 710.227 425.802 
2915 5.39774e+16 710.226 425.802 
2916 5.39782e+16 710.225 425.803 
2917 5.3979e+16 710.224 425.803 
2918 5.39799e+16 710.222 425.804 
2919 5.39807e+16 710.221 425.804 
2920 5.39815e+16 710.22 425.804 
2921 5.39823e+16 710.219 425.805 
2922 5.39832e+16 710.218 425.805 
2923 5.3984e+16 710.217 425.806 
2924 5.39848e+16 710.216 425.806 
2925 5.39856e+16 710.216 425.806 
2926 5.39864e+16 710.215 425.807 
2927 5.39872e+16 710.214 425.807 
2928 5.39879e+16 710.213 425.808 
2929 5.39887e+16 710.213 425.808 
2930 5.39894e+16 710.212 425.809 
2931 5.39902e+16 710.212 425.809 
2932 5.39909e+16 710.211 425.81 
2933 5.39916e+16 710.211 425.81 
2934 5.39922e+16 710.211 425.811 
2935 5.39929e+16 710.21 425.811 
2936 5.39936e+16 710.21 425.812 
2937 5.39942e+16 710.21 425.813 
2938 5.39948e+16 710.21 425.813 
2939 5.39954e+16 710.21 425.814 
2940 5.39959e+16 710.21 425.815 
2941 5.39965e+16 710.21 425.816 
2942 5.3997e+16 710.211 425.817 
2943 5.39975e+16 710.211 425.818 
2944 5.39979e+16 710.211 425.819 
2945 5.39984e+16 710.212 425.82 
2946 5.39988e+16 710.212 425.822 
2947 5.39992e+16 710.213 425.823 
2948 5.39996e+16 710.213 425.825 
2949 5.39999e+16 710.214 425.826 
2950 5.40003e+16 710.214 425.828 
2951 5.40006e+16 710.215 425.83 
2952 5.40008e+16 710.216 425.832 
2953 5.40011e+16 710.217 425.834 
2954 5.40013e+16 710.217 425.836 
2955 5.40015e+16 710.218 425.838 
2956 5.40017e+16 710.219 425.84 
2957 5.40019e+16 710.22 425.842 
2958 5.4002e+16 710.221 425.845 
2959 5.40021e+16 710.222 425.848 
2960 5.40022e+16 710.223 425.85 
2961 5.40022e+16 710.224 425.853 
2962 5.40023e+16 710.225 425.856 
2963 5.40023e+16 710.226 425.859 
2964 5.40023e+16 710.227 425.862 
2965 5.40023e+16 710.228 425.866 
2966 5.40023e+16 710.229 425.869 
2967 5.40022e+16 710.231 425.872 
2968 5.40021e+16 710.232 425.876 
2969 5.4002e+16 710.233 425.88 
2970 5.40019e+16 710.234 425.883 
2971 5.40018e+16 710.235 425.887 
2972 5.40017e+16 710.236 425.891 
2973 5.40015e+16 710.237 425.895 
2974 5.40014e+16 710.238 425.899 
2975 5.40012e+16 710.239 425.903 
2976 5.4001e+16 710.24 425.908 
2977 5.40008e+16 710.241 425.912 
2978 5.40006e+16 710.242 425.916 
2979 5.40004e+16 710.242 425.921 
2980 5.40002e+16 710.243 425.925 
2981 5.4e+16 710.244 425.929 
2982 5.39998e+16 710.245 425.934 
2983 5.39995e+16 710.246 425.938 
2984 5.39993e+16 710.246 425.943 
2985 5.3999e+16 710.247 425.948 
2986 5.39988e+16 710.247 425.952 
2987 5.39985e+16 710.248 425.957 
2988 5.39983e+16 710.249 425.961 
2989 5.3998e+16 710.249 425.966 
2990 5.39978e+16 710.249 425.97 
2991 5.39975e+16 710.25 425.975 
2992 5.39973e+16 710.25 425.979 
2993 5.3997e+16 710.25 425.984 
2994 5.39968e+16 710.251 425.988 
2995 5.39965e+16 710.251 425.993 
2996 5.39963e+16 710.251 425.997 
2997 5.3996e+16 710.251 426.001 
2998 5.39958e+16 710.251 426.006 
2999 5.39956e+16 710.251 426.01 
3000 5.39953e+16 710.251 426.014 
3001 5.39951e+16 710.251 426.018 
3002 5.39949e+16 710.251 426.022 
3003 5.39946e+16 710.251 426.025 
3004 5.39944e+16 710.251 426.029 
3005 5.39942e+16 710.251 426.033 
3006 5.3994e+16 710.25 426.036 
3007 5.39938e+16 710.25 426.04 
3008 5.39936e+16 710.25 426.043 
3009 5.39934e+16 710.249 426.046 
3010 5.39932e+16 710.249 426.049 
3011 5.3993e+16 710.249 426.053 
3012 5.39928e+16 710.248 426.055 
3013 5.39926e+16 710.248 426.058 
3014 5.39925e+16 710.247 426.061 
3015 5.39923e+16 710.247 426.064 
3016 5.39921e+16 710.246 426.066 
3017 5.39919e+16 710.246 426.068 
3018 5.39918e+16 710.245 426.071 
3019 5.39916e+16 710.245 426.073 
3020 5.39914e+16 710.244 426.075 
3021 5.39913e+16 710.244 426.077 
3022 5.39911e+16 710.243 426.078 
3023 5.39909e+16 710.243 426.08 
3024 5.39908e+16 710.242 426.082 
3025 5.39906e+16 710.242 426.083 
3026 5.39904e+16 710.241 426.085 
3027 5.39903e+16 710.24 426.086 
3028 5.39901e+16 710.24 426.087 
3029 5.39899e+16 710.239 426.088 
3030 5.39897e+16 710.239 426.09 
3031 5.39895e+16 710.239 426.091 
3032 5.39894e+16 710.238 426.091 
3033 5.39892e+16 710.238 426.092 
3034 5.3989e+16 710.237 426.093 
3035 5.39888e+16 710.237 426.094 
3036 5.39885e+16 710.237 426.094 
3037 5.39883e+16 710.236 426.095 
3038 5.39881e+16 710.236 426.096 
3039 5.39879e+16 710.236 426.096 
3040 5.39876e+16 710.236 426.097 
3041 5.39874e+16 710.235 426.097 
3042 5.39871e+16 710.235 426.097 
3043 5.39869e+16 710.235 426.098 
3044 5.39866e+16 710.235 426.098 
3045 5.39863e+16 710.235 426.098 
3046 5.3986e+16 710.235 426.099 
3047 5.39857e+16 710.235 426.099 
3048 5.39854e+16 710.235 426.099 
3049 5.39851e+16 710.235 426.1 
3050 5.39848e+16 710.235 426.1 
3051 5.39844e+16 710.236 426.1 
3052 5.39841e+16 710.236 426.1 
3053 5.39837e+16 710.236 426.1 
3054 5.39834e+16 710.236 426.101 
3055 5.3983e+16 710.237 426.101 
3056 5.39826e+16 710.237 426.101 
3057 5.39822e+16 710.238 426.101 
3058 5.39818e+16 710.238 426.102 
3059 5.39814e+16 710.239 426.102 
3060 5.39809e+16 710.239 426.102 
3061 5.39805e+16 710.24 426.102 
3062 5.39801e+16 710.24 426.103 
3063 5.39796e+16 710.241 426.103 
3064 5.39792e+16 710.242 426.103 
3065 5.39787e+16 710.242 426.104 
3066 5.39782e+16 710.243 426.104 
3067 5.39778e+16 710.244 426.104 
3068 5.39773e+16 710.245 426.104 
3069 5.39768e+16 710.246 426.105 
3070 5.39763e+16 710.247 426.105 
3071 5.39758e+16 710.247 426.105 
3072 5.39753e+16 710.248 426.105 
3073 5.39748e+16 710.249 426.106 
3074 5.39742e+16 710.25 426.106 
3075 5.39737e+16 710.251 426.106 
3076 5.39732e+16 710.252 426.106 
3077 5.39727e+16 710.253 426.106 
3078 5.39721e+16 710.254 426.106 
3079 5.39716e+16 710.255 426.106 
3080 5.39711e+16 710.257 426.106 
3081 5.39706e+16 710.258 426.106 
3082 5.397e+16 710.259 426.106 
3083 5.39695e+16 710.26 426.106 
3084 5.3969e+16 710.261 426.106 
3085 5.39684e+16 710.262 426.106 
3086 5.39679e+16 710.263 426.105 
3087 5.39674e+16 710.264 426.105 
3088 5.39669e+16 710.265 426.104 
3089 5.39664e+16 710.266 426.104 
3090 5.39659e+16 710.267 426.103 
3091 5.39654e+16 710.269 426.103 
3092 5.39649e+16 710.27 426.102 
3093 5.39644e+16 710.271 426.101 
3094 5.39639e+16 710.272 426.1 
3095 5.39634e+16 710.273 426.099 
3096 5.39629e+16 710.274 426.097 
3097 5.39625e+16 710.275 426.096 
3098 5.3962e+16 710.276 426.095 
3099 5.39616e+16 710.277 426.093 
3100 5.39612e+16 710.278 426.092 
3101 5.39607e+16 710.279 426.09 
3102 5.39603e+16 710.28 426.088 
3103 5.39599e+16 710.281 426.086 
3104 5.39595e+16 710.282 426.084 
3105 5.39591e+16 710.283 426.082 
3106 5.39588e+16 710.284 426.079 
3107 5.39584e+16 710.284 426.077 
3108 5.39581e+16 710.285 426.074 
3109 5.39577e+16 710.286 426.072 
3110 5.39574e+16 710.287 426.069 
3111 5.39571e+16 710.288 426.066 
3112 5.39568e+16 710.288 426.063 
3113 5.39565e+16 710.289 426.06 
3114 5.39563e+16 710.29 426.057 
3115 5.3956e+16 710.29 426.054 
3116 5.39558e+16 710.291 426.05 
3117 5.39555e+16 710.291 426.047 
3118 5.39553e+16 710.292 426.043 
3119 5.39551e+16 710.292 426.04 
3120 5.39549e+16 710.293 426.036 
3121 5.39548e+16 710.293 426.032 
3122 5.39546e+16 710.294 426.028 
3123 5.39545e+16 710.294 426.024 
3124 5.39544e+16 710.294 426.02 
3125 5.39543e+16 710.295 426.016 
3126 5.39542e+16 710.295 426.012 
3127 5.39541e+16 710.295 426.008 
3128 5.3954e+16 710.295 426.004 
3129 5.3954e+16 710.295 426 
3130 5.39539e+16 710.295 425.995 
3131 5.39539e+16 710.296 425.991 
3132 5.39539e+16 710.296 425.987 
3133 5.39539e+16 710.295 425.983 
3134 5.39539e+16 710.295 425.978 
3135 5.3954e+16 710.295 425.974 
3136 5.3954e+16 710.295 425.97 
3137 5.39541e+16 710.295 425.965 
3138 5.39542e+16 710.295 425.961 
3139 5.39543e+16 710.294 425.957 
3140 5.39544e+16 710.294 425.953 
3141 5.39545e+16 710.293 425.948 
3142 5.39546e+16 710.293 425.944 
3143 5.39548e+16 710.292 425.94 
3144 5.39549e+16 710.292 425.936 
3145 5.39551e+16 710.291 425.932 
3146 5.39553e+16 710.291 425.928 
3147 5.39555e+16 710.29 425.924 
3148 5.39557e+16 710.289 425.921 
3149 5.39559e+16 710.288 425.917 
3150 5.39562e+16 710.287 425.913 
3151 5.39564e+16 710.286 425.91 
3152 5.39567e+16 710.285 425.906 
3153 5.3957e+16 710.284 425.903 
3154 5.39572e+16 710.283 425.899 
3155 5.39575e+16 710.282 425.896 
3156 5.39578e+16 710.281 425.893 
3157 5.39581e+16 710.279 425.89 
3158 5.39585e+16 710.278 425.887 
3159 5.39588e+16 710.277 425.884 
3160 5.39591e+16 710.275 425.881 
3161 5.39595e+16 710.274 425.878 
3162 5.39598e+16 710.272 425.876 
3163 5.39602e+16 710.27 425.873 
3164 5.39606e+16 710.268 425.87 
3165 5.3961e+16 710.267 425.868 
3166 5.39613e+16 710.265 425.866 
3167 5.39617e+16 710.263 425.864 
3168 5.39621e+16 710.261 425.861 
3169 5.39625e+16 710.259 425.859 
3170 5.39629e+16 710.257 425.857 
3171 5.39633e+16 710.255 425.855 
3172 5.39638e+16 710.252 425.854 
3173 5.39642e+16 710.25 425.852 
3174 5.39646e+16 710.248 425.85 
3175 5.3965e+16 710.245 425.848 
3176 5.39655e+16 710.243 425.847 
3177 5.39659e+16 710.24 425.845 
3178 5.39663e+16 710.238 425.844 
3179 5.39667e+16 710.235 425.843 
3180 5.39672e+16 710.232 425.841 
3181 5.39676e+16 710.23 425.84 
3182 5.3968e+16 710.227 425.839 
3183 5.39685e+16 710.224 425.837 
3184 5.39689e+16 710.221 425.836 
3185 5.39693e+16 710.218 425.835 
3186 5.39697e+16 710.215 425.834 
3187 5.39701e+16 710.212 425.833 
3188 5.39706e+16 710.209 425.832 
3189 5.3971e+16 710.206 425.83 
3190 5.39714e+16 710.203 425.829 
3191 5.39718e+16 710.2 425.828 
3192 5.39722e+16 710.197 425.827 
3193 5.39725e+16 710.194 425.826 
3194 5.39729e+16 710.19 425.825 
3195 5.39733e+16 710.187 425.824 
3196 5.39737e+16 710.184 425.823 
3197 5.3974e+16 710.181 425.822 
3198 5.39744e+16 710.178 425.821 
3199 5.39747e+16 710.175 425.82 
3200 5.3975e+16 710.171 425.819 
3201 5.39753e+16 710.168 425.818 
3202 5.39757e+16 710.165 425.817 
3203 5.3976e+16 710.162 425.816 
3204 5.39762e+16 710.159 425.815 
3205 5.39765e+16 710.156 425.814 
3206 5.39768e+16 710.153 425.812 
3207 5.3977e+16 710.15 425.811 
3208 5.39773e+16 710.147 425.81 
3209 5.39775e+16 710.144 425.809 
3210 5.39777e+16 710.141 425.808 
3211 5.39779e+16 710.138 425.807 
3212 5.39781e+16 710.135 425.806 
3213 5.39783e+16 710.132 425.805 
3214 5.39785e+16 710.13 425.804 
3215 5.39786e+16 710.127 425.803 
3216 5.39787e+16 710.124 425.802 
3217 5.39789e+16 710.122 425.801 
3218 5.3979e+16 710.12 425.8 
3219 5.39791e+16 710.117 425.799 
3220 5.39792e+16 710.115 425.798 
3221 5.39792e+16 710.113 425.797 
3222 5.39793e+16 710.111 425.796 
3223 5.39793e+16 710.109 425.795 
3224 5.39794e+16 710.107 425.794 
3225 5.39794e+16 710.106 425.793 
3226 5.39794e+16 710.104 425.793 
3227 5.39794e+16 710.102 425.792 
3228 5.39794e+16 710.101 425.791 
3229 5.39793e+16 710.1 425.791 
3230 5.39793e+16 710.099 425.79 
3231 5.39792e+16 710.098 425.79 
3232 5.39792e+16 710.097 425.79 
3233 5.39791e+16 710.096 425.789 
3234 5.3979e+16 710.095 425.789 
3235 5.39789e+16 710.095 425.789 
3236 5.39788e+16 710.094 425.789 
3237 5.39787e+16 710.094 425.789 
3238 5.39786e+16 710.094 425.789 
3239 5.39784e+16 710.094 425.79 
3240 5.39783e+16 710.094 425.79 
3241 5.39782e+16 710.095 425.79 
3242 5.3978e+16 710.095 425.791 
3243 5.39779e+16 710.096 425.792 
3244 5.39777e+16 710.096 425.793 
3245 5.39775e+16 710.097 425.793 
3246 5.39774e+16 710.098 425.795 
3247 5.39772e+16 710.099 425.796 
3248 5.3977e+16 710.1 425.797 
3249 5.39768e+16 710.102 425.798 
3250 5.39767e+16 710.103 425.8 
3251 5.39765e+16 710.105 425.801 
3252 5.39763e+16 710.107 425.803 
3253 5.39761e+16 710.108 425.805 
3254 5.39759e+16 710.11 425.807 
3255 5.39757e+16 710.112 425.809 
3256 5.39756e+16 710.115 425.811 
3257 5.39754e+16 710.117 425.813 
3258 5.39752e+16 710.119 425.816 
3259 5.3975e+16 710.122 425.818 
3260 5.39749e+16 710.124 425.821 
3261 5.39747e+16 710.127 425.824 
3262 5.39746e+16 710.13 425.826 
3263 5.39744e+16 710.133 425.829 
3264 5.39742e+16 710.136 425.832 
3265 5.39741e+16 710.139 425.835 
3266 5.3974e+16 710.142 425.839 
3267 5.39738e+16 710.145 425.842 
3268 5.39737e+16 710.148 425.845 
3269 5.39736e+16 710.151 425.848 
3270 5.39735e+16 710.154 425.852 
3271 5.39734e+16 710.158 425.855 
3272 5.39733e+16 710.161 425.859 
3273 5.39732e+16 710.165 425.862 
3274 5.39731e+16 710.168 425.866 
3275 5.39731e+16 710.171 425.87 
3276 5.3973e+16 710.175 425.873 
3277 5.39729e+16 710.178 425.877 
3278 5.39729e+16 710.182 425.881 
3279 5.39729e+16 710.185 425.885 
3280 5.39728e+16 710.189 425.888 
3281 5.39728e+16 710.192 425.892 
3282 5.39728e+16 710.195 425.896 
3283 5.39728e+16 710.199 425.9 
3284 5.39728e+16 710.202 425.904 
3285 5.39728e+16 710.205 425.907 
3286 5.39729e+16 710.209 425.911 
3287 5.39729e+16 710.212 425.915 
3288 5.39729e+16 710.215 425.918 
3289 5.3973e+16 710.218 425.922 
3290 5.39731e+16 710.221 425.926 
3291 5.39731e+16 710.224 425.929 
3292 5.39732e+16 710.227 425.933 
3293 5.39733e+16 710.23 425.936 
3294 5.39734e+16 710.233 425.94 
3295 5.39735e+16 710.236 425.943 
3296 5.39736e+16 710.239 425.947 
3297 5.39737e+16 710.241 425.95 
3298 5.39738e+16 710.244 425.953 
3299 5.39739e+16 710.246 425.956 
3300 5.3974e+16 710.248 425.959 
3301 5.39741e+16 710.251 425.962 
3302 5.39743e+16 710.253 425.965 
3303 5.39744e+16 710.255 425.968 
3304 5.39745e+16 710.257 425.971 
3305 5.39747e+16 710.259 425.974 
3306 5.39748e+16 710.26 425.977 
3307 5.3975e+16 710.262 425.979 
3308 5.39751e+16 710.264 425.982 
3309 5.39753e+16 710.265 425.984 
3310 5.39754e+16 710.267 425.987 
3311 5.39756e+16 710.268 425.989 
3312 5.39757e+16 710.269 425.992 
3313 5.39759e+16 710.27 425.994 
3314 5.3976e+16 710.271 425.996 
3315 5.39762e+16 710.272 425.998 
3316 5.39763e+16 710.273 426 
3317 5.39764e+16 710.274 426.002 
3318 5.39766e+16 710.275 426.004 
3319 5.39767e+16 710.275 426.006 
3320 5.39769e+16 710.276 426.008 
3321 5.3977e+16 710.276 426.01 
3322 5.39772e+16 710.277 426.012 
3323 5.39773e+16 710.277 426.014 
3324 5.39774e+16 710.277 426.015 
3325 5.39776e+16 710.277 426.017 
3326 5.39777e+16 710.278 426.019 
3327 5.39778e+16 710.278 426.02 
3328 5.39779e+16 710.278 426.022 
3329 5.3978e+16 710.278 426.024 
3330 5.39782e+16 710.278 426.025 
3331 5.39783e+16 710.278 426.027 
3332 5.39784e+16 710.278 426.029 
3333 5.39785e+16 710.278 426.03 
3334 5.39786e+16 710.278 426.032 
3335 5.39787e+16 710.278 426.033 
3336 5.39788e+16 710.277 426.035 
3337 5.39789e+16 710.277 426.036 
3338 5.3979e+16 710.277 426.038 
3339 5.39791e+16 710.277 426.04 
3340 5.39792e+16 710.277 426.041 
3341 5.39793e+16 710.277 426.043 
3342 5.39793e+16 710.277 426.044 
3343 5.39794e+16 710.277 426.046 
3344 5.39795e+16 710.277 426.048 
3345 5.39796e+16 710.277 426.049 
3346 5.39797e+16 710.277 426.051 
3347 5.39798e+16 710.277 426.053 
3348 5.39798e+16 710.277 426.054 
3349 5.39799e+16 710.277 426.056 
3350 5.398e+16 710.278 426.058 
3351 5.39801e+16 710.278 426.059 
3352 5.39802e+16 710.278 426.061 
3353 5.39802e+16 710.279 426.063 
3354 5.39803e+16 710.279 426.064 
3355 5.39804e+16 710.28 426.066 
3356 5.39805e+16 710.28 426.068 
3357 5.39806e+16 710.281 426.069 
3358 5.39807e+16 710.282 426.071 
3359 5.39808e+16 710.283 426.073 
3360 5.39809e+16 710.284 426.074 
3361 5.3981e+16 710.285 426.076 
3362 5.39811e+16 710.286 426.078 
3363 5.39812e+16 710.287 426.079 
3364 5.39813e+16 710.288 426.081 
3365 5.39814e+16 710.289 426.083 
3366 5.39815e+16 710.291 426.084 
3367 5.39816e+16 710.292 426.086 
3368 5.39818e+16 710.294 426.087 
3369 5.39819e+16 710.295 426.088 
3370 5.3982e+16 710.297 426.09 
3371 5.39822e+16 710.299 426.091 
3372 5.39823e+16 710.301 426.092 
3373 5.39824e+16 710.303 426.093 
3374 5.39826e+16 710.305 426.095 
3375 5.39827e+16 710.307 426.096 
3376 5.39829e+16 710.309 426.097 
3377 5.39831e+16 710.311 426.098 
3378 5.39832e+16 710.313 426.098 
3379 5.39834e+16 710.315 426.099 
3380 5.39835e+16 710.317 426.1 
3381 5.39837e+16 710.32 426.1 
3382 5.39839e+16 710.322 426.101 
3383 5.39841e+16 710.324 426.101 
3384 5.39842e+16 710.327 426.101 
3385 5.39844e+16 710.329 426.102 
3386 5.39846e+16 710.332 426.102 
3387 5.39848e+16 710.334 426.102 
3388 5.3985e+16 710.336 426.101 
3389 5.39851e+16 710.339 426.101 
3390 5.39853e+16 710.341 426.101 
3391 5.39855e+16 710.343 426.1 
3392 5.39857e+16 710.346 426.1 
3393 5.39858e+16 710.348 426.099 
3394 5.3986e+16 710.35 426.098 
3395 5.39862e+16 710.353 426.097 
3396 5.39864e+16 710.355 426.096 
3397 5.39865e+16 710.357 426.095 
3398 5.39867e+16 710.359 426.094 
3399 5.39868e+16 710.361 426.092 
3400 5.3987e+16 710.363 426.091 
3401 5.39871e+16 710.365 426.089 
3402 5.39873e+16 710.366 426.087 
3403 5.39874e+16 710.368 426.086 
3404 5.39875e+16 710.37 426.084 
3405 5.39876e+16 710.371 426.082 
3406 5.39877e+16 710.372 426.079 
3407 5.39878e+16 710.374 426.077 
3408 5.39879e+16 710.375 426.075 
3409 5.3988e+16 710.376 426.072 
3410 5.3988e+16 710.377 426.07 
3411 5.39881e+16 710.377 426.067 
3412 5.39881e+16 710.378 426.065 
3413 5.39881e+16 710.378 426.062 
3414 5.39881e+16 710.379 426.059 
3415 5.39881e+16 710.379 426.056 
3416 5.39881e+16 710.379 426.053 
3417 5.39881e+16 710.378 426.05 
3418 5.3988e+16 710.378 426.047 
3419 5.39879e+16 710.378 426.044 
3420 5.39879e+16 710.377 426.041 
3421 5.39878e+16 710.376 426.038 
3422 5.39876e+16 710.375 426.035 
3423 5.39875e+16 710.374 426.031 
3424 5.39874e+16 710.372 426.028 
3425 5.39872e+16 710.371 426.025 
3426 5.3987e+16 710.369 426.022 
3427 5.39868e+16 710.367 426.018 
3428 5.39866e+16 710.365 426.015 
3429 5.39864e+16 710.363 426.012 
3430 5.39861e+16 710.36 426.008 
3431 5.39858e+16 710.358 426.005 
3432 5.39855e+16 710.355 426.002 
3433 5.39852e+16 710.352 425.998 
3434 5.39849e+16 710.349 425.995 
3435 5.39845e+16 710.346 425.992 
3436 5.39842e+16 710.342 425.989 
3437 5.39838e+16 710.339 425.985 
3438 5.39834e+16 710.335 425.982 
3439 5.3983e+16 710.331 425.979 
3440 5.39825e+16 710.327 425.976 
3441 5.39821e+16 710.323 425.973 
3442 5.39816e+16 710.318 425.97 
3443 5.39811e+16 710.314 425.967 
3444 5.39806e+16 710.309 425.964 
3445 5.39801e+16 710.304 425.961 
3446 5.39796e+16 710.3 425.958 
3447 5.3979e+16 710.295 425.956 
3448 5.39785e+16 710.289 425.953 
3449 5.39779e+16 710.284 425.95 
3450 5.39773e+16 710.279 425.948 
3451 5.39767e+16 710.274 425.945 
3452 5.39761e+16 710.268 425.943 
3453 5.39755e+16 710.263 425.94 
3454 5.39749e+16 710.257 425.938 
3455 5.39742e+16 710.251 425.935 
3456 5.39736e+16 710.246 425.933 
3457 5.39729e+16 710.24 425.931 
3458 5.39722e+16 710.234 425.928 
3459 5.39715e+16 710.228 425.926 
3460 5.39709e+16 710.223 425.924 
3461 5.39702e+16 710.217 425.922 
3462 5.39695e+16 710.211 425.919 
3463 5.39688e+16 710.205 425.917 
3464 5.3968e+16 710.199 425.915 
3465 5.39673e+16 710.193 425.913 
3466 5.39666e+16 710.187 425.911 
3467 5.39659e+16 710.182 425.909 
3468 5.39652e+16 710.176 425.907 
3469 5.39645e+16 710.17 425.905 
3470 5.39637e+16 710.165 425.903 
3471 5.3963e+16 710.159 425.901 
3472 5.39623e+16 710.153 425.899 
3473 5.39616e+16 710.148 425.897 
3474 5.39609e+16 710.143 425.895 
3475 5.39602e+16 710.137 425.893 
3476 5.39595e+16 710.132 425.892 
3477 5.39588e+16 710.127 425.89 
3478 5.39581e+16 710.122 425.888 
3479 5.39574e+16 710.117 425.886 
3480 5.39567e+16 710.112 425.884 
3481 5.3956e+16 710.108 425.882 
3482 5.39554e+16 710.103 425.88 
3483 5.39547e+16 710.099 425.878 
3484 5.3954e+16 710.095 425.875 
3485 5.39534e+16 710.09 425.873 
3486 5.39528e+16 710.086 425.871 
3487 5.39522e+16 710.083 425.869 
3488 5.39516e+16 710.079 425.867 
3489 5.3951e+16 710.075 425.865 
3490 5.39504e+16 710.072 425.863 
3491 5.39498e+16 710.069 425.861 
3492 5.39493e+16 710.066 425.858 
3493 5.39487e+16 710.063 425.856 
3494 5.39482e+16 710.06 425.854 
3495 5.39477e+16 710.058 425.852 
3496 5.39472e+16 710.055 425.849 
3497 5.39467e+16 710.053 425.847 
3498 5.39462e+16 710.051 425.845 
3499 5.39458e+16 710.049 425.842 
3500 5.39454e+16 710.048 425.84 
3501 5.39449e+16 710.046 425.838 
3502 5.39445e+16 710.045 425.835 
3503 5.39442e+16 710.044 425.833 
3504 5.39438e+16 710.043 425.831 
3505 5.39435e+16 710.042 425.828 
3506 5.39431e+16 710.041 425.826 
3507 5.39428e+16 710.04 425.824 
3508 5.39425e+16 710.04 425.821 
3509 5.39423e+16 710.04 425.819 
3510 5.3942e+16 710.04 425.817 
3511 5.39418e+16 710.04 425.815 
3512 5.39416e+16 710.04 425.813 
3513 5.39414e+16 710.041 425.81 
3514 5.39412e+16 710.041 425.808 
3515 5.39411e+16 710.042 425.806 
3516 5.3941e+16 710.043 425.804 
3517 5.39409e+16 710.044 425.802 
3518 5.39408e+16 710.045 425.8 
3519 5.39407e+16 710.046 425.799 
3520 5.39407e+16 710.047 425.797 
3521 5.39406e+16 710.048 425.795 
3522 5.39406e+16 710.05 425.793 
3523 5.39407e+16 710.052 425.792 
3524 5.39407e+16 710.053 425.79 
3525 5.39408e+16 710.055 425.789 
3526 5.39408e+16 710.057 425.788 
3527 5.3941e+16 710.059 425.787 
3528 5.39411e+16 710.061 425.785 
3529 5.39412e+16 710.063 425.784 
3530 5.39414e+16 710.066 425.784 
3531 5.39416e+16 710.068 425.783 
3532 5.39418e+16 710.07 425.782 
3533 5.3942e+16 710.073 425.781 
3534 5.39423e+16 710.075 425.781 
3535 5.39426e+16 710.078 425.781 
3536 5.39429e+16 710.08 425.78 
3537 5.39432e+16 710.083 425.78 
3538 5.39435e+16 710.086 425.78 
3539 5.39439e+16 710.088 425.78 
3540 5.39442e+16 710.091 425.78 
3541 5.39446e+16 710.094 425.781 
3542 5.3945e+16 710.096 425.781 
3543 5.39455e+16 710.099 425.782 
3544 5.39459e+16 710.102 425.782 
3545 5.39464e+16 710.105 425.783 
3546 5.39469e+16 710.107 425.784 
3547 5.39474e+16 710.11 425.785 
3548 5.39479e+16 710.113 425.786 
3549 5.39485e+16 710.116 425.787 
3550 5.39491e+16 710.118 425.788 
3551 5.39496e+16 710.121 425.79 
3552 5.39502e+16 710.124 425.791 
3553 5.39508e+16 710.127 425.793 
3554 5.39515e+16 710.129 425.794 
3555 5.39521e+16 710.132 425.796 
3556 5.39528e+16 710.135 425.798 
3557 5.39535e+16 710.137 425.8 
3558 5.39541e+16 710.14 425.802 
3559 5.39549e+16 710.142 425.804 
3560 5.39556e+16 710.145 425.806 
3561 5.39563e+16 710.147 425.808 
3562 5.3957e+16 710.15 425.811 
3563 5.39578e+16 710.152 425.813 
3564 5.39586e+16 710.155 425.815 
3565 5.39593e+16 710.157 425.818 
3566 5.39601e+16 710.16 425.82 
3567 5.39609e+16 710.162 425.823 
3568 5.39617e+16 710.164 425.825 
3569 5.39625e+16 710.167 425.828 
3570 5.39633e+16 710.169 425.83 
3571 5.39641e+16 710.171 425.833 
3572 5.3965e+16 710.173 425.836 
3573 5.39658e+16 710.176 425.838 
3574 5.39666e+16 710.178 425.841 
3575 5.39675e+16 710.18 425.844 
3576 5.39683e+16 710.182 425.846 
3577 5.39692e+16 710.184 425.849 
3578 5.397e+16 710.186 425.852 
3579 5.39709e+16 710.188 425.854 
3580 5.39717e+16 710.191 425.857 
3581 5.39726e+16 710.193 425.86 
3582 5.39734e+16 710.195 425.862 
3583 5.39743e+16 710.197 425.865 
3584 5.39751e+16 710.199 425.868 
3585 5.39759e+16 710.201 425.87 
3586 5.39768e+16 710.203 425.873 
3587 5.39776e+16 710.205 425.875 
3588 5.39784e+16 710.207 425.878 
3589 5.39792e+16 710.209 425.88 
3590 5.398e+16 710.211 425.883 
3591 5.39808e+16 710.214 425.885 
3592 5.39816e+16 710.216 425.888 
3593 5.39824e+16 710.218 425.89 
3594 5.39832e+16 710.22 425.892 
3595 5.3984e+16 710.222 425.895 
3596 5.39847e+16 710.224 425.897 
3597 5.39855e+16 710.227 425.899 
3598 5.39862e+16 710.229 425.901 
3599 5.39869e+16 710.231 425.904 
3600 5.39876e+16 710.234 425.906 
3601 5.39883e+16 710.236 425.908 
3602 5.3989e+16 710.238 425.91 
3603 5.39896e+16 710.241 425.912 
3604 5.39903e+16 710.243 425.914 
3605 5.39909e+16 710.246 425.916 
3606 5.39915e+16 710.248 425.918 
3607 5.39921e+16 710.251 425.92 
3608 5.39927e+16 710.254 425.922 
3609 5.39933e+16 710.256 425.924 
3610 5.39938e+16 710.259 425.926 
3611 5.39944e+16 710.262 425.928 
3612 5.39949e+16 710.265 425.93 
3613 5.39954e+16 710.267 425.932 
3614 5.39958e+16 710.27 425.934 
3615 5.39963e+16 710.273 425.936 
3616 5.39967e+16 710.276 425.938 
3617 5.39972e+16 710.279 425.94 
3618 5.39976e+16 710.282 425.942 
3619 5.3998e+16 710.285 425.945 
3620 5.39983e+16 710.288 425.947 
3621 5.39987e+16 710.292 425.949 
3622 5.3999e+16 710.295 425.951 
3623 5.39993e+16 710.298 425.953 
3624 5.39996e+16 710.301 425.955 
3625 5.39999e+16 710.304 425.957 
3626 5.40001e+16 710.308 425.959 
3627 5.40004e+16 710.311 425.962 
3628 5.40006e+16 710.314 425.964 
3629 5.40008e+16 710.317 425.966 
3630 5.4001e+16 710.321 425.968 
3631 5.40012e+16 710.324 425.971 
3632 5.40013e+16 710.327 425.973 
3633 5.40015e+16 710.331 425.975 
3634 5.40016e+16 710.334 425.978 
3635 5.40017e+16 710.337 425.98 
3636 5.40018e+16 710.341 425.983 
3637 5.40018e+16 710.344 425.985 
3638 5.40019e+16 710.347 425.988 
3639 5.40019e+16 710.35 425.99 
3640 5.4002e+16 710.354 425.993 
3641 5.4002e+16 710.357 425.995 
3642 5.4002e+16 710.36 425.998 
3643 5.40019e+16 710.363 426.001 
3644 5.40019e+16 710.366 426.003 
3645 5.40019e+16 710.369 426.006 
3646 5.40018e+16 710.372 426.009 
3647 5.40017e+16 710.375 426.011 
3648 5.40017e+16 710.377 426.014 
3649 5.40016e+16 710.38 426.017 
3650 5.40014e+16 710.383 426.019 
3651 5.40013e+16 710.385 426.022 
3652 5.40012e+16 710.388 426.025 
3653 5.4001e+16 710.39 426.027 
3654 5.40009e+16 710.393 426.03 
3655 5.40007e+16 710.395 426.032 
3656 5.40005e+16 710.397 426.035 
3657 5.40003e+16 710.399 426.038 
3658 5.40001e+16 710.401 426.04 
3659 5.39999e+16 710.403 426.043 
3660 5.39997e+16 710.404 426.045 
3661 5.39994e+16 710.406 426.047 
3662 5.39992e+16 710.407 426.05 
3663 5.39989e+16 710.408 426.052 
3664 5.39987e+16 710.41 426.054 
3665 5.39984e+16 710.411 426.056 
3666 5.39981e+16 710.412 426.059 
3667 5.39978e+16 710.412 426.061 
3668 5.39975e+16 710.413 426.063 
3669 5.39972e+16 710.413 426.064 
3670 5.39968e+16 710.414 426.066 
3671 5.39965e+16 710.414 426.068 
3672 5.39961e+16 710.414 426.07 
3673 5.39958e+16 710.414 426.071 
3674 5.39954e+16 710.413 426.073 
3675 5.3995e+16 710.413 426.074 
3676 5.39946e+16 710.412 426.075 
3677 5.39942e+16 710.412 426.076 
3678 5.39938e+16 710.411 426.077 
3679 5.39933e+16 710.41 426.078 
3680 5.39929e+16 710.408 426.079 
3681 5.39924e+16 710.407 426.08 
3682 5.3992e+16 710.406 426.081 
3683 5.39915e+16 710.404 426.081 
3684 5.3991e+16 710.402 426.082 
3685 5.39905e+16 710.4 426.082 
3686 5.399e+16 710.398 426.082 
3687 5.39894e+16 710.396 426.082 
3688 5.39889e+16 710.393 426.082 
3689 5.39884e+16 710.391 426.082 
3690 5.39878e+16 710.388 426.082 
3691 5.39872e+16 710.385 426.082 
3692 5.39866e+16 710.382 426.081 
3693 5.3986e+16 710.379 426.081 
3694 5.39854e+16 710.376 426.08 
3695 5.39848e+16 710.372 426.079 
3696 5.39841e+16 710.369 426.078 
3697 5.39835e+16 710.365 426.078 
3698 5.39828e+16 710.362 426.077 
3699 5.39821e+16 710.358 426.075 
3700 5.39814e+16 710.354 426.074 
3701 5.39807e+16 710.35 426.073 
3702 5.398e+16 710.346 426.072 
3703 5.39793e+16 710.342 426.07 
3704 5.39785e+16 710.337 426.069 
3705 5.39778e+16 710.333 426.067 
3706 5.3977e+16 710.328 426.066 
3707 5.39763e+16 710.324 426.064 
3708 5.39755e+16 710.319 426.062 
3709 5.39747e+16 710.315 426.061 
3710 5.39739e+16 710.31 426.059 
3711 5.39731e+16 710.305 426.057 
3712 5.39723e+16 710.3 426.055 
3713 5.39715e+16 710.296 426.053 
3714 5.39706e+16 710.291 426.051 
3715 5.39698e+16 710.286 426.049 
3716 5.3969e+16 710.281 426.047 
3717 5.39681e+16 710.276 426.045 
3718 5.39673e+16 710.271 426.043 
3719 5.39664e+16 710.266 426.041 
3720 5.39656e+16 710.261 426.039 
3721 5.39648e+16 710.256 426.037 
3722 5.39639e+16 710.251 426.034 
3723 5.39631e+16 710.247 426.032 
3724 5.39622e+16 710.242 426.03 
3725 5.39614e+16 710.237 426.028 
3726 5.39605e+16 710.232 426.026 
3727 5.39597e+16 710.227 426.024 
3728 5.39588e+16 710.223 426.022 
3729 5.3958e+16 710.218 426.02 
3730 5.39572e+16 710.214 426.018 
3731 5.39564e+16 710.209 426.016 
3732 5.39556e+16 710.205 426.014 
3733 5.39548e+16 710.2 426.011 
3734 5.3954e+16 710.196 426.009 
3735 5.39532e+16 710.192 426.007 
3736 5.39525e+16 710.188 426.005 
3737 5.39518e+16 710.183 426.003 
3738 5.3951e+16 710.179 426.002 
3739 5.39503e+16 710.176 426 
3740 5.39496e+16 710.172 425.998 
3741 5.39489e+16 710.168 425.996 
3742 5.39483e+16 710.165 425.994 
3743 5.39477e+16 710.161 425.992 
3744 5.3947e+16 710.158 425.99 
3745 5.39464e+16 710.154 425.988 
3746 5.39459e+16 710.151 425.986 
3747 5.39453e+16 710.148 425.985 
3748 5.39448e+16 710.145 425.983 
3749 5.39443e+16 710.142 425.981 
3750 5.39438e+16 710.139 425.979 
3751 5.39434e+16 710.137 425.977 
3752 5.3943e+16 710.134 425.975 
3753 5.39426e+16 710.132 425.974 
3754 5.39422e+16 710.129 425.972 
3755 5.39419e+16 710.127 425.97 
3756 5.39415e+16 710.125 425.968 
3757 5.39413e+16 710.123 425.966 
3758 5.3941e+16 710.121 425.964 
3759 5.39408e+16 710.119 425.962 
3760 5.39406e+16 710.117 425.96 
3761 5.39404e+16 710.116 425.958 
3762 5.39403e+16 710.114 425.956 
3763 5.39402e+16 710.113 425.954 
3764 5.39401e+16 710.112 425.952 
3765 5.39401e+16 710.11 425.95 
3766 5.394e+16 710.109 425.948 
3767 5.39401e+16 710.108 425.946 
3768 5.39401e+16 710.107 425.944 
3769 5.39402e+16 710.106 425.942 
3770 5.39403e+16 710.105 425.939 
3771 5.39404e+16 710.105 425.937 
3772 5.39406e+16 710.104 425.935 
3773 5.39407e+16 710.103 425.933 
3774 5.3941e+16 710.103 425.93 
3775 5.39412e+16 710.102 425.928 
3776 5.39415e+16 710.102 425.925 
3777 5.39417e+16 710.101 425.923 
3778 5.39421e+16 710.101 425.92 
3779 5.39424e+16 710.101 425.918 
3780 5.39428e+16 710.1 425.915 
3781 5.39431e+16 710.1 425.912 
3782 5.39435e+16 710.1 425.91 
3783 5.3944e+16 710.1 425.907 
3784 5.39444e+16 710.099 425.904 
3785 5.39449e+16 710.099 425.901 
3786 5.39453e+16 710.099 425.898 
3787 5.39458e+16 710.099 425.895 
3788 5.39463e+16 710.099 425.893 
3789 5.39469e+16 710.099 425.89 
3790 5.39474e+16 710.099 425.887 
3791 5.39479e+16 710.099 425.884 
3792 5.39485e+16 710.099 425.881 
3793 5.39491e+16 710.099 425.878 
3794 5.39496e+16 710.099 425.875 
3795 5.39502e+16 710.099 425.872 
3796 5.39508e+16 710.099 425.869 
3797 5.39514e+16 710.099 425.866 
3798 5.3952e+16 710.099 425.863 
3799 5.39526e+16 710.099 425.86 
3800 5.39532e+16 710.099 425.857 
3801 5.39538e+16 710.099 425.854 
3802 5.39544e+16 710.099 425.851 
3803 5.3955e+16 710.098 425.848 
3804 5.39557e+16 710.098 425.845 
3805 5.39563e+16 710.098 425.842 
3806 5.39569e+16 710.098 425.839 
3807 5.39575e+16 710.098 425.836 
3808 5.3958e+16 710.098 425.834 
3809 5.39586e+16 710.098 425.831 
3810 5.39592e+16 710.098 425.828 
3811 5.39598e+16 710.097 425.826 
3812 5.39603e+16 710.097 425.823 
3813 5.39609e+16 710.097 425.821 
3814 5.39614e+16 710.097 425.818 
3815 5.3962e+16 710.097 425.816 
3816 5.39625e+16 710.096 425.814 
3817 5.3963e+16 710.096 425.812 
3818 5.39635e+16 710.096 425.81 
3819 5.3964e+16 710.096 425.808 
3820 5.39645e+16 710.095 425.806 
3821 5.39649e+16 710.095 425.804 
3822 5.39654e+16 710.095 425.802 
3823 5.39658e+16 710.095 425.801 
3824 5.39663e+16 710.095 425.799 
3825 5.39667e+16 710.095 425.798 
3826 5.39671e+16 710.095 425.796 
3827 5.39675e+16 710.094 425.795 
3828 5.39678e+16 710.094 425.794 
3829 5.39682e+16 710.094 425.793 
3830 5.39686e+16 710.094 425.792 
3831 5.39689e+16 710.094 425.791 
3832 5.39692e+16 710.095 425.79 
3833 5.39695e+16 710.095 425.79 
3834 5.39698e+16 710.095 425.789 
3835 5.39701e+16 710.095 425.788 
3836 5.39704e+16 710.096 425.788 
3837 5.39707e+16 710.096 425.788 
3838 5.39709e+16 710.096 425.788 
3839 5.39712e+16 710.097 425.788 
3840 5.39714e+16 710.098 425.788 
3841 5.39716e+16 710.098 425.788 
3842 5.39719e+16 710.099 425.788 
3843 5.39721e+16 710.1 425.788 
3844 5.39723e+16 710.101 425.788 
3845 5.39725e+16 710.102 425.789 
3846 5.39727e+16 710.103 425.789 
3847 5.39729e+16 710.104 425.79 
3848 5.3973e+16 710.105 425.791 
3849 5.39732e+16 710.107 425.791 
3850 5.39734e+16 710.108 425.792 
3851 5.39735e+16 710.11 425.793 
3852 5.39737e+16 710.112 425.794 
3853 5.39739e+16 710.114 425.795 
3854 5.3974e+16 710.115 425.796 
3855 5.39742e+16 710.118 425.797 
3856 5.39743e+16 710.12 425.798 
3857 5.39745e+16 710.122 425.799 
3858 5.39746e+16 710.124 425.8 
3859 5.39748e+16 710.127 425.801 
3860 5.39749e+16 710.13 425.803 
3861 5.39751e+16 710.132 425.804 
3862 5.39753e+16 710.135 425.805 
3863 5.39754e+16 710.138 425.806 
3864 5.39756e+16 710.141 425.808 
3865 5.39757e+16 710.144 425.809 
3866 5.39759e+16 710.148 425.81 
3867 5.3976e+16 710.151 425.812 
3868 5.39762e+16 710.155 425.813 
3869 5.39764e+16 710.158 425.815 
3870 5.39766e+16 710.162 425.816 
3871 5.39767e+16 710.166 425.817 
3872 5.39769e+16 710.17 425.819 
3873 5.39771e+16 710.174 425.82 
3874 5.39773e+16 710.178 425.822 
3875 5.39774e+16 710.182 425.823 
3876 5.39776e+16 710.187 425.824 
3877 5.39778e+16 710.191 425.826 
3878 5.3978e+16 710.196 425.827 
3879 5.39782e+16 710.2 425.829 
3880 5.39784e+16 710.205 425.83 
3881 5.39786e+16 710.21 425.831 
3882 5.39788e+16 710.214 425.833 
3883 5.3979e+16 710.219 425.834 
3884 5.39792e+16 710.224 425.836 
3885 5.39794e+16 710.229 425.837 
3886 5.39796e+16 710.234 425.838 
3887 5.39798e+16 710.239 425.84 
3888 5.398e+16 710.244 425.841 
3889 5.39802e+16 710.249 425.842 
3890 5.39804e+16 710.254 425.844 
3891 5.39806e+16 710.259 425.845 
3892 5.39808e+16 710.264 425.847 
3893 5.39809e+16 710.269 425.848 
3894 5.39811e+16 710.274 425.849 
3895 5.39813e+16 710.279 425.851 
3896 5.39815e+16 710.284 425.852 
3897 5.39816e+16 710.289 425.854 
3898 5.39818e+16 710.294 425.855 
3899 5.39819e+16 710.299 425.857 
3900 5.39821e+16 710.304 425.858 
3901 5.39822e+16 710.309 425.86 
3902 5.39824e+16 710.314 425.861 
3903 5.39825e+16 710.319 425.863 
3904 5.39826e+16 710.323 425.864 
3905 5.39827e+16 710.328 425.866 
3906 5.39828e+16 710.332 425.868 
3907 5.39829e+16 710.337 425.87 
3908 5.3983e+16 710.341 425.871 
3909 5.3983e+16 710.345 425.873 
3910 5.39831e+16 710.349 425.875 
3911 5.39831e+16 710.353 425.877 
3912 5.39832e+16 710.357 425.879 
3913 5.39832e+16 710.361 425.881 
3914 5.39832e+16 710.365 425.883 
3915 5.39832e+16 710.368 425.885 
3916 5.39832e+16 710.372 425.887 
3917 5.39831e+16 710.375 425.889 
3918 5.39831e+16 710.378 425.892 
3919 5.3983e+16 710.381 425.894 
3920 5.3983e+16 710.384 425.896 
3921 5.39829e+16 710.386 425.899 
3922 5.39828e+16 710.389 425.901 
3923 5.39827e+16 710.391 425.903 
3924 5.39826e+16 710.393 425.906 
3925 5.39824e+16 710.396 425.909 
3926 5.39823e+16 710.397 425.911 
3927 5.39822e+16 710.399 425.914 
3928 5.3982e+16 710.401 425.917 
3929 5.39818e+16 710.402 425.919 
3930 5.39816e+16 710.403 425.922 
3931 5.39814e+16 710.404 425.925 
3932 5.39812e+16 710.405 425.928 
3933 5.3981e+16 710.406 425.931 
3934 5.39808e+16 710.407 425.934 
3935 5.39806e+16 710.407 425.937 
3936 5.39803e+16 710.407 425.94 
3937 5.39801e+16 710.407 425.943 
3938 5.39798e+16 710.407 425.946 
3939 5.39795e+16 710.407 425.949 
3940 5.39793e+16 710.407 425.952 
3941 5.3979e+16 710.406 425.955 
3942 5.39787e+16 710.405 425.958 
3943 5.39784e+16 710.405 425.961 
3944 5.39782e+16 710.404 425.964 
3945 5.39779e+16 710.402 425.967 
3946 5.39776e+16 710.401 425.97 
3947 5.39773e+16 710.4 425.973 
3948 5.3977e+16 710.398 425.976 
3949 5.39767e+16 710.396 425.979 
3950 5.39764e+16 710.395 425.982 
3951 5.39761e+16 710.393 425.985 
3952 5.39758e+16 710.391 425.988 
3953 5.39755e+16 710.388 425.991 
3954 5.39752e+16 710.386 425.994 
3955 5.39749e+16 710.384 425.997 
3956 5.39746e+16 710.381 425.999 
3957 5.39744e+16 710.379 426.002 
3958 5.39741e+16 710.376 426.005 
3959 5.39738e+16 710.373 426.007 
3960 5.39736e+16 710.37 426.01 
3961 5.39733e+16 710.367 426.012 
3962 5.3973e+16 710.364 426.014 
3963 5.39728e+16 710.361 426.017 
3964 5.39726e+16 710.358 426.019 
3965 5.39723e+16 710.355 426.021 
3966 5.39721e+16 710.352 426.023 
3967 5.39719e+16 710.348 426.025 
3968 5.39717e+16 710.345 426.027 
3969 5.39715e+16 710.342 426.029 
3970 5.39713e+16 710.338 426.031 
3971 5.39711e+16 710.335 426.032 
3972 5.39709e+16 710.331 426.034 
3973 5.39708e+16 710.328 426.035 
3974 5.39706e+16 710.324 426.037 
3975 5.39705e+16 710.321 426.038 
3976 5.39703e+16 710.317 426.039 
3977 5.39702e+16 710.314 426.041 
3978 5.39701e+16 710.31 426.042 
3979 5.397e+16 710.307 426.043 
3980 5.39698e+16 710.303 426.043 
3981 5.39697e+16 710.3 426.044 
3982 5.39697e+16 710.296 426.045 
3983 5.39696e+16 710.293 426.046 
3984 5.39695e+16 710.289 426.046 
3985 5.39694e+16 710.286 426.047 
3986 5.39694e+16 710.282 426.047 
3987 5.39693e+16 710.279 426.047 
3988 5.39693e+16 710.275 426.048 
3989 5.39692e+16 710.272 426.048 
3990 5.39692e+16 710.269 426.048 
3991 5.39692e+16 710.265 426.048 
3992 5.39691e+16 710.262 426.048 
3993 5.39691e+16 710.259 426.048 
3994 5.39691e+16 710.256 426.048 
3995 5.39691e+16 710.253 426.048 
3996 5.3969e+16 710.25 426.047 
3997 5.3969e+16 710.247 426.047 
3998 5.3969e+16 710.244 426.047 
3999 5.3969e+16 710.241 426.046 
4000 5.3969e+16 710.238 426.046 
4001 5.3969e+16 710.235 426.045 
4002 5.3969e+16 710.232 426.045 
4003 5.3969e+16 710.229 426.044 
4004 5.39689e+16 710.227 426.044 
4005 5.39689e+16 710.224 426.043 
4006 5.39689e+16 710.221 426.043 
4007 5.39689e+16 710.219 426.042 
4008 5.39689e+16 710.216 426.041 
4009 5.39689e+16 710.214 426.041 
4010 5.39688e+16 710.211 426.04 
4011 5.39688e+16 710.209 426.039 
4012 5.39688e+16 710.206 426.038 
4013 5.39687e+16 710.204 426.038 
4014 5.39687e+16 710.201 426.037 
4015 5.39686e+16 710.199 426.036 
4016 5.39686e+16 710.197 426.035 
4017 5.39685e+16 710.194 426.035 
4018 5.39685e+16 710.192 426.034 
4019 5.39684e+16 710.19 426.033 
4020 5.39683e+16 710.188 426.032 
4021 5.39683e+16 710.186 426.032 
4022 5.39682e+16 710.183 426.031 
4023 5.39681e+16 710.181 426.03 
4024 5.3968e+16 710.179 426.029 
4025 5.39679e+16 710.177 426.028 
4026 5.39678e+16 710.175 426.028 
4027 5.39677e+16 710.173 426.027 
4028 5.39676e+16 710.171 426.026 
4029 5.39675e+16 710.168 426.025 
4030 5.39673e+16 710.166 426.024 
4031 5.39672e+16 710.164 426.023 
4032 5.39671e+16 710.162 426.023 
4033 5.39669e+16 710.16 426.022 
4034 5.39668e+16 710.158 426.021 
4035 5.39667e+16 710.156 426.02 
4036 5.39665e+16 710.154 426.019 
4037 5.39664e+16 710.152 426.018 
4038 5.39662e+16 710.15 426.017 
4039 5.39661e+16 710.147 426.016 
4040 5.39659e+16 710.145 426.015 
4041 5.39658e+16 710.143 426.014 
4042 5.39656e+16 710.141 426.013 
4043 5.39655e+16 710.139 426.012 
4044 5.39653e+16 710.137 426.011 
4045 5.39651e+16 710.135 426.01 
4046 5.3965e+16 710.132 426.008 
4047 5.39648e+16 710.13 426.007 
4048 5.39647e+16 710.128 426.006 
4049 5.39645e+16 710.126 426.004 
4050 5.39644e+16 710.124 426.003 
4051 5.39642e+16 710.122 426.002 
4052 5.39641e+16 710.119 426 
4053 5.3964e+16 710.117 425.999 
4054 5.39638e+16 710.115 425.997 
4055 5.39637e+16 710.113 425.995 
4056 5.39636e+16 710.111 425.994 
4057 5.39635e+16 710.108 425.992 
4058 5.39633e+16 710.106 425.99 
4059 5.39632e+16 710.104 425.988 
4060 5.39631e+16 710.102 425.986 
4061 5.3963e+16 710.1 425.984 
4062 5.39629e+16 710.098 425.982 
4063 5.39628e+16 710.096 425.98 
4064 5.39627e+16 710.094 425.978 
4065 5.39627e+16 710.092 425.976 
4066 5.39626e+16 710.09 425.973 
4067 5.39625e+16 710.088 425.971 
4068 5.39625e+16 710.086 425.968 
4069 5.39624e+16 710.084 425.966 
4070 5.39624e+16 710.082 425.963 
4071 5.39623e+16 710.08 425.961 
4072 5.39623e+16 710.079 425.958 
4073 5.39623e+16 710.077 425.955 
4074 5.39623e+16 710.075 425.953 
4075 5.39622e+16 710.074 425.95 
4076 5.39622e+16 710.072 425.947 
4077 5.39622e+16 710.071 425.944 
4078 5.39622e+16 710.07 425.941 
4079 5.39622e+16 710.068 425.938 
4080 5.39622e+16 710.067 425.935 
4081 5.39623e+16 710.066 425.932 
4082 5.39623e+16 710.065 425.929 
4083 5.39623e+16 710.064 425.926 
4084 5.39623e+16 710.064 425.923 
4085 5.39623e+16 710.063 425.919 
4086 5.39624e+16 710.062 425.916 
4087 5.39624e+16 710.062 425.913 
4088 5.39624e+16 710.061 425.91 
4089 5.39625e+16 710.061 425.907 
4090 5.39625e+16 710.061 425.904 
4091 5.39626e+16 710.061 425.9 
4092 5.39626e+16 710.061 425.897 
4093 5.39626e+16 710.061 425.894 
4094 5.39627e+16 710.062 425.891 
4095 5.39627e+16 710.062 425.888 
4096 5.39628e+16 710.063 425.885 
4097 5.39628e+16 710.063 425.882 
4098 5.39628e+16 710.064 425.879 
4099 5.39629e+16 710.065 425.876 
4100 5.39629e+16 710.066 425.873 
4101 5.39629e+16 710.068 425.87 
4102 5.3963e+16 710.069 425.867 
4103 5.3963e+16 710.071 425.864 
4104 5.3963e+16 710.073 425.861 
4105 5.3963e+16 710.074 425.859 
4106 5.3963e+16 710.076 425.856 
4107 5.3963e+16 710.079 425.853 
4108 5.3963e+16 710.081 425.851 
4109 5.3963e+16 710.083 425.848 
4110 5.3963e+16 710.086 425.846 
4111 5.3963e+16 710.089 425.844 
4112 5.3963e+16 710.092 425.841 
4113 5.3963e+16 710.095 425.839 
4114 5.3963e+16 710.098 425.837 
4115 5.3963e+16 710.101 425.835 
4116 5.39629e+16 710.104 425.833 
4117 5.39629e+16 710.108 425.831 
4118 5.39629e+16 710.112 425.829 
4119 5.39628e+16 710.116 425.827 
4120 5.39628e+16 710.119 425.826 
4121 5.39627e+16 710.124 425.824 
4122 5.39627e+16 710.128 425.823 
4123 5.39626e+16 710.132 425.821 
4124 5.39626e+16 710.136 425.82 
4125 5.39625e+16 710.141 425.819 
4126 5.39624e+16 710.146 425.817 
4127 5.39624e+16 710.15 425.816 
4128 5.39623e+16 710.155 425.815 
4129 5.39623e+16 710.16 425.814 
4130 5.39622e+16 710.165 425.813 
4131 5.39621e+16 710.17 425.812 
4132 5.39621e+16 710.175 425.812 
4133 5.3962e+16 710.181 425.811 
4134 5.3962e+16 710.186 425.81 
4135 5.39619e+16 710.191 425.809 
4136 5.39618e+16 710.197 425.809 
4137 5.39618e+16 710.202 425.808 
4138 5.39618e+16 710.207 425.808 
4139 5.39617e+16 710.213 425.807 
4140 5.39617e+16 710.219 425.807 
4141 5.39616e+16 710.224 425.807 
4142 5.39616e+16 710.23 425.806 
4143 5.39616e+16 710.235 425.806 
4144 5.39616e+16 710.241 425.806 
4145 5.39616e+16 710.246 425.806 
4146 5.39616e+16 710.252 425.806 
4147 5.39616e+16 710.257 425.805 
4148 5.39617e+16 710.263 425.805 
4149 5.39617e+16 710.268 425.805 
4150 5.39617e+16 710.274 425.805 
4151 5.39618e+16 710.279 425.805 
4152 5.39619e+16 710.284 425.805 
4153 5.39619e+16 710.29 425.805 
4154 5.3962e+16 710.295 425.805 
4155 5.39621e+16 710.3 425.805 
4156 5.39622e+16 710.305 425.805 
4157 5.39624e+16 710.31 425.805 
4158 5.39625e+16 710.315 425.805 
4159 5.39626e+16 710.32 425.805 
4160 5.39628e+16 710.324 425.805 
4161 5.3963e+16 710.329 425.805 
4162 5.39632e+16 710.333 425.805 
4163 5.39633e+16 710.337 425.805 
4164 5.39636e+16 710.342 425.805 
4165 5.39638e+16 710.346 425.805 
4166 5.3964e+16 710.349 425.805 
4167 5.39643e+16 710.353 425.806 
4168 5.39645e+16 710.357 425.806 
4169 5.39648e+16 710.36 425.806 
4170 5.3965e+16 710.363 425.806 
4171 5.39653e+16 710.366 425.806 
4172 5.39656e+16 710.369 425.806 
4173 5.39659e+16 710.372 425.806 
4174 5.39662e+16 710.375 425.806 
4175 5.39666e+16 710.377 425.806 
4176 5.39669e+16 710.379 425.806 
4177 5.39672e+16 710.381 425.807 
4178 5.39676e+16 710.383 425.807 
4179 5.39679e+16 710.385 425.807 
4180 5.39683e+16 710.386 425.807 
4181 5.39686e+16 710.387 425.807 
4182 5.3969e+16 710.389 425.808 
4183 5.39693e+16 710.389 425.808 
4184 5.39697e+16 710.39 425.808 
4185 5.397e+16 710.391 425.809 
4186 5.39704e+16 710.391 425.809 
4187 5.39708e+16 710.391 425.809 
4188 5.39711e+16 710.391 425.81 
4189 5.39715e+16 710.39 425.81 
4190 5.39718e+16 710.39 425.811 
4191 5.39722e+16 710.389 425.811 
4192 5.39725e+16 710.388 425.812 
4193 5.39728e+16 710.387 425.813 
4194 5.39732e+16 710.386 425.814 
4195 5.39735e+16 710.385 425.814 
4196 5.39738e+16 710.383 425.815 
4197 5.39741e+16 710.381 425.816 
4198 5.39744e+16 710.379 425.817 
4199 5.39746e+16 710.377 425.818 
4200 5.39749e+16 710.375 425.819 
4201 5.39751e+16 710.372 425.821 
4202 5.39754e+16 710.37 425.822 
4203 5.39756e+16 710.367 425.823 
4204 5.39758e+16 710.364 425.825 
4205 5.3976e+16 710.361 425.826 
4206 5.39761e+16 710.357 425.828 
4207 5.39763e+16 710.354 425.829 
4208 5.39764e+16 710.35 425.831 
4209 5.39765e+16 710.347 425.833 
4210 5.39766e+16 710.343 425.835 
4211 5.39767e+16 710.339 425.837 
4212 5.39768e+16 710.335 425.839 
4213 5.39768e+16 710.331 425.841 
4214 5.39768e+16 710.327 425.843 
4215 5.39768e+16 710.323 425.845 
4216 5.39768e+16 710.318 425.847 
4217 5.39768e+16 710.314 425.849 
4218 5.39767e+16 710.31 425.852 
4219 5.39766e+16 710.305 425.854 
4220 5.39765e+16 710.3 425.857 
4221 5.39764e+16 710.296 425.859 
4222 5.39763e+16 710.291 425.862 
4223 5.39761e+16 710.286 425.865 
4224 5.39759e+16 710.282 425.867 
4225 5.39757e+16 710.277 425.87 
4226 5.39755e+16 710.272 425.873 
4227 5.39753e+16 710.267 425.876 
4228 5.39751e+16 710.263 425.879 
4229 5.39748e+16 710.258 425.882 
4230 5.39745e+16 710.253 425.885 
4231 5.39742e+16 710.248 425.888 
4232 5.39739e+16 710.244 425.891 
4233 5.39736e+16 710.239 425.894 
4234 5.39733e+16 710.234 425.897 
4235 5.3973e+16 710.23 425.9 
4236 5.39726e+16 710.225 425.903 
4237 5.39723e+16 710.221 425.906 
4238 5.39719e+16 710.216 425.909 
4239 5.39716e+16 710.212 425.912 
4240 5.39712e+16 710.207 425.915 
4241 5.39708e+16 710.203 425.918 
4242 5.39704e+16 710.199 425.921 
4243 5.397e+16 710.195 425.924 
4244 5.39696e+16 710.191 425.927 
4245 5.39693e+16 710.187 425.93 
4246 5.39689e+16 710.183 425.933 
4247 5.39685e+16 710.18 425.935 
4248 5.39681e+16 710.176 425.938 
4249 5.39677e+16 710.173 425.941 
4250 5.39673e+16 710.169 425.944 
4251 5.3967e+16 710.166 425.946 
4252 5.39666e+16 710.163 425.949 
4253 5.39663e+16 710.16 425.952 
4254 5.39659e+16 710.157 425.954 
4255 5.39656e+16 710.154 425.957 
4256 5.39653e+16 710.152 425.959 
4257 5.39649e+16 710.149 425.962 
4258 5.39646e+16 710.147 425.964 
4259 5.39643e+16 710.145 425.966 
4260 5.39641e+16 710.142 425.968 
4261 5.39638e+16 710.14 425.97 
4262 5.39636e+16 710.138 425.973 
4263 5.39633e+16 710.137 425.975 
4264 5.39631e+16 710.135 425.977 
4265 5.39629e+16 710.133 425.978 
4266 5.39627e+16 710.132 425.98 
4267 5.39626e+16 710.131 425.982 
4268 5.39624e+16 710.13 425.984 
4269 5.39623e+16 710.128 425.985 
4270 5.39622e+16 710.128 425.987 
4271 5.39621e+16 710.127 425.988 
4272 5.3962e+16 710.126 425.99 
4273 5.39619e+16 710.125 425.991 
4274 5.39619e+16 710.125 425.992 
4275 5.39619e+16 710.124 425.994 
4276 5.39619e+16 710.124 425.995 
4277 5.39619e+16 710.124 425.996 
4278 5.39619e+16 710.124 425.997 
4279 5.3962e+16 710.124 425.998 
4280 5.3962e+16 710.124 425.999 
4281 5.39621e+16 710.124 426 
4282 5.39622e+16 710.124 426.001 
4283 5.39623e+16 710.124 426.002 
4284 5.39625e+16 710.125 426.003 
4285 5.39626e+16 710.125 426.004 
4286 5.39628e+16 710.125 426.004 
4287 5.39629e+16 710.126 426.005 
4288 5.39631e+16 710.127 426.006 
4289 5.39633e+16 710.127 426.007 
4290 5.39635e+16 710.128 426.007 
4291 5.39637e+16 710.129 426.008 
4292 5.39639e+16 710.129 426.009 
4293 5.39641e+16 710.13 426.009 
4294 5.39644e+16 710.131 426.01 
4295 5.39646e+16 710.132 426.01 
4296 5.39649e+16 710.133 426.011 
4297 5.39651e+16 710.134 426.011 
4298 5.39654e+16 710.135 426.012 
4299 5.39656e+16 710.136 426.012 
4300 5.39659e+16 710.137 426.013 
4301 5.39661e+16 710.138 426.013 
4302 5.39664e+16 710.138 426.014 
4303 5.39666e+16 710.139 426.014 
4304 5.39669e+16 710.14 426.015 
4305 5.39671e+16 710.141 426.015 
4306 5.39674e+16 710.142 426.016 
4307 5.39676e+16 710.143 426.016 
4308 5.39679e+16 710.144 426.017 
4309 5.39681e+16 710.145 426.017 
4310 5.39683e+16 710.146 426.018 
4311 5.39685e+16 710.147 426.018 
4312 5.39687e+16 710.148 426.019 
4313 5.39689e+16 710.149 426.019 
4314 5.39691e+16 710.15 426.02 
4315 5.39693e+16 710.151 426.02 
4316 5.39695e+16 710.152 426.021 
4317 5.39696e+16 710.153 426.021 
4318 5.39698e+16 710.154 426.021 
4319 5.39699e+16 710.155 426.022 
4320 5.397e+16 710.155 426.022 
4321 5.39701e+16 710.156 426.023 
4322 5.39702e+16 710.157 426.023 
4323 5.39703e+16 710.158 426.023 
4324 5.39704e+16 710.159 426.024 
4325 5.39704e+16 710.159 426.024 
4326 5.39705e+16 710.16 426.024 
4327 5.39705e+16 710.161 426.024 
4328 5.39705e+16 710.162 426.024 
4329 5.39705e+16 710.163 426.025 
4330 5.39705e+16 710.163 426.025 
4331 5.39705e+16 710.164 426.025 
4332 5.39705e+16 710.165 426.025 
4333 5.39704e+16 710.166 426.025 
4334 5.39704e+16 710.167 426.025 
4335 5.39703e+16 710.168 426.025 
4336 5.39703e+16 710.168 426.024 
4337 5.39702e+16 710.169 426.024 
4338 5.39701e+16 710.17 426.024 
4339 5.397e+16 710.171 426.023 
4340 5.39699e+16 710.172 426.023 
4341 5.39698e+16 710.173 426.023 
4342 5.39697e+16 710.174 426.022 
4343 5.39696e+16 710.175 426.021 
4344 5.39695e+16 710.176 426.021 
4345 5.39694e+16 710.177 426.02 
4346 5.39692e+16 710.179 426.019 
4347 5.39691e+16 710.18 426.018 
4348 5.3969e+16 710.181 426.017 
4349 5.39689e+16 710.182 426.016 
4350 5.39687e+16 710.184 426.015 
4351 5.39686e+16 710.185 426.014 
4352 5.39685e+16 710.187 426.012 
4353 5.39684e+16 710.188 426.011 
4354 5.39683e+16 710.19 426.009 
4355 5.39682e+16 710.192 426.008 
4356 5.39681e+16 710.193 426.006 
4357 5.3968e+16 710.195 426.005 
4358 5.39679e+16 710.197 426.003 
4359 5.39678e+16 710.199 426.001 
4360 5.39677e+16 710.201 425.999 
4361 5.39677e+16 710.203 425.997 
4362 5.39676e+16 710.205 425.995 
4363 5.39676e+16 710.208 425.993 
4364 5.39676e+16 710.21 425.991 
4365 5.39676e+16 710.212 425.988 
4366 5.39676e+16 710.215 425.986 
4367 5.39676e+16 710.217 425.984 
4368 5.39676e+16 710.22 425.981 
4369 5.39676e+16 710.222 425.979 
4370 5.39677e+16 710.225 425.976 
4371 5.39677e+16 710.228 425.974 
4372 5.39678e+16 710.231 425.971 
4373 5.39679e+16 710.234 425.968 
4374 5.3968e+16 710.237 425.966 
4375 5.39681e+16 710.24 425.963 
4376 5.39683e+16 710.243 425.96 
4377 5.39684e+16 710.246 425.957 
4378 5.39686e+16 710.249 425.954 
4379 5.39687e+16 710.252 425.951 
4380 5.39689e+16 710.255 425.949 
4381 5.39691e+16 710.259 425.946 
4382 5.39693e+16 710.262 425.943 
4383 5.39695e+16 710.265 425.94 
4384 5.39697e+16 710.269 425.937 
4385 5.397e+16 710.272 425.934 
4386 5.39702e+16 710.275 425.931 
4387 5.39705e+16 710.279 425.928 
4388 5.39707e+16 710.282 425.925 
4389 5.3971e+16 710.286 425.922 
4390 5.39713e+16 710.289 425.92 
4391 5.39715e+16 710.292 425.917 
4392 5.39718e+16 710.296 425.914 
4393 5.39721e+16 710.299 425.911 
4394 5.39724e+16 710.302 425.908 
4395 5.39727e+16 710.305 425.906 
4396 5.39729e+16 710.309 425.903 
4397 5.39732e+16 710.312 425.9 
4398 5.39735e+16 710.315 425.898 
4399 5.39738e+16 710.318 425.895 
4400 5.39741e+16 710.321 425.893 
4401 5.39743e+16 710.323 425.89 
4402 5.39746e+16 710.326 425.888 
4403 5.39748e+16 710.329 425.885 
4404 5.39751e+16 710.331 425.883 
4405 5.39753e+16 710.334 425.881 
4406 5.39755e+16 710.336 425.879 
4407 5.39758e+16 710.338 425.876 
4408 5.3976e+16 710.341 425.874 
4409 5.39761e+16 710.343 425.872 
4410 5.39763e+16 710.344 425.87 
4411 5.39765e+16 710.346 425.868 
4412 5.39766e+16 710.348 425.866 
4413 5.39767e+16 710.349 425.864 
4414 5.39768e+16 710.351 425.863 
4415 5.39769e+16 710.352 425.861 
4416 5.3977e+16 710.353 425.859 
4417 5.3977e+16 710.353 425.857 
4418 5.3977e+16 710.354 425.856 
4419 5.3977e+16 710.355 425.854 
4420 5.3977e+16 710.355 425.853 
4421 5.3977e+16 710.355 425.851 
4422 5.39769e+16 710.355 425.85 
4423 5.39768e+16 710.355 425.848 
4424 5.39767e+16 710.354 425.847 
4425 5.39766e+16 710.354 425.846 
4426 5.39764e+16 710.353 425.844 
4427 5.39762e+16 710.352 425.843 
4428 5.3976e+16 710.351 425.842 
4429 5.39758e+16 710.349 425.84 
4430 5.39755e+16 710.348 425.839 
4431 5.39752e+16 710.346 425.838 
4432 5.39749e+16 710.344 425.837 
4433 5.39746e+16 710.342 425.836 
4434 5.39742e+16 710.34 425.835 
4435 5.39739e+16 710.337 425.833 
4436 5.39735e+16 710.335 425.832 
4437 5.3973e+16 710.332 425.831 
4438 5.39726e+16 710.329 425.83 
4439 5.39721e+16 710.326 425.829 
4440 5.39716e+16 710.323 425.828 
4441 5.39711e+16 710.319 425.827 
4442 5.39706e+16 710.315 425.826 
4443 5.39701e+16 710.312 425.825 
4444 5.39695e+16 710.308 425.824 
4445 5.3969e+16 710.304 425.823 
4446 5.39684e+16 710.299 425.822 
4447 5.39678e+16 710.295 425.82 
4448 5.39672e+16 710.29 425.819 
4449 5.39666e+16 710.286 425.818 
4450 5.39659e+16 710.281 425.817 
4451 5.39653e+16 710.276 425.816 
4452 5.39646e+16 710.271 425.815 
4453 5.3964e+16 710.266 425.814 
4454 5.39633e+16 710.261 425.813 
4455 5.39627e+16 710.256 425.812 
4456 5.3962e+16 710.25 425.811 
4457 5.39613e+16 710.245 425.81 
4458 5.39606e+16 710.24 425.809 
4459 5.396e+16 710.234 425.808 
4460 5.39593e+16 710.229 425.807 
4461 5.39586e+16 710.223 425.805 
4462 5.3958e+16 710.217 425.804 
4463 5.39573e+16 710.212 425.803 
4464 5.39567e+16 710.206 425.802 
4465 5.3956e+16 710.201 425.801 
4466 5.39554e+16 710.195 425.8 
4467 5.39547e+16 710.189 425.799 
4468 5.39541e+16 710.184 425.798 
4469 5.39535e+16 710.178 425.798 
4470 5.39529e+16 710.173 425.797 
4471 5.39524e+16 710.167 425.796 
4472 5.39518e+16 710.162 425.795 
4473 5.39512e+16 710.157 425.794 
4474 5.39507e+16 710.151 425.793 
4475 5.39502e+16 710.146 425.793 
4476 5.39497e+16 710.141 425.792 
4477 5.39492e+16 710.136 425.791 
4478 5.39487e+16 710.131 425.791 
4479 5.39483e+16 710.126 425.79 
4480 5.39479e+16 710.122 425.79 
4481 5.39475e+16 710.117 425.79 
4482 5.39471e+16 710.113 425.789 
4483 5.39467e+16 710.108 425.789 
4484 5.39464e+16 710.104 425.789 
4485 5.39461e+16 710.1 425.789 
4486 5.39458e+16 710.096 425.788 
4487 5.39455e+16 710.093 425.788 
4488 5.39453e+16 710.089 425.789 
4489 5.3945e+16 710.086 425.789 
4490 5.39448e+16 710.082 425.789 
4491 5.39446e+16 710.079 425.789 
4492 5.39445e+16 710.076 425.79 
4493 5.39443e+16 710.074 425.79 
4494 5.39442e+16 710.071 425.791 
4495 5.39441e+16 710.069 425.791 
4496 5.3944e+16 710.066 425.792 
4497 5.3944e+16 710.064 425.793 
4498 5.39439e+16 710.063 425.793 
4499 5.39439e+16 710.061 425.794 
4500 5.39439e+16 710.059 425.795 
4501 5.3944e+16 710.058 425.797 
4502 5.3944e+16 710.057 425.798 
4503 5.39441e+16 710.056 425.799 
4504 5.39441e+16 710.055 425.8 
4505 5.39442e+16 710.055 425.802 
4506 5.39443e+16 710.054 425.803 
4507 5.39445e+16 710.054 425.805 
4508 5.39446e+16 710.054 425.806 
4509 5.39448e+16 710.054 425.808 
4510 5.3945e+16 710.055 425.81 
4511 5.39451e+16 710.055 425.812 
4512 5.39453e+16 710.056 425.814 
4513 5.39456e+16 710.057 425.816 
4514 5.39458e+16 710.058 425.818 
4515 5.3946e+16 710.059 425.82 
4516 5.39463e+16 710.06 425.822 
4517 5.39465e+16 710.061 425.824 
4518 5.39468e+16 710.063 425.826 
4519 5.39471e+16 710.065 425.829 
4520 5.39474e+16 710.067 425.831 
4521 5.39476e+16 710.068 425.833 
4522 5.39479e+16 710.071 425.836 
4523 5.39483e+16 710.073 425.838 
4524 5.39486e+16 710.075 425.841 
4525 5.39489e+16 710.077 425.843 
4526 5.39492e+16 710.08 425.846 
4527 5.39495e+16 710.082 425.848 
4528 5.39499e+16 710.085 425.851 
4529 5.39502e+16 710.088 425.853 
4530 5.39506e+16 710.091 425.856 
4531 5.39509e+16 710.093 425.858 
4532 5.39513e+16 710.096 425.861 
4533 5.39516e+16 710.099 425.863 
4534 5.3952e+16 710.102 425.866 
4535 5.39524e+16 710.106 425.868 
4536 5.39527e+16 710.109 425.871 
4537 5.39531e+16 710.112 425.873 
4538 5.39535e+16 710.115 425.876 
4539 5.39538e+16 710.118 425.878 
4540 5.39542e+16 710.121 425.881 
4541 5.39546e+16 710.125 425.883 
4542 5.3955e+16 710.128 425.885 
4543 5.39553e+16 710.131 425.888 
4544 5.39557e+16 710.134 425.89 
4545 5.39561e+16 710.138 425.892 
4546 5.39565e+16 710.141 425.895 
4547 5.39569e+16 710.144 425.897 
4548 5.39573e+16 710.147 425.899 
4549 5.39577e+16 710.15 425.901 
4550 5.39581e+16 710.153 425.903 
4551 5.39585e+16 710.156 425.905 
4552 5.39589e+16 710.159 425.907 
4553 5.39593e+16 710.162 425.909 
4554 5.39598e+16 710.165 425.911 
4555 5.39602e+16 710.168 425.913 
4556 5.39606e+16 710.171 425.915 
4557 5.3961e+16 710.174 425.917 
4558 5.39615e+16 710.176 425.919 
4559 5.39619e+16 710.179 425.921 
4560 5.39624e+16 710.182 425.922 
4561 5.39628e+16 710.184 425.924 
4562 5.39633e+16 710.187 425.926 
4563 5.39637e+16 710.189 425.927 
4564 5.39642e+16 710.191 425.929 
4565 5.39647e+16 710.194 425.93 
4566 5.39651e+16 710.196 425.932 
4567 5.39656e+16 710.198 425.934 
4568 5.39661e+16 710.2 425.935 
4569 5.39666e+16 710.202 425.937 
4570 5.39671e+16 710.204 425.938 
4571 5.39676e+16 710.206 425.939 
4572 5.39681e+16 710.208 425.941 
4573 5.39686e+16 710.209 425.942 
4574 5.39692e+16 710.211 425.944 
4575 5.39697e+16 710.213 425.945 
4576 5.39702e+16 710.214 425.946 
4577 5.39708e+16 710.216 425.948 
4578 5.39713e+16 710.217 425.949 
4579 5.39718e+16 710.219 425.951 
4580 5.39724e+16 710.22 425.952 
4581 5.3973e+16 710.221 425.953 
4582 5.39735e+16 710.223 425.955 
4583 5.39741e+16 710.224 425.956 
4584 5.39746e+16 710.225 425.957 
4585 5.39752e+16 710.226 425.959 
4586 5.39757e+16 710.228 425.96 
4587 5.39763e+16 710.229 425.962 
4588 5.39769e+16 710.23 425.963 
4589 5.39774e+16 710.231 425.964 
4590 5.3978e+16 710.232 425.966 
4591 5.39786e+16 710.233 425.967 
4592 5.39791e+16 710.234 425.969 
4593 5.39797e+16 710.235 425.97 
4594 5.39802e+16 710.236 425.971 
4595 5.39808e+16 710.238 425.973 
4596 5.39813e+16 710.239 425.974 
4597 5.39818e+16 710.24 425.976 
4598 5.39824e+16 710.241 425.977 
4599 5.39829e+16 710.242 425.979 
4600 5.39834e+16 710.243 425.98 
4601 5.39839e+16 710.244 425.982 
4602 5.39844e+16 710.245 425.983 
4603 5.39849e+16 710.247 425.985 
4604 5.39854e+16 710.248 425.986 
4605 5.39858e+16 710.249 425.988 
4606 5.39863e+16 710.251 425.989 
4607 5.39867e+16 710.252 425.991 
4608 5.39871e+16 710.253 425.992 
4609 5.39875e+16 710.255 425.994 
4610 5.39879e+16 710.256 425.995 
4611 5.39883e+16 710.258 425.997 
4612 5.39887e+16 710.259 425.998 
4613 5.3989e+16 710.261 426 
4614 5.39893e+16 710.263 426.001 
4615 5.39896e+16 710.264 426.002 
4616 5.39899e+16 710.266 426.004 
4617 5.39902e+16 710.268 426.005 
4618 5.39904e+16 710.27 426.006 
4619 5.39907e+16 710.272 426.007 
4620 5.39909e+16 710.274 426.009 
4621 5.3991e+16 710.276 426.01 
4622 5.39912e+16 710.278 426.011 
4623 5.39913e+16 710.28 426.012 
4624 5.39914e+16 710.282 426.013 
4625 5.39915e+16 710.285 426.014 
4626 5.39916e+16 710.287 426.014 
4627 5.39917e+16 710.289 426.015 
4628 5.39917e+16 710.292 426.016 
4629 5.39917e+16 710.294 426.017 
4630 5.39916e+16 710.297 426.017 
4631 5.39916e+16 710.299 426.018 
4632 5.39915e+16 710.302 426.018 
4633 5.39914e+16 710.304 426.019 
4634 5.39913e+16 710.307 426.019 
4635 5.39912e+16 710.309 426.019 
4636 5.3991e+16 710.312 426.019 
4637 5.39908e+16 710.315 426.019 
4638 5.39906e+16 710.317 426.019 
4639 5.39904e+16 710.32 426.019 
4640 5.39901e+16 710.323 426.019 
4641 5.39899e+16 710.326 426.019 
4642 5.39896e+16 710.328 426.018 
4643 5.39892e+16 710.331 426.018 
4644 5.39889e+16 710.334 426.017 
4645 5.39886e+16 710.336 426.017 
4646 5.39882e+16 710.339 426.016 
4647 5.39878e+16 710.342 426.015 
4648 5.39874e+16 710.344 426.014 
4649 5.3987e+16 710.347 426.013 
4650 5.39865e+16 710.349 426.012 
4651 5.39861e+16 710.352 426.011 
4652 5.39856e+16 710.354 426.01 
4653 5.39851e+16 710.357 426.009 
4654 5.39846e+16 710.359 426.008 
4655 5.39841e+16 710.361 426.006 
4656 5.39836e+16 710.363 426.005 
4657 5.39831e+16 710.365 426.003 
4658 5.39825e+16 710.367 426.001 
4659 5.3982e+16 710.369 426 
4660 5.39814e+16 710.371 425.998 
4661 5.39808e+16 710.373 425.996 
4662 5.39802e+16 710.375 425.994 
4663 5.39797e+16 710.376 425.993 
4664 5.39791e+16 710.377 425.991 
4665 5.39785e+16 710.379 425.989 
4666 5.39779e+16 710.38 425.987 
4667 5.39773e+16 710.381 425.985 
4668 5.39767e+16 710.382 425.982 
4669 5.3976e+16 710.382 425.98 
4670 5.39754e+16 710.383 425.978 
4671 5.39748e+16 710.383 425.976 
4672 5.39742e+16 710.383 425.974 
4673 5.39736e+16 710.384 425.972 
4674 5.3973e+16 710.384 425.969 
4675 5.39723e+16 710.383 425.967 
4676 5.39717e+16 710.383 425.965 
4677 5.39711e+16 710.382 425.963 
4678 5.39705e+16 710.382 425.96 
4679 5.39699e+16 710.381 425.958 
4680 5.39693e+16 710.38 425.956 
4681 5.39686e+16 710.378 425.953 
4682 5.3968e+16 710.377 425.951 
4683 5.39674e+16 710.375 425.949 
4684 5.39668e+16 710.373 425.947 
4685 5.39662e+16 710.371 425.945 
4686 5.39656e+16 710.369 425.942 
4687 5.3965e+16 710.367 425.94 
4688 5.39645e+16 710.364 425.938 
4689 5.39639e+16 710.361 425.936 
4690 5.39633e+16 710.358 425.934 
4691 5.39627e+16 710.355 425.932 
4692 5.39622e+16 710.352 425.93 
4693 5.39616e+16 710.348 425.928 
4694 5.3961e+16 710.345 425.926 
4695 5.39605e+16 710.341 425.924 
4696 5.39599e+16 710.337 425.922 
4697 5.39594e+16 710.332 425.92 
4698 5.39588e+16 710.328 425.918 
4699 5.39583e+16 710.323 425.916 
4700 5.39577e+16 710.318 425.914 
4701 5.39572e+16 710.314 425.912 
4702 5.39567e+16 710.308 425.91 
4703 5.39561e+16 710.303 425.909 
4704 5.39556e+16 710.298 425.907 
4705 5.39551e+16 710.292 425.905 
4706 5.39546e+16 710.287 425.904 
4707 5.39541e+16 710.281 425.902 
4708 5.39536e+16 710.275 425.9 
4709 5.39531e+16 710.269 425.899 
4710 5.39525e+16 710.263 425.897 
4711 5.3952e+16 710.256 425.895 
4712 5.39515e+16 710.25 425.894 
4713 5.39511e+16 710.243 425.892 
4714 5.39506e+16 710.237 425.891 
4715 5.39501e+16 710.23 425.889 
4716 5.39496e+16 710.223 425.888 
4717 5.39491e+16 710.216 425.886 
4718 5.39486e+16 710.21 425.884 
4719 5.39481e+16 710.203 425.883 
4720 5.39477e+16 710.196 425.881 
4721 5.39472e+16 710.189 425.88 
4722 5.39467e+16 710.181 425.878 
4723 5.39463e+16 710.174 425.877 
4724 5.39458e+16 710.167 425.875 
4725 5.39454e+16 710.16 425.874 
4726 5.39449e+16 710.153 425.872 
4727 5.39445e+16 710.146 425.87 
4728 5.3944e+16 710.139 425.869 
4729 5.39436e+16 710.132 425.867 
4730 5.39432e+16 710.125 425.865 
4731 5.39428e+16 710.118 425.864 
4732 5.39424e+16 710.111 425.862 
4733 5.3942e+16 710.104 425.86 
4734 5.39416e+16 710.097 425.859 
4735 5.39412e+16 710.091 425.857 
4736 5.39408e+16 710.084 425.855 
4737 5.39405e+16 710.078 425.853 
4738 5.39401e+16 710.071 425.852 
4739 5.39398e+16 710.065 425.85 
4740 5.39394e+16 710.059 425.848 
4741 5.39391e+16 710.053 425.846 
4742 5.39388e+16 710.047 425.844 
4743 5.39385e+16 710.041 425.842 
4744 5.39382e+16 710.036 425.84 
4745 5.3938e+16 710.03 425.838 
4746 5.39377e+16 710.025 425.837 
4747 5.39375e+16 710.02 425.835 
4748 5.39373e+16 710.015 425.833 
4749 5.39371e+16 710.01 425.831 
4750 5.39369e+16 710.006 425.829 
4751 5.39368e+16 710.001 425.827 
4752 5.39366e+16 709.997 425.825 
4753 5.39365e+16 709.993 425.823 
4754 5.39364e+16 709.989 425.821 
4755 5.39364e+16 709.986 425.819 
4756 5.39363e+16 709.983 425.817 
4757 5.39363e+16 709.98 425.815 
4758 5.39363e+16 709.977 425.813 
4759 5.39363e+16 709.974 425.811 
4760 5.39363e+16 709.972 425.81 
4761 5.39364e+16 709.97 425.808 
4762 5.39365e+16 709.968 425.806 
4763 5.39366e+16 709.966 425.804 
4764 5.39367e+16 709.965 425.803 
4765 5.39369e+16 709.963 425.801 
4766 5.39371e+16 709.962 425.799 
4767 5.39373e+16 709.962 425.798 
4768 5.39376e+16 709.961 425.796 
4769 5.39378e+16 709.961 425.795 
4770 5.39381e+16 709.961 425.793 
4771 5.39384e+16 709.961 425.792 
4772 5.39388e+16 709.962 425.79 
4773 5.39392e+16 709.963 425.789 
4774 5.39396e+16 709.963 425.788 
4775 5.394e+16 709.965 425.787 
4776 5.39404e+16 709.966 425.786 
4777 5.39409e+16 709.968 425.785 
4778 5.39414e+16 709.97 425.784 
4779 5.39419e+16 709.972 425.783 
4780 5.39425e+16 709.974 425.782 
4781 5.3943e+16 709.977 425.782 
4782 5.39436e+16 709.979 425.781 
4783 5.39442e+16 709.982 425.78 
4784 5.39448e+16 709.986 425.78 
4785 5.39455e+16 709.989 425.78 
4786 5.39461e+16 709.993 425.779 
4787 5.39468e+16 709.996 425.779 
4788 5.39475e+16 710 425.779 
4789 5.39482e+16 710.004 425.779 
4790 5.3949e+16 710.008 425.779 
4791 5.39497e+16 710.013 425.779 
4792 5.39505e+16 710.017 425.779 
4793 5.39512e+16 710.022 425.78 
4794 5.3952e+16 710.027 425.78 
4795 5.39528e+16 710.032 425.781 
4796 5.39536e+16 710.037 425.781 
4797 5.39544e+16 710.042 425.782 
4798 5.39552e+16 710.048 425.783 
4799 5.3956e+16 710.053 425.783 
4800 5.39568e+16 710.058 425.784 
4801 5.39576e+16 710.064 425.785 
4802 5.39584e+16 710.07 425.786 
4803 5.39592e+16 710.075 425.787 
4804 5.396e+16 710.081 425.788 
4805 5.39608e+16 710.087 425.79 
4806 5.39616e+16 710.093 425.791 
4807 5.39624e+16 710.099 425.792 
4808 5.39632e+16 710.105 425.793 
4809 5.3964e+16 710.111 425.795 
4810 5.39647e+16 710.117 425.796 
4811 5.39655e+16 710.123 425.798 
4812 5.39662e+16 710.129 425.799 
4813 5.3967e+16 710.135 425.801 
4814 5.39677e+16 710.141 425.803 
4815 5.39684e+16 710.147 425.804 
4816 5.39691e+16 710.153 425.806 
4817 5.39697e+16 710.159 425.808 
4818 5.39704e+16 710.165 425.809 
4819 5.3971e+16 710.171 425.811 
4820 5.39716e+16 710.176 425.813 
4821 5.39722e+16 710.182 425.815 
4822 5.39728e+16 710.188 425.816 
4823 5.39733e+16 710.193 425.818 
4824 5.39738e+16 710.199 425.82 
4825 5.39743e+16 710.204 425.822 
4826 5.39748e+16 710.21 425.823 
4827 5.39753e+16 710.215 425.825 
4828 5.39757e+16 710.22 425.827 
4829 5.39761e+16 710.225 425.829 
4830 5.39765e+16 710.23 425.831 
4831 5.39768e+16 710.235 425.832 
4832 5.39772e+16 710.24 425.834 
4833 5.39775e+16 710.244 425.836 
4834 5.39777e+16 710.249 425.838 
4835 5.3978e+16 710.253 425.839 
4836 5.39782e+16 710.258 425.841 
4837 5.39784e+16 710.262 425.843 
4838 5.39786e+16 710.266 425.844 
4839 5.39788e+16 710.27 425.846 
4840 5.39789e+16 710.274 425.847 
4841 5.3979e+16 710.277 425.849 
4842 5.39791e+16 710.281 425.851 
4843 5.39792e+16 710.284 425.852 
4844 5.39792e+16 710.288 425.854 
4845 5.39792e+16 710.291 425.855 
4846 5.39792e+16 710.294 425.857 
4847 5.39792e+16 710.297 425.858 
4848 5.39792e+16 710.3 425.86 
4849 5.39791e+16 710.302 425.861 
4850 5.39791e+16 710.305 425.863 
4851 5.3979e+16 710.307 425.864 
4852 5.39789e+16 710.31 425.866 
4853 5.39788e+16 710.312 425.867 
4854 5.39787e+16 710.314 425.868 
4855 5.39785e+16 710.316 425.87 
4856 5.39784e+16 710.318 425.871 
4857 5.39782e+16 710.32 425.873 
4858 5.39781e+16 710.321 425.874 
4859 5.39779e+16 710.323 425.876 
4860 5.39777e+16 710.324 425.877 
4861 5.39775e+16 710.326 425.878 
4862 5.39773e+16 710.327 425.88 
4863 5.39771e+16 710.328 425.881 
4864 5.39769e+16 710.329 425.883 
4865 5.39767e+16 710.33 425.884 
4866 5.39765e+16 710.331 425.886 
4867 5.39763e+16 710.332 425.887 
4868 5.39761e+16 710.333 425.889 
4869 5.39759e+16 710.334 425.89 
4870 5.39757e+16 710.334 425.892 
4871 5.39755e+16 710.335 425.893 
4872 5.39753e+16 710.335 425.895 
4873 5.39751e+16 710.336 425.897 
4874 5.3975e+16 710.336 425.898 
4875 5.39748e+16 710.337 425.9 
4876 5.39746e+16 710.337 425.902 
4877 5.39744e+16 710.337 425.903 
4878 5.39743e+16 710.337 425.905 
4879 5.39741e+16 710.338 425.907 
4880 5.3974e+16 710.338 425.909 
4881 5.39738e+16 710.338 425.911 
4882 5.39737e+16 710.338 425.912 
4883 5.39736e+16 710.338 425.914 
4884 5.39735e+16 710.338 425.916 
4885 5.39734e+16 710.338 425.918 
4886 5.39733e+16 710.338 425.92 
4887 5.39732e+16 710.338 425.922 
4888 5.39731e+16 710.338 425.924 
4889 5.3973e+16 710.338 425.926 
4890 5.3973e+16 710.338 425.928 
4891 5.39729e+16 710.338 425.931 
4892 5.39728e+16 710.338 425.933 
4893 5.39728e+16 710.337 425.935 
4894 5.39728e+16 710.337 425.937 
4895 5.39727e+16 710.337 425.939 
4896 5.39727e+16 710.337 425.941 
4897 5.39727e+16 710.337 425.943 
4898 5.39727e+16 710.337 425.946 
4899 5.39727e+16 710.336 425.948 
4900 5.39727e+16 710.336 425.95 
4901 5.39727e+16 710.336 425.952 
4902 5.39727e+16 710.336 425.954 
4903 5.39727e+16 710.336 425.957 
4904 5.39727e+16 710.335 425.959 
4905 5.39727e+16 710.335 425.961 
4906 5.39727e+16 710.335 425.963 
4907 5.39727e+16 710.334 425.965 
4908 5.39726e+16 710.334 425.967 
4909 5.39726e+16 710.334 425.969 
4910 5.39726e+16 710.333 425.971 
4911 5.39726e+16 710.333 425.973 
4912 5.39726e+16 710.333 425.975 
4913 5.39726e+16 710.332 425.977 
4914 5.39725e+16 710.332 425.979 
4915 5.39725e+16 710.331 425.98 
4916 5.39724e+16 710.331 425.982 
4917 5.39724e+16 710.33 425.984 
4918 5.39723e+16 710.33 425.985 
4919 5.39722e+16 710.329 425.987 
4920 5.39721e+16 710.328 425.988 
4921 5.3972e+16 710.328 425.99 
4922 5.39719e+16 710.327 425.991 
4923 5.39718e+16 710.326 425.992 
4924 5.39717e+16 710.325 425.994 
4925 5.39715e+16 710.324 425.995 
4926 5.39713e+16 710.324 425.996 
4927 5.39712e+16 710.323 425.997 
4928 5.3971e+16 710.322 425.998 
4929 5.39708e+16 710.32 425.998 
4930 5.39705e+16 710.319 425.999 
4931 5.39703e+16 710.318 426 
4932 5.397e+16 710.317 426 
4933 5.39698e+16 710.315 426.001 
4934 5.39695e+16 710.314 426.001 
4935 5.39692e+16 710.312 426.002 
4936 5.39689e+16 710.311 426.002 
4937 5.39686e+16 710.309 426.002 
4938 5.39682e+16 710.307 426.002 
4939 5.39679e+16 710.306 426.002 
4940 5.39675e+16 710.304 426.002 
4941 5.39671e+16 710.302 426.002 
4942 5.39667e+16 710.3 426.002 
4943 5.39663e+16 710.298 426.001 
4944 5.39659e+16 710.296 426.001 
4945 5.39655e+16 710.293 426 
4946 5.3965e+16 710.291 426 
4947 5.39646e+16 710.289 425.999 
4948 5.39641e+16 710.286 425.999 
4949 5.39637e+16 710.284 425.998 
4950 5.39632e+16 710.281 425.997 
4951 5.39627e+16 710.278 425.996 
4952 5.39623e+16 710.275 425.995 
4953 5.39618e+16 710.273 425.994 
4954 5.39613e+16 710.27 425.993 
4955 5.39608e+16 710.267 425.992 
4956 5.39603e+16 710.264 425.991 
4957 5.39598e+16 710.26 425.99 
4958 5.39594e+16 710.257 425.989 
4959 5.39589e+16 710.254 425.988 
4960 5.39584e+16 710.251 425.987 
4961 5.39579e+16 710.247 425.985 
4962 5.39575e+16 710.244 425.984 
4963 5.3957e+16 710.24 425.983 
4964 5.39565e+16 710.237 425.981 
4965 5.39561e+16 710.233 425.98 
4966 5.39557e+16 710.23 425.979 
4967 5.39552e+16 710.226 425.977 
4968 5.39548e+16 710.222 425.976 
4969 5.39544e+16 710.219 425.974 
4970 5.3954e+16 710.215 425.973 
4971 5.39537e+16 710.211 425.971 
4972 5.39533e+16 710.207 425.97 
4973 5.3953e+16 710.203 425.969 
4974 5.39527e+16 710.199 425.967 
4975 5.39524e+16 710.196 425.966 
4976 5.39521e+16 710.192 425.964 
4977 5.39518e+16 710.188 425.963 
4978 5.39516e+16 710.184 425.962 
4979 5.39514e+16 710.18 425.96 
4980 5.39512e+16 710.176 425.959 
4981 5.3951e+16 710.172 425.957 
4982 5.39508e+16 710.169 425.956 
4983 5.39507e+16 710.165 425.955 
4984 5.39506e+16 710.161 425.953 
4985 5.39505e+16 710.157 425.952 
4986 5.39504e+16 710.153 425.951 
4987 5.39504e+16 710.15 425.949 
4988 5.39504e+16 710.146 425.948 
4989 5.39504e+16 710.142 425.947 
4990 5.39504e+16 710.139 425.946 
4991 5.39504e+16 710.135 425.944 
4992 5.39505e+16 710.132 425.943 
4993 5.39506e+16 710.129 425.942 
4994 5.39507e+16 710.125 425.941 
4995 5.39509e+16 710.122 425.939 
4996 5.3951e+16 710.119 425.938 
4997 5.39512e+16 710.116 425.937 
4998 5.39514e+16 710.112 425.936 
4999 5.39517e+16 710.11 425.934 
5000 5.39519e+16 710.107 425.933 
5001 5.39522e+16 710.104 425.932 
5002 5.39524e+16 710.101 425.931 
5003 5.39527e+16 710.098 425.929 
5004 5.39531e+16 710.096 425.928 
5005 5.39532e+16 710.095 425.927 
5005 0 651.469 595.767 
5006 0 651.469 595.767 
5007 0 651.469 595.767 
5008 0 651.469 595.767 
5009 0 651.469 595.767 
5010 0 651.469 595.767 
