
Log start: Mon May  4 16:46:32 2015


tiberCAD release 2.3.0 (rev. 4046, x86_64-linux)

Input file: bulk_aNPD.tib

Initialize global simulation options
  Simulation temperature: 300 K
  Database search path  : /home/fsantoni/trunk_DOS4/materials
  Log file              : output/stage_3/bulk_aNPD.log

Setup mesh
  Reading mesh file bulk.msh ... done.
  mesh units          : 1e-06 m
  mesh dimension      :       1
  number of nodes     :     411
  number of elements  :     410
  number of subdomains:       3

Create materials ...
  Added material aNPD for region 'bulk' (mesh regions 1)
    (using datafile /home/fsantoni/trunk_DOS4/materials/aNPD.dat)
    x growth direction : (1,0,0)
    y growth direction : (0,1,0)
    z growth direction : (0,0,1)
  Added material aNPD for region 'int_anode' (mesh regions 2)
    (using datafile /home/fsantoni/trunk_DOS4/materials/aNPD.dat)
    x growth direction : (1,0,0)
    y growth direction : (0,1,0)
    z growth direction : (0,0,1)
  Added material aNPD for region 'int_cathode' (mesh regions 3)
    (using datafile /home/fsantoni/trunk_DOS4/materials/aNPD.dat)
    x growth direction : (1,0,0)
    y growth direction : (0,1,0)
    z growth direction : (0,0,1)
Creation of materials done.

Setting up simulation of type 'driftdiffusion' ...
  (using /home/fsantoni/trunk_DOS4/x86_64-linux/modules/driftdiffusion/driftdiffusion.so)
  Adding boundary 'anode'
  (using /home/fsantoni/trunk_DOS4/x86_64-linux/modules/driftdiffusion/ddbnd_schottky.so)
  Adding boundary 'cathode'
Creating bulk models... 
  Region: bulk
  (using /home/fsantoni/trunk_DOS4/x86_64-linux/modules/driftdiffusion/ddbulk_default.so)
  Region: int_anode
  Region: int_cathode
(using /home/fsantoni/trunk_DOS4/x86_64-linux/modules/driftdiffusion/recombination_langevin.so)

Setting up simulation of type 'sweep' ...

Setting up bulk models ...
  (using /home/fsantoni/trunk_DOS4/x86_64-linux/modules/driftdiffusion/band_properties.so)
  (using /home/fsantoni/trunk_DOS4/x86_64-linux/modules/permittivity_constant.so)
  (using /home/fsantoni/trunk_DOS4/x86_64-linux/modules/driftdiffusion/mobility_hopping_mobility.so)
  (using /home/fsantoni/trunk_DOS4/x86_64-linux/modules/density_of_states_gauss.so)

Setting up lower dimensional (boundary) models ...

>>>>>>>>>>>>>>>>>>>>>>>>>>>>>>>>>>>>>>>>>>>>>>>>>>>>>>>>>>>>>>>>>>>>>>>>>>>>>>>>
Simulation options for driftdiffusion (driftdiffusion)

Available solution variables:
------------------------------------------------------------------
Name                     Units          Type      Association Plot
------------------------------------------------------------------
Ec                       eV             real      nodal       y
Ev                       eV             real      nodal       y
eQFermi                  eV             real      nodal       y
hQFermi                  eV             real      nodal       y
ElPotential              V              real      nodal       y
Ec0                      eV             real      nodal       n
Ev0                      eV             real      nodal       n
Eg                       eV             real      nodal       n
ConductionBands          eV             n-tuple   cell        n
ValenceBands             eV             n-tuple   cell        n
eDensity                 cm^-3          real      nodal       y
hDensity                 cm^-3          real      nodal       y
eMobility                cm^2/(V*s)     real      nodal       y
hMobility                cm^2/(V*s)     real      nodal       y
eConductivity            S/cm           real      nodal       y
hConductivity            S/cm           real      nodal       y
ElField                  V/cm           vector    cell        y
Polarization             C/m^2          vector    cell        n
CurrentDensity           A/cm^2         vector    cell        n
eCurrentDensity          A/cm^2         vector    cell        y
hCurrentDensity          A/cm^2         vector    cell        y
IonizedDonors            cm^-3          real      nodal       y
IonizedAcceptors         cm^-3          real      nodal       y
IonizedElectronTraps     cm^-3          real      nodal       y
IonizedHoleTraps         cm^-3          real      nodal       y
eThElPower               eV/K           real      nodal       n
hThElPower               eV/K           real      nodal       n
eJoule                   W/cm^3         real      nodal       n
hJoule                   W/cm^3         real      nodal       n
ePowerFlux               W/cm^2         vector    nodal       n
hPowerFlux               W/cm^2         vector    nodal       n
ePeltier                 W/cm^3         real      nodal       n
hPeltier                 W/cm^3         real      nodal       n
RecombHeat               W/cm^3         real      nodal       n
IQE                                     real      none        n
eNetRecombination        1/(s*cm^3)     real      nodal       y
eLangevinRecombination   1/(s*cm^3)     real      nodal       y
hNetRecombination        1/(s*cm^3)     real      nodal       y
hLangevinRecombination   1/(s*cm^3)     real      nodal       y
anode.current            A/cm^2         real      none        y
cathode.current          A/cm^2         real      none        y
RegionIDs                               real      cell        n
------------------------------------------------------------------

Output directory      : output/stage_3
Output file format    : grace
Output file basename  : driftdiffusion


solving for : poisson electrons holes 
using local scaling

# Region bulk, aNPD
  Conduction band:
    DOS: gauss
    Ec = -2.2, Nc = 0 cm^-3
    m_dos = 1, v_th = 1.16793e+07 cm/s
  Valence band:
    DOS: gauss
    Ev = -5.5, Nv = 0 cm^-3
    m_dos = 1, v_th = 1.16793e+07 cm/s
  Eg = 3.3, Ef0 = -3.85, ni = 0.00311528

# Region int_anode, aNPD
  Conduction band:
    DOS: gauss
    Ec = -2.2, Nc = 0 cm^-3
    m_dos = 1, v_th = 1.16793e+07 cm/s
  Valence band:
    DOS: gauss
    Ev = -5.5, Nv = 0 cm^-3
    m_dos = 1, v_th = 1.16793e+07 cm/s
  Eg = 3.3, Ef0 = -3.85, ni = 0.00311528

# Region int_cathode, aNPD
  Conduction band:
    DOS: gauss
    Ec = -2.2, Nc = 0 cm^-3
    m_dos = 1, v_th = 1.16793e+07 cm/s
  Valence band:
    DOS: gauss
    Ev = -5.5, Nv = 0 cm^-3
    m_dos = 1, v_th = 1.16793e+07 cm/s
  Eg = 3.3, Ef0 = -3.85, ni = 0.00311528


<<<<<<<<<<<<<<<<<<<<<<<<<<<<<<<<<<<<<<<<<<<<<<<<<<<<<<<<<<<<<<<<<<<<<<<<<<<<<<<<

>>>>>>>>>>>>>>>>>>>>>>>>>>>>>>>>>>>>>>>>>>>>>>>>>>>>>>>>>>>>>>>>>>>>>>>>>>>>>>>>
Simulation options for sweep_forward (sweep)

Output directory      : output/stage_3
Output file format    : grace
Output file basename  : sweep_forward



<<<<<<<<<<<<<<<<<<<<<<<<<<<<<<<<<<<<<<<<<<<<<<<<<<<<<<<<<<<<<<<<<<<<<<<<<<<<<<<<
We solve: sweep_forward 

>>>>----------------------------- (sweep_forward) ------------------------------
  Ramping to sweep value $Vg = 0

*** Warning: driftdiffusion has never been solved before ramping.
  Trying $Vg = 0

  >>>>---------------------------- (driftdiffusion) ----------------------------
    Solving equilibrium
    it 1, |du| = 40.6158, |r| = 2.18423  alpha = 1
    it 2, |du| = 2.18423, |r| = 0.0394165  alpha = 1

    iterations: 3, |du| = 0.0394165, |r| = 0.000705098
    Equilibrium done

  Solve time: 0h 0m 0.077s
  <<<<--------------------------------------------------------------------------
  Ramping to sweep value $Vg = 0.025
  Trying $Vg = 0.025

  >>>>---------------------------- (driftdiffusion) ----------------------------
    it 1, |du| = 0.967042, |r| = 0.0175628  alpha = 1

    iterations: 2, |du| = 0.0173525, |r| = 0.000320841
    Surface recombination current = 0

    contact name:       voltage:            current:
    anode               0.025               4.04575e-22
    cathode             0                  -4.04575e-22

  Solve time: 0h 0m 0.055s
  <<<<--------------------------------------------------------------------------
  Ramping to sweep value $Vg = 0.05
  Trying $Vg = 0.05

  >>>>---------------------------- (driftdiffusion) ----------------------------
    it 1, |du| = 0.967042, |r| = 0.0177194  alpha = 1

    iterations: 2, |du| = 0.0175111, |r| = 0.000326266
    Surface recombination current = 0

    contact name:       voltage:            current:
    anode               0.05               -7.75419e-21
    cathode             0                   7.75419e-21

  Solve time: 0h 0m 0.052s
  <<<<--------------------------------------------------------------------------
  Ramping to sweep value $Vg = 0.075
  Trying $Vg = 0.075

  >>>>---------------------------- (driftdiffusion) ----------------------------
    it 1, |du| = 0.967042, |r| = 0.0178616  alpha = 1

    iterations: 2, |du| = 0.017655, |r| = 0.00033154
    Surface recombination current = 0

    contact name:       voltage:            current:
    anode               0.075              -3.22517e-20
    cathode             0                   3.22517e-20

  Solve time: 0h 0m 0.052s
  <<<<--------------------------------------------------------------------------
  Ramping to sweep value $Vg = 0.1
  Trying $Vg = 0.1

  >>>>---------------------------- (driftdiffusion) ----------------------------
    it 1, |du| = 0.967042, |r| = 0.0180074  alpha = 1

    iterations: 2, |du| = 0.0178025, |r| = 0.000336992
    Surface recombination current = 0

    contact name:       voltage:            current:
    anode               0.1                 1.08388e-19
    cathode             0                  -1.08388e-19

  Solve time: 0h 0m 0.052s
  <<<<--------------------------------------------------------------------------
  Ramping to sweep value $Vg = 0.125
  Trying $Vg = 0.125

  >>>>---------------------------- (driftdiffusion) ----------------------------
    it 1, |du| = 0.967042, |r| = 0.018157  alpha = 1

    iterations: 2, |du| = 0.0179538, |r| = 0.000342633
    Surface recombination current = 0

    contact name:       voltage:            current:
    anode               0.125               2.47116e-19
    cathode             0                  -2.47116e-19

  Solve time: 0h 0m 0.052s
  <<<<--------------------------------------------------------------------------
  Ramping to sweep value $Vg = 0.15
  Trying $Vg = 0.15

  >>>>---------------------------- (driftdiffusion) ----------------------------
    it 1, |du| = 0.967042, |r| = 0.0183106  alpha = 1

    iterations: 2, |du| = 0.0181091, |r| = 0.000348472
    Surface recombination current = 0

    contact name:       voltage:            current:
    anode               0.15               -4.89847e-20
    cathode             0                   4.89847e-20

  Solve time: 0h 0m 0.052s
  <<<<--------------------------------------------------------------------------
  Ramping to sweep value $Vg = 0.175
  Trying $Vg = 0.175

  >>>>---------------------------- (driftdiffusion) ----------------------------
    it 1, |du| = 0.967042, |r| = 0.0184683  alpha = 1

    iterations: 2, |du| = 0.0182685, |r| = 0.00035452
    Surface recombination current = 0

    contact name:       voltage:            current:
    anode               0.175               1.99705e-20
    cathode             0                  -1.99705e-20

  Solve time: 0h 0m 0.052s
  <<<<--------------------------------------------------------------------------
  Ramping to sweep value $Vg = 0.2
  Trying $Vg = 0.2

  >>>>---------------------------- (driftdiffusion) ----------------------------
    it 1, |du| = 0.967042, |r| = 0.0186302  alpha = 1

    iterations: 2, |du| = 0.0184322, |r| = 0.000360788
    Surface recombination current = 0

    contact name:       voltage:            current:
    anode               0.2                 2.44228e-19
    cathode             0                  -2.44228e-19

  Solve time: 0h 0m 0.052s
  <<<<--------------------------------------------------------------------------
  Ramping to sweep value $Vg = 0.225
  Trying $Vg = 0.225

  >>>>---------------------------- (driftdiffusion) ----------------------------
    it 1, |du| = 0.967042, |r| = 0.0187967  alpha = 1

    iterations: 2, |du| = 0.0186005, |r| = 0.000367287
    Surface recombination current = 0

    contact name:       voltage:            current:
    anode               0.225               9.41397e-20
    cathode             0                  -9.41397e-20

  Solve time: 0h 0m 0.052s
  <<<<--------------------------------------------------------------------------
  Ramping to sweep value $Vg = 0.25
  Trying $Vg = 0.25

  >>>>---------------------------- (driftdiffusion) ----------------------------
    it 1, |du| = 0.967042, |r| = 0.0189679  alpha = 1

    iterations: 2, |du| = 0.0187734, |r| = 0.000374033
    Surface recombination current = 0

    contact name:       voltage:            current:
    anode               0.25               -2.65389e-20
    cathode             0                   2.65389e-20

  Solve time: 0h 0m 0.052s
  <<<<--------------------------------------------------------------------------
  Ramping to sweep value $Vg = 0.275
  Trying $Vg = 0.275

  >>>>---------------------------- (driftdiffusion) ----------------------------
    it 1, |du| = 0.967042, |r| = 0.0191441  alpha = 1

    iterations: 2, |du| = 0.0189513, |r| = 0.000381039
    Surface recombination current = 0

    contact name:       voltage:            current:
    anode               0.275              -3.25337e-19
    cathode             0                   3.25337e-19

  Solve time: 0h 0m 0.052s
  <<<<--------------------------------------------------------------------------
  Ramping to sweep value $Vg = 0.3
  Trying $Vg = 0.3

  >>>>---------------------------- (driftdiffusion) ----------------------------
    it 1, |du| = 0.967042, |r| = 0.0193254  alpha = 1

    iterations: 2, |du| = 0.0191344, |r| = 0.000388319
    Surface recombination current = 0

    contact name:       voltage:            current:
    anode               0.3                -2.29593e-21
    cathode             0                   2.29593e-21

  Solve time: 0h 0m 0.052s
  <<<<--------------------------------------------------------------------------
  Ramping to sweep value $Vg = 0.325
  Trying $Vg = 0.325

  >>>>---------------------------- (driftdiffusion) ----------------------------
    it 1, |du| = 0.967042, |r| = 0.0195122  alpha = 1

    iterations: 2, |du| = 0.019323, |r| = 0.000395892
    Surface recombination current = 0

    contact name:       voltage:            current:
    anode               0.325               7.09944e-20
    cathode             0                  -7.09944e-20

  Solve time: 0h 0m 0.052s
  <<<<--------------------------------------------------------------------------
  Ramping to sweep value $Vg = 0.35
  Trying $Vg = 0.35

  >>>>---------------------------- (driftdiffusion) ----------------------------
    it 1, |du| = 0.967042, |r| = 0.0197047  alpha = 1

    iterations: 2, |du| = 0.0195173, |r| = 0.000403774
    Surface recombination current = 0

    contact name:       voltage:            current:
    anode               0.35               -2.10273e-20
    cathode             0                   2.10273e-20

  Solve time: 0h 0m 0.052s
  <<<<--------------------------------------------------------------------------
  Ramping to sweep value $Vg = 0.375
  Trying $Vg = 0.375

  >>>>---------------------------- (driftdiffusion) ----------------------------
    it 1, |du| = 0.967042, |r| = 0.0199032  alpha = 1

    iterations: 2, |du| = 0.0197176, |r| = 0.000411985
    Surface recombination current = 0

    contact name:       voltage:            current:
    anode               0.375              -4.47749e-19
    cathode             0                   4.47749e-19

  Solve time: 0h 0m 0.052s
  <<<<--------------------------------------------------------------------------
  Ramping to sweep value $Vg = 0.4
  Trying $Vg = 0.4

  >>>>---------------------------- (driftdiffusion) ----------------------------
    it 1, |du| = 0.967042, |r| = 0.020108  alpha = 1

    iterations: 2, |du| = 0.0199242, |r| = 0.000420546
    Surface recombination current = 0

    contact name:       voltage:            current:
    anode               0.4                 4.91593e-19
    cathode             0                  -4.91593e-19

  Solve time: 0h 0m 0.052s
  <<<<--------------------------------------------------------------------------
  Ramping to sweep value $Vg = 0.425
  Trying $Vg = 0.425

  >>>>---------------------------- (driftdiffusion) ----------------------------
    it 1, |du| = 0.967042, |r| = 0.0203196  alpha = 1

    iterations: 2, |du| = 0.0201376, |r| = 0.00042948
    Surface recombination current = 0

    contact name:       voltage:            current:
    anode               0.425              -7.11504e-19
    cathode             0                   7.11504e-19

  Solve time: 0h 0m 0.052s
  <<<<--------------------------------------------------------------------------
  Ramping to sweep value $Vg = 0.45
  Trying $Vg = 0.45

  >>>>---------------------------- (driftdiffusion) ----------------------------
    it 1, |du| = 0.967042, |r| = 0.0205381  alpha = 1

    iterations: 2, |du| = 0.0203579, |r| = 0.000438814
    Surface recombination current = 0

    contact name:       voltage:            current:
    anode               0.45               -4.07488e-19
    cathode             0                   4.07488e-19

  Solve time: 0h 0m 0.052s
  <<<<--------------------------------------------------------------------------
  Ramping to sweep value $Vg = 0.475
  Trying $Vg = 0.475

  >>>>---------------------------- (driftdiffusion) ----------------------------
    it 1, |du| = 0.967042, |r| = 0.0207641  alpha = 1

    iterations: 2, |du| = 0.0205858, |r| = 0.000448571
    Surface recombination current = 0

    contact name:       voltage:            current:
    anode               0.475               1.60577e-19
    cathode             0                  -1.60577e-19

  Solve time: 0h 0m 0.052s
  <<<<--------------------------------------------------------------------------
  Ramping to sweep value $Vg = 0.5
  Trying $Vg = 0.5

  >>>>---------------------------- (driftdiffusion) ----------------------------
    it 1, |du| = 0.967042, |r| = 0.020998  alpha = 1

    iterations: 2, |du| = 0.0208215, |r| = 0.000458784
    Surface recombination current = 0

    contact name:       voltage:            current:
    anode               0.5                -5.83496e-19
    cathode             0                   5.83496e-19

  Solve time: 0h 0m 0.052s
  <<<<--------------------------------------------------------------------------
  Ramping to sweep value $Vg = 0.525
  Trying $Vg = 0.525

  >>>>---------------------------- (driftdiffusion) ----------------------------
    it 1, |du| = 0.967042, |r| = 0.0212403  alpha = 1

    iterations: 2, |du| = 0.0210656, |r| = 0.000469485
    Surface recombination current = 0

    contact name:       voltage:            current:
    anode               0.525              -1.4008e-19
    cathode             0                   1.4008e-19

  Solve time: 0h 0m 0.052s
  <<<<--------------------------------------------------------------------------
  Ramping to sweep value $Vg = 0.55
  Trying $Vg = 0.55

  >>>>---------------------------- (driftdiffusion) ----------------------------
    it 1, |du| = 0.967042, |r| = 0.0214914  alpha = 1

    iterations: 2, |du| = 0.0213186, |r| = 0.000480711
    Surface recombination current = 0

    contact name:       voltage:            current:
    anode               0.55                3.77404e-19
    cathode             0                  -3.77404e-19

  Solve time: 0h 0m 0.052s
  <<<<--------------------------------------------------------------------------
  Ramping to sweep value $Vg = 0.575
  Trying $Vg = 0.575

  >>>>---------------------------- (driftdiffusion) ----------------------------
    it 1, |du| = 0.967042, |r| = 0.0217519  alpha = 1

    iterations: 2, |du| = 0.021581, |r| = 0.0004925
    Surface recombination current = 0

    contact name:       voltage:            current:
    anode               0.575               4.15408e-19
    cathode             0                  -4.15408e-19

  Solve time: 0h 0m 0.052s
  <<<<--------------------------------------------------------------------------
  Ramping to sweep value $Vg = 0.6
  Trying $Vg = 0.6

  >>>>---------------------------- (driftdiffusion) ----------------------------
    it 1, |du| = 0.967042, |r| = 0.0220227  alpha = 1

    iterations: 2, |du| = 0.0254294, |r| = 0.000504898
    Surface recombination current = 0

    contact name:       voltage:            current:
    anode               0.6                -2.77316e-19
    cathode             0                   2.77316e-19

  Solve time: 0h 0m 0.053s
  <<<<--------------------------------------------------------------------------
  Ramping to sweep value $Vg = 0.625
  Trying $Vg = 0.625

  >>>>---------------------------- (driftdiffusion) ----------------------------
    it 1, |du| = 0.967042, |r| = 0.0223052  alpha = 1

    iterations: 2, |du| = 0.0360219, |r| = 0.000517951
    Surface recombination current = 0

    contact name:       voltage:            current:
    anode               0.625              -9.94311e-19
    cathode             0                   9.94311e-19

  Solve time: 0h 0m 0.052s
  <<<<--------------------------------------------------------------------------
  Ramping to sweep value $Vg = 0.65
  Trying $Vg = 0.65

  >>>>---------------------------- (driftdiffusion) ----------------------------
    it 1, |du| = 0.967042, |r| = 0.0226018  alpha = 1

    iterations: 2, |du| = 0.0384157, |r| = 0.000531716
    Surface recombination current = 0

    contact name:       voltage:            current:
    anode               0.65               -4.25052e-19
    cathode             0                   4.25052e-19

  Solve time: 0h 0m 0.053s
  <<<<--------------------------------------------------------------------------
  Ramping to sweep value $Vg = 0.675
  Trying $Vg = 0.675

  >>>>---------------------------- (driftdiffusion) ----------------------------
    it 1, |du| = 0.967848, |r| = 0.0229164  alpha = 1

    iterations: 2, |du| = 0.0292452, |r| = 0.000546291
    Surface recombination current = 0

    contact name:       voltage:            current:
    anode               0.675              -9.72971e-19
    cathode             0                   9.72971e-19

  Solve time: 0h 0m 0.052s
  <<<<--------------------------------------------------------------------------
  Ramping to sweep value $Vg = 0.7
  Trying $Vg = 0.7

  >>>>---------------------------- (driftdiffusion) ----------------------------
    it 1, |du| = 0.973861, |r| = 0.0232592  alpha = 1

    iterations: 2, |du| = 0.036674, |r| = 0.000561989
    Surface recombination current = 0

    contact name:       voltage:            current:
    anode               0.7                -2.66972e-18
    cathode             0                   2.66972e-18

  Solve time: 0h 0m 0.052s
  <<<<--------------------------------------------------------------------------
  Ramping to sweep value $Vg = 0.725
  Trying $Vg = 0.725

  >>>>---------------------------- (driftdiffusion) ----------------------------
    it 1, |du| = 0.988486, |r| = 0.0236651  alpha = 1

    iterations: 2, |du| = 0.0548953, |r| = 0.000580657
    Surface recombination current = 0

    contact name:       voltage:            current:
    anode               0.725              -4.71083e-18
    cathode             0                   4.71083e-18

  Solve time: 0h 0m 0.053s
  <<<<--------------------------------------------------------------------------
  Ramping to sweep value $Vg = 0.75
  Trying $Vg = 0.75

  >>>>---------------------------- (driftdiffusion) ----------------------------
    it 1, |du| = 1.01006, |r| = 0.02421  alpha = 1

    iterations: 2, |du| = 0.0666114, |r| = 0.000614224
    Surface recombination current = 0

    contact name:       voltage:            current:
    anode               0.75               -9.13394e-18
    cathode             0                   9.13394e-18

  Solve time: 0h 0m 0.062s
  <<<<--------------------------------------------------------------------------
  Ramping to sweep value $Vg = 0.775
  Trying $Vg = 0.775

  >>>>---------------------------- (driftdiffusion) ----------------------------
    it 1, |du| = 1.02707, |r| = 0.0246811  alpha = 1

    iterations: 2, |du| = 0.0630609, |r| = 0.000651824
    Surface recombination current = 0

    contact name:       voltage:            current:
    anode               0.775              -1.90023e-17
    cathode             0                   1.90023e-17

  Solve time: 0h 0m 0.053s
  <<<<--------------------------------------------------------------------------
  Ramping to sweep value $Vg = 0.8
  Trying $Vg = 0.8

  >>>>---------------------------- (driftdiffusion) ----------------------------
    it 1, |du| = 1.02234, |r| = 0.024978  alpha = 1

    iterations: 2, |du| = 0.0490486, |r| = 0.000651811
    Surface recombination current = 0

    contact name:       voltage:            current:
    anode               0.8                -4.69775e-17
    cathode             0                   4.69775e-17

  Solve time: 0h 0m 0.053s
  <<<<--------------------------------------------------------------------------
  Ramping to sweep value $Vg = 0.825
  Trying $Vg = 0.825

  >>>>---------------------------- (driftdiffusion) ----------------------------
    it 1, |du| = 0.996099, |r| = 0.027006  alpha = 1

    iterations: 2, |du| = 0.0367392, |r| = 0.000772782
    Surface recombination current = 0

    contact name:       voltage:            current:
    anode               0.825              -1.12289e-16
    cathode             0                   1.12289e-16

  Solve time: 0h 0m 0.053s
  <<<<--------------------------------------------------------------------------
  Ramping to sweep value $Vg = 0.85
  Trying $Vg = 0.85

  >>>>---------------------------- (driftdiffusion) ----------------------------
    it 1, |du| = 0.968624, |r| = 0.0282491  alpha = 1

    iterations: 2, |du| = 0.0253112, |r| = 0.000817872
    Surface recombination current = 0

    contact name:       voltage:            current:
    anode               0.85               -2.80254e-16
    cathode             0                   2.80254e-16

  Solve time: 0h 0m 0.053s
  <<<<--------------------------------------------------------------------------
  Ramping to sweep value $Vg = 0.875
  Trying $Vg = 0.875

  >>>>---------------------------- (driftdiffusion) ----------------------------
    it 1, |du| = 0.967042, |r| = 0.0275637  alpha = 1

    iterations: 2, |du| = 0.025756, |r| = 0.000760155
    Surface recombination current = 0

    contact name:       voltage:            current:
    anode               0.875              -7.21238e-16
    cathode             0                   7.21238e-16

  Solve time: 0h 0m 0.053s
  <<<<--------------------------------------------------------------------------
  Ramping to sweep value $Vg = 0.9
  Trying $Vg = 0.9

  >>>>---------------------------- (driftdiffusion) ----------------------------
    it 1, |du| = 0.967042, |r| = 0.0272015  alpha = 1

    iterations: 2, |du| = 0.0262253, |r| = 0.000745323
    Surface recombination current = 0

    contact name:       voltage:            current:
    anode               0.9                -1.86595e-15
    cathode             0                   1.86595e-15

  Solve time: 0h 0m 0.053s
  <<<<--------------------------------------------------------------------------
  Ramping to sweep value $Vg = 0.925
  Trying $Vg = 0.925

  >>>>---------------------------- (driftdiffusion) ----------------------------
    it 1, |du| = 0.967042, |r| = 0.0273686  alpha = 1

    iterations: 2, |du| = 0.0267217, |r| = 0.000761378
    Surface recombination current = 0

    contact name:       voltage:            current:
    anode               0.925              -4.84072e-15
    cathode             0                   4.84072e-15

  Solve time: 0h 0m 0.053s
  <<<<--------------------------------------------------------------------------
  Ramping to sweep value $Vg = 0.95
  Trying $Vg = 0.95

  >>>>---------------------------- (driftdiffusion) ----------------------------
    it 1, |du| = 0.967042, |r| = 0.0277703  alpha = 1

    iterations: 2, |du| = 0.0272476, |r| = 0.000788154
    Surface recombination current = 0

    contact name:       voltage:            current:
    anode               0.95               -1.25609e-14
    cathode             0                   1.25609e-14

  Solve time: 0h 0m 0.053s
  <<<<--------------------------------------------------------------------------
  Ramping to sweep value $Vg = 0.975
  Trying $Vg = 0.975

  >>>>---------------------------- (driftdiffusion) ----------------------------
    it 1, |du| = 0.967042, |r| = 0.0282741  alpha = 1

    iterations: 2, |du| = 0.0278064, |r| = 0.000819733
    Surface recombination current = 0

    contact name:       voltage:            current:
    anode               0.975              -3.25165e-14
    cathode             0                   3.25165e-14

  Solve time: 0h 0m 0.053s
  <<<<--------------------------------------------------------------------------
  Ramping to sweep value $Vg = 1
  Trying $Vg = 1

  >>>>---------------------------- (driftdiffusion) ----------------------------
    it 1, |du| = 0.967042, |r| = 0.0288372  alpha = 1

    iterations: 2, |du| = 0.0284015, |r| = 0.000854877
    Surface recombination current = 0

    contact name:       voltage:            current:
    anode               1                  -8.41084e-14
    cathode             0                   8.41084e-14

  Solve time: 0h 0m 0.053s
  <<<<--------------------------------------------------------------------------
  Ramping to sweep value $Vg = 1.025
  Trying $Vg = 1.025

  >>>>---------------------------- (driftdiffusion) ----------------------------
    it 1, |du| = 0.967042, |r| = 0.0294479  alpha = 1

    iterations: 2, |du| = 0.0290371, |r| = 0.000893545
    Surface recombination current = 0

    contact name:       voltage:            current:
    anode               1.025              -2.17246e-13
    cathode             0                   2.17246e-13

  Solve time: 0h 0m 0.053s
  <<<<--------------------------------------------------------------------------
  Ramping to sweep value $Vg = 1.05
  Trying $Vg = 1.05

  >>>>---------------------------- (driftdiffusion) ----------------------------
    it 1, |du| = 0.967042, |r| = 0.0301054  alpha = 1

    iterations: 2, |du| = 0.0297182, |r| = 0.000936086
    Surface recombination current = 0

    contact name:       voltage:            current:
    anode               1.05               -5.60179e-13
    cathode             0                   5.60179e-13

  Solve time: 0h 0m 0.053s
  <<<<--------------------------------------------------------------------------
  Ramping to sweep value $Vg = 1.075
  Trying $Vg = 1.075

  >>>>---------------------------- (driftdiffusion) ----------------------------
    it 1, |du| = 0.967042, |r| = 0.0308133  alpha = 1

    iterations: 2, |du| = 0.0304503, |r| = 0.000983038
    Surface recombination current = 0

    contact name:       voltage:            current:
    anode               1.075              -1.44189e-12
    cathode             0                   1.44189e-12

  Solve time: 0h 0m 0.053s
  <<<<--------------------------------------------------------------------------
  Ramping to sweep value $Vg = 1.1
  Trying $Vg = 1.1

  >>>>---------------------------- (driftdiffusion) ----------------------------
    it 1, |du| = 0.967042, |r| = 0.031578  alpha = 1

    iterations: 2, |du| = 0.0312404, |r| = 0.00103511
    Surface recombination current = 0

    contact name:       voltage:            current:
    anode               1.1                -3.70414e-12
    cathode             0                   3.70414e-12

  Solve time: 0h 0m 0.053s
  <<<<--------------------------------------------------------------------------
  Ramping to sweep value $Vg = 1.125
  Trying $Vg = 1.125

  >>>>---------------------------- (driftdiffusion) ----------------------------
    it 1, |du| = 0.967042, |r| = 0.0324075  alpha = 1

    iterations: 2, |du| = 0.0361104, |r| = 0.00109319
    Surface recombination current = 0

    contact name:       voltage:            current:
    anode               1.125              -9.49571e-12
    cathode             0                   9.49571e-12

  Solve time: 0h 0m 0.053s
  <<<<--------------------------------------------------------------------------
  Ramping to sweep value $Vg = 1.15
  Trying $Vg = 1.15

  >>>>---------------------------- (driftdiffusion) ----------------------------
    it 1, |du| = 0.967042, |r| = 0.033312  alpha = 1

    iterations: 2, |du| = 0.0349334, |r| = 0.00115842
    Surface recombination current = 0

    contact name:       voltage:            current:
    anode               1.15               -2.42885e-11
    cathode             0                   2.42885e-11

  Solve time: 0h 0m 0.054s
  <<<<--------------------------------------------------------------------------
  Ramping to sweep value $Vg = 1.175
  Trying $Vg = 1.175

  >>>>---------------------------- (driftdiffusion) ----------------------------
    it 1, |du| = 0.967042, |r| = 0.0343042  alpha = 1

    iterations: 2, |du| = 0.0340495, |r| = 0.00123224
    Surface recombination current = 0

    contact name:       voltage:            current:
    anode               1.175              -6.19729e-11
    cathode             0                   6.19729e-11

  Solve time: 0h 0m 0.054s
  <<<<--------------------------------------------------------------------------
  Ramping to sweep value $Vg = 1.2
  Trying $Vg = 1.2

  >>>>---------------------------- (driftdiffusion) ----------------------------
    it 1, |du| = 0.967042, |r| = 0.0354  alpha = 1

    iterations: 2, |du| = 0.0351775, |r| = 0.00131654
    Surface recombination current = 0

    contact name:       voltage:            current:
    anode               1.2                -1.57739e-10
    cathode             0                   1.57739e-10

  Solve time: 0h 0m 0.054s
  <<<<--------------------------------------------------------------------------
  Ramping to sweep value $Vg = 1.225
  Trying $Vg = 1.225

  >>>>---------------------------- (driftdiffusion) ----------------------------
    it 1, |du| = 0.967042, |r| = 0.0366208  alpha = 1

    iterations: 2, |du| = 0.0551328, |r| = 0.00141384
    Surface recombination current = 0

    contact name:       voltage:            current:
    anode               1.225              -4.00411e-10
    cathode             0                   4.00411e-10

  Solve time: 0h 0m 0.054s
  <<<<--------------------------------------------------------------------------
  Ramping to sweep value $Vg = 1.25
  Trying $Vg = 1.25

  >>>>---------------------------- (driftdiffusion) ----------------------------
    it 1, |du| = 0.967042, |r| = 0.0379973  alpha = 1

    iterations: 2, |du| = 0.0718733, |r| = 0.00152768
    Surface recombination current = 0

    contact name:       voltage:            current:
    anode               1.25               -1.01371e-09
    cathode             0                   1.01371e-09

  Solve time: 0h 0m 0.054s
  <<<<--------------------------------------------------------------------------
  Ramping to sweep value $Vg = 1.275
  Trying $Vg = 1.275

  >>>>---------------------------- (driftdiffusion) ----------------------------
    it 1, |du| = 0.967042, |r| = 0.0395802  alpha = 1

    iterations: 2, |du| = 0.0746782, |r| = 0.00166349
    Surface recombination current = 0

    contact name:       voltage:            current:
    anode               1.275              -2.5593e-09
    cathode             0                   2.5593e-09

  Solve time: 0h 0m 0.054s
  <<<<--------------------------------------------------------------------------
  Ramping to sweep value $Vg = 1.3
  Trying $Vg = 1.3

  >>>>---------------------------- (driftdiffusion) ----------------------------
    it 1, |du| = 0.967042, |r| = 0.041411  alpha = 1

    iterations: 2, |du| = 0.0566047, |r| = 0.00182828
    Surface recombination current = 0

    contact name:       voltage:            current:
    anode               1.3                -6.4425e-09
    cathode             0                   6.4425e-09

  Solve time: 0h 0m 0.055s
  <<<<--------------------------------------------------------------------------
  Ramping to sweep value $Vg = 1.325
  Trying $Vg = 1.325

  >>>>---------------------------- (driftdiffusion) ----------------------------
    it 1, |du| = 0.967042, |r| = 0.0434915  alpha = 1

    iterations: 2, |du| = 0.0470278, |r| = 0.00203107
    Surface recombination current = 0

    contact name:       voltage:            current:
    anode               1.325              -1.61661e-08
    cathode             0                   1.61661e-08

  Solve time: 0h 0m 0.055s
  <<<<--------------------------------------------------------------------------
  Ramping to sweep value $Vg = 1.35
  Trying $Vg = 1.35

  >>>>---------------------------- (driftdiffusion) ----------------------------
    it 1, |du| = 0.967042, |r| = 0.0463326  alpha = 1

    iterations: 2, |du| = 0.0457158, |r| = 0.0022845
    Surface recombination current = 0

    contact name:       voltage:            current:
    anode               1.35               -4.04078e-08
    cathode             0                   4.04078e-08

  Solve time: 0h 0m 0.055s
  <<<<--------------------------------------------------------------------------
  Ramping to sweep value $Vg = 1.375
  Trying $Vg = 1.375

  >>>>---------------------------- (driftdiffusion) ----------------------------
    it 1, |du| = 0.967042, |r| = 0.0496194  alpha = 1

    iterations: 2, |du| = 0.0486652, |r| = 0.00262006
    Surface recombination current = 0

    contact name:       voltage:            current:
    anode               1.375              -1.00421e-07
    cathode             0                   1.00421e-07

  Solve time: 0h 0m 0.056s
  <<<<--------------------------------------------------------------------------
  Ramping to sweep value $Vg = 1.4
  Trying $Vg = 1.4

  >>>>---------------------------- (driftdiffusion) ----------------------------
    it 1, |du| = 0.967042, |r| = 0.0531042  alpha = 1

    iterations: 2, |du| = 0.0523121, |r| = 0.00308168
    Surface recombination current = 0

    contact name:       voltage:            current:
    anode               1.4                -2.46952e-07
    cathode             0                   2.46952e-07

  Solve time: 0h 0m 0.056s
  <<<<--------------------------------------------------------------------------
  Ramping to sweep value $Vg = 1.425
  Trying $Vg = 1.425

  >>>>---------------------------- (driftdiffusion) ----------------------------
    it 1, |du| = 0.967042, |r| = 0.0575763  alpha = 1

    iterations: 2, |du| = 0.0569813, |r| = 0.00374043
    Surface recombination current = 0

    contact name:       voltage:            current:
    anode               1.425              -5.95215e-07
    cathode             0                   5.95215e-07

  Solve time: 0h 0m 0.056s
  <<<<--------------------------------------------------------------------------
  Ramping to sweep value $Vg = 1.45
  Trying $Vg = 1.45

  >>>>---------------------------- (driftdiffusion) ----------------------------
    it 1, |du| = 0.967042, |r| = 0.0637265  alpha = 1

    iterations: 2, |du| = 0.0632406, |r| = 0.00469964
    Surface recombination current = 0

    contact name:       voltage:            current:
    anode               1.45               -1.38829e-06
    cathode             0                   1.38829e-06

  Solve time: 0h 0m 0.056s
  <<<<--------------------------------------------------------------------------
  Ramping to sweep value $Vg = 1.475
  Trying $Vg = 1.475

  >>>>---------------------------- (driftdiffusion) ----------------------------
    it 1, |du| = 0.967042, |r| = 0.0726155  alpha = 1

    iterations: 2, |du| = 0.0760679, |r| = 0.00626145
    Surface recombination current = 0

    contact name:       voltage:            current:
    anode               1.475              -3.0963e-06
    cathode             0                   3.0963e-06

  Solve time: 0h 0m 0.056s
  <<<<--------------------------------------------------------------------------
  Ramping to sweep value $Vg = 1.5
  Trying $Vg = 1.5

  >>>>---------------------------- (driftdiffusion) ----------------------------
    it 1, |du| = 0.967042, |r| = 0.0867822  alpha = 1

    iterations: 2, |du| = 0.0990307, |r| = 0.00920753
    Surface recombination current = 0

    contact name:       voltage:            current:
    anode               1.5                -6.53455e-06
    cathode             0                   6.53455e-06

  Solve time: 0h 0m 0.056s
  <<<<--------------------------------------------------------------------------
  Ramping to sweep value $Vg = 1.525
  Trying $Vg = 1.525

  >>>>---------------------------- (driftdiffusion) ----------------------------
    it 1, |du| = 0.967042, |r| = 0.114837  alpha = 1
    it 2, |du| = 0.126096, |r| = 0.0172842  alpha = 1

    iterations: 3, |du| = 0.0171968, |r| = 0.00259318
    Surface recombination current = 0

    contact name:       voltage:            current:
    anode               1.525              -1.30598e-05
    cathode             0                   1.30598e-05

  Solve time: 0h 0m 0.082s
  <<<<--------------------------------------------------------------------------
  Ramping to sweep value $Vg = 1.55
  Trying $Vg = 1.55

  >>>>---------------------------- (driftdiffusion) ----------------------------
    it 1, |du| = 0.967042, |r| = 0.222418  alpha = 1
    it 2, |du| = 0.110826, |r| = 0.0558392  alpha = 0.5
    it 3, |du| = 0.0400859, |r| = 0.0182858  alpha = 0.5

    iterations: 4, |du| = 0.0525404, |r| = 0.00596234
    Surface recombination current = 0

    contact name:       voltage:            current:
    anode               1.55               -2.38212e-05
    cathode             0                   2.38212e-05

  Solve time: 0h 0m 0.11s
  <<<<--------------------------------------------------------------------------
  Ramping to sweep value $Vg = 1.575
  Trying $Vg = 1.575

  >>>>---------------------------- (driftdiffusion) ----------------------------
    it 1, |du| = 0.967042, |r| = 0.185291  alpha = 1
    it 2, |du| = 0.323166, |r| = 0.0272195  alpha = 1

    iterations: 3, |du| = 0.0508049, |r| = 0.00470407
    Surface recombination current = 0

    contact name:       voltage:            current:
    anode               1.575              -3.4232e-05
    cathode             0                   3.4232e-05

  Solve time: 0h 0m 0.082s
  <<<<--------------------------------------------------------------------------
  Ramping to sweep value $Vg = 1.6
  Trying $Vg = 1.6

  >>>>---------------------------- (driftdiffusion) ----------------------------
    it 1, |du| = 0.967042, |r| = 0.118458  alpha = 1
    it 2, |du| = 0.240469, |r| = 0.0125517  alpha = 1

    iterations: 3, |du| = 0.039077, |r| = 0.0014342
    Surface recombination current = 0

    contact name:       voltage:            current:
    anode               1.6                -4.83751e-05
    cathode             0                   4.83751e-05

  Solve time: 0h 0m 0.083s
  <<<<--------------------------------------------------------------------------
  Ramping to sweep value $Vg = 1.625
  Trying $Vg = 1.625

  >>>>---------------------------- (driftdiffusion) ----------------------------
    it 1, |du| = 0.967042, |r| = 0.0930483  alpha = 1

    iterations: 2, |du| = 0.146052, |r| = 0.00831606
    Surface recombination current = 0

    contact name:       voltage:            current:
    anode               1.625              -6.49189e-05
    cathode             0                   6.49189e-05

  Solve time: 0h 0m 0.056s
  <<<<--------------------------------------------------------------------------
  Ramping to sweep value $Vg = 1.65
  Trying $Vg = 1.65

  >>>>---------------------------- (driftdiffusion) ----------------------------
    it 1, |du| = 0.967042, |r| = 0.0797395  alpha = 1

    iterations: 2, |du| = 0.141313, |r| = 0.00626679
    Surface recombination current = 0

    contact name:       voltage:            current:
    anode               1.65               -8.36282e-05
    cathode             0                   8.36282e-05

  Solve time: 0h 0m 0.056s
  <<<<--------------------------------------------------------------------------
  Ramping to sweep value $Vg = 1.675
  Trying $Vg = 1.675

  >>>>---------------------------- (driftdiffusion) ----------------------------
    it 1, |du| = 0.967042, |r| = 0.0698719  alpha = 1

    iterations: 2, |du| = 0.117505, |r| = 0.0049664
    Surface recombination current = 0

    contact name:       voltage:            current:
    anode               1.675              -0.000103759
    cathode             0                   0.000103759

  Solve time: 0h 0m 0.056s
  <<<<--------------------------------------------------------------------------
  Ramping to sweep value $Vg = 1.7
  Trying $Vg = 1.7

  >>>>---------------------------- (driftdiffusion) ----------------------------
    it 1, |du| = 0.967042, |r| = 0.0627817  alpha = 1

    iterations: 2, |du| = 0.0980942, |r| = 0.004101
    Surface recombination current = 0

    contact name:       voltage:            current:
    anode               1.7                -0.000124823
    cathode             0                   0.000124823

  Solve time: 0h 0m 0.056s
  <<<<--------------------------------------------------------------------------
  Ramping to sweep value $Vg = 1.725
  Trying $Vg = 1.725

  >>>>---------------------------- (driftdiffusion) ----------------------------
    it 1, |du| = 0.967042, |r| = 0.057403  alpha = 1

    iterations: 2, |du| = 0.0822469, |r| = 0.00348885
    Surface recombination current = 0

    contact name:       voltage:            current:
    anode               1.725              -0.000146471
    cathode             0                   0.000146471

  Solve time: 0h 0m 0.056s
  <<<<--------------------------------------------------------------------------
  Ramping to sweep value $Vg = 1.75
  Trying $Vg = 1.75

  >>>>---------------------------- (driftdiffusion) ----------------------------
    it 1, |du| = 0.967042, |r| = 0.0531684  alpha = 1

    iterations: 2, |du| = 0.0694573, |r| = 0.00303667
    Surface recombination current = 0

    contact name:       voltage:            current:
    anode               1.75               -0.000168467
    cathode             0                   0.000168467

  Solve time: 0h 0m 0.056s
  <<<<--------------------------------------------------------------------------
  Ramping to sweep value $Vg = 1.775
  Trying $Vg = 1.775

  >>>>---------------------------- (driftdiffusion) ----------------------------
    it 1, |du| = 0.967042, |r| = 0.0497385  alpha = 1

    iterations: 2, |du| = 0.0591783, |r| = 0.00269175
    Surface recombination current = 0

    contact name:       voltage:            current:
    anode               1.775              -0.000190663
    cathode             0                   0.000190663

  Solve time: 0h 0m 0.056s
  <<<<--------------------------------------------------------------------------
  Ramping to sweep value $Vg = 1.8
  Trying $Vg = 1.8

  >>>>---------------------------- (driftdiffusion) ----------------------------
    it 1, |du| = 0.967042, |r| = 0.0468957  alpha = 1

    iterations: 2, |du| = 0.0509001, |r| = 0.00242166
    Surface recombination current = 0

    contact name:       voltage:            current:
    anode               1.8                -0.00021297
    cathode             0                   0.00021297

  Solve time: 0h 0m 0.1s
  <<<<--------------------------------------------------------------------------
  Ramping to sweep value $Vg = 1.825
  Trying $Vg = 1.825

  >>>>---------------------------- (driftdiffusion) ----------------------------
    it 1, |du| = 0.967042, |r| = 0.044494  alpha = 1

    iterations: 2, |du| = 0.0441889, |r| = 0.00220542
    Surface recombination current = 0

    contact name:       voltage:            current:
    anode               1.825              -0.000235332
    cathode             0                   0.000235332

  Solve time: 0h 0m 0.076s
  <<<<--------------------------------------------------------------------------
  Ramping to sweep value $Vg = 1.85
  Trying $Vg = 1.85

  >>>>---------------------------- (driftdiffusion) ----------------------------
    it 1, |du| = 0.967042, |r| = 0.042432  alpha = 1

    iterations: 2, |du| = 0.0418521, |r| = 0.00202888
    Surface recombination current = 0

    contact name:       voltage:            current:
    anode               1.85               -0.000257717
    cathode             0                   0.000257717

  Solve time: 0h 0m 0.056s
  <<<<--------------------------------------------------------------------------
  Ramping to sweep value $Vg = 1.875
  Trying $Vg = 1.875

  >>>>---------------------------- (driftdiffusion) ----------------------------
    it 1, |du| = 0.967042, |r| = 0.0406374  alpha = 1

    iterations: 2, |du| = 0.0400799, |r| = 0.0018823
    Surface recombination current = 0

    contact name:       voltage:            current:
    anode               1.875              -0.000280108
    cathode             0                   0.000280108

  Solve time: 0h 0m 0.056s
  <<<<--------------------------------------------------------------------------
  Ramping to sweep value $Vg = 1.9
  Trying $Vg = 1.9

  >>>>---------------------------- (driftdiffusion) ----------------------------
    it 1, |du| = 0.967042, |r| = 0.0390573  alpha = 1

    iterations: 2, |du| = 0.0385176, |r| = 0.00175881
    Surface recombination current = 0

    contact name:       voltage:            current:
    anode               1.9                -0.000302495
    cathode             0                   0.000302495

  Solve time: 0h 0m 0.056s
  <<<<--------------------------------------------------------------------------
  Ramping to sweep value $Vg = 1.925
  Trying $Vg = 1.925

  >>>>---------------------------- (driftdiffusion) ----------------------------
    it 1, |du| = 0.967042, |r| = 0.0376523  alpha = 1

    iterations: 2, |du| = 0.0371267, |r| = 0.00165344
    Surface recombination current = 0

    contact name:       voltage:            current:
    anode               1.925              -0.000324873
    cathode             0                   0.000324873

  Solve time: 0h 0m 0.056s
  <<<<--------------------------------------------------------------------------
  Ramping to sweep value $Vg = 1.95
  Trying $Vg = 1.95

  >>>>---------------------------- (driftdiffusion) ----------------------------
    it 1, |du| = 0.967042, |r| = 0.0363923  alpha = 1

    iterations: 2, |du| = 0.035878, |r| = 0.00156253
    Surface recombination current = 0

    contact name:       voltage:            current:
    anode               1.95               -0.000347241
    cathode             0                   0.000347241

  Solve time: 0h 0m 0.056s
  <<<<--------------------------------------------------------------------------
  Ramping to sweep value $Vg = 1.975
  Trying $Vg = 1.975

  >>>>---------------------------- (driftdiffusion) ----------------------------
    it 1, |du| = 0.967042, |r| = 0.0352538  alpha = 1

    iterations: 2, |du| = 0.0347485, |r| = 0.00148335
    Surface recombination current = 0

    contact name:       voltage:            current:
    anode               1.975              -0.000369601
    cathode             0                   0.000369601

  Solve time: 0h 0m 0.056s
  <<<<--------------------------------------------------------------------------
  Ramping to sweep value $Vg = 2
  Trying $Vg = 2

  >>>>---------------------------- (driftdiffusion) ----------------------------
    it 1, |du| = 0.967042, |r| = 0.0342186  alpha = 1

    iterations: 2, |du| = 0.0337203, |r| = 0.0014138
    Surface recombination current = 0

    contact name:       voltage:            current:
    anode               2                  -0.000391955
    cathode             0                   0.000391955

  Solve time: 0h 0m 0.056s
  <<<<--------------------------------------------------------------------------
  Ramping to sweep value $Vg = 2.025
  Trying $Vg = 2.025

  >>>>---------------------------- (driftdiffusion) ----------------------------
    it 1, |du| = 0.967042, |r| = 0.0332718  alpha = 1

    iterations: 2, |du| = 0.032779, |r| = 0.00135226
    Surface recombination current = 0

    contact name:       voltage:            current:
    anode               2.025              -0.000414307
    cathode             0                   0.000414307

  Solve time: 0h 0m 0.056s
  <<<<--------------------------------------------------------------------------
  Ramping to sweep value $Vg = 2.05
  Trying $Vg = 2.05

  >>>>---------------------------- (driftdiffusion) ----------------------------
    it 1, |du| = 0.967042, |r| = 0.0324016  alpha = 1

    iterations: 2, |du| = 0.0319129, |r| = 0.00129746
    Surface recombination current = 0

    contact name:       voltage:            current:
    anode               2.05               -0.000436662
    cathode             0                   0.000436662

  Solve time: 0h 0m 0.056s
  <<<<--------------------------------------------------------------------------
  Ramping to sweep value $Vg = 2.075
  Trying $Vg = 2.075

  >>>>---------------------------- (driftdiffusion) ----------------------------
    it 1, |du| = 0.967042, |r| = 0.0315981  alpha = 1

    iterations: 2, |du| = 0.0311125, |r| = 0.00124839
    Surface recombination current = 0

    contact name:       voltage:            current:
    anode               2.075              -0.000459024
    cathode             0                   0.000459024

  Solve time: 0h 0m 0.056s
  <<<<--------------------------------------------------------------------------
  Ramping to sweep value $Vg = 2.1
  Trying $Vg = 2.1

  >>>>---------------------------- (driftdiffusion) ----------------------------
    it 1, |du| = 0.967042, |r| = 0.0308532  alpha = 1

    iterations: 2, |du| = 0.0303697, |r| = 0.00120421
    Surface recombination current = 0

    contact name:       voltage:            current:
    anode               2.1                -0.000481401
    cathode             0                   0.000481401

  Solve time: 0h 0m 0.056s
  <<<<--------------------------------------------------------------------------
  Ramping to sweep value $Vg = 2.125
  Trying $Vg = 2.125

  >>>>---------------------------- (driftdiffusion) ----------------------------
    it 1, |du| = 0.967042, |r| = 0.0301603  alpha = 1

    iterations: 2, |du| = 0.029678, |r| = 0.00116429
    Surface recombination current = 0

    contact name:       voltage:            current:
    anode               2.125              -0.000503796
    cathode             0                   0.000503796

  Solve time: 0h 0m 0.056s
  <<<<--------------------------------------------------------------------------
  Ramping to sweep value $Vg = 2.15
  Trying $Vg = 2.15

  >>>>---------------------------- (driftdiffusion) ----------------------------
    it 1, |du| = 0.967042, |r| = 0.0295134  alpha = 1

    iterations: 2, |du| = 0.0290317, |r| = 0.00112804
    Surface recombination current = 0

    contact name:       voltage:            current:
    anode               2.15               -0.000526218
    cathode             0                   0.000526218

  Solve time: 0h 0m 0.056s
  <<<<--------------------------------------------------------------------------
  Ramping to sweep value $Vg = 2.175
  Trying $Vg = 2.175

  >>>>---------------------------- (driftdiffusion) ----------------------------
    it 1, |du| = 0.967042, |r| = 0.0289078  alpha = 1

    iterations: 2, |du| = 0.028426, |r| = 0.00109503
    Surface recombination current = 0

    contact name:       voltage:            current:
    anode               2.175              -0.00054867
    cathode             0                   0.00054867

  Solve time: 0h 0m 0.056s
  <<<<--------------------------------------------------------------------------
  Ramping to sweep value $Vg = 2.2
  Trying $Vg = 2.2

  >>>>---------------------------- (driftdiffusion) ----------------------------
    it 1, |du| = 0.967042, |r| = 0.0283392  alpha = 1

    iterations: 2, |du| = 0.0278567, |r| = 0.00106489
    Surface recombination current = 0

    contact name:       voltage:            current:
    anode               2.2                -0.00057116
    cathode             0                   0.00057116

  Solve time: 0h 0m 0.056s
  <<<<--------------------------------------------------------------------------
  Ramping to sweep value $Vg = 2.225
  Trying $Vg = 2.225

  >>>>---------------------------- (driftdiffusion) ----------------------------
    it 1, |du| = 0.967042, |r| = 0.0278041  alpha = 1

    iterations: 2, |du| = 0.0273205, |r| = 0.00103727
    Surface recombination current = 0

    contact name:       voltage:            current:
    anode               2.225              -0.000593695
    cathode             0                   0.000593695

  Solve time: 0h 0m 0.056s
  <<<<--------------------------------------------------------------------------
  Ramping to sweep value $Vg = 2.25
  Trying $Vg = 2.25

  >>>>---------------------------- (driftdiffusion) ----------------------------
    it 1, |du| = 0.967042, |r| = 0.0272993  alpha = 1

    iterations: 2, |du| = 0.0268141, |r| = 0.00101189
    Surface recombination current = 0

    contact name:       voltage:            current:
    anode               2.25               -0.000616279
    cathode             0                   0.000616279

  Solve time: 0h 0m 0.056s
  <<<<--------------------------------------------------------------------------
  Ramping to sweep value $Vg = 2.275
  Trying $Vg = 2.275

  >>>>---------------------------- (driftdiffusion) ----------------------------
    it 1, |du| = 0.967042, |r| = 0.0268222  alpha = 1

    iterations: 2, |du| = 0.0263349, |r| = 0.000988538
    Surface recombination current = 0

    contact name:       voltage:            current:
    anode               2.275              -0.000638921
    cathode             0                   0.000638921

  Solve time: 0h 0m 0.056s
  <<<<--------------------------------------------------------------------------
  Ramping to sweep value $Vg = 2.3
  Trying $Vg = 2.3

  >>>>---------------------------- (driftdiffusion) ----------------------------
    it 1, |du| = 0.967042, |r| = 0.0263702  alpha = 1

    iterations: 2, |du| = 0.0258805, |r| = 0.000966994
    Surface recombination current = 0

    contact name:       voltage:            current:
    anode               2.3                -0.000661625
    cathode             0                   0.000661625

  Solve time: 0h 0m 0.056s
  <<<<--------------------------------------------------------------------------
  Ramping to sweep value $Vg = 2.325
  Trying $Vg = 2.325

  >>>>---------------------------- (driftdiffusion) ----------------------------
    it 1, |du| = 0.967042, |r| = 0.0259413  alpha = 1

    iterations: 2, |du| = 0.0254489, |r| = 0.000947088
    Surface recombination current = 0

    contact name:       voltage:            current:
    anode               2.325              -0.000684399
    cathode             0                   0.000684399

  Solve time: 0h 0m 0.056s
  <<<<--------------------------------------------------------------------------
  Ramping to sweep value $Vg = 2.35
  Trying $Vg = 2.35

  >>>>---------------------------- (driftdiffusion) ----------------------------
    it 1, |du| = 0.967042, |r| = 0.0255337  alpha = 1

    iterations: 2, |du| = 0.0250381, |r| = 0.000928667
    Surface recombination current = 0

    contact name:       voltage:            current:
    anode               2.35               -0.000707248
    cathode             0                   0.000707248

  Solve time: 0h 0m 0.056s
  <<<<--------------------------------------------------------------------------
  Ramping to sweep value $Vg = 2.375
  Trying $Vg = 2.375

  >>>>---------------------------- (driftdiffusion) ----------------------------
    it 1, |du| = 0.967042, |r| = 0.0251455  alpha = 1

    iterations: 2, |du| = 0.0246466, |r| = 0.000911597
    Surface recombination current = 0

    contact name:       voltage:            current:
    anode               2.375              -0.00073018
    cathode             0                   0.00073018

  Solve time: 0h 0m 0.056s
  <<<<--------------------------------------------------------------------------
  Ramping to sweep value $Vg = 2.4
  Trying $Vg = 2.4

  >>>>---------------------------- (driftdiffusion) ----------------------------
    it 1, |du| = 0.967042, |r| = 0.0247755  alpha = 1

    iterations: 2, |du| = 0.0242729, |r| = 0.00089576
    Surface recombination current = 0

    contact name:       voltage:            current:
    anode               2.4                -0.0007532
    cathode             0                   0.0007532

  Solve time: 0h 0m 0.056s
  <<<<--------------------------------------------------------------------------
  Ramping to sweep value $Vg = 2.425
  Trying $Vg = 2.425

  >>>>---------------------------- (driftdiffusion) ----------------------------
    it 1, |du| = 0.967042, |r| = 0.0244222  alpha = 1

    iterations: 2, |du| = 0.0239157, |r| = 0.000881054
    Surface recombination current = 0

    contact name:       voltage:            current:
    anode               2.425              -0.000776315
    cathode             0                   0.000776315

  Solve time: 0h 0m 0.056s
  <<<<--------------------------------------------------------------------------
  Ramping to sweep value $Vg = 2.45
  Trying $Vg = 2.45

  >>>>---------------------------- (driftdiffusion) ----------------------------
    it 1, |du| = 0.967042, |r| = 0.0240844  alpha = 1

    iterations: 2, |du| = 0.0235738, |r| = 0.000867384
    Surface recombination current = 0

    contact name:       voltage:            current:
    anode               2.45               -0.00079953
    cathode             0                   0.00079953

  Solve time: 0h 0m 0.056s
  <<<<--------------------------------------------------------------------------
  Ramping to sweep value $Vg = 2.475
  Trying $Vg = 2.475

  >>>>---------------------------- (driftdiffusion) ----------------------------
    it 1, |du| = 0.967042, |r| = 0.0237611  alpha = 1

    iterations: 2, |du| = 0.0232462, |r| = 0.000854669
    Surface recombination current = 0

    contact name:       voltage:            current:
    anode               2.475              -0.000822854
    cathode             0                   0.000822854

  Solve time: 0h 0m 0.056s
  <<<<--------------------------------------------------------------------------
  Ramping to sweep value $Vg = 2.5
  Trying $Vg = 2.5

  >>>>---------------------------- (driftdiffusion) ----------------------------
    it 1, |du| = 0.967042, |r| = 0.0234513  alpha = 1

    iterations: 2, |du| = 0.0229578, |r| = 0.000842838
    Surface recombination current = 0

    contact name:       voltage:            current:
    anode               2.5                -0.000846291
    cathode             0                   0.000846291

  Solve time: 0h 0m 0.056s
  <<<<--------------------------------------------------------------------------
  Ramping to sweep value $Vg = 2.525
  Trying $Vg = 2.525

  >>>>---------------------------- (driftdiffusion) ----------------------------
    it 1, |du| = 0.967042, |r| = 0.0231541  alpha = 1

    iterations: 2, |du| = 0.0227311, |r| = 0.000831823
    Surface recombination current = 0

    contact name:       voltage:            current:
    anode               2.525              -0.000869849
    cathode             0                   0.000869849

  Solve time: 0h 0m 0.056s
  <<<<--------------------------------------------------------------------------
  Ramping to sweep value $Vg = 2.55
  Trying $Vg = 2.55

  >>>>---------------------------- (driftdiffusion) ----------------------------
    it 1, |du| = 0.967042, |r| = 0.0228687  alpha = 1

    iterations: 2, |du| = 0.022512, |r| = 0.000821564
    Surface recombination current = 0

    contact name:       voltage:            current:
    anode               2.55               -0.000893533
    cathode             0                   0.000893533

  Solve time: 0h 0m 0.056s
  <<<<--------------------------------------------------------------------------
  Ramping to sweep value $Vg = 2.575
  Trying $Vg = 2.575

  >>>>---------------------------- (driftdiffusion) ----------------------------
    it 1, |du| = 0.967042, |r| = 0.0225944  alpha = 1

    iterations: 2, |du| = 0.0222991, |r| = 0.000812012
    Surface recombination current = 0

    contact name:       voltage:            current:
    anode               2.575              -0.000917349
    cathode             0                   0.000917349

  Solve time: 0h 0m 0.056s
  <<<<--------------------------------------------------------------------------
  Ramping to sweep value $Vg = 2.6
  Trying $Vg = 2.6

  >>>>---------------------------- (driftdiffusion) ----------------------------
    it 1, |du| = 0.967042, |r| = 0.0223304  alpha = 1

    iterations: 2, |du| = 0.0220939, |r| = 0.000803113
    Surface recombination current = 0

    contact name:       voltage:            current:
    anode               2.6                -0.000941305
    cathode             0                   0.000941305

  Solve time: 0h 0m 0.056s
  <<<<--------------------------------------------------------------------------
  Ramping to sweep value $Vg = 2.625
  Trying $Vg = 2.625

  >>>>---------------------------- (driftdiffusion) ----------------------------
    it 1, |du| = 0.967042, |r| = 0.0220763  alpha = 1

    iterations: 2, |du| = 0.0218947, |r| = 0.000794827
    Surface recombination current = 0

    contact name:       voltage:            current:
    anode               2.625              -0.000965407
    cathode             0                   0.000965407

  Solve time: 0h 0m 0.056s
  <<<<--------------------------------------------------------------------------
  Ramping to sweep value $Vg = 2.65
  Trying $Vg = 2.65

  >>>>---------------------------- (driftdiffusion) ----------------------------
    it 1, |du| = 0.967042, |r| = 0.0218313  alpha = 1

    iterations: 2, |du| = 0.0217012, |r| = 0.000787118
    Surface recombination current = 0

    contact name:       voltage:            current:
    anode               2.65               -0.00098966
    cathode             0                   0.00098966

  Solve time: 0h 0m 0.056s
  <<<<--------------------------------------------------------------------------
  Ramping to sweep value $Vg = 2.675
  Trying $Vg = 2.675

  >>>>---------------------------- (driftdiffusion) ----------------------------
    it 1, |du| = 0.967042, |r| = 0.0215951  alpha = 1

    iterations: 2, |du| = 0.0215145, |r| = 0.000779942
    Surface recombination current = 0

    contact name:       voltage:            current:
    anode               2.675              -0.00101407
    cathode             0                   0.00101407

  Solve time: 0h 0m 0.056s
  <<<<--------------------------------------------------------------------------
  Ramping to sweep value $Vg = 2.7
  Trying $Vg = 2.7

  >>>>---------------------------- (driftdiffusion) ----------------------------
    it 1, |du| = 0.967042, |r| = 0.0213671  alpha = 1

    iterations: 2, |du| = 0.0213329, |r| = 0.000773272
    Surface recombination current = 0

    contact name:       voltage:            current:
    anode               2.7                -0.00103865
    cathode             0                   0.00103865

  Solve time: 0h 0m 0.056s
  <<<<--------------------------------------------------------------------------
  Ramping to sweep value $Vg = 2.725
  Trying $Vg = 2.725

  >>>>---------------------------- (driftdiffusion) ----------------------------
    it 1, |du| = 0.967042, |r| = 0.0211468  alpha = 1

    iterations: 2, |du| = 0.0211563, |r| = 0.000767075
    Surface recombination current = 0

    contact name:       voltage:            current:
    anode               2.725              -0.0010634
    cathode             0                   0.0010634

  Solve time: 0h 0m 0.056s
  <<<<--------------------------------------------------------------------------
  Ramping to sweep value $Vg = 2.75
  Trying $Vg = 2.75

  >>>>---------------------------- (driftdiffusion) ----------------------------
    it 1, |du| = 0.967042, |r| = 0.0209339  alpha = 1

    iterations: 2, |du| = 0.0209858, |r| = 0.000761325
    Surface recombination current = 0

    contact name:       voltage:            current:
    anode               2.75               -0.00108832
    cathode             0                   0.00108832

  Solve time: 0h 0m 0.056s
  <<<<--------------------------------------------------------------------------
  Ramping to sweep value $Vg = 2.775
  Trying $Vg = 2.775

  >>>>---------------------------- (driftdiffusion) ----------------------------
    it 1, |du| = 0.967042, |r| = 0.0207281  alpha = 1

    iterations: 2, |du| = 0.02082, |r| = 0.000755984
    Surface recombination current = 0

    contact name:       voltage:            current:
    anode               2.775              -0.00111343
    cathode             0                   0.00111343

  Solve time: 0h 0m 0.056s
  <<<<--------------------------------------------------------------------------
  Ramping to sweep value $Vg = 2.8
  Trying $Vg = 2.8

  >>>>---------------------------- (driftdiffusion) ----------------------------
    it 1, |du| = 0.967042, |r| = 0.0205288  alpha = 1

    iterations: 2, |du| = 0.0206586, |r| = 0.000751051
    Surface recombination current = 0

    contact name:       voltage:            current:
    anode               2.8                -0.00113873
    cathode             0                   0.00113873

  Solve time: 0h 0m 0.056s
  <<<<--------------------------------------------------------------------------
  Ramping to sweep value $Vg = 2.825
  Trying $Vg = 2.825

  >>>>---------------------------- (driftdiffusion) ----------------------------
    it 1, |du| = 0.967042, |r| = 0.0203359  alpha = 1

    iterations: 2, |du| = 0.0205018, |r| = 0.000746506
    Surface recombination current = 0

    contact name:       voltage:            current:
    anode               2.825              -0.00116423
    cathode             0                   0.00116423

  Solve time: 0h 0m 0.056s
  <<<<--------------------------------------------------------------------------
  Ramping to sweep value $Vg = 2.85
  Trying $Vg = 2.85

  >>>>---------------------------- (driftdiffusion) ----------------------------
    it 1, |du| = 0.967042, |r| = 0.020149  alpha = 1

    iterations: 2, |du| = 0.02035, |r| = 0.000742302
    Surface recombination current = 0

    contact name:       voltage:            current:
    anode               2.85               -0.00118993
    cathode             0                   0.00118993

  Solve time: 0h 0m 0.056s
  <<<<--------------------------------------------------------------------------
  Ramping to sweep value $Vg = 2.875
  Trying $Vg = 2.875

  >>>>---------------------------- (driftdiffusion) ----------------------------
    it 1, |du| = 0.967042, |r| = 0.0199678  alpha = 1

    iterations: 2, |du| = 0.0202022, |r| = 0.000738437
    Surface recombination current = 0

    contact name:       voltage:            current:
    anode               2.875              -0.00121584
    cathode             0                   0.00121584

  Solve time: 0h 0m 0.14s
  <<<<--------------------------------------------------------------------------
  Ramping to sweep value $Vg = 2.9
  Trying $Vg = 2.9

  >>>>---------------------------- (driftdiffusion) ----------------------------
    it 1, |du| = 0.967042, |r| = 0.0197921  alpha = 1

    iterations: 2, |du| = 0.020058, |r| = 0.000734889
    Surface recombination current = 0

    contact name:       voltage:            current:
    anode               2.9                -0.00124197
    cathode             0                   0.00124197

  Solve time: 0h 0m 0.055s
  <<<<--------------------------------------------------------------------------
  Ramping to sweep value $Vg = 2.925
  Trying $Vg = 2.925

  >>>>---------------------------- (driftdiffusion) ----------------------------
    it 1, |du| = 0.967042, |r| = 0.0196216  alpha = 1

    iterations: 2, |du| = 0.0199179, |r| = 0.000731647
    Surface recombination current = 0

    contact name:       voltage:            current:
    anode               2.925              -0.00126832
    cathode             0                   0.00126832

  Solve time: 0h 0m 0.056s
  <<<<--------------------------------------------------------------------------
  Ramping to sweep value $Vg = 2.95
  Trying $Vg = 2.95

  >>>>---------------------------- (driftdiffusion) ----------------------------
    it 1, |du| = 0.967042, |r| = 0.0194561  alpha = 1

    iterations: 2, |du| = 0.0197821, |r| = 0.000728692
    Surface recombination current = 0

    contact name:       voltage:            current:
    anode               2.95               -0.00129491
    cathode             0                   0.00129491

  Solve time: 0h 0m 0.056s
  <<<<--------------------------------------------------------------------------
  Ramping to sweep value $Vg = 2.975
  Trying $Vg = 2.975

  >>>>---------------------------- (driftdiffusion) ----------------------------
    it 1, |du| = 0.967042, |r| = 0.0192954  alpha = 1

    iterations: 2, |du| = 0.0196498, |r| = 0.000726009
    Surface recombination current = 0

    contact name:       voltage:            current:
    anode               2.975              -0.00132173
    cathode             0                   0.00132173

  Solve time: 0h 0m 0.056s
  <<<<--------------------------------------------------------------------------
  Ramping to sweep value $Vg = 3
  Trying $Vg = 3

  >>>>---------------------------- (driftdiffusion) ----------------------------
    it 1, |du| = 0.967042, |r| = 0.0191392  alpha = 1

    iterations: 2, |du| = 0.0195206, |r| = 0.000723588
    Surface recombination current = 0

    contact name:       voltage:            current:
    anode               3                  -0.00134879
    cathode             0                   0.00134879

  Solve time: 0h 0m 0.056s
  <<<<--------------------------------------------------------------------------
  Ramping to sweep value $Vg = 3.025
  Trying $Vg = 3.025

  >>>>---------------------------- (driftdiffusion) ----------------------------
    it 1, |du| = 0.967042, |r| = 0.0189874  alpha = 1

    iterations: 2, |du| = 0.0193947, |r| = 0.000721418
    Surface recombination current = 0

    contact name:       voltage:            current:
    anode               3.025              -0.00137611
    cathode             0                   0.00137611

  Solve time: 0h 0m 0.056s
  <<<<--------------------------------------------------------------------------
  Ramping to sweep value $Vg = 3.05
  Trying $Vg = 3.05

  >>>>---------------------------- (driftdiffusion) ----------------------------
    it 1, |du| = 0.967042, |r| = 0.0188398  alpha = 1

    iterations: 2, |du| = 0.0192724, |r| = 0.000719485
    Surface recombination current = 0

    contact name:       voltage:            current:
    anode               3.05               -0.00140368
    cathode             0                   0.00140368

  Solve time: 0h 0m 0.056s
  <<<<--------------------------------------------------------------------------
  Ramping to sweep value $Vg = 3.075
  Trying $Vg = 3.075

  >>>>---------------------------- (driftdiffusion) ----------------------------
    it 1, |du| = 0.967042, |r| = 0.0186962  alpha = 1

    iterations: 2, |du| = 0.0191535, |r| = 0.000717778
    Surface recombination current = 0

    contact name:       voltage:            current:
    anode               3.075              -0.00143152
    cathode             0                   0.00143152

  Solve time: 0h 0m 0.056s
  <<<<--------------------------------------------------------------------------
  Ramping to sweep value $Vg = 3.1
  Trying $Vg = 3.1

  >>>>---------------------------- (driftdiffusion) ----------------------------
    it 1, |du| = 0.967042, |r| = 0.0185565  alpha = 1

    iterations: 2, |du| = 0.0190374, |r| = 0.000716306
    Surface recombination current = 0

    contact name:       voltage:            current:
    anode               3.1                -0.00145964
    cathode             0                   0.00145964

  Solve time: 0h 0m 0.056s
  <<<<--------------------------------------------------------------------------
  Ramping to sweep value $Vg = 3.125
  Trying $Vg = 3.125

  >>>>---------------------------- (driftdiffusion) ----------------------------
    it 1, |du| = 0.967042, |r| = 0.0184206  alpha = 1

    iterations: 2, |du| = 0.018924, |r| = 0.000715024
    Surface recombination current = 0

    contact name:       voltage:            current:
    anode               3.125              -0.00148803
    cathode             0                   0.00148803

  Solve time: 0h 0m 0.056s
  <<<<--------------------------------------------------------------------------
  Ramping to sweep value $Vg = 3.15
  Trying $Vg = 3.15

  >>>>---------------------------- (driftdiffusion) ----------------------------
    it 1, |du| = 0.967042, |r| = 0.0182881  alpha = 1

    iterations: 2, |du| = 0.0188133, |r| = 0.000713938
    Surface recombination current = 0

    contact name:       voltage:            current:
    anode               3.15               -0.00151671
    cathode             0                   0.00151671

  Solve time: 0h 0m 0.056s
  <<<<--------------------------------------------------------------------------
  Ramping to sweep value $Vg = 3.175
  Trying $Vg = 3.175

  >>>>---------------------------- (driftdiffusion) ----------------------------
    it 1, |du| = 0.967042, |r| = 0.0181592  alpha = 1

    iterations: 2, |du| = 0.0187054, |r| = 0.000713028
    Surface recombination current = 0

    contact name:       voltage:            current:
    anode               3.175              -0.00154568
    cathode             0                   0.00154568

  Solve time: 0h 0m 0.056s
  <<<<--------------------------------------------------------------------------
  Ramping to sweep value $Vg = 3.2
  Trying $Vg = 3.2

  >>>>---------------------------- (driftdiffusion) ----------------------------
    it 1, |du| = 0.967042, |r| = 0.0180335  alpha = 1

    iterations: 2, |du| = 0.0186007, |r| = 0.000712307
    Surface recombination current = 0

    contact name:       voltage:            current:
    anode               3.2                -0.00157495
    cathode             0                   0.00157495

  Solve time: 0h 0m 0.056s
  <<<<--------------------------------------------------------------------------
  Ramping to sweep value $Vg = 3.225
  Trying $Vg = 3.225

  >>>>---------------------------- (driftdiffusion) ----------------------------
    it 1, |du| = 0.967042, |r| = 0.017911  alpha = 1

    iterations: 2, |du| = 0.0184984, |r| = 0.000711767
    Surface recombination current = 0

    contact name:       voltage:            current:
    anode               3.225              -0.00160453
    cathode             0                   0.00160453

  Solve time: 0h 0m 0.056s
  <<<<--------------------------------------------------------------------------
  Ramping to sweep value $Vg = 3.25
  Trying $Vg = 3.25

  >>>>---------------------------- (driftdiffusion) ----------------------------
    it 1, |du| = 0.967042, |r| = 0.0177917  alpha = 1

    iterations: 2, |du| = 0.0183985, |r| = 0.000711394
    Surface recombination current = 0

    contact name:       voltage:            current:
    anode               3.25               -0.00163443
    cathode             0                   0.00163443

  Solve time: 0h 0m 0.056s
  <<<<--------------------------------------------------------------------------
  Ramping to sweep value $Vg = 3.275
  Trying $Vg = 3.275

  >>>>---------------------------- (driftdiffusion) ----------------------------
    it 1, |du| = 0.967042, |r| = 0.0176752  alpha = 1

    iterations: 2, |du| = 0.0183008, |r| = 0.000711183
    Surface recombination current = 0

    contact name:       voltage:            current:
    anode               3.275              -0.00166466
    cathode             0                   0.00166466

  Solve time: 0h 0m 0.056s
  <<<<--------------------------------------------------------------------------
  Ramping to sweep value $Vg = 3.3
  Trying $Vg = 3.3

  >>>>---------------------------- (driftdiffusion) ----------------------------
    it 1, |du| = 0.967042, |r| = 0.0175617  alpha = 1

    iterations: 2, |du| = 0.0182052, |r| = 0.000711126
    Surface recombination current = 0

    contact name:       voltage:            current:
    anode               3.3                -0.00169521
    cathode             0                   0.00169521

  Solve time: 0h 0m 0.056s
  <<<<--------------------------------------------------------------------------
  Ramping to sweep value $Vg = 3.325
  Trying $Vg = 3.325

  >>>>---------------------------- (driftdiffusion) ----------------------------
    it 1, |du| = 0.967042, |r| = 0.0174509  alpha = 1

    iterations: 2, |du| = 0.0181118, |r| = 0.000711214
    Surface recombination current = 0

    contact name:       voltage:            current:
    anode               3.325              -0.00172611
    cathode             0                   0.00172611

  Solve time: 0h 0m 0.056s
  <<<<--------------------------------------------------------------------------
  Ramping to sweep value $Vg = 3.35
  Trying $Vg = 3.35

  >>>>---------------------------- (driftdiffusion) ----------------------------
    it 1, |du| = 0.967042, |r| = 0.0173428  alpha = 1

    iterations: 2, |du| = 0.0180212, |r| = 0.000711447
    Surface recombination current = 0

    contact name:       voltage:            current:
    anode               3.35               -0.00175735
    cathode             0                   0.00175735

  Solve time: 0h 0m 0.056s
  <<<<--------------------------------------------------------------------------
  Ramping to sweep value $Vg = 3.375
  Trying $Vg = 3.375

  >>>>---------------------------- (driftdiffusion) ----------------------------
    it 1, |du| = 0.967042, |r| = 0.0172373  alpha = 1

    iterations: 2, |du| = 0.0179327, |r| = 0.000711815
    Surface recombination current = 0

    contact name:       voltage:            current:
    anode               3.375              -0.00178894
    cathode             0                   0.00178894

  Solve time: 0h 0m 0.056s
  <<<<--------------------------------------------------------------------------
  Ramping to sweep value $Vg = 3.4
  Trying $Vg = 3.4

  >>>>---------------------------- (driftdiffusion) ----------------------------
    it 1, |du| = 0.967042, |r| = 0.0171344  alpha = 1

    iterations: 2, |du| = 0.0178461, |r| = 0.000712315
    Surface recombination current = 0

    contact name:       voltage:            current:
    anode               3.4                -0.0018209
    cathode             0                   0.0018209

  Solve time: 0h 0m 0.056s
  <<<<--------------------------------------------------------------------------
  Ramping to sweep value $Vg = 3.425
  Trying $Vg = 3.425

  >>>>---------------------------- (driftdiffusion) ----------------------------
    it 1, |du| = 0.967042, |r| = 0.0170338  alpha = 1

    iterations: 2, |du| = 0.0177613, |r| = 0.00071294
    Surface recombination current = 0

    contact name:       voltage:            current:
    anode               3.425              -0.00185324
    cathode             0                   0.00185324

  Solve time: 0h 0m 0.056s
  <<<<--------------------------------------------------------------------------
  Ramping to sweep value $Vg = 3.45
  Trying $Vg = 3.45

  >>>>---------------------------- (driftdiffusion) ----------------------------
    it 1, |du| = 0.967042, |r| = 0.0169356  alpha = 1

    iterations: 2, |du| = 0.0176784, |r| = 0.000713689
    Surface recombination current = 0

    contact name:       voltage:            current:
    anode               3.45               -0.00188595
    cathode             0                   0.00188595

  Solve time: 0h 0m 0.056s
  <<<<--------------------------------------------------------------------------
  Ramping to sweep value $Vg = 3.475
  Trying $Vg = 3.475

  >>>>---------------------------- (driftdiffusion) ----------------------------
    it 1, |du| = 0.967042, |r| = 0.0168397  alpha = 1

    iterations: 2, |du| = 0.0175972, |r| = 0.000714554
    Surface recombination current = 0

    contact name:       voltage:            current:
    anode               3.475              -0.00191905
    cathode             0                   0.00191905

  Solve time: 0h 0m 0.056s
  <<<<--------------------------------------------------------------------------
  Ramping to sweep value $Vg = 3.5
  Trying $Vg = 3.5

  >>>>---------------------------- (driftdiffusion) ----------------------------
    it 1, |du| = 0.967042, |r| = 0.016746  alpha = 1

    iterations: 2, |du| = 0.0175178, |r| = 0.000715535
    Surface recombination current = 0

    contact name:       voltage:            current:
    anode               3.5                -0.00195255
    cathode             0                   0.00195255

  Solve time: 0h 0m 0.056s
  <<<<--------------------------------------------------------------------------
  Ramping to sweep value $Vg = 3.525
  Trying $Vg = 3.525

  >>>>---------------------------- (driftdiffusion) ----------------------------
    it 1, |du| = 0.967042, |r| = 0.0166544  alpha = 1

    iterations: 2, |du| = 0.0174403, |r| = 0.000716622
    Surface recombination current = 0

    contact name:       voltage:            current:
    anode               3.525              -0.00198645
    cathode             0                   0.00198645

  Solve time: 0h 0m 0.056s
  <<<<--------------------------------------------------------------------------
  Ramping to sweep value $Vg = 3.55
  Trying $Vg = 3.55

  >>>>---------------------------- (driftdiffusion) ----------------------------
    it 1, |du| = 0.967042, |r| = 0.0165649  alpha = 1

    iterations: 2, |du| = 0.0173649, |r| = 0.000717814
    Surface recombination current = 0

    contact name:       voltage:            current:
    anode               3.55               -0.00202077
    cathode             0                   0.00202077

  Solve time: 0h 0m 0.056s
  <<<<--------------------------------------------------------------------------
  Ramping to sweep value $Vg = 3.575
  Trying $Vg = 3.575

  >>>>---------------------------- (driftdiffusion) ----------------------------
    it 1, |du| = 0.967042, |r| = 0.0164775  alpha = 1

    iterations: 2, |du| = 0.0172911, |r| = 0.000719109
    Surface recombination current = 0

    contact name:       voltage:            current:
    anode               3.575              -0.00205551
    cathode             0                   0.00205551

  Solve time: 0h 0m 0.056s
  <<<<--------------------------------------------------------------------------
  Ramping to sweep value $Vg = 3.6
  Trying $Vg = 3.6

  >>>>---------------------------- (driftdiffusion) ----------------------------
    it 1, |du| = 0.967042, |r| = 0.016392  alpha = 1

    iterations: 2, |du| = 0.0172187, |r| = 0.0007205
    Surface recombination current = 0

    contact name:       voltage:            current:
    anode               3.6                -0.00209068
    cathode             0                   0.00209068

  Solve time: 0h 0m 0.056s
  <<<<--------------------------------------------------------------------------
  Ramping to sweep value $Vg = 3.625
  Trying $Vg = 3.625

  >>>>---------------------------- (driftdiffusion) ----------------------------
    it 1, |du| = 0.967042, |r| = 0.0163084  alpha = 1

    iterations: 2, |du| = 0.0171479, |r| = 0.000721986
    Surface recombination current = 0

    contact name:       voltage:            current:
    anode               3.625              -0.0021263
    cathode             0                   0.0021263

  Solve time: 0h 0m 0.056s
  <<<<--------------------------------------------------------------------------
  Ramping to sweep value $Vg = 3.65
  Trying $Vg = 3.65

  >>>>---------------------------- (driftdiffusion) ----------------------------
    it 1, |du| = 0.967042, |r| = 0.0162267  alpha = 1

    iterations: 2, |du| = 0.0170784, |r| = 0.000723561
    Surface recombination current = 0

    contact name:       voltage:            current:
    anode               3.65               -0.00216236
    cathode             0                   0.00216236

  Solve time: 0h 0m 0.056s
  <<<<--------------------------------------------------------------------------
  Ramping to sweep value $Vg = 3.675
  Trying $Vg = 3.675

  >>>>---------------------------- (driftdiffusion) ----------------------------
    it 1, |du| = 0.967042, |r| = 0.0161467  alpha = 1

    iterations: 2, |du| = 0.0170104, |r| = 0.000725227
    Surface recombination current = 0

    contact name:       voltage:            current:
    anode               3.675              -0.00219888
    cathode             0                   0.00219888

  Solve time: 0h 0m 0.056s
  <<<<--------------------------------------------------------------------------
  Ramping to sweep value $Vg = 3.7
  Trying $Vg = 3.7

  >>>>---------------------------- (driftdiffusion) ----------------------------
    it 1, |du| = 0.967042, |r| = 0.0160686  alpha = 1

    iterations: 2, |du| = 0.0169437, |r| = 0.000726976
    Surface recombination current = 0

    contact name:       voltage:            current:
    anode               3.7                -0.00223587
    cathode             0                   0.00223587

  Solve time: 0h 0m 0.056s
  <<<<--------------------------------------------------------------------------
  Ramping to sweep value $Vg = 3.725
  Trying $Vg = 3.725

  >>>>---------------------------- (driftdiffusion) ----------------------------
    it 1, |du| = 0.967042, |r| = 0.0159921  alpha = 1

    iterations: 2, |du| = 0.0168784, |r| = 0.000728809
    Surface recombination current = 0

    contact name:       voltage:            current:
    anode               3.725              -0.00227335
    cathode             0                   0.00227335

  Solve time: 0h 0m 0.056s
  <<<<--------------------------------------------------------------------------
  Ramping to sweep value $Vg = 3.75
  Trying $Vg = 3.75

  >>>>---------------------------- (driftdiffusion) ----------------------------
    it 1, |du| = 0.967042, |r| = 0.0159174  alpha = 1

    iterations: 2, |du| = 0.0168148, |r| = 0.000730717
    Surface recombination current = 0

    contact name:       voltage:            current:
    anode               3.75               -0.00231131
    cathode             0                   0.00231131

  Solve time: 0h 0m 0.056s
  <<<<--------------------------------------------------------------------------
  Ramping to sweep value $Vg = 3.775
  Trying $Vg = 3.775

  >>>>---------------------------- (driftdiffusion) ----------------------------
    it 1, |du| = 0.967042, |r| = 0.0158442  alpha = 1

    iterations: 2, |du| = 0.0167527, |r| = 0.000732704
    Surface recombination current = 0

    contact name:       voltage:            current:
    anode               3.775              -0.00234976
    cathode             0                   0.00234976

  Solve time: 0h 0m 0.056s
  <<<<--------------------------------------------------------------------------
  Ramping to sweep value $Vg = 3.8
  Trying $Vg = 3.8

  >>>>---------------------------- (driftdiffusion) ----------------------------
    it 1, |du| = 0.967042, |r| = 0.0157726  alpha = 1

    iterations: 2, |du| = 0.0166918, |r| = 0.000734765
    Surface recombination current = 0

    contact name:       voltage:            current:
    anode               3.8                -0.00238873
    cathode             0                   0.00238873

  Solve time: 0h 0m 0.056s
  <<<<--------------------------------------------------------------------------
  Ramping to sweep value $Vg = 3.825
  Trying $Vg = 3.825

  >>>>---------------------------- (driftdiffusion) ----------------------------
    it 1, |du| = 0.967042, |r| = 0.0157026  alpha = 1

    iterations: 2, |du| = 0.0166321, |r| = 0.000736898
    Surface recombination current = 0

    contact name:       voltage:            current:
    anode               3.825              -0.00242821
    cathode             0                   0.00242821

  Solve time: 0h 0m 0.056s
  <<<<--------------------------------------------------------------------------
  Ramping to sweep value $Vg = 3.85
  Trying $Vg = 3.85

  >>>>---------------------------- (driftdiffusion) ----------------------------
    it 1, |du| = 0.967042, |r| = 0.0156341  alpha = 1

    iterations: 2, |du| = 0.0165735, |r| = 0.000739098
    Surface recombination current = 0

    contact name:       voltage:            current:
    anode               3.85               -0.00246823
    cathode             0                   0.00246823

  Solve time: 0h 0m 0.056s
  <<<<--------------------------------------------------------------------------
  Ramping to sweep value $Vg = 3.875
  Trying $Vg = 3.875

  >>>>---------------------------- (driftdiffusion) ----------------------------
    it 1, |du| = 0.967042, |r| = 0.015567  alpha = 1

    iterations: 2, |du| = 0.0165161, |r| = 0.000741366
    Surface recombination current = 0

    contact name:       voltage:            current:
    anode               3.875              -0.00250878
    cathode             0                   0.00250878

  Solve time: 0h 0m 0.056s
  <<<<--------------------------------------------------------------------------
  Ramping to sweep value $Vg = 3.9
  Trying $Vg = 3.9

  >>>>---------------------------- (driftdiffusion) ----------------------------
    it 1, |du| = 0.967042, |r| = 0.0155014  alpha = 1

    iterations: 2, |du| = 0.0164597, |r| = 0.000743698
    Surface recombination current = 0

    contact name:       voltage:            current:
    anode               3.9                -0.00254988
    cathode             0                   0.00254988

  Solve time: 0h 0m 0.056s
  <<<<--------------------------------------------------------------------------
  Ramping to sweep value $Vg = 3.925
  Trying $Vg = 3.925

  >>>>---------------------------- (driftdiffusion) ----------------------------
    it 1, |du| = 0.967042, |r| = 0.0154371  alpha = 1

    iterations: 2, |du| = 0.0164044, |r| = 0.000746094
    Surface recombination current = 0

    contact name:       voltage:            current:
    anode               3.925              -0.00259155
    cathode             0                   0.00259155

  Solve time: 0h 0m 0.056s
  <<<<--------------------------------------------------------------------------
  Ramping to sweep value $Vg = 3.95
  Trying $Vg = 3.95

  >>>>---------------------------- (driftdiffusion) ----------------------------
    it 1, |du| = 0.967042, |r| = 0.0153743  alpha = 1

    iterations: 2, |du| = 0.0163502, |r| = 0.000748548
    Surface recombination current = 0

    contact name:       voltage:            current:
    anode               3.95               -0.00263378
    cathode             0                   0.00263378

  Solve time: 0h 0m 0.14s
  <<<<--------------------------------------------------------------------------
  Ramping to sweep value $Vg = 3.975
  Trying $Vg = 3.975

  >>>>---------------------------- (driftdiffusion) ----------------------------
    it 1, |du| = 0.967042, |r| = 0.0153128  alpha = 1

    iterations: 2, |du| = 0.016297, |r| = 0.000751061
    Surface recombination current = 0

    contact name:       voltage:            current:
    anode               3.975              -0.0026766
    cathode             0                   0.0026766

  Solve time: 0h 0m 0.056s
  <<<<--------------------------------------------------------------------------
  Ramping to sweep value $Vg = 4
  Trying $Vg = 4

  >>>>---------------------------- (driftdiffusion) ----------------------------
    it 1, |du| = 0.967042, |r| = 0.0152525  alpha = 1

    iterations: 2, |du| = 0.0162449, |r| = 0.000753631
    Surface recombination current = 0

    contact name:       voltage:            current:
    anode               4                  -0.00272001
    cathode             0                   0.00272001

  Solve time: 0h 0m 0.054s
  <<<<--------------------------------------------------------------------------
  Ramping to sweep value $Vg = 4.025
  Trying $Vg = 4.025

  >>>>---------------------------- (driftdiffusion) ----------------------------
    it 1, |du| = 0.967042, |r| = 0.0151936  alpha = 1

    iterations: 2, |du| = 0.0161943, |r| = 0.000756256
    Surface recombination current = 0

    contact name:       voltage:            current:
    anode               4.025              -0.00276403
    cathode             0                   0.00276403

  Solve time: 0h 0m 0.056s
  <<<<--------------------------------------------------------------------------
  Ramping to sweep value $Vg = 4.05
  Trying $Vg = 4.05

  >>>>---------------------------- (driftdiffusion) ----------------------------
    it 1, |du| = 0.967042, |r| = 0.0151359  alpha = 1

    iterations: 2, |du| = 0.0161446, |r| = 0.000758932
    Surface recombination current = 0

    contact name:       voltage:            current:
    anode               4.05               -0.00280866
    cathode             0                   0.00280866

  Solve time: 0h 0m 0.056s
  <<<<--------------------------------------------------------------------------
  Ramping to sweep value $Vg = 4.075
  Trying $Vg = 4.075

  >>>>---------------------------- (driftdiffusion) ----------------------------
    it 1, |du| = 0.967042, |r| = 0.0150794  alpha = 1

    iterations: 2, |du| = 0.0160958, |r| = 0.00076166
    Surface recombination current = 0

    contact name:       voltage:            current:
    anode               4.075              -0.00285393
    cathode             0                   0.00285393

  Solve time: 0h 0m 0.056s
  <<<<--------------------------------------------------------------------------
  Ramping to sweep value $Vg = 4.1
  Trying $Vg = 4.1

  >>>>---------------------------- (driftdiffusion) ----------------------------
    it 1, |du| = 0.967042, |r| = 0.0150241  alpha = 1

    iterations: 2, |du| = 0.0160479, |r| = 0.000764439
    Surface recombination current = 0

    contact name:       voltage:            current:
    anode               4.1                -0.00289983
    cathode             0                   0.00289983

  Solve time: 0h 0m 0.056s
  <<<<--------------------------------------------------------------------------
  Ramping to sweep value $Vg = 4.125
  Trying $Vg = 4.125

  >>>>---------------------------- (driftdiffusion) ----------------------------
    it 1, |du| = 0.967042, |r| = 0.01497  alpha = 1

    iterations: 2, |du| = 0.0160009, |r| = 0.000767264
    Surface recombination current = 0

    contact name:       voltage:            current:
    anode               4.125              -0.00294639
    cathode             0                   0.00294639

  Solve time: 0h 0m 0.056s
  <<<<--------------------------------------------------------------------------
  Ramping to sweep value $Vg = 4.15
  Trying $Vg = 4.15

  >>>>---------------------------- (driftdiffusion) ----------------------------
    it 1, |du| = 0.967042, |r| = 0.014917  alpha = 1

    iterations: 2, |du| = 0.0159547, |r| = 0.000770137
    Surface recombination current = 0

    contact name:       voltage:            current:
    anode               4.15               -0.00299361
    cathode             0                   0.00299361

  Solve time: 0h 0m 0.056s
  <<<<--------------------------------------------------------------------------
  Ramping to sweep value $Vg = 4.175
  Trying $Vg = 4.175

  >>>>---------------------------- (driftdiffusion) ----------------------------
    it 1, |du| = 0.967042, |r| = 0.0148651  alpha = 1

    iterations: 2, |du| = 0.0159093, |r| = 0.000773054
    Surface recombination current = 0

    contact name:       voltage:            current:
    anode               4.175              -0.00304152
    cathode             0                   0.00304152

  Solve time: 0h 0m 0.056s
  <<<<--------------------------------------------------------------------------
  Ramping to sweep value $Vg = 4.2
  Trying $Vg = 4.2

  >>>>---------------------------- (driftdiffusion) ----------------------------
    it 1, |du| = 0.967042, |r| = 0.0148144  alpha = 1

    iterations: 2, |du| = 0.0158648, |r| = 0.000776015
    Surface recombination current = 0

    contact name:       voltage:            current:
    anode               4.2                -0.00309011
    cathode             0                   0.00309011

  Solve time: 0h 0m 0.056s
  <<<<--------------------------------------------------------------------------
  Ramping to sweep value $Vg = 4.225
  Trying $Vg = 4.225

  >>>>---------------------------- (driftdiffusion) ----------------------------
    it 1, |du| = 0.967042, |r| = 0.0147647  alpha = 1

    iterations: 2, |du| = 0.0158211, |r| = 0.000779017
    Surface recombination current = 0

    contact name:       voltage:            current:
    anode               4.225              -0.00313941
    cathode             0                   0.00313941

  Solve time: 0h 0m 0.056s
  <<<<--------------------------------------------------------------------------
  Ramping to sweep value $Vg = 4.25
  Trying $Vg = 4.25

  >>>>---------------------------- (driftdiffusion) ----------------------------
    it 1, |du| = 0.967042, |r| = 0.014716  alpha = 1

    iterations: 2, |du| = 0.0157781, |r| = 0.000782061
    Surface recombination current = 0

    contact name:       voltage:            current:
    anode               4.25               -0.00318942
    cathode             0                   0.00318942

  Solve time: 0h 0m 0.056s
  <<<<--------------------------------------------------------------------------
  Ramping to sweep value $Vg = 4.275
  Trying $Vg = 4.275

  >>>>---------------------------- (driftdiffusion) ----------------------------
    it 1, |du| = 0.967042, |r| = 0.0146684  alpha = 1

    iterations: 2, |du| = 0.0157359, |r| = 0.000785144
    Surface recombination current = 0

    contact name:       voltage:            current:
    anode               4.275              -0.00324017
    cathode             0                   0.00324017

  Solve time: 0h 0m 0.056s
  <<<<--------------------------------------------------------------------------
  Ramping to sweep value $Vg = 4.3
  Trying $Vg = 4.3

  >>>>---------------------------- (driftdiffusion) ----------------------------
    it 1, |du| = 0.967042, |r| = 0.0146218  alpha = 1

    iterations: 2, |du| = 0.0156945, |r| = 0.000788264
    Surface recombination current = 0

    contact name:       voltage:            current:
    anode               4.3                -0.00329166
    cathode             0                   0.00329166

  Solve time: 0h 0m 0.056s
  <<<<--------------------------------------------------------------------------
  Ramping to sweep value $Vg = 4.325
  Trying $Vg = 4.325

  >>>>---------------------------- (driftdiffusion) ----------------------------
    it 1, |du| = 0.967042, |r| = 0.0145762  alpha = 1

    iterations: 2, |du| = 0.0156541, |r| = 0.000791422
    Surface recombination current = 0

    contact name:       voltage:            current:
    anode               4.325              -0.00334391
    cathode             0                   0.00334391

  Solve time: 0h 0m 0.056s
  <<<<--------------------------------------------------------------------------
  Ramping to sweep value $Vg = 4.35
  Trying $Vg = 4.35

  >>>>---------------------------- (driftdiffusion) ----------------------------
    it 1, |du| = 0.967042, |r| = 0.0145316  alpha = 1

    iterations: 2, |du| = 0.0156146, |r| = 0.000794615
    Surface recombination current = 0

    contact name:       voltage:            current:
    anode               4.35               -0.00339693
    cathode             0                   0.00339693

  Solve time: 0h 0m 0.056s
  <<<<--------------------------------------------------------------------------
  Ramping to sweep value $Vg = 4.375
  Trying $Vg = 4.375

  >>>>---------------------------- (driftdiffusion) ----------------------------
    it 1, |du| = 0.967042, |r| = 0.0144879  alpha = 1

    iterations: 2, |du| = 0.0155758, |r| = 0.000797843
    Surface recombination current = 0

    contact name:       voltage:            current:
    anode               4.375              -0.00345074
    cathode             0                   0.00345074

  Solve time: 0h 0m 0.056s
  <<<<--------------------------------------------------------------------------
  Ramping to sweep value $Vg = 4.4
  Trying $Vg = 4.4

  >>>>---------------------------- (driftdiffusion) ----------------------------
    it 1, |du| = 0.967042, |r| = 0.0144451  alpha = 1

    iterations: 2, |du| = 0.0155377, |r| = 0.000801103
    Surface recombination current = 0

    contact name:       voltage:            current:
    anode               4.4                -0.00350535
    cathode             0                   0.00350535

  Solve time: 0h 0m 0.056s
  <<<<--------------------------------------------------------------------------
  Ramping to sweep value $Vg = 4.425
  Trying $Vg = 4.425

  >>>>---------------------------- (driftdiffusion) ----------------------------
    it 1, |du| = 0.967042, |r| = 0.0144033  alpha = 1

    iterations: 2, |du| = 0.0155002, |r| = 0.000804398
    Surface recombination current = 0

    contact name:       voltage:            current:
    anode               4.425              -0.00356078
    cathode             0                   0.00356078

  Solve time: 0h 0m 0.056s
  <<<<--------------------------------------------------------------------------
  Ramping to sweep value $Vg = 4.45
  Trying $Vg = 4.45

  >>>>---------------------------- (driftdiffusion) ----------------------------
    it 1, |du| = 0.967042, |r| = 0.0143623  alpha = 1

    iterations: 2, |du| = 0.0154634, |r| = 0.000807723
    Surface recombination current = 0

    contact name:       voltage:            current:
    anode               4.45               -0.00361703
    cathode             0                   0.00361703

  Solve time: 0h 0m 0.056s
  <<<<--------------------------------------------------------------------------
  Ramping to sweep value $Vg = 4.475
  Trying $Vg = 4.475

  >>>>---------------------------- (driftdiffusion) ----------------------------
    it 1, |du| = 0.967042, |r| = 0.0143223  alpha = 1

    iterations: 2, |du| = 0.0154272, |r| = 0.000811078
    Surface recombination current = 0

    contact name:       voltage:            current:
    anode               4.475              -0.00367414
    cathode             0                   0.00367414

  Solve time: 0h 0m 0.056s
  <<<<--------------------------------------------------------------------------
  Ramping to sweep value $Vg = 4.5
  Trying $Vg = 4.5

  >>>>---------------------------- (driftdiffusion) ----------------------------
    it 1, |du| = 0.967042, |r| = 0.0142831  alpha = 1

    iterations: 2, |du| = 0.0153916, |r| = 0.000814463
    Surface recombination current = 0

    contact name:       voltage:            current:
    anode               4.5                -0.00373211
    cathode             0                   0.00373211

  Solve time: 0h 0m 0.056s
  <<<<--------------------------------------------------------------------------
  Ramping to sweep value $Vg = 4.525
  Trying $Vg = 4.525

  >>>>---------------------------- (driftdiffusion) ----------------------------
    it 1, |du| = 0.967042, |r| = 0.0142448  alpha = 1

    iterations: 2, |du| = 0.0153566, |r| = 0.000817874
    Surface recombination current = 0

    contact name:       voltage:            current:
    anode               4.525              -0.00379095
    cathode             0                   0.00379095

  Solve time: 0h 0m 0.056s
  <<<<--------------------------------------------------------------------------
  Ramping to sweep value $Vg = 4.55
  Trying $Vg = 4.55

  >>>>---------------------------- (driftdiffusion) ----------------------------
    it 1, |du| = 0.967042, |r| = 0.0142073  alpha = 1

    iterations: 2, |du| = 0.0153222, |r| = 0.000821315
    Surface recombination current = 0

    contact name:       voltage:            current:
    anode               4.55               -0.00385069
    cathode             0                   0.00385069

  Solve time: 0h 0m 0.056s
  <<<<--------------------------------------------------------------------------
  Ramping to sweep value $Vg = 4.575
  Trying $Vg = 4.575

  >>>>---------------------------- (driftdiffusion) ----------------------------
    it 1, |du| = 0.967042, |r| = 0.0141706  alpha = 1

    iterations: 2, |du| = 0.0152883, |r| = 0.000824781
    Surface recombination current = 0

    contact name:       voltage:            current:
    anode               4.575              -0.00391134
    cathode             0                   0.00391134

  Solve time: 0h 0m 0.056s
  <<<<--------------------------------------------------------------------------
  Ramping to sweep value $Vg = 4.6
  Trying $Vg = 4.6

  >>>>---------------------------- (driftdiffusion) ----------------------------
    it 1, |du| = 0.967042, |r| = 0.0141347  alpha = 1

    iterations: 2, |du| = 0.0152551, |r| = 0.000828273
    Surface recombination current = 0

    contact name:       voltage:            current:
    anode               4.6                -0.00397292
    cathode             0                   0.00397292

  Solve time: 0h 0m 0.056s
  <<<<--------------------------------------------------------------------------
  Ramping to sweep value $Vg = 4.625
  Trying $Vg = 4.625

  >>>>---------------------------- (driftdiffusion) ----------------------------
    it 1, |du| = 0.967042, |r| = 0.0140996  alpha = 1

    iterations: 2, |du| = 0.0152223, |r| = 0.00083179
    Surface recombination current = 0

    contact name:       voltage:            current:
    anode               4.625              -0.00403545
    cathode             0                   0.00403545

  Solve time: 0h 0m 0.056s
  <<<<--------------------------------------------------------------------------
  Ramping to sweep value $Vg = 4.65
  Trying $Vg = 4.65

  >>>>---------------------------- (driftdiffusion) ----------------------------
    it 1, |du| = 0.967042, |r| = 0.0140653  alpha = 1

    iterations: 2, |du| = 0.0151902, |r| = 0.000835332
    Surface recombination current = 0

    contact name:       voltage:            current:
    anode               4.65               -0.00409893
    cathode             0                   0.00409893

  Solve time: 0h 0m 0.056s
  <<<<--------------------------------------------------------------------------
  Ramping to sweep value $Vg = 4.675
  Trying $Vg = 4.675

  >>>>---------------------------- (driftdiffusion) ----------------------------
    it 1, |du| = 0.967042, |r| = 0.0140318  alpha = 1

    iterations: 2, |du| = 0.0151585, |r| = 0.000838898
    Surface recombination current = 0

    contact name:       voltage:            current:
    anode               4.675              -0.0041634
    cathode             0                   0.0041634

  Solve time: 0h 0m 0.056s
  <<<<--------------------------------------------------------------------------
  Ramping to sweep value $Vg = 4.7
  Trying $Vg = 4.7

  >>>>---------------------------- (driftdiffusion) ----------------------------
    it 1, |du| = 0.967042, |r| = 0.013999  alpha = 1

    iterations: 2, |du| = 0.0151277, |r| = 0.000842481
    Surface recombination current = 0

    contact name:       voltage:            current:
    anode               4.7                -0.00422886
    cathode             0                   0.00422886

  Solve time: 0h 0m 0.056s
  <<<<--------------------------------------------------------------------------
  Ramping to sweep value $Vg = 4.725
  Trying $Vg = 4.725

  >>>>---------------------------- (driftdiffusion) ----------------------------
    it 1, |du| = 0.967042, |r| = 0.013967  alpha = 1

    iterations: 2, |du| = 0.0150975, |r| = 0.000846092
    Surface recombination current = 0

    contact name:       voltage:            current:
    anode               4.725              -0.00429533
    cathode             0                   0.00429533

  Solve time: 0h 0m 0.056s
  <<<<--------------------------------------------------------------------------
  Ramping to sweep value $Vg = 4.75
  Trying $Vg = 4.75

  >>>>---------------------------- (driftdiffusion) ----------------------------
    it 1, |du| = 0.967042, |r| = 0.0139357  alpha = 1

    iterations: 2, |du| = 0.0150679, |r| = 0.000849719
    Surface recombination current = 0

    contact name:       voltage:            current:
    anode               4.75               -0.00436285
    cathode             0                   0.00436285

  Solve time: 0h 0m 0.056s
  <<<<--------------------------------------------------------------------------
  Ramping to sweep value $Vg = 4.775
  Trying $Vg = 4.775

  >>>>---------------------------- (driftdiffusion) ----------------------------
    it 1, |du| = 0.967042, |r| = 0.0139051  alpha = 1

    iterations: 2, |du| = 0.0150387, |r| = 0.000853369
    Surface recombination current = 0

    contact name:       voltage:            current:
    anode               4.775              -0.00443141
    cathode             0                   0.00443141

  Solve time: 0h 0m 0.056s
  <<<<--------------------------------------------------------------------------
  Ramping to sweep value $Vg = 4.8
  Trying $Vg = 4.8

  >>>>---------------------------- (driftdiffusion) ----------------------------
    it 1, |du| = 0.967042, |r| = 0.0138752  alpha = 1

    iterations: 2, |du| = 0.01501, |r| = 0.000857037
    Surface recombination current = 0

    contact name:       voltage:            current:
    anode               4.8                -0.00450104
    cathode             0                   0.00450104

  Solve time: 0h 0m 0.056s
  <<<<--------------------------------------------------------------------------
  Ramping to sweep value $Vg = 4.825
  Trying $Vg = 4.825

  >>>>---------------------------- (driftdiffusion) ----------------------------
    it 1, |du| = 0.967042, |r| = 0.013846  alpha = 1

    iterations: 2, |du| = 0.0149817, |r| = 0.000860724
    Surface recombination current = 0

    contact name:       voltage:            current:
    anode               4.825              -0.00457177
    cathode             0                   0.00457177

  Solve time: 0h 0m 0.056s
  <<<<--------------------------------------------------------------------------
  Ramping to sweep value $Vg = 4.85
  Trying $Vg = 4.85

  >>>>---------------------------- (driftdiffusion) ----------------------------
    it 1, |du| = 0.967042, |r| = 0.0138175  alpha = 1

    iterations: 2, |du| = 0.0149539, |r| = 0.00086443
    Surface recombination current = 0

    contact name:       voltage:            current:
    anode               4.85               -0.00464361
    cathode             0                   0.00464361

  Solve time: 0h 0m 0.056s
  <<<<--------------------------------------------------------------------------
  Ramping to sweep value $Vg = 4.875
  Trying $Vg = 4.875

  >>>>---------------------------- (driftdiffusion) ----------------------------
    it 1, |du| = 0.967042, |r| = 0.0137896  alpha = 1

    iterations: 2, |du| = 0.0149265, |r| = 0.000868153
    Surface recombination current = 0

    contact name:       voltage:            current:
    anode               4.875              -0.00471658
    cathode             0                   0.00471658

  Solve time: 0h 0m 0.056s
  <<<<--------------------------------------------------------------------------
  Ramping to sweep value $Vg = 4.9
  Trying $Vg = 4.9

  >>>>---------------------------- (driftdiffusion) ----------------------------
    it 1, |du| = 0.967042, |r| = 0.0137625  alpha = 1

    iterations: 2, |du| = 0.0148996, |r| = 0.000871891
    Surface recombination current = 0

    contact name:       voltage:            current:
    anode               4.9                -0.0047907
    cathode             0                   0.0047907

  Solve time: 0h 0m 0.056s
  <<<<--------------------------------------------------------------------------
  Ramping to sweep value $Vg = 4.925
  Trying $Vg = 4.925

  >>>>---------------------------- (driftdiffusion) ----------------------------
    it 1, |du| = 0.967042, |r| = 0.0137359  alpha = 1

    iterations: 2, |du| = 0.0148731, |r| = 0.000875646
    Surface recombination current = 0

    contact name:       voltage:            current:
    anode               4.925              -0.00486599
    cathode             0                   0.00486599

  Solve time: 0h 0m 0.056s
  <<<<--------------------------------------------------------------------------
  Ramping to sweep value $Vg = 4.95
  Trying $Vg = 4.95

  >>>>---------------------------- (driftdiffusion) ----------------------------
    it 1, |du| = 0.967042, |r| = 0.01371  alpha = 1

    iterations: 2, |du| = 0.014847, |r| = 0.000879418
    Surface recombination current = 0

    contact name:       voltage:            current:
    anode               4.95               -0.00494247
    cathode             0                   0.00494247

  Solve time: 0h 0m 0.056s
  <<<<--------------------------------------------------------------------------
  Ramping to sweep value $Vg = 4.975
  Trying $Vg = 4.975

  >>>>---------------------------- (driftdiffusion) ----------------------------
    it 1, |du| = 0.967042, |r| = 0.0136848  alpha = 1

    iterations: 2, |du| = 0.0148213, |r| = 0.000883203
    Surface recombination current = 0

    contact name:       voltage:            current:
    anode               4.975              -0.00502018
    cathode             0                   0.00502018

  Solve time: 0h 0m 0.056s
  <<<<--------------------------------------------------------------------------
  Ramping to sweep value $Vg = 5
  Trying $Vg = 5

  >>>>---------------------------- (driftdiffusion) ----------------------------
    it 1, |du| = 0.967042, |r| = 0.0136602  alpha = 1

    iterations: 2, |du| = 0.014796, |r| = 0.000887005
    Surface recombination current = 0

    contact name:       voltage:            current:
    anode               5                  -0.00509912
    cathode             0                   0.00509912

  Solve time: 0h 0m 0.056s
  <<<<--------------------------------------------------------------------------
  Ramping to sweep value $Vg = 5.025
  Trying $Vg = 5.025

  >>>>---------------------------- (driftdiffusion) ----------------------------
    it 1, |du| = 0.967042, |r| = 0.0136361  alpha = 1

    iterations: 2, |du| = 0.0147711, |r| = 0.000890836
    Surface recombination current = 0

    contact name:       voltage:            current:
    anode               5.025              -0.00517931
    cathode             0                   0.00517931

  Solve time: 0h 0m 0.056s
  <<<<--------------------------------------------------------------------------
  Ramping to sweep value $Vg = 5.05
  Trying $Vg = 5.05

  >>>>---------------------------- (driftdiffusion) ----------------------------
    it 1, |du| = 0.967042, |r| = 0.0136127  alpha = 1

    iterations: 2, |du| = 0.0147465, |r| = 0.000894663
    Surface recombination current = 0

    contact name:       voltage:            current:
    anode               5.05               -0.00526079
    cathode             0                   0.00526079

  Solve time: 0h 0m 0.056s
  <<<<--------------------------------------------------------------------------
  Ramping to sweep value $Vg = 5.075
  Trying $Vg = 5.075

  >>>>---------------------------- (driftdiffusion) ----------------------------
    it 1, |du| = 0.967042, |r| = 0.0135899  alpha = 1

    iterations: 2, |du| = 0.0147224, |r| = 0.000898503
    Surface recombination current = 0

    contact name:       voltage:            current:
    anode               5.075              -0.00534358
    cathode             0                   0.00534358

  Solve time: 0h 0m 0.056s
  <<<<--------------------------------------------------------------------------
  Ramping to sweep value $Vg = 5.1
  Trying $Vg = 5.1

  >>>>---------------------------- (driftdiffusion) ----------------------------
    it 1, |du| = 0.967042, |r| = 0.0135676  alpha = 1

    iterations: 2, |du| = 0.0146986, |r| = 0.000902357
    Surface recombination current = 0

    contact name:       voltage:            current:
    anode               5.1                -0.0054277
    cathode             0                   0.0054277

  Solve time: 0h 0m 0.056s
  <<<<--------------------------------------------------------------------------
  Ramping to sweep value $Vg = 5.125
  Trying $Vg = 5.125

  >>>>---------------------------- (driftdiffusion) ----------------------------
    it 1, |du| = 0.967042, |r| = 0.013546  alpha = 1

    iterations: 2, |du| = 0.0146752, |r| = 0.000906223
    Surface recombination current = 0

    contact name:       voltage:            current:
    anode               5.125              -0.00551316
    cathode             0                   0.00551316

  Solve time: 0h 0m 0.056s
  <<<<--------------------------------------------------------------------------
  Ramping to sweep value $Vg = 5.15
  Trying $Vg = 5.15

  >>>>---------------------------- (driftdiffusion) ----------------------------
    it 1, |du| = 0.967042, |r| = 0.0135249  alpha = 1

    iterations: 2, |du| = 0.0146524, |r| = 0.000910098
    Surface recombination current = 0

    contact name:       voltage:            current:
    anode               5.15               -0.00560001
    cathode             0                   0.00560001

  Solve time: 0h 0m 0.056s
  <<<<--------------------------------------------------------------------------
  Ramping to sweep value $Vg = 5.175
  Trying $Vg = 5.175

  >>>>---------------------------- (driftdiffusion) ----------------------------
    it 1, |du| = 0.967042, |r| = 0.0135043  alpha = 1

    iterations: 2, |du| = 0.0146301, |r| = 0.00091397
    Surface recombination current = 0

    contact name:       voltage:            current:
    anode               5.175              -0.00568826
    cathode             0                   0.00568826

  Solve time: 0h 0m 0.056s
  <<<<--------------------------------------------------------------------------
  Ramping to sweep value $Vg = 5.2
  Trying $Vg = 5.2

  >>>>---------------------------- (driftdiffusion) ----------------------------
    it 1, |du| = 0.967042, |r| = 0.0134843  alpha = 1

    iterations: 2, |du| = 0.0146081, |r| = 0.000917868
    Surface recombination current = 0

    contact name:       voltage:            current:
    anode               5.2                -0.00577793
    cathode             0                   0.00577793

  Solve time: 0h 0m 0.056s
  <<<<--------------------------------------------------------------------------
  Ramping to sweep value $Vg = 5.225
  Trying $Vg = 5.225

  >>>>---------------------------- (driftdiffusion) ----------------------------
    it 1, |du| = 0.967042, |r| = 0.0134649  alpha = 1

    iterations: 2, |du| = 0.0145865, |r| = 0.000921776
    Surface recombination current = 0

    contact name:       voltage:            current:
    anode               5.225              -0.00586906
    cathode             0                   0.00586906

  Solve time: 0h 0m 0.056s
  <<<<--------------------------------------------------------------------------
  Ramping to sweep value $Vg = 5.25
  Trying $Vg = 5.25

  >>>>---------------------------- (driftdiffusion) ----------------------------
    it 1, |du| = 0.967042, |r| = 0.0134459  alpha = 1

    iterations: 2, |du| = 0.0145652, |r| = 0.000925695
    Surface recombination current = 0

    contact name:       voltage:            current:
    anode               5.25               -0.00596167
    cathode             0                   0.00596167

  Solve time: 0h 0m 0.056s
  <<<<--------------------------------------------------------------------------
  Ramping to sweep value $Vg = 5.275
  Trying $Vg = 5.275

  >>>>---------------------------- (driftdiffusion) ----------------------------
    it 1, |du| = 0.967042, |r| = 0.0134275  alpha = 1

    iterations: 2, |du| = 0.0145442, |r| = 0.000929622
    Surface recombination current = 0

    contact name:       voltage:            current:
    anode               5.275              -0.00605578
    cathode             0                   0.00605578

  Solve time: 0h 0m 0.056s
  <<<<--------------------------------------------------------------------------
  Ramping to sweep value $Vg = 5.3
  Trying $Vg = 5.3

  >>>>---------------------------- (driftdiffusion) ----------------------------
    it 1, |du| = 0.967042, |r| = 0.0134097  alpha = 1

    iterations: 2, |du| = 0.0145235, |r| = 0.000933556
    Surface recombination current = 0

    contact name:       voltage:            current:
    anode               5.3                -0.00615143
    cathode             0                   0.00615143

  Solve time: 0h 0m 0.056s
  <<<<--------------------------------------------------------------------------
  Ramping to sweep value $Vg = 5.325
  Trying $Vg = 5.325

  >>>>---------------------------- (driftdiffusion) ----------------------------
    it 1, |du| = 0.967042, |r| = 0.0133923  alpha = 1

    iterations: 2, |du| = 0.0145031, |r| = 0.000937501
    Surface recombination current = 0

    contact name:       voltage:            current:
    anode               5.325              -0.00624863
    cathode             0                   0.00624863

  Solve time: 0h 0m 0.056s
  <<<<--------------------------------------------------------------------------
  Ramping to sweep value $Vg = 5.35
  Trying $Vg = 5.35

  >>>>---------------------------- (driftdiffusion) ----------------------------
    it 1, |du| = 0.967042, |r| = 0.0133754  alpha = 1

    iterations: 2, |du| = 0.014483, |r| = 0.000941453
    Surface recombination current = 0

    contact name:       voltage:            current:
    anode               5.35               -0.00634743
    cathode             0                   0.00634743

  Solve time: 0h 0m 0.056s
  <<<<--------------------------------------------------------------------------
  Ramping to sweep value $Vg = 5.375
  Trying $Vg = 5.375

  >>>>---------------------------- (driftdiffusion) ----------------------------
    it 1, |du| = 0.967042, |r| = 0.0133591  alpha = 1

    iterations: 2, |du| = 0.0144632, |r| = 0.000945412
    Surface recombination current = 0

    contact name:       voltage:            current:
    anode               5.375              -0.00644784
    cathode             0                   0.00644784

  Solve time: 0h 0m 0.056s
  <<<<--------------------------------------------------------------------------
  Ramping to sweep value $Vg = 5.4
  Trying $Vg = 5.4

  >>>>---------------------------- (driftdiffusion) ----------------------------
    it 1, |du| = 0.967042, |r| = 0.0133432  alpha = 1

    iterations: 2, |du| = 0.0144437, |r| = 0.000949381
    Surface recombination current = 0

    contact name:       voltage:            current:
    anode               5.4                -0.0065499
    cathode             0                   0.0065499

  Solve time: 0h 0m 0.056s
  <<<<--------------------------------------------------------------------------
  Ramping to sweep value $Vg = 5.425
  Trying $Vg = 5.425

  >>>>---------------------------- (driftdiffusion) ----------------------------
    it 1, |du| = 0.967042, |r| = 0.0133278  alpha = 1

    iterations: 2, |du| = 0.0144245, |r| = 0.000953354
    Surface recombination current = 0

    contact name:       voltage:            current:
    anode               5.425              -0.00665363
    cathode             0                   0.00665363

  Solve time: 0h 0m 0.056s
  <<<<--------------------------------------------------------------------------
  Ramping to sweep value $Vg = 5.45
  Trying $Vg = 5.45

  >>>>---------------------------- (driftdiffusion) ----------------------------
    it 1, |du| = 0.967042, |r| = 0.0133129  alpha = 1

    iterations: 2, |du| = 0.0144055, |r| = 0.000957334
    Surface recombination current = 0

    contact name:       voltage:            current:
    anode               5.45               -0.00675908
    cathode             0                   0.00675908

  Solve time: 0h 0m 0.056s
  <<<<--------------------------------------------------------------------------
  Ramping to sweep value $Vg = 5.475
  Trying $Vg = 5.475

  >>>>---------------------------- (driftdiffusion) ----------------------------
    it 1, |du| = 0.967042, |r| = 0.0132985  alpha = 1

    iterations: 2, |du| = 0.0143869, |r| = 0.00096132
    Surface recombination current = 0

    contact name:       voltage:            current:
    anode               5.475              -0.00686625
    cathode             0                   0.00686625

  Solve time: 0h 0m 0.056s
  <<<<--------------------------------------------------------------------------
  Ramping to sweep value $Vg = 5.5
  Trying $Vg = 5.5

  >>>>---------------------------- (driftdiffusion) ----------------------------
    it 1, |du| = 0.967042, |r| = 0.0132845  alpha = 1

    iterations: 2, |du| = 0.0143685, |r| = 0.00096531
    Surface recombination current = 0

    contact name:       voltage:            current:
    anode               5.5                -0.0069752
    cathode             0                   0.0069752

  Solve time: 0h 0m 0.057s
  <<<<--------------------------------------------------------------------------
  Ramping to sweep value $Vg = 5.525
  Trying $Vg = 5.525

  >>>>---------------------------- (driftdiffusion) ----------------------------
    it 1, |du| = 0.967042, |r| = 0.013271  alpha = 1

    iterations: 2, |du| = 0.0143503, |r| = 0.00096931
    Surface recombination current = 0

    contact name:       voltage:            current:
    anode               5.525              -0.00708594
    cathode             0                   0.00708594

  Solve time: 0h 0m 0.056s
  <<<<--------------------------------------------------------------------------
  Ramping to sweep value $Vg = 5.55
  Trying $Vg = 5.55

  >>>>---------------------------- (driftdiffusion) ----------------------------
    it 1, |du| = 0.967042, |r| = 0.0132579  alpha = 1

    iterations: 2, |du| = 0.0143324, |r| = 0.000973312
    Surface recombination current = 0

    contact name:       voltage:            current:
    anode               5.55               -0.00719852
    cathode             0                   0.00719852

  Solve time: 0h 0m 0.056s
  <<<<--------------------------------------------------------------------------
  Ramping to sweep value $Vg = 5.575
  Trying $Vg = 5.575

  >>>>---------------------------- (driftdiffusion) ----------------------------
    it 1, |du| = 0.967042, |r| = 0.0132453  alpha = 1

    iterations: 2, |du| = 0.0143148, |r| = 0.000977321
    Surface recombination current = 0

    contact name:       voltage:            current:
    anode               5.575              -0.00731297
    cathode             0                   0.00731297

  Solve time: 0h 0m 0.056s
  <<<<--------------------------------------------------------------------------
  Ramping to sweep value $Vg = 5.6
  Trying $Vg = 5.6

  >>>>---------------------------- (driftdiffusion) ----------------------------
    it 1, |du| = 0.967042, |r| = 0.0132331  alpha = 1

    iterations: 2, |du| = 0.0142974, |r| = 0.000981332
    Surface recombination current = 0

    contact name:       voltage:            current:
    anode               5.6                -0.00742931
    cathode             0                   0.00742931

  Solve time: 0h 0m 0.056s
  <<<<--------------------------------------------------------------------------
  Ramping to sweep value $Vg = 5.625
  Trying $Vg = 5.625

  >>>>---------------------------- (driftdiffusion) ----------------------------
    it 1, |du| = 0.967042, |r| = 0.0132213  alpha = 1

    iterations: 2, |du| = 0.0142802, |r| = 0.00098535
    Surface recombination current = 0

    contact name:       voltage:            current:
    anode               5.625              -0.00754758
    cathode             0                   0.00754758

  Solve time: 0h 0m 0.056s
  <<<<--------------------------------------------------------------------------
  Ramping to sweep value $Vg = 5.65
  Trying $Vg = 5.65

  >>>>---------------------------- (driftdiffusion) ----------------------------
    it 1, |du| = 0.967042, |r| = 0.01321  alpha = 1

    iterations: 2, |du| = 0.0142633, |r| = 0.00098937
    Surface recombination current = 0

    contact name:       voltage:            current:
    anode               5.65               -0.00766782
    cathode             0                   0.00766782

  Solve time: 0h 0m 0.056s
  <<<<--------------------------------------------------------------------------
  Ramping to sweep value $Vg = 5.675
  Trying $Vg = 5.675

  >>>>---------------------------- (driftdiffusion) ----------------------------
    it 1, |du| = 0.967042, |r| = 0.0131991  alpha = 1

    iterations: 2, |du| = 0.0142467, |r| = 0.000993394
    Surface recombination current = 0

    contact name:       voltage:            current:
    anode               5.675              -0.00779007
    cathode             0                   0.00779007

  Solve time: 0h 0m 0.056s
  <<<<--------------------------------------------------------------------------
  Ramping to sweep value $Vg = 5.7
  Trying $Vg = 5.7

  >>>>---------------------------- (driftdiffusion) ----------------------------
    it 1, |du| = 0.967042, |r| = 0.0131886  alpha = 1

    iterations: 2, |du| = 0.0142304, |r| = 0.000997422
    Surface recombination current = 0

    contact name:       voltage:            current:
    anode               5.7                -0.00791435
    cathode             0                   0.00791435

  Solve time: 0h 0m 0.056s
  <<<<--------------------------------------------------------------------------
  Ramping to sweep value $Vg = 5.725
  Trying $Vg = 5.725

  >>>>---------------------------- (driftdiffusion) ----------------------------
    it 1, |du| = 0.967042, |r| = 0.0131785  alpha = 1

    iterations: 2, |du| = 0.0142146, |r| = 0.00100145
    Surface recombination current = 0

    contact name:       voltage:            current:
    anode               5.725              -0.00804071
    cathode             0                   0.00804071

  Solve time: 0h 0m 0.056s
  <<<<--------------------------------------------------------------------------
  Ramping to sweep value $Vg = 5.75
  Trying $Vg = 5.75

  >>>>---------------------------- (driftdiffusion) ----------------------------
    it 1, |du| = 0.967042, |r| = 0.0131689  alpha = 1

    iterations: 2, |du| = 0.0141989, |r| = 0.00100549
    Surface recombination current = 0

    contact name:       voltage:            current:
    anode               5.75               -0.00816918
    cathode             0                   0.00816918

  Solve time: 0h 0m 0.056s
  <<<<--------------------------------------------------------------------------
  Ramping to sweep value $Vg = 5.775
  Trying $Vg = 5.775

  >>>>---------------------------- (driftdiffusion) ----------------------------
    it 1, |du| = 0.967042, |r| = 0.0131596  alpha = 1

    iterations: 2, |du| = 0.0141835, |r| = 0.00100952
    Surface recombination current = 0

    contact name:       voltage:            current:
    anode               5.775              -0.00829981
    cathode             0                   0.00829981

  Solve time: 0h 0m 0.056s
  <<<<--------------------------------------------------------------------------
  Ramping to sweep value $Vg = 5.8
  Trying $Vg = 5.8

  >>>>---------------------------- (driftdiffusion) ----------------------------
    it 1, |du| = 0.967042, |r| = 0.0131507  alpha = 1

    iterations: 2, |du| = 0.0141683, |r| = 0.00101356
    Surface recombination current = 0

    contact name:       voltage:            current:
    anode               5.8                -0.00843262
    cathode             0                   0.00843262

  Solve time: 0h 0m 0.056s
  <<<<--------------------------------------------------------------------------
  Ramping to sweep value $Vg = 5.825
  Trying $Vg = 5.825

  >>>>---------------------------- (driftdiffusion) ----------------------------
    it 1, |du| = 0.967042, |r| = 0.0131422  alpha = 1

    iterations: 2, |du| = 0.0141533, |r| = 0.00101761
    Surface recombination current = 0

    contact name:       voltage:            current:
    anode               5.825              -0.00856766
    cathode             0                   0.00856766

  Solve time: 0h 0m 0.056s
  <<<<--------------------------------------------------------------------------
  Ramping to sweep value $Vg = 5.85
  Trying $Vg = 5.85

  >>>>---------------------------- (driftdiffusion) ----------------------------
    it 1, |du| = 0.967042, |r| = 0.0131341  alpha = 1

    iterations: 2, |du| = 0.0141384, |r| = 0.00102165
    Surface recombination current = 0

    contact name:       voltage:            current:
    anode               5.85               -0.00870498
    cathode             0                   0.00870498

  Solve time: 0h 0m 0.056s
  <<<<--------------------------------------------------------------------------
  Ramping to sweep value $Vg = 5.875
  Trying $Vg = 5.875

  >>>>---------------------------- (driftdiffusion) ----------------------------
    it 1, |du| = 0.967042, |r| = 0.0131263  alpha = 1

    iterations: 2, |du| = 0.0141238, |r| = 0.00102569
    Surface recombination current = 0

    contact name:       voltage:            current:
    anode               5.875              -0.0088446
    cathode             0                   0.0088446

  Solve time: 0h 0m 0.056s
  <<<<--------------------------------------------------------------------------
  Ramping to sweep value $Vg = 5.9
  Trying $Vg = 5.9

  >>>>---------------------------- (driftdiffusion) ----------------------------
    it 1, |du| = 0.967042, |r| = 0.013119  alpha = 1

    iterations: 2, |du| = 0.0141094, |r| = 0.00102974
    Surface recombination current = 0

    contact name:       voltage:            current:
    anode               5.9                -0.00898657
    cathode             0                   0.00898657

  Solve time: 0h 0m 0.056s
  <<<<--------------------------------------------------------------------------
  Ramping to sweep value $Vg = 5.925
  Trying $Vg = 5.925

  >>>>---------------------------- (driftdiffusion) ----------------------------
    it 1, |du| = 0.967042, |r| = 0.013112  alpha = 1

    iterations: 2, |du| = 0.0140952, |r| = 0.00103379
    Surface recombination current = 0

    contact name:       voltage:            current:
    anode               5.925              -0.00913094
    cathode             0                   0.00913094

  Solve time: 0h 0m 0.056s
  <<<<--------------------------------------------------------------------------
  Ramping to sweep value $Vg = 5.95
  Trying $Vg = 5.95

  >>>>---------------------------- (driftdiffusion) ----------------------------
    it 1, |du| = 0.967042, |r| = 0.0131053  alpha = 1

    iterations: 2, |du| = 0.0140811, |r| = 0.00103784
    Surface recombination current = 0

    contact name:       voltage:            current:
    anode               5.95               -0.00927775
    cathode             0                   0.00927775

  Solve time: 0h 0m 0.056s
  <<<<--------------------------------------------------------------------------
  Ramping to sweep value $Vg = 5.975
  Trying $Vg = 5.975

  >>>>---------------------------- (driftdiffusion) ----------------------------
    it 1, |du| = 0.967042, |r| = 0.0130991  alpha = 1

    iterations: 2, |du| = 0.0140673, |r| = 0.00104189
    Surface recombination current = 0

    contact name:       voltage:            current:
    anode               5.975              -0.00942703
    cathode             0                   0.00942703

  Solve time: 0h 0m 0.056s
  <<<<--------------------------------------------------------------------------
  Ramping to sweep value $Vg = 6
  Trying $Vg = 6

  >>>>---------------------------- (driftdiffusion) ----------------------------
    it 1, |du| = 0.967042, |r| = 0.0130931  alpha = 1

    iterations: 2, |du| = 0.0140536, |r| = 0.00104594
    Surface recombination current = 0

    contact name:       voltage:            current:
    anode               6                  -0.00957884
    cathode             0                   0.00957884

  Solve time: 0h 0m 0.056s
  <<<<--------------------------------------------------------------------------
  Ramping to sweep value $Vg = 6.025
  Trying $Vg = 6.025

  >>>>---------------------------- (driftdiffusion) ----------------------------
    it 1, |du| = 0.967042, |r| = 0.0130876  alpha = 1

    iterations: 2, |du| = 0.0140401, |r| = 0.00104999
    Surface recombination current = 0

    contact name:       voltage:            current:
    anode               6.025              -0.00973323
    cathode             0                   0.00973323

  Solve time: 0h 0m 0.056s
  <<<<--------------------------------------------------------------------------
  Ramping to sweep value $Vg = 6.05
  Trying $Vg = 6.05

  >>>>---------------------------- (driftdiffusion) ----------------------------
    it 1, |du| = 0.967042, |r| = 0.0130823  alpha = 1

    iterations: 2, |du| = 0.0140268, |r| = 0.00105404
    Surface recombination current = 0

    contact name:       voltage:            current:
    anode               6.05               -0.00989023
    cathode             0                   0.00989023

  Solve time: 0h 0m 0.056s
  <<<<--------------------------------------------------------------------------
  Ramping to sweep value $Vg = 6.075
  Trying $Vg = 6.075

  >>>>---------------------------- (driftdiffusion) ----------------------------
    it 1, |du| = 0.967042, |r| = 0.0130774  alpha = 1

    iterations: 2, |du| = 0.0140136, |r| = 0.00105809
    Surface recombination current = 0

    contact name:       voltage:            current:
    anode               6.075              -0.0100499
    cathode             0                   0.0100499

  Solve time: 0h 0m 0.056s
  <<<<--------------------------------------------------------------------------
  Ramping to sweep value $Vg = 6.1
  Trying $Vg = 6.1

  >>>>---------------------------- (driftdiffusion) ----------------------------
    it 1, |du| = 0.967042, |r| = 0.0130729  alpha = 1

    iterations: 2, |du| = 0.0140006, |r| = 0.00106214
    Surface recombination current = 0

    contact name:       voltage:            current:
    anode               6.1                -0.0102123
    cathode             0                   0.0102123

  Solve time: 0h 0m 0.056s
  <<<<--------------------------------------------------------------------------
  Ramping to sweep value $Vg = 6.125
  Trying $Vg = 6.125

  >>>>---------------------------- (driftdiffusion) ----------------------------
    it 1, |du| = 0.967042, |r| = 0.0130686  alpha = 1

    iterations: 2, |du| = 0.0139878, |r| = 0.00106619
    Surface recombination current = 0

    contact name:       voltage:            current:
    anode               6.125              -0.0103774
    cathode             0                   0.0103774

  Solve time: 0h 0m 0.056s
  <<<<--------------------------------------------------------------------------
  Ramping to sweep value $Vg = 6.15
  Trying $Vg = 6.15

  >>>>---------------------------- (driftdiffusion) ----------------------------
    it 1, |du| = 0.967042, |r| = 0.0130647  alpha = 1

    iterations: 2, |du| = 0.0139751, |r| = 0.00107024
    Surface recombination current = 0

    contact name:       voltage:            current:
    anode               6.15               -0.0105454
    cathode             0                   0.0105454

  Solve time: 0h 0m 0.056s
  <<<<--------------------------------------------------------------------------
  Ramping to sweep value $Vg = 6.175
  Trying $Vg = 6.175

  >>>>---------------------------- (driftdiffusion) ----------------------------
    it 1, |du| = 0.967042, |r| = 0.0130612  alpha = 1

    iterations: 2, |du| = 0.0139626, |r| = 0.00107429
    Surface recombination current = 0

    contact name:       voltage:            current:
    anode               6.175              -0.0107162
    cathode             0                   0.0107162

  Solve time: 0h 0m 0.056s
  <<<<--------------------------------------------------------------------------
  Ramping to sweep value $Vg = 6.2
  Trying $Vg = 6.2

  >>>>---------------------------- (driftdiffusion) ----------------------------
    it 1, |du| = 0.967042, |r| = 0.0130579  alpha = 1

    iterations: 2, |du| = 0.0139503, |r| = 0.00107834
    Surface recombination current = 0

    contact name:       voltage:            current:
    anode               6.2                -0.0108899
    cathode             0                   0.0108899

  Solve time: 0h 0m 0.056s
  <<<<--------------------------------------------------------------------------
  Ramping to sweep value $Vg = 6.225
  Trying $Vg = 6.225

  >>>>---------------------------- (driftdiffusion) ----------------------------
    it 1, |du| = 0.967042, |r| = 0.013055  alpha = 1

    iterations: 2, |du| = 0.0139381, |r| = 0.00108239
    Surface recombination current = 0

    contact name:       voltage:            current:
    anode               6.225              -0.0110666
    cathode             0                   0.0110666

  Solve time: 0h 0m 0.056s
  <<<<--------------------------------------------------------------------------
  Ramping to sweep value $Vg = 6.25
  Trying $Vg = 6.25

  >>>>---------------------------- (driftdiffusion) ----------------------------
    it 1, |du| = 0.967042, |r| = 0.0130523  alpha = 1

    iterations: 2, |du| = 0.0139261, |r| = 0.00108644
    Surface recombination current = 0

    contact name:       voltage:            current:
    anode               6.25               -0.0112463
    cathode             0                   0.0112463

  Solve time: 0h 0m 0.056s
  <<<<--------------------------------------------------------------------------
  Ramping to sweep value $Vg = 6.275
  Trying $Vg = 6.275

  >>>>---------------------------- (driftdiffusion) ----------------------------
    it 1, |du| = 0.967042, |r| = 0.01305  alpha = 1

    iterations: 2, |du| = 0.0139142, |r| = 0.00109048
    Surface recombination current = 0

    contact name:       voltage:            current:
    anode               6.275              -0.0114291
    cathode             0                   0.0114291

  Solve time: 0h 0m 0.056s
  <<<<--------------------------------------------------------------------------
  Ramping to sweep value $Vg = 6.3
  Trying $Vg = 6.3

  >>>>---------------------------- (driftdiffusion) ----------------------------
    it 1, |du| = 0.967042, |r| = 0.013048  alpha = 1

    iterations: 2, |du| = 0.0139025, |r| = 0.00109453
    Surface recombination current = 0

    contact name:       voltage:            current:
    anode               6.3                -0.011615
    cathode             0                   0.011615

  Solve time: 0h 0m 0.056s
  <<<<--------------------------------------------------------------------------
  Ramping to sweep value $Vg = 6.325
  Trying $Vg = 6.325

  >>>>---------------------------- (driftdiffusion) ----------------------------
    it 1, |du| = 0.967042, |r| = 0.0130462  alpha = 1

    iterations: 2, |du| = 0.0138909, |r| = 0.00109857
    Surface recombination current = 0

    contact name:       voltage:            current:
    anode               6.325              -0.0118041
    cathode             0                   0.0118041

  Solve time: 0h 0m 0.056s
  <<<<--------------------------------------------------------------------------
  Ramping to sweep value $Vg = 6.35
  Trying $Vg = 6.35

  >>>>---------------------------- (driftdiffusion) ----------------------------
    it 1, |du| = 0.967042, |r| = 0.0130448  alpha = 1

    iterations: 2, |du| = 0.0138795, |r| = 0.00110262
    Surface recombination current = 0

    contact name:       voltage:            current:
    anode               6.35               -0.0119965
    cathode             0                   0.0119965

  Solve time: 0h 0m 0.057s
  <<<<--------------------------------------------------------------------------
  Ramping to sweep value $Vg = 6.375
  Trying $Vg = 6.375

  >>>>---------------------------- (driftdiffusion) ----------------------------
    it 1, |du| = 0.967042, |r| = 0.0130437  alpha = 1

    iterations: 2, |du| = 0.0138684, |r| = 0.00110665
    Surface recombination current = 0

    contact name:       voltage:            current:
    anode               6.375              -0.0121922
    cathode             0                   0.0121922

  Solve time: 0h 0m 0.056s
  <<<<--------------------------------------------------------------------------
  Ramping to sweep value $Vg = 6.4
  Trying $Vg = 6.4

  >>>>---------------------------- (driftdiffusion) ----------------------------
    it 1, |du| = 0.967042, |r| = 0.0130428  alpha = 1

    iterations: 2, |du| = 0.0138576, |r| = 0.00111069
    Surface recombination current = 0

    contact name:       voltage:            current:
    anode               6.4                -0.0123912
    cathode             0                   0.0123912

  Solve time: 0h 0m 0.056s
  <<<<--------------------------------------------------------------------------
  Ramping to sweep value $Vg = 6.425
  Trying $Vg = 6.425

  >>>>---------------------------- (driftdiffusion) ----------------------------
    it 1, |du| = 0.967042, |r| = 0.0130422  alpha = 1

    iterations: 2, |du| = 0.0138469, |r| = 0.00111473
    Surface recombination current = 0

    contact name:       voltage:            current:
    anode               6.425              -0.0125936
    cathode             0                   0.0125936

  Solve time: 0h 0m 0.056s
  <<<<--------------------------------------------------------------------------
  Ramping to sweep value $Vg = 6.45
  Trying $Vg = 6.45

  >>>>---------------------------- (driftdiffusion) ----------------------------
    it 1, |du| = 0.967042, |r| = 0.0130419  alpha = 1

    iterations: 2, |du| = 0.0138363, |r| = 0.00111876
    Surface recombination current = 0

    contact name:       voltage:            current:
    anode               6.45               -0.0127996
    cathode             0                   0.0127996

  Solve time: 0h 0m 0.056s
  <<<<--------------------------------------------------------------------------
  Ramping to sweep value $Vg = 6.475
  Trying $Vg = 6.475

  >>>>---------------------------- (driftdiffusion) ----------------------------
    it 1, |du| = 0.967042, |r| = 0.0130419  alpha = 1

    iterations: 2, |du| = 0.0138258, |r| = 0.00112279
    Surface recombination current = 0

    contact name:       voltage:            current:
    anode               6.475              -0.013009
    cathode             0                   0.013009

  Solve time: 0h 0m 0.056s
  <<<<--------------------------------------------------------------------------
  Ramping to sweep value $Vg = 6.5
  Trying $Vg = 6.5

  >>>>---------------------------- (driftdiffusion) ----------------------------
    it 1, |du| = 0.967042, |r| = 0.0130421  alpha = 1

    iterations: 2, |du| = 0.0138154, |r| = 0.00112682
    Surface recombination current = 0

    contact name:       voltage:            current:
    anode               6.5                -0.0132221
    cathode             0                   0.0132221

  Solve time: 0h 0m 0.056s
  <<<<--------------------------------------------------------------------------
  Ramping to sweep value $Vg = 6.525
  Trying $Vg = 6.525

  >>>>---------------------------- (driftdiffusion) ----------------------------
    it 1, |du| = 0.967042, |r| = 0.0130427  alpha = 1

    iterations: 2, |du| = 0.0138052, |r| = 0.00113085
    Surface recombination current = 0

    contact name:       voltage:            current:
    anode               6.525              -0.0134389
    cathode             0                   0.0134389

  Solve time: 0h 0m 0.056s
  <<<<--------------------------------------------------------------------------
  Ramping to sweep value $Vg = 6.55
  Trying $Vg = 6.55

  >>>>---------------------------- (driftdiffusion) ----------------------------
    it 1, |du| = 0.967042, |r| = 0.0130434  alpha = 1

    iterations: 2, |du| = 0.0137951, |r| = 0.00113487
    Surface recombination current = 0

    contact name:       voltage:            current:
    anode               6.55               -0.0136594
    cathode             0                   0.0136594

  Solve time: 0h 0m 0.056s
  <<<<--------------------------------------------------------------------------
  Ramping to sweep value $Vg = 6.575
  Trying $Vg = 6.575

  >>>>---------------------------- (driftdiffusion) ----------------------------
    it 1, |du| = 0.967042, |r| = 0.0130445  alpha = 1

    iterations: 2, |du| = 0.0137851, |r| = 0.00113889
    Surface recombination current = 0

    contact name:       voltage:            current:
    anode               6.575              -0.0138837
    cathode             0                   0.0138837

  Solve time: 0h 0m 0.057s
  <<<<--------------------------------------------------------------------------
  Ramping to sweep value $Vg = 6.6
  Trying $Vg = 6.6

  >>>>---------------------------- (driftdiffusion) ----------------------------
    it 1, |du| = 0.967042, |r| = 0.0130458  alpha = 1

    iterations: 2, |du| = 0.0137753, |r| = 0.00114291
    Surface recombination current = 0

    contact name:       voltage:            current:
    anode               6.6                -0.014112
    cathode             0                   0.014112

  Solve time: 0h 0m 0.056s
  <<<<--------------------------------------------------------------------------
  Ramping to sweep value $Vg = 6.625
  Trying $Vg = 6.625

  >>>>---------------------------- (driftdiffusion) ----------------------------
    it 1, |du| = 0.967042, |r| = 0.0130473  alpha = 1

    iterations: 2, |du| = 0.0137655, |r| = 0.00114692
    Surface recombination current = 0

    contact name:       voltage:            current:
    anode               6.625              -0.0143441
    cathode             0                   0.0143441

  Solve time: 0h 0m 0.056s
  <<<<--------------------------------------------------------------------------
  Ramping to sweep value $Vg = 6.65
  Trying $Vg = 6.65

  >>>>---------------------------- (driftdiffusion) ----------------------------
    it 1, |du| = 0.967042, |r| = 0.0130491  alpha = 1

    iterations: 2, |du| = 0.0137559, |r| = 0.00115093
    Surface recombination current = 0

    contact name:       voltage:            current:
    anode               6.65               -0.0145803
    cathode             0                   0.0145803

  Solve time: 0h 0m 0.056s
  <<<<--------------------------------------------------------------------------
  Ramping to sweep value $Vg = 6.675
  Trying $Vg = 6.675

  >>>>---------------------------- (driftdiffusion) ----------------------------
    it 1, |du| = 0.967042, |r| = 0.0130512  alpha = 1

    iterations: 2, |du| = 0.0137463, |r| = 0.00115494
    Surface recombination current = 0

    contact name:       voltage:            current:
    anode               6.675              -0.0148206
    cathode             0                   0.0148206

  Solve time: 0h 0m 0.056s
  <<<<--------------------------------------------------------------------------
  Ramping to sweep value $Vg = 6.7
  Trying $Vg = 6.7

  >>>>---------------------------- (driftdiffusion) ----------------------------
    it 1, |du| = 0.967042, |r| = 0.0130535  alpha = 1

    iterations: 2, |du| = 0.0137369, |r| = 0.00115895
    Surface recombination current = 0

    contact name:       voltage:            current:
    anode               6.7                -0.0150651
    cathode             0                   0.0150651

  Solve time: 0h 0m 0.056s
  <<<<--------------------------------------------------------------------------
  Ramping to sweep value $Vg = 6.725
  Trying $Vg = 6.725

  >>>>---------------------------- (driftdiffusion) ----------------------------
    it 1, |du| = 0.967042, |r| = 0.013056  alpha = 1

    iterations: 2, |du| = 0.0137276, |r| = 0.00116295
    Surface recombination current = 0

    contact name:       voltage:            current:
    anode               6.725              -0.0153138
    cathode             0                   0.0153138

  Solve time: 0h 0m 0.056s
  <<<<--------------------------------------------------------------------------
  Ramping to sweep value $Vg = 6.75
  Trying $Vg = 6.75

  >>>>---------------------------- (driftdiffusion) ----------------------------
    it 1, |du| = 0.967042, |r| = 0.0130588  alpha = 1

    iterations: 2, |du| = 0.0137184, |r| = 0.00116695
    Surface recombination current = 0

    contact name:       voltage:            current:
    anode               6.75               -0.0155668
    cathode             0                   0.0155668

  Solve time: 0h 0m 0.057s
  <<<<--------------------------------------------------------------------------
  Ramping to sweep value $Vg = 6.775
  Trying $Vg = 6.775

  >>>>---------------------------- (driftdiffusion) ----------------------------
    it 1, |du| = 0.967042, |r| = 0.0130618  alpha = 1

    iterations: 2, |du| = 0.0137093, |r| = 0.00117094
    Surface recombination current = 0

    contact name:       voltage:            current:
    anode               6.775              -0.0158242
    cathode             0                   0.0158242

  Solve time: 0h 0m 0.057s
  <<<<--------------------------------------------------------------------------
  Ramping to sweep value $Vg = 6.8
  Trying $Vg = 6.8

  >>>>---------------------------- (driftdiffusion) ----------------------------
    it 1, |du| = 0.967042, |r| = 0.0130651  alpha = 1

    iterations: 2, |du| = 0.0137003, |r| = 0.00117493
    Surface recombination current = 0

    contact name:       voltage:            current:
    anode               6.8                -0.0160861
    cathode             0                   0.0160861

  Solve time: 0h 0m 0.057s
  <<<<--------------------------------------------------------------------------
  Ramping to sweep value $Vg = 6.825
  Trying $Vg = 6.825

  >>>>---------------------------- (driftdiffusion) ----------------------------
    it 1, |du| = 0.967042, |r| = 0.0130685  alpha = 1

    iterations: 2, |du| = 0.0136914, |r| = 0.00117892
    Surface recombination current = 0

    contact name:       voltage:            current:
    anode               6.825              -0.0163526
    cathode             0                   0.0163526

  Solve time: 0h 0m 0.057s
  <<<<--------------------------------------------------------------------------
  Ramping to sweep value $Vg = 6.85
  Trying $Vg = 6.85

  >>>>---------------------------- (driftdiffusion) ----------------------------
    it 1, |du| = 0.967042, |r| = 0.0130723  alpha = 1

    iterations: 2, |du| = 0.0136826, |r| = 0.0011829
    Surface recombination current = 0

    contact name:       voltage:            current:
    anode               6.85               -0.0166238
    cathode             0                   0.0166238

  Solve time: 0h 0m 0.058s
  <<<<--------------------------------------------------------------------------
  Ramping to sweep value $Vg = 6.875
  Trying $Vg = 6.875

  >>>>---------------------------- (driftdiffusion) ----------------------------
    it 1, |du| = 0.967042, |r| = 0.0130762  alpha = 1

    iterations: 2, |du| = 0.0136738, |r| = 0.00118689
    Surface recombination current = 0

    contact name:       voltage:            current:
    anode               6.875              -0.0168996
    cathode             0                   0.0168996

  Solve time: 0h 0m 0.056s
  <<<<--------------------------------------------------------------------------
  Ramping to sweep value $Vg = 6.9
  Trying $Vg = 6.9

  >>>>---------------------------- (driftdiffusion) ----------------------------
    it 1, |du| = 0.967042, |r| = 0.0130803  alpha = 1

    iterations: 2, |du| = 0.0136652, |r| = 0.00119086
    Surface recombination current = 0

    contact name:       voltage:            current:
    anode               6.9                -0.0171803
    cathode             0                   0.0171803

  Solve time: 0h 0m 0.059s
  <<<<--------------------------------------------------------------------------
  Ramping to sweep value $Vg = 6.925
  Trying $Vg = 6.925

  >>>>---------------------------- (driftdiffusion) ----------------------------
    it 1, |du| = 0.967042, |r| = 0.0130847  alpha = 1

    iterations: 2, |du| = 0.0136567, |r| = 0.00119483
    Surface recombination current = 0

    contact name:       voltage:            current:
    anode               6.925              -0.0174659
    cathode             0                   0.0174659

  Solve time: 0h 0m 0.06s
  <<<<--------------------------------------------------------------------------
  Ramping to sweep value $Vg = 6.95
  Trying $Vg = 6.95

  >>>>---------------------------- (driftdiffusion) ----------------------------
    it 1, |du| = 0.967042, |r| = 0.0130893  alpha = 1

    iterations: 2, |du| = 0.0136483, |r| = 0.0011988
    Surface recombination current = 0

    contact name:       voltage:            current:
    anode               6.95               -0.0177565
    cathode             0                   0.0177565

  Solve time: 0h 0m 0.06s
  <<<<--------------------------------------------------------------------------
  Ramping to sweep value $Vg = 6.975
  Trying $Vg = 6.975

  >>>>---------------------------- (driftdiffusion) ----------------------------
    it 1, |du| = 0.967042, |r| = 0.0130941  alpha = 1

    iterations: 2, |du| = 0.01364, |r| = 0.00120276
    Surface recombination current = 0

    contact name:       voltage:            current:
    anode               6.975              -0.0180521
    cathode             0                   0.0180521

  Solve time: 0h 0m 0.056s
  <<<<--------------------------------------------------------------------------
  Ramping to sweep value $Vg = 7
  Trying $Vg = 7

  >>>>---------------------------- (driftdiffusion) ----------------------------
    it 1, |du| = 0.967042, |r| = 0.0130991  alpha = 1

    iterations: 2, |du| = 0.0136317, |r| = 0.00120672
    Surface recombination current = 0

    contact name:       voltage:            current:
    anode               7                  -0.018353
    cathode             0                   0.018353

  Solve time: 0h 0m 0.059s
  <<<<--------------------------------------------------------------------------
  Ramping to sweep value $Vg = 7.025
  Trying $Vg = 7.025

  >>>>---------------------------- (driftdiffusion) ----------------------------
    it 1, |du| = 0.967042, |r| = 0.0131043  alpha = 1

    iterations: 2, |du| = 0.0136236, |r| = 0.00121068
    Surface recombination current = 0

    contact name:       voltage:            current:
    anode               7.025              -0.0186591
    cathode             0                   0.0186591

  Solve time: 0h 0m 0.059s
  <<<<--------------------------------------------------------------------------
  Ramping to sweep value $Vg = 7.05
  Trying $Vg = 7.05

  >>>>---------------------------- (driftdiffusion) ----------------------------
    it 1, |du| = 0.967042, |r| = 0.0131097  alpha = 1

    iterations: 2, |du| = 0.0136155, |r| = 0.00121463
    Surface recombination current = 0

    contact name:       voltage:            current:
    anode               7.05               -0.0189706
    cathode             0                   0.0189706

  Solve time: 0h 0m 0.056s
  <<<<--------------------------------------------------------------------------
  Ramping to sweep value $Vg = 7.075
  Trying $Vg = 7.075

  >>>>---------------------------- (driftdiffusion) ----------------------------
    it 1, |du| = 0.967042, |r| = 0.0131153  alpha = 1

    iterations: 2, |du| = 0.0136075, |r| = 0.00121857
    Surface recombination current = 0

    contact name:       voltage:            current:
    anode               7.075              -0.0192876
    cathode             0                   0.0192876

  Solve time: 0h 0m 0.056s
  <<<<--------------------------------------------------------------------------
  Ramping to sweep value $Vg = 7.1
  Trying $Vg = 7.1

  >>>>---------------------------- (driftdiffusion) ----------------------------
    it 1, |du| = 0.967042, |r| = 0.0131211  alpha = 1

    iterations: 2, |du| = 0.0135996, |r| = 0.00122248
    Surface recombination current = 0

    contact name:       voltage:            current:
    anode               7.1                -0.0196101
    cathode             0                   0.0196101

  Solve time: 0h 0m 0.056s
  <<<<--------------------------------------------------------------------------
  Ramping to sweep value $Vg = 7.125
  Trying $Vg = 7.125

  >>>>---------------------------- (driftdiffusion) ----------------------------
    it 1, |du| = 0.967042, |r| = 0.0131271  alpha = 1

    iterations: 2, |du| = 0.0135918, |r| = 0.00122642
    Surface recombination current = 0

    contact name:       voltage:            current:
    anode               7.125              -0.0199383
    cathode             0                   0.0199383

  Solve time: 0h 0m 0.059s
  <<<<--------------------------------------------------------------------------
  Ramping to sweep value $Vg = 7.15
  Trying $Vg = 7.15

  >>>>---------------------------- (driftdiffusion) ----------------------------
    it 1, |du| = 0.967042, |r| = 0.0131333  alpha = 1

    iterations: 2, |du| = 0.0135841, |r| = 0.00123035
    Surface recombination current = 0

    contact name:       voltage:            current:
    anode               7.15               -0.0202723
    cathode             0                   0.0202723

  Solve time: 0h 0m 0.056s
  <<<<--------------------------------------------------------------------------
  Ramping to sweep value $Vg = 7.175
  Trying $Vg = 7.175

  >>>>---------------------------- (driftdiffusion) ----------------------------
    it 1, |du| = 0.967042, |r| = 0.0131397  alpha = 1

    iterations: 2, |du| = 0.0135765, |r| = 0.00123428
    Surface recombination current = 0

    contact name:       voltage:            current:
    anode               7.175              -0.0206121
    cathode             0                   0.0206121

  Solve time: 0h 0m 0.059s
  <<<<--------------------------------------------------------------------------
  Ramping to sweep value $Vg = 7.2
  Trying $Vg = 7.2

  >>>>---------------------------- (driftdiffusion) ----------------------------
    it 1, |du| = 0.967042, |r| = 0.0131463  alpha = 1

    iterations: 2, |du| = 0.0135692, |r| = 0.0012382
    Surface recombination current = 0

    contact name:       voltage:            current:
    anode               7.2                -0.0209579
    cathode             0                   0.0209579

  Solve time: 0h 0m 0.057s
  <<<<--------------------------------------------------------------------------
  Ramping to sweep value $Vg = 7.225
  Trying $Vg = 7.225

  >>>>---------------------------- (driftdiffusion) ----------------------------
    it 1, |du| = 0.967042, |r| = 0.013153  alpha = 1

    iterations: 2, |du| = 0.013562, |r| = 0.00124212
    Surface recombination current = 0

    contact name:       voltage:            current:
    anode               7.225              -0.0213099
    cathode             0                   0.0213099

  Solve time: 0h 0m 0.057s
  <<<<--------------------------------------------------------------------------
  Ramping to sweep value $Vg = 7.25
  Trying $Vg = 7.25

  >>>>---------------------------- (driftdiffusion) ----------------------------
    it 1, |du| = 0.967042, |r| = 0.01316  alpha = 1

    iterations: 2, |du| = 0.0135548, |r| = 0.00124603
    Surface recombination current = 0

    contact name:       voltage:            current:
    anode               7.25               -0.021668
    cathode             0                   0.021668

  Solve time: 0h 0m 0.06s
  <<<<--------------------------------------------------------------------------
  Ramping to sweep value $Vg = 7.275
  Trying $Vg = 7.275

  >>>>---------------------------- (driftdiffusion) ----------------------------
    it 1, |du| = 0.967042, |r| = 0.0131671  alpha = 1

    iterations: 2, |du| = 0.0135478, |r| = 0.00124994
    Surface recombination current = 0

    contact name:       voltage:            current:
    anode               7.275              -0.0220325
    cathode             0                   0.0220325

  Solve time: 0h 0m 0.06s
  <<<<--------------------------------------------------------------------------
  Ramping to sweep value $Vg = 7.3
  Trying $Vg = 7.3

  >>>>---------------------------- (driftdiffusion) ----------------------------
    it 1, |du| = 0.967042, |r| = 0.0131744  alpha = 1

    iterations: 2, |du| = 0.0135407, |r| = 0.00125385
    Surface recombination current = 0

    contact name:       voltage:            current:
    anode               7.3                -0.0224033
    cathode             0                   0.0224033

  Solve time: 0h 0m 0.06s
  <<<<--------------------------------------------------------------------------
  Ramping to sweep value $Vg = 7.325
  Trying $Vg = 7.325

  >>>>---------------------------- (driftdiffusion) ----------------------------
    it 1, |du| = 0.967042, |r| = 0.0131819  alpha = 1

    iterations: 2, |du| = 0.0135338, |r| = 0.00125775
    Surface recombination current = 0

    contact name:       voltage:            current:
    anode               7.325              -0.0227808
    cathode             0                   0.0227808

  Solve time: 0h 0m 0.06s
  <<<<--------------------------------------------------------------------------
  Ramping to sweep value $Vg = 7.35
  Trying $Vg = 7.35

  >>>>---------------------------- (driftdiffusion) ----------------------------
    it 1, |du| = 0.967042, |r| = 0.0131896  alpha = 1

    iterations: 2, |du| = 0.0135269, |r| = 0.00126164
    Surface recombination current = 0

    contact name:       voltage:            current:
    anode               7.35               -0.0231649
    cathode             0                   0.0231649

  Solve time: 0h 0m 0.06s
  <<<<--------------------------------------------------------------------------
  Ramping to sweep value $Vg = 7.375
  Trying $Vg = 7.375

  >>>>---------------------------- (driftdiffusion) ----------------------------
    it 1, |du| = 0.967042, |r| = 0.0131974  alpha = 1

    iterations: 2, |du| = 0.0135201, |r| = 0.00126553
    Surface recombination current = 0

    contact name:       voltage:            current:
    anode               7.375              -0.0235558
    cathode             0                   0.0235558

  Solve time: 0h 0m 0.06s
  <<<<--------------------------------------------------------------------------
  Ramping to sweep value $Vg = 7.4
  Trying $Vg = 7.4

  >>>>---------------------------- (driftdiffusion) ----------------------------
    it 1, |du| = 0.967042, |r| = 0.0132054  alpha = 1

    iterations: 2, |du| = 0.0135134, |r| = 0.00126941
    Surface recombination current = 0

    contact name:       voltage:            current:
    anode               7.4                -0.0239536
    cathode             0                   0.0239536

  Solve time: 0h 0m 0.06s
  <<<<--------------------------------------------------------------------------
  Ramping to sweep value $Vg = 7.425
  Trying $Vg = 7.425

  >>>>---------------------------- (driftdiffusion) ----------------------------
    it 1, |du| = 0.967042, |r| = 0.0132136  alpha = 1

    iterations: 2, |du| = 0.0135067, |r| = 0.00127329
    Surface recombination current = 0

    contact name:       voltage:            current:
    anode               7.425              -0.0243585
    cathode             0                   0.0243585

  Solve time: 0h 0m 0.06s
  <<<<--------------------------------------------------------------------------
  Ramping to sweep value $Vg = 7.45
  Trying $Vg = 7.45

  >>>>---------------------------- (driftdiffusion) ----------------------------
    it 1, |du| = 0.967042, |r| = 0.0132219  alpha = 1

    iterations: 2, |du| = 0.0135001, |r| = 0.00127717
    Surface recombination current = 0

    contact name:       voltage:            current:
    anode               7.45               -0.0247705
    cathode             0                   0.0247705

  Solve time: 0h 0m 0.06s
  <<<<--------------------------------------------------------------------------
  Ramping to sweep value $Vg = 7.475
  Trying $Vg = 7.475

  >>>>---------------------------- (driftdiffusion) ----------------------------
    it 1, |du| = 0.967042, |r| = 0.0132304  alpha = 1

    iterations: 2, |du| = 0.0134935, |r| = 0.00128104
    Surface recombination current = 0

    contact name:       voltage:            current:
    anode               7.475              -0.0251899
    cathode             0                   0.0251899

  Solve time: 0h 0m 0.06s
  <<<<--------------------------------------------------------------------------
  Ramping to sweep value $Vg = 7.5
  Trying $Vg = 7.5

  >>>>---------------------------- (driftdiffusion) ----------------------------
    it 1, |du| = 0.967042, |r| = 0.0132391  alpha = 1

    iterations: 2, |du| = 0.0134871, |r| = 0.00128492
    Surface recombination current = 0

    contact name:       voltage:            current:
    anode               7.5                -0.0256167
    cathode             0                   0.0256167

  Solve time: 0h 0m 0.06s
  <<<<--------------------------------------------------------------------------
  Ramping to sweep value $Vg = 7.525
  Trying $Vg = 7.525

  >>>>---------------------------- (driftdiffusion) ----------------------------
    it 1, |du| = 0.967042, |r| = 0.0132479  alpha = 1

    iterations: 2, |du| = 0.0134806, |r| = 0.00128879
    Surface recombination current = 0

    contact name:       voltage:            current:
    anode               7.525              -0.026051
    cathode             0                   0.026051

  Solve time: 0h 0m 0.06s
  <<<<--------------------------------------------------------------------------
  Ramping to sweep value $Vg = 7.55
  Trying $Vg = 7.55

  >>>>---------------------------- (driftdiffusion) ----------------------------
    it 1, |du| = 0.967042, |r| = 0.0132569  alpha = 1

    iterations: 2, |du| = 0.0134743, |r| = 0.00129264
    Surface recombination current = 0

    contact name:       voltage:            current:
    anode               7.55               -0.0264931
    cathode             0                   0.0264931

  Solve time: 0h 0m 0.06s
  <<<<--------------------------------------------------------------------------
  Ramping to sweep value $Vg = 7.575
  Trying $Vg = 7.575

  >>>>---------------------------- (driftdiffusion) ----------------------------
    it 1, |du| = 0.967042, |r| = 0.0132661  alpha = 1

    iterations: 2, |du| = 0.013468, |r| = 0.00129649
    Surface recombination current = 0

    contact name:       voltage:            current:
    anode               7.575              -0.0269431
    cathode             0                   0.0269431

  Solve time: 0h 0m 0.06s
  <<<<--------------------------------------------------------------------------
  Ramping to sweep value $Vg = 7.6
  Trying $Vg = 7.6

  >>>>---------------------------- (driftdiffusion) ----------------------------
    it 1, |du| = 0.967042, |r| = 0.0132753  alpha = 1

    iterations: 2, |du| = 0.0134617, |r| = 0.00130033
    Surface recombination current = 0

    contact name:       voltage:            current:
    anode               7.6                -0.027401
    cathode             0                   0.027401

  Solve time: 0h 0m 0.057s
  <<<<--------------------------------------------------------------------------
  Ramping to sweep value $Vg = 7.625
  Trying $Vg = 7.625

  >>>>---------------------------- (driftdiffusion) ----------------------------
    it 1, |du| = 0.967042, |r| = 0.0132848  alpha = 1

    iterations: 2, |du| = 0.0134555, |r| = 0.00130417
    Surface recombination current = 0

    contact name:       voltage:            current:
    anode               7.625              -0.0278671
    cathode             0                   0.0278671

  Solve time: 0h 0m 0.058s
  <<<<--------------------------------------------------------------------------
  Ramping to sweep value $Vg = 7.65
  Trying $Vg = 7.65

  >>>>---------------------------- (driftdiffusion) ----------------------------
    it 1, |du| = 0.967042, |r| = 0.0132944  alpha = 1

    iterations: 2, |du| = 0.0134494, |r| = 0.001308
    Surface recombination current = 0

    contact name:       voltage:            current:
    anode               7.65               -0.0283415
    cathode             0                   0.0283415

  Solve time: 0h 0m 0.057s
  <<<<--------------------------------------------------------------------------
  Ramping to sweep value $Vg = 7.675
  Trying $Vg = 7.675

  >>>>---------------------------- (driftdiffusion) ----------------------------
    it 1, |du| = 0.967042, |r| = 0.0133041  alpha = 1

    iterations: 2, |du| = 0.0134433, |r| = 0.00131183
    Surface recombination current = 0

    contact name:       voltage:            current:
    anode               7.675              -0.0288243
    cathode             0                   0.0288243

  Solve time: 0h 0m 0.058s
  <<<<--------------------------------------------------------------------------
  Ramping to sweep value $Vg = 7.7
  Trying $Vg = 7.7

  >>>>---------------------------- (driftdiffusion) ----------------------------
    it 1, |du| = 0.967042, |r| = 0.013314  alpha = 1

    iterations: 2, |du| = 0.0134373, |r| = 0.00131565
    Surface recombination current = 0

    contact name:       voltage:            current:
    anode               7.7                -0.0293158
    cathode             0                   0.0293158

  Solve time: 0h 0m 0.06s
  <<<<--------------------------------------------------------------------------
  Ramping to sweep value $Vg = 7.725
  Trying $Vg = 7.725

  >>>>---------------------------- (driftdiffusion) ----------------------------
    it 1, |du| = 0.967042, |r| = 0.013324  alpha = 1

    iterations: 2, |du| = 0.0134314, |r| = 0.00131946
    Surface recombination current = 0

    contact name:       voltage:            current:
    anode               7.725              -0.029816
    cathode             0                   0.029816

  Solve time: 0h 0m 0.06s
  <<<<--------------------------------------------------------------------------
  Ramping to sweep value $Vg = 7.75
  Trying $Vg = 7.75

  >>>>---------------------------- (driftdiffusion) ----------------------------
    it 1, |du| = 0.967042, |r| = 0.0133342  alpha = 1

    iterations: 2, |du| = 0.0134255, |r| = 0.00132327
    Surface recombination current = 0

    contact name:       voltage:            current:
    anode               7.75               -0.0303251
    cathode             0                   0.0303251

  Solve time: 0h 0m 0.06s
  <<<<--------------------------------------------------------------------------
  Ramping to sweep value $Vg = 7.775
  Trying $Vg = 7.775

  >>>>---------------------------- (driftdiffusion) ----------------------------
    it 1, |du| = 0.967042, |r| = 0.0133445  alpha = 1

    iterations: 2, |du| = 0.0134196, |r| = 0.00132707
    Surface recombination current = 0

    contact name:       voltage:            current:
    anode               7.775              -0.0308433
    cathode             0                   0.0308433

  Solve time: 0h 0m 0.06s
  <<<<--------------------------------------------------------------------------
  Ramping to sweep value $Vg = 7.8
  Trying $Vg = 7.8

  >>>>---------------------------- (driftdiffusion) ----------------------------
    it 1, |du| = 0.967042, |r| = 0.0133549  alpha = 1

    iterations: 2, |du| = 0.0134138, |r| = 0.00133087
    Surface recombination current = 0

    contact name:       voltage:            current:
    anode               7.8                -0.0313708
    cathode             0                   0.0313708

  Solve time: 0h 0m 0.06s
  <<<<--------------------------------------------------------------------------
  Ramping to sweep value $Vg = 7.825
  Trying $Vg = 7.825

  >>>>---------------------------- (driftdiffusion) ----------------------------
    it 1, |du| = 0.967042, |r| = 0.0133655  alpha = 1

    iterations: 2, |du| = 0.0134081, |r| = 0.00133467
    Surface recombination current = 0

    contact name:       voltage:            current:
    anode               7.825              -0.0319077
    cathode             0                   0.0319077

  Solve time: 0h 0m 0.06s
  <<<<--------------------------------------------------------------------------
  Ramping to sweep value $Vg = 7.85
  Trying $Vg = 7.85

  >>>>---------------------------- (driftdiffusion) ----------------------------
    it 1, |du| = 0.967042, |r| = 0.0133762  alpha = 1

    iterations: 2, |du| = 0.0134024, |r| = 0.00133845
    Surface recombination current = 0

    contact name:       voltage:            current:
    anode               7.85               -0.0324542
    cathode             0                   0.0324542

  Solve time: 0h 0m 0.06s
  <<<<--------------------------------------------------------------------------
  Ramping to sweep value $Vg = 7.875
  Trying $Vg = 7.875

  >>>>---------------------------- (driftdiffusion) ----------------------------
    it 1, |du| = 0.967042, |r| = 0.013387  alpha = 1

    iterations: 2, |du| = 0.0133967, |r| = 0.00134224
    Surface recombination current = 0

    contact name:       voltage:            current:
    anode               7.875              -0.0330105
    cathode             0                   0.0330105

  Solve time: 0h 0m 0.06s
  <<<<--------------------------------------------------------------------------
  Ramping to sweep value $Vg = 7.9
  Trying $Vg = 7.9

  >>>>---------------------------- (driftdiffusion) ----------------------------
    it 1, |du| = 0.967042, |r| = 0.013398  alpha = 1

    iterations: 2, |du| = 0.0133912, |r| = 0.00134601
    Surface recombination current = 0

    contact name:       voltage:            current:
    anode               7.9                -0.0335767
    cathode             0                   0.0335767

  Solve time: 0h 0m 0.06s
  <<<<--------------------------------------------------------------------------
  Ramping to sweep value $Vg = 7.925
  Trying $Vg = 7.925

  >>>>---------------------------- (driftdiffusion) ----------------------------
    it 1, |du| = 0.967042, |r| = 0.0134091  alpha = 1

    iterations: 2, |du| = 0.0133856, |r| = 0.00134978
    Surface recombination current = 0

    contact name:       voltage:            current:
    anode               7.925              -0.0341531
    cathode             0                   0.0341531

  Solve time: 0h 0m 0.056s
  <<<<--------------------------------------------------------------------------
  Ramping to sweep value $Vg = 7.95
  Trying $Vg = 7.95

  >>>>---------------------------- (driftdiffusion) ----------------------------
    it 1, |du| = 0.967042, |r| = 0.0134203  alpha = 1

    iterations: 2, |du| = 0.0133801, |r| = 0.00135355
    Surface recombination current = 0

    contact name:       voltage:            current:
    anode               7.95               -0.0347398
    cathode             0                   0.0347398

  Solve time: 0h 0m 0.056s
  <<<<--------------------------------------------------------------------------
  Ramping to sweep value $Vg = 7.975
  Trying $Vg = 7.975

  >>>>---------------------------- (driftdiffusion) ----------------------------
    it 1, |du| = 0.967042, |r| = 0.0134317  alpha = 1

    iterations: 2, |du| = 0.0133747, |r| = 0.00135731
    Surface recombination current = 0

    contact name:       voltage:            current:
    anode               7.975              -0.035337
    cathode             0                   0.035337

  Solve time: 0h 0m 0.056s
  <<<<--------------------------------------------------------------------------
  Ramping to sweep value $Vg = 8
  Trying $Vg = 8

  >>>>---------------------------- (driftdiffusion) ----------------------------
    it 1, |du| = 0.967042, |r| = 0.0134431  alpha = 1

    iterations: 2, |du| = 0.0133693, |r| = 0.00136106
    Surface recombination current = 0

    contact name:       voltage:            current:
    anode               8                  -0.0359449
    cathode             0                   0.0359449

  Solve time: 0h 0m 0.057s
  <<<<--------------------------------------------------------------------------

Solve time: 0h 0m 41s
<<<<----------------------------------------------------------------------------

Total solve time: 0h 0m 41s
Simulation finished.

1 warnings during run
0 errors detected


Log end: Mon May  4 16:47:13 2015


