$MeshFormat
4.1 0 8
$EndMeshFormat
$PhysicalNames
7
0 4 "point1"
0 5 "point2"
0 6 "point3"
0 7 "point4"
1 1 "AIR1"
1 2 "Glass"
1 3 "AIR2"
$EndPhysicalNames
$Entities
4 3 0 0
1 0 0 0 1 4 
2 5 0 0 1 5 
3 5005 0 0 1 6 
4 5010 0 0 1 7 
1 0 0 0 5 0 0 1 1 2 1 -2 
2 5 0 0 5005 0 0 1 2 2 2 -3 
3 5005 0 0 5010 0 0 1 3 2 3 -4 
$EndEntities
$Nodes
7 5011 1 5011
0 1 0 1
1
0 0 0
0 2 0 1
2
5 0 0
0 3 0 1
3
5005 0 0
0 4 0 1
4
5010 0 0
1 1 0 4
5
6
7
8
0.9999999999984134 0 0
1.999999999995513 0 0
2.999999999996966 0 0
3.999999999998489 0 0
1 2 0 4999
9
10
11
12
13
14
15
16
17
18
19
20
21
22
23
24
25
26
27
28
29
30
31
32
33
34
35
36
37
38
39
40
41
42
43
44
45
46
47
48
49
50
51
52
53
54
55
56
57
58
59
60
61
62
63
64
65
66
67
68
69
70
71
72
73
74
75
76
77
78
79
80
81
82
83
84
85
86
87
88
89
90
91
92
93
94
95
96
97
98
99
100
101
102
103
104
105
106
107
108
109
110
111
112
113
114
115
116
117
118
119
120
121
122
123
124
125
126
127
128
129
130
131
132
133
134
135
136
137
138
139
140
141
142
143
144
145
146
147
148
149
150
151
152
153
154
155
156
157
158
159
160
161
162
163
164
165
166
167
168
169
170
171
172
173
174
175
176
177
178
179
180
181
182
183
184
185
186
187
188
189
190
191
192
193
194
195
196
197
198
199
200
201
202
203
204
205
206
207
208
209
210
211
212
213
214
215
216
217
218
219
220
221
222
223
224
225
226
227
228
229
230
231
232
233
234
235
236
237
238
239
240
241
242
243
244
245
246
247
248
249
250
251
252
253
254
255
256
257
258
259
260
261
262
263
264
265
266
267
268
269
270
271
272
273
274
275
276
277
278
279
280
281
282
283
284
285
286
287
288
289
290
291
292
293
294
295
296
297
298
299
300
301
302
303
304
305
306
307
308
309
310
311
312
313
314
315
316
317
318
319
320
321
322
323
324
325
326
327
328
329
330
331
332
333
334
335
336
337
338
339
340
341
342
343
344
345
346
347
348
349
350
351
352
353
354
355
356
357
358
359
360
361
362
363
364
365
366
367
368
369
370
371
372
373
374
375
376
377
378
379
380
381
382
383
384
385
386
387
388
389
390
391
392
393
394
395
396
397
398
399
400
401
402
403
404
405
406
407
408
409
410
411
412
413
414
415
416
417
418
419
420
421
422
423
424
425
426
427
428
429
430
431
432
433
434
435
436
437
438
439
440
441
442
443
444
445
446
447
448
449
450
451
452
453
454
455
456
457
458
459
460
461
462
463
464
465
466
467
468
469
470
471
472
473
474
475
476
477
478
479
480
481
482
483
484
485
486
487
488
489
490
491
492
493
494
495
496
497
498
499
500
501
502
503
504
505
506
507
508
509
510
511
512
513
514
515
516
517
518
519
520
521
522
523
524
525
526
527
528
529
530
531
532
533
534
535
536
537
538
539
540
541
542
543
544
545
546
547
548
549
550
551
552
553
554
555
556
557
558
559
560
561
562
563
564
565
566
567
568
569
570
571
572
573
574
575
576
577
578
579
580
581
582
583
584
585
586
587
588
589
590
591
592
593
594
595
596
597
598
599
600
601
602
603
604
605
606
607
608
609
610
611
612
613
614
615
616
617
618
619
620
621
622
623
624
625
626
627
628
629
630
631
632
633
634
635
636
637
638
639
640
641
642
643
644
645
646
647
648
649
650
651
652
653
654
655
656
657
658
659
660
661
662
663
664
665
666
667
668
669
670
671
672
673
674
675
676
677
678
679
680
681
682
683
684
685
686
687
688
689
690
691
692
693
694
695
696
697
698
699
700
701
702
703
704
705
706
707
708
709
710
711
712
713
714
715
716
717
718
719
720
721
722
723
724
725
726
727
728
729
730
731
732
733
734
735
736
737
738
739
740
741
742
743
744
745
746
747
748
749
750
751
752
753
754
755
756
757
758
759
760
761
762
763
764
765
766
767
768
769
770
771
772
773
774
775
776
777
778
779
780
781
782
783
784
785
786
787
788
789
790
791
792
793
794
795
796
797
798
799
800
801
802
803
804
805
806
807
808
809
810
811
812
813
814
815
816
817
818
819
820
821
822
823
824
825
826
827
828
829
830
831
832
833
834
835
836
837
838
839
840
841
842
843
844
845
846
847
848
849
850
851
852
853
854
855
856
857
858
859
860
861
862
863
864
865
866
867
868
869
870
871
872
873
874
875
876
877
878
879
880
881
882
883
884
885
886
887
888
889
890
891
892
893
894
895
896
897
898
899
900
901
902
903
904
905
906
907
908
909
910
911
912
913
914
915
916
917
918
919
920
921
922
923
924
925
926
927
928
929
930
931
932
933
934
935
936
937
938
939
940
941
942
943
944
945
946
947
948
949
950
951
952
953
954
955
956
957
958
959
960
961
962
963
964
965
966
967
968
969
970
971
972
973
974
975
976
977
978
979
980
981
982
983
984
985
986
987
988
989
990
991
992
993
994
995
996
997
998
999
1000
1001
1002
1003
1004
1005
1006
1007
1008
1009
1010
1011
1012
1013
1014
1015
1016
1017
1018
1019
1020
1021
1022
1023
1024
1025
1026
1027
1028
1029
1030
1031
1032
1033
1034
1035
1036
1037
1038
1039
1040
1041
1042
1043
1044
1045
1046
1047
1048
1049
1050
1051
1052
1053
1054
1055
1056
1057
1058
1059
1060
1061
1062
1063
1064
1065
1066
1067
1068
1069
1070
1071
1072
1073
1074
1075
1076
1077
1078
1079
1080
1081
1082
1083
1084
1085
1086
1087
1088
1089
1090
1091
1092
1093
1094
1095
1096
1097
1098
1099
1100
1101
1102
1103
1104
1105
1106
1107
1108
1109
1110
1111
1112
1113
1114
1115
1116
1117
1118
1119
1120
1121
1122
1123
1124
1125
1126
1127
1128
1129
1130
1131
1132
1133
1134
1135
1136
1137
1138
1139
1140
1141
1142
1143
1144
1145
1146
1147
1148
1149
1150
1151
1152
1153
1154
1155
1156
1157
1158
1159
1160
1161
1162
1163
1164
1165
1166
1167
1168
1169
1170
1171
1172
1173
1174
1175
1176
1177
1178
1179
1180
1181
1182
1183
1184
1185
1186
1187
1188
1189
1190
1191
1192
1193
1194
1195
1196
1197
1198
1199
1200
1201
1202
1203
1204
1205
1206
1207
1208
1209
1210
1211
1212
1213
1214
1215
1216
1217
1218
1219
1220
1221
1222
1223
1224
1225
1226
1227
1228
1229
1230
1231
1232
1233
1234
1235
1236
1237
1238
1239
1240
1241
1242
1243
1244
1245
1246
1247
1248
1249
1250
1251
1252
1253
1254
1255
1256
1257
1258
1259
1260
1261
1262
1263
1264
1265
1266
1267
1268
1269
1270
1271
1272
1273
1274
1275
1276
1277
1278
1279
1280
1281
1282
1283
1284
1285
1286
1287
1288
1289
1290
1291
1292
1293
1294
1295
1296
1297
1298
1299
1300
1301
1302
1303
1304
1305
1306
1307
1308
1309
1310
1311
1312
1313
1314
1315
1316
1317
1318
1319
1320
1321
1322
1323
1324
1325
1326
1327
1328
1329
1330
1331
1332
1333
1334
1335
1336
1337
1338
1339
1340
1341
1342
1343
1344
1345
1346
1347
1348
1349
1350
1351
1352
1353
1354
1355
1356
1357
1358
1359
1360
1361
1362
1363
1364
1365
1366
1367
1368
1369
1370
1371
1372
1373
1374
1375
1376
1377
1378
1379
1380
1381
1382
1383
1384
1385
1386
1387
1388
1389
1390
1391
1392
1393
1394
1395
1396
1397
1398
1399
1400
1401
1402
1403
1404
1405
1406
1407
1408
1409
1410
1411
1412
1413
1414
1415
1416
1417
1418
1419
1420
1421
1422
1423
1424
1425
1426
1427
1428
1429
1430
1431
1432
1433
1434
1435
1436
1437
1438
1439
1440
1441
1442
1443
1444
1445
1446
1447
1448
1449
1450
1451
1452
1453
1454
1455
1456
1457
1458
1459
1460
1461
1462
1463
1464
1465
1466
1467
1468
1469
1470
1471
1472
1473
1474
1475
1476
1477
1478
1479
1480
1481
1482
1483
1484
1485
1486
1487
1488
1489
1490
1491
1492
1493
1494
1495
1496
1497
1498
1499
1500
1501
1502
1503
1504
1505
1506
1507
1508
1509
1510
1511
1512
1513
1514
1515
1516
1517
1518
1519
1520
1521
1522
1523
1524
1525
1526
1527
1528
1529
1530
1531
1532
1533
1534
1535
1536
1537
1538
1539
1540
1541
1542
1543
1544
1545
1546
1547
1548
1549
1550
1551
1552
1553
1554
1555
1556
1557
1558
1559
1560
1561
1562
1563
1564
1565
1566
1567
1568
1569
1570
1571
1572
1573
1574
1575
1576
1577
1578
1579
1580
1581
1582
1583
1584
1585
1586
1587
1588
1589
1590
1591
1592
1593
1594
1595
1596
1597
1598
1599
1600
1601
1602
1603
1604
1605
1606
1607
1608
1609
1610
1611
1612
1613
1614
1615
1616
1617
1618
1619
1620
1621
1622
1623
1624
1625
1626
1627
1628
1629
1630
1631
1632
1633
1634
1635
1636
1637
1638
1639
1640
1641
1642
1643
1644
1645
1646
1647
1648
1649
1650
1651
1652
1653
1654
1655
1656
1657
1658
1659
1660
1661
1662
1663
1664
1665
1666
1667
1668
1669
1670
1671
1672
1673
1674
1675
1676
1677
1678
1679
1680
1681
1682
1683
1684
1685
1686
1687
1688
1689
1690
1691
1692
1693
1694
1695
1696
1697
1698
1699
1700
1701
1702
1703
1704
1705
1706
1707
1708
1709
1710
1711
1712
1713
1714
1715
1716
1717
1718
1719
1720
1721
1722
1723
1724
1725
1726
1727
1728
1729
1730
1731
1732
1733
1734
1735
1736
1737
1738
1739
1740
1741
1742
1743
1744
1745
1746
1747
1748
1749
1750
1751
1752
1753
1754
1755
1756
1757
1758
1759
1760
1761
1762
1763
1764
1765
1766
1767
1768
1769
1770
1771
1772
1773
1774
1775
1776
1777
1778
1779
1780
1781
1782
1783
1784
1785
1786
1787
1788
1789
1790
1791
1792
1793
1794
1795
1796
1797
1798
1799
1800
1801
1802
1803
1804
1805
1806
1807
1808
1809
1810
1811
1812
1813
1814
1815
1816
1817
1818
1819
1820
1821
1822
1823
1824
1825
1826
1827
1828
1829
1830
1831
1832
1833
1834
1835
1836
1837
1838
1839
1840
1841
1842
1843
1844
1845
1846
1847
1848
1849
1850
1851
1852
1853
1854
1855
1856
1857
1858
1859
1860
1861
1862
1863
1864
1865
1866
1867
1868
1869
1870
1871
1872
1873
1874
1875
1876
1877
1878
1879
1880
1881
1882
1883
1884
1885
1886
1887
1888
1889
1890
1891
1892
1893
1894
1895
1896
1897
1898
1899
1900
1901
1902
1903
1904
1905
1906
1907
1908
1909
1910
1911
1912
1913
1914
1915
1916
1917
1918
1919
1920
1921
1922
1923
1924
1925
1926
1927
1928
1929
1930
1931
1932
1933
1934
1935
1936
1937
1938
1939
1940
1941
1942
1943
1944
1945
1946
1947
1948
1949
1950
1951
1952
1953
1954
1955
1956
1957
1958
1959
1960
1961
1962
1963
1964
1965
1966
1967
1968
1969
1970
1971
1972
1973
1974
1975
1976
1977
1978
1979
1980
1981
1982
1983
1984
1985
1986
1987
1988
1989
1990
1991
1992
1993
1994
1995
1996
1997
1998
1999
2000
2001
2002
2003
2004
2005
2006
2007
2008
2009
2010
2011
2012
2013
2014
2015
2016
2017
2018
2019
2020
2021
2022
2023
2024
2025
2026
2027
2028
2029
2030
2031
2032
2033
2034
2035
2036
2037
2038
2039
2040
2041
2042
2043
2044
2045
2046
2047
2048
2049
2050
2051
2052
2053
2054
2055
2056
2057
2058
2059
2060
2061
2062
2063
2064
2065
2066
2067
2068
2069
2070
2071
2072
2073
2074
2075
2076
2077
2078
2079
2080
2081
2082
2083
2084
2085
2086
2087
2088
2089
2090
2091
2092
2093
2094
2095
2096
2097
2098
2099
2100
2101
2102
2103
2104
2105
2106
2107
2108
2109
2110
2111
2112
2113
2114
2115
2116
2117
2118
2119
2120
2121
2122
2123
2124
2125
2126
2127
2128
2129
2130
2131
2132
2133
2134
2135
2136
2137
2138
2139
2140
2141
2142
2143
2144
2145
2146
2147
2148
2149
2150
2151
2152
2153
2154
2155
2156
2157
2158
2159
2160
2161
2162
2163
2164
2165
2166
2167
2168
2169
2170
2171
2172
2173
2174
2175
2176
2177
2178
2179
2180
2181
2182
2183
2184
2185
2186
2187
2188
2189
2190
2191
2192
2193
2194
2195
2196
2197
2198
2199
2200
2201
2202
2203
2204
2205
2206
2207
2208
2209
2210
2211
2212
2213
2214
2215
2216
2217
2218
2219
2220
2221
2222
2223
2224
2225
2226
2227
2228
2229
2230
2231
2232
2233
2234
2235
2236
2237
2238
2239
2240
2241
2242
2243
2244
2245
2246
2247
2248
2249
2250
2251
2252
2253
2254
2255
2256
2257
2258
2259
2260
2261
2262
2263
2264
2265
2266
2267
2268
2269
2270
2271
2272
2273
2274
2275
2276
2277
2278
2279
2280
2281
2282
2283
2284
2285
2286
2287
2288
2289
2290
2291
2292
2293
2294
2295
2296
2297
2298
2299
2300
2301
2302
2303
2304
2305
2306
2307
2308
2309
2310
2311
2312
2313
2314
2315
2316
2317
2318
2319
2320
2321
2322
2323
2324
2325
2326
2327
2328
2329
2330
2331
2332
2333
2334
2335
2336
2337
2338
2339
2340
2341
2342
2343
2344
2345
2346
2347
2348
2349
2350
2351
2352
2353
2354
2355
2356
2357
2358
2359
2360
2361
2362
2363
2364
2365
2366
2367
2368
2369
2370
2371
2372
2373
2374
2375
2376
2377
2378
2379
2380
2381
2382
2383
2384
2385
2386
2387
2388
2389
2390
2391
2392
2393
2394
2395
2396
2397
2398
2399
2400
2401
2402
2403
2404
2405
2406
2407
2408
2409
2410
2411
2412
2413
2414
2415
2416
2417
2418
2419
2420
2421
2422
2423
2424
2425
2426
2427
2428
2429
2430
2431
2432
2433
2434
2435
2436
2437
2438
2439
2440
2441
2442
2443
2444
2445
2446
2447
2448
2449
2450
2451
2452
2453
2454
2455
2456
2457
2458
2459
2460
2461
2462
2463
2464
2465
2466
2467
2468
2469
2470
2471
2472
2473
2474
2475
2476
2477
2478
2479
2480
2481
2482
2483
2484
2485
2486
2487
2488
2489
2490
2491
2492
2493
2494
2495
2496
2497
2498
2499
2500
2501
2502
2503
2504
2505
2506
2507
2508
2509
2510
2511
2512
2513
2514
2515
2516
2517
2518
2519
2520
2521
2522
2523
2524
2525
2526
2527
2528
2529
2530
2531
2532
2533
2534
2535
2536
2537
2538
2539
2540
2541
2542
2543
2544
2545
2546
2547
2548
2549
2550
2551
2552
2553
2554
2555
2556
2557
2558
2559
2560
2561
2562
2563
2564
2565
2566
2567
2568
2569
2570
2571
2572
2573
2574
2575
2576
2577
2578
2579
2580
2581
2582
2583
2584
2585
2586
2587
2588
2589
2590
2591
2592
2593
2594
2595
2596
2597
2598
2599
2600
2601
2602
2603
2604
2605
2606
2607
2608
2609
2610
2611
2612
2613
2614
2615
2616
2617
2618
2619
2620
2621
2622
2623
2624
2625
2626
2627
2628
2629
2630
2631
2632
2633
2634
2635
2636
2637
2638
2639
2640
2641
2642
2643
2644
2645
2646
2647
2648
2649
2650
2651
2652
2653
2654
2655
2656
2657
2658
2659
2660
2661
2662
2663
2664
2665
2666
2667
2668
2669
2670
2671
2672
2673
2674
2675
2676
2677
2678
2679
2680
2681
2682
2683
2684
2685
2686
2687
2688
2689
2690
2691
2692
2693
2694
2695
2696
2697
2698
2699
2700
2701
2702
2703
2704
2705
2706
2707
2708
2709
2710
2711
2712
2713
2714
2715
2716
2717
2718
2719
2720
2721
2722
2723
2724
2725
2726
2727
2728
2729
2730
2731
2732
2733
2734
2735
2736
2737
2738
2739
2740
2741
2742
2743
2744
2745
2746
2747
2748
2749
2750
2751
2752
2753
2754
2755
2756
2757
2758
2759
2760
2761
2762
2763
2764
2765
2766
2767
2768
2769
2770
2771
2772
2773
2774
2775
2776
2777
2778
2779
2780
2781
2782
2783
2784
2785
2786
2787
2788
2789
2790
2791
2792
2793
2794
2795
2796
2797
2798
2799
2800
2801
2802
2803
2804
2805
2806
2807
2808
2809
2810
2811
2812
2813
2814
2815
2816
2817
2818
2819
2820
2821
2822
2823
2824
2825
2826
2827
2828
2829
2830
2831
2832
2833
2834
2835
2836
2837
2838
2839
2840
2841
2842
2843
2844
2845
2846
2847
2848
2849
2850
2851
2852
2853
2854
2855
2856
2857
2858
2859
2860
2861
2862
2863
2864
2865
2866
2867
2868
2869
2870
2871
2872
2873
2874
2875
2876
2877
2878
2879
2880
2881
2882
2883
2884
2885
2886
2887
2888
2889
2890
2891
2892
2893
2894
2895
2896
2897
2898
2899
2900
2901
2902
2903
2904
2905
2906
2907
2908
2909
2910
2911
2912
2913
2914
2915
2916
2917
2918
2919
2920
2921
2922
2923
2924
2925
2926
2927
2928
2929
2930
2931
2932
2933
2934
2935
2936
2937
2938
2939
2940
2941
2942
2943
2944
2945
2946
2947
2948
2949
2950
2951
2952
2953
2954
2955
2956
2957
2958
2959
2960
2961
2962
2963
2964
2965
2966
2967
2968
2969
2970
2971
2972
2973
2974
2975
2976
2977
2978
2979
2980
2981
2982
2983
2984
2985
2986
2987
2988
2989
2990
2991
2992
2993
2994
2995
2996
2997
2998
2999
3000
3001
3002
3003
3004
3005
3006
3007
3008
3009
3010
3011
3012
3013
3014
3015
3016
3017
3018
3019
3020
3021
3022
3023
3024
3025
3026
3027
3028
3029
3030
3031
3032
3033
3034
3035
3036
3037
3038
3039
3040
3041
3042
3043
3044
3045
3046
3047
3048
3049
3050
3051
3052
3053
3054
3055
3056
3057
3058
3059
3060
3061
3062
3063
3064
3065
3066
3067
3068
3069
3070
3071
3072
3073
3074
3075
3076
3077
3078
3079
3080
3081
3082
3083
3084
3085
3086
3087
3088
3089
3090
3091
3092
3093
3094
3095
3096
3097
3098
3099
3100
3101
3102
3103
3104
3105
3106
3107
3108
3109
3110
3111
3112
3113
3114
3115
3116
3117
3118
3119
3120
3121
3122
3123
3124
3125
3126
3127
3128
3129
3130
3131
3132
3133
3134
3135
3136
3137
3138
3139
3140
3141
3142
3143
3144
3145
3146
3147
3148
3149
3150
3151
3152
3153
3154
3155
3156
3157
3158
3159
3160
3161
3162
3163
3164
3165
3166
3167
3168
3169
3170
3171
3172
3173
3174
3175
3176
3177
3178
3179
3180
3181
3182
3183
3184
3185
3186
3187
3188
3189
3190
3191
3192
3193
3194
3195
3196
3197
3198
3199
3200
3201
3202
3203
3204
3205
3206
3207
3208
3209
3210
3211
3212
3213
3214
3215
3216
3217
3218
3219
3220
3221
3222
3223
3224
3225
3226
3227
3228
3229
3230
3231
3232
3233
3234
3235
3236
3237
3238
3239
3240
3241
3242
3243
3244
3245
3246
3247
3248
3249
3250
3251
3252
3253
3254
3255
3256
3257
3258
3259
3260
3261
3262
3263
3264
3265
3266
3267
3268
3269
3270
3271
3272
3273
3274
3275
3276
3277
3278
3279
3280
3281
3282
3283
3284
3285
3286
3287
3288
3289
3290
3291
3292
3293
3294
3295
3296
3297
3298
3299
3300
3301
3302
3303
3304
3305
3306
3307
3308
3309
3310
3311
3312
3313
3314
3315
3316
3317
3318
3319
3320
3321
3322
3323
3324
3325
3326
3327
3328
3329
3330
3331
3332
3333
3334
3335
3336
3337
3338
3339
3340
3341
3342
3343
3344
3345
3346
3347
3348
3349
3350
3351
3352
3353
3354
3355
3356
3357
3358
3359
3360
3361
3362
3363
3364
3365
3366
3367
3368
3369
3370
3371
3372
3373
3374
3375
3376
3377
3378
3379
3380
3381
3382
3383
3384
3385
3386
3387
3388
3389
3390
3391
3392
3393
3394
3395
3396
3397
3398
3399
3400
3401
3402
3403
3404
3405
3406
3407
3408
3409
3410
3411
3412
3413
3414
3415
3416
3417
3418
3419
3420
3421
3422
3423
3424
3425
3426
3427
3428
3429
3430
3431
3432
3433
3434
3435
3436
3437
3438
3439
3440
3441
3442
3443
3444
3445
3446
3447
3448
3449
3450
3451
3452
3453
3454
3455
3456
3457
3458
3459
3460
3461
3462
3463
3464
3465
3466
3467
3468
3469
3470
3471
3472
3473
3474
3475
3476
3477
3478
3479
3480
3481
3482
3483
3484
3485
3486
3487
3488
3489
3490
3491
3492
3493
3494
3495
3496
3497
3498
3499
3500
3501
3502
3503
3504
3505
3506
3507
3508
3509
3510
3511
3512
3513
3514
3515
3516
3517
3518
3519
3520
3521
3522
3523
3524
3525
3526
3527
3528
3529
3530
3531
3532
3533
3534
3535
3536
3537
3538
3539
3540
3541
3542
3543
3544
3545
3546
3547
3548
3549
3550
3551
3552
3553
3554
3555
3556
3557
3558
3559
3560
3561
3562
3563
3564
3565
3566
3567
3568
3569
3570
3571
3572
3573
3574
3575
3576
3577
3578
3579
3580
3581
3582
3583
3584
3585
3586
3587
3588
3589
3590
3591
3592
3593
3594
3595
3596
3597
3598
3599
3600
3601
3602
3603
3604
3605
3606
3607
3608
3609
3610
3611
3612
3613
3614
3615
3616
3617
3618
3619
3620
3621
3622
3623
3624
3625
3626
3627
3628
3629
3630
3631
3632
3633
3634
3635
3636
3637
3638
3639
3640
3641
3642
3643
3644
3645
3646
3647
3648
3649
3650
3651
3652
3653
3654
3655
3656
3657
3658
3659
3660
3661
3662
3663
3664
3665
3666
3667
3668
3669
3670
3671
3672
3673
3674
3675
3676
3677
3678
3679
3680
3681
3682
3683
3684
3685
3686
3687
3688
3689
3690
3691
3692
3693
3694
3695
3696
3697
3698
3699
3700
3701
3702
3703
3704
3705
3706
3707
3708
3709
3710
3711
3712
3713
3714
3715
3716
3717
3718
3719
3720
3721
3722
3723
3724
3725
3726
3727
3728
3729
3730
3731
3732
3733
3734
3735
3736
3737
3738
3739
3740
3741
3742
3743
3744
3745
3746
3747
3748
3749
3750
3751
3752
3753
3754
3755
3756
3757
3758
3759
3760
3761
3762
3763
3764
3765
3766
3767
3768
3769
3770
3771
3772
3773
3774
3775
3776
3777
3778
3779
3780
3781
3782
3783
3784
3785
3786
3787
3788
3789
3790
3791
3792
3793
3794
3795
3796
3797
3798
3799
3800
3801
3802
3803
3804
3805
3806
3807
3808
3809
3810
3811
3812
3813
3814
3815
3816
3817
3818
3819
3820
3821
3822
3823
3824
3825
3826
3827
3828
3829
3830
3831
3832
3833
3834
3835
3836
3837
3838
3839
3840
3841
3842
3843
3844
3845
3846
3847
3848
3849
3850
3851
3852
3853
3854
3855
3856
3857
3858
3859
3860
3861
3862
3863
3864
3865
3866
3867
3868
3869
3870
3871
3872
3873
3874
3875
3876
3877
3878
3879
3880
3881
3882
3883
3884
3885
3886
3887
3888
3889
3890
3891
3892
3893
3894
3895
3896
3897
3898
3899
3900
3901
3902
3903
3904
3905
3906
3907
3908
3909
3910
3911
3912
3913
3914
3915
3916
3917
3918
3919
3920
3921
3922
3923
3924
3925
3926
3927
3928
3929
3930
3931
3932
3933
3934
3935
3936
3937
3938
3939
3940
3941
3942
3943
3944
3945
3946
3947
3948
3949
3950
3951
3952
3953
3954
3955
3956
3957
3958
3959
3960
3961
3962
3963
3964
3965
3966
3967
3968
3969
3970
3971
3972
3973
3974
3975
3976
3977
3978
3979
3980
3981
3982
3983
3984
3985
3986
3987
3988
3989
3990
3991
3992
3993
3994
3995
3996
3997
3998
3999
4000
4001
4002
4003
4004
4005
4006
4007
4008
4009
4010
4011
4012
4013
4014
4015
4016
4017
4018
4019
4020
4021
4022
4023
4024
4025
4026
4027
4028
4029
4030
4031
4032
4033
4034
4035
4036
4037
4038
4039
4040
4041
4042
4043
4044
4045
4046
4047
4048
4049
4050
4051
4052
4053
4054
4055
4056
4057
4058
4059
4060
4061
4062
4063
4064
4065
4066
4067
4068
4069
4070
4071
4072
4073
4074
4075
4076
4077
4078
4079
4080
4081
4082
4083
4084
4085
4086
4087
4088
4089
4090
4091
4092
4093
4094
4095
4096
4097
4098
4099
4100
4101
4102
4103
4104
4105
4106
4107
4108
4109
4110
4111
4112
4113
4114
4115
4116
4117
4118
4119
4120
4121
4122
4123
4124
4125
4126
4127
4128
4129
4130
4131
4132
4133
4134
4135
4136
4137
4138
4139
4140
4141
4142
4143
4144
4145
4146
4147
4148
4149
4150
4151
4152
4153
4154
4155
4156
4157
4158
4159
4160
4161
4162
4163
4164
4165
4166
4167
4168
4169
4170
4171
4172
4173
4174
4175
4176
4177
4178
4179
4180
4181
4182
4183
4184
4185
4186
4187
4188
4189
4190
4191
4192
4193
4194
4195
4196
4197
4198
4199
4200
4201
4202
4203
4204
4205
4206
4207
4208
4209
4210
4211
4212
4213
4214
4215
4216
4217
4218
4219
4220
4221
4222
4223
4224
4225
4226
4227
4228
4229
4230
4231
4232
4233
4234
4235
4236
4237
4238
4239
4240
4241
4242
4243
4244
4245
4246
4247
4248
4249
4250
4251
4252
4253
4254
4255
4256
4257
4258
4259
4260
4261
4262
4263
4264
4265
4266
4267
4268
4269
4270
4271
4272
4273
4274
4275
4276
4277
4278
4279
4280
4281
4282
4283
4284
4285
4286
4287
4288
4289
4290
4291
4292
4293
4294
4295
4296
4297
4298
4299
4300
4301
4302
4303
4304
4305
4306
4307
4308
4309
4310
4311
4312
4313
4314
4315
4316
4317
4318
4319
4320
4321
4322
4323
4324
4325
4326
4327
4328
4329
4330
4331
4332
4333
4334
4335
4336
4337
4338
4339
4340
4341
4342
4343
4344
4345
4346
4347
4348
4349
4350
4351
4352
4353
4354
4355
4356
4357
4358
4359
4360
4361
4362
4363
4364
4365
4366
4367
4368
4369
4370
4371
4372
4373
4374
4375
4376
4377
4378
4379
4380
4381
4382
4383
4384
4385
4386
4387
4388
4389
4390
4391
4392
4393
4394
4395
4396
4397
4398
4399
4400
4401
4402
4403
4404
4405
4406
4407
4408
4409
4410
4411
4412
4413
4414
4415
4416
4417
4418
4419
4420
4421
4422
4423
4424
4425
4426
4427
4428
4429
4430
4431
4432
4433
4434
4435
4436
4437
4438
4439
4440
4441
4442
4443
4444
4445
4446
4447
4448
4449
4450
4451
4452
4453
4454
4455
4456
4457
4458
4459
4460
4461
4462
4463
4464
4465
4466
4467
4468
4469
4470
4471
4472
4473
4474
4475
4476
4477
4478
4479
4480
4481
4482
4483
4484
4485
4486
4487
4488
4489
4490
4491
4492
4493
4494
4495
4496
4497
4498
4499
4500
4501
4502
4503
4504
4505
4506
4507
4508
4509
4510
4511
4512
4513
4514
4515
4516
4517
4518
4519
4520
4521
4522
4523
4524
4525
4526
4527
4528
4529
4530
4531
4532
4533
4534
4535
4536
4537
4538
4539
4540
4541
4542
4543
4544
4545
4546
4547
4548
4549
4550
4551
4552
4553
4554
4555
4556
4557
4558
4559
4560
4561
4562
4563
4564
4565
4566
4567
4568
4569
4570
4571
4572
4573
4574
4575
4576
4577
4578
4579
4580
4581
4582
4583
4584
4585
4586
4587
4588
4589
4590
4591
4592
4593
4594
4595
4596
4597
4598
4599
4600
4601
4602
4603
4604
4605
4606
4607
4608
4609
4610
4611
4612
4613
4614
4615
4616
4617
4618
4619
4620
4621
4622
4623
4624
4625
4626
4627
4628
4629
4630
4631
4632
4633
4634
4635
4636
4637
4638
4639
4640
4641
4642
4643
4644
4645
4646
4647
4648
4649
4650
4651
4652
4653
4654
4655
4656
4657
4658
4659
4660
4661
4662
4663
4664
4665
4666
4667
4668
4669
4670
4671
4672
4673
4674
4675
4676
4677
4678
4679
4680
4681
4682
4683
4684
4685
4686
4687
4688
4689
4690
4691
4692
4693
4694
4695
4696
4697
4698
4699
4700
4701
4702
4703
4704
4705
4706
4707
4708
4709
4710
4711
4712
4713
4714
4715
4716
4717
4718
4719
4720
4721
4722
4723
4724
4725
4726
4727
4728
4729
4730
4731
4732
4733
4734
4735
4736
4737
4738
4739
4740
4741
4742
4743
4744
4745
4746
4747
4748
4749
4750
4751
4752
4753
4754
4755
4756
4757
4758
4759
4760
4761
4762
4763
4764
4765
4766
4767
4768
4769
4770
4771
4772
4773
4774
4775
4776
4777
4778
4779
4780
4781
4782
4783
4784
4785
4786
4787
4788
4789
4790
4791
4792
4793
4794
4795
4796
4797
4798
4799
4800
4801
4802
4803
4804
4805
4806
4807
4808
4809
4810
4811
4812
4813
4814
4815
4816
4817
4818
4819
4820
4821
4822
4823
4824
4825
4826
4827
4828
4829
4830
4831
4832
4833
4834
4835
4836
4837
4838
4839
4840
4841
4842
4843
4844
4845
4846
4847
4848
4849
4850
4851
4852
4853
4854
4855
4856
4857
4858
4859
4860
4861
4862
4863
4864
4865
4866
4867
4868
4869
4870
4871
4872
4873
4874
4875
4876
4877
4878
4879
4880
4881
4882
4883
4884
4885
4886
4887
4888
4889
4890
4891
4892
4893
4894
4895
4896
4897
4898
4899
4900
4901
4902
4903
4904
4905
4906
4907
4908
4909
4910
4911
4912
4913
4914
4915
4916
4917
4918
4919
4920
4921
4922
4923
4924
4925
4926
4927
4928
4929
4930
4931
4932
4933
4934
4935
4936
4937
4938
4939
4940
4941
4942
4943
4944
4945
4946
4947
4948
4949
4950
4951
4952
4953
4954
4955
4956
4957
4958
4959
4960
4961
4962
4963
4964
4965
4966
4967
4968
4969
4970
4971
4972
4973
4974
4975
4976
4977
4978
4979
4980
4981
4982
4983
4984
4985
4986
4987
4988
4989
4990
4991
4992
4993
4994
4995
4996
4997
4998
4999
5000
5001
5002
5003
5004
5005
5006
5007
5.999999999999173 0 0
6.999999999998346 0 0
7.99999999999752 0 0
8.999999999996692 0 0
9.999999999995866 0 0
10.99999999999504 0 0
11.99999999999421 0 0
12.99999999999338 0 0
13.99999999999256 0 0
14.99999999999173 0 0
15.99999999999091 0 0
16.99999999999008 0 0
17.99999999998925 0 0
18.99999999998843 0 0
19.9999999999876 0 0
20.99999999998677 0 0
21.99999999998594 0 0
22.99999999998511 0 0
23.99999999998429 0 0
24.99999999998347 0 0
25.99999999998263 0 0
26.99999999998181 0 0
27.99999999998098 0 0
28.99999999998016 0 0
29.99999999997933 0 0
30.9999999999785 0 0
31.99999999997767 0 0
32.99999999997685 0 0
33.99999999997603 0 0
34.99999999997519 0 0
35.99999999997436 0 0
36.99999999997354 0 0
37.99999999997272 0 0
38.99999999997188 0 0
39.99999999997106 0 0
40.99999999997023 0 0
41.9999999999694 0 0
42.99999999996858 0 0
43.99999999996775 0 0
44.99999999996695 0 0
45.99999999996615 0 0
46.99999999996535 0 0
47.99999999996456 0 0
48.99999999996376 0 0
49.99999999996296 0 0
50.99999999996216 0 0
51.99999999996135 0 0
52.99999999996056 0 0
53.99999999995975 0 0
54.99999999995896 0 0
55.99999999995816 0 0
56.99999999995736 0 0
57.99999999995656 0 0
58.99999999995575 0 0
59.99999999995495 0 0
60.99999999995416 0 0
61.99999999995335 0 0
62.99999999995256 0 0
63.99999999995175 0 0
64.99999999995094 0 0
65.99999999995015 0 0
66.99999999994935 0 0
67.99999999994856 0 0
68.99999999994776 0 0
69.99999999994695 0 0
70.99999999994616 0 0
71.99999999994537 0 0
72.99999999994455 0 0
73.99999999994375 0 0
74.99999999994296 0 0
75.99999999994215 0 0
76.99999999994135 0 0
77.99999999994056 0 0
78.99999999993976 0 0
79.99999999993895 0 0
80.99999999993817 0 0
81.99999999993736 0 0
82.99999999993656 0 0
83.99999999993575 0 0
84.99999999993497 0 0
85.99999999993415 0 0
86.99999999993337 0 0
87.99999999993256 0 0
88.99999999993175 0 0
89.99999999993096 0 0
90.99999999993015 0 0
91.99999999992936 0 0
92.99999999992855 0 0
93.99999999992775 0 0
94.99999999992696 0 0
95.99999999992616 0 0
96.99999999992535 0 0
97.99999999992457 0 0
98.99999999992374 0 0
99.99999999992296 0 0
100.9999999999222 0 0
101.9999999999214 0 0
102.9999999999205 0 0
103.9999999999198 0 0
104.999999999919 0 0
105.9999999999181 0 0
106.9999999999173 0 0
107.9999999999166 0 0
108.9999999999158 0 0
109.9999999999149 0 0
110.9999999999142 0 0
111.9999999999133 0 0
112.9999999999125 0 0
113.9999999999118 0 0
114.9999999999109 0 0
115.9999999999101 0 0
116.9999999999094 0 0
117.9999999999086 0 0
118.9999999999078 0 0
119.9999999999069 0 0
120.9999999999061 0 0
121.9999999999053 0 0
122.9999999999044 0 0
123.9999999999035 0 0
124.9999999999025 0 0
125.9999999999016 0 0
126.9999999999007 0 0
127.9999999998997 0 0
128.9999999998988 0 0
129.9999999998979 0 0
130.9999999998969 0 0
131.9999999998959 0 0
132.999999999895 0 0
133.9999999998941 0 0
134.9999999998931 0 0
135.9999999998922 0 0
136.9999999998913 0 0
137.9999999998903 0 0
138.9999999998894 0 0
139.9999999998884 0 0
140.9999999998875 0 0
141.9999999998865 0 0
142.9999999998856 0 0
143.9999999998847 0 0
144.9999999998837 0 0
145.9999999998828 0 0
146.9999999998818 0 0
147.9999999998809 0 0
148.9999999998799 0 0
149.999999999879 0 0
150.9999999998781 0 0
151.9999999998771 0 0
152.9999999998762 0 0
153.9999999998752 0 0
154.9999999998743 0 0
155.9999999998734 0 0
156.9999999998724 0 0
157.9999999998715 0 0
158.9999999998705 0 0
159.9999999998696 0 0
160.9999999998686 0 0
161.9999999998676 0 0
162.9999999998665 0 0
163.9999999998654 0 0
164.9999999998643 0 0
165.9999999998632 0 0
166.9999999998622 0 0
167.9999999998611 0 0
168.99999999986 0 0
169.9999999998589 0 0
170.9999999998578 0 0
171.9999999998568 0 0
172.9999999998556 0 0
173.9999999998545 0 0
174.9999999998535 0 0
175.9999999998524 0 0
176.9999999998513 0 0
177.9999999998502 0 0
178.9999999998491 0 0
179.9999999998481 0 0
180.999999999847 0 0
181.9999999998459 0 0
182.9999999998448 0 0
183.9999999998437 0 0
184.9999999998427 0 0
185.9999999998415 0 0
186.9999999998404 0 0
187.9999999998394 0 0
188.9999999998383 0 0
189.9999999998372 0 0
190.9999999998361 0 0
191.9999999998351 0 0
192.999999999834 0 0
193.9999999998329 0 0
194.9999999998318 0 0
195.9999999998307 0 0
196.9999999998296 0 0
197.9999999998286 0 0
198.9999999998274 0 0
199.9999999998263 0 0
200.9999999998253 0 0
201.9999999998242 0 0
202.9999999998231 0 0
203.999999999822 0 0
204.9999999998209 0 0
205.9999999998199 0 0
206.9999999998188 0 0
207.9999999998177 0 0
208.9999999998166 0 0
209.9999999998155 0 0
210.9999999998145 0 0
211.9999999998133 0 0
212.9999999998122 0 0
213.9999999998112 0 0
214.9999999998101 0 0
215.999999999809 0 0
216.9999999998079 0 0
217.9999999998069 0 0
218.9999999998058 0 0
219.9999999998047 0 0
220.9999999998036 0 0
221.9999999998025 0 0
222.9999999998014 0 0
223.9999999998004 0 0
224.9999999997993 0 0
225.9999999997982 0 0
226.9999999997971 0 0
227.999999999796 0 0
228.9999999997949 0 0
229.9999999997938 0 0
230.9999999997928 0 0
231.9999999997917 0 0
232.9999999997906 0 0
233.9999999997895 0 0
234.9999999997884 0 0
235.9999999997873 0 0
236.9999999997863 0 0
237.9999999997852 0 0
238.9999999997841 0 0
239.999999999783 0 0
240.9999999997819 0 0
241.9999999997809 0 0
242.9999999997798 0 0
243.9999999997787 0 0
244.9999999997776 0 0
245.9999999997765 0 0
246.9999999997754 0 0
247.9999999997743 0 0
248.9999999997733 0 0
249.9999999997722 0 0
250.9999999997711 0 0
251.99999999977 0 0
252.9999999997689 0 0
253.9999999997679 0 0
254.9999999997668 0 0
255.9999999997657 0 0
256.9999999997646 0 0
257.9999999997635 0 0
258.9999999997624 0 0
259.9999999997613 0 0
260.9999999997602 0 0
261.9999999997591 0 0
262.999999999758 0 0
263.999999999757 0 0
264.9999999997559 0 0
265.9999999997548 0 0
266.9999999997538 0 0
267.9999999997527 0 0
268.9999999997516 0 0
269.9999999997505 0 0
270.9999999997494 0 0
271.9999999997484 0 0
272.9999999997473 0 0
273.9999999997462 0 0
274.999999999745 0 0
275.9999999997439 0 0
276.9999999997429 0 0
277.9999999997418 0 0
278.9999999997409 0 0
279.9999999997401 0 0
280.9999999997393 0 0
281.9999999997385 0 0
282.9999999997377 0 0
283.9999999997369 0 0
284.9999999997361 0 0
285.9999999997353 0 0
286.9999999997345 0 0
287.9999999997337 0 0
288.9999999997329 0 0
289.999999999732 0 0
290.9999999997312 0 0
291.9999999997305 0 0
292.9999999997297 0 0
293.9999999997289 0 0
294.9999999997281 0 0
295.9999999997273 0 0
296.9999999997265 0 0
297.9999999997257 0 0
298.9999999997249 0 0
299.9999999997241 0 0
300.9999999997232 0 0
301.9999999997224 0 0
302.9999999997217 0 0
303.9999999997209 0 0
304.99999999972 0 0
305.9999999997193 0 0
306.9999999997185 0 0
307.9999999997177 0 0
308.9999999997169 0 0
309.9999999997161 0 0
310.9999999997153 0 0
311.9999999997145 0 0
312.9999999997137 0 0
313.9999999997128 0 0
314.9999999997121 0 0
315.9999999997113 0 0
316.9999999997104 0 0
317.99999999971 0 0
318.9999999997097 0 0
319.9999999997095 0 0
320.9999999997093 0 0
321.999999999709 0 0
322.9999999997088 0 0
323.9999999997086 0 0
324.9999999997084 0 0
325.9999999997081 0 0
326.9999999997079 0 0
327.9999999997076 0 0
328.9999999997074 0 0
329.9999999997072 0 0
330.9999999997069 0 0
331.9999999997067 0 0
332.9999999997065 0 0
333.9999999997063 0 0
334.999999999706 0 0
335.9999999997058 0 0
336.9999999997056 0 0
337.9999999997053 0 0
338.9999999997052 0 0
339.9999999997048 0 0
340.9999999997046 0 0
341.9999999997044 0 0
342.9999999997042 0 0
343.9999999997039 0 0
344.9999999997037 0 0
345.9999999997035 0 0
346.9999999997032 0 0
347.999999999703 0 0
348.9999999997028 0 0
349.9999999997025 0 0
350.9999999997024 0 0
351.9999999997021 0 0
352.9999999997019 0 0
353.9999999997016 0 0
354.9999999997014 0 0
355.9999999997011 0 0
356.9999999997011 0 0
357.9999999997011 0 0
358.9999999997012 0 0
359.9999999997012 0 0
360.9999999997013 0 0
361.9999999997014 0 0
362.9999999997014 0 0
363.9999999997015 0 0
364.9999999997015 0 0
365.9999999997016 0 0
366.9999999997016 0 0
367.9999999997016 0 0
368.9999999997017 0 0
369.9999999997017 0 0
370.9999999997018 0 0
371.9999999997019 0 0
372.9999999997019 0 0
373.999999999702 0 0
374.999999999702 0 0
375.999999999702 0 0
376.9999999997021 0 0
377.9999999997022 0 0
378.9999999997023 0 0
379.9999999997023 0 0
380.9999999997023 0 0
381.9999999997024 0 0
382.9999999997025 0 0
383.9999999997025 0 0
384.9999999997025 0 0
385.9999999997026 0 0
386.9999999997027 0 0
387.9999999997028 0 0
388.9999999997028 0 0
389.9999999997028 0 0
390.9999999997029 0 0
391.9999999997029 0 0
392.9999999997029 0 0
393.999999999703 0 0
394.9999999997031 0 0
395.9999999997031 0 0
396.9999999997032 0 0
397.9999999997032 0 0
398.9999999997033 0 0
399.9999999997034 0 0
400.9999999997034 0 0
401.9999999997034 0 0
402.9999999997035 0 0
403.9999999997036 0 0
404.9999999997037 0 0
405.9999999997036 0 0
406.9999999997037 0 0
407.9999999997037 0 0
408.9999999997038 0 0
409.9999999997038 0 0
410.9999999997039 0 0
411.999999999704 0 0
412.999999999704 0 0
413.9999999997041 0 0
414.9999999997041 0 0
415.9999999997042 0 0
416.9999999997042 0 0
417.9999999997043 0 0
418.9999999997043 0 0
419.9999999997044 0 0
420.9999999997044 0 0
421.9999999997045 0 0
422.9999999997045 0 0
423.9999999997046 0 0
424.9999999997046 0 0
425.9999999997046 0 0
426.9999999997048 0 0
427.9999999997048 0 0
428.9999999997049 0 0
429.9999999997049 0 0
430.999999999705 0 0
431.999999999705 0 0
432.999999999705 0 0
433.9999999997051 0 0
434.9999999997052 0 0
435.9999999997052 0 0
436.9999999997053 0 0
437.9999999997054 0 0
438.9999999997054 0 0
439.9999999997054 0 0
440.9999999997055 0 0
441.9999999997056 0 0
442.9999999997057 0 0
443.9999999997057 0 0
444.9999999997057 0 0
445.9999999997057 0 0
446.9999999997058 0 0
447.9999999997058 0 0
448.9999999997059 0 0
449.999999999706 0 0
450.999999999706 0 0
451.9999999997061 0 0
452.9999999997061 0 0
453.9999999997062 0 0
454.9999999997062 0 0
455.9999999997063 0 0
456.9999999997063 0 0
457.9999999997063 0 0
458.9999999997063 0 0
459.9999999997065 0 0
460.9999999997065 0 0
461.9999999997066 0 0
462.9999999997066 0 0
463.9999999997067 0 0
464.9999999997067 0 0
465.9999999997068 0 0
466.9999999997069 0 0
467.9999999997069 0 0
468.999999999707 0 0
469.999999999707 0 0
470.9999999997071 0 0
471.9999999997071 0 0
472.9999999997071 0 0
473.9999999997072 0 0
474.9999999997073 0 0
475.9999999997074 0 0
476.9999999997074 0 0
477.9999999997074 0 0
478.9999999997075 0 0
479.9999999997075 0 0
480.9999999997077 0 0
481.9999999997077 0 0
482.9999999997077 0 0
483.9999999997078 0 0
484.9999999997078 0 0
485.9999999997078 0 0
486.9999999997079 0 0
487.999999999708 0 0
488.999999999708 0 0
489.9999999997081 0 0
490.9999999997081 0 0
491.9999999997082 0 0
492.9999999997082 0 0
493.9999999997083 0 0
494.9999999997083 0 0
495.9999999997084 0 0
496.9999999997085 0 0
497.9999999997085 0 0
498.9999999997085 0 0
499.9999999997086 0 0
500.9999999997086 0 0
501.9999999997086 0 0
502.9999999997087 0 0
503.9999999997088 0 0
504.9999999997088 0 0
505.9999999997089 0 0
506.9999999997089 0 0
507.999999999709 0 0
508.9999999997091 0 0
509.9999999997091 0 0
510.9999999997091 0 0
511.9999999997092 0 0
512.9999999997092 0 0
513.9999999997092 0 0
514.9999999997094 0 0
515.9999999997094 0 0
516.9999999997094 0 0
517.9999999997095 0 0
518.9999999997095 0 0
519.9999999997096 0 0
520.9999999997096 0 0
521.9999999997098 0 0
522.9999999997098 0 0
523.9999999997099 0 0
524.9999999997099 0 0
525.99999999971 0 0
526.99999999971 0 0
527.9999999997101 0 0
528.9999999997101 0 0
529.9999999997102 0 0
530.9999999997102 0 0
531.9999999997102 0 0
532.9999999997103 0 0
533.9999999997103 0 0
534.9999999997104 0 0
535.9999999997104 0 0
536.9999999997106 0 0
537.9999999997106 0 0
538.9999999997107 0 0
539.9999999997107 0 0
540.9999999997108 0 0
541.9999999997108 0 0
542.9999999997109 0 0
543.9999999997109 0 0
544.9999999997109 0 0
545.999999999711 0 0
546.999999999711 0 0
547.9999999997111 0 0
548.9999999997111 0 0
549.9999999997112 0 0
550.9999999997112 0 0
551.9999999997113 0 0
552.9999999997113 0 0
553.9999999997115 0 0
554.9999999997115 0 0
555.9999999997116 0 0
556.9999999997116 0 0
557.9999999997116 0 0
558.9999999997117 0 0
559.9999999997117 0 0
560.9999999997118 0 0
561.9999999997118 0 0
562.9999999997119 0 0
563.9999999997119 0 0
564.999999999712 0 0
565.999999999712 0 0
566.9999999997121 0 0
567.9999999997123 0 0
568.9999999997123 0 0
569.9999999997123 0 0
570.9999999997123 0 0
571.9999999997124 0 0
572.9999999997124 0 0
573.9999999997125 0 0
574.9999999997125 0 0
575.9999999997126 0 0
576.9999999997126 0 0
577.9999999997127 0 0
578.9999999997127 0 0
579.9999999997129 0 0
580.9999999997128 0 0
581.9999999997131 0 0
582.9999999997129 0 0
583.9999999997131 0 0
584.9999999997131 0 0
585.9999999997132 0 0
586.9999999997133 0 0
587.9999999997132 0 0
588.9999999997134 0 0
589.9999999997133 0 0
590.9999999997134 0 0
591.9999999997128 0 0
592.9999999997124 0 0
593.9999999997118 0 0
594.9999999997113 0 0
595.9999999997108 0 0
596.9999999997102 0 0
597.9999999997098 0 0
598.9999999997092 0 0
599.9999999997087 0 0
600.9999999997082 0 0
601.9999999997077 0 0
602.9999999997071 0 0
603.9999999997067 0 0
604.9999999997061 0 0
605.9999999997057 0 0
606.9999999997051 0 0
607.9999999997046 0 0
608.9999999997041 0 0
609.9999999997035 0 0
610.999999999703 0 0
611.9999999997025 0 0
612.999999999702 0 0
613.9999999997015 0 0
614.999999999701 0 0
615.9999999997004 0 0
616.9999999997 0 0
617.9999999996994 0 0
618.999999999699 0 0
619.9999999996984 0 0
620.9999999996979 0 0
621.9999999996974 0 0
622.9999999996968 0 0
623.9999999996963 0 0
624.9999999996958 0 0
625.9999999996953 0 0
626.9999999996948 0 0
627.9999999996943 0 0
628.9999999996937 0 0
629.9999999996933 0 0
630.9999999996916 0 0
631.99999999969 0 0
632.9999999996883 0 0
633.9999999996866 0 0
634.999999999685 0 0
635.9999999996834 0 0
636.9999999996817 0 0
637.99999999968 0 0
638.9999999996784 0 0
639.9999999996767 0 0
640.9999999996752 0 0
641.9999999996734 0 0
642.9999999996718 0 0
643.9999999996701 0 0
644.9999999996685 0 0
645.9999999996668 0 0
646.9999999996652 0 0
647.9999999996636 0 0
648.9999999996618 0 0
649.9999999996602 0 0
650.9999999996585 0 0
651.9999999996569 0 0
652.9999999996552 0 0
653.9999999996536 0 0
654.999999999652 0 0
655.9999999996503 0 0
656.9999999996487 0 0
657.999999999647 0 0
658.9999999996453 0 0
659.9999999996438 0 0
660.999999999642 0 0
661.9999999996404 0 0
662.9999999996387 0 0
663.9999999996371 0 0
664.9999999996354 0 0
665.9999999996337 0 0
666.9999999996322 0 0
667.9999999996304 0 0
668.9999999996289 0 0
669.9999999996265 0 0
670.9999999996245 0 0
671.9999999996222 0 0
672.9999999996201 0 0
673.9999999996178 0 0
674.9999999996155 0 0
675.9999999996134 0 0
676.9999999996111 0 0
677.9999999996089 0 0
678.9999999996065 0 0
679.9999999996044 0 0
680.9999999996022 0 0
681.9999999996 0 0
682.9999999995977 0 0
683.9999999995956 0 0
684.9999999995933 0 0
685.9999999995911 0 0
686.9999999995889 0 0
687.9999999995865 0 0
688.9999999995844 0 0
689.9999999995822 0 0
690.99999999958 0 0
691.9999999995777 0 0
692.9999999995756 0 0
693.9999999995733 0 0
694.9999999995711 0 0
695.9999999995689 0 0
696.9999999995667 0 0
697.9999999995644 0 0
698.9999999995622 0 0
699.99999999956 0 0
700.9999999995576 0 0
701.9999999995555 0 0
702.9999999995533 0 0
703.9999999995511 0 0
704.9999999995489 0 0
705.9999999995467 0 0
706.9999999995443 0 0
707.9999999995422 0 0
708.99999999954 0 0
709.9999999995377 0 0
710.9999999995355 0 0
711.9999999995334 0 0
712.999999999531 0 0
713.9999999995288 0 0
714.9999999995267 0 0
715.9999999995243 0 0
716.9999999995222 0 0
717.99999999952 0 0
718.9999999995179 0 0
719.9999999995155 0 0
720.9999999995134 0 0
721.999999999511 0 0
722.9999999995089 0 0
723.9999999995067 0 0
724.9999999995046 0 0
725.9999999995022 0 0
726.9999999995 0 0
727.9999999994978 0 0
728.9999999994955 0 0
729.9999999994933 0 0
730.999999999491 0 0
731.9999999994889 0 0
732.9999999994866 0 0
733.9999999994845 0 0
734.9999999994822 0 0
735.99999999948 0 0
736.9999999994778 0 0
737.9999999994756 0 0
738.9999999994733 0 0
739.9999999994712 0 0
740.9999999994689 0 0
741.9999999994666 0 0
742.9999999994645 0 0
743.9999999994621 0 0
744.99999999946 0 0
745.9999999994578 0 0
746.9999999994556 0 0
747.9999999994533 0 0
748.9999999994512 0 0
749.9999999994488 0 0
750.9999999994467 0 0
751.9999999994445 0 0
752.9999999994423 0 0
753.99999999944 0 0
754.9999999994378 0 0
755.9999999994355 0 0
756.9999999994333 0 0
757.9999999994311 0 0
758.9999999994288 0 0
759.9999999994267 0 0
760.9999999994244 0 0
761.9999999994224 0 0
762.99999999942 0 0
763.9999999994178 0 0
764.9999999994155 0 0
765.9999999994134 0 0
766.9999999994111 0 0
767.9999999994088 0 0
768.9999999994067 0 0
769.9999999994044 0 0
770.9999999994023 0 0
771.9999999994 0 0
772.9999999993978 0 0
773.9999999993955 0 0
774.9999999993934 0 0
775.9999999993911 0 0
776.999999999389 0 0
777.9999999993867 0 0
778.9999999993845 0 0
779.9999999993823 0 0
780.99999999938 0 0
781.9999999993778 0 0
782.9999999993756 0 0
783.9999999993734 0 0
784.9999999993711 0 0
785.9999999993688 0 0
786.9999999993667 0 0
787.9999999993645 0 0
788.9999999993621 0 0
789.9999999993601 0 0
790.9999999993578 0 0
791.9999999993556 0 0
792.9999999993533 0 0
793.9999999993511 0 0
794.9999999993489 0 0
795.9999999993466 0 0
796.9999999993445 0 0
797.9999999993421 0 0
798.99999999934 0 0
799.9999999993378 0 0
800.9999999993356 0 0
801.9999999993333 0 0
802.9999999993312 0 0
803.9999999993289 0 0
804.9999999993266 0 0
805.9999999993245 0 0
806.9999999993222 0 0
807.99999999932 0 0
808.9999999993178 0 0
809.9999999993156 0 0
810.9999999993133 0 0
811.9999999993112 0 0
812.9999999993089 0 0
813.9999999993066 0 0
814.9999999993045 0 0
815.9999999993023 0 0
816.9999999992999 0 0
817.9999999992979 0 0
818.9999999992956 0 0
819.9999999992932 0 0
820.9999999992912 0 0
821.9999999992889 0 0
822.9999999992866 0 0
823.9999999992845 0 0
824.9999999992823 0 0
825.9999999992799 0 0
826.9999999992779 0 0
827.9999999992756 0 0
828.9999999992733 0 0
829.9999999992712 0 0
830.999999999269 0 0
831.9999999992666 0 0
832.9999999992644 0 0
833.9999999992623 0 0
834.9999999992599 0 0
835.9999999992577 0 0
836.9999999992556 0 0
837.9999999992534 0 0
838.9999999992511 0 0
839.999999999249 0 0
840.9999999992466 0 0
841.9999999992444 0 0
842.9999999992423 0 0
843.9999999992401 0 0
844.9999999992377 0 0
845.9999999992356 0 0
846.9999999992334 0 0
847.999999999231 0 0
848.999999999229 0 0
849.9999999992267 0 0
850.9999999992244 0 0
851.9999999992223 0 0
852.9999999992201 0 0
853.9999999992177 0 0
854.9999999992157 0 0
855.9999999992134 0 0
856.9999999992111 0 0
857.999999999209 0 0
858.9999999992067 0 0
859.9999999992044 0 0
860.9999999992023 0 0
861.9999999992001 0 0
862.9999999991977 0 0
863.9999999991956 0 0
864.9999999991934 0 0
865.9999999991911 0 0
866.9999999991888 0 0
867.9999999991868 0 0
868.9999999991844 0 0
869.9999999991823 0 0
870.9999999991801 0 0
871.9999999991777 0 0
872.9999999991755 0 0
873.9999999991734 0 0
874.9999999991711 0 0
875.9999999991688 0 0
876.9999999991668 0 0
877.9999999991644 0 0
878.9999999991622 0 0
879.9999999991601 0 0
880.9999999991579 0 0
881.9999999991555 0 0
882.9999999991535 0 0
883.9999999991511 0 0
884.9999999991488 0 0
885.9999999991468 0 0
886.9999999991444 0 0
887.9999999991422 0 0
888.9999999991401 0 0
889.9999999991379 0 0
890.9999999991355 0 0
891.9999999991334 0 0
892.9999999991312 0 0
893.9999999991289 0 0
894.9999999991267 0 0
895.9999999991246 0 0
896.9999999991222 0 0
897.9999999991201 0 0
898.9999999991179 0 0
899.9999999991155 0 0
900.9999999991134 0 0
901.9999999991112 0 0
902.9999999991089 0 0
903.9999999991066 0 0
904.9999999991046 0 0
905.9999999991022 0 0
906.9999999991001 0 0
907.9999999990979 0 0
908.9999999990956 0 0
909.9999999990933 0 0
910.9999999990912 0 0
911.9999999990889 0 0
912.9999999990866 0 0
913.9999999990846 0 0
914.9999999990822 0 0
915.99999999908 0 0
916.9999999990779 0 0
917.9999999990756 0 0
918.9999999990733 0 0
919.9999999990712 0 0
920.9999999990689 0 0
921.9999999990667 0 0
922.9999999990645 0 0
923.9999999990622 0 0
924.99999999906 0 0
925.9999999990578 0 0
926.9999999990556 0 0
927.9999999990533 0 0
928.9999999990512 0 0
929.9999999990489 0 0
930.9999999990467 0 0
931.9999999990445 0 0
932.9999999990424 0 0
933.99999999904 0 0
934.9999999990379 0 0
935.9999999990357 0 0
936.9999999990334 0 0
937.9999999990312 0 0
938.9999999990289 0 0
939.9999999990267 0 0
940.9999999990245 0 0
941.9999999990222 0 0
942.99999999902 0 0
943.9999999990179 0 0
944.9999999990157 0 0
945.9999999990134 0 0
946.9999999990112 0 0
947.999999999009 0 0
948.9999999990067 0 0
949.9999999990046 0 0
950.9999999990022 0 0
951.999999999 0 0
952.9999999989979 0 0
953.9999999989955 0 0
954.9999999989934 0 0
955.9999999989911 0 0
956.999999998989 0 0
957.9999999989867 0 0
958.9999999989845 0 0
959.9999999989823 0 0
960.9999999989801 0 0
961.9999999989778 0 0
962.9999999989757 0 0
963.9999999989734 0 0
964.9999999989711 0 0
965.999999998969 0 0
966.9999999989667 0 0
967.9999999989645 0 0
968.9999999989623 0 0
969.99999999896 0 0
970.9999999989578 0 0
971.9999999989557 0 0
972.9999999989533 0 0
973.9999999989512 0 0
974.999999998949 0 0
975.9999999989467 0 0
976.9999999989445 0 0
977.9999999989423 0 0
978.99999999894 0 0
979.9999999989378 0 0
980.9999999989357 0 0
981.9999999989333 0 0
982.9999999989312 0 0
983.999999998929 0 0
984.9999999989267 0 0
985.9999999989245 0 0
986.9999999989224 0 0
987.99999999892 0 0
988.9999999989179 0 0
989.9999999989157 0 0
990.9999999989133 0 0
991.9999999989112 0 0
992.9999999989089 0 0
993.9999999989067 0 0
994.9999999989045 0 0
995.9999999989024 0 0
996.9999999989 0 0
997.9999999988978 0 0
998.9999999988956 0 0
999.9999999988935 0 0
1000.999999998891 0 0
1001.999999998889 0 0
1002.999999998887 0 0
1003.999999998884 0 0
1004.999999998882 0 0
1005.99999999888 0 0
1006.999999998878 0 0
1007.999999998876 0 0
1008.999999998873 0 0
1009.999999998871 0 0
1010.999999998869 0 0
1011.999999998867 0 0
1012.999999998864 0 0
1013.999999998862 0 0
1014.99999999886 0 0
1015.999999998858 0 0
1016.999999998856 0 0
1017.999999998853 0 0
1018.999999998851 0 0
1019.999999998849 0 0
1020.999999998847 0 0
1021.999999998846 0 0
1022.999999998845 0 0
1023.999999998844 0 0
1024.999999998843 0 0
1025.999999998842 0 0
1026.999999998841 0 0
1027.999999998839 0 0
1028.999999998839 0 0
1029.999999998837 0 0
1030.999999998836 0 0
1031.999999998835 0 0
1032.999999998834 0 0
1033.999999998833 0 0
1034.999999998832 0 0
1035.999999998831 0 0
1036.99999999883 0 0
1037.999999998829 0 0
1038.999999998828 0 0
1039.999999998827 0 0
1040.999999998825 0 0
1041.999999998824 0 0
1042.999999998823 0 0
1043.999999998822 0 0
1044.999999998821 0 0
1045.99999999882 0 0
1046.999999998819 0 0
1047.999999998818 0 0
1048.999999998817 0 0
1049.999999998816 0 0
1050.999999998815 0 0
1051.999999998814 0 0
1052.999999998812 0 0
1053.999999998811 0 0
1054.99999999881 0 0
1055.999999998809 0 0
1056.999999998808 0 0
1057.999999998807 0 0
1058.999999998806 0 0
1059.999999998805 0 0
1060.999999998805 0 0
1061.999999998805 0 0
1062.999999998805 0 0
1063.999999998805 0 0
1064.999999998805 0 0
1065.999999998805 0 0
1066.999999998805 0 0
1067.999999998806 0 0
1068.999999998806 0 0
1069.999999998806 0 0
1070.999999998806 0 0
1071.999999998806 0 0
1072.999999998806 0 0
1073.999999998806 0 0
1074.999999998806 0 0
1075.999999998806 0 0
1076.999999998806 0 0
1077.999999998806 0 0
1078.999999998806 0 0
1079.999999998806 0 0
1080.999999998806 0 0
1081.999999998806 0 0
1082.999999998806 0 0
1083.999999998806 0 0
1084.999999998806 0 0
1085.999999998807 0 0
1086.999999998807 0 0
1087.999999998807 0 0
1088.999999998807 0 0
1089.999999998807 0 0
1090.999999998807 0 0
1091.999999998807 0 0
1092.999999998807 0 0
1093.999999998807 0 0
1094.999999998807 0 0
1095.999999998807 0 0
1096.999999998807 0 0
1097.999999998807 0 0
1098.999999998807 0 0
1099.999999998807 0 0
1100.999999998807 0 0
1101.999999998807 0 0
1102.999999998807 0 0
1103.999999998807 0 0
1104.999999998807 0 0
1105.999999998807 0 0
1106.999999998808 0 0
1107.999999998808 0 0
1108.999999998808 0 0
1109.999999998808 0 0
1110.999999998808 0 0
1111.999999998808 0 0
1112.999999998808 0 0
1113.999999998808 0 0
1114.999999998808 0 0
1115.999999998808 0 0
1116.999999998808 0 0
1117.999999998808 0 0
1118.999999998808 0 0
1119.999999998808 0 0
1120.999999998808 0 0
1121.999999998808 0 0
1122.999999998808 0 0
1123.999999998808 0 0
1124.999999998809 0 0
1125.999999998809 0 0
1126.999999998809 0 0
1127.999999998809 0 0
1128.999999998809 0 0
1129.999999998809 0 0
1130.999999998809 0 0
1131.999999998809 0 0
1132.999999998809 0 0
1133.999999998809 0 0
1134.999999998809 0 0
1135.999999998809 0 0
1136.999999998809 0 0
1137.999999998809 0 0
1138.999999998809 0 0
1139.999999998809 0 0
1140.999999998809 0 0
1141.999999998809 0 0
1142.999999998809 0 0
1143.999999998809 0 0
1144.999999998809 0 0
1145.99999999881 0 0
1146.99999999881 0 0
1147.99999999881 0 0
1148.999999998809 0 0
1149.99999999881 0 0
1150.99999999881 0 0
1151.99999999881 0 0
1152.99999999881 0 0
1153.99999999881 0 0
1154.99999999881 0 0
1155.99999999881 0 0
1156.99999999881 0 0
1157.99999999881 0 0
1158.99999999881 0 0
1159.99999999881 0 0
1160.99999999881 0 0
1161.99999999881 0 0
1162.99999999881 0 0
1163.999999998811 0 0
1164.99999999881 0 0
1165.99999999881 0 0
1166.999999998811 0 0
1167.999999998811 0 0
1168.999999998811 0 0
1169.999999998811 0 0
1170.999999998811 0 0
1171.999999998811 0 0
1172.999999998811 0 0
1173.999999998811 0 0
1174.999999998811 0 0
1175.999999998811 0 0
1176.999999998811 0 0
1177.999999998811 0 0
1178.999999998811 0 0
1179.999999998811 0 0
1180.999999998811 0 0
1181.999999998811 0 0
1182.999999998811 0 0
1183.999999998812 0 0
1184.999999998812 0 0
1185.999999998812 0 0
1186.999999998812 0 0
1187.999999998812 0 0
1188.999999998812 0 0
1189.999999998812 0 0
1190.999999998812 0 0
1191.999999998812 0 0
1192.999999998812 0 0
1193.999999998812 0 0
1194.999999998812 0 0
1195.999999998812 0 0
1196.999999998812 0 0
1197.999999998812 0 0
1198.999999998812 0 0
1199.999999998812 0 0
1200.999999998812 0 0
1201.999999998812 0 0
1202.999999998812 0 0
1203.999999998813 0 0
1204.999999998813 0 0
1205.999999998812 0 0
1206.999999998813 0 0
1207.999999998813 0 0
1208.999999998813 0 0
1209.999999998813 0 0
1210.999999998813 0 0
1211.999999998813 0 0
1212.999999998813 0 0
1213.999999998813 0 0
1214.999999998813 0 0
1215.999999998813 0 0
1216.999999998813 0 0
1217.999999998813 0 0
1218.999999998813 0 0
1219.999999998813 0 0
1220.999999998813 0 0
1221.999999998813 0 0
1222.999999998813 0 0
1223.999999998814 0 0
1224.999999998814 0 0
1225.999999998814 0 0
1226.999999998814 0 0
1227.999999998814 0 0
1228.999999998814 0 0
1229.999999998814 0 0
1230.999999998814 0 0
1231.999999998814 0 0
1232.999999998814 0 0
1233.999999998814 0 0
1234.999999998814 0 0
1235.999999998814 0 0
1236.999999998814 0 0
1237.999999998814 0 0
1238.999999998814 0 0
1239.999999998814 0 0
1240.999999998814 0 0
1241.999999998814 0 0
1242.999999998814 0 0
1243.999999998814 0 0
1244.999999998814 0 0
1245.999999998815 0 0
1246.999999998815 0 0
1247.999999998815 0 0
1248.999999998815 0 0
1249.999999998815 0 0
1250.999999998815 0 0
1251.999999998815 0 0
1252.999999998815 0 0
1253.999999998815 0 0
1254.999999998815 0 0
1255.999999998815 0 0
1256.999999998815 0 0
1257.999999998815 0 0
1258.999999998816 0 0
1259.999999998815 0 0
1260.999999998815 0 0
1261.999999998815 0 0
1262.999999998816 0 0
1263.999999998816 0 0
1264.999999998816 0 0
1265.999999998816 0 0
1266.999999998815 0 0
1267.999999998816 0 0
1268.999999998816 0 0
1269.999999998816 0 0
1270.999999998816 0 0
1271.999999998816 0 0
1272.999999998816 0 0
1273.999999998816 0 0
1274.999999998816 0 0
1275.999999998816 0 0
1276.999999998816 0 0
1277.999999998816 0 0
1278.999999998816 0 0
1279.999999998816 0 0
1280.999999998817 0 0
1281.999999998817 0 0
1282.999999998817 0 0
1283.999999998816 0 0
1284.999999998817 0 0
1285.999999998817 0 0
1286.999999998817 0 0
1287.999999998817 0 0
1288.999999998817 0 0
1289.999999998817 0 0
1290.999999998817 0 0
1291.999999998817 0 0
1292.999999998817 0 0
1293.999999998817 0 0
1294.999999998817 0 0
1295.999999998817 0 0
1296.999999998817 0 0
1297.999999998817 0 0
1298.999999998817 0 0
1299.999999998817 0 0
1300.999999998817 0 0
1301.999999998818 0 0
1302.999999998818 0 0
1303.999999998817 0 0
1304.999999998818 0 0
1305.999999998818 0 0
1306.999999998818 0 0
1307.999999998818 0 0
1308.999999998818 0 0
1309.999999998818 0 0
1310.999999998818 0 0
1311.999999998818 0 0
1312.999999998818 0 0
1313.999999998818 0 0
1314.999999998818 0 0
1315.999999998818 0 0
1316.999999998818 0 0
1317.999999998818 0 0
1318.999999998818 0 0
1319.999999998819 0 0
1320.999999998818 0 0
1321.999999998819 0 0
1322.999999998818 0 0
1323.999999998819 0 0
1324.999999998819 0 0
1325.999999998819 0 0
1326.999999998819 0 0
1327.999999998819 0 0
1328.999999998819 0 0
1329.999999998819 0 0
1330.999999998819 0 0
1331.999999998819 0 0
1332.999999998819 0 0
1333.999999998819 0 0
1334.999999998819 0 0
1335.999999998819 0 0
1336.999999998819 0 0
1337.999999998819 0 0
1338.999999998819 0 0
1339.999999998819 0 0
1340.999999998819 0 0
1341.99999999882 0 0
1342.999999998819 0 0
1343.999999998819 0 0
1344.99999999882 0 0
1345.99999999882 0 0
1346.99999999882 0 0
1347.99999999882 0 0
1348.99999999882 0 0
1349.99999999882 0 0
1350.99999999882 0 0
1351.99999999882 0 0
1352.99999999882 0 0
1353.99999999882 0 0
1354.99999999882 0 0
1355.99999999882 0 0
1356.99999999882 0 0
1357.99999999882 0 0
1358.999999998821 0 0
1359.99999999882 0 0
1360.99999999882 0 0
1361.999999998821 0 0
1362.999999998821 0 0
1363.999999998821 0 0
1364.999999998821 0 0
1365.999999998821 0 0
1366.999999998821 0 0
1367.999999998821 0 0
1368.999999998821 0 0
1369.999999998821 0 0
1370.999999998821 0 0
1371.999999998821 0 0
1372.999999998821 0 0
1373.999999998821 0 0
1374.999999998821 0 0
1375.999999998821 0 0
1376.999999998821 0 0
1377.999999998821 0 0
1378.999999998822 0 0
1379.999999998822 0 0
1380.999999998822 0 0
1381.999999998822 0 0
1382.999999998822 0 0
1383.999999998822 0 0
1384.999999998822 0 0
1385.999999998822 0 0
1386.999999998822 0 0
1387.999999998822 0 0
1388.999999998822 0 0
1389.999999998822 0 0
1390.999999998822 0 0
1391.999999998822 0 0
1392.999999998822 0 0
1393.999999998822 0 0
1394.999999998822 0 0
1395.999999998822 0 0
1396.999999998822 0 0
1397.999999998822 0 0
1398.999999998823 0 0
1399.999999998822 0 0
1400.999999998822 0 0
1401.999999998823 0 0
1402.999999998823 0 0
1403.999999998823 0 0
1404.999999998823 0 0
1405.999999998823 0 0
1406.999999998823 0 0
1407.999999998823 0 0
1408.999999998823 0 0
1409.999999998823 0 0
1410.999999998823 0 0
1411.999999998823 0 0
1412.999999998823 0 0
1413.999999998823 0 0
1414.999999998823 0 0
1415.999999998823 0 0
1416.999999998823 0 0
1417.999999998823 0 0
1418.999999998823 0 0
1419.999999998824 0 0
1420.999999998824 0 0
1421.999999998824 0 0
1422.999999998824 0 0
1423.999999998824 0 0
1424.999999998824 0 0
1425.999999998824 0 0
1426.999999998824 0 0
1427.999999998824 0 0
1428.999999998824 0 0
1429.999999998824 0 0
1430.999999998824 0 0
1431.999999998824 0 0
1432.999999998824 0 0
1433.999999998824 0 0
1434.999999998824 0 0
1435.999999998824 0 0
1436.999999998824 0 0
1437.999999998824 0 0
1438.999999998824 0 0
1439.999999998824 0 0
1440.999999998825 0 0
1441.999999998825 0 0
1442.999999998825 0 0
1443.999999998824 0 0
1444.999999998825 0 0
1445.999999998825 0 0
1446.999999998825 0 0
1447.999999998825 0 0
1448.999999998825 0 0
1449.999999998825 0 0
1450.999999998825 0 0
1451.999999998825 0 0
1452.999999998825 0 0
1453.999999998825 0 0
1454.999999998825 0 0
1455.999999998825 0 0
1456.999999998825 0 0
1457.999999998826 0 0
1458.999999998826 0 0
1459.999999998826 0 0
1460.999999998825 0 0
1461.999999998826 0 0
1462.999999998826 0 0
1463.999999998826 0 0
1464.999999998826 0 0
1465.999999998826 0 0
1466.999999998826 0 0
1467.999999998826 0 0
1468.999999998826 0 0
1469.999999998826 0 0
1470.999999998826 0 0
1471.999999998826 0 0
1472.999999998826 0 0
1473.999999998826 0 0
1474.999999998827 0 0
1475.999999998826 0 0
1476.999999998827 0 0
1477.999999998826 0 0
1478.999999998827 0 0
1479.999999998827 0 0
1480.999999998827 0 0
1481.999999998827 0 0
1482.999999998827 0 0
1483.999999998827 0 0
1484.999999998827 0 0
1485.999999998827 0 0
1486.999999998827 0 0
1487.999999998827 0 0
1488.999999998827 0 0
1489.999999998827 0 0
1490.999999998827 0 0
1491.999999998827 0 0
1492.999999998827 0 0
1493.999999998827 0 0
1494.999999998827 0 0
1495.999999998827 0 0
1496.999999998828 0 0
1497.999999998827 0 0
1498.999999998828 0 0
1499.999999998827 0 0
1500.999999998828 0 0
1501.999999998828 0 0
1502.999999998828 0 0
1503.999999998828 0 0
1504.999999998828 0 0
1505.999999998828 0 0
1506.999999998828 0 0
1507.999999998828 0 0
1508.999999998828 0 0
1509.999999998828 0 0
1510.999999998828 0 0
1511.999999998828 0 0
1512.999999998828 0 0
1513.999999998829 0 0
1514.999999998828 0 0
1515.999999998828 0 0
1516.999999998828 0 0
1517.999999998828 0 0
1518.999999998829 0 0
1519.999999998829 0 0
1520.999999998829 0 0
1521.999999998829 0 0
1522.999999998829 0 0
1523.999999998829 0 0
1524.999999998829 0 0
1525.999999998829 0 0
1526.999999998829 0 0
1527.999999998829 0 0
1528.999999998829 0 0
1529.999999998829 0 0
1530.999999998829 0 0
1531.999999998829 0 0
1532.999999998829 0 0
1533.999999998829 0 0
1534.999999998829 0 0
1535.999999998829 0 0
1536.999999998829 0 0
1537.999999998829 0 0
1538.99999999883 0 0
1539.99999999883 0 0
1540.99999999883 0 0
1541.99999999883 0 0
1542.99999999883 0 0
1543.99999999883 0 0
1544.99999999883 0 0
1545.99999999883 0 0
1546.99999999883 0 0
1547.99999999883 0 0
1548.99999999883 0 0
1549.99999999883 0 0
1550.99999999883 0 0
1551.99999999883 0 0
1552.99999999883 0 0
1553.99999999883 0 0
1554.99999999883 0 0
1555.999999998831 0 0
1556.99999999883 0 0
1557.999999998831 0 0
1558.999999998831 0 0
1559.999999998831 0 0
1560.999999998831 0 0
1561.999999998831 0 0
1562.999999998831 0 0
1563.999999998831 0 0
1564.999999998831 0 0
1565.999999998831 0 0
1566.999999998831 0 0
1567.999999998831 0 0
1568.999999998831 0 0
1569.999999998831 0 0
1570.999999998831 0 0
1571.999999998831 0 0
1572.999999998831 0 0
1573.999999998831 0 0
1574.999999998832 0 0
1575.999999998831 0 0
1576.999999998832 0 0
1577.999999998832 0 0
1578.999999998832 0 0
1579.999999998832 0 0
1580.999999998832 0 0
1581.999999998832 0 0
1582.999999998832 0 0
1583.999999998832 0 0
1584.999999998832 0 0
1585.999999998832 0 0
1586.999999998832 0 0
1587.999999998832 0 0
1588.999999998832 0 0
1589.999999998832 0 0
1590.999999998832 0 0
1591.999999998832 0 0
1592.999999998832 0 0
1593.999999998832 0 0
1594.999999998832 0 0
1595.999999998832 0 0
1596.999999998833 0 0
1597.999999998833 0 0
1598.999999998833 0 0
1599.999999998833 0 0
1600.999999998833 0 0
1601.999999998833 0 0
1602.999999998833 0 0
1603.999999998833 0 0
1604.999999998833 0 0
1605.999999998833 0 0
1606.999999998833 0 0
1607.999999998833 0 0
1608.999999998833 0 0
1609.999999998833 0 0
1610.999999998833 0 0
1611.999999998833 0 0
1612.999999998833 0 0
1613.999999998834 0 0
1614.999999998834 0 0
1615.999999998833 0 0
1616.999999998834 0 0
1617.999999998834 0 0
1618.999999998834 0 0
1619.999999998834 0 0
1620.999999998834 0 0
1621.999999998834 0 0
1622.999999998834 0 0
1623.999999998834 0 0
1624.999999998834 0 0
1625.999999998834 0 0
1626.999999998834 0 0
1627.999999998834 0 0
1628.999999998834 0 0
1629.999999998834 0 0
1630.999999998834 0 0
1631.999999998834 0 0
1632.999999998834 0 0
1633.999999998834 0 0
1634.999999998834 0 0
1635.999999998834 0 0
1636.999999998835 0 0
1637.999999998834 0 0
1638.999999998835 0 0
1639.999999998835 0 0
1640.999999998835 0 0
1641.999999998835 0 0
1642.999999998835 0 0
1643.999999998835 0 0
1644.999999998835 0 0
1645.999999998835 0 0
1646.999999998835 0 0
1647.999999998835 0 0
1648.999999998835 0 0
1649.999999998835 0 0
1650.999999998835 0 0
1651.999999998835 0 0
1652.999999998835 0 0
1653.999999998836 0 0
1654.999999998835 0 0
1655.999999998836 0 0
1656.999999998836 0 0
1657.999999998836 0 0
1658.999999998836 0 0
1659.999999998836 0 0
1660.999999998836 0 0
1661.999999998836 0 0
1662.999999998836 0 0
1663.999999998836 0 0
1664.999999998836 0 0
1665.999999998836 0 0
1666.999999998836 0 0
1667.999999998836 0 0
1668.999999998836 0 0
1669.999999998836 0 0
1670.999999998837 0 0
1671.999999998836 0 0
1672.999999998836 0 0
1673.999999998836 0 0
1674.999999998837 0 0
1675.999999998837 0 0
1676.999999998837 0 0
1677.999999998837 0 0
1678.999999998837 0 0
1679.999999998837 0 0
1680.999999998837 0 0
1681.999999998837 0 0
1682.999999998837 0 0
1683.999999998837 0 0
1684.999999998837 0 0
1685.999999998837 0 0
1686.999999998837 0 0
1687.999999998837 0 0
1688.999999998837 0 0
1689.999999998837 0 0
1690.999999998837 0 0
1691.999999998837 0 0
1692.999999998837 0 0
1693.999999998837 0 0
1694.999999998837 0 0
1695.999999998838 0 0
1696.999999998838 0 0
1697.999999998838 0 0
1698.999999998838 0 0
1699.999999998838 0 0
1700.999999998838 0 0
1701.999999998838 0 0
1702.999999998838 0 0
1703.999999998838 0 0
1704.999999998838 0 0
1705.999999998838 0 0
1706.999999998838 0 0
1707.999999998838 0 0
1708.999999998838 0 0
1709.999999998838 0 0
1710.999999998838 0 0
1711.999999998838 0 0
1712.999999998838 0 0
1713.999999998839 0 0
1714.999999998839 0 0
1715.999999998838 0 0
1716.999999998839 0 0
1717.999999998839 0 0
1718.999999998839 0 0
1719.999999998839 0 0
1720.999999998839 0 0
1721.999999998839 0 0
1722.999999998839 0 0
1723.999999998839 0 0
1724.999999998839 0 0
1725.999999998839 0 0
1726.999999998839 0 0
1727.999999998839 0 0
1728.999999998839 0 0
1729.999999998839 0 0
1730.999999998839 0 0
1731.999999998839 0 0
1732.999999998839 0 0
1733.999999998839 0 0
1734.99999999884 0 0
1735.999999998839 0 0
1736.99999999884 0 0
1737.99999999884 0 0
1738.99999999884 0 0
1739.99999999884 0 0
1740.99999999884 0 0
1741.99999999884 0 0
1742.99999999884 0 0
1743.99999999884 0 0
1744.99999999884 0 0
1745.99999999884 0 0
1746.99999999884 0 0
1747.99999999884 0 0
1748.99999999884 0 0
1749.99999999884 0 0
1750.99999999884 0 0
1751.99999999884 0 0
1752.99999999884 0 0
1753.999999998841 0 0
1754.999999998841 0 0
1755.999999998841 0 0
1756.999999998841 0 0
1757.999999998841 0 0
1758.999999998841 0 0
1759.999999998841 0 0
1760.999999998841 0 0
1761.999999998841 0 0
1762.999999998841 0 0
1763.999999998841 0 0
1764.999999998841 0 0
1765.999999998841 0 0
1766.999999998841 0 0
1767.999999998841 0 0
1768.999999998841 0 0
1769.999999998841 0 0
1770.999999998842 0 0
1771.999999998842 0 0
1772.999999998841 0 0
1773.999999998842 0 0
1774.999999998842 0 0
1775.999999998842 0 0
1776.999999998842 0 0
1777.999999998842 0 0
1778.999999998842 0 0
1779.999999998842 0 0
1780.999999998842 0 0
1781.999999998842 0 0
1782.999999998842 0 0
1783.999999998842 0 0
1784.999999998842 0 0
1785.999999998842 0 0
1786.999999998842 0 0
1787.999999998842 0 0
1788.999999998842 0 0
1789.999999998842 0 0
1790.999999998842 0 0
1791.999999998843 0 0
1792.999999998842 0 0
1793.999999998843 0 0
1794.999999998842 0 0
1795.999999998843 0 0
1796.999999998843 0 0
1797.999999998843 0 0
1798.999999998843 0 0
1799.999999998843 0 0
1800.999999998843 0 0
1801.999999998843 0 0
1802.999999998843 0 0
1803.999999998843 0 0
1804.999999998843 0 0
1805.999999998843 0 0
1806.999999998843 0 0
1807.999999998843 0 0
1808.999999998844 0 0
1809.999999998843 0 0
1810.999999998844 0 0
1811.999999998843 0 0
1812.999999998844 0 0
1813.999999998844 0 0
1814.999999998844 0 0
1815.999999998844 0 0
1816.999999998844 0 0
1817.999999998844 0 0
1818.999999998844 0 0
1819.999999998844 0 0
1820.999999998844 0 0
1821.999999998844 0 0
1822.999999998844 0 0
1823.999999998844 0 0
1824.999999998844 0 0
1825.999999998844 0 0
1826.999999998844 0 0
1827.999999998844 0 0
1828.999999998844 0 0
1829.999999998844 0 0
1830.999999998845 0 0
1831.999999998844 0 0
1832.999999998844 0 0
1833.999999998845 0 0
1834.999999998845 0 0
1835.999999998845 0 0
1836.999999998845 0 0
1837.999999998845 0 0
1838.999999998845 0 0
1839.999999998845 0 0
1840.999999998845 0 0
1841.999999998845 0 0
1842.999999998845 0 0
1843.999999998845 0 0
1844.999999998845 0 0
1845.999999998845 0 0
1846.999999998845 0 0
1847.999999998846 0 0
1848.999999998845 0 0
1849.999999998845 0 0
1850.999999998845 0 0
1851.999999998846 0 0
1852.999999998846 0 0
1853.999999998846 0 0
1854.999999998846 0 0
1855.999999998846 0 0
1856.999999998846 0 0
1857.999999998846 0 0
1858.999999998846 0 0
1859.999999998846 0 0
1860.999999998846 0 0
1861.999999998846 0 0
1862.999999998846 0 0
1863.999999998846 0 0
1864.999999998847 0 0
1865.999999998846 0 0
1866.999999998846 0 0
1867.999999998846 0 0
1868.999999998847 0 0
1869.999999998847 0 0
1870.999999998847 0 0
1871.999999998847 0 0
1872.999999998846 0 0
1873.999999998847 0 0
1874.999999998847 0 0
1875.999999998847 0 0
1876.999999998847 0 0
1877.999999998847 0 0
1878.999999998847 0 0
1879.999999998847 0 0
1880.999999998847 0 0
1881.999999998847 0 0
1882.999999998847 0 0
1883.999999998847 0 0
1884.999999998847 0 0
1885.999999998847 0 0
1886.999999998847 0 0
1887.999999998847 0 0
1888.999999998847 0 0
1889.999999998847 0 0
1890.999999998848 0 0
1891.999999998848 0 0
1892.999999998847 0 0
1893.999999998848 0 0
1894.999999998848 0 0
1895.999999998848 0 0
1896.999999998848 0 0
1897.999999998848 0 0
1898.999999998848 0 0
1899.999999998848 0 0
1900.999999998848 0 0
1901.999999998848 0 0
1902.999999998848 0 0
1903.999999998848 0 0
1904.999999998848 0 0
1905.999999998848 0 0
1906.999999998848 0 0
1907.999999998849 0 0
1908.999999998849 0 0
1909.999999998848 0 0
1910.999999998849 0 0
1911.999999998849 0 0
1912.999999998849 0 0
1913.999999998849 0 0
1914.999999998849 0 0
1915.999999998849 0 0
1916.999999998849 0 0
1917.999999998849 0 0
1918.999999998849 0 0
1919.999999998849 0 0
1920.999999998849 0 0
1921.999999998849 0 0
1922.999999998849 0 0
1923.999999998849 0 0
1924.999999998849 0 0
1925.999999998849 0 0
1926.999999998849 0 0
1927.999999998849 0 0
1928.999999998849 0 0
1929.999999998849 0 0
1930.99999999885 0 0
1931.99999999885 0 0
1932.999999998849 0 0
1933.99999999885 0 0
1934.99999999885 0 0
1935.99999999885 0 0
1936.99999999885 0 0
1937.99999999885 0 0
1938.99999999885 0 0
1939.99999999885 0 0
1940.99999999885 0 0
1941.99999999885 0 0
1942.99999999885 0 0
1943.99999999885 0 0
1944.99999999885 0 0
1945.99999999885 0 0
1946.99999999885 0 0
1947.999999998851 0 0
1948.999999998851 0 0
1949.99999999885 0 0
1950.999999998851 0 0
1951.999999998851 0 0
1952.999999998851 0 0
1953.999999998851 0 0
1954.999999998851 0 0
1955.999999998851 0 0
1956.999999998851 0 0
1957.999999998851 0 0
1958.999999998851 0 0
1959.999999998851 0 0
1960.999999998851 0 0
1961.999999998851 0 0
1962.999999998851 0 0
1963.999999998851 0 0
1964.999999998852 0 0
1965.999999998852 0 0
1966.999999998851 0 0
1967.999999998852 0 0
1968.999999998852 0 0
1969.999999998852 0 0
1970.999999998852 0 0
1971.999999998852 0 0
1972.999999998852 0 0
1973.999999998852 0 0
1974.999999998852 0 0
1975.999999998852 0 0
1976.999999998852 0 0
1977.999999998852 0 0
1978.999999998852 0 0
1979.999999998852 0 0
1980.999999998852 0 0
1981.999999998852 0 0
1982.999999998852 0 0
1983.999999998852 0 0
1984.999999998852 0 0
1985.999999998853 0 0
1986.999999998852 0 0
1987.999999998853 0 0
1988.999999998852 0 0
1989.999999998852 0 0
1990.999999998853 0 0
1991.999999998853 0 0
1992.999999998853 0 0
1993.999999998853 0 0
1994.999999998853 0 0
1995.999999998853 0 0
1996.999999998853 0 0
1997.999999998853 0 0
1998.999999998853 0 0
1999.999999998853 0 0
2000.999999998853 0 0
2001.999999998853 0 0
2002.999999998853 0 0
2003.999999998853 0 0
2004.999999998854 0 0
2005.999999998853 0 0
2006.999999998853 0 0
2007.999999998854 0 0
2008.999999998854 0 0
2009.999999998854 0 0
2010.999999998854 0 0
2011.999999998854 0 0
2012.999999998854 0 0
2013.999999998854 0 0
2014.999999998854 0 0
2015.999999998854 0 0
2016.999999998854 0 0
2017.999999998854 0 0
2018.999999998854 0 0
2019.999999998854 0 0
2020.999999998854 0 0
2021.999999998854 0 0
2022.999999998854 0 0
2023.999999998854 0 0
2024.999999998854 0 0
2025.999999998854 0 0
2026.999999998854 0 0
2027.999999998854 0 0
2028.999999998854 0 0
2029.999999998855 0 0
2030.999999998855 0 0
2031.999999998855 0 0
2032.999999998855 0 0
2033.999999998855 0 0
2034.999999998855 0 0
2035.999999998855 0 0
2036.999999998853 0 0
2037.999999998851 0 0
2038.999999998849 0 0
2039.999999998847 0 0
2040.999999998844 0 0
2041.999999998842 0 0
2042.99999999884 0 0
2043.999999998838 0 0
2044.999999998836 0 0
2045.999999998833 0 0
2046.999999998831 0 0
2047.999999998829 0 0
2048.999999998827 0 0
2049.999999998824 0 0
2050.999999998822 0 0
2051.99999999882 0 0
2052.999999998818 0 0
2053.999999998816 0 0
2054.999999998814 0 0
2055.999999998811 0 0
2056.999999998809 0 0
2057.999999998807 0 0
2058.999999998804 0 0
2059.999999998802 0 0
2060.9999999988 0 0
2061.999999998798 0 0
2062.999999998796 0 0
2063.999999998794 0 0
2064.999999998791 0 0
2065.999999998789 0 0
2066.999999998787 0 0
2067.999999998784 0 0
2068.999999998782 0 0
2069.99999999878 0 0
2070.999999998778 0 0
2071.999999998776 0 0
2072.999999998774 0 0
2073.999999998771 0 0
2074.999999998769 0 0
2075.999999998765 0 0
2076.999999998761 0 0
2077.999999998756 0 0
2078.999999998752 0 0
2079.999999998747 0 0
2080.999999998743 0 0
2081.999999998738 0 0
2082.999999998734 0 0
2083.999999998729 0 0
2084.999999998724 0 0
2085.99999999872 0 0
2086.999999998715 0 0
2087.999999998711 0 0
2088.999999998707 0 0
2089.999999998702 0 0
2090.999999998698 0 0
2091.999999998693 0 0
2092.999999998689 0 0
2093.999999998684 0 0
2094.999999998679 0 0
2095.999999998675 0 0
2096.999999998671 0 0
2097.999999998666 0 0
2098.999999998662 0 0
2099.999999998657 0 0
2100.999999998653 0 0
2101.999999998648 0 0
2102.999999998643 0 0
2103.999999998639 0 0
2104.999999998635 0 0
2105.99999999863 0 0
2106.999999998626 0 0
2107.999999998621 0 0
2108.999999998617 0 0
2109.999999998612 0 0
2110.999999998608 0 0
2111.999999998603 0 0
2112.999999998598 0 0
2113.999999998594 0 0
2114.99999999859 0 0
2115.999999998585 0 0
2116.999999998581 0 0
2117.999999998576 0 0
2118.999999998572 0 0
2119.999999998567 0 0
2120.999999998563 0 0
2121.999999998558 0 0
2122.999999998554 0 0
2123.999999998549 0 0
2124.999999998545 0 0
2125.99999999854 0 0
2126.999999998536 0 0
2127.999999998531 0 0
2128.999999998527 0 0
2129.999999998522 0 0
2130.999999998518 0 0
2131.999999998513 0 0
2132.999999998509 0 0
2133.999999998504 0 0
2134.9999999985 0 0
2135.999999998496 0 0
2136.999999998491 0 0
2137.999999998487 0 0
2138.999999998482 0 0
2139.999999998478 0 0
2140.999999998473 0 0
2141.999999998468 0 0
2142.999999998464 0 0
2143.999999998459 0 0
2144.999999998455 0 0
2145.999999998451 0 0
2146.999999998446 0 0
2147.999999998442 0 0
2148.999999998437 0 0
2149.999999998432 0 0
2150.999999998428 0 0
2151.999999998423 0 0
2152.999999998419 0 0
2153.999999998414 0 0
2154.99999999841 0 0
2155.999999998406 0 0
2156.999999998401 0 0
2157.999999998397 0 0
2158.999999998392 0 0
2159.999999998387 0 0
2160.999999998383 0 0
2161.999999998378 0 0
2162.999999998374 0 0
2163.999999998369 0 0
2164.999999998365 0 0
2165.999999998361 0 0
2166.999999998357 0 0
2167.999999998352 0 0
2168.999999998347 0 0
2169.999999998343 0 0
2170.999999998338 0 0
2171.999999998334 0 0
2172.999999998329 0 0
2173.999999998325 0 0
2174.999999998321 0 0
2175.999999998316 0 0
2176.999999998312 0 0
2177.999999998307 0 0
2178.999999998302 0 0
2179.999999998298 0 0
2180.999999998293 0 0
2181.999999998289 0 0
2182.999999998285 0 0
2183.99999999828 0 0
2184.999999998276 0 0
2185.999999998271 0 0
2186.999999998267 0 0
2187.999999998262 0 0
2188.999999998257 0 0
2189.999999998253 0 0
2190.999999998248 0 0
2191.999999998244 0 0
2192.99999999824 0 0
2193.999999998235 0 0
2194.999999998231 0 0
2195.999999998226 0 0
2196.999999998221 0 0
2197.999999998217 0 0
2198.999999998212 0 0
2199.999999998208 0 0
2200.999999998204 0 0
2201.999999998199 0 0
2202.999999998195 0 0
2203.99999999819 0 0
2204.999999998186 0 0
2205.999999998181 0 0
2206.999999998176 0 0
2207.999999998172 0 0
2208.999999998168 0 0
2209.999999998163 0 0
2210.999999998159 0 0
2211.999999998154 0 0
2212.99999999815 0 0
2213.999999998145 0 0
2214.999999998141 0 0
2215.999999998136 0 0
2216.999999998131 0 0
2217.999999998127 0 0
2218.999999998123 0 0
2219.999999998118 0 0
2220.999999998114 0 0
2221.999999998109 0 0
2222.999999998105 0 0
2223.9999999981 0 0
2224.999999998096 0 0
2225.999999998091 0 0
2226.999999998087 0 0
2227.999999998083 0 0
2228.999999998078 0 0
2229.999999998074 0 0
2230.999999998069 0 0
2231.999999998065 0 0
2232.99999999806 0 0
2233.999999998056 0 0
2234.999999998051 0 0
2235.999999998047 0 0
2236.999999998042 0 0
2237.999999998038 0 0
2238.999999998033 0 0
2239.999999998029 0 0
2240.999999998024 0 0
2241.99999999802 0 0
2242.999999998015 0 0
2243.999999998011 0 0
2244.999999998006 0 0
2245.999999998002 0 0
2246.999999997997 0 0
2247.999999997993 0 0
2248.999999997988 0 0
2249.999999997984 0 0
2250.999999997979 0 0
2251.999999997975 0 0
2252.99999999797 0 0
2253.999999997965 0 0
2254.999999997961 0 0
2255.999999997957 0 0
2256.999999997952 0 0
2257.999999997948 0 0
2258.999999997943 0 0
2259.999999997939 0 0
2260.999999997935 0 0
2261.99999999793 0 0
2262.999999997925 0 0
2263.999999997921 0 0
2264.999999997916 0 0
2265.999999997912 0 0
2266.999999997907 0 0
2267.999999997903 0 0
2268.999999997898 0 0
2269.999999997894 0 0
2270.99999999789 0 0
2271.999999997885 0 0
2272.99999999788 0 0
2273.999999997876 0 0
2274.999999997871 0 0
2275.999999997867 0 0
2276.999999997862 0 0
2277.999999997858 0 0
2278.999999997854 0 0
2279.999999997849 0 0
2280.999999997844 0 0
2281.99999999784 0 0
2282.999999997835 0 0
2283.999999997831 0 0
2284.999999997826 0 0
2285.999999997822 0 0
2286.999999997818 0 0
2287.999999997813 0 0
2288.999999997809 0 0
2289.999999997804 0 0
2290.999999997799 0 0
2291.999999997795 0 0
2292.99999999779 0 0
2293.999999997786 0 0
2294.999999997781 0 0
2295.999999997777 0 0
2296.999999997773 0 0
2297.999999997768 0 0
2298.999999997764 0 0
2299.999999997759 0 0
2300.999999997754 0 0
2301.99999999775 0 0
2302.999999997745 0 0
2303.999999997741 0 0
2304.999999997737 0 0
2305.999999997732 0 0
2306.999999997728 0 0
2307.999999997723 0 0
2308.999999997719 0 0
2309.999999997714 0 0
2310.999999997709 0 0
2311.999999997705 0 0
2312.999999997701 0 0
2313.999999997697 0 0
2314.999999997692 0 0
2315.999999997688 0 0
2316.999999997683 0 0
2317.999999997679 0 0
2318.999999997674 0 0
2319.999999997669 0 0
2320.999999997665 0 0
2321.999999997661 0 0
2322.999999997656 0 0
2323.999999997652 0 0
2324.999999997647 0 0
2325.999999997643 0 0
2326.999999997638 0 0
2327.999999997633 0 0
2328.999999997629 0 0
2329.999999997624 0 0
2330.99999999762 0 0
2331.999999997616 0 0
2332.999999997611 0 0
2333.999999997607 0 0
2334.999999997602 0 0
2335.999999997598 0 0
2336.999999997593 0 0
2337.999999997588 0 0
2338.999999997584 0 0
2339.99999999758 0 0
2340.999999997575 0 0
2341.999999997571 0 0
2342.999999997566 0 0
2343.999999997562 0 0
2344.999999997557 0 0
2345.999999997553 0 0
2346.999999997548 0 0
2347.999999997544 0 0
2348.999999997539 0 0
2349.999999997535 0 0
2350.99999999753 0 0
2351.999999997526 0 0
2352.999999997521 0 0
2353.999999997517 0 0
2354.999999997512 0 0
2355.999999997508 0 0
2356.999999997503 0 0
2357.999999997499 0 0
2358.999999997494 0 0
2359.99999999749 0 0
2360.999999997485 0 0
2361.999999997481 0 0
2362.999999997476 0 0
2363.999999997472 0 0
2364.999999997468 0 0
2365.999999997463 0 0
2366.999999997458 0 0
2367.999999997454 0 0
2368.999999997449 0 0
2369.999999997445 0 0
2370.99999999744 0 0
2371.999999997436 0 0
2372.999999997431 0 0
2373.999999997427 0 0
2374.999999997423 0 0
2375.999999997418 0 0
2376.999999997414 0 0
2377.999999997409 0 0
2378.999999997405 0 0
2379.9999999974 0 0
2380.999999997396 0 0
2381.999999997391 0 0
2382.999999997387 0 0
2383.999999997382 0 0
2384.999999997377 0 0
2385.999999997373 0 0
2386.999999997369 0 0
2387.999999997364 0 0
2388.99999999736 0 0
2389.999999997355 0 0
2390.999999997351 0 0
2391.999999997346 0 0
2392.999999997342 0 0
2393.999999997337 0 0
2394.999999997332 0 0
2395.999999997328 0 0
2396.999999997324 0 0
2397.999999997319 0 0
2398.999999997315 0 0
2399.99999999731 0 0
2400.999999997306 0 0
2401.999999997301 0 0
2402.999999997297 0 0
2403.999999997292 0 0
2404.999999997287 0 0
2405.999999997283 0 0
2406.999999997279 0 0
2407.999999997274 0 0
2408.99999999727 0 0
2409.999999997266 0 0
2410.999999997261 0 0
2411.999999997257 0 0
2412.999999997252 0 0
2413.999999997247 0 0
2414.999999997243 0 0
2415.999999997238 0 0
2416.999999997234 0 0
2417.99999999723 0 0
2418.999999997225 0 0
2419.999999997221 0 0
2420.999999997216 0 0
2421.999999997211 0 0
2422.999999997207 0 0
2423.999999997202 0 0
2424.999999997198 0 0
2425.999999997194 0 0
2426.999999997189 0 0
2427.999999997185 0 0
2428.99999999718 0 0
2429.999999997176 0 0
2430.999999997171 0 0
2431.999999997166 0 0
2432.999999997162 0 0
2433.999999997157 0 0
2434.999999997153 0 0
2435.999999997149 0 0
2436.999999997144 0 0
2437.99999999714 0 0
2438.999999997135 0 0
2439.999999997131 0 0
2440.999999997126 0 0
2441.999999997121 0 0
2442.999999997117 0 0
2443.999999997113 0 0
2444.999999997108 0 0
2445.999999997104 0 0
2446.999999997099 0 0
2447.999999997095 0 0
2448.99999999709 0 0
2449.999999997086 0 0
2450.999999997081 0 0
2451.999999997077 0 0
2452.999999997072 0 0
2453.999999997068 0 0
2454.999999997063 0 0
2455.999999997059 0 0
2456.999999997054 0 0
2457.99999999705 0 0
2458.999999997045 0 0
2459.999999997041 0 0
2460.999999997037 0 0
2461.999999997032 0 0
2462.999999997028 0 0
2463.999999997023 0 0
2464.999999997019 0 0
2465.999999997014 0 0
2466.999999997012 0 0
2467.99999999701 0 0
2468.999999997008 0 0
2469.999999997005 0 0
2470.999999997003 0 0
2471.999999997001 0 0
2472.999999996999 0 0
2473.999999996996 0 0
2474.999999996994 0 0
2475.999999996992 0 0
2476.99999999699 0 0
2477.999999996988 0 0
2478.999999996985 0 0
2479.999999996983 0 0
2480.999999996981 0 0
2481.999999996979 0 0
2482.999999996976 0 0
2483.999999996974 0 0
2484.999999996972 0 0
2485.99999999697 0 0
2486.999999996968 0 0
2487.999999996965 0 0
2488.999999996963 0 0
2489.999999996961 0 0
2490.999999996959 0 0
2491.999999996956 0 0
2492.999999996954 0 0
2493.999999996952 0 0
2494.99999999695 0 0
2495.999999996948 0 0
2496.999999996945 0 0
2497.999999996943 0 0
2498.999999996941 0 0
2499.999999996939 0 0
2500.999999996936 0 0
2501.999999996934 0 0
2502.999999996932 0 0
2503.99999999693 0 0
2504.999999996928 0 0
2505.99999999693 0 0
2506.999999996932 0 0
2507.999999996935 0 0
2508.999999996937 0 0
2509.999999996939 0 0
2510.999999996941 0 0
2511.999999996944 0 0
2512.999999996946 0 0
2513.999999996949 0 0
2514.999999996951 0 0
2515.999999996953 0 0
2516.999999996955 0 0
2517.999999996958 0 0
2518.99999999696 0 0
2519.999999996962 0 0
2520.999999996965 0 0
2521.999999996967 0 0
2522.999999996969 0 0
2523.999999996972 0 0
2524.999999996974 0 0
2525.999999996976 0 0
2526.999999996978 0 0
2527.999999996981 0 0
2528.999999996983 0 0
2529.999999996986 0 0
2530.999999996988 0 0
2531.99999999699 0 0
2532.999999996993 0 0
2533.999999996995 0 0
2534.999999996997 0 0
2535.999999997 0 0
2536.999999997002 0 0
2537.999999997004 0 0
2538.999999997006 0 0
2539.999999997009 0 0
2540.999999997011 0 0
2541.999999997013 0 0
2542.999999997016 0 0
2543.999999997018 0 0
2544.999999997022 0 0
2545.999999997027 0 0
2546.999999997032 0 0
2547.999999997036 0 0
2548.999999997041 0 0
2549.999999997046 0 0
2550.99999999705 0 0
2551.999999997055 0 0
2552.999999997059 0 0
2553.999999997064 0 0
2554.999999997069 0 0
2555.999999997073 0 0
2556.999999997078 0 0
2557.999999997083 0 0
2558.999999997087 0 0
2559.999999997092 0 0
2560.999999997096 0 0
2561.999999997101 0 0
2562.999999997106 0 0
2563.99999999711 0 0
2564.999999997115 0 0
2565.99999999712 0 0
2566.999999997124 0 0
2567.999999997129 0 0
2568.999999997133 0 0
2569.999999997137 0 0
2570.999999997142 0 0
2571.999999997146 0 0
2572.999999997151 0 0
2573.999999997156 0 0
2574.999999997161 0 0
2575.999999997166 0 0
2576.99999999717 0 0
2577.999999997174 0 0
2578.999999997179 0 0
2579.999999997183 0 0
2580.999999997188 0 0
2581.999999997193 0 0
2582.999999997197 0 0
2583.999999997202 0 0
2584.999999997207 0 0
2585.999999997211 0 0
2586.999999997216 0 0
2587.99999999722 0 0
2588.999999997225 0 0
2589.99999999723 0 0
2590.999999997234 0 0
2591.999999997239 0 0
2592.999999997244 0 0
2593.999999997248 0 0
2594.999999997253 0 0
2595.999999997257 0 0
2596.999999997262 0 0
2597.999999997267 0 0
2598.999999997271 0 0
2599.999999997276 0 0
2600.999999997281 0 0
2601.999999997285 0 0
2602.99999999729 0 0
2603.999999997294 0 0
2604.999999997298 0 0
2605.999999997303 0 0
2606.999999997307 0 0
2607.999999997313 0 0
2608.999999997317 0 0
2609.999999997322 0 0
2610.999999997327 0 0
2611.999999997331 0 0
2612.999999997335 0 0
2613.99999999734 0 0
2614.999999997344 0 0
2615.999999997349 0 0
2616.999999997354 0 0
2617.999999997358 0 0
2618.999999997363 0 0
2619.999999997368 0 0
2620.999999997372 0 0
2621.999999997377 0 0
2622.999999997381 0 0
2623.999999997386 0 0
2624.999999997391 0 0
2625.999999997395 0 0
2626.9999999974 0 0
2627.999999997405 0 0
2628.999999997409 0 0
2629.999999997414 0 0
2630.999999997418 0 0
2631.999999997423 0 0
2632.999999997427 0 0
2633.999999997432 0 0
2634.999999997437 0 0
2635.999999997442 0 0
2636.999999997446 0 0
2637.999999997451 0 0
2638.999999997455 0 0
2639.99999999746 0 0
2640.999999997464 0 0
2641.999999997469 0 0
2642.999999997474 0 0
2643.999999997478 0 0
2644.999999997483 0 0
2645.999999997488 0 0
2646.999999997492 0 0
2647.999999997497 0 0
2648.999999997501 0 0
2649.999999997505 0 0
2650.999999997511 0 0
2651.999999997515 0 0
2652.999999997519 0 0
2653.999999997524 0 0
2654.999999997529 0 0
2655.999999997533 0 0
2656.999999997538 0 0
2657.999999997543 0 0
2658.999999997547 0 0
2659.999999997552 0 0
2660.999999997557 0 0
2661.999999997561 0 0
2662.999999997566 0 0
2663.999999997571 0 0
2664.999999997575 0 0
2665.999999997579 0 0
2666.999999997584 0 0
2667.999999997589 0 0
2668.999999997593 0 0
2669.999999997598 0 0
2670.999999997603 0 0
2671.999999997608 0 0
2672.999999997612 0 0
2673.999999997616 0 0
2674.999999997621 0 0
2675.999999997625 0 0
2676.99999999763 0 0
2677.999999997635 0 0
2678.999999997639 0 0
2679.999999997644 0 0
2680.999999997649 0 0
2681.999999997653 0 0
2682.999999997658 0 0
2683.999999997662 0 0
2684.999999997667 0 0
2685.999999997672 0 0
2686.999999997676 0 0
2687.999999997681 0 0
2688.999999997685 0 0
2689.99999999769 0 0
2690.999999997695 0 0
2691.999999997699 0 0
2692.999999997704 0 0
2693.999999997709 0 0
2694.999999997713 0 0
2695.999999997718 0 0
2696.999999997722 0 0
2697.999999997727 0 0
2698.999999997732 0 0
2699.999999997736 0 0
2700.99999999774 0 0
2701.999999997745 0 0
2702.99999999775 0 0
2703.999999997754 0 0
2704.999999997759 0 0
2705.999999997764 0 0
2706.999999997769 0 0
2707.999999997773 0 0
2708.999999997777 0 0
2709.999999997782 0 0
2710.999999997786 0 0
2711.999999997791 0 0
2712.999999997796 0 0
2713.9999999978 0 0
2714.999999997805 0 0
2715.999999997809 0 0
2716.999999997814 0 0
2717.999999997819 0 0
2718.999999997823 0 0
2719.999999997828 0 0
2720.999999997833 0 0
2721.999999997837 0 0
2722.999999997842 0 0
2723.999999997846 0 0
2724.999999997851 0 0
2725.999999997856 0 0
2726.99999999786 0 0
2727.999999997865 0 0
2728.99999999787 0 0
2729.999999997874 0 0
2730.999999997879 0 0
2731.999999997883 0 0
2732.999999997888 0 0
2733.999999997893 0 0
2734.999999997897 0 0
2735.999999997902 0 0
2736.999999997906 0 0
2737.999999997911 0 0
2738.999999997916 0 0
2739.99999999792 0 0
2740.999999997925 0 0
2741.99999999793 0 0
2742.999999997934 0 0
2743.999999997939 0 0
2744.999999997943 0 0
2745.999999997948 0 0
2746.999999997953 0 0
2747.999999997957 0 0
2748.999999997961 0 0
2749.999999997966 0 0
2750.99999999797 0 0
2751.999999997975 0 0
2752.99999999798 0 0
2753.999999997984 0 0
2754.99999999799 0 0
2755.999999997994 0 0
2756.999999997998 0 0
2757.999999998003 0 0
2758.999999998007 0 0
2759.999999998012 0 0
2760.999999998017 0 0
2761.999999998021 0 0
2762.999999998026 0 0
2763.999999998031 0 0
2764.999999998035 0 0
2765.99999999804 0 0
2766.999999998044 0 0
2767.999999998049 0 0
2768.999999998054 0 0
2769.999999998058 0 0
2770.999999998063 0 0
2771.999999998068 0 0
2772.999999998072 0 0
2773.999999998077 0 0
2774.999999998081 0 0
2775.999999998086 0 0
2776.999999998091 0 0
2777.999999998095 0 0
2778.9999999981 0 0
2779.999999998104 0 0
2780.999999998109 0 0
2781.999999998114 0 0
2782.999999998118 0 0
2783.999999998123 0 0
2784.999999998127 0 0
2785.999999998131 0 0
2786.999999998136 0 0
2787.999999998141 0 0
2788.999999998145 0 0
2789.999999998151 0 0
2790.999999998155 0 0
2791.99999999816 0 0
2792.999999998164 0 0
2793.999999998168 0 0
2794.999999998173 0 0
2795.999999998178 0 0
2796.999999998182 0 0
2797.999999998187 0 0
2798.999999998192 0 0
2799.999999998196 0 0
2800.999999998201 0 0
2801.999999998206 0 0
2802.99999999821 0 0
2803.999999998215 0 0
2804.999999998219 0 0
2805.999999998224 0 0
2806.999999998229 0 0
2807.999999998233 0 0
2808.999999998238 0 0
2809.999999998242 0 0
2810.999999998247 0 0
2811.999999998251 0 0
2812.999999998256 0 0
2813.999999998261 0 0
2814.999999998265 0 0
2815.99999999827 0 0
2816.999999998275 0 0
2817.999999998279 0 0
2818.999999998284 0 0
2819.999999998288 0 0
2820.999999998292 0 0
2821.999999998297 0 0
2822.999999998302 0 0
2823.999999998307 0 0
2824.999999998312 0 0
2825.999999998316 0 0
2826.999999998321 0 0
2827.999999998325 0 0
2828.99999999833 0 0
2829.999999998334 0 0
2830.999999998339 0 0
2831.999999998344 0 0
2832.999999998348 0 0
2833.999999998353 0 0
2834.999999998358 0 0
2835.999999998362 0 0
2836.999999998367 0 0
2837.999999998371 0 0
2838.999999998376 0 0
2839.999999998381 0 0
2840.999999998385 0 0
2841.99999999839 0 0
2842.999999998395 0 0
2843.999999998399 0 0
2844.999999998403 0 0
2845.999999998408 0 0
2846.999999998412 0 0
2847.999999998417 0 0
2848.999999998422 0 0
2849.999999998427 0 0
2850.999999998432 0 0
2851.999999998436 0 0
2852.99999999844 0 0
2853.999999998445 0 0
2854.999999998449 0 0
2855.999999998454 0 0
2856.999999998458 0 0
2857.999999998463 0 0
2858.999999998468 0 0
2859.999999998473 0 0
2860.999999998477 0 0
2861.999999998482 0 0
2862.999999998486 0 0
2863.999999998491 0 0
2864.999999998495 0 0
2865.9999999985 0 0
2866.999999998505 0 0
2867.999999998509 0 0
2868.999999998514 0 0
2869.999999998519 0 0
2870.999999998523 0 0
2871.999999998528 0 0
2872.999999998532 0 0
2873.999999998537 0 0
2874.999999998542 0 0
2875.999999998546 0 0
2876.999999998551 0 0
2877.999999998556 0 0
2878.99999999856 0 0
2879.999999998565 0 0
2880.999999998569 0 0
2881.999999998573 0 0
2882.999999998578 0 0
2883.999999998583 0 0
2884.999999998588 0 0
2885.999999998593 0 0
2886.999999998597 0 0
2887.999999998601 0 0
2888.999999998606 0 0
2889.99999999861 0 0
2890.999999998615 0 0
2891.999999998619 0 0
2892.999999998624 0 0
2893.999999998629 0 0
2894.999999998633 0 0
2895.999999998638 0 0
2896.999999998643 0 0
2897.999999998647 0 0
2898.999999998652 0 0
2899.999999998656 0 0
2900.999999998661 0 0
2901.999999998666 0 0
2902.99999999867 0 0
2903.999999998675 0 0
2904.99999999868 0 0
2905.999999998684 0 0
2906.999999998689 0 0
2907.999999998694 0 0
2908.999999998698 0 0
2909.999999998703 0 0
2910.999999998708 0 0
2911.999999998712 0 0
2912.999999998717 0 0
2913.999999998721 0 0
2914.999999998726 0 0
2915.99999999873 0 0
2916.999999998734 0 0
2917.999999998739 0 0
2918.999999998744 0 0
2919.999999998749 0 0
2920.999999998754 0 0
2921.999999998758 0 0
2922.999999998763 0 0
2923.999999998767 0 0
2924.999999998771 0 0
2925.999999998776 0 0
2926.99999999878 0 0
2927.999999998785 0 0
2928.99999999879 0 0
2929.999999998794 0 0
2930.999999998799 0 0
2931.999999998804 0 0
2932.999999998808 0 0
2933.999999998813 0 0
2934.999999998818 0 0
2935.999999998822 0 0
2936.999999998827 0 0
2937.999999998832 0 0
2938.999999998836 0 0
2939.999999998841 0 0
2940.999999998845 0 0
2941.99999999885 0 0
2942.999999998854 0 0
2943.999999998859 0 0
2944.999999998864 0 0
2945.999999998869 0 0
2946.999999998873 0 0
2947.999999998878 0 0
2948.999999998882 0 0
2949.999999998887 0 0
2950.999999998891 0 0
2951.999999998896 0 0
2952.9999999989 0 0
2953.999999998905 0 0
2954.99999999891 0 0
2955.999999998915 0 0
2956.999999998919 0 0
2957.999999998924 0 0
2958.999999998928 0 0
2959.999999998933 0 0
2960.999999998937 0 0
2961.999999998942 0 0
2962.999999998947 0 0
2963.999999998951 0 0
2964.999999998956 0 0
2965.99999999896 0 0
2966.999999998965 0 0
2967.99999999897 0 0
2968.999999998974 0 0
2969.999999998979 0 0
2970.999999998984 0 0
2971.999999998988 0 0
2972.999999998993 0 0
2973.999999998997 0 0
2974.999999999002 0 0
2975.999999999007 0 0
2976.999999999011 0 0
2977.999999999015 0 0
2978.99999999902 0 0
2979.999999999025 0 0
2980.99999999903 0 0
2981.999999999034 0 0
2982.999999999039 0 0
2983.999999999043 0 0
2984.999999999048 0 0
2985.999999999052 0 0
2986.999999999057 0 0
2987.999999999061 0 0
2988.999999999066 0 0
2989.999999999071 0 0
2990.999999999075 0 0
2991.99999999908 0 0
2992.999999999085 0 0
2993.999999999089 0 0
2994.999999999094 0 0
2995.999999999098 0 0
2996.999999999103 0 0
2997.999999999108 0 0
2998.999999999112 0 0
2999.999999999117 0 0
3000.999999999121 0 0
3001.999999999126 0 0
3002.999999999131 0 0
3003.999999999135 0 0
3004.99999999914 0 0
3005.999999999145 0 0
3006.999999999149 0 0
3007.999999999154 0 0
3008.999999999158 0 0
3009.999999999163 0 0
3010.999999999168 0 0
3011.999999999172 0 0
3012.999999999176 0 0
3013.999999999181 0 0
3014.999999999186 0 0
3015.999999999191 0 0
3016.999999999195 0 0
3017.9999999992 0 0
3018.999999999205 0 0
3019.999999999209 0 0
3020.999999999213 0 0
3021.999999999218 0 0
3022.999999999223 0 0
3023.999999999227 0 0
3024.999999999232 0 0
3025.999999999236 0 0
3026.999999999241 0 0
3027.999999999246 0 0
3028.99999999925 0 0
3029.999999999255 0 0
3030.999999999259 0 0
3031.999999999264 0 0
3032.999999999269 0 0
3033.999999999273 0 0
3034.999999999278 0 0
3035.999999999282 0 0
3036.999999999287 0 0
3037.999999999292 0 0
3038.999999999296 0 0
3039.999999999301 0 0
3040.999999999306 0 0
3041.99999999931 0 0
3042.999999999315 0 0
3043.999999999319 0 0
3044.999999999324 0 0
3045.999999999329 0 0
3046.999999999333 0 0
3047.999999999338 0 0
3048.999999999343 0 0
3049.999999999347 0 0
3050.999999999352 0 0
3051.999999999357 0 0
3052.999999999361 0 0
3053.999999999366 0 0
3054.99999999937 0 0
3055.999999999375 0 0
3056.999999999379 0 0
3057.999999999384 0 0
3058.999999999389 0 0
3059.999999999393 0 0
3060.999999999397 0 0
3061.999999999402 0 0
3062.999999999407 0 0
3063.999999999412 0 0
3064.999999999416 0 0
3065.99999999942 0 0
3066.999999999426 0 0
3067.99999999943 0 0
3068.999999999434 0 0
3069.999999999439 0 0
3070.999999999443 0 0
3071.999999999448 0 0
3072.999999999453 0 0
3073.999999999457 0 0
3074.999999999462 0 0
3075.999999999467 0 0
3076.999999999471 0 0
3077.999999999476 0 0
3078.999999999481 0 0
3079.999999999485 0 0
3080.99999999949 0 0
3081.999999999494 0 0
3082.999999999499 0 0
3083.999999999504 0 0
3084.999999999508 0 0
3085.999999999513 0 0
3086.999999999518 0 0
3087.999999999522 0 0
3088.999999999527 0 0
3089.999999999531 0 0
3090.999999999536 0 0
3091.99999999954 0 0
3092.999999999545 0 0
3093.99999999955 0 0
3094.999999999554 0 0
3095.999999999558 0 0
3096.999999999563 0 0
3097.999999999568 0 0
3098.999999999573 0 0
3099.999999999577 0 0
3100.999999999582 0 0
3101.999999999587 0 0
3102.999999999591 0 0
3103.999999999595 0 0
3104.9999999996 0 0
3105.999999999605 0 0
3106.999999999609 0 0
3107.999999999614 0 0
3108.999999999618 0 0
3109.999999999623 0 0
3110.999999999628 0 0
3111.999999999632 0 0
3112.999999999637 0 0
3113.999999999642 0 0
3114.999999999646 0 0
3115.999999999651 0 0
3116.999999999655 0 0
3117.99999999966 0 0
3118.999999999665 0 0
3119.999999999669 0 0
3120.999999999674 0 0
3121.999999999678 0 0
3122.999999999683 0 0
3123.999999999688 0 0
3124.999999999692 0 0
3125.999999999697 0 0
3126.999999999702 0 0
3127.999999999706 0 0
3128.999999999711 0 0
3129.999999999715 0 0
3130.99999999972 0 0
3131.999999999724 0 0
3132.999999999729 0 0
3133.999999999734 0 0
3134.999999999738 0 0
3135.999999999743 0 0
3136.999999999748 0 0
3137.999999999752 0 0
3138.999999999757 0 0
3139.999999999761 0 0
3140.999999999766 0 0
3141.99999999977 0 0
3142.999999999775 0 0
3143.99999999978 0 0
3144.999999999784 0 0
3145.999999999789 0 0
3146.999999999794 0 0
3147.999999999798 0 0
3148.999999999803 0 0
3149.999999999807 0 0
3150.999999999812 0 0
3151.999999999817 0 0
3152.999999999821 0 0
3153.999999999826 0 0
3154.999999999831 0 0
3155.999999999835 0 0
3156.999999999839 0 0
3157.999999999844 0 0
3158.999999999849 0 0
3159.999999999854 0 0
3160.999999999858 0 0
3161.999999999863 0 0
3162.999999999868 0 0
3163.999999999872 0 0
3164.999999999876 0 0
3165.999999999881 0 0
3166.999999999885 0 0
3167.99999999989 0 0
3168.999999999894 0 0
3169.999999999899 0 0
3170.999999999904 0 0
3171.999999999909 0 0
3172.999999999913 0 0
3173.999999999918 0 0
3174.999999999922 0 0
3175.999999999927 0 0
3176.999999999931 0 0
3177.999999999936 0 0
3178.999999999941 0 0
3179.999999999945 0 0
3180.99999999995 0 0
3181.999999999955 0 0
3182.999999999959 0 0
3183.999999999964 0 0
3184.999999999969 0 0
3185.999999999973 0 0
3186.999999999978 0 0
3187.999999999983 0 0
3188.999999999987 0 0
3189.999999999992 0 0
3190.999999999996 0 0
3192 0 0
3193.000000000005 0 0
3194.00000000001 0 0
3195.000000000015 0 0
3196.000000000019 0 0
3197.000000000024 0 0
3198.000000000029 0 0
3199.000000000033 0 0
3200.000000000037 0 0
3201.000000000042 0 0
3202.000000000046 0 0
3203.000000000051 0 0
3204.000000000055 0 0
3205.00000000006 0 0
3206.000000000065 0 0
3207.00000000007 0 0
3208.000000000074 0 0
3209.000000000079 0 0
3210.000000000083 0 0
3211.000000000088 0 0
3212.000000000093 0 0
3213.000000000097 0 0
3214.000000000102 0 0
3215.000000000107 0 0
3216.000000000111 0 0
3217.000000000116 0 0
3218.00000000012 0 0
3219.000000000125 0 0
3220.00000000013 0 0
3221.000000000134 0 0
3222.000000000139 0 0
3223.000000000144 0 0
3224.000000000148 0 0
3225.000000000153 0 0
3226.000000000157 0 0
3227.000000000162 0 0
3228.000000000166 0 0
3229.000000000171 0 0
3230.000000000176 0 0
3231.000000000181 0 0
3232.000000000185 0 0
3233.00000000019 0 0
3234.000000000194 0 0
3235.000000000199 0 0
3236.000000000203 0 0
3237.000000000207 0 0
3238.000000000212 0 0
3239.000000000217 0 0
3240.000000000221 0 0
3241.000000000226 0 0
3242.000000000231 0 0
3243.000000000236 0 0
3244.00000000024 0 0
3245.000000000244 0 0
3246.000000000249 0 0
3247.000000000254 0 0
3248.000000000258 0 0
3249.000000000263 0 0
3250.000000000268 0 0
3251.000000000272 0 0
3252.000000000277 0 0
3253.000000000281 0 0
3254.000000000286 0 0
3255.000000000291 0 0
3256.000000000295 0 0
3257.0000000003 0 0
3258.000000000305 0 0
3259.000000000309 0 0
3260.000000000314 0 0
3261.000000000318 0 0
3262.000000000323 0 0
3263.000000000327 0 0
3264.000000000332 0 0
3265.000000000337 0 0
3266.000000000342 0 0
3267.000000000346 0 0
3268.000000000351 0 0
3269.000000000355 0 0
3270.00000000036 0 0
3271.000000000364 0 0
3272.000000000368 0 0
3273.000000000373 0 0
3274.000000000378 0 0
3275.000000000382 0 0
3276.000000000387 0 0
3277.000000000392 0 0
3278.000000000397 0 0
3279.000000000401 0 0
3280.000000000405 0 0
3281.00000000041 0 0
3282.000000000415 0 0
3283.000000000419 0 0
3284.000000000424 0 0
3285.000000000429 0 0
3286.000000000433 0 0
3287.000000000438 0 0
3288.000000000442 0 0
3289.000000000447 0 0
3290.000000000452 0 0
3291.000000000456 0 0
3292.000000000461 0 0
3293.000000000466 0 0
3294.00000000047 0 0
3295.000000000475 0 0
3296.000000000479 0 0
3297.000000000484 0 0
3298.000000000488 0 0
3299.000000000493 0 0
3300.000000000498 0 0
3301.000000000502 0 0
3302.000000000507 0 0
3303.000000000512 0 0
3304.000000000516 0 0
3305.000000000521 0 0
3306.000000000525 0 0
3307.00000000053 0 0
3308.000000000534 0 0
3309.000000000539 0 0
3310.000000000544 0 0
3311.000000000548 0 0
3312.000000000553 0 0
3313.000000000558 0 0
3314.000000000562 0 0
3315.000000000567 0 0
3316.000000000571 0 0
3317.000000000576 0 0
3318.000000000581 0 0
3319.000000000585 0 0
3320.00000000059 0 0
3321.000000000595 0 0
3322.000000000599 0 0
3323.000000000604 0 0
3324.000000000608 0 0
3325.000000000613 0 0
3326.000000000618 0 0
3327.000000000622 0 0
3328.000000000627 0 0
3329.000000000632 0 0
3330.000000000636 0 0
3331.000000000641 0 0
3332.000000000645 0 0
3333.000000000649 0 0
3334.000000000654 0 0
3335.000000000659 0 0
3336.000000000663 0 0
3337.000000000668 0 0
3338.000000000673 0 0
3339.000000000678 0 0
3340.000000000682 0 0
3341.000000000686 0 0
3342.000000000691 0 0
3343.000000000695 0 0
3344.0000000007 0 0
3345.000000000705 0 0
3346.000000000709 0 0
3347.000000000714 0 0
3348.000000000719 0 0
3349.000000000723 0 0
3350.000000000728 0 0
3351.000000000732 0 0
3352.000000000737 0 0
3353.000000000742 0 0
3354.000000000746 0 0
3355.000000000751 0 0
3356.000000000756 0 0
3357.00000000076 0 0
3358.000000000765 0 0
3359.000000000769 0 0
3360.000000000774 0 0
3361.000000000779 0 0
3362.000000000783 0 0
3363.000000000788 0 0
3364.000000000793 0 0
3365.000000000797 0 0
3366.000000000802 0 0
3367.000000000806 0 0
3368.00000000081 0 0
3369.000000000815 0 0
3370.00000000082 0 0
3371.000000000824 0 0
3372.000000000829 0 0
3373.000000000834 0 0
3374.000000000839 0 0
3375.000000000843 0 0
3376.000000000847 0 0
3377.000000000852 0 0
3378.000000000857 0 0
3379.000000000861 0 0
3380.000000000866 0 0
3381.00000000087 0 0
3382.000000000875 0 0
3383.00000000088 0 0
3384.000000000884 0 0
3385.000000000889 0 0
3386.000000000893 0 0
3387.000000000898 0 0
3388.000000000903 0 0
3389.000000000907 0 0
3390.000000000912 0 0
3391.000000000917 0 0
3392.000000000921 0 0
3393.000000000926 0 0
3394.00000000093 0 0
3395.000000000935 0 0
3396.00000000094 0 0
3397.000000000944 0 0
3398.000000000949 0 0
3399.000000000954 0 0
3400.000000000958 0 0
3401.000000000963 0 0
3402.000000000967 0 0
3403.000000000972 0 0
3404.000000000977 0 0
3405.000000000981 0 0
3406.000000000986 0 0
3407.00000000099 0 0
3408.000000000995 0 0
3409.000000001 0 0
3410.000000001004 0 0
3411.000000001009 0 0
3412.000000001013 0 0
3413.000000001018 0 0
3414.000000001023 0 0
3415.000000001027 0 0
3416.000000001031 0 0
3417.000000001036 0 0
3418.000000001041 0 0
3419.000000001045 0 0
3420.00000000105 0 0
3421.000000001054 0 0
3422.00000000106 0 0
3423.000000001064 0 0
3424.000000001068 0 0
3425.000000001073 0 0
3426.000000001078 0 0
3427.000000001082 0 0
3428.000000001087 0 0
3429.000000001091 0 0
3430.000000001096 0 0
3431.000000001101 0 0
3432.000000001105 0 0
3433.00000000111 0 0
3434.000000001115 0 0
3435.00000000112 0 0
3436.000000001124 0 0
3437.000000001128 0 0
3438.000000001133 0 0
3439.000000001138 0 0
3440.000000001142 0 0
3441.000000001147 0 0
3442.000000001151 0 0
3443.000000001156 0 0
3444.000000001161 0 0
3445.000000001165 0 0
3446.00000000117 0 0
3447.000000001174 0 0
3448.000000001179 0 0
3449.000000001184 0 0
3450.000000001188 0 0
3451.000000001192 0 0
3452.000000001197 0 0
3453.000000001202 0 0
3454.000000001206 0 0
3455.000000001211 0 0
3456.000000001216 0 0
3457.000000001221 0 0
3458.000000001225 0 0
3459.00000000123 0 0
3460.000000001234 0 0
3461.000000001239 0 0
3462.000000001244 0 0
3463.000000001248 0 0
3464.000000001252 0 0
3465.000000001258 0 0
3466.000000001262 0 0
3467.000000001266 0 0
3468.000000001271 0 0
3469.000000001276 0 0
3470.000000001281 0 0
3471.000000001285 0 0
3472.000000001289 0 0
3473.000000001294 0 0
3474.000000001299 0 0
3475.000000001303 0 0
3476.000000001308 0 0
3477.000000001312 0 0
3478.000000001317 0 0
3479.000000001321 0 0
3480.000000001326 0 0
3481.000000001331 0 0
3482.000000001336 0 0
3483.00000000134 0 0
3484.000000001345 0 0
3485.000000001349 0 0
3486.000000001354 0 0
3487.000000001358 0 0
3488.000000001363 0 0
3489.000000001368 0 0
3490.000000001372 0 0
3491.000000001377 0 0
3492.000000001382 0 0
3493.000000001386 0 0
3494.000000001391 0 0
3495.000000001395 0 0
3496.0000000014 0 0
3497.000000001405 0 0
3498.000000001409 0 0
3499.000000001414 0 0
3500.000000001419 0 0
3501.000000001423 0 0
3502.000000001428 0 0
3503.000000001432 0 0
3504.000000001437 0 0
3505.000000001442 0 0
3506.000000001446 0 0
3507.000000001451 0 0
3508.000000001456 0 0
3509.00000000146 0 0
3510.000000001465 0 0
3511.000000001469 0 0
3512.000000001473 0 0
3513.000000001478 0 0
3514.000000001482 0 0
3515.000000001487 0 0
3516.000000001492 0 0
3517.000000001497 0 0
3518.000000001502 0 0
3519.000000001506 0 0
3520.00000000151 0 0
3521.000000001515 0 0
3522.000000001519 0 0
3523.000000001524 0 0
3524.000000001529 0 0
3525.000000001533 0 0
3526.000000001538 0 0
3527.000000001543 0 0
3528.000000001547 0 0
3529.000000001552 0 0
3530.000000001556 0 0
3531.000000001561 0 0
3532.000000001566 0 0
3533.00000000157 0 0
3534.000000001575 0 0
3535.00000000158 0 0
3536.000000001584 0 0
3537.000000001589 0 0
3538.000000001593 0 0
3539.000000001598 0 0
3540.000000001603 0 0
3541.000000001607 0 0
3542.000000001612 0 0
3543.000000001617 0 0
3544.000000001621 0 0
3545.000000001626 0 0
3546.00000000163 0 0
3547.000000001634 0 0
3548.000000001639 0 0
3549.000000001643 0 0
3550.000000001648 0 0
3551.000000001653 0 0
3552.000000001658 0 0
3553.000000001663 0 0
3554.000000001667 0 0
3555.000000001671 0 0
3556.000000001676 0 0
3557.00000000168 0 0
3558.000000001685 0 0
3559.00000000169 0 0
3560.000000001694 0 0
3561.000000001699 0 0
3562.000000001704 0 0
3563.000000001708 0 0
3564.000000001713 0 0
3565.000000001717 0 0
3566.000000001722 0 0
3567.000000001727 0 0
3568.000000001731 0 0
3569.000000001736 0 0
3570.000000001741 0 0
3571.000000001745 0 0
3572.00000000175 0 0
3573.000000001754 0 0
3574.000000001759 0 0
3575.000000001764 0 0
3576.000000001768 0 0
3577.000000001773 0 0
3578.000000001778 0 0
3579.000000001782 0 0
3580.000000001787 0 0
3581.000000001791 0 0
3582.000000001796 0 0
3583.0000000018 0 0
3584.000000001804 0 0
3585.000000001809 0 0
3586.000000001814 0 0
3587.000000001819 0 0
3588.000000001824 0 0
3589.000000001828 0 0
3590.000000001833 0 0
3591.000000001837 0 0
3592.000000001841 0 0
3593.000000001846 0 0
3594.000000001851 0 0
3595.000000001855 0 0
3596.00000000186 0 0
3597.000000001865 0 0
3598.00000000187 0 0
3599.000000001874 0 0
3600.000000001879 0 0
3601.000000001883 0 0
3602.000000001888 0 0
3603.000000001893 0 0
3604.000000001897 0 0
3605.000000001902 0 0
3606.000000001907 0 0
3607.000000001911 0 0
3608.000000001915 0 0
3609.00000000192 0 0
3610.000000001924 0 0
3611.000000001929 0 0
3612.000000001934 0 0
3613.000000001939 0 0
3614.000000001944 0 0
3615.000000001948 0 0
3616.000000001952 0 0
3617.000000001957 0 0
3618.000000001961 0 0
3619.000000001966 0 0
3620.00000000197 0 0
3621.000000001975 0 0
3622.00000000198 0 0
3623.000000001985 0 0
3624.000000001989 0 0
3625.000000001994 0 0
3626.000000001998 0 0
3627.000000002003 0 0
3628.000000002007 0 0
3629.000000002012 0 0
3630.000000002017 0 0
3631.000000002021 0 0
3632.000000002026 0 0
3633.000000002031 0 0
3634.000000002035 0 0
3635.00000000204 0 0
3636.000000002044 0 0
3637.000000002049 0 0
3638.000000002054 0 0
3639.000000002058 0 0
3640.000000002063 0 0
3641.000000002068 0 0
3642.000000002072 0 0
3643.000000002076 0 0
3644.000000002081 0 0
3645.000000002085 0 0
3646.00000000209 0 0
3647.000000002095 0 0
3648.0000000021 0 0
3649.000000002105 0 0
3650.000000002109 0 0
3651.000000002113 0 0
3652.000000002118 0 0
3653.000000002122 0 0
3654.000000002127 0 0
3655.000000002131 0 0
3656.000000002136 0 0
3657.000000002141 0 0
3658.000000002145 0 0
3659.00000000215 0 0
3660.000000002155 0 0
3661.000000002159 0 0
3662.000000002164 0 0
3663.000000002168 0 0
3664.000000002173 0 0
3665.000000002178 0 0
3666.000000002182 0 0
3667.000000002187 0 0
3668.000000002192 0 0
3669.000000002196 0 0
3670.000000002201 0 0
3671.000000002205 0 0
3672.00000000221 0 0
3673.000000002215 0 0
3674.000000002219 0 0
3675.000000002224 0 0
3676.000000002229 0 0
3677.000000002233 0 0
3678.000000002238 0 0
3679.000000002242 0 0
3680.000000002246 0 0
3681.000000002251 0 0
3682.000000002256 0 0
3683.000000002261 0 0
3684.000000002266 0 0
3685.00000000227 0 0
3686.000000002275 0 0
3687.000000002279 0 0
3688.000000002283 0 0
3689.000000002288 0 0
3690.000000002293 0 0
3691.000000002297 0 0
3692.000000002302 0 0
3693.000000002306 0 0
3694.000000002311 0 0
3695.000000002316 0 0
3696.00000000232 0 0
3697.000000002325 0 0
3698.000000002329 0 0
3699.000000002334 0 0
3700.000000002339 0 0
3701.000000002343 0 0
3702.000000002348 0 0
3703.000000002353 0 0
3704.000000002357 0 0
3705.000000002362 0 0
3706.000000002367 0 0
3707.000000002371 0 0
3708.000000002376 0 0
3709.000000002381 0 0
3710.000000002385 0 0
3711.00000000239 0 0
3712.000000002394 0 0
3713.000000002399 0 0
3714.000000002403 0 0
3715.000000002408 0 0
3716.000000002413 0 0
3717.000000002417 0 0
3718.000000002422 0 0
3719.000000002427 0 0
3720.000000002431 0 0
3721.000000002436 0 0
3722.00000000244 0 0
3723.000000002445 0 0
3724.000000002449 0 0
3725.000000002454 0 0
3726.000000002459 0 0
3727.000000002463 0 0
3728.000000002467 0 0
3729.000000002472 0 0
3730.000000002477 0 0
3731.000000002481 0 0
3732.000000002486 0 0
3733.000000002491 0 0
3734.000000002495 0 0
3735.0000000025 0 0
3736.000000002505 0 0
3737.000000002509 0 0
3738.000000002514 0 0
3739.000000002518 0 0
3740.000000002523 0 0
3741.000000002527 0 0
3742.000000002532 0 0
3743.000000002537 0 0
3744.000000002542 0 0
3745.000000002546 0 0
3746.000000002551 0 0
3747.000000002555 0 0
3748.00000000256 0 0
3749.000000002564 0 0
3750.000000002569 0 0
3751.000000002574 0 0
3752.000000002578 0 0
3753.000000002583 0 0
3754.000000002588 0 0
3755.000000002592 0 0
3756.000000002597 0 0
3757.000000002601 0 0
3758.000000002606 0 0
3759.000000002611 0 0
3760.000000002615 0 0
3761.00000000262 0 0
3762.000000002624 0 0
3763.000000002629 0 0
3764.000000002633 0 0
3765.000000002638 0 0
3766.000000002643 0 0
3767.000000002647 0 0
3768.000000002652 0 0
3769.000000002657 0 0
3770.000000002661 0 0
3771.000000002666 0 0
3772.00000000267 0 0
3773.000000002675 0 0
3774.00000000268 0 0
3775.000000002684 0 0
3776.000000002688 0 0
3777.000000002694 0 0
3778.000000002698 0 0
3779.000000002703 0 0
3780.000000002707 0 0
3781.000000002712 0 0
3782.000000002717 0 0
3783.000000002721 0 0
3784.000000002725 0 0
3785.000000002731 0 0
3786.000000002735 0 0
3787.000000002739 0 0
3788.000000002744 0 0
3789.000000002748 0 0
3790.000000002753 0 0
3791.000000002758 0 0
3792.000000002762 0 0
3793.000000002767 0 0
3794.000000002772 0 0
3795.000000002776 0 0
3796.000000002781 0 0
3797.000000002785 0 0
3798.00000000279 0 0
3799.000000002794 0 0
3800.000000002799 0 0
3801.000000002804 0 0
3802.000000002808 0 0
3803.000000002813 0 0
3804.000000002818 0 0
3805.000000002822 0 0
3806.000000002827 0 0
3807.000000002831 0 0
3808.000000002836 0 0
3809.000000002841 0 0
3810.000000002845 0 0
3811.00000000285 0 0
3812.000000002855 0 0
3813.000000002859 0 0
3814.000000002864 0 0
3815.000000002868 0 0
3816.000000002873 0 0
3817.000000002878 0 0
3818.000000002882 0 0
3819.000000002886 0 0
3820.000000002892 0 0
3821.000000002896 0 0
3822.0000000029 0 0
3823.000000002905 0 0
3824.000000002909 0 0
3825.000000002914 0 0
3826.000000002919 0 0
3827.000000002923 0 0
3828.000000002928 0 0
3829.000000002933 0 0
3830.000000002937 0 0
3831.000000002942 0 0
3832.000000002946 0 0
3833.000000002951 0 0
3834.000000002955 0 0
3835.00000000296 0 0
3836.000000002965 0 0
3837.00000000297 0 0
3838.000000002974 0 0
3839.000000002979 0 0
3840.000000002983 0 0
3841.000000002988 0 0
3842.000000002992 0 0
3843.000000002997 0 0
3844.000000003002 0 0
3845.000000003006 0 0
3846.000000003011 0 0
3847.000000003016 0 0
3848.00000000302 0 0
3849.000000003025 0 0
3850.00000000303 0 0
3851.000000003034 0 0
3852.000000003039 0 0
3853.000000003043 0 0
3854.000000003048 0 0
3855.000000003053 0 0
3856.000000003057 0 0
3857.000000003062 0 0
3858.000000003066 0 0
3859.00000000307 0 0
3860.000000003075 0 0
3861.00000000308 0 0
3862.000000003085 0 0
3863.00000000309 0 0
3864.000000003094 0 0
3865.000000003099 0 0
3866.000000003103 0 0
3867.000000003107 0 0
3868.000000003112 0 0
3869.000000003116 0 0
3870.000000003121 0 0
3871.000000003126 0 0
3872.000000003131 0 0
3873.000000003135 0 0
3874.00000000314 0 0
3875.000000003144 0 0
3876.000000003149 0 0
3877.000000003154 0 0
3878.000000003158 0 0
3879.000000003163 0 0
3880.000000003167 0 0
3881.000000003172 0 0
3882.000000003177 0 0
3883.000000003181 0 0
3884.000000003186 0 0
3885.000000003191 0 0
3886.000000003195 0 0
3887.0000000032 0 0
3888.000000003204 0 0
3889.000000003209 0 0
3890.000000003214 0 0
3891.000000003218 0 0
3892.000000003223 0 0
3893.000000003227 0 0
3894.000000003232 0 0
3895.000000003236 0 0
3896.000000003241 0 0
3897.000000003246 0 0
3898.000000003251 0 0
3899.000000003255 0 0
3900.00000000326 0 0
3901.000000003264 0 0
3902.000000003269 0 0
3903.000000003273 0 0
3904.000000003278 0 0
3905.000000003282 0 0
3906.000000003287 0 0
3907.000000003292 0 0
3908.000000003296 0 0
3909.000000003301 0 0
3910.000000003306 0 0
3911.00000000331 0 0
3912.000000003315 0 0
3913.000000003319 0 0
3914.000000003324 0 0
3915.000000003329 0 0
3916.000000003333 0 0
3917.000000003338 0 0
3918.000000003342 0 0
3919.000000003347 0 0
3920.000000003351 0 0
3921.000000003356 0 0
3922.000000003361 0 0
3923.000000003365 0 0
3924.00000000337 0 0
3925.000000003375 0 0
3926.000000003379 0 0
3927.000000003384 0 0
3928.000000003388 0 0
3929.000000003393 0 0
3930.000000003397 0 0
3931.000000003402 0 0
3932.000000003407 0 0
3933.000000003412 0 0
3934.000000003416 0 0
3935.000000003421 0 0
3936.000000003425 0 0
3937.00000000343 0 0
3938.000000003434 0 0
3939.000000003439 0 0
3940.000000003443 0 0
3941.000000003448 0 0
3942.000000003453 0 0
3943.000000003457 0 0
3944.000000003462 0 0
3945.000000003467 0 0
3946.000000003471 0 0
3947.000000003476 0 0
3948.00000000348 0 0
3949.000000003485 0 0
3950.00000000349 0 0
3951.000000003494 0 0
3952.000000003499 0 0
3953.000000003504 0 0
3954.000000003508 0 0
3955.000000003512 0 0
3956.000000003517 0 0
3957.000000003522 0 0
3958.000000003527 0 0
3959.000000003532 0 0
3960.000000003536 0 0
3961.000000003541 0 0
3962.000000003545 0 0
3963.000000003549 0 0
3964.000000003554 0 0
3965.000000003558 0 0
3966.000000003563 0 0
3967.000000003568 0 0
3968.000000003572 0 0
3969.000000003577 0 0
3970.000000003582 0 0
3971.000000003586 0 0
3972.000000003591 0 0
3973.000000003595 0 0
3974.0000000036 0 0
3975.000000003604 0 0
3976.000000003609 0 0
3977.000000003614 0 0
3978.000000003618 0 0
3979.000000003623 0 0
3980.000000003628 0 0
3981.000000003632 0 0
3982.000000003637 0 0
3983.000000003642 0 0
3984.000000003646 0 0
3985.000000003651 0 0
3986.000000003656 0 0
3987.00000000366 0 0
3988.000000003665 0 0
3989.000000003669 0 0
3990.000000003674 0 0
3991.000000003678 0 0
3992.000000003683 0 0
3993.000000003688 0 0
3994.000000003693 0 0
3995.000000003697 0 0
3996.000000003702 0 0
3997.000000003706 0 0
3998.000000003711 0 0
3999.000000003715 0 0
4000.000000003719 0 0
4001.000000003724 0 0
4002.000000003729 0 0
4003.000000003733 0 0
4004.000000003738 0 0
4005.000000003743 0 0
4006.000000003747 0 0
4007.000000003752 0 0
4008.000000003756 0 0
4009.000000003761 0 0
4010.000000003766 0 0
4011.00000000377 0 0
4012.000000003775 0 0
4013.00000000378 0 0
4014.000000003784 0 0
4015.000000003789 0 0
4016.000000003793 0 0
4017.000000003798 0 0
4018.000000003803 0 0
4019.000000003807 0 0
4020.000000003812 0 0
4021.000000003817 0 0
4022.000000003821 0 0
4023.000000003826 0 0
4024.00000000383 0 0
4025.000000003835 0 0
4026.000000003839 0 0
4027.000000003844 0 0
4028.000000003849 0 0
4029.000000003854 0 0
4030.000000003858 0 0
4031.000000003863 0 0
4032.000000003867 0 0
4033.000000003872 0 0
4034.000000003876 0 0
4035.00000000388 0 0
4036.000000003885 0 0
4037.00000000389 0 0
4038.000000003894 0 0
4039.000000003899 0 0
4040.000000003904 0 0
4041.000000003909 0 0
4042.000000003913 0 0
4043.000000003917 0 0
4044.000000003922 0 0
4045.000000003927 0 0
4046.000000003931 0 0
4047.000000003936 0 0
4048.000000003941 0 0
4049.000000003945 0 0
4050.00000000395 0 0
4051.000000003954 0 0
4052.000000003959 0 0
4053.000000003964 0 0
4054.000000003968 0 0
4055.000000003973 0 0
4056.000000003978 0 0
4057.000000003982 0 0
4058.000000003987 0 0
4059.000000003991 0 0
4060.000000003996 0 0
4061.000000004 0 0
4062.000000004005 0 0
4063.00000000401 0 0
4064.000000004015 0 0
4065.000000004019 0 0
4066.000000004024 0 0
4067.000000004028 0 0
4068.00000000403 0 0
4069.00000000403 0 0
4070.00000000403 0 0
4071.000000004031 0 0
4072.000000004031 0 0
4073.000000004031 0 0
4074.000000004031 0 0
4075.000000004031 0 0
4076.000000004031 0 0
4077.000000004031 0 0
4078.000000004031 0 0
4079.000000004031 0 0
4080.000000004031 0 0
4081.000000004031 0 0
4082.000000004031 0 0
4083.000000004032 0 0
4084.000000004032 0 0
4085.000000004031 0 0
4086.000000004031 0 0
4087.000000004031 0 0
4088.000000004032 0 0
4089.000000004032 0 0
4090.000000004032 0 0
4091.000000004032 0 0
4092.000000004032 0 0
4093.000000004032 0 0
4094.000000004032 0 0
4095.000000004032 0 0
4096.000000004032 0 0
4097.000000004033 0 0
4098.000000004033 0 0
4099.000000004033 0 0
4100.000000004033 0 0
4101.000000004033 0 0
4102.000000004033 0 0
4103.000000004033 0 0
4104.000000004034 0 0
4105.000000004034 0 0
4106.000000004033 0 0
4107.000000004031 0 0
4108.000000004026 0 0
4109.000000004022 0 0
4110.000000004017 0 0
4111.000000004013 0 0
4112.000000004008 0 0
4113.000000004004 0 0
4114.000000003999 0 0
4115.000000003995 0 0
4116.00000000399 0 0
4117.000000003985 0 0
4118.000000003981 0 0
4119.000000003977 0 0
4120.000000003973 0 0
4121.000000003969 0 0
4122.000000003964 0 0
4123.00000000396 0 0
4124.000000003955 0 0
4125.000000003951 0 0
4126.000000003946 0 0
4127.000000003942 0 0
4128.000000003937 0 0
4129.000000003933 0 0
4130.000000003928 0 0
4131.000000003924 0 0
4132.000000003919 0 0
4133.000000003914 0 0
4134.00000000391 0 0
4135.000000003905 0 0
4136.000000003901 0 0
4137.000000003896 0 0
4138.000000003892 0 0
4139.000000003887 0 0
4140.000000003883 0 0
4141.000000003878 0 0
4142.000000003874 0 0
4143.00000000387 0 0
4144.000000003865 0 0
4145.000000003861 0 0
4146.000000003856 0 0
4147.000000003852 0 0
4148.000000003847 0 0
4149.000000003843 0 0
4150.000000003838 0 0
4151.000000003834 0 0
4152.000000003829 0 0
4153.000000003824 0 0
4154.00000000382 0 0
4155.000000003815 0 0
4156.000000003811 0 0
4157.000000003806 0 0
4158.000000003802 0 0
4159.000000003797 0 0
4160.000000003793 0 0
4161.000000003788 0 0
4162.000000003783 0 0
4163.00000000378 0 0
4164.000000003775 0 0
4165.000000003771 0 0
4166.000000003766 0 0
4167.000000003762 0 0
4168.000000003757 0 0
4169.000000003753 0 0
4170.000000003748 0 0
4171.000000003743 0 0
4172.000000003739 0 0
4173.000000003734 0 0
4174.00000000373 0 0
4175.000000003725 0 0
4176.000000003721 0 0
4177.000000003716 0 0
4178.000000003712 0 0
4179.000000003707 0 0
4180.000000003703 0 0
4181.000000003698 0 0
4182.000000003693 0 0
4183.000000003689 0 0
4184.000000003684 0 0
4185.000000003681 0 0
4186.000000003676 0 0
4187.000000003672 0 0
4188.000000003668 0 0
4189.000000003663 0 0
4190.000000003659 0 0
4191.000000003654 0 0
4192.00000000365 0 0
4193.000000003645 0 0
4194.000000003641 0 0
4195.000000003636 0 0
4196.000000003632 0 0
4197.000000003627 0 0
4198.000000003623 0 0
4199.000000003618 0 0
4200.000000003613 0 0
4201.000000003609 0 0
4202.000000003604 0 0
4203.0000000036 0 0
4204.000000003595 0 0
4205.000000003592 0 0
4206.000000003587 0 0
4207.000000003582 0 0
4208.000000003578 0 0
4209.000000003573 0 0
4210.000000003569 0 0
4211.000000003564 0 0
4212.00000000356 0 0
4213.000000003555 0 0
4214.000000003551 0 0
4215.000000003546 0 0
4216.000000003542 0 0
4217.000000003537 0 0
4218.000000003532 0 0
4219.000000003528 0 0
4220.000000003523 0 0
4221.000000003519 0 0
4222.000000003514 0 0
4223.000000003511 0 0
4224.000000003506 0 0
4225.000000003502 0 0
4226.000000003497 0 0
4227.000000003492 0 0
4228.000000003488 0 0
4229.000000003483 0 0
4230.000000003479 0 0
4231.000000003474 0 0
4232.00000000347 0 0
4233.000000003465 0 0
4234.000000003461 0 0
4235.000000003456 0 0
4236.000000003452 0 0
4237.000000003447 0 0
4238.000000003442 0 0
4239.000000003438 0 0
4240.000000003434 0 0
4241.00000000343 0 0
4242.000000003425 0 0
4243.000000003421 0 0
4244.000000003416 0 0
4245.000000003412 0 0
4246.000000003407 0 0
4247.000000003402 0 0
4248.000000003398 0 0
4249.000000003393 0 0
4250.000000003389 0 0
4251.000000003384 0 0
4252.00000000338 0 0
4253.000000003375 0 0
4254.000000003371 0 0
4255.000000003366 0 0
4256.000000003361 0 0
4257.000000003358 0 0
4258.000000003353 0 0
4259.000000003349 0 0
4260.000000003344 0 0
4261.00000000334 0 0
4262.000000003335 0 0
4263.000000003331 0 0
4264.000000003326 0 0
4265.000000003321 0 0
4266.000000003317 0 0
4267.000000003312 0 0
4268.000000003308 0 0
4269.000000003303 0 0
4270.000000003299 0 0
4271.000000003294 0 0
4272.00000000329 0 0
4273.000000003285 0 0
4274.000000003281 0 0
4275.000000003277 0 0
4276.000000003272 0 0
4277.000000003268 0 0
4278.000000003263 0 0
4279.000000003259 0 0
4280.000000003254 0 0
4281.00000000325 0 0
4282.000000003245 0 0
4283.000000003241 0 0
4284.000000003236 0 0
4285.000000003231 0 0
4286.000000003227 0 0
4287.000000003222 0 0
4288.000000003218 0 0
4289.000000003213 0 0
4290.000000003209 0 0
4291.000000003204 0 0
4292.000000003201 0 0
4293.000000003197 0 0
4294.000000003192 0 0
4295.000000003188 0 0
4296.000000003183 0 0
4297.000000003179 0 0
4298.000000003174 0 0
4299.00000000317 0 0
4300.000000003165 0 0
4301.00000000316 0 0
4302.000000003156 0 0
4303.000000003151 0 0
4304.000000003147 0 0
4305.000000003142 0 0
4306.000000003138 0 0
4307.000000003133 0 0
4308.000000003129 0 0
4309.000000003125 0 0
4310.00000000312 0 0
4311.000000003116 0 0
4312.000000003111 0 0
4313.000000003107 0 0
4314.000000003102 0 0
4315.000000003098 0 0
4316.000000003093 0 0
4317.000000003089 0 0
4318.000000003084 0 0
4319.00000000308 0 0
4320.000000003075 0 0
4321.00000000307 0 0
4322.000000003066 0 0
4323.000000003061 0 0
4324.000000003057 0 0
4325.000000003052 0 0
4326.000000003048 0 0
4327.000000003044 0 0
4328.00000000304 0 0
4329.000000003035 0 0
4330.00000000303 0 0
4331.000000003026 0 0
4332.000000003021 0 0
4333.000000003017 0 0
4334.000000003012 0 0
4335.000000003008 0 0
4336.000000003003 0 0
4337.000000002999 0 0
4338.000000002994 0 0
4339.00000000299 0 0
4340.000000002985 0 0
4341.00000000298 0 0
4342.000000002976 0 0
4343.000000002971 0 0
4344.000000002968 0 0
4345.000000002963 0 0
4346.000000002959 0 0
4347.000000002954 0 0
4348.000000002949 0 0
4349.000000002945 0 0
4350.00000000294 0 0
4351.000000002936 0 0
4352.000000002931 0 0
4353.000000002927 0 0
4354.000000002922 0 0
4355.000000002918 0 0
4356.000000002913 0 0
4357.000000002909 0 0
4358.000000002904 0 0
4359.000000002899 0 0
4360.000000002895 0 0
4361.000000002891 0 0
4362.000000002887 0 0
4363.000000002882 0 0
4364.000000002878 0 0
4365.000000002873 0 0
4366.000000002869 0 0
4367.000000002864 0 0
4368.000000002859 0 0
4369.000000002855 0 0
4370.00000000285 0 0
4371.000000002846 0 0
4372.000000002841 0 0
4373.000000002837 0 0
4374.000000002832 0 0
4375.000000002828 0 0
4376.000000002823 0 0
4377.000000002819 0 0
4378.000000002814 0 0
4379.00000000281 0 0
4380.000000002806 0 0
4381.000000002801 0 0
4382.000000002797 0 0
4383.000000002792 0 0
4384.000000002788 0 0
4385.000000002783 0 0
4386.000000002779 0 0
4387.000000002774 0 0
4388.000000002769 0 0
4389.000000002765 0 0
4390.00000000276 0 0
4391.000000002756 0 0
4392.000000002751 0 0
4393.000000002747 0 0
4394.000000002742 0 0
4395.000000002738 0 0
4396.000000002734 0 0
4397.000000002729 0 0
4398.000000002725 0 0
4399.00000000272 0 0
4400.000000002716 0 0
4401.000000002711 0 0
4402.000000002707 0 0
4403.000000002702 0 0
4404.000000002698 0 0
4405.000000002693 0 0
4406.000000002688 0 0
4407.000000002684 0 0
4408.000000002679 0 0
4409.000000002675 0 0
4410.00000000267 0 0
4411.000000002666 0 0
4412.000000002661 0 0
4413.000000002658 0 0
4414.000000002653 0 0
4415.000000002648 0 0
4416.000000002644 0 0
4417.000000002639 0 0
4418.000000002635 0 0
4419.00000000263 0 0
4420.000000002626 0 0
4421.000000002621 0 0
4422.000000002617 0 0
4423.000000002612 0 0
4424.000000002608 0 0
4425.000000002603 0 0
4426.000000002599 0 0
4427.000000002595 0 0
4428.00000000259 0 0
4429.000000002586 0 0
4430.000000002581 0 0
4431.000000002577 0 0
4432.000000002572 0 0
4433.000000002568 0 0
4434.000000002563 0 0
4435.000000002558 0 0
4436.000000002554 0 0
4437.000000002549 0 0
4438.000000002545 0 0
4439.00000000254 0 0
4440.000000002536 0 0
4441.000000002531 0 0
4442.000000002527 0 0
4443.000000002522 0 0
4444.000000002517 0 0
4445.000000002513 0 0
4446.000000002508 0 0
4447.000000002505 0 0
4448.0000000025 0 0
4449.000000002496 0 0
4450.000000002491 0 0
4451.000000002487 0 0
4452.000000002482 0 0
4453.000000002477 0 0
4454.000000002473 0 0
4455.000000002468 0 0
4456.000000002464 0 0
4457.000000002459 0 0
4458.000000002455 0 0
4459.00000000245 0 0
4460.000000002446 0 0
4461.000000002441 0 0
4462.000000002437 0 0
4463.000000002432 0 0
4464.000000002427 0 0
4465.000000002424 0 0
4466.000000002419 0 0
4467.000000002415 0 0
4468.00000000241 0 0
4469.000000002406 0 0
4470.000000002401 0 0
4471.000000002397 0 0
4472.000000002392 0 0
4473.000000002387 0 0
4474.000000002383 0 0
4475.000000002378 0 0
4476.000000002374 0 0
4477.000000002369 0 0
4478.000000002365 0 0
4479.00000000236 0 0
4480.000000002356 0 0
4481.000000002351 0 0
4482.000000002346 0 0
4483.000000002344 0 0
4484.000000002339 0 0
4485.000000002335 0 0
4486.00000000233 0 0
4487.000000002326 0 0
4488.000000002321 0 0
4489.000000002316 0 0
4490.000000002312 0 0
4491.000000002307 0 0
4492.000000002303 0 0
4493.000000002298 0 0
4494.000000002294 0 0
4495.000000002289 0 0
4496.000000002285 0 0
4497.00000000228 0 0
4498.000000002276 0 0
4499.000000002271 0 0
4500.000000002267 0 0
4501.000000002263 0 0
4502.000000002258 0 0
4503.000000002254 0 0
4504.000000002249 0 0
4505.000000002245 0 0
4506.00000000224 0 0
4507.000000002236 0 0
4508.000000002231 0 0
4509.000000002226 0 0
4510.000000002222 0 0
4511.000000002217 0 0
4512.000000002213 0 0
4513.000000002208 0 0
4514.000000002204 0 0
4515.000000002199 0 0
4516.000000002195 0 0
4517.000000002191 0 0
4518.000000002186 0 0
4519.000000002182 0 0
4520.000000002177 0 0
4521.000000002173 0 0
4522.000000002168 0 0
4523.000000002164 0 0
4524.000000002159 0 0
4525.000000002155 0 0
4526.00000000215 0 0
4527.000000002145 0 0
4528.000000002141 0 0
4529.000000002136 0 0
4530.000000002132 0 0
4531.000000002127 0 0
4532.000000002123 0 0
4533.000000002118 0 0
4534.000000002115 0 0
4535.00000000211 0 0
4536.000000002105 0 0
4537.000000002101 0 0
4538.000000002096 0 0
4539.000000002092 0 0
4540.000000002087 0 0
4541.000000002083 0 0
4542.000000002078 0 0
4543.000000002074 0 0
4544.000000002069 0 0
4545.000000002065 0 0
4546.00000000206 0 0
4547.000000002055 0 0
4548.000000002051 0 0
4549.000000002046 0 0
4550.000000002042 0 0
4551.000000002037 0 0
4552.000000002034 0 0
4553.000000002029 0 0
4554.000000002025 0 0
4555.00000000202 0 0
4556.000000002015 0 0
4557.000000002011 0 0
4558.000000002006 0 0
4559.000000002002 0 0
4560.000000001997 0 0
4561.000000001993 0 0
4562.000000001988 0 0
4563.000000001984 0 0
4564.000000001979 0 0
4565.000000001975 0 0
4566.00000000197 0 0
4567.000000001965 0 0
4568.000000001961 0 0
4569.000000001957 0 0
4570.000000001953 0 0
4571.000000001948 0 0
4572.000000001944 0 0
4573.000000001939 0 0
4574.000000001934 0 0
4575.00000000193 0 0
4576.000000001925 0 0
4577.000000001921 0 0
4578.000000001916 0 0
4579.000000001912 0 0
4580.000000001907 0 0
4581.000000001903 0 0
4582.000000001898 0 0
4583.000000001894 0 0
4584.000000001889 0 0
4585.000000001884 0 0
4586.000000001882 0 0
4587.000000001877 0 0
4588.000000001873 0 0
4589.000000001868 0 0
4590.000000001864 0 0
4591.000000001859 0 0
4592.000000001854 0 0
4593.00000000185 0 0
4594.000000001845 0 0
4595.000000001841 0 0
4596.000000001836 0 0
4597.000000001832 0 0
4598.000000001827 0 0
4599.000000001823 0 0
4600.000000001818 0 0
4601.000000001814 0 0
4602.000000001808 0 0
4603.000000001804 0 0
4604.000000001801 0 0
4605.000000001796 0 0
4606.000000001792 0 0
4607.000000001787 0 0
4608.000000001783 0 0
4609.000000001778 0 0
4610.000000001774 0 0
4611.000000001769 0 0
4612.000000001764 0 0
4613.00000000176 0 0
4614.000000001755 0 0
4615.000000001751 0 0
4616.000000001746 0 0
4617.000000001742 0 0
4618.000000001737 0 0
4619.000000001733 0 0
4620.000000001728 0 0
4621.000000001723 0 0
4622.000000001719 0 0
4623.000000001715 0 0
4624.000000001711 0 0
4625.000000001706 0 0
4626.000000001702 0 0
4627.000000001697 0 0
4628.000000001693 0 0
4629.000000001688 0 0
4630.000000001683 0 0
4631.000000001679 0 0
4632.000000001674 0 0
4633.00000000167 0 0
4634.000000001665 0 0
4635.000000001661 0 0
4636.000000001656 0 0
4637.000000001652 0 0
4638.000000001647 0 0
4639.000000001643 0 0
4640.000000001638 0 0
4641.000000001633 0 0
4642.000000001629 0 0
4643.000000001624 0 0
4644.000000001621 0 0
4645.000000001616 0 0
4646.000000001612 0 0
4647.000000001607 0 0
4648.000000001603 0 0
4649.000000001598 0 0
4650.000000001593 0 0
4651.000000001589 0 0
4652.000000001584 0 0
4653.00000000158 0 0
4654.000000001575 0 0
4655.000000001571 0 0
4656.000000001567 0 0
4657.000000001563 0 0
4658.000000001558 0 0
4659.000000001553 0 0
4660.000000001549 0 0
4661.000000001544 0 0
4662.00000000154 0 0
4663.000000001535 0 0
4664.000000001531 0 0
4665.000000001526 0 0
4666.000000001522 0 0
4667.000000001517 0 0
4668.000000001512 0 0
4669.000000001508 0 0
4670.000000001503 0 0
4671.000000001499 0 0
4672.000000001494 0 0
4673.000000001491 0 0
4674.000000001486 0 0
4675.000000001482 0 0
4676.000000001477 0 0
4677.000000001472 0 0
4678.000000001468 0 0
4679.000000001463 0 0
4680.000000001459 0 0
4681.000000001454 0 0
4682.00000000145 0 0
4683.000000001445 0 0
4684.000000001441 0 0
4685.000000001436 0 0
4686.000000001432 0 0
4687.000000001427 0 0
4688.000000001422 0 0
4689.000000001418 0 0
4690.000000001414 0 0
4691.00000000141 0 0
4692.000000001405 0 0
4693.000000001401 0 0
4694.000000001396 0 0
4695.000000001392 0 0
4696.000000001387 0 0
4697.000000001382 0 0
4698.000000001378 0 0
4699.000000001373 0 0
4700.000000001369 0 0
4701.000000001364 0 0
4702.00000000136 0 0
4703.000000001355 0 0
4704.000000001351 0 0
4705.000000001346 0 0
4706.000000001342 0 0
4707.000000001337 0 0
4708.000000001333 0 0
4709.000000001329 0 0
4710.000000001324 0 0
4711.00000000132 0 0
4712.000000001315 0 0
4713.000000001311 0 0
4714.000000001306 0 0
4715.000000001301 0 0
4716.000000001297 0 0
4717.000000001292 0 0
4718.000000001288 0 0
4719.000000001283 0 0
4720.000000001279 0 0
4721.000000001274 0 0
4722.00000000127 0 0
4723.000000001265 0 0
4724.000000001261 0 0
4725.000000001257 0 0
4726.000000001252 0 0
4727.000000001248 0 0
4728.000000001243 0 0
4729.000000001239 0 0
4730.000000001234 0 0
4731.00000000123 0 0
4732.000000001225 0 0
4733.000000001221 0 0
4734.000000001216 0 0
4735.000000001211 0 0
4736.000000001207 0 0
4737.000000001202 0 0
4738.000000001198 0 0
4739.000000001193 0 0
4740.000000001189 0 0
4741.000000001184 0 0
4742.000000001181 0 0
4743.000000001176 0 0
4744.000000001171 0 0
4745.000000001167 0 0
4746.000000001162 0 0
4747.000000001158 0 0
4748.000000001153 0 0
4749.000000001149 0 0
4750.000000001144 0 0
4751.00000000114 0 0
4752.000000001135 0 0
4753.000000001131 0 0
4754.000000001126 0 0
4755.000000001121 0 0
4756.000000001117 0 0
4757.000000001112 0 0
4758.000000001108 0 0
4759.000000001103 0 0
4760.0000000011 0 0
4761.000000001095 0 0
4762.00000000109 0 0
4763.000000001086 0 0
4764.000000001081 0 0
4765.000000001077 0 0
4766.000000001072 0 0
4767.000000001068 0 0
4768.000000001063 0 0
4769.000000001059 0 0
4770.000000001054 0 0
4771.00000000105 0 0
4772.000000001045 0 0
4773.00000000104 0 0
4774.000000001036 0 0
4775.000000001031 0 0
4776.000000001027 0 0
4777.000000001024 0 0
4778.00000000102 0 0
4779.000000001015 0 0
4780.00000000101 0 0
4781.000000001006 0 0
4782.000000001001 0 0
4783.000000000997 0 0
4784.000000000992 0 0
4785.000000000988 0 0
4786.000000000983 0 0
4787.000000000979 0 0
4788.000000000974 0 0
4789.00000000097 0 0
4790.000000000965 0 0
4791.00000000096 0 0
4792.000000000956 0 0
4793.000000000951 0 0
4794.000000000948 0 0
4795.000000000943 0 0
4796.000000000939 0 0
4797.000000000934 0 0
4798.00000000093 0 0
4799.000000000925 0 0
4800.00000000092 0 0
4801.000000000916 0 0
4802.000000000911 0 0
4803.000000000907 0 0
4804.000000000902 0 0
4805.000000000898 0 0
4806.000000000893 0 0
4807.000000000889 0 0
4808.000000000884 0 0
4809.000000000879 0 0
4810.000000000875 0 0
4811.00000000087 0 0
4812.000000000867 0 0
4813.000000000862 0 0
4814.000000000858 0 0
4815.000000000853 0 0
4816.000000000849 0 0
4817.000000000844 0 0
4818.000000000839 0 0
4819.000000000835 0 0
4820.00000000083 0 0
4821.000000000826 0 0
4822.000000000821 0 0
4823.000000000817 0 0
4824.000000000812 0 0
4825.000000000808 0 0
4826.000000000803 0 0
4827.000000000799 0 0
4828.000000000794 0 0
4829.00000000079 0 0
4830.000000000786 0 0
4831.000000000781 0 0
4832.000000000777 0 0
4833.000000000772 0 0
4834.000000000768 0 0
4835.000000000763 0 0
4836.000000000759 0 0
4837.000000000754 0 0
4838.000000000749 0 0
4839.000000000745 0 0
4840.00000000074 0 0
4841.000000000736 0 0
4842.000000000731 0 0
4843.000000000727 0 0
4844.000000000722 0 0
4845.000000000718 0 0
4846.000000000714 0 0
4847.000000000709 0 0
4848.000000000705 0 0
4849.0000000007 0 0
4850.000000000696 0 0
4851.000000000691 0 0
4852.000000000687 0 0
4853.000000000682 0 0
4854.000000000678 0 0
4855.000000000673 0 0
4856.000000000668 0 0
4857.000000000664 0 0
4858.000000000659 0 0
4859.000000000655 0 0
4860.00000000065 0 0
4861.000000000646 0 0
4862.000000000641 0 0
4863.000000000637 0 0
4864.000000000633 0 0
4865.000000000628 0 0
4866.000000000624 0 0
4867.000000000619 0 0
4868.000000000615 0 0
4869.00000000061 0 0
4870.000000000606 0 0
4871.000000000601 0 0
4872.000000000597 0 0
4873.000000000592 0 0
4874.000000000588 0 0
4875.000000000583 0 0
4876.000000000578 0 0
4877.000000000574 0 0
4878.000000000569 0 0
4879.000000000565 0 0
4880.00000000056 0 0
4881.000000000557 0 0
4882.000000000552 0 0
4883.000000000548 0 0
4884.000000000543 0 0
4885.000000000539 0 0
4886.000000000535 0 0
4887.00000000053 0 0
4888.000000000526 0 0
4889.000000000521 0 0
4890.000000000517 0 0
4891.000000000512 0 0
4892.000000000507 0 0
4893.000000000503 0 0
4894.000000000497 0 0
4895.000000000493 0 0
4896.000000000488 0 0
4897.000000000484 0 0
4898.00000000048 0 0
4899.000000000476 0 0
4900.000000000471 0 0
4901.000000000467 0 0
4902.000000000462 0 0
4903.000000000457 0 0
4904.000000000453 0 0
4905.000000000448 0 0
4906.000000000444 0 0
4907.00000000044 0 0
4908.000000000436 0 0
4909.000000000431 0 0
4910.000000000427 0 0
4911.000000000422 0 0
4912.000000000417 0 0
4913.000000000413 0 0
4914.000000000408 0 0
4915.000000000404 0 0
4916.000000000399 0 0
4917.000000000395 0 0
4918.00000000039 0 0
4919.000000000386 0 0
4920.000000000381 0 0
4921.000000000377 0 0
4922.000000000372 0 0
4923.000000000367 0 0
4924.000000000363 0 0
4925.000000000358 0 0
4926.000000000354 0 0
4927.000000000349 0 0
4928.000000000346 0 0
4929.000000000341 0 0
4930.000000000337 0 0
4931.000000000332 0 0
4932.000000000327 0 0
4933.000000000323 0 0
4934.000000000318 0 0
4935.000000000314 0 0
4936.000000000309 0 0
4937.000000000305 0 0
4938.0000000003 0 0
4939.000000000296 0 0
4940.000000000291 0 0
4941.000000000286 0 0
4942.000000000282 0 0
4943.000000000277 0 0
4944.000000000273 0 0
4945.000000000268 0 0
4946.000000000264 0 0
4947.000000000259 0 0
4948.000000000255 0 0
4949.00000000025 0 0
4950.000000000247 0 0
4951.000000000243 0 0
4952.000000000238 0 0
4953.000000000234 0 0
4954.000000000229 0 0
4955.000000000225 0 0
4956.00000000022 0 0
4957.000000000216 0 0
4958.000000000211 0 0
4959.000000000206 0 0
4960.000000000202 0 0
4961.000000000197 0 0
4962.000000000193 0 0
4963.000000000188 0 0
4964.000000000183 0 0
4965.000000000178 0 0
4966.000000000174 0 0
4967.000000000171 0 0
4968.000000000166 0 0
4969.000000000162 0 0
4970.000000000157 0 0
4971.000000000153 0 0
4972.000000000148 0 0
4973.000000000144 0 0
4974.000000000139 0 0
4975.000000000135 0 0
4976.00000000013 0 0
4977.000000000126 0 0
4978.000000000121 0 0
4979.000000000116 0 0
4980.000000000112 0 0
4981.000000000107 0 0
4982.000000000103 0 0
4983.000000000098 0 0
4984.000000000094 0 0
4985.00000000009 0 0
4986.000000000085 0 0
4987.000000000081 0 0
4988.000000000076 0 0
4989.000000000072 0 0
4990.000000000067 0 0
4991.000000000063 0 0
4992.000000000058 0 0
4993.000000000054 0 0
4994.000000000049 0 0
4995.000000000045 0 0
4996.00000000004 0 0
4997.000000000035 0 0
4998.000000000031 0 0
4999.000000000026 0 0
5000.000000000022 0 0
5001.000000000017 0 0
5002.000000000014 0 0
5003.000000000009 0 0
5004.000000000005 0 0
1 3 0 4
5008
5009
5010
5011
5006 0 0
5007 0 0
5008 0 0
5009 0 0
$EndNodes
$Elements
7 5014 1 5014
0 1 15 1
1 1 
0 2 15 1
2 2 
0 3 15 1
3 3 
0 4 15 1
4 4 
1 1 1 5
5 1 5 
6 5 6 
7 6 7 
8 7 8 
9 8 2 
1 2 1 5000
10 2 9 
11 9 10 
12 10 11 
13 11 12 
14 12 13 
15 13 14 
16 14 15 
17 15 16 
18 16 17 
19 17 18 
20 18 19 
21 19 20 
22 20 21 
23 21 22 
24 22 23 
25 23 24 
26 24 25 
27 25 26 
28 26 27 
29 27 28 
30 28 29 
31 29 30 
32 30 31 
33 31 32 
34 32 33 
35 33 34 
36 34 35 
37 35 36 
38 36 37 
39 37 38 
40 38 39 
41 39 40 
42 40 41 
43 41 42 
44 42 43 
45 43 44 
46 44 45 
47 45 46 
48 46 47 
49 47 48 
50 48 49 
51 49 50 
52 50 51 
53 51 52 
54 52 53 
55 53 54 
56 54 55 
57 55 56 
58 56 57 
59 57 58 
60 58 59 
61 59 60 
62 60 61 
63 61 62 
64 62 63 
65 63 64 
66 64 65 
67 65 66 
68 66 67 
69 67 68 
70 68 69 
71 69 70 
72 70 71 
73 71 72 
74 72 73 
75 73 74 
76 74 75 
77 75 76 
78 76 77 
79 77 78 
80 78 79 
81 79 80 
82 80 81 
83 81 82 
84 82 83 
85 83 84 
86 84 85 
87 85 86 
88 86 87 
89 87 88 
90 88 89 
91 89 90 
92 90 91 
93 91 92 
94 92 93 
95 93 94 
96 94 95 
97 95 96 
98 96 97 
99 97 98 
100 98 99 
101 99 100 
102 100 101 
103 101 102 
104 102 103 
105 103 104 
106 104 105 
107 105 106 
108 106 107 
109 107 108 
110 108 109 
111 109 110 
112 110 111 
113 111 112 
114 112 113 
115 113 114 
116 114 115 
117 115 116 
118 116 117 
119 117 118 
120 118 119 
121 119 120 
122 120 121 
123 121 122 
124 122 123 
125 123 124 
126 124 125 
127 125 126 
128 126 127 
129 127 128 
130 128 129 
131 129 130 
132 130 131 
133 131 132 
134 132 133 
135 133 134 
136 134 135 
137 135 136 
138 136 137 
139 137 138 
140 138 139 
141 139 140 
142 140 141 
143 141 142 
144 142 143 
145 143 144 
146 144 145 
147 145 146 
148 146 147 
149 147 148 
150 148 149 
151 149 150 
152 150 151 
153 151 152 
154 152 153 
155 153 154 
156 154 155 
157 155 156 
158 156 157 
159 157 158 
160 158 159 
161 159 160 
162 160 161 
163 161 162 
164 162 163 
165 163 164 
166 164 165 
167 165 166 
168 166 167 
169 167 168 
170 168 169 
171 169 170 
172 170 171 
173 171 172 
174 172 173 
175 173 174 
176 174 175 
177 175 176 
178 176 177 
179 177 178 
180 178 179 
181 179 180 
182 180 181 
183 181 182 
184 182 183 
185 183 184 
186 184 185 
187 185 186 
188 186 187 
189 187 188 
190 188 189 
191 189 190 
192 190 191 
193 191 192 
194 192 193 
195 193 194 
196 194 195 
197 195 196 
198 196 197 
199 197 198 
200 198 199 
201 199 200 
202 200 201 
203 201 202 
204 202 203 
205 203 204 
206 204 205 
207 205 206 
208 206 207 
209 207 208 
210 208 209 
211 209 210 
212 210 211 
213 211 212 
214 212 213 
215 213 214 
216 214 215 
217 215 216 
218 216 217 
219 217 218 
220 218 219 
221 219 220 
222 220 221 
223 221 222 
224 222 223 
225 223 224 
226 224 225 
227 225 226 
228 226 227 
229 227 228 
230 228 229 
231 229 230 
232 230 231 
233 231 232 
234 232 233 
235 233 234 
236 234 235 
237 235 236 
238 236 237 
239 237 238 
240 238 239 
241 239 240 
242 240 241 
243 241 242 
244 242 243 
245 243 244 
246 244 245 
247 245 246 
248 246 247 
249 247 248 
250 248 249 
251 249 250 
252 250 251 
253 251 252 
254 252 253 
255 253 254 
256 254 255 
257 255 256 
258 256 257 
259 257 258 
260 258 259 
261 259 260 
262 260 261 
263 261 262 
264 262 263 
265 263 264 
266 264 265 
267 265 266 
268 266 267 
269 267 268 
270 268 269 
271 269 270 
272 270 271 
273 271 272 
274 272 273 
275 273 274 
276 274 275 
277 275 276 
278 276 277 
279 277 278 
280 278 279 
281 279 280 
282 280 281 
283 281 282 
284 282 283 
285 283 284 
286 284 285 
287 285 286 
288 286 287 
289 287 288 
290 288 289 
291 289 290 
292 290 291 
293 291 292 
294 292 293 
295 293 294 
296 294 295 
297 295 296 
298 296 297 
299 297 298 
300 298 299 
301 299 300 
302 300 301 
303 301 302 
304 302 303 
305 303 304 
306 304 305 
307 305 306 
308 306 307 
309 307 308 
310 308 309 
311 309 310 
312 310 311 
313 311 312 
314 312 313 
315 313 314 
316 314 315 
317 315 316 
318 316 317 
319 317 318 
320 318 319 
321 319 320 
322 320 321 
323 321 322 
324 322 323 
325 323 324 
326 324 325 
327 325 326 
328 326 327 
329 327 328 
330 328 329 
331 329 330 
332 330 331 
333 331 332 
334 332 333 
335 333 334 
336 334 335 
337 335 336 
338 336 337 
339 337 338 
340 338 339 
341 339 340 
342 340 341 
343 341 342 
344 342 343 
345 343 344 
346 344 345 
347 345 346 
348 346 347 
349 347 348 
350 348 349 
351 349 350 
352 350 351 
353 351 352 
354 352 353 
355 353 354 
356 354 355 
357 355 356 
358 356 357 
359 357 358 
360 358 359 
361 359 360 
362 360 361 
363 361 362 
364 362 363 
365 363 364 
366 364 365 
367 365 366 
368 366 367 
369 367 368 
370 368 369 
371 369 370 
372 370 371 
373 371 372 
374 372 373 
375 373 374 
376 374 375 
377 375 376 
378 376 377 
379 377 378 
380 378 379 
381 379 380 
382 380 381 
383 381 382 
384 382 383 
385 383 384 
386 384 385 
387 385 386 
388 386 387 
389 387 388 
390 388 389 
391 389 390 
392 390 391 
393 391 392 
394 392 393 
395 393 394 
396 394 395 
397 395 396 
398 396 397 
399 397 398 
400 398 399 
401 399 400 
402 400 401 
403 401 402 
404 402 403 
405 403 404 
406 404 405 
407 405 406 
408 406 407 
409 407 408 
410 408 409 
411 409 410 
412 410 411 
413 411 412 
414 412 413 
415 413 414 
416 414 415 
417 415 416 
418 416 417 
419 417 418 
420 418 419 
421 419 420 
422 420 421 
423 421 422 
424 422 423 
425 423 424 
426 424 425 
427 425 426 
428 426 427 
429 427 428 
430 428 429 
431 429 430 
432 430 431 
433 431 432 
434 432 433 
435 433 434 
436 434 435 
437 435 436 
438 436 437 
439 437 438 
440 438 439 
441 439 440 
442 440 441 
443 441 442 
444 442 443 
445 443 444 
446 444 445 
447 445 446 
448 446 447 
449 447 448 
450 448 449 
451 449 450 
452 450 451 
453 451 452 
454 452 453 
455 453 454 
456 454 455 
457 455 456 
458 456 457 
459 457 458 
460 458 459 
461 459 460 
462 460 461 
463 461 462 
464 462 463 
465 463 464 
466 464 465 
467 465 466 
468 466 467 
469 467 468 
470 468 469 
471 469 470 
472 470 471 
473 471 472 
474 472 473 
475 473 474 
476 474 475 
477 475 476 
478 476 477 
479 477 478 
480 478 479 
481 479 480 
482 480 481 
483 481 482 
484 482 483 
485 483 484 
486 484 485 
487 485 486 
488 486 487 
489 487 488 
490 488 489 
491 489 490 
492 490 491 
493 491 492 
494 492 493 
495 493 494 
496 494 495 
497 495 496 
498 496 497 
499 497 498 
500 498 499 
501 499 500 
502 500 501 
503 501 502 
504 502 503 
505 503 504 
506 504 505 
507 505 506 
508 506 507 
509 507 508 
510 508 509 
511 509 510 
512 510 511 
513 511 512 
514 512 513 
515 513 514 
516 514 515 
517 515 516 
518 516 517 
519 517 518 
520 518 519 
521 519 520 
522 520 521 
523 521 522 
524 522 523 
525 523 524 
526 524 525 
527 525 526 
528 526 527 
529 527 528 
530 528 529 
531 529 530 
532 530 531 
533 531 532 
534 532 533 
535 533 534 
536 534 535 
537 535 536 
538 536 537 
539 537 538 
540 538 539 
541 539 540 
542 540 541 
543 541 542 
544 542 543 
545 543 544 
546 544 545 
547 545 546 
548 546 547 
549 547 548 
550 548 549 
551 549 550 
552 550 551 
553 551 552 
554 552 553 
555 553 554 
556 554 555 
557 555 556 
558 556 557 
559 557 558 
560 558 559 
561 559 560 
562 560 561 
563 561 562 
564 562 563 
565 563 564 
566 564 565 
567 565 566 
568 566 567 
569 567 568 
570 568 569 
571 569 570 
572 570 571 
573 571 572 
574 572 573 
575 573 574 
576 574 575 
577 575 576 
578 576 577 
579 577 578 
580 578 579 
581 579 580 
582 580 581 
583 581 582 
584 582 583 
585 583 584 
586 584 585 
587 585 586 
588 586 587 
589 587 588 
590 588 589 
591 589 590 
592 590 591 
593 591 592 
594 592 593 
595 593 594 
596 594 595 
597 595 596 
598 596 597 
599 597 598 
600 598 599 
601 599 600 
602 600 601 
603 601 602 
604 602 603 
605 603 604 
606 604 605 
607 605 606 
608 606 607 
609 607 608 
610 608 609 
611 609 610 
612 610 611 
613 611 612 
614 612 613 
615 613 614 
616 614 615 
617 615 616 
618 616 617 
619 617 618 
620 618 619 
621 619 620 
622 620 621 
623 621 622 
624 622 623 
625 623 624 
626 624 625 
627 625 626 
628 626 627 
629 627 628 
630 628 629 
631 629 630 
632 630 631 
633 631 632 
634 632 633 
635 633 634 
636 634 635 
637 635 636 
638 636 637 
639 637 638 
640 638 639 
641 639 640 
642 640 641 
643 641 642 
644 642 643 
645 643 644 
646 644 645 
647 645 646 
648 646 647 
649 647 648 
650 648 649 
651 649 650 
652 650 651 
653 651 652 
654 652 653 
655 653 654 
656 654 655 
657 655 656 
658 656 657 
659 657 658 
660 658 659 
661 659 660 
662 660 661 
663 661 662 
664 662 663 
665 663 664 
666 664 665 
667 665 666 
668 666 667 
669 667 668 
670 668 669 
671 669 670 
672 670 671 
673 671 672 
674 672 673 
675 673 674 
676 674 675 
677 675 676 
678 676 677 
679 677 678 
680 678 679 
681 679 680 
682 680 681 
683 681 682 
684 682 683 
685 683 684 
686 684 685 
687 685 686 
688 686 687 
689 687 688 
690 688 689 
691 689 690 
692 690 691 
693 691 692 
694 692 693 
695 693 694 
696 694 695 
697 695 696 
698 696 697 
699 697 698 
700 698 699 
701 699 700 
702 700 701 
703 701 702 
704 702 703 
705 703 704 
706 704 705 
707 705 706 
708 706 707 
709 707 708 
710 708 709 
711 709 710 
712 710 711 
713 711 712 
714 712 713 
715 713 714 
716 714 715 
717 715 716 
718 716 717 
719 717 718 
720 718 719 
721 719 720 
722 720 721 
723 721 722 
724 722 723 
725 723 724 
726 724 725 
727 725 726 
728 726 727 
729 727 728 
730 728 729 
731 729 730 
732 730 731 
733 731 732 
734 732 733 
735 733 734 
736 734 735 
737 735 736 
738 736 737 
739 737 738 
740 738 739 
741 739 740 
742 740 741 
743 741 742 
744 742 743 
745 743 744 
746 744 745 
747 745 746 
748 746 747 
749 747 748 
750 748 749 
751 749 750 
752 750 751 
753 751 752 
754 752 753 
755 753 754 
756 754 755 
757 755 756 
758 756 757 
759 757 758 
760 758 759 
761 759 760 
762 760 761 
763 761 762 
764 762 763 
765 763 764 
766 764 765 
767 765 766 
768 766 767 
769 767 768 
770 768 769 
771 769 770 
772 770 771 
773 771 772 
774 772 773 
775 773 774 
776 774 775 
777 775 776 
778 776 777 
779 777 778 
780 778 779 
781 779 780 
782 780 781 
783 781 782 
784 782 783 
785 783 784 
786 784 785 
787 785 786 
788 786 787 
789 787 788 
790 788 789 
791 789 790 
792 790 791 
793 791 792 
794 792 793 
795 793 794 
796 794 795 
797 795 796 
798 796 797 
799 797 798 
800 798 799 
801 799 800 
802 800 801 
803 801 802 
804 802 803 
805 803 804 
806 804 805 
807 805 806 
808 806 807 
809 807 808 
810 808 809 
811 809 810 
812 810 811 
813 811 812 
814 812 813 
815 813 814 
816 814 815 
817 815 816 
818 816 817 
819 817 818 
820 818 819 
821 819 820 
822 820 821 
823 821 822 
824 822 823 
825 823 824 
826 824 825 
827 825 826 
828 826 827 
829 827 828 
830 828 829 
831 829 830 
832 830 831 
833 831 832 
834 832 833 
835 833 834 
836 834 835 
837 835 836 
838 836 837 
839 837 838 
840 838 839 
841 839 840 
842 840 841 
843 841 842 
844 842 843 
845 843 844 
846 844 845 
847 845 846 
848 846 847 
849 847 848 
850 848 849 
851 849 850 
852 850 851 
853 851 852 
854 852 853 
855 853 854 
856 854 855 
857 855 856 
858 856 857 
859 857 858 
860 858 859 
861 859 860 
862 860 861 
863 861 862 
864 862 863 
865 863 864 
866 864 865 
867 865 866 
868 866 867 
869 867 868 
870 868 869 
871 869 870 
872 870 871 
873 871 872 
874 872 873 
875 873 874 
876 874 875 
877 875 876 
878 876 877 
879 877 878 
880 878 879 
881 879 880 
882 880 881 
883 881 882 
884 882 883 
885 883 884 
886 884 885 
887 885 886 
888 886 887 
889 887 888 
890 888 889 
891 889 890 
892 890 891 
893 891 892 
894 892 893 
895 893 894 
896 894 895 
897 895 896 
898 896 897 
899 897 898 
900 898 899 
901 899 900 
902 900 901 
903 901 902 
904 902 903 
905 903 904 
906 904 905 
907 905 906 
908 906 907 
909 907 908 
910 908 909 
911 909 910 
912 910 911 
913 911 912 
914 912 913 
915 913 914 
916 914 915 
917 915 916 
918 916 917 
919 917 918 
920 918 919 
921 919 920 
922 920 921 
923 921 922 
924 922 923 
925 923 924 
926 924 925 
927 925 926 
928 926 927 
929 927 928 
930 928 929 
931 929 930 
932 930 931 
933 931 932 
934 932 933 
935 933 934 
936 934 935 
937 935 936 
938 936 937 
939 937 938 
940 938 939 
941 939 940 
942 940 941 
943 941 942 
944 942 943 
945 943 944 
946 944 945 
947 945 946 
948 946 947 
949 947 948 
950 948 949 
951 949 950 
952 950 951 
953 951 952 
954 952 953 
955 953 954 
956 954 955 
957 955 956 
958 956 957 
959 957 958 
960 958 959 
961 959 960 
962 960 961 
963 961 962 
964 962 963 
965 963 964 
966 964 965 
967 965 966 
968 966 967 
969 967 968 
970 968 969 
971 969 970 
972 970 971 
973 971 972 
974 972 973 
975 973 974 
976 974 975 
977 975 976 
978 976 977 
979 977 978 
980 978 979 
981 979 980 
982 980 981 
983 981 982 
984 982 983 
985 983 984 
986 984 985 
987 985 986 
988 986 987 
989 987 988 
990 988 989 
991 989 990 
992 990 991 
993 991 992 
994 992 993 
995 993 994 
996 994 995 
997 995 996 
998 996 997 
999 997 998 
1000 998 999 
1001 999 1000 
1002 1000 1001 
1003 1001 1002 
1004 1002 1003 
1005 1003 1004 
1006 1004 1005 
1007 1005 1006 
1008 1006 1007 
1009 1007 1008 
1010 1008 1009 
1011 1009 1010 
1012 1010 1011 
1013 1011 1012 
1014 1012 1013 
1015 1013 1014 
1016 1014 1015 
1017 1015 1016 
1018 1016 1017 
1019 1017 1018 
1020 1018 1019 
1021 1019 1020 
1022 1020 1021 
1023 1021 1022 
1024 1022 1023 
1025 1023 1024 
1026 1024 1025 
1027 1025 1026 
1028 1026 1027 
1029 1027 1028 
1030 1028 1029 
1031 1029 1030 
1032 1030 1031 
1033 1031 1032 
1034 1032 1033 
1035 1033 1034 
1036 1034 1035 
1037 1035 1036 
1038 1036 1037 
1039 1037 1038 
1040 1038 1039 
1041 1039 1040 
1042 1040 1041 
1043 1041 1042 
1044 1042 1043 
1045 1043 1044 
1046 1044 1045 
1047 1045 1046 
1048 1046 1047 
1049 1047 1048 
1050 1048 1049 
1051 1049 1050 
1052 1050 1051 
1053 1051 1052 
1054 1052 1053 
1055 1053 1054 
1056 1054 1055 
1057 1055 1056 
1058 1056 1057 
1059 1057 1058 
1060 1058 1059 
1061 1059 1060 
1062 1060 1061 
1063 1061 1062 
1064 1062 1063 
1065 1063 1064 
1066 1064 1065 
1067 1065 1066 
1068 1066 1067 
1069 1067 1068 
1070 1068 1069 
1071 1069 1070 
1072 1070 1071 
1073 1071 1072 
1074 1072 1073 
1075 1073 1074 
1076 1074 1075 
1077 1075 1076 
1078 1076 1077 
1079 1077 1078 
1080 1078 1079 
1081 1079 1080 
1082 1080 1081 
1083 1081 1082 
1084 1082 1083 
1085 1083 1084 
1086 1084 1085 
1087 1085 1086 
1088 1086 1087 
1089 1087 1088 
1090 1088 1089 
1091 1089 1090 
1092 1090 1091 
1093 1091 1092 
1094 1092 1093 
1095 1093 1094 
1096 1094 1095 
1097 1095 1096 
1098 1096 1097 
1099 1097 1098 
1100 1098 1099 
1101 1099 1100 
1102 1100 1101 
1103 1101 1102 
1104 1102 1103 
1105 1103 1104 
1106 1104 1105 
1107 1105 1106 
1108 1106 1107 
1109 1107 1108 
1110 1108 1109 
1111 1109 1110 
1112 1110 1111 
1113 1111 1112 
1114 1112 1113 
1115 1113 1114 
1116 1114 1115 
1117 1115 1116 
1118 1116 1117 
1119 1117 1118 
1120 1118 1119 
1121 1119 1120 
1122 1120 1121 
1123 1121 1122 
1124 1122 1123 
1125 1123 1124 
1126 1124 1125 
1127 1125 1126 
1128 1126 1127 
1129 1127 1128 
1130 1128 1129 
1131 1129 1130 
1132 1130 1131 
1133 1131 1132 
1134 1132 1133 
1135 1133 1134 
1136 1134 1135 
1137 1135 1136 
1138 1136 1137 
1139 1137 1138 
1140 1138 1139 
1141 1139 1140 
1142 1140 1141 
1143 1141 1142 
1144 1142 1143 
1145 1143 1144 
1146 1144 1145 
1147 1145 1146 
1148 1146 1147 
1149 1147 1148 
1150 1148 1149 
1151 1149 1150 
1152 1150 1151 
1153 1151 1152 
1154 1152 1153 
1155 1153 1154 
1156 1154 1155 
1157 1155 1156 
1158 1156 1157 
1159 1157 1158 
1160 1158 1159 
1161 1159 1160 
1162 1160 1161 
1163 1161 1162 
1164 1162 1163 
1165 1163 1164 
1166 1164 1165 
1167 1165 1166 
1168 1166 1167 
1169 1167 1168 
1170 1168 1169 
1171 1169 1170 
1172 1170 1171 
1173 1171 1172 
1174 1172 1173 
1175 1173 1174 
1176 1174 1175 
1177 1175 1176 
1178 1176 1177 
1179 1177 1178 
1180 1178 1179 
1181 1179 1180 
1182 1180 1181 
1183 1181 1182 
1184 1182 1183 
1185 1183 1184 
1186 1184 1185 
1187 1185 1186 
1188 1186 1187 
1189 1187 1188 
1190 1188 1189 
1191 1189 1190 
1192 1190 1191 
1193 1191 1192 
1194 1192 1193 
1195 1193 1194 
1196 1194 1195 
1197 1195 1196 
1198 1196 1197 
1199 1197 1198 
1200 1198 1199 
1201 1199 1200 
1202 1200 1201 
1203 1201 1202 
1204 1202 1203 
1205 1203 1204 
1206 1204 1205 
1207 1205 1206 
1208 1206 1207 
1209 1207 1208 
1210 1208 1209 
1211 1209 1210 
1212 1210 1211 
1213 1211 1212 
1214 1212 1213 
1215 1213 1214 
1216 1214 1215 
1217 1215 1216 
1218 1216 1217 
1219 1217 1218 
1220 1218 1219 
1221 1219 1220 
1222 1220 1221 
1223 1221 1222 
1224 1222 1223 
1225 1223 1224 
1226 1224 1225 
1227 1225 1226 
1228 1226 1227 
1229 1227 1228 
1230 1228 1229 
1231 1229 1230 
1232 1230 1231 
1233 1231 1232 
1234 1232 1233 
1235 1233 1234 
1236 1234 1235 
1237 1235 1236 
1238 1236 1237 
1239 1237 1238 
1240 1238 1239 
1241 1239 1240 
1242 1240 1241 
1243 1241 1242 
1244 1242 1243 
1245 1243 1244 
1246 1244 1245 
1247 1245 1246 
1248 1246 1247 
1249 1247 1248 
1250 1248 1249 
1251 1249 1250 
1252 1250 1251 
1253 1251 1252 
1254 1252 1253 
1255 1253 1254 
1256 1254 1255 
1257 1255 1256 
1258 1256 1257 
1259 1257 1258 
1260 1258 1259 
1261 1259 1260 
1262 1260 1261 
1263 1261 1262 
1264 1262 1263 
1265 1263 1264 
1266 1264 1265 
1267 1265 1266 
1268 1266 1267 
1269 1267 1268 
1270 1268 1269 
1271 1269 1270 
1272 1270 1271 
1273 1271 1272 
1274 1272 1273 
1275 1273 1274 
1276 1274 1275 
1277 1275 1276 
1278 1276 1277 
1279 1277 1278 
1280 1278 1279 
1281 1279 1280 
1282 1280 1281 
1283 1281 1282 
1284 1282 1283 
1285 1283 1284 
1286 1284 1285 
1287 1285 1286 
1288 1286 1287 
1289 1287 1288 
1290 1288 1289 
1291 1289 1290 
1292 1290 1291 
1293 1291 1292 
1294 1292 1293 
1295 1293 1294 
1296 1294 1295 
1297 1295 1296 
1298 1296 1297 
1299 1297 1298 
1300 1298 1299 
1301 1299 1300 
1302 1300 1301 
1303 1301 1302 
1304 1302 1303 
1305 1303 1304 
1306 1304 1305 
1307 1305 1306 
1308 1306 1307 
1309 1307 1308 
1310 1308 1309 
1311 1309 1310 
1312 1310 1311 
1313 1311 1312 
1314 1312 1313 
1315 1313 1314 
1316 1314 1315 
1317 1315 1316 
1318 1316 1317 
1319 1317 1318 
1320 1318 1319 
1321 1319 1320 
1322 1320 1321 
1323 1321 1322 
1324 1322 1323 
1325 1323 1324 
1326 1324 1325 
1327 1325 1326 
1328 1326 1327 
1329 1327 1328 
1330 1328 1329 
1331 1329 1330 
1332 1330 1331 
1333 1331 1332 
1334 1332 1333 
1335 1333 1334 
1336 1334 1335 
1337 1335 1336 
1338 1336 1337 
1339 1337 1338 
1340 1338 1339 
1341 1339 1340 
1342 1340 1341 
1343 1341 1342 
1344 1342 1343 
1345 1343 1344 
1346 1344 1345 
1347 1345 1346 
1348 1346 1347 
1349 1347 1348 
1350 1348 1349 
1351 1349 1350 
1352 1350 1351 
1353 1351 1352 
1354 1352 1353 
1355 1353 1354 
1356 1354 1355 
1357 1355 1356 
1358 1356 1357 
1359 1357 1358 
1360 1358 1359 
1361 1359 1360 
1362 1360 1361 
1363 1361 1362 
1364 1362 1363 
1365 1363 1364 
1366 1364 1365 
1367 1365 1366 
1368 1366 1367 
1369 1367 1368 
1370 1368 1369 
1371 1369 1370 
1372 1370 1371 
1373 1371 1372 
1374 1372 1373 
1375 1373 1374 
1376 1374 1375 
1377 1375 1376 
1378 1376 1377 
1379 1377 1378 
1380 1378 1379 
1381 1379 1380 
1382 1380 1381 
1383 1381 1382 
1384 1382 1383 
1385 1383 1384 
1386 1384 1385 
1387 1385 1386 
1388 1386 1387 
1389 1387 1388 
1390 1388 1389 
1391 1389 1390 
1392 1390 1391 
1393 1391 1392 
1394 1392 1393 
1395 1393 1394 
1396 1394 1395 
1397 1395 1396 
1398 1396 1397 
1399 1397 1398 
1400 1398 1399 
1401 1399 1400 
1402 1400 1401 
1403 1401 1402 
1404 1402 1403 
1405 1403 1404 
1406 1404 1405 
1407 1405 1406 
1408 1406 1407 
1409 1407 1408 
1410 1408 1409 
1411 1409 1410 
1412 1410 1411 
1413 1411 1412 
1414 1412 1413 
1415 1413 1414 
1416 1414 1415 
1417 1415 1416 
1418 1416 1417 
1419 1417 1418 
1420 1418 1419 
1421 1419 1420 
1422 1420 1421 
1423 1421 1422 
1424 1422 1423 
1425 1423 1424 
1426 1424 1425 
1427 1425 1426 
1428 1426 1427 
1429 1427 1428 
1430 1428 1429 
1431 1429 1430 
1432 1430 1431 
1433 1431 1432 
1434 1432 1433 
1435 1433 1434 
1436 1434 1435 
1437 1435 1436 
1438 1436 1437 
1439 1437 1438 
1440 1438 1439 
1441 1439 1440 
1442 1440 1441 
1443 1441 1442 
1444 1442 1443 
1445 1443 1444 
1446 1444 1445 
1447 1445 1446 
1448 1446 1447 
1449 1447 1448 
1450 1448 1449 
1451 1449 1450 
1452 1450 1451 
1453 1451 1452 
1454 1452 1453 
1455 1453 1454 
1456 1454 1455 
1457 1455 1456 
1458 1456 1457 
1459 1457 1458 
1460 1458 1459 
1461 1459 1460 
1462 1460 1461 
1463 1461 1462 
1464 1462 1463 
1465 1463 1464 
1466 1464 1465 
1467 1465 1466 
1468 1466 1467 
1469 1467 1468 
1470 1468 1469 
1471 1469 1470 
1472 1470 1471 
1473 1471 1472 
1474 1472 1473 
1475 1473 1474 
1476 1474 1475 
1477 1475 1476 
1478 1476 1477 
1479 1477 1478 
1480 1478 1479 
1481 1479 1480 
1482 1480 1481 
1483 1481 1482 
1484 1482 1483 
1485 1483 1484 
1486 1484 1485 
1487 1485 1486 
1488 1486 1487 
1489 1487 1488 
1490 1488 1489 
1491 1489 1490 
1492 1490 1491 
1493 1491 1492 
1494 1492 1493 
1495 1493 1494 
1496 1494 1495 
1497 1495 1496 
1498 1496 1497 
1499 1497 1498 
1500 1498 1499 
1501 1499 1500 
1502 1500 1501 
1503 1501 1502 
1504 1502 1503 
1505 1503 1504 
1506 1504 1505 
1507 1505 1506 
1508 1506 1507 
1509 1507 1508 
1510 1508 1509 
1511 1509 1510 
1512 1510 1511 
1513 1511 1512 
1514 1512 1513 
1515 1513 1514 
1516 1514 1515 
1517 1515 1516 
1518 1516 1517 
1519 1517 1518 
1520 1518 1519 
1521 1519 1520 
1522 1520 1521 
1523 1521 1522 
1524 1522 1523 
1525 1523 1524 
1526 1524 1525 
1527 1525 1526 
1528 1526 1527 
1529 1527 1528 
1530 1528 1529 
1531 1529 1530 
1532 1530 1531 
1533 1531 1532 
1534 1532 1533 
1535 1533 1534 
1536 1534 1535 
1537 1535 1536 
1538 1536 1537 
1539 1537 1538 
1540 1538 1539 
1541 1539 1540 
1542 1540 1541 
1543 1541 1542 
1544 1542 1543 
1545 1543 1544 
1546 1544 1545 
1547 1545 1546 
1548 1546 1547 
1549 1547 1548 
1550 1548 1549 
1551 1549 1550 
1552 1550 1551 
1553 1551 1552 
1554 1552 1553 
1555 1553 1554 
1556 1554 1555 
1557 1555 1556 
1558 1556 1557 
1559 1557 1558 
1560 1558 1559 
1561 1559 1560 
1562 1560 1561 
1563 1561 1562 
1564 1562 1563 
1565 1563 1564 
1566 1564 1565 
1567 1565 1566 
1568 1566 1567 
1569 1567 1568 
1570 1568 1569 
1571 1569 1570 
1572 1570 1571 
1573 1571 1572 
1574 1572 1573 
1575 1573 1574 
1576 1574 1575 
1577 1575 1576 
1578 1576 1577 
1579 1577 1578 
1580 1578 1579 
1581 1579 1580 
1582 1580 1581 
1583 1581 1582 
1584 1582 1583 
1585 1583 1584 
1586 1584 1585 
1587 1585 1586 
1588 1586 1587 
1589 1587 1588 
1590 1588 1589 
1591 1589 1590 
1592 1590 1591 
1593 1591 1592 
1594 1592 1593 
1595 1593 1594 
1596 1594 1595 
1597 1595 1596 
1598 1596 1597 
1599 1597 1598 
1600 1598 1599 
1601 1599 1600 
1602 1600 1601 
1603 1601 1602 
1604 1602 1603 
1605 1603 1604 
1606 1604 1605 
1607 1605 1606 
1608 1606 1607 
1609 1607 1608 
1610 1608 1609 
1611 1609 1610 
1612 1610 1611 
1613 1611 1612 
1614 1612 1613 
1615 1613 1614 
1616 1614 1615 
1617 1615 1616 
1618 1616 1617 
1619 1617 1618 
1620 1618 1619 
1621 1619 1620 
1622 1620 1621 
1623 1621 1622 
1624 1622 1623 
1625 1623 1624 
1626 1624 1625 
1627 1625 1626 
1628 1626 1627 
1629 1627 1628 
1630 1628 1629 
1631 1629 1630 
1632 1630 1631 
1633 1631 1632 
1634 1632 1633 
1635 1633 1634 
1636 1634 1635 
1637 1635 1636 
1638 1636 1637 
1639 1637 1638 
1640 1638 1639 
1641 1639 1640 
1642 1640 1641 
1643 1641 1642 
1644 1642 1643 
1645 1643 1644 
1646 1644 1645 
1647 1645 1646 
1648 1646 1647 
1649 1647 1648 
1650 1648 1649 
1651 1649 1650 
1652 1650 1651 
1653 1651 1652 
1654 1652 1653 
1655 1653 1654 
1656 1654 1655 
1657 1655 1656 
1658 1656 1657 
1659 1657 1658 
1660 1658 1659 
1661 1659 1660 
1662 1660 1661 
1663 1661 1662 
1664 1662 1663 
1665 1663 1664 
1666 1664 1665 
1667 1665 1666 
1668 1666 1667 
1669 1667 1668 
1670 1668 1669 
1671 1669 1670 
1672 1670 1671 
1673 1671 1672 
1674 1672 1673 
1675 1673 1674 
1676 1674 1675 
1677 1675 1676 
1678 1676 1677 
1679 1677 1678 
1680 1678 1679 
1681 1679 1680 
1682 1680 1681 
1683 1681 1682 
1684 1682 1683 
1685 1683 1684 
1686 1684 1685 
1687 1685 1686 
1688 1686 1687 
1689 1687 1688 
1690 1688 1689 
1691 1689 1690 
1692 1690 1691 
1693 1691 1692 
1694 1692 1693 
1695 1693 1694 
1696 1694 1695 
1697 1695 1696 
1698 1696 1697 
1699 1697 1698 
1700 1698 1699 
1701 1699 1700 
1702 1700 1701 
1703 1701 1702 
1704 1702 1703 
1705 1703 1704 
1706 1704 1705 
1707 1705 1706 
1708 1706 1707 
1709 1707 1708 
1710 1708 1709 
1711 1709 1710 
1712 1710 1711 
1713 1711 1712 
1714 1712 1713 
1715 1713 1714 
1716 1714 1715 
1717 1715 1716 
1718 1716 1717 
1719 1717 1718 
1720 1718 1719 
1721 1719 1720 
1722 1720 1721 
1723 1721 1722 
1724 1722 1723 
1725 1723 1724 
1726 1724 1725 
1727 1725 1726 
1728 1726 1727 
1729 1727 1728 
1730 1728 1729 
1731 1729 1730 
1732 1730 1731 
1733 1731 1732 
1734 1732 1733 
1735 1733 1734 
1736 1734 1735 
1737 1735 1736 
1738 1736 1737 
1739 1737 1738 
1740 1738 1739 
1741 1739 1740 
1742 1740 1741 
1743 1741 1742 
1744 1742 1743 
1745 1743 1744 
1746 1744 1745 
1747 1745 1746 
1748 1746 1747 
1749 1747 1748 
1750 1748 1749 
1751 1749 1750 
1752 1750 1751 
1753 1751 1752 
1754 1752 1753 
1755 1753 1754 
1756 1754 1755 
1757 1755 1756 
1758 1756 1757 
1759 1757 1758 
1760 1758 1759 
1761 1759 1760 
1762 1760 1761 
1763 1761 1762 
1764 1762 1763 
1765 1763 1764 
1766 1764 1765 
1767 1765 1766 
1768 1766 1767 
1769 1767 1768 
1770 1768 1769 
1771 1769 1770 
1772 1770 1771 
1773 1771 1772 
1774 1772 1773 
1775 1773 1774 
1776 1774 1775 
1777 1775 1776 
1778 1776 1777 
1779 1777 1778 
1780 1778 1779 
1781 1779 1780 
1782 1780 1781 
1783 1781 1782 
1784 1782 1783 
1785 1783 1784 
1786 1784 1785 
1787 1785 1786 
1788 1786 1787 
1789 1787 1788 
1790 1788 1789 
1791 1789 1790 
1792 1790 1791 
1793 1791 1792 
1794 1792 1793 
1795 1793 1794 
1796 1794 1795 
1797 1795 1796 
1798 1796 1797 
1799 1797 1798 
1800 1798 1799 
1801 1799 1800 
1802 1800 1801 
1803 1801 1802 
1804 1802 1803 
1805 1803 1804 
1806 1804 1805 
1807 1805 1806 
1808 1806 1807 
1809 1807 1808 
1810 1808 1809 
1811 1809 1810 
1812 1810 1811 
1813 1811 1812 
1814 1812 1813 
1815 1813 1814 
1816 1814 1815 
1817 1815 1816 
1818 1816 1817 
1819 1817 1818 
1820 1818 1819 
1821 1819 1820 
1822 1820 1821 
1823 1821 1822 
1824 1822 1823 
1825 1823 1824 
1826 1824 1825 
1827 1825 1826 
1828 1826 1827 
1829 1827 1828 
1830 1828 1829 
1831 1829 1830 
1832 1830 1831 
1833 1831 1832 
1834 1832 1833 
1835 1833 1834 
1836 1834 1835 
1837 1835 1836 
1838 1836 1837 
1839 1837 1838 
1840 1838 1839 
1841 1839 1840 
1842 1840 1841 
1843 1841 1842 
1844 1842 1843 
1845 1843 1844 
1846 1844 1845 
1847 1845 1846 
1848 1846 1847 
1849 1847 1848 
1850 1848 1849 
1851 1849 1850 
1852 1850 1851 
1853 1851 1852 
1854 1852 1853 
1855 1853 1854 
1856 1854 1855 
1857 1855 1856 
1858 1856 1857 
1859 1857 1858 
1860 1858 1859 
1861 1859 1860 
1862 1860 1861 
1863 1861 1862 
1864 1862 1863 
1865 1863 1864 
1866 1864 1865 
1867 1865 1866 
1868 1866 1867 
1869 1867 1868 
1870 1868 1869 
1871 1869 1870 
1872 1870 1871 
1873 1871 1872 
1874 1872 1873 
1875 1873 1874 
1876 1874 1875 
1877 1875 1876 
1878 1876 1877 
1879 1877 1878 
1880 1878 1879 
1881 1879 1880 
1882 1880 1881 
1883 1881 1882 
1884 1882 1883 
1885 1883 1884 
1886 1884 1885 
1887 1885 1886 
1888 1886 1887 
1889 1887 1888 
1890 1888 1889 
1891 1889 1890 
1892 1890 1891 
1893 1891 1892 
1894 1892 1893 
1895 1893 1894 
1896 1894 1895 
1897 1895 1896 
1898 1896 1897 
1899 1897 1898 
1900 1898 1899 
1901 1899 1900 
1902 1900 1901 
1903 1901 1902 
1904 1902 1903 
1905 1903 1904 
1906 1904 1905 
1907 1905 1906 
1908 1906 1907 
1909 1907 1908 
1910 1908 1909 
1911 1909 1910 
1912 1910 1911 
1913 1911 1912 
1914 1912 1913 
1915 1913 1914 
1916 1914 1915 
1917 1915 1916 
1918 1916 1917 
1919 1917 1918 
1920 1918 1919 
1921 1919 1920 
1922 1920 1921 
1923 1921 1922 
1924 1922 1923 
1925 1923 1924 
1926 1924 1925 
1927 1925 1926 
1928 1926 1927 
1929 1927 1928 
1930 1928 1929 
1931 1929 1930 
1932 1930 1931 
1933 1931 1932 
1934 1932 1933 
1935 1933 1934 
1936 1934 1935 
1937 1935 1936 
1938 1936 1937 
1939 1937 1938 
1940 1938 1939 
1941 1939 1940 
1942 1940 1941 
1943 1941 1942 
1944 1942 1943 
1945 1943 1944 
1946 1944 1945 
1947 1945 1946 
1948 1946 1947 
1949 1947 1948 
1950 1948 1949 
1951 1949 1950 
1952 1950 1951 
1953 1951 1952 
1954 1952 1953 
1955 1953 1954 
1956 1954 1955 
1957 1955 1956 
1958 1956 1957 
1959 1957 1958 
1960 1958 1959 
1961 1959 1960 
1962 1960 1961 
1963 1961 1962 
1964 1962 1963 
1965 1963 1964 
1966 1964 1965 
1967 1965 1966 
1968 1966 1967 
1969 1967 1968 
1970 1968 1969 
1971 1969 1970 
1972 1970 1971 
1973 1971 1972 
1974 1972 1973 
1975 1973 1974 
1976 1974 1975 
1977 1975 1976 
1978 1976 1977 
1979 1977 1978 
1980 1978 1979 
1981 1979 1980 
1982 1980 1981 
1983 1981 1982 
1984 1982 1983 
1985 1983 1984 
1986 1984 1985 
1987 1985 1986 
1988 1986 1987 
1989 1987 1988 
1990 1988 1989 
1991 1989 1990 
1992 1990 1991 
1993 1991 1992 
1994 1992 1993 
1995 1993 1994 
1996 1994 1995 
1997 1995 1996 
1998 1996 1997 
1999 1997 1998 
2000 1998 1999 
2001 1999 2000 
2002 2000 2001 
2003 2001 2002 
2004 2002 2003 
2005 2003 2004 
2006 2004 2005 
2007 2005 2006 
2008 2006 2007 
2009 2007 2008 
2010 2008 2009 
2011 2009 2010 
2012 2010 2011 
2013 2011 2012 
2014 2012 2013 
2015 2013 2014 
2016 2014 2015 
2017 2015 2016 
2018 2016 2017 
2019 2017 2018 
2020 2018 2019 
2021 2019 2020 
2022 2020 2021 
2023 2021 2022 
2024 2022 2023 
2025 2023 2024 
2026 2024 2025 
2027 2025 2026 
2028 2026 2027 
2029 2027 2028 
2030 2028 2029 
2031 2029 2030 
2032 2030 2031 
2033 2031 2032 
2034 2032 2033 
2035 2033 2034 
2036 2034 2035 
2037 2035 2036 
2038 2036 2037 
2039 2037 2038 
2040 2038 2039 
2041 2039 2040 
2042 2040 2041 
2043 2041 2042 
2044 2042 2043 
2045 2043 2044 
2046 2044 2045 
2047 2045 2046 
2048 2046 2047 
2049 2047 2048 
2050 2048 2049 
2051 2049 2050 
2052 2050 2051 
2053 2051 2052 
2054 2052 2053 
2055 2053 2054 
2056 2054 2055 
2057 2055 2056 
2058 2056 2057 
2059 2057 2058 
2060 2058 2059 
2061 2059 2060 
2062 2060 2061 
2063 2061 2062 
2064 2062 2063 
2065 2063 2064 
2066 2064 2065 
2067 2065 2066 
2068 2066 2067 
2069 2067 2068 
2070 2068 2069 
2071 2069 2070 
2072 2070 2071 
2073 2071 2072 
2074 2072 2073 
2075 2073 2074 
2076 2074 2075 
2077 2075 2076 
2078 2076 2077 
2079 2077 2078 
2080 2078 2079 
2081 2079 2080 
2082 2080 2081 
2083 2081 2082 
2084 2082 2083 
2085 2083 2084 
2086 2084 2085 
2087 2085 2086 
2088 2086 2087 
2089 2087 2088 
2090 2088 2089 
2091 2089 2090 
2092 2090 2091 
2093 2091 2092 
2094 2092 2093 
2095 2093 2094 
2096 2094 2095 
2097 2095 2096 
2098 2096 2097 
2099 2097 2098 
2100 2098 2099 
2101 2099 2100 
2102 2100 2101 
2103 2101 2102 
2104 2102 2103 
2105 2103 2104 
2106 2104 2105 
2107 2105 2106 
2108 2106 2107 
2109 2107 2108 
2110 2108 2109 
2111 2109 2110 
2112 2110 2111 
2113 2111 2112 
2114 2112 2113 
2115 2113 2114 
2116 2114 2115 
2117 2115 2116 
2118 2116 2117 
2119 2117 2118 
2120 2118 2119 
2121 2119 2120 
2122 2120 2121 
2123 2121 2122 
2124 2122 2123 
2125 2123 2124 
2126 2124 2125 
2127 2125 2126 
2128 2126 2127 
2129 2127 2128 
2130 2128 2129 
2131 2129 2130 
2132 2130 2131 
2133 2131 2132 
2134 2132 2133 
2135 2133 2134 
2136 2134 2135 
2137 2135 2136 
2138 2136 2137 
2139 2137 2138 
2140 2138 2139 
2141 2139 2140 
2142 2140 2141 
2143 2141 2142 
2144 2142 2143 
2145 2143 2144 
2146 2144 2145 
2147 2145 2146 
2148 2146 2147 
2149 2147 2148 
2150 2148 2149 
2151 2149 2150 
2152 2150 2151 
2153 2151 2152 
2154 2152 2153 
2155 2153 2154 
2156 2154 2155 
2157 2155 2156 
2158 2156 2157 
2159 2157 2158 
2160 2158 2159 
2161 2159 2160 
2162 2160 2161 
2163 2161 2162 
2164 2162 2163 
2165 2163 2164 
2166 2164 2165 
2167 2165 2166 
2168 2166 2167 
2169 2167 2168 
2170 2168 2169 
2171 2169 2170 
2172 2170 2171 
2173 2171 2172 
2174 2172 2173 
2175 2173 2174 
2176 2174 2175 
2177 2175 2176 
2178 2176 2177 
2179 2177 2178 
2180 2178 2179 
2181 2179 2180 
2182 2180 2181 
2183 2181 2182 
2184 2182 2183 
2185 2183 2184 
2186 2184 2185 
2187 2185 2186 
2188 2186 2187 
2189 2187 2188 
2190 2188 2189 
2191 2189 2190 
2192 2190 2191 
2193 2191 2192 
2194 2192 2193 
2195 2193 2194 
2196 2194 2195 
2197 2195 2196 
2198 2196 2197 
2199 2197 2198 
2200 2198 2199 
2201 2199 2200 
2202 2200 2201 
2203 2201 2202 
2204 2202 2203 
2205 2203 2204 
2206 2204 2205 
2207 2205 2206 
2208 2206 2207 
2209 2207 2208 
2210 2208 2209 
2211 2209 2210 
2212 2210 2211 
2213 2211 2212 
2214 2212 2213 
2215 2213 2214 
2216 2214 2215 
2217 2215 2216 
2218 2216 2217 
2219 2217 2218 
2220 2218 2219 
2221 2219 2220 
2222 2220 2221 
2223 2221 2222 
2224 2222 2223 
2225 2223 2224 
2226 2224 2225 
2227 2225 2226 
2228 2226 2227 
2229 2227 2228 
2230 2228 2229 
2231 2229 2230 
2232 2230 2231 
2233 2231 2232 
2234 2232 2233 
2235 2233 2234 
2236 2234 2235 
2237 2235 2236 
2238 2236 2237 
2239 2237 2238 
2240 2238 2239 
2241 2239 2240 
2242 2240 2241 
2243 2241 2242 
2244 2242 2243 
2245 2243 2244 
2246 2244 2245 
2247 2245 2246 
2248 2246 2247 
2249 2247 2248 
2250 2248 2249 
2251 2249 2250 
2252 2250 2251 
2253 2251 2252 
2254 2252 2253 
2255 2253 2254 
2256 2254 2255 
2257 2255 2256 
2258 2256 2257 
2259 2257 2258 
2260 2258 2259 
2261 2259 2260 
2262 2260 2261 
2263 2261 2262 
2264 2262 2263 
2265 2263 2264 
2266 2264 2265 
2267 2265 2266 
2268 2266 2267 
2269 2267 2268 
2270 2268 2269 
2271 2269 2270 
2272 2270 2271 
2273 2271 2272 
2274 2272 2273 
2275 2273 2274 
2276 2274 2275 
2277 2275 2276 
2278 2276 2277 
2279 2277 2278 
2280 2278 2279 
2281 2279 2280 
2282 2280 2281 
2283 2281 2282 
2284 2282 2283 
2285 2283 2284 
2286 2284 2285 
2287 2285 2286 
2288 2286 2287 
2289 2287 2288 
2290 2288 2289 
2291 2289 2290 
2292 2290 2291 
2293 2291 2292 
2294 2292 2293 
2295 2293 2294 
2296 2294 2295 
2297 2295 2296 
2298 2296 2297 
2299 2297 2298 
2300 2298 2299 
2301 2299 2300 
2302 2300 2301 
2303 2301 2302 
2304 2302 2303 
2305 2303 2304 
2306 2304 2305 
2307 2305 2306 
2308 2306 2307 
2309 2307 2308 
2310 2308 2309 
2311 2309 2310 
2312 2310 2311 
2313 2311 2312 
2314 2312 2313 
2315 2313 2314 
2316 2314 2315 
2317 2315 2316 
2318 2316 2317 
2319 2317 2318 
2320 2318 2319 
2321 2319 2320 
2322 2320 2321 
2323 2321 2322 
2324 2322 2323 
2325 2323 2324 
2326 2324 2325 
2327 2325 2326 
2328 2326 2327 
2329 2327 2328 
2330 2328 2329 
2331 2329 2330 
2332 2330 2331 
2333 2331 2332 
2334 2332 2333 
2335 2333 2334 
2336 2334 2335 
2337 2335 2336 
2338 2336 2337 
2339 2337 2338 
2340 2338 2339 
2341 2339 2340 
2342 2340 2341 
2343 2341 2342 
2344 2342 2343 
2345 2343 2344 
2346 2344 2345 
2347 2345 2346 
2348 2346 2347 
2349 2347 2348 
2350 2348 2349 
2351 2349 2350 
2352 2350 2351 
2353 2351 2352 
2354 2352 2353 
2355 2353 2354 
2356 2354 2355 
2357 2355 2356 
2358 2356 2357 
2359 2357 2358 
2360 2358 2359 
2361 2359 2360 
2362 2360 2361 
2363 2361 2362 
2364 2362 2363 
2365 2363 2364 
2366 2364 2365 
2367 2365 2366 
2368 2366 2367 
2369 2367 2368 
2370 2368 2369 
2371 2369 2370 
2372 2370 2371 
2373 2371 2372 
2374 2372 2373 
2375 2373 2374 
2376 2374 2375 
2377 2375 2376 
2378 2376 2377 
2379 2377 2378 
2380 2378 2379 
2381 2379 2380 
2382 2380 2381 
2383 2381 2382 
2384 2382 2383 
2385 2383 2384 
2386 2384 2385 
2387 2385 2386 
2388 2386 2387 
2389 2387 2388 
2390 2388 2389 
2391 2389 2390 
2392 2390 2391 
2393 2391 2392 
2394 2392 2393 
2395 2393 2394 
2396 2394 2395 
2397 2395 2396 
2398 2396 2397 
2399 2397 2398 
2400 2398 2399 
2401 2399 2400 
2402 2400 2401 
2403 2401 2402 
2404 2402 2403 
2405 2403 2404 
2406 2404 2405 
2407 2405 2406 
2408 2406 2407 
2409 2407 2408 
2410 2408 2409 
2411 2409 2410 
2412 2410 2411 
2413 2411 2412 
2414 2412 2413 
2415 2413 2414 
2416 2414 2415 
2417 2415 2416 
2418 2416 2417 
2419 2417 2418 
2420 2418 2419 
2421 2419 2420 
2422 2420 2421 
2423 2421 2422 
2424 2422 2423 
2425 2423 2424 
2426 2424 2425 
2427 2425 2426 
2428 2426 2427 
2429 2427 2428 
2430 2428 2429 
2431 2429 2430 
2432 2430 2431 
2433 2431 2432 
2434 2432 2433 
2435 2433 2434 
2436 2434 2435 
2437 2435 2436 
2438 2436 2437 
2439 2437 2438 
2440 2438 2439 
2441 2439 2440 
2442 2440 2441 
2443 2441 2442 
2444 2442 2443 
2445 2443 2444 
2446 2444 2445 
2447 2445 2446 
2448 2446 2447 
2449 2447 2448 
2450 2448 2449 
2451 2449 2450 
2452 2450 2451 
2453 2451 2452 
2454 2452 2453 
2455 2453 2454 
2456 2454 2455 
2457 2455 2456 
2458 2456 2457 
2459 2457 2458 
2460 2458 2459 
2461 2459 2460 
2462 2460 2461 
2463 2461 2462 
2464 2462 2463 
2465 2463 2464 
2466 2464 2465 
2467 2465 2466 
2468 2466 2467 
2469 2467 2468 
2470 2468 2469 
2471 2469 2470 
2472 2470 2471 
2473 2471 2472 
2474 2472 2473 
2475 2473 2474 
2476 2474 2475 
2477 2475 2476 
2478 2476 2477 
2479 2477 2478 
2480 2478 2479 
2481 2479 2480 
2482 2480 2481 
2483 2481 2482 
2484 2482 2483 
2485 2483 2484 
2486 2484 2485 
2487 2485 2486 
2488 2486 2487 
2489 2487 2488 
2490 2488 2489 
2491 2489 2490 
2492 2490 2491 
2493 2491 2492 
2494 2492 2493 
2495 2493 2494 
2496 2494 2495 
2497 2495 2496 
2498 2496 2497 
2499 2497 2498 
2500 2498 2499 
2501 2499 2500 
2502 2500 2501 
2503 2501 2502 
2504 2502 2503 
2505 2503 2504 
2506 2504 2505 
2507 2505 2506 
2508 2506 2507 
2509 2507 2508 
2510 2508 2509 
2511 2509 2510 
2512 2510 2511 
2513 2511 2512 
2514 2512 2513 
2515 2513 2514 
2516 2514 2515 
2517 2515 2516 
2518 2516 2517 
2519 2517 2518 
2520 2518 2519 
2521 2519 2520 
2522 2520 2521 
2523 2521 2522 
2524 2522 2523 
2525 2523 2524 
2526 2524 2525 
2527 2525 2526 
2528 2526 2527 
2529 2527 2528 
2530 2528 2529 
2531 2529 2530 
2532 2530 2531 
2533 2531 2532 
2534 2532 2533 
2535 2533 2534 
2536 2534 2535 
2537 2535 2536 
2538 2536 2537 
2539 2537 2538 
2540 2538 2539 
2541 2539 2540 
2542 2540 2541 
2543 2541 2542 
2544 2542 2543 
2545 2543 2544 
2546 2544 2545 
2547 2545 2546 
2548 2546 2547 
2549 2547 2548 
2550 2548 2549 
2551 2549 2550 
2552 2550 2551 
2553 2551 2552 
2554 2552 2553 
2555 2553 2554 
2556 2554 2555 
2557 2555 2556 
2558 2556 2557 
2559 2557 2558 
2560 2558 2559 
2561 2559 2560 
2562 2560 2561 
2563 2561 2562 
2564 2562 2563 
2565 2563 2564 
2566 2564 2565 
2567 2565 2566 
2568 2566 2567 
2569 2567 2568 
2570 2568 2569 
2571 2569 2570 
2572 2570 2571 
2573 2571 2572 
2574 2572 2573 
2575 2573 2574 
2576 2574 2575 
2577 2575 2576 
2578 2576 2577 
2579 2577 2578 
2580 2578 2579 
2581 2579 2580 
2582 2580 2581 
2583 2581 2582 
2584 2582 2583 
2585 2583 2584 
2586 2584 2585 
2587 2585 2586 
2588 2586 2587 
2589 2587 2588 
2590 2588 2589 
2591 2589 2590 
2592 2590 2591 
2593 2591 2592 
2594 2592 2593 
2595 2593 2594 
2596 2594 2595 
2597 2595 2596 
2598 2596 2597 
2599 2597 2598 
2600 2598 2599 
2601 2599 2600 
2602 2600 2601 
2603 2601 2602 
2604 2602 2603 
2605 2603 2604 
2606 2604 2605 
2607 2605 2606 
2608 2606 2607 
2609 2607 2608 
2610 2608 2609 
2611 2609 2610 
2612 2610 2611 
2613 2611 2612 
2614 2612 2613 
2615 2613 2614 
2616 2614 2615 
2617 2615 2616 
2618 2616 2617 
2619 2617 2618 
2620 2618 2619 
2621 2619 2620 
2622 2620 2621 
2623 2621 2622 
2624 2622 2623 
2625 2623 2624 
2626 2624 2625 
2627 2625 2626 
2628 2626 2627 
2629 2627 2628 
2630 2628 2629 
2631 2629 2630 
2632 2630 2631 
2633 2631 2632 
2634 2632 2633 
2635 2633 2634 
2636 2634 2635 
2637 2635 2636 
2638 2636 2637 
2639 2637 2638 
2640 2638 2639 
2641 2639 2640 
2642 2640 2641 
2643 2641 2642 
2644 2642 2643 
2645 2643 2644 
2646 2644 2645 
2647 2645 2646 
2648 2646 2647 
2649 2647 2648 
2650 2648 2649 
2651 2649 2650 
2652 2650 2651 
2653 2651 2652 
2654 2652 2653 
2655 2653 2654 
2656 2654 2655 
2657 2655 2656 
2658 2656 2657 
2659 2657 2658 
2660 2658 2659 
2661 2659 2660 
2662 2660 2661 
2663 2661 2662 
2664 2662 2663 
2665 2663 2664 
2666 2664 2665 
2667 2665 2666 
2668 2666 2667 
2669 2667 2668 
2670 2668 2669 
2671 2669 2670 
2672 2670 2671 
2673 2671 2672 
2674 2672 2673 
2675 2673 2674 
2676 2674 2675 
2677 2675 2676 
2678 2676 2677 
2679 2677 2678 
2680 2678 2679 
2681 2679 2680 
2682 2680 2681 
2683 2681 2682 
2684 2682 2683 
2685 2683 2684 
2686 2684 2685 
2687 2685 2686 
2688 2686 2687 
2689 2687 2688 
2690 2688 2689 
2691 2689 2690 
2692 2690 2691 
2693 2691 2692 
2694 2692 2693 
2695 2693 2694 
2696 2694 2695 
2697 2695 2696 
2698 2696 2697 
2699 2697 2698 
2700 2698 2699 
2701 2699 2700 
2702 2700 2701 
2703 2701 2702 
2704 2702 2703 
2705 2703 2704 
2706 2704 2705 
2707 2705 2706 
2708 2706 2707 
2709 2707 2708 
2710 2708 2709 
2711 2709 2710 
2712 2710 2711 
2713 2711 2712 
2714 2712 2713 
2715 2713 2714 
2716 2714 2715 
2717 2715 2716 
2718 2716 2717 
2719 2717 2718 
2720 2718 2719 
2721 2719 2720 
2722 2720 2721 
2723 2721 2722 
2724 2722 2723 
2725 2723 2724 
2726 2724 2725 
2727 2725 2726 
2728 2726 2727 
2729 2727 2728 
2730 2728 2729 
2731 2729 2730 
2732 2730 2731 
2733 2731 2732 
2734 2732 2733 
2735 2733 2734 
2736 2734 2735 
2737 2735 2736 
2738 2736 2737 
2739 2737 2738 
2740 2738 2739 
2741 2739 2740 
2742 2740 2741 
2743 2741 2742 
2744 2742 2743 
2745 2743 2744 
2746 2744 2745 
2747 2745 2746 
2748 2746 2747 
2749 2747 2748 
2750 2748 2749 
2751 2749 2750 
2752 2750 2751 
2753 2751 2752 
2754 2752 2753 
2755 2753 2754 
2756 2754 2755 
2757 2755 2756 
2758 2756 2757 
2759 2757 2758 
2760 2758 2759 
2761 2759 2760 
2762 2760 2761 
2763 2761 2762 
2764 2762 2763 
2765 2763 2764 
2766 2764 2765 
2767 2765 2766 
2768 2766 2767 
2769 2767 2768 
2770 2768 2769 
2771 2769 2770 
2772 2770 2771 
2773 2771 2772 
2774 2772 2773 
2775 2773 2774 
2776 2774 2775 
2777 2775 2776 
2778 2776 2777 
2779 2777 2778 
2780 2778 2779 
2781 2779 2780 
2782 2780 2781 
2783 2781 2782 
2784 2782 2783 
2785 2783 2784 
2786 2784 2785 
2787 2785 2786 
2788 2786 2787 
2789 2787 2788 
2790 2788 2789 
2791 2789 2790 
2792 2790 2791 
2793 2791 2792 
2794 2792 2793 
2795 2793 2794 
2796 2794 2795 
2797 2795 2796 
2798 2796 2797 
2799 2797 2798 
2800 2798 2799 
2801 2799 2800 
2802 2800 2801 
2803 2801 2802 
2804 2802 2803 
2805 2803 2804 
2806 2804 2805 
2807 2805 2806 
2808 2806 2807 
2809 2807 2808 
2810 2808 2809 
2811 2809 2810 
2812 2810 2811 
2813 2811 2812 
2814 2812 2813 
2815 2813 2814 
2816 2814 2815 
2817 2815 2816 
2818 2816 2817 
2819 2817 2818 
2820 2818 2819 
2821 2819 2820 
2822 2820 2821 
2823 2821 2822 
2824 2822 2823 
2825 2823 2824 
2826 2824 2825 
2827 2825 2826 
2828 2826 2827 
2829 2827 2828 
2830 2828 2829 
2831 2829 2830 
2832 2830 2831 
2833 2831 2832 
2834 2832 2833 
2835 2833 2834 
2836 2834 2835 
2837 2835 2836 
2838 2836 2837 
2839 2837 2838 
2840 2838 2839 
2841 2839 2840 
2842 2840 2841 
2843 2841 2842 
2844 2842 2843 
2845 2843 2844 
2846 2844 2845 
2847 2845 2846 
2848 2846 2847 
2849 2847 2848 
2850 2848 2849 
2851 2849 2850 
2852 2850 2851 
2853 2851 2852 
2854 2852 2853 
2855 2853 2854 
2856 2854 2855 
2857 2855 2856 
2858 2856 2857 
2859 2857 2858 
2860 2858 2859 
2861 2859 2860 
2862 2860 2861 
2863 2861 2862 
2864 2862 2863 
2865 2863 2864 
2866 2864 2865 
2867 2865 2866 
2868 2866 2867 
2869 2867 2868 
2870 2868 2869 
2871 2869 2870 
2872 2870 2871 
2873 2871 2872 
2874 2872 2873 
2875 2873 2874 
2876 2874 2875 
2877 2875 2876 
2878 2876 2877 
2879 2877 2878 
2880 2878 2879 
2881 2879 2880 
2882 2880 2881 
2883 2881 2882 
2884 2882 2883 
2885 2883 2884 
2886 2884 2885 
2887 2885 2886 
2888 2886 2887 
2889 2887 2888 
2890 2888 2889 
2891 2889 2890 
2892 2890 2891 
2893 2891 2892 
2894 2892 2893 
2895 2893 2894 
2896 2894 2895 
2897 2895 2896 
2898 2896 2897 
2899 2897 2898 
2900 2898 2899 
2901 2899 2900 
2902 2900 2901 
2903 2901 2902 
2904 2902 2903 
2905 2903 2904 
2906 2904 2905 
2907 2905 2906 
2908 2906 2907 
2909 2907 2908 
2910 2908 2909 
2911 2909 2910 
2912 2910 2911 
2913 2911 2912 
2914 2912 2913 
2915 2913 2914 
2916 2914 2915 
2917 2915 2916 
2918 2916 2917 
2919 2917 2918 
2920 2918 2919 
2921 2919 2920 
2922 2920 2921 
2923 2921 2922 
2924 2922 2923 
2925 2923 2924 
2926 2924 2925 
2927 2925 2926 
2928 2926 2927 
2929 2927 2928 
2930 2928 2929 
2931 2929 2930 
2932 2930 2931 
2933 2931 2932 
2934 2932 2933 
2935 2933 2934 
2936 2934 2935 
2937 2935 2936 
2938 2936 2937 
2939 2937 2938 
2940 2938 2939 
2941 2939 2940 
2942 2940 2941 
2943 2941 2942 
2944 2942 2943 
2945 2943 2944 
2946 2944 2945 
2947 2945 2946 
2948 2946 2947 
2949 2947 2948 
2950 2948 2949 
2951 2949 2950 
2952 2950 2951 
2953 2951 2952 
2954 2952 2953 
2955 2953 2954 
2956 2954 2955 
2957 2955 2956 
2958 2956 2957 
2959 2957 2958 
2960 2958 2959 
2961 2959 2960 
2962 2960 2961 
2963 2961 2962 
2964 2962 2963 
2965 2963 2964 
2966 2964 2965 
2967 2965 2966 
2968 2966 2967 
2969 2967 2968 
2970 2968 2969 
2971 2969 2970 
2972 2970 2971 
2973 2971 2972 
2974 2972 2973 
2975 2973 2974 
2976 2974 2975 
2977 2975 2976 
2978 2976 2977 
2979 2977 2978 
2980 2978 2979 
2981 2979 2980 
2982 2980 2981 
2983 2981 2982 
2984 2982 2983 
2985 2983 2984 
2986 2984 2985 
2987 2985 2986 
2988 2986 2987 
2989 2987 2988 
2990 2988 2989 
2991 2989 2990 
2992 2990 2991 
2993 2991 2992 
2994 2992 2993 
2995 2993 2994 
2996 2994 2995 
2997 2995 2996 
2998 2996 2997 
2999 2997 2998 
3000 2998 2999 
3001 2999 3000 
3002 3000 3001 
3003 3001 3002 
3004 3002 3003 
3005 3003 3004 
3006 3004 3005 
3007 3005 3006 
3008 3006 3007 
3009 3007 3008 
3010 3008 3009 
3011 3009 3010 
3012 3010 3011 
3013 3011 3012 
3014 3012 3013 
3015 3013 3014 
3016 3014 3015 
3017 3015 3016 
3018 3016 3017 
3019 3017 3018 
3020 3018 3019 
3021 3019 3020 
3022 3020 3021 
3023 3021 3022 
3024 3022 3023 
3025 3023 3024 
3026 3024 3025 
3027 3025 3026 
3028 3026 3027 
3029 3027 3028 
3030 3028 3029 
3031 3029 3030 
3032 3030 3031 
3033 3031 3032 
3034 3032 3033 
3035 3033 3034 
3036 3034 3035 
3037 3035 3036 
3038 3036 3037 
3039 3037 3038 
3040 3038 3039 
3041 3039 3040 
3042 3040 3041 
3043 3041 3042 
3044 3042 3043 
3045 3043 3044 
3046 3044 3045 
3047 3045 3046 
3048 3046 3047 
3049 3047 3048 
3050 3048 3049 
3051 3049 3050 
3052 3050 3051 
3053 3051 3052 
3054 3052 3053 
3055 3053 3054 
3056 3054 3055 
3057 3055 3056 
3058 3056 3057 
3059 3057 3058 
3060 3058 3059 
3061 3059 3060 
3062 3060 3061 
3063 3061 3062 
3064 3062 3063 
3065 3063 3064 
3066 3064 3065 
3067 3065 3066 
3068 3066 3067 
3069 3067 3068 
3070 3068 3069 
3071 3069 3070 
3072 3070 3071 
3073 3071 3072 
3074 3072 3073 
3075 3073 3074 
3076 3074 3075 
3077 3075 3076 
3078 3076 3077 
3079 3077 3078 
3080 3078 3079 
3081 3079 3080 
3082 3080 3081 
3083 3081 3082 
3084 3082 3083 
3085 3083 3084 
3086 3084 3085 
3087 3085 3086 
3088 3086 3087 
3089 3087 3088 
3090 3088 3089 
3091 3089 3090 
3092 3090 3091 
3093 3091 3092 
3094 3092 3093 
3095 3093 3094 
3096 3094 3095 
3097 3095 3096 
3098 3096 3097 
3099 3097 3098 
3100 3098 3099 
3101 3099 3100 
3102 3100 3101 
3103 3101 3102 
3104 3102 3103 
3105 3103 3104 
3106 3104 3105 
3107 3105 3106 
3108 3106 3107 
3109 3107 3108 
3110 3108 3109 
3111 3109 3110 
3112 3110 3111 
3113 3111 3112 
3114 3112 3113 
3115 3113 3114 
3116 3114 3115 
3117 3115 3116 
3118 3116 3117 
3119 3117 3118 
3120 3118 3119 
3121 3119 3120 
3122 3120 3121 
3123 3121 3122 
3124 3122 3123 
3125 3123 3124 
3126 3124 3125 
3127 3125 3126 
3128 3126 3127 
3129 3127 3128 
3130 3128 3129 
3131 3129 3130 
3132 3130 3131 
3133 3131 3132 
3134 3132 3133 
3135 3133 3134 
3136 3134 3135 
3137 3135 3136 
3138 3136 3137 
3139 3137 3138 
3140 3138 3139 
3141 3139 3140 
3142 3140 3141 
3143 3141 3142 
3144 3142 3143 
3145 3143 3144 
3146 3144 3145 
3147 3145 3146 
3148 3146 3147 
3149 3147 3148 
3150 3148 3149 
3151 3149 3150 
3152 3150 3151 
3153 3151 3152 
3154 3152 3153 
3155 3153 3154 
3156 3154 3155 
3157 3155 3156 
3158 3156 3157 
3159 3157 3158 
3160 3158 3159 
3161 3159 3160 
3162 3160 3161 
3163 3161 3162 
3164 3162 3163 
3165 3163 3164 
3166 3164 3165 
3167 3165 3166 
3168 3166 3167 
3169 3167 3168 
3170 3168 3169 
3171 3169 3170 
3172 3170 3171 
3173 3171 3172 
3174 3172 3173 
3175 3173 3174 
3176 3174 3175 
3177 3175 3176 
3178 3176 3177 
3179 3177 3178 
3180 3178 3179 
3181 3179 3180 
3182 3180 3181 
3183 3181 3182 
3184 3182 3183 
3185 3183 3184 
3186 3184 3185 
3187 3185 3186 
3188 3186 3187 
3189 3187 3188 
3190 3188 3189 
3191 3189 3190 
3192 3190 3191 
3193 3191 3192 
3194 3192 3193 
3195 3193 3194 
3196 3194 3195 
3197 3195 3196 
3198 3196 3197 
3199 3197 3198 
3200 3198 3199 
3201 3199 3200 
3202 3200 3201 
3203 3201 3202 
3204 3202 3203 
3205 3203 3204 
3206 3204 3205 
3207 3205 3206 
3208 3206 3207 
3209 3207 3208 
3210 3208 3209 
3211 3209 3210 
3212 3210 3211 
3213 3211 3212 
3214 3212 3213 
3215 3213 3214 
3216 3214 3215 
3217 3215 3216 
3218 3216 3217 
3219 3217 3218 
3220 3218 3219 
3221 3219 3220 
3222 3220 3221 
3223 3221 3222 
3224 3222 3223 
3225 3223 3224 
3226 3224 3225 
3227 3225 3226 
3228 3226 3227 
3229 3227 3228 
3230 3228 3229 
3231 3229 3230 
3232 3230 3231 
3233 3231 3232 
3234 3232 3233 
3235 3233 3234 
3236 3234 3235 
3237 3235 3236 
3238 3236 3237 
3239 3237 3238 
3240 3238 3239 
3241 3239 3240 
3242 3240 3241 
3243 3241 3242 
3244 3242 3243 
3245 3243 3244 
3246 3244 3245 
3247 3245 3246 
3248 3246 3247 
3249 3247 3248 
3250 3248 3249 
3251 3249 3250 
3252 3250 3251 
3253 3251 3252 
3254 3252 3253 
3255 3253 3254 
3256 3254 3255 
3257 3255 3256 
3258 3256 3257 
3259 3257 3258 
3260 3258 3259 
3261 3259 3260 
3262 3260 3261 
3263 3261 3262 
3264 3262 3263 
3265 3263 3264 
3266 3264 3265 
3267 3265 3266 
3268 3266 3267 
3269 3267 3268 
3270 3268 3269 
3271 3269 3270 
3272 3270 3271 
3273 3271 3272 
3274 3272 3273 
3275 3273 3274 
3276 3274 3275 
3277 3275 3276 
3278 3276 3277 
3279 3277 3278 
3280 3278 3279 
3281 3279 3280 
3282 3280 3281 
3283 3281 3282 
3284 3282 3283 
3285 3283 3284 
3286 3284 3285 
3287 3285 3286 
3288 3286 3287 
3289 3287 3288 
3290 3288 3289 
3291 3289 3290 
3292 3290 3291 
3293 3291 3292 
3294 3292 3293 
3295 3293 3294 
3296 3294 3295 
3297 3295 3296 
3298 3296 3297 
3299 3297 3298 
3300 3298 3299 
3301 3299 3300 
3302 3300 3301 
3303 3301 3302 
3304 3302 3303 
3305 3303 3304 
3306 3304 3305 
3307 3305 3306 
3308 3306 3307 
3309 3307 3308 
3310 3308 3309 
3311 3309 3310 
3312 3310 3311 
3313 3311 3312 
3314 3312 3313 
3315 3313 3314 
3316 3314 3315 
3317 3315 3316 
3318 3316 3317 
3319 3317 3318 
3320 3318 3319 
3321 3319 3320 
3322 3320 3321 
3323 3321 3322 
3324 3322 3323 
3325 3323 3324 
3326 3324 3325 
3327 3325 3326 
3328 3326 3327 
3329 3327 3328 
3330 3328 3329 
3331 3329 3330 
3332 3330 3331 
3333 3331 3332 
3334 3332 3333 
3335 3333 3334 
3336 3334 3335 
3337 3335 3336 
3338 3336 3337 
3339 3337 3338 
3340 3338 3339 
3341 3339 3340 
3342 3340 3341 
3343 3341 3342 
3344 3342 3343 
3345 3343 3344 
3346 3344 3345 
3347 3345 3346 
3348 3346 3347 
3349 3347 3348 
3350 3348 3349 
3351 3349 3350 
3352 3350 3351 
3353 3351 3352 
3354 3352 3353 
3355 3353 3354 
3356 3354 3355 
3357 3355 3356 
3358 3356 3357 
3359 3357 3358 
3360 3358 3359 
3361 3359 3360 
3362 3360 3361 
3363 3361 3362 
3364 3362 3363 
3365 3363 3364 
3366 3364 3365 
3367 3365 3366 
3368 3366 3367 
3369 3367 3368 
3370 3368 3369 
3371 3369 3370 
3372 3370 3371 
3373 3371 3372 
3374 3372 3373 
3375 3373 3374 
3376 3374 3375 
3377 3375 3376 
3378 3376 3377 
3379 3377 3378 
3380 3378 3379 
3381 3379 3380 
3382 3380 3381 
3383 3381 3382 
3384 3382 3383 
3385 3383 3384 
3386 3384 3385 
3387 3385 3386 
3388 3386 3387 
3389 3387 3388 
3390 3388 3389 
3391 3389 3390 
3392 3390 3391 
3393 3391 3392 
3394 3392 3393 
3395 3393 3394 
3396 3394 3395 
3397 3395 3396 
3398 3396 3397 
3399 3397 3398 
3400 3398 3399 
3401 3399 3400 
3402 3400 3401 
3403 3401 3402 
3404 3402 3403 
3405 3403 3404 
3406 3404 3405 
3407 3405 3406 
3408 3406 3407 
3409 3407 3408 
3410 3408 3409 
3411 3409 3410 
3412 3410 3411 
3413 3411 3412 
3414 3412 3413 
3415 3413 3414 
3416 3414 3415 
3417 3415 3416 
3418 3416 3417 
3419 3417 3418 
3420 3418 3419 
3421 3419 3420 
3422 3420 3421 
3423 3421 3422 
3424 3422 3423 
3425 3423 3424 
3426 3424 3425 
3427 3425 3426 
3428 3426 3427 
3429 3427 3428 
3430 3428 3429 
3431 3429 3430 
3432 3430 3431 
3433 3431 3432 
3434 3432 3433 
3435 3433 3434 
3436 3434 3435 
3437 3435 3436 
3438 3436 3437 
3439 3437 3438 
3440 3438 3439 
3441 3439 3440 
3442 3440 3441 
3443 3441 3442 
3444 3442 3443 
3445 3443 3444 
3446 3444 3445 
3447 3445 3446 
3448 3446 3447 
3449 3447 3448 
3450 3448 3449 
3451 3449 3450 
3452 3450 3451 
3453 3451 3452 
3454 3452 3453 
3455 3453 3454 
3456 3454 3455 
3457 3455 3456 
3458 3456 3457 
3459 3457 3458 
3460 3458 3459 
3461 3459 3460 
3462 3460 3461 
3463 3461 3462 
3464 3462 3463 
3465 3463 3464 
3466 3464 3465 
3467 3465 3466 
3468 3466 3467 
3469 3467 3468 
3470 3468 3469 
3471 3469 3470 
3472 3470 3471 
3473 3471 3472 
3474 3472 3473 
3475 3473 3474 
3476 3474 3475 
3477 3475 3476 
3478 3476 3477 
3479 3477 3478 
3480 3478 3479 
3481 3479 3480 
3482 3480 3481 
3483 3481 3482 
3484 3482 3483 
3485 3483 3484 
3486 3484 3485 
3487 3485 3486 
3488 3486 3487 
3489 3487 3488 
3490 3488 3489 
3491 3489 3490 
3492 3490 3491 
3493 3491 3492 
3494 3492 3493 
3495 3493 3494 
3496 3494 3495 
3497 3495 3496 
3498 3496 3497 
3499 3497 3498 
3500 3498 3499 
3501 3499 3500 
3502 3500 3501 
3503 3501 3502 
3504 3502 3503 
3505 3503 3504 
3506 3504 3505 
3507 3505 3506 
3508 3506 3507 
3509 3507 3508 
3510 3508 3509 
3511 3509 3510 
3512 3510 3511 
3513 3511 3512 
3514 3512 3513 
3515 3513 3514 
3516 3514 3515 
3517 3515 3516 
3518 3516 3517 
3519 3517 3518 
3520 3518 3519 
3521 3519 3520 
3522 3520 3521 
3523 3521 3522 
3524 3522 3523 
3525 3523 3524 
3526 3524 3525 
3527 3525 3526 
3528 3526 3527 
3529 3527 3528 
3530 3528 3529 
3531 3529 3530 
3532 3530 3531 
3533 3531 3532 
3534 3532 3533 
3535 3533 3534 
3536 3534 3535 
3537 3535 3536 
3538 3536 3537 
3539 3537 3538 
3540 3538 3539 
3541 3539 3540 
3542 3540 3541 
3543 3541 3542 
3544 3542 3543 
3545 3543 3544 
3546 3544 3545 
3547 3545 3546 
3548 3546 3547 
3549 3547 3548 
3550 3548 3549 
3551 3549 3550 
3552 3550 3551 
3553 3551 3552 
3554 3552 3553 
3555 3553 3554 
3556 3554 3555 
3557 3555 3556 
3558 3556 3557 
3559 3557 3558 
3560 3558 3559 
3561 3559 3560 
3562 3560 3561 
3563 3561 3562 
3564 3562 3563 
3565 3563 3564 
3566 3564 3565 
3567 3565 3566 
3568 3566 3567 
3569 3567 3568 
3570 3568 3569 
3571 3569 3570 
3572 3570 3571 
3573 3571 3572 
3574 3572 3573 
3575 3573 3574 
3576 3574 3575 
3577 3575 3576 
3578 3576 3577 
3579 3577 3578 
3580 3578 3579 
3581 3579 3580 
3582 3580 3581 
3583 3581 3582 
3584 3582 3583 
3585 3583 3584 
3586 3584 3585 
3587 3585 3586 
3588 3586 3587 
3589 3587 3588 
3590 3588 3589 
3591 3589 3590 
3592 3590 3591 
3593 3591 3592 
3594 3592 3593 
3595 3593 3594 
3596 3594 3595 
3597 3595 3596 
3598 3596 3597 
3599 3597 3598 
3600 3598 3599 
3601 3599 3600 
3602 3600 3601 
3603 3601 3602 
3604 3602 3603 
3605 3603 3604 
3606 3604 3605 
3607 3605 3606 
3608 3606 3607 
3609 3607 3608 
3610 3608 3609 
3611 3609 3610 
3612 3610 3611 
3613 3611 3612 
3614 3612 3613 
3615 3613 3614 
3616 3614 3615 
3617 3615 3616 
3618 3616 3617 
3619 3617 3618 
3620 3618 3619 
3621 3619 3620 
3622 3620 3621 
3623 3621 3622 
3624 3622 3623 
3625 3623 3624 
3626 3624 3625 
3627 3625 3626 
3628 3626 3627 
3629 3627 3628 
3630 3628 3629 
3631 3629 3630 
3632 3630 3631 
3633 3631 3632 
3634 3632 3633 
3635 3633 3634 
3636 3634 3635 
3637 3635 3636 
3638 3636 3637 
3639 3637 3638 
3640 3638 3639 
3641 3639 3640 
3642 3640 3641 
3643 3641 3642 
3644 3642 3643 
3645 3643 3644 
3646 3644 3645 
3647 3645 3646 
3648 3646 3647 
3649 3647 3648 
3650 3648 3649 
3651 3649 3650 
3652 3650 3651 
3653 3651 3652 
3654 3652 3653 
3655 3653 3654 
3656 3654 3655 
3657 3655 3656 
3658 3656 3657 
3659 3657 3658 
3660 3658 3659 
3661 3659 3660 
3662 3660 3661 
3663 3661 3662 
3664 3662 3663 
3665 3663 3664 
3666 3664 3665 
3667 3665 3666 
3668 3666 3667 
3669 3667 3668 
3670 3668 3669 
3671 3669 3670 
3672 3670 3671 
3673 3671 3672 
3674 3672 3673 
3675 3673 3674 
3676 3674 3675 
3677 3675 3676 
3678 3676 3677 
3679 3677 3678 
3680 3678 3679 
3681 3679 3680 
3682 3680 3681 
3683 3681 3682 
3684 3682 3683 
3685 3683 3684 
3686 3684 3685 
3687 3685 3686 
3688 3686 3687 
3689 3687 3688 
3690 3688 3689 
3691 3689 3690 
3692 3690 3691 
3693 3691 3692 
3694 3692 3693 
3695 3693 3694 
3696 3694 3695 
3697 3695 3696 
3698 3696 3697 
3699 3697 3698 
3700 3698 3699 
3701 3699 3700 
3702 3700 3701 
3703 3701 3702 
3704 3702 3703 
3705 3703 3704 
3706 3704 3705 
3707 3705 3706 
3708 3706 3707 
3709 3707 3708 
3710 3708 3709 
3711 3709 3710 
3712 3710 3711 
3713 3711 3712 
3714 3712 3713 
3715 3713 3714 
3716 3714 3715 
3717 3715 3716 
3718 3716 3717 
3719 3717 3718 
3720 3718 3719 
3721 3719 3720 
3722 3720 3721 
3723 3721 3722 
3724 3722 3723 
3725 3723 3724 
3726 3724 3725 
3727 3725 3726 
3728 3726 3727 
3729 3727 3728 
3730 3728 3729 
3731 3729 3730 
3732 3730 3731 
3733 3731 3732 
3734 3732 3733 
3735 3733 3734 
3736 3734 3735 
3737 3735 3736 
3738 3736 3737 
3739 3737 3738 
3740 3738 3739 
3741 3739 3740 
3742 3740 3741 
3743 3741 3742 
3744 3742 3743 
3745 3743 3744 
3746 3744 3745 
3747 3745 3746 
3748 3746 3747 
3749 3747 3748 
3750 3748 3749 
3751 3749 3750 
3752 3750 3751 
3753 3751 3752 
3754 3752 3753 
3755 3753 3754 
3756 3754 3755 
3757 3755 3756 
3758 3756 3757 
3759 3757 3758 
3760 3758 3759 
3761 3759 3760 
3762 3760 3761 
3763 3761 3762 
3764 3762 3763 
3765 3763 3764 
3766 3764 3765 
3767 3765 3766 
3768 3766 3767 
3769 3767 3768 
3770 3768 3769 
3771 3769 3770 
3772 3770 3771 
3773 3771 3772 
3774 3772 3773 
3775 3773 3774 
3776 3774 3775 
3777 3775 3776 
3778 3776 3777 
3779 3777 3778 
3780 3778 3779 
3781 3779 3780 
3782 3780 3781 
3783 3781 3782 
3784 3782 3783 
3785 3783 3784 
3786 3784 3785 
3787 3785 3786 
3788 3786 3787 
3789 3787 3788 
3790 3788 3789 
3791 3789 3790 
3792 3790 3791 
3793 3791 3792 
3794 3792 3793 
3795 3793 3794 
3796 3794 3795 
3797 3795 3796 
3798 3796 3797 
3799 3797 3798 
3800 3798 3799 
3801 3799 3800 
3802 3800 3801 
3803 3801 3802 
3804 3802 3803 
3805 3803 3804 
3806 3804 3805 
3807 3805 3806 
3808 3806 3807 
3809 3807 3808 
3810 3808 3809 
3811 3809 3810 
3812 3810 3811 
3813 3811 3812 
3814 3812 3813 
3815 3813 3814 
3816 3814 3815 
3817 3815 3816 
3818 3816 3817 
3819 3817 3818 
3820 3818 3819 
3821 3819 3820 
3822 3820 3821 
3823 3821 3822 
3824 3822 3823 
3825 3823 3824 
3826 3824 3825 
3827 3825 3826 
3828 3826 3827 
3829 3827 3828 
3830 3828 3829 
3831 3829 3830 
3832 3830 3831 
3833 3831 3832 
3834 3832 3833 
3835 3833 3834 
3836 3834 3835 
3837 3835 3836 
3838 3836 3837 
3839 3837 3838 
3840 3838 3839 
3841 3839 3840 
3842 3840 3841 
3843 3841 3842 
3844 3842 3843 
3845 3843 3844 
3846 3844 3845 
3847 3845 3846 
3848 3846 3847 
3849 3847 3848 
3850 3848 3849 
3851 3849 3850 
3852 3850 3851 
3853 3851 3852 
3854 3852 3853 
3855 3853 3854 
3856 3854 3855 
3857 3855 3856 
3858 3856 3857 
3859 3857 3858 
3860 3858 3859 
3861 3859 3860 
3862 3860 3861 
3863 3861 3862 
3864 3862 3863 
3865 3863 3864 
3866 3864 3865 
3867 3865 3866 
3868 3866 3867 
3869 3867 3868 
3870 3868 3869 
3871 3869 3870 
3872 3870 3871 
3873 3871 3872 
3874 3872 3873 
3875 3873 3874 
3876 3874 3875 
3877 3875 3876 
3878 3876 3877 
3879 3877 3878 
3880 3878 3879 
3881 3879 3880 
3882 3880 3881 
3883 3881 3882 
3884 3882 3883 
3885 3883 3884 
3886 3884 3885 
3887 3885 3886 
3888 3886 3887 
3889 3887 3888 
3890 3888 3889 
3891 3889 3890 
3892 3890 3891 
3893 3891 3892 
3894 3892 3893 
3895 3893 3894 
3896 3894 3895 
3897 3895 3896 
3898 3896 3897 
3899 3897 3898 
3900 3898 3899 
3901 3899 3900 
3902 3900 3901 
3903 3901 3902 
3904 3902 3903 
3905 3903 3904 
3906 3904 3905 
3907 3905 3906 
3908 3906 3907 
3909 3907 3908 
3910 3908 3909 
3911 3909 3910 
3912 3910 3911 
3913 3911 3912 
3914 3912 3913 
3915 3913 3914 
3916 3914 3915 
3917 3915 3916 
3918 3916 3917 
3919 3917 3918 
3920 3918 3919 
3921 3919 3920 
3922 3920 3921 
3923 3921 3922 
3924 3922 3923 
3925 3923 3924 
3926 3924 3925 
3927 3925 3926 
3928 3926 3927 
3929 3927 3928 
3930 3928 3929 
3931 3929 3930 
3932 3930 3931 
3933 3931 3932 
3934 3932 3933 
3935 3933 3934 
3936 3934 3935 
3937 3935 3936 
3938 3936 3937 
3939 3937 3938 
3940 3938 3939 
3941 3939 3940 
3942 3940 3941 
3943 3941 3942 
3944 3942 3943 
3945 3943 3944 
3946 3944 3945 
3947 3945 3946 
3948 3946 3947 
3949 3947 3948 
3950 3948 3949 
3951 3949 3950 
3952 3950 3951 
3953 3951 3952 
3954 3952 3953 
3955 3953 3954 
3956 3954 3955 
3957 3955 3956 
3958 3956 3957 
3959 3957 3958 
3960 3958 3959 
3961 3959 3960 
3962 3960 3961 
3963 3961 3962 
3964 3962 3963 
3965 3963 3964 
3966 3964 3965 
3967 3965 3966 
3968 3966 3967 
3969 3967 3968 
3970 3968 3969 
3971 3969 3970 
3972 3970 3971 
3973 3971 3972 
3974 3972 3973 
3975 3973 3974 
3976 3974 3975 
3977 3975 3976 
3978 3976 3977 
3979 3977 3978 
3980 3978 3979 
3981 3979 3980 
3982 3980 3981 
3983 3981 3982 
3984 3982 3983 
3985 3983 3984 
3986 3984 3985 
3987 3985 3986 
3988 3986 3987 
3989 3987 3988 
3990 3988 3989 
3991 3989 3990 
3992 3990 3991 
3993 3991 3992 
3994 3992 3993 
3995 3993 3994 
3996 3994 3995 
3997 3995 3996 
3998 3996 3997 
3999 3997 3998 
4000 3998 3999 
4001 3999 4000 
4002 4000 4001 
4003 4001 4002 
4004 4002 4003 
4005 4003 4004 
4006 4004 4005 
4007 4005 4006 
4008 4006 4007 
4009 4007 4008 
4010 4008 4009 
4011 4009 4010 
4012 4010 4011 
4013 4011 4012 
4014 4012 4013 
4015 4013 4014 
4016 4014 4015 
4017 4015 4016 
4018 4016 4017 
4019 4017 4018 
4020 4018 4019 
4021 4019 4020 
4022 4020 4021 
4023 4021 4022 
4024 4022 4023 
4025 4023 4024 
4026 4024 4025 
4027 4025 4026 
4028 4026 4027 
4029 4027 4028 
4030 4028 4029 
4031 4029 4030 
4032 4030 4031 
4033 4031 4032 
4034 4032 4033 
4035 4033 4034 
4036 4034 4035 
4037 4035 4036 
4038 4036 4037 
4039 4037 4038 
4040 4038 4039 
4041 4039 4040 
4042 4040 4041 
4043 4041 4042 
4044 4042 4043 
4045 4043 4044 
4046 4044 4045 
4047 4045 4046 
4048 4046 4047 
4049 4047 4048 
4050 4048 4049 
4051 4049 4050 
4052 4050 4051 
4053 4051 4052 
4054 4052 4053 
4055 4053 4054 
4056 4054 4055 
4057 4055 4056 
4058 4056 4057 
4059 4057 4058 
4060 4058 4059 
4061 4059 4060 
4062 4060 4061 
4063 4061 4062 
4064 4062 4063 
4065 4063 4064 
4066 4064 4065 
4067 4065 4066 
4068 4066 4067 
4069 4067 4068 
4070 4068 4069 
4071 4069 4070 
4072 4070 4071 
4073 4071 4072 
4074 4072 4073 
4075 4073 4074 
4076 4074 4075 
4077 4075 4076 
4078 4076 4077 
4079 4077 4078 
4080 4078 4079 
4081 4079 4080 
4082 4080 4081 
4083 4081 4082 
4084 4082 4083 
4085 4083 4084 
4086 4084 4085 
4087 4085 4086 
4088 4086 4087 
4089 4087 4088 
4090 4088 4089 
4091 4089 4090 
4092 4090 4091 
4093 4091 4092 
4094 4092 4093 
4095 4093 4094 
4096 4094 4095 
4097 4095 4096 
4098 4096 4097 
4099 4097 4098 
4100 4098 4099 
4101 4099 4100 
4102 4100 4101 
4103 4101 4102 
4104 4102 4103 
4105 4103 4104 
4106 4104 4105 
4107 4105 4106 
4108 4106 4107 
4109 4107 4108 
4110 4108 4109 
4111 4109 4110 
4112 4110 4111 
4113 4111 4112 
4114 4112 4113 
4115 4113 4114 
4116 4114 4115 
4117 4115 4116 
4118 4116 4117 
4119 4117 4118 
4120 4118 4119 
4121 4119 4120 
4122 4120 4121 
4123 4121 4122 
4124 4122 4123 
4125 4123 4124 
4126 4124 4125 
4127 4125 4126 
4128 4126 4127 
4129 4127 4128 
4130 4128 4129 
4131 4129 4130 
4132 4130 4131 
4133 4131 4132 
4134 4132 4133 
4135 4133 4134 
4136 4134 4135 
4137 4135 4136 
4138 4136 4137 
4139 4137 4138 
4140 4138 4139 
4141 4139 4140 
4142 4140 4141 
4143 4141 4142 
4144 4142 4143 
4145 4143 4144 
4146 4144 4145 
4147 4145 4146 
4148 4146 4147 
4149 4147 4148 
4150 4148 4149 
4151 4149 4150 
4152 4150 4151 
4153 4151 4152 
4154 4152 4153 
4155 4153 4154 
4156 4154 4155 
4157 4155 4156 
4158 4156 4157 
4159 4157 4158 
4160 4158 4159 
4161 4159 4160 
4162 4160 4161 
4163 4161 4162 
4164 4162 4163 
4165 4163 4164 
4166 4164 4165 
4167 4165 4166 
4168 4166 4167 
4169 4167 4168 
4170 4168 4169 
4171 4169 4170 
4172 4170 4171 
4173 4171 4172 
4174 4172 4173 
4175 4173 4174 
4176 4174 4175 
4177 4175 4176 
4178 4176 4177 
4179 4177 4178 
4180 4178 4179 
4181 4179 4180 
4182 4180 4181 
4183 4181 4182 
4184 4182 4183 
4185 4183 4184 
4186 4184 4185 
4187 4185 4186 
4188 4186 4187 
4189 4187 4188 
4190 4188 4189 
4191 4189 4190 
4192 4190 4191 
4193 4191 4192 
4194 4192 4193 
4195 4193 4194 
4196 4194 4195 
4197 4195 4196 
4198 4196 4197 
4199 4197 4198 
4200 4198 4199 
4201 4199 4200 
4202 4200 4201 
4203 4201 4202 
4204 4202 4203 
4205 4203 4204 
4206 4204 4205 
4207 4205 4206 
4208 4206 4207 
4209 4207 4208 
4210 4208 4209 
4211 4209 4210 
4212 4210 4211 
4213 4211 4212 
4214 4212 4213 
4215 4213 4214 
4216 4214 4215 
4217 4215 4216 
4218 4216 4217 
4219 4217 4218 
4220 4218 4219 
4221 4219 4220 
4222 4220 4221 
4223 4221 4222 
4224 4222 4223 
4225 4223 4224 
4226 4224 4225 
4227 4225 4226 
4228 4226 4227 
4229 4227 4228 
4230 4228 4229 
4231 4229 4230 
4232 4230 4231 
4233 4231 4232 
4234 4232 4233 
4235 4233 4234 
4236 4234 4235 
4237 4235 4236 
4238 4236 4237 
4239 4237 4238 
4240 4238 4239 
4241 4239 4240 
4242 4240 4241 
4243 4241 4242 
4244 4242 4243 
4245 4243 4244 
4246 4244 4245 
4247 4245 4246 
4248 4246 4247 
4249 4247 4248 
4250 4248 4249 
4251 4249 4250 
4252 4250 4251 
4253 4251 4252 
4254 4252 4253 
4255 4253 4254 
4256 4254 4255 
4257 4255 4256 
4258 4256 4257 
4259 4257 4258 
4260 4258 4259 
4261 4259 4260 
4262 4260 4261 
4263 4261 4262 
4264 4262 4263 
4265 4263 4264 
4266 4264 4265 
4267 4265 4266 
4268 4266 4267 
4269 4267 4268 
4270 4268 4269 
4271 4269 4270 
4272 4270 4271 
4273 4271 4272 
4274 4272 4273 
4275 4273 4274 
4276 4274 4275 
4277 4275 4276 
4278 4276 4277 
4279 4277 4278 
4280 4278 4279 
4281 4279 4280 
4282 4280 4281 
4283 4281 4282 
4284 4282 4283 
4285 4283 4284 
4286 4284 4285 
4287 4285 4286 
4288 4286 4287 
4289 4287 4288 
4290 4288 4289 
4291 4289 4290 
4292 4290 4291 
4293 4291 4292 
4294 4292 4293 
4295 4293 4294 
4296 4294 4295 
4297 4295 4296 
4298 4296 4297 
4299 4297 4298 
4300 4298 4299 
4301 4299 4300 
4302 4300 4301 
4303 4301 4302 
4304 4302 4303 
4305 4303 4304 
4306 4304 4305 
4307 4305 4306 
4308 4306 4307 
4309 4307 4308 
4310 4308 4309 
4311 4309 4310 
4312 4310 4311 
4313 4311 4312 
4314 4312 4313 
4315 4313 4314 
4316 4314 4315 
4317 4315 4316 
4318 4316 4317 
4319 4317 4318 
4320 4318 4319 
4321 4319 4320 
4322 4320 4321 
4323 4321 4322 
4324 4322 4323 
4325 4323 4324 
4326 4324 4325 
4327 4325 4326 
4328 4326 4327 
4329 4327 4328 
4330 4328 4329 
4331 4329 4330 
4332 4330 4331 
4333 4331 4332 
4334 4332 4333 
4335 4333 4334 
4336 4334 4335 
4337 4335 4336 
4338 4336 4337 
4339 4337 4338 
4340 4338 4339 
4341 4339 4340 
4342 4340 4341 
4343 4341 4342 
4344 4342 4343 
4345 4343 4344 
4346 4344 4345 
4347 4345 4346 
4348 4346 4347 
4349 4347 4348 
4350 4348 4349 
4351 4349 4350 
4352 4350 4351 
4353 4351 4352 
4354 4352 4353 
4355 4353 4354 
4356 4354 4355 
4357 4355 4356 
4358 4356 4357 
4359 4357 4358 
4360 4358 4359 
4361 4359 4360 
4362 4360 4361 
4363 4361 4362 
4364 4362 4363 
4365 4363 4364 
4366 4364 4365 
4367 4365 4366 
4368 4366 4367 
4369 4367 4368 
4370 4368 4369 
4371 4369 4370 
4372 4370 4371 
4373 4371 4372 
4374 4372 4373 
4375 4373 4374 
4376 4374 4375 
4377 4375 4376 
4378 4376 4377 
4379 4377 4378 
4380 4378 4379 
4381 4379 4380 
4382 4380 4381 
4383 4381 4382 
4384 4382 4383 
4385 4383 4384 
4386 4384 4385 
4387 4385 4386 
4388 4386 4387 
4389 4387 4388 
4390 4388 4389 
4391 4389 4390 
4392 4390 4391 
4393 4391 4392 
4394 4392 4393 
4395 4393 4394 
4396 4394 4395 
4397 4395 4396 
4398 4396 4397 
4399 4397 4398 
4400 4398 4399 
4401 4399 4400 
4402 4400 4401 
4403 4401 4402 
4404 4402 4403 
4405 4403 4404 
4406 4404 4405 
4407 4405 4406 
4408 4406 4407 
4409 4407 4408 
4410 4408 4409 
4411 4409 4410 
4412 4410 4411 
4413 4411 4412 
4414 4412 4413 
4415 4413 4414 
4416 4414 4415 
4417 4415 4416 
4418 4416 4417 
4419 4417 4418 
4420 4418 4419 
4421 4419 4420 
4422 4420 4421 
4423 4421 4422 
4424 4422 4423 
4425 4423 4424 
4426 4424 4425 
4427 4425 4426 
4428 4426 4427 
4429 4427 4428 
4430 4428 4429 
4431 4429 4430 
4432 4430 4431 
4433 4431 4432 
4434 4432 4433 
4435 4433 4434 
4436 4434 4435 
4437 4435 4436 
4438 4436 4437 
4439 4437 4438 
4440 4438 4439 
4441 4439 4440 
4442 4440 4441 
4443 4441 4442 
4444 4442 4443 
4445 4443 4444 
4446 4444 4445 
4447 4445 4446 
4448 4446 4447 
4449 4447 4448 
4450 4448 4449 
4451 4449 4450 
4452 4450 4451 
4453 4451 4452 
4454 4452 4453 
4455 4453 4454 
4456 4454 4455 
4457 4455 4456 
4458 4456 4457 
4459 4457 4458 
4460 4458 4459 
4461 4459 4460 
4462 4460 4461 
4463 4461 4462 
4464 4462 4463 
4465 4463 4464 
4466 4464 4465 
4467 4465 4466 
4468 4466 4467 
4469 4467 4468 
4470 4468 4469 
4471 4469 4470 
4472 4470 4471 
4473 4471 4472 
4474 4472 4473 
4475 4473 4474 
4476 4474 4475 
4477 4475 4476 
4478 4476 4477 
4479 4477 4478 
4480 4478 4479 
4481 4479 4480 
4482 4480 4481 
4483 4481 4482 
4484 4482 4483 
4485 4483 4484 
4486 4484 4485 
4487 4485 4486 
4488 4486 4487 
4489 4487 4488 
4490 4488 4489 
4491 4489 4490 
4492 4490 4491 
4493 4491 4492 
4494 4492 4493 
4495 4493 4494 
4496 4494 4495 
4497 4495 4496 
4498 4496 4497 
4499 4497 4498 
4500 4498 4499 
4501 4499 4500 
4502 4500 4501 
4503 4501 4502 
4504 4502 4503 
4505 4503 4504 
4506 4504 4505 
4507 4505 4506 
4508 4506 4507 
4509 4507 4508 
4510 4508 4509 
4511 4509 4510 
4512 4510 4511 
4513 4511 4512 
4514 4512 4513 
4515 4513 4514 
4516 4514 4515 
4517 4515 4516 
4518 4516 4517 
4519 4517 4518 
4520 4518 4519 
4521 4519 4520 
4522 4520 4521 
4523 4521 4522 
4524 4522 4523 
4525 4523 4524 
4526 4524 4525 
4527 4525 4526 
4528 4526 4527 
4529 4527 4528 
4530 4528 4529 
4531 4529 4530 
4532 4530 4531 
4533 4531 4532 
4534 4532 4533 
4535 4533 4534 
4536 4534 4535 
4537 4535 4536 
4538 4536 4537 
4539 4537 4538 
4540 4538 4539 
4541 4539 4540 
4542 4540 4541 
4543 4541 4542 
4544 4542 4543 
4545 4543 4544 
4546 4544 4545 
4547 4545 4546 
4548 4546 4547 
4549 4547 4548 
4550 4548 4549 
4551 4549 4550 
4552 4550 4551 
4553 4551 4552 
4554 4552 4553 
4555 4553 4554 
4556 4554 4555 
4557 4555 4556 
4558 4556 4557 
4559 4557 4558 
4560 4558 4559 
4561 4559 4560 
4562 4560 4561 
4563 4561 4562 
4564 4562 4563 
4565 4563 4564 
4566 4564 4565 
4567 4565 4566 
4568 4566 4567 
4569 4567 4568 
4570 4568 4569 
4571 4569 4570 
4572 4570 4571 
4573 4571 4572 
4574 4572 4573 
4575 4573 4574 
4576 4574 4575 
4577 4575 4576 
4578 4576 4577 
4579 4577 4578 
4580 4578 4579 
4581 4579 4580 
4582 4580 4581 
4583 4581 4582 
4584 4582 4583 
4585 4583 4584 
4586 4584 4585 
4587 4585 4586 
4588 4586 4587 
4589 4587 4588 
4590 4588 4589 
4591 4589 4590 
4592 4590 4591 
4593 4591 4592 
4594 4592 4593 
4595 4593 4594 
4596 4594 4595 
4597 4595 4596 
4598 4596 4597 
4599 4597 4598 
4600 4598 4599 
4601 4599 4600 
4602 4600 4601 
4603 4601 4602 
4604 4602 4603 
4605 4603 4604 
4606 4604 4605 
4607 4605 4606 
4608 4606 4607 
4609 4607 4608 
4610 4608 4609 
4611 4609 4610 
4612 4610 4611 
4613 4611 4612 
4614 4612 4613 
4615 4613 4614 
4616 4614 4615 
4617 4615 4616 
4618 4616 4617 
4619 4617 4618 
4620 4618 4619 
4621 4619 4620 
4622 4620 4621 
4623 4621 4622 
4624 4622 4623 
4625 4623 4624 
4626 4624 4625 
4627 4625 4626 
4628 4626 4627 
4629 4627 4628 
4630 4628 4629 
4631 4629 4630 
4632 4630 4631 
4633 4631 4632 
4634 4632 4633 
4635 4633 4634 
4636 4634 4635 
4637 4635 4636 
4638 4636 4637 
4639 4637 4638 
4640 4638 4639 
4641 4639 4640 
4642 4640 4641 
4643 4641 4642 
4644 4642 4643 
4645 4643 4644 
4646 4644 4645 
4647 4645 4646 
4648 4646 4647 
4649 4647 4648 
4650 4648 4649 
4651 4649 4650 
4652 4650 4651 
4653 4651 4652 
4654 4652 4653 
4655 4653 4654 
4656 4654 4655 
4657 4655 4656 
4658 4656 4657 
4659 4657 4658 
4660 4658 4659 
4661 4659 4660 
4662 4660 4661 
4663 4661 4662 
4664 4662 4663 
4665 4663 4664 
4666 4664 4665 
4667 4665 4666 
4668 4666 4667 
4669 4667 4668 
4670 4668 4669 
4671 4669 4670 
4672 4670 4671 
4673 4671 4672 
4674 4672 4673 
4675 4673 4674 
4676 4674 4675 
4677 4675 4676 
4678 4676 4677 
4679 4677 4678 
4680 4678 4679 
4681 4679 4680 
4682 4680 4681 
4683 4681 4682 
4684 4682 4683 
4685 4683 4684 
4686 4684 4685 
4687 4685 4686 
4688 4686 4687 
4689 4687 4688 
4690 4688 4689 
4691 4689 4690 
4692 4690 4691 
4693 4691 4692 
4694 4692 4693 
4695 4693 4694 
4696 4694 4695 
4697 4695 4696 
4698 4696 4697 
4699 4697 4698 
4700 4698 4699 
4701 4699 4700 
4702 4700 4701 
4703 4701 4702 
4704 4702 4703 
4705 4703 4704 
4706 4704 4705 
4707 4705 4706 
4708 4706 4707 
4709 4707 4708 
4710 4708 4709 
4711 4709 4710 
4712 4710 4711 
4713 4711 4712 
4714 4712 4713 
4715 4713 4714 
4716 4714 4715 
4717 4715 4716 
4718 4716 4717 
4719 4717 4718 
4720 4718 4719 
4721 4719 4720 
4722 4720 4721 
4723 4721 4722 
4724 4722 4723 
4725 4723 4724 
4726 4724 4725 
4727 4725 4726 
4728 4726 4727 
4729 4727 4728 
4730 4728 4729 
4731 4729 4730 
4732 4730 4731 
4733 4731 4732 
4734 4732 4733 
4735 4733 4734 
4736 4734 4735 
4737 4735 4736 
4738 4736 4737 
4739 4737 4738 
4740 4738 4739 
4741 4739 4740 
4742 4740 4741 
4743 4741 4742 
4744 4742 4743 
4745 4743 4744 
4746 4744 4745 
4747 4745 4746 
4748 4746 4747 
4749 4747 4748 
4750 4748 4749 
4751 4749 4750 
4752 4750 4751 
4753 4751 4752 
4754 4752 4753 
4755 4753 4754 
4756 4754 4755 
4757 4755 4756 
4758 4756 4757 
4759 4757 4758 
4760 4758 4759 
4761 4759 4760 
4762 4760 4761 
4763 4761 4762 
4764 4762 4763 
4765 4763 4764 
4766 4764 4765 
4767 4765 4766 
4768 4766 4767 
4769 4767 4768 
4770 4768 4769 
4771 4769 4770 
4772 4770 4771 
4773 4771 4772 
4774 4772 4773 
4775 4773 4774 
4776 4774 4775 
4777 4775 4776 
4778 4776 4777 
4779 4777 4778 
4780 4778 4779 
4781 4779 4780 
4782 4780 4781 
4783 4781 4782 
4784 4782 4783 
4785 4783 4784 
4786 4784 4785 
4787 4785 4786 
4788 4786 4787 
4789 4787 4788 
4790 4788 4789 
4791 4789 4790 
4792 4790 4791 
4793 4791 4792 
4794 4792 4793 
4795 4793 4794 
4796 4794 4795 
4797 4795 4796 
4798 4796 4797 
4799 4797 4798 
4800 4798 4799 
4801 4799 4800 
4802 4800 4801 
4803 4801 4802 
4804 4802 4803 
4805 4803 4804 
4806 4804 4805 
4807 4805 4806 
4808 4806 4807 
4809 4807 4808 
4810 4808 4809 
4811 4809 4810 
4812 4810 4811 
4813 4811 4812 
4814 4812 4813 
4815 4813 4814 
4816 4814 4815 
4817 4815 4816 
4818 4816 4817 
4819 4817 4818 
4820 4818 4819 
4821 4819 4820 
4822 4820 4821 
4823 4821 4822 
4824 4822 4823 
4825 4823 4824 
4826 4824 4825 
4827 4825 4826 
4828 4826 4827 
4829 4827 4828 
4830 4828 4829 
4831 4829 4830 
4832 4830 4831 
4833 4831 4832 
4834 4832 4833 
4835 4833 4834 
4836 4834 4835 
4837 4835 4836 
4838 4836 4837 
4839 4837 4838 
4840 4838 4839 
4841 4839 4840 
4842 4840 4841 
4843 4841 4842 
4844 4842 4843 
4845 4843 4844 
4846 4844 4845 
4847 4845 4846 
4848 4846 4847 
4849 4847 4848 
4850 4848 4849 
4851 4849 4850 
4852 4850 4851 
4853 4851 4852 
4854 4852 4853 
4855 4853 4854 
4856 4854 4855 
4857 4855 4856 
4858 4856 4857 
4859 4857 4858 
4860 4858 4859 
4861 4859 4860 
4862 4860 4861 
4863 4861 4862 
4864 4862 4863 
4865 4863 4864 
4866 4864 4865 
4867 4865 4866 
4868 4866 4867 
4869 4867 4868 
4870 4868 4869 
4871 4869 4870 
4872 4870 4871 
4873 4871 4872 
4874 4872 4873 
4875 4873 4874 
4876 4874 4875 
4877 4875 4876 
4878 4876 4877 
4879 4877 4878 
4880 4878 4879 
4881 4879 4880 
4882 4880 4881 
4883 4881 4882 
4884 4882 4883 
4885 4883 4884 
4886 4884 4885 
4887 4885 4886 
4888 4886 4887 
4889 4887 4888 
4890 4888 4889 
4891 4889 4890 
4892 4890 4891 
4893 4891 4892 
4894 4892 4893 
4895 4893 4894 
4896 4894 4895 
4897 4895 4896 
4898 4896 4897 
4899 4897 4898 
4900 4898 4899 
4901 4899 4900 
4902 4900 4901 
4903 4901 4902 
4904 4902 4903 
4905 4903 4904 
4906 4904 4905 
4907 4905 4906 
4908 4906 4907 
4909 4907 4908 
4910 4908 4909 
4911 4909 4910 
4912 4910 4911 
4913 4911 4912 
4914 4912 4913 
4915 4913 4914 
4916 4914 4915 
4917 4915 4916 
4918 4916 4917 
4919 4917 4918 
4920 4918 4919 
4921 4919 4920 
4922 4920 4921 
4923 4921 4922 
4924 4922 4923 
4925 4923 4924 
4926 4924 4925 
4927 4925 4926 
4928 4926 4927 
4929 4927 4928 
4930 4928 4929 
4931 4929 4930 
4932 4930 4931 
4933 4931 4932 
4934 4932 4933 
4935 4933 4934 
4936 4934 4935 
4937 4935 4936 
4938 4936 4937 
4939 4937 4938 
4940 4938 4939 
4941 4939 4940 
4942 4940 4941 
4943 4941 4942 
4944 4942 4943 
4945 4943 4944 
4946 4944 4945 
4947 4945 4946 
4948 4946 4947 
4949 4947 4948 
4950 4948 4949 
4951 4949 4950 
4952 4950 4951 
4953 4951 4952 
4954 4952 4953 
4955 4953 4954 
4956 4954 4955 
4957 4955 4956 
4958 4956 4957 
4959 4957 4958 
4960 4958 4959 
4961 4959 4960 
4962 4960 4961 
4963 4961 4962 
4964 4962 4963 
4965 4963 4964 
4966 4964 4965 
4967 4965 4966 
4968 4966 4967 
4969 4967 4968 
4970 4968 4969 
4971 4969 4970 
4972 4970 4971 
4973 4971 4972 
4974 4972 4973 
4975 4973 4974 
4976 4974 4975 
4977 4975 4976 
4978 4976 4977 
4979 4977 4978 
4980 4978 4979 
4981 4979 4980 
4982 4980 4981 
4983 4981 4982 
4984 4982 4983 
4985 4983 4984 
4986 4984 4985 
4987 4985 4986 
4988 4986 4987 
4989 4987 4988 
4990 4988 4989 
4991 4989 4990 
4992 4990 4991 
4993 4991 4992 
4994 4992 4993 
4995 4993 4994 
4996 4994 4995 
4997 4995 4996 
4998 4996 4997 
4999 4997 4998 
5000 4998 4999 
5001 4999 5000 
5002 5000 5001 
5003 5001 5002 
5004 5002 5003 
5005 5003 5004 
5006 5004 5005 
5007 5005 5006 
5008 5006 5007 
5009 5007 3 
1 3 1 5
5010 3 5008 
5011 5008 5009 
5012 5009 5010 
5013 5010 5011 
5014 5011 4 
$EndElements
