# ASCII 1D datafile generated by TiberCAD
# 1 x
# 2 GenerationRate
# 3 Intensity
# 4 External_Source_ElectricField
# 5 Transmission
# 6 Reflection
# 7 Absorption
# x GenerationRate Intensity External_Source_ElectricField Transmission Reflection Absorption 
-300 0 1098.71 20850.8 0 0 0 
-295 0 1080.64 20733.1 0 0 0 
-290 0 1042.54 20462 0 0 0 
-285 0 1000.75 20119.9 0 0 0 
-280 0 955.725 19707.8 0 0 0 
-275 0 907.977 19227 0 0 0 
-270 0 858.092 18679.2 0 0 0 
-265 0 806.711 18066.2 0 0 0 
-260 0 754.524 17390.4 0 0 0 
-255 0 702.255 16654.1 0 0 0 
-250 0 650.65 15860.4 0 0 0 
-245 0 600.466 15012.2 0 0 0 
-240 0 552.451 14112.9 0 0 0 
-235 0 507.337 13166 0 0 0 
-230 0 465.818 12175.3 0 0 0 
-225 0 428.544 11144.9 0 0 0 
-220 0 396.101 10078.8 0 0 0 
-215 0 369.005 8981.41 0 0 0 
-210 0 347.686 7857.14 0 0 0 
-205 0 332.486 6710.53 0 0 0 
-200 0 326.452 6132.22 0 0 0 
-200 6.66343e+20 651.337 4960.22 0 0 0 
-195 6.59254e+20 648.612 4364.51 0 0 0 
-190 6.43404e+20 642.759 3166.84 0 0 0 
-185 6.24582e+20 636.232 1966.88 0 0 0 
-180 6.03911e+20 629.343 784.354 0 0 0 
-175 5.83217e+20 622.466 -362.506 0 0 0 
-170 5.64796e+20 616.01 -1457.36 0 0 0 
-165 5.51075e+20 610.39 -2486.01 0 0 0 
-160 5.44196e+20 606.002 -3436.61 0 0 0 
-155 5.45597e+20 603.204 -4299.76 0 0 0 
-150 5.55658e+20 602.309 -5068.56 0 0 0 
-145 5.73497e+20 603.583 -5738.53 0 0 0 
-140 5.96948e+20 607.258 -6307.49 0 0 0 
-135 6.2277e+20 613.54 -6775.43 0 0 0 
-130 6.47053e+20 622.619 -7144.28 0 0 0 
-125 6.65785e+20 634.674 -7417.61 0 0 0 
-120 6.75488e+20 649.855 -7600.42 0 0 0 
-115 6.73826e+20 668.253 -7698.79 0 0 0 
-110 6.60074e+20 689.851 -7719.64 0 0 0 
-105 6.35353e+20 714.459 -7670.44 0 0 0 
-100 6.0258e+20 741.637 -7558.92 0 0 0 
-95 5.6611e+20 770.635 -7392.88 0 0 0 
-90 5.31108e+20 800.332 -7179.92 0 0 0 
-85 5.02744e+20 829.226 -6927.35 0 0 0 
-80 4.85323e+20 855.458 -6641.99 0 0 0 
-75 4.81504e+20 876.89 -6330.08 0 0 0 
-70 4.91737e+20 891.247 -5997.23 0 0 0 
-65 5.14031e+20 896.296 -5648.39 0 0 0 
-60 5.44107e+20 890.074 -5287.84 0 0 0 
-55 5.75949e+20 871.126 -4919.17 0 0 0 
-50 6.02659e+20 838.727 -4545.41 0 0 0 
-45 6.1753e+20 793.071 -4168.99 0 0 0 
-40 6.15137e+20 735.388 -3791.86 0 0 0 
-35 5.92294e+20 667.97 -3415.56 0 0 0 
-30 5.48714e+20 594.091 -3041.29 0 0 0 
-25 4.87238e+20 517.825 -2669.94 0 0 0 
-20 4.13592e+20 443.761 -2302.23 0 0 0 
-15 3.35691e+20 376.65 -1938.7 0 0 0 
-10 2.62577e+20 321.006 -1579.81 0 0 0 
-5 2.03144e+20 280.713 -1225.92 0 0 0 
0 1.77909e+20 264.838 -1050.27 0 0 0 
0 2.20909e+21 507.627 -704.502 0 0 0 
5.00036 2.01212e+21 505.246 -536.383 0 0 0 
10.0015 1.68748e+21 500.923 -208.077 0 0 0 
15.0033 1.47481e+21 497.324 102.804 0 0 0 
20.0059 1.33132e+21 494.199 393.696 0 0 0 
25.0093 1.23112e+21 491.394 662.699 0 0 0 
30.0134 1.15847e+21 488.812 908.142 0 0 0 
35.0182 1.10366e+21 486.393 1128.3 0 0 0 
40.0239 1.06068e+21 484.097 1321.31 0 0 0 
45.0302 1.02573e+21 481.899 1485.25 0 0 0 
50.0373 9.96386e+20 479.782 1618.37 0 0 0 
55.0452 9.71086e+20 477.734 1719.32 0 0 0 
60.0538 9.48784e+20 475.747 1787.38 0 0 0 
65.0632 9.28775e+20 473.815 1822.6 0 0 0 
70.0733 9.10573e+20 471.933 1825.89 0 0 0 
75.0841 8.93831e+20 470.099 1798.95 0 0 0 
80.0958 8.78297e+20 468.308 1744.11 0 0 0 
85.1081 8.63785e+20 466.558 1664.24 0 0 0 
90.1212 8.50149e+20 464.846 1562.43 0 0 0 
95.1351 8.37278e+20 463.17 1441.89 0 0 0 
100.15 8.25081e+20 461.527 1305.76 0 0 0 
105.165 8.13484e+20 459.913 1156.98 0 0 0 
110.181 8.02428e+20 458.327 998.299 0 0 0 
115.198 7.91859e+20 456.767 832.259 0 0 0 
120.216 7.81736e+20 455.228 661.246 0 0 0 
125.234 7.72019e+20 453.71 487.566 0 0 0 
130.253 7.62677e+20 452.211 313.508 0 0 0 
135.273 7.53681e+20 450.728 141.393 0 0 0 
140.294 7.45006e+20 449.261 -26.4284 0 0 0 
145.315 7.36629e+20 447.808 -187.607 0 0 0 
150.337 7.28531e+20 446.368 -339.866 0 0 0 
155.36 7.20693e+20 444.942 -481.103 0 0 0 
160.384 7.13099e+20 443.53 -609.488 0 0 0 
165.408 7.05736e+20 442.131 -723.552 0 0 0 
170.434 6.98589e+20 440.747 -822.246 0 0 0 
175.459 6.91646e+20 439.377 -904.956 0 0 0 
180.486 6.84897e+20 438.023 -971.47 0 0 0 
185.514 6.78332e+20 436.685 -1021.91 0 0 0 
190.542 6.71941e+20 435.365 -1056.62 0 0 0 
195.571 6.65716e+20 434.062 -1076.09 0 0 0 
200.6 6.59649e+20 432.778 -1080.83 0 0 0 
205.631 6.53732e+20 431.511 -1071.34 0 0 0 
210.662 6.47958e+20 430.262 -1048.02 0 0 0 
215.694 6.42321e+20 429.031 -1011.26 0 0 0 
220.727 6.36816e+20 427.817 -961.424 0 0 0 
225.76 6.31436e+20 426.618 -898.966 0 0 0 
230.794 6.26175e+20 425.434 -824.506 0 0 0 
235.829 6.2103e+20 424.263 -738.908 0 0 0 
240.865 6.15995e+20 423.104 -643.338 0 0 0 
245.902 6.11065e+20 421.955 -539.289 0 0 0 
250.939 6.06238e+20 420.815 -428.557 0 0 0 
255.977 6.01507e+20 419.682 -313.192 0 0 0 
261.016 5.96871e+20 418.556 -195.401 0 0 0 
266.055 5.92325e+20 417.435 -77.447 0 0 0 
271.095 5.87866e+20 416.32 38.4695 0 0 0 
276.136 5.83491e+20 415.208 150.31 0 0 0 
281.178 5.79197e+20 414.102 256.284 0 0 0 
286.221 5.74981e+20 413 354.894 0 0 0 
291.264 5.70841e+20 411.904 444.962 0 0 0 
296.308 5.66775e+20 410.814 525.609 0 0 0 
301.353 5.6278e+20 409.73 596.225 0 0 0 
306.398 5.58853e+20 408.655 656.407 0 0 0 
311.445 5.54994e+20 407.59 705.907 0 0 0 
316.492 5.51199e+20 406.534 744.578 0 0 0 
321.54 5.47468e+20 405.489 772.33 0 0 0 
326.588 5.43798e+20 404.456 789.108 0 0 0 
331.638 5.40187e+20 403.435 794.889 0 0 0 
336.688 5.36635e+20 402.427 789.692 0 0 0 
341.739 5.33138e+20 401.43 773.606 0 0 0 
346.79 5.29696e+20 400.446 746.816 0 0 0 
351.843 5.26307e+20 399.473 709.641 0 0 0 
356.896 5.22969e+20 398.51 662.554 0 0 0 
361.95 5.19681e+20 397.557 606.2 0 0 0 
367.004 5.16442e+20 396.611 541.402 0 0 0 
372.06 5.1325e+20 395.673 469.153 0 0 0 
377.116 5.10103e+20 394.74 390.6 0 0 0 
382.173 5.07001e+20 393.811 307.017 0 0 0 
387.23 5.03942e+20 392.885 219.778 0 0 0 
392.289 5.00925e+20 391.962 130.323 0 0 0 
397.348 4.97949e+20 391.041 40.1245 0 0 0 
402.408 4.95013e+20 390.122 -49.3395 0 0 0 
407.469 4.92116e+20 389.203 -136.622 0 0 0 
412.53 4.89257e+20 388.286 -220.332 0 0 0 
417.592 4.86435e+20 387.372 -299.168 0 0 0 
422.655 4.8365e+20 386.46 -371.936 0 0 0 
427.719 4.809e+20 385.552 -437.582 0 0 0 
432.784 4.78185e+20 384.649 -495.207 0 0 0 
437.849 4.75504e+20 383.751 -544.08 0 0 0 
442.915 4.72857e+20 382.86 -583.656 0 0 0 
447.982 4.70242e+20 381.977 -613.566 0 0 0 
453.049 4.6766e+20 381.103 -633.617 0 0 0 
458.118 4.65109e+20 380.238 -643.781 0 0 0 
463.187 4.6259e+20 379.382 -644.17 0 0 0 
468.257 4.60101e+20 378.536 -635.022 0 0 0 
473.327 4.57641e+20 377.7 -616.676 0 0 0 
478.399 4.5521e+20 376.873 -589.561 0 0 0 
483.471 4.52808e+20 376.054 -554.179 0 0 0 
488.544 4.50433e+20 375.243 -511.105 0 0 0 
493.617 4.48086e+20 374.438 -460.984 0 0 0 
498.692 4.45765e+20 373.638 -404.544 0 0 0 
503.767 4.43469e+20 372.843 -342.596 0 0 0 
508.843 4.41199e+20 372.051 -276.049 0 0 0 
513.919 4.38953e+20 371.261 -205.909 0 0 0 
518.997 4.36731e+20 370.472 -133.277 0 0 0 
524.075 4.34532e+20 369.684 -59.3311 0 0 0 
529.154 4.32357e+20 368.895 14.6898 0 0 0 
534.234 4.30204e+20 368.107 87.5228 0 0 0 
539.314 4.28074e+20 367.319 157.915 0 0 0 
544.395 4.25965e+20 366.531 224.665 0 0 0 
549.478 4.23877e+20 365.744 286.659 0 0 0 
554.56 4.21811e+20 364.959 342.906 0 0 0 
559.644 4.19766e+20 364.177 392.562 0 0 0 
564.728 4.17741e+20 363.398 434.946 0 0 0 
569.813 4.15737e+20 362.625 469.546 0 0 0 
574.899 4.13753e+20 361.857 496.017 0 0 0 
579.986 4.11788e+20 361.096 514.17 0 0 0 
585.073 4.09843e+20 360.342 523.958 0 0 0 
590.161 4.07917e+20 359.597 525.46 0 0 0 
595.25 4.06011e+20 358.859 518.87 0 0 0 
600.34 4.04123e+20 358.129 504.482 0 0 0 
605.43 4.02253e+20 357.407 482.683 0 0 0 
610.521 4.00401e+20 356.692 453.953 0 0 0 
615.613 3.98566e+20 355.984 418.854 0 0 0 
620.706 3.96749e+20 355.281 378.04 0 0 0 
625.799 3.94949e+20 354.583 332.242 0 0 0 
630.894 3.93165e+20 353.888 282.268 0 0 0 
635.989 3.91397e+20 353.196 228.991 0 0 0 
641.084 3.89645e+20 352.506 173.327 0 0 0 
646.181 3.87908e+20 351.816 116.221 0 0 0 
651.278 3.86186e+20 351.126 58.6156 0 0 0 
656.376 3.8448e+20 350.435 1.43269 0 0 0 
661.475 3.82788e+20 349.744 -54.455 0 0 0 
666.575 3.8111e+20 349.052 -108.242 0 0 0 
671.675 3.79447e+20 348.36 -159.205 0 0 0 
676.776 3.77797e+20 347.668 -206.712 0 0 0 
681.878 3.76162e+20 346.976 -250.226 0 0 0 
686.981 3.74541e+20 346.286 -289.295 0 0 0 
692.084 3.72933e+20 345.599 -323.551 0 0 0 
697.188 3.71339e+20 344.915 -352.694 0 0 0 
702.293 3.69758e+20 344.236 -376.484 0 0 0 
707.399 3.68191e+20 343.561 -394.728 0 0 0 
712.505 3.66637e+20 342.893 -407.275 0 0 0 
717.613 3.65096e+20 342.231 -414.012 0 0 0 
722.721 3.63568e+20 341.576 -414.868 0 0 0 
727.829 3.62053e+20 340.928 -409.817 0 0 0 
732.939 3.60551e+20 340.287 -398.893 0 0 0 
738.049 3.59061e+20 339.652 -382.195 0 0 0 
743.16 3.57583e+20 339.023 -359.905 0 0 0 
748.272 3.56117e+20 338.399 -332.297 0 0 0 
753.385 3.54662e+20 337.779 -299.743 0 0 0 
758.498 3.53219e+20 337.162 -262.721 0 0 0 
763.612 3.51787e+20 336.547 -221.812 0 0 0 
768.727 3.50367e+20 335.934 -177.691 0 0 0 
773.843 3.48956e+20 335.321 -131.121 0 0 0 
778.959 3.47557e+20 334.708 -82.9308 0 0 0 
784.076 3.46168e+20 334.094 -33.9921 0 0 0 
789.194 3.44789e+20 333.48 14.8025 0 0 0 
794.313 3.4342e+20 332.864 62.569 0 0 0 
799.433 3.42061e+20 332.247 108.459 0 0 0 
804.553 3.40712e+20 331.63 151.687 0 0 0 
809.674 3.39373e+20 331.012 191.552 0 0 0 
814.796 3.38044e+20 330.396 227.458 0 0 0 
819.918 3.36725e+20 329.781 258.926 0 0 0 
825.042 3.35415e+20 329.169 285.601 0 0 0 
830.166 3.34115e+20 328.56 307.249 0 0 0 
835.291 3.32825e+20 327.955 323.755 0 0 0 
840.416 3.31544e+20 327.355 335.106 0 0 0 
845.543 3.30273e+20 326.761 341.376 0 0 0 
850.67 3.29011e+20 326.172 342.707 0 0 0 
855.798 3.27759e+20 325.59 339.29 0 0 0 
860.927 3.26516e+20 325.013 331.349 0 0 0 
866.056 3.25281e+20 324.442 319.123 0 0 0 
871.186 3.24056e+20 323.877 302.859 0 0 0 
876.317 3.2284e+20 323.315 282.808 0 0 0 
881.449 3.21632e+20 322.758 259.227 0 0 0 
886.582 3.20432e+20 322.204 232.383 0 0 0 
891.715 3.19241e+20 321.651 202.564 0 0 0 
896.849 3.18058e+20 321.1 170.092 0 0 0 
901.984 3.16882e+20 320.549 135.33 0 0 0 
907.12 3.15715e+20 319.998 98.6914 0 0 0 
912.256 3.14555e+20 319.446 60.6495 0 0 0 
917.394 3.13403e+20 318.893 21.7321 0 0 0 
922.532 3.12258e+20 318.339 -17.4817 0 0 0 
927.67 3.1112e+20 317.784 -56.3729 0 0 0 
932.81 3.0999e+20 317.228 -94.299 0 0 0 
937.95 3.08867e+20 316.672 -130.613 0 0 0 
943.091 3.07752e+20 316.115 -164.685 0 0 0 
948.233 3.06644e+20 315.56 -195.923 0 0 0 
953.376 3.05543e+20 315.007 -223.792 0 0 0 
958.519 3.04449e+20 314.456 -247.835 0 0 0 
963.663 3.03363e+20 313.909 -267.68 0 0 0 
968.808 3.02284e+20 313.366 -283.048 0 0 0 
973.954 3.01212e+20 312.827 -293.763 0 0 0 
979.1 3.00147e+20 312.293 -299.741 0 0 0 
984.247 2.9909e+20 311.765 -300.993 0 0 0 
989.395 2.98039e+20 311.242 -297.61 0 0 0 
994.544 2.96995e+20 310.724 -289.759 0 0 0 
999.694 2.95959e+20 310.21 -277.67 0 0 0 
1004.84 2.94929e+20 309.701 -261.623 0 0 0 
1010 2.93905e+20 309.195 -241.945 0 0 0 
1015.15 2.92888e+20 308.692 -218.993 0 0 0 
1020.3 2.91877e+20 308.19 -193.156 0 0 0 
1025.45 2.90873e+20 307.69 -164.842 0 0 0 
1030.61 2.89874e+20 307.191 -134.478 0 0 0 
1035.76 2.88881e+20 306.691 -102.505 0 0 0 
1040.92 2.87895e+20 306.191 -69.3735 0 0 0 
1046.07 2.86914e+20 305.689 -35.5441 0 0 0 
1051.23 2.85938e+20 305.186 -1.48205 0 0 0 
1056.39 2.84969e+20 304.682 32.3454 0 0 0 
1061.55 2.84005e+20 304.177 65.4721 0 0 0 
1066.71 2.83046e+20 303.672 97.4376 0 0 0 
1071.87 2.82094e+20 303.166 127.792 0 0 0 
1077.03 2.81147e+20 302.661 156.101 0 0 0 
1082.19 2.80205e+20 302.158 181.953 0 0 0 
1087.35 2.7927e+20 301.656 204.963 0 0 0 
1092.52 2.7834e+20 301.157 224.784 0 0 0 
1097.68 2.77415e+20 300.662 241.109 0 0 0 
1102.85 2.76497e+20 300.17 253.682 0 0 0 
1108.01 2.75584e+20 299.682 262.301 0 0 0 
1113.18 2.74676e+20 299.2 266.827 0 0 0 
1118.35 2.73774e+20 298.721 267.188 0 0 0 
1123.51 2.72878e+20 298.248 263.379 0 0 0 
1128.68 2.71987e+20 297.778 255.47 0 0 0 
1133.85 2.71101e+20 297.313 243.6 0 0 0 
1139.02 2.7022e+20 296.85 227.977 0 0 0 
1144.2 2.69345e+20 296.39 208.877 0 0 0 
1149.37 2.68474e+20 295.932 186.632 0 0 0 
1154.54 2.67608e+20 295.475 161.628 0 0 0 
1159.71 2.66747e+20 295.018 134.293 0 0 0 
1164.89 2.65891e+20 294.562 105.089 0 0 0 
1170.06 2.65039e+20 294.105 74.5046 0 0 0 
1175.24 2.64192e+20 293.646 43.0398 0 0 0 
1180.42 2.6335e+20 293.187 11.2013 0 0 0 
1185.59 2.62512e+20 292.726 -20.5076 0 0 0 
1190.77 2.61678e+20 292.265 -51.5949 0 0 0 
1195.95 2.60849e+20 291.803 -81.5865 0 0 0 
1201.13 2.60024e+20 291.34 -110.032 0 0 0 
1206.31 2.59204e+20 290.878 -136.511 0 0 0 
1211.49 2.58388e+20 290.417 -160.635 0 0 0 
1216.67 2.57577e+20 289.957 -182.055 0 0 0 
1221.86 2.5677e+20 289.499 -200.464 0 0 0 
1227.04 2.55968e+20 289.045 -215.598 0 0 0 
1232.22 2.55171e+20 288.593 -227.244 0 0 0 
1237.41 2.54378e+20 288.146 -235.241 0 0 0 
1242.6 2.53589e+20 287.702 -239.484 0 0 0 
1247.78 2.52805e+20 287.262 -239.927 0 0 0 
1252.97 2.52025e+20 286.827 -236.583 0 0 0 
1258.16 2.5125e+20 286.395 -229.53 0 0 0 
1263.35 2.50479e+20 285.967 -218.904 0 0 0 
1268.54 2.49712e+20 285.541 -204.907 0 0 0 
1273.73 2.48949e+20 285.118 -187.794 0 0 0 
1278.92 2.48191e+20 284.697 -167.878 0 0 0 
1284.11 2.47436e+20 284.277 -145.515 0 0 0 
1289.3 2.46685e+20 283.857 -121.105 0 0 0 
1294.5 2.45937e+20 283.437 -95.074 0 0 0 
1299.69 2.45194e+20 283.017 -67.8726 0 0 0 
1304.89 2.44454e+20 282.596 -39.9601 0 0 0 
1310.08 2.43718e+20 282.174 -11.7964 0 0 0 
1315.28 2.42986e+20 281.75 16.1676 0 0 0 
1320.48 2.42257e+20 281.326 43.4992 0 0 0 
1325.68 2.41531e+20 280.901 69.7906 0 0 0 
1330.88 2.4081e+20 280.475 94.6651 0 0 0 
1336.08 2.40091e+20 280.05 117.781 0 0 0 
1341.28 2.39377e+20 279.626 138.833 0 0 0 
1346.48 2.38666e+20 279.202 157.556 0 0 0 
1351.68 2.37959e+20 278.781 173.721 0 0 0 
1356.88 2.37256e+20 278.361 187.137 0 0 0 
1362.09 2.36556e+20 277.945 197.649 0 0 0 
1367.29 2.3586e+20 277.532 205.138 0 0 0 
1372.5 2.35168e+20 277.122 209.517 0 0 0 
1377.7 2.34479e+20 276.716 210.738 0 0 0 
1382.91 2.33794e+20 276.314 208.785 0 0 0 
1388.12 2.33113e+20 275.915 203.682 0 0 0 
1393.33 2.32435e+20 275.519 195.491 0 0 0 
1398.54 2.31761e+20 275.126 184.321 0 0 0 
1403.75 2.3109e+20 274.734 170.321 0 0 0 
1408.96 2.30422e+20 274.345 153.689 0 0 0 
1414.17 2.29757e+20 273.957 134.672 0 0 0 
1419.38 2.29096e+20 273.569 113.562 0 0 0 
1424.6 2.28438e+20 273.181 90.6923 0 0 0 
1429.81 2.27783e+20 272.792 66.4386 0 0 0 
1435.02 2.2713e+20 272.403 41.2065 0 0 0 
1440.24 2.26481e+20 272.013 15.426 0 0 0 
1445.46 2.25835e+20 271.622 -10.4591 0 0 0 
1450.67 2.25192e+20 271.23 -36.0015 0 0 0 
1455.89 2.24551e+20 270.837 -60.761 0 0 0 
1461.11 2.23914e+20 270.444 -84.3157 0 0 0 
1466.33 2.2328e+20 270.051 -106.271 0 0 0 
1471.55 2.22649e+20 269.659 -126.269 0 0 0 
1476.77 2.2202e+20 269.267 -143.994 0 0 0 
1481.99 2.21395e+20 268.877 -159.18 0 0 0 
1487.22 2.20773e+20 268.489 -171.612 0 0 0 
1492.44 2.20154e+20 268.103 -181.128 0 0 0 
1497.66 2.19538e+20 267.72 -187.618 0 0 0 
1502.89 2.18925e+20 267.341 -191.028 0 0 0 
1508.11 2.18315e+20 266.964 -191.348 0 0 0 
1513.34 2.17708e+20 266.591 -188.62 0 0 0 
1518.57 2.17105e+20 266.221 -182.928 0 0 0 
1523.8 2.16504e+20 265.853 -174.397 0 0 0 
1529.03 2.15906e+20 265.488 -163.191 0 0 0 
1534.26 2.1531e+20 265.125 -149.509 0 0 0 
1539.49 2.14718e+20 264.763 -133.585 0 0 0 
1544.72 2.14128e+20 264.403 -115.68 0 0 0 
1549.95 2.13541e+20 264.042 -96.0872 0 0 0 
1555.18 2.12957e+20 263.682 -75.1227 0 0 0 
1560.42 2.12375e+20 263.322 -53.1251 0 0 0 
1565.65 2.11795e+20 262.961 -30.4508 0 0 0 
1570.89 2.11218e+20 262.599 -7.46864 0 0 0 
1576.12 2.10644e+20 262.236 15.445 0 0 0 
1581.36 2.10072e+20 261.872 37.9132 0 0 0 
1586.6 2.09502e+20 261.508 59.5649 0 0 0 
1591.83 2.08935e+20 261.143 80.0425 0 0 0 
1597.07 2.0837e+20 260.778 99.0086 0 0 0 
1602.31 2.07808e+20 260.414 116.153 0 0 0 
1607.55 2.07249e+20 260.05 131.2 0 0 0 
1612.8 2.06692e+20 259.688 143.912 0 0 0 
1618.04 2.06138e+20 259.327 154.096 0 0 0 
1623.28 2.05586e+20 258.969 161.605 0 0 0 
1628.52 2.05037e+20 258.613 166.341 0 0 0 
1633.77 2.0449e+20 258.26 168.258 0 0 0 
1639.02 2.03946e+20 257.909 167.358 0 0 0 
1644.26 2.03405e+20 257.562 163.692 0 0 0 
1649.51 2.02866e+20 257.217 157.357 0 0 0 
1654.76 2.02329e+20 256.874 148.495 0 0 0 
1660 2.01795e+20 256.534 137.29 0 0 0 
1665.25 2.01264e+20 256.196 123.96 0 0 0 
1670.5 2.00735e+20 255.859 108.758 0 0 0 
1675.76 2.00208e+20 255.523 91.9659 0 0 0 
1681.01 1.99683e+20 255.187 73.8882 0 0 0 
1686.26 1.9916e+20 254.851 54.8497 0 0 0 
1691.51 1.9864e+20 254.515 35.1886 0 0 0 
1696.77 1.98121e+20 254.179 15.2513 0 0 0 
1702.02 1.97605e+20 253.842 -4.6137 0 0 0 
1707.28 1.97091e+20 253.504 -24.0616 0 0 0 
1712.53 1.96579e+20 253.165 -42.7582 0 0 0 
1717.79 1.96069e+20 252.826 -60.3862 0 0 0 
1723.05 1.95561e+20 252.486 -76.6515 0 0 0 
1728.31 1.95055e+20 252.146 -91.2896 0 0 0 
1733.57 1.94552e+20 251.806 -104.071 0 0 0 
1738.83 1.9405e+20 251.468 -114.806 0 0 0 
1744.09 1.93551e+20 251.13 -123.348 0 0 0 
1749.35 1.93054e+20 250.794 -129.6 0 0 0 
1754.61 1.92559e+20 250.46 -133.509 0 0 0 
1759.88 1.92067e+20 250.128 -135.075 0 0 0 
1765.14 1.91576e+20 249.798 -134.344 0 0 0 
1770.41 1.91088e+20 249.471 -131.405 0 0 0 
1775.67 1.90602e+20 249.147 -126.392 0 0 0 
1780.94 1.90118e+20 248.825 -119.472 0 0 0 
1786.21 1.89636e+20 248.505 -110.845 0 0 0 
1791.48 1.89156e+20 248.187 -100.735 0 0 0 
1796.74 1.88679e+20 247.87 -89.3793 0 0 0 
1802.01 1.88203e+20 247.555 -77.0296 0 0 0 
1807.29 1.87729e+20 247.241 -63.9375 0 0 0 
1812.56 1.87257e+20 246.927 -50.3519 0 0 0 
1817.83 1.86787e+20 246.613 -36.5116 0 0 0 
1823.1 1.86319e+20 246.299 -22.6412 0 0 0 
1828.38 1.85853e+20 245.984 -8.94679 0 0 0 
1833.65 1.85388e+20 245.669 4.38643 0 0 0 
1838.93 1.84925e+20 245.353 17.1956 0 0 0 
1844.2 1.84464e+20 245.036 29.3404 0 0 0 
1849.48 1.84005e+20 244.719 40.7024 0 0 0 
1854.76 1.83548e+20 244.402 51.1832 0 0 0 
1860.04 1.83092e+20 244.084 60.7021 0 0 0 
1865.31 1.82638e+20 243.767 69.1937 0 0 0 
1870.59 1.82186e+20 243.45 76.6051 0 0 0 
1875.88 1.81736e+20 243.135 82.8931 0 0 0 
1881.16 1.81288e+20 242.821 88.0226 0 0 0 
1886.44 1.80842e+20 242.508 91.965 0 0 0 
1891.72 1.80398e+20 242.198 94.6972 0 0 0 
1897.01 1.79955e+20 241.889 96.2025 0 0 0 
1902.29 1.79515e+20 241.583 96.4706 0 0 0 
1907.58 1.79076e+20 241.279 95.5001 0 0 0 
1912.86 1.78639e+20 240.977 93.3 0 0 0 
1918.15 1.78204e+20 240.678 89.8919 0 0 0 
1923.44 1.77771e+20 240.379 85.3127 0 0 0 
1928.73 1.77339e+20 240.083 79.6163 0 0 0 
1934.02 1.76909e+20 239.787 72.8748 0 0 0 
1939.31 1.76481e+20 239.492 65.179 0 0 0 
1944.6 1.76055e+20 239.198 56.6383 0 0 0 
1949.89 1.7563e+20 238.903 47.3791 0 0 0 
1955.19 1.75206e+20 238.608 37.5421 0 0 0 
1960.48 1.74785e+20 238.313 27.2795 0 0 0 
1965.77 1.74364e+20 238.018 16.7505 0 0 0 
1971.07 1.73946e+20 237.722 6.11721 0 0 0 
1976.36 1.73529e+20 237.425 -4.46016 0 0 0 
1981.66 1.73113e+20 237.128 -14.8275 0 0 0 
1986.96 1.72699e+20 236.83 -24.8409 0 0 0 
1992.26 1.72286e+20 236.533 -34.3698 0 0 0 
1997.56 1.71876e+20 236.235 -43.2991 0 0 0 
2002.86 1.71466e+20 235.939 -51.5308 0 0 0 
2008.16 1.71059e+20 235.643 -58.9839 0 0 0 
2013.46 1.70653e+20 235.349 -65.5935 0 0 0 
2018.76 1.70248e+20 235.056 -71.3099 0 0 0 
2024.06 1.69846e+20 234.765 -76.0955 0 0 0 
2029.37 1.69444e+20 234.476 -79.923 0 0 0 
2034.67 1.69045e+20 234.188 -82.7726 0 0 0 
2039.98 1.68647e+20 233.903 -84.6294 0 0 0 
2045.29 1.68251e+20 233.619 -85.4822 0 0 0 
2050.59 1.67856e+20 233.338 -85.3216 0 0 0 
2055.9 1.67463e+20 233.057 -84.14 0 0 0 
2061.21 1.67071e+20 232.778 -81.9322 0 0 0 
2066.52 1.66681e+20 232.5 -78.6964 0 0 0 
2071.83 1.66292e+20 232.223 -74.4362 0 0 0 
2077.14 1.65905e+20 231.946 -69.1633 0 0 0 
2082.45 1.65519e+20 231.669 -62.9001 0 0 0 
2087.77 1.65134e+20 231.391 -55.6827 0 0 0 
2093.08 1.64751e+20 231.114 -47.5635 0 0 0 
2098.39 1.64369e+20 230.836 -38.6133 0 0 0 
2103.71 1.63989e+20 230.558 -28.9229 0 0 0 
2109.02 1.6361e+20 230.279 -18.604 0 0 0 
2114.34 1.63232e+20 229.999 -7.78863 0 0 0 
2119.66 1.62856e+20 229.72 3.37197 0 0 0 
2124.98 1.6248e+20 229.441 14.7096 0 0 0 
2130.3 1.62107e+20 229.162 26.0422 0 0 0 
2135.62 1.61735e+20 228.883 37.1782 0 0 0 
2140.94 1.61364e+20 228.605 47.9208 0 0 0 
2146.26 1.60994e+20 228.329 58.0732 0 0 0 
2151.58 1.60626e+20 228.053 67.444 0 0 0 
2156.9 1.6026e+20 227.78 75.8524 0 0 0 
2162.23 1.59894e+20 227.508 83.1333 0 0 0 
2167.55 1.59531e+20 227.237 89.1419 0 0 0 
2172.88 1.59168e+20 226.969 93.7573 0 0 0 
2178.2 1.58807e+20 226.702 96.886 0 0 0 
2183.53 1.58448e+20 226.436 98.4636 0 0 0 
2188.86 1.58089e+20 226.172 98.456 0 0 0 
2194.19 1.57732e+20 225.909 96.8597 0 0 0 
2199.52 1.57377e+20 225.647 93.7003 0 0 0 
2204.85 1.57022e+20 225.385 89.0313 0 0 0 
2210.18 1.56669e+20 225.124 82.9313 0 0 0 
2215.51 1.56317e+20 224.863 75.5011 0 0 0 
2220.84 1.55966e+20 224.602 66.8607 0 0 0 
2226.18 1.55617e+20 224.34 57.1453 0 0 0 
2231.51 1.55268e+20 224.078 46.5029 0 0 0 
2236.85 1.54921e+20 223.816 35.0909 0 0 0 
2242.18 1.54575e+20 223.553 23.0739 0 0 0 
2247.52 1.5423e+20 223.29 10.6217 0 0 0 
2252.86 1.53887e+20 223.027 -2.09174 0 0 0 
2258.19 1.53544e+20 222.764 -14.8896 0 0 0 
2263.53 1.53203e+20 222.501 -27.5925 0 0 0 
2268.87 1.52863e+20 222.239 -40.0189 0 0 0 
2274.21 1.52525e+20 221.978 -51.986 0 0 0 
2279.56 1.52187e+20 221.717 -63.3097 0 0 0 
2284.9 1.51851e+20 221.458 -73.8067 0 0 0 
2290.24 1.51516e+20 221.2 -83.296 0 0 0 
2295.59 1.51182e+20 220.944 -91.6017 0 0 0 
2300.93 1.5085e+20 220.689 -98.5564 0 0 0 
2306.28 1.50518e+20 220.435 -104.006 0 0 0 
2311.62 1.50188e+20 220.183 -107.812 0 0 0 
2316.97 1.49859e+20 219.933 -109.862 0 0 0 
2322.32 1.49532e+20 219.683 -110.068 0 0 0 
2327.67 1.49205e+20 219.435 -108.377 0 0 0 
2333.02 1.4888e+20 219.187 -104.77 0 0 0 
2338.37 1.48555e+20 218.94 -99.2698 0 0 0 
2343.72 1.48232e+20 218.693 -91.9395 0 0 0 
2349.07 1.4791e+20 218.446 -82.8843 0 0 0 
2354.42 1.47589e+20 218.199 -72.2494 0 0 0 
2359.77 1.47269e+20 217.952 -60.2176 0 0 0 
2365.13 1.4695e+20 217.705 -47.0049 0 0 0 
2370.48 1.46632e+20 217.457 -32.8543 0 0 0 
2375.84 1.46315e+20 217.21 -18.0302 0 0 0 
2381.2 1.45999e+20 216.961 -2.81019 0 0 0 
2386.55 1.45684e+20 216.713 12.5214 0 0 0 
2391.91 1.45371e+20 216.465 27.6813 0 0 0 
2397.27 1.45058e+20 216.217 42.3936 0 0 0 
2402.63 1.44746e+20 215.97 56.396 0 0 0 
2407.99 1.44436e+20 215.723 69.4441 0 0 0 
2413.35 1.44127e+20 215.477 81.3159 0 0 0 
2418.72 1.43818e+20 215.232 91.8138 0 0 0 
2424.08 1.43511e+20 214.989 100.767 0 0 0 
2429.44 1.43205e+20 214.747 108.032 0 0 0 
2434.81 1.429e+20 214.506 113.492 0 0 0 
2440.17 1.42596e+20 214.266 117.059 0 0 0 
2445.54 1.42293e+20 214.028 118.671 0 0 0 
2450.91 1.41991e+20 213.79 118.293 0 0 0 
2456.28 1.4169e+20 213.554 115.916 0 0 0 
2461.64 1.41391e+20 213.319 111.559 0 0 0 
2467.01 1.41092e+20 213.085 105.267 0 0 0 
2472.38 1.40794e+20 212.851 97.1142 0 0 0 
2477.76 1.40497e+20 212.617 87.202 0 0 0 
2483.13 1.40201e+20 212.384 75.6627 0 0 0 
2488.5 1.39906e+20 212.15 62.6583 0 0 0 
2493.87 1.39613e+20 211.917 48.3812 0 0 0 
2499.25 1.39319e+20 211.683 33.0533 0 0 0 
2504.62 1.39027e+20 211.449 16.9247 0 0 0 
2510 1.38736e+20 211.214 0.271138 0 0 0 
2515.38 1.38446e+20 210.98 -16.6101 0 0 0 
2520.76 1.38157e+20 210.745 -33.4046 0 0 0 
2526.13 1.37868e+20 210.51 -49.7868 0 0 0 
2531.51 1.37581e+20 210.276 -65.4271 0 0 0 
2536.89 1.37294e+20 210.042 -79.9993 0 0 0 
2542.27 1.37009e+20 209.809 -93.1887 0 0 0 
2547.66 1.36724e+20 209.576 -104.701 0 0 0 
2553.04 1.36441e+20 209.344 -114.27 0 0 0 
2558.42 1.36158e+20 209.114 -121.665 0 0 0 
2563.81 1.35877e+20 208.884 -126.7 0 0 0 
2569.19 1.35596e+20 208.656 -129.237 0 0 0 
2574.58 1.35316e+20 208.429 -129.193 0 0 0 
2579.96 1.35037e+20 208.203 -126.543 0 0 0 
2585.35 1.34759e+20 207.978 -121.321 0 0 0 
2590.74 1.34483e+20 207.754 -113.621 0 0 0 
2596.13 1.34206e+20 207.532 -103.595 0 0 0 
2601.52 1.33931e+20 207.309 -91.4492 0 0 0 
2606.91 1.33657e+20 207.088 -77.4416 0 0 0 
2612.3 1.33384e+20 206.866 -61.8734 0 0 0 
2617.69 1.33111e+20 206.645 -45.0823 0 0 0 
2623.08 1.3284e+20 206.424 -27.435 0 0 0 
2628.48 1.32569e+20 206.203 -9.31711 0 0 0 
2633.87 1.32299e+20 205.981 8.87544 0 0 0 
2639.27 1.3203e+20 205.759 26.7467 0 0 0 
2644.66 1.31761e+20 205.537 43.91 0 0 0 
2650.06 1.31494e+20 205.315 59.9973 0 0 0 
2655.46 1.31227e+20 205.093 74.6678 0 0 0 
2660.86 1.30961e+20 204.87 87.6159 0 0 0 
2666.26 1.30696e+20 204.648 98.5782 0 0 0 
2671.66 1.30432e+20 204.426 107.339 0 0 0 
2677.06 1.30169e+20 204.205 113.737 0 0 0 
2682.46 1.29906e+20 203.984 117.663 0 0 0 
2687.86 1.29645e+20 203.764 119.071 0 0 0 
2693.27 1.29384e+20 203.546 117.968 0 0 0 
2698.67 1.29124e+20 203.328 114.423 0 0 0 
2704.08 1.28865e+20 203.111 108.558 0 0 0 
2709.48 1.28607e+20 202.896 100.546 0 0 0 
2714.89 1.28349e+20 202.682 90.6094 0 0 0 
2720.3 1.28093e+20 202.468 79.0098 0 0 0 
2725.71 1.27837e+20 202.256 66.0433 0 0 0 
2731.12 1.27582e+20 202.045 52.0325 0 0 0 
2736.53 1.27328e+20 201.834 37.3176 0 0 0 
2741.94 1.27075e+20 201.624 22.2484 0 0 0 
2747.35 1.26822e+20 201.414 7.17458 0 0 0 
2752.76 1.26571e+20 201.204 -7.56281 0 0 0 
2758.17 1.2632e+20 200.994 -21.6403 0 0 0 
2763.59 1.26069e+20 200.784 -34.7597 0 0 0 
2769 1.2582e+20 200.574 -46.6559 0 0 0 
2774.42 1.25571e+20 200.363 -57.103 0 0 0 
2779.83 1.25323e+20 200.152 -65.9192 0 0 0 
2785.25 1.25076e+20 199.941 -72.9706 0 0 0 
2790.67 1.2483e+20 199.73 -78.1737 0 0 0 
2796.09 1.24584e+20 199.519 -81.4959 0 0 0 
2801.51 1.24339e+20 199.308 -82.9544 0 0 0 
2806.93 1.24094e+20 199.097 -82.6141 0 0 0 
2812.35 1.23851e+20 198.887 -80.5835 0 0 0 
2817.77 1.23608e+20 198.677 -77.0101 0 0 0 
2823.2 1.23366e+20 198.468 -72.0736 0 0 0 
2828.62 1.23125e+20 198.26 -65.9792 0 0 0 
2834.05 1.22884e+20 198.053 -58.9504 0 0 0 
2839.47 1.22645e+20 197.847 -51.2208 0 0 0 
2844.9 1.22406e+20 197.643 -43.0267 0 0 0 
2850.32 1.22167e+20 197.439 -34.5993 0 0 0 
2855.75 1.2193e+20 197.237 -26.1581 0 0 0 
2861.18 1.21693e+20 197.035 -17.9049 0 0 0 
2866.61 1.21457e+20 196.834 -10.0182 0 0 0 
2872.04 1.21222e+20 196.634 -2.64961 0 0 0 
2877.47 1.20988e+20 196.435 4.07922 0 0 0 
2882.9 1.20754e+20 196.235 10.0783 0 0 0 
2888.34 1.20521e+20 196.036 15.2895 0 0 0 
2893.77 1.20288e+20 195.837 19.6864 0 0 0 
2899.2 1.20057e+20 195.637 23.2717 0 0 0 
2904.64 1.19826e+20 195.437 26.0754 0 0 0 
2910.08 1.19595e+20 195.237 28.1507 0 0 0 
2915.51 1.19365e+20 195.036 29.5703 0 0 0 
2920.95 1.19136e+20 194.835 30.4217 0 0 0 
2926.39 1.18908e+20 194.634 30.8026 0 0 0 
2931.83 1.1868e+20 194.433 30.8155 0 0 0 
2937.27 1.18453e+20 194.232 30.5636 0 0 0 
2942.71 1.18226e+20 194.031 30.1458 0 0 0 
2948.15 1.18001e+20 193.831 29.6523 0 0 0 
2953.59 1.17775e+20 193.631 29.1614 0 0 0 
2959.04 1.17551e+20 193.432 28.7356 0 0 0 
2964.48 1.17327e+20 193.234 28.4201 0 0 0 
2969.93 1.17104e+20 193.037 28.2401 0 0 0 
2975.37 1.16882e+20 192.842 28.2009 0 0 0 
2980.82 1.1666e+20 192.647 28.287 0 0 0 
2986.27 1.16439e+20 192.454 28.4636 0 0 0 
2991.72 1.16219e+20 192.262 28.6778 0 0 0 
2997.16 1.15999e+20 192.07 28.8613 0 0 0 
3002.61 1.1578e+20 191.879 28.9334 0 0 0 
3008.07 1.15562e+20 191.689 28.8046 0 0 0 
3013.52 1.15345e+20 191.5 28.3811 0 0 0 
3018.97 1.15128e+20 191.31 27.569 0 0 0 
3024.42 1.14911e+20 191.121 26.2791 0 0 0 
3029.88 1.14696e+20 190.931 24.4314 0 0 0 
3035.33 1.1448e+20 190.741 21.9597 0 0 0 
3040.79 1.14266e+20 190.55 18.8156 0 0 0 
3046.24 1.14052e+20 190.359 14.9718 0 0 0 
3051.7 1.13838e+20 190.168 10.4252 0 0 0 
3057.16 1.13626e+20 189.976 5.19849 0 0 0 
3062.62 1.13413e+20 189.784 -0.658138 0 0 0 
3068.08 1.13202e+20 189.592 -7.06738 0 0 0 
3073.54 1.12991e+20 189.4 -13.9254 0 0 0 
3079 1.1278e+20 189.208 -21.1035 0 0 0 
3084.46 1.1257e+20 189.017 -28.4512 0 0 0 
3089.93 1.12361e+20 188.827 -35.7991 0 0 0 
3095.39 1.12152e+20 188.637 -42.9638 0 0 0 
3100.85 1.11944e+20 188.449 -49.7521 0 0 0 
3106.32 1.11737e+20 188.261 -55.9669 0 0 0 
3111.79 1.1153e+20 188.075 -61.4125 0 0 0 
3117.25 1.11324e+20 187.89 -65.9006 0 0 0 
3122.72 1.11119e+20 187.707 -69.2563 0 0 0 
3128.19 1.10914e+20 187.524 -71.3236 0 0 0 
3133.66 1.1071e+20 187.342 -71.9713 0 0 0 
3139.13 1.10506e+20 187.161 -71.0979 0 0 0 
3144.6 1.10303e+20 186.981 -68.6363 0 0 0 
3150.07 1.10101e+20 186.8 -64.5576 0 0 0 
3155.55 1.09899e+20 186.62 -58.8741 0 0 0 
3161.02 1.09698e+20 186.439 -51.6411 0 0 0 
3166.49 1.09497e+20 186.258 -42.9581 0 0 0 
3171.97 1.09297e+20 186.076 -32.9683 0 0 0 
3177.45 1.09097e+20 185.894 -21.8565 0 0 0 
3182.92 1.08898e+20 185.711 -9.84662 0 0 0 
3188.4 1.087e+20 185.528 2.80328 0 0 0 
3193.88 1.08501e+20 185.345 15.8065 0 0 0 
3199.36 1.08304e+20 185.161 28.8551 0 0 0 
3204.84 1.08107e+20 184.977 41.6276 0 0 0 
3210.32 1.0791e+20 184.793 53.7982 0 0 0 
3215.8 1.07714e+20 184.61 65.0465 0 0 0 
3221.28 1.07518e+20 184.427 75.067 0 0 0 
3226.77 1.07324e+20 184.246 83.5788 0 0 0 
3232.25 1.07129e+20 184.065 90.3352 0 0 0 
3237.74 1.06935e+20 183.886 95.1319 0 0 0 
3243.22 1.06742e+20 183.708 97.814 0 0 0 
3248.71 1.0655e+20 183.531 98.2821 0 0 0 
3254.2 1.06358e+20 183.355 96.4958 0 0 0 
3259.69 1.06167e+20 183.181 92.4759 0 0 0 
3265.18 1.05976e+20 183.007 86.3044 0 0 0 
3270.67 1.05786e+20 182.835 78.1218 0 0 0 
3276.16 1.05596e+20 182.662 68.1235 0 0 0 
3281.65 1.05407e+20 182.49 56.5535 0 0 0 
3287.14 1.05218e+20 182.318 43.6968 0 0 0 
3292.64 1.0503e+20 182.146 29.8706 0 0 0 
3298.13 1.04843e+20 181.973 15.4145 0 0 0 
3303.62 1.04656e+20 181.8 0.680545 0 0 0 
3309.12 1.04469e+20 181.626 -13.9778 0 0 0 
3314.62 1.04283e+20 181.451 -28.2151 0 0 0 
3320.11 1.04097e+20 181.276 -41.7038 0 0 0 
3325.61 1.03911e+20 181.1 -54.1427 0 0 0 
3331.11 1.03727e+20 180.924 -65.2638 0 0 0 
3336.61 1.03542e+20 180.747 -74.839 0 0 0 
3342.11 1.03358e+20 180.571 -82.6838 0 0 0 
3347.62 1.03175e+20 180.395 -88.6603 0 0 0 
3353.12 1.02992e+20 180.22 -92.6789 0 0 0 
3358.62 1.02809e+20 180.046 -94.6977 0 0 0 
3364.13 1.02627e+20 179.873 -94.7213 0 0 0 
3369.63 1.02446e+20 179.701 -92.7981 0 0 0 
3375.14 1.02265e+20 179.531 -89.0171 0 0 0 
3380.64 1.02085e+20 179.361 -83.5033 0 0 0 
3386.15 1.01906e+20 179.193 -76.4133 0 0 0 
3391.66 1.01726e+20 179.027 -67.9302 0 0 0 
3397.17 1.01548e+20 178.861 -58.2581 0 0 0 
3402.68 1.0137e+20 178.696 -47.6177 0 0 0 
3408.19 1.01192e+20 178.532 -36.2404 0 0 0 
3413.7 1.01015e+20 178.367 -24.3645 0 0 0 
3419.21 1.00839e+20 178.203 -12.2298 0 0 0 
3424.73 1.00663e+20 178.038 -0.0742951 0 0 0 
3430.24 1.00487e+20 177.873 11.8704 0 0 0 
3435.75 1.00312e+20 177.707 23.3821 0 0 0 
3441.27 1.00137e+20 177.541 34.2515 0 0 0 
3446.79 9.99625e+19 177.373 44.2851 0 0 0 
3452.3 9.97884e+19 177.205 53.308 0 0 0 
3457.82 9.96147e+19 177.037 61.1667 0 0 0 
3463.34 9.94414e+19 176.867 67.7307 0 0 0 
3468.86 9.92685e+19 176.698 72.8954 0 0 0 
3474.38 9.90961e+19 176.529 76.5833 0 0 0 
3479.9 9.89241e+19 176.36 78.7455 0 0 0 
3485.43 9.87526e+19 176.192 79.3629 0 0 0 
3490.95 9.85816e+19 176.025 78.4463 0 0 0 
3496.47 9.84111e+19 175.859 76.0369 0 0 0 
3502 9.82411e+19 175.694 72.2051 0 0 0 
3507.52 9.80716e+19 175.531 67.0491 0 0 0 
3513.05 9.79027e+19 175.369 60.6935 0 0 0 
3518.58 9.77343e+19 175.208 53.2858 0 0 0 
3524.11 9.75665e+19 175.049 44.9937 0 0 0 
3529.64 9.73991e+19 174.891 36.0008 0 0 0 
3535.17 9.72323e+19 174.733 26.5023 0 0 0 
3540.7 9.70659e+19 174.576 16.7004 0 0 0 
3546.23 9.68999e+19 174.419 6.79945 0 0 0 
3551.76 9.67343e+19 174.262 -2.99904 0 0 0 
3557.29 9.65692e+19 174.104 -12.501 0 0 0 
3562.83 9.64044e+19 173.946 -21.5244 0 0 0 
3568.36 9.624e+19 173.787 -29.9028 0 0 0 
3573.9 9.60759e+19 173.627 -37.4893 0 0 0 
3579.43 9.59121e+19 173.466 -44.1588 0 0 0 
3584.97 9.57487e+19 173.305 -49.8102 0 0 0 
3590.51 9.55857e+19 173.143 -54.3674 0 0 0 
3596.05 9.5423e+19 172.98 -57.7803 0 0 0 
3601.59 9.52607e+19 172.817 -60.0242 0 0 0 
3607.13 9.50988e+19 172.655 -61.099 0 0 0 
3612.67 9.49373e+19 172.492 -61.0281 0 0 0 
3618.21 9.47762e+19 172.331 -59.8563 0 0 0 
3623.76 9.46157e+19 172.17 -57.6481 0 0 0 
3629.3 9.44556e+19 172.011 -54.4844 0 0 0 
3634.84 9.4296e+19 171.853 -50.4611 0 0 0 
3640.39 9.41369e+19 171.697 -45.6854 0 0 0 
3645.94 9.39783e+19 171.542 -40.2734 0 0 0 
3651.48 9.38202e+19 171.388 -34.3478 0 0 0 
3657.03 9.36626e+19 171.236 -28.0347 0 0 0 
3662.58 9.35055e+19 171.085 -21.4612 0 0 0 
3668.13 9.33488e+19 170.934 -14.7534 0 0 0 
3673.68 9.31926e+19 170.784 -8.03346 0 0 0 
3679.23 9.30367e+19 170.633 -1.41799 0 0 0 
3684.78 9.28812e+19 170.483 4.98422 0 0 0 
3690.34 9.27261e+19 170.332 11.0738 0 0 0 
3695.89 9.25712e+19 170.18 16.7624 0 0 0 
3701.45 9.24167e+19 170.027 21.9739 0 0 0 
3707 9.22625e+19 169.874 26.6454 0 0 0 
3712.56 9.21086e+19 169.719 30.7275 0 0 0 
3718.12 9.1955e+19 169.563 34.1852 0 0 0 
3723.67 9.18017e+19 169.407 36.9971 0 0 0 
3729.23 9.16487e+19 169.251 39.1551 0 0 0 
3734.79 9.14961e+19 169.094 40.6638 0 0 0 
3740.35 9.13438e+19 168.937 41.5384 0 0 0 
3745.91 9.1192e+19 168.781 41.8043 0 0 0 
3751.48 9.10405e+19 168.626 41.4942 0 0 0 
3757.04 9.08896e+19 168.472 40.6471 0 0 0 
3762.6 9.07391e+19 168.319 39.3055 0 0 0 
3768.17 9.0589e+19 168.168 37.5141 0 0 0 
3773.73 9.04394e+19 168.019 35.3179 0 0 0 
3779.3 9.02904e+19 167.87 32.7604 0 0 0 
3784.87 9.01417e+19 167.724 29.8826 0 0 0 
3790.44 8.99936e+19 167.578 26.7224 0 0 0 
3796.01 8.98458e+19 167.433 23.3137 0 0 0 
3801.58 8.96985e+19 167.289 19.6871 0 0 0 
3807.15 8.95515e+19 167.145 15.8697 0 0 0 
3812.72 8.94049e+19 167.001 11.8867 0 0 0 
3818.29 8.92587e+19 166.856 7.76197 0 0 0 
3823.86 8.91127e+19 166.711 3.51982 0 0 0 
3829.44 8.8967e+19 166.565 -0.813692 0 0 0 
3835.01 8.88215e+19 166.418 -5.20921 0 0 0 
3840.59 8.86764e+19 166.27 -9.6327 0 0 0 
3846.16 8.85315e+19 166.121 -14.0444 0 0 0 
3851.74 8.83868e+19 165.971 -18.3981 0 0 0 
3857.32 8.82425e+19 165.82 -22.6406 0 0 0 
3862.9 8.80984e+19 165.669 -26.712 0 0 0 
3868.48 8.79547e+19 165.518 -30.5465 0 0 0 
3874.06 8.78113e+19 165.367 -34.0732 0 0 0 
3879.64 8.76684e+19 165.217 -37.218 0 0 0 
3885.22 8.75258e+19 165.068 -39.9055 0 0 0 
3890.81 8.73836e+19 164.921 -42.0615 0 0 0 
3896.39 8.72419e+19 164.774 -43.6153 0 0 0 
3901.97 8.71007e+19 164.629 -44.5029 0 0 0 
3907.56 8.69599e+19 164.486 -44.669 0 0 0 
3913.15 8.68196e+19 164.345 -44.0703 0 0 0 
3918.73 8.66797e+19 164.204 -42.6773 0 0 0 
3924.32 8.65402e+19 164.065 -40.4766 0 0 0 
3929.91 8.64011e+19 163.926 -37.4724 0 0 0 
3935.5 8.62623e+19 163.788 -33.6874 0 0 0 
3941.09 8.61239e+19 163.65 -29.1638 0 0 0 
3946.68 8.59858e+19 163.511 -23.9627 0 0 0 
3952.28 8.5848e+19 163.372 -18.1638 0 0 0 
3957.87 8.57104e+19 163.233 -11.864 0 0 0 
3963.46 8.55731e+19 163.092 -5.17594 0 0 0 
3969.06 8.5436e+19 162.95 1.77473 0 0 0 
3974.65 8.52991e+19 162.806 8.85175 0 0 0 
3980.25 8.51625e+19 162.662 15.9115 0 0 0 
3985.85 8.50261e+19 162.517 22.8063 0 0 0 
3991.45 8.489e+19 162.372 29.3881 0 0 0 
3997.05 8.47542e+19 162.226 35.5122 0 0 0 
4002.65 8.46187e+19 162.081 41.0407 0 0 0 
4008.25 8.44835e+19 161.936 45.8462 0 0 0 
4013.85 8.43487e+19 161.791 49.815 0 0 0 
4019.45 8.42143e+19 161.648 52.8501 0 0 0 
4025.05 8.40803e+19 161.507 54.8738 0 0 0 
4030.66 8.39468e+19 161.367 55.8296 0 0 0 
4036.26 8.38136e+19 161.228 55.6837 0 0 0 
4041.87 8.36809e+19 161.091 54.4262 0 0 0 
4047.48 8.35487e+19 160.956 52.0707 0 0 0 
4053.08 8.34168e+19 160.821 48.6547 0 0 0 
4058.69 8.32853e+19 160.688 44.2386 0 0 0 
4064.3 8.31541e+19 160.555 38.9037 0 0 0 
4069.91 8.30233e+19 160.422 32.7513 0 0 0 
4075.52 8.28928e+19 160.29 25.8997 0 0 0 
4081.13 8.27625e+19 160.156 18.4822 0 0 0 
4086.75 8.26325e+19 160.022 10.6438 0 0 0 
4092.36 8.25026e+19 159.887 2.53879 0 0 0 
4097.97 8.2373e+19 159.751 -5.67243 0 0 0 
4103.59 8.22436e+19 159.614 -13.8265 0 0 0 
4109.2 8.21144e+19 159.475 -21.7602 0 0 0 
4114.82 8.19854e+19 159.335 -29.3131 0 0 0 
4120.44 8.18566e+19 159.195 -36.3311 0 0 0 
4126.06 8.17281e+19 159.055 -42.6686 0 0 0 
4131.68 8.15998e+19 158.914 -48.1921 0 0 0 
4137.3 8.14719e+19 158.774 -52.7821 0 0 0 
4142.92 8.13443e+19 158.634 -56.3364 0 0 0 
4148.54 8.12171e+19 158.496 -58.7717 0 0 0 
4154.16 8.10903e+19 158.358 -60.0265 0 0 0 
4159.79 8.09638e+19 158.223 -60.0625 0 0 0 
4165.41 8.08378e+19 158.089 -58.8664 0 0 0 
4171.04 8.07122e+19 157.956 -56.4505 0 0 0 
4176.66 8.0587e+19 157.825 -52.854 0 0 0 
4182.29 8.04622e+19 157.696 -48.1425 0 0 0 
4187.92 8.03377e+19 157.567 -42.4072 0 0 0 
4193.54 8.02136e+19 157.439 -35.7639 0 0 0 
4199.17 8.00898e+19 157.312 -28.3507 0 0 0 
4204.8 7.99662e+19 157.184 -20.3252 0 0 0 
4210.44 7.98429e+19 157.056 -11.8608 0 0 0 
4216.07 7.97199e+19 156.928 -3.14314 0 0 0 
4221.7 7.9597e+19 156.798 5.63503 0 0 0 
4227.33 7.94743e+19 156.667 14.2784 0 0 0 
4232.97 7.93518e+19 156.535 22.5942 0 0 0 
4238.6 7.92294e+19 156.402 30.3975 0 0 0 
4244.24 7.91073e+19 156.267 37.5157 0 0 0 
4249.88 7.89853e+19 156.132 43.7933 0 0 0 
4255.51 7.88636e+19 155.996 49.0958 0 0 0 
4261.15 7.87421e+19 155.86 53.3131 0 0 0 
4266.79 7.86209e+19 155.725 56.3618 0 0 0 
4272.43 7.85e+19 155.589 58.1869 0 0 0 
4278.07 7.83794e+19 155.455 58.7627 0 0 0 
4283.72 7.82592e+19 155.322 58.0929 0 0 0 
4289.36 7.81394e+19 155.191 56.209 0 0 0 
4295 7.80199e+19 155.061 53.1695 0 0 0 
4300.65 7.79009e+19 154.933 49.0569 0 0 0 
4306.29 7.77823e+19 154.807 43.9752 0 0 0 
4311.94 7.7664e+19 154.682 38.047 0 0 0 
4317.59 7.75461e+19 154.558 31.4093 0 0 0 
4323.24 7.74285e+19 154.435 24.2109 0 0 0 
4328.88 7.73112e+19 154.312 16.6082 0 0 0 
4334.53 7.71941e+19 154.189 8.76231 0 0 0 
4340.18 7.70773e+19 154.066 0.835343 0 0 0 
4345.84 7.69607e+19 153.942 -7.01219 0 0 0 
4351.49 7.68443e+19 153.818 -14.6243 0 0 0 
4357.14 7.6728e+19 153.692 -21.8521 0 0 0 
4362.8 7.66119e+19 153.564 -28.556 0 0 0 
4368.45 7.64959e+19 153.436 -34.6077 0 0 0 
4374.11 7.63801e+19 153.306 -39.8922 0 0 0 
4379.76 7.62645e+19 153.176 -44.3099 0 0 0 
4385.42 7.6149e+19 153.045 -47.7774 0 0 0 
4391.08 7.60338e+19 152.913 -50.2299 0 0 0 
4396.74 7.59188e+19 152.782 -51.6218 0 0 0 
4402.4 7.58042e+19 152.651 -51.9286 0 0 0 
4408.06 7.56898e+19 152.521 -51.1469 0 0 0 
4413.72 7.55758e+19 152.393 -49.2959 0 0 0 
4419.38 7.54621e+19 152.265 -46.417 0 0 0 
4425.04 7.53488e+19 152.14 -42.5739 0 0 0 
4430.71 7.52359e+19 152.016 -37.852 0 0 0 
4436.37 7.51233e+19 151.894 -32.3568 0 0 0 
4442.04 7.50111e+19 151.773 -26.2121 0 0 0 
4447.71 7.48993e+19 151.653 -19.5577 0 0 0 
4453.37 7.47878e+19 151.534 -12.5464 0 0 0 
4459.04 7.46765e+19 151.416 -5.34013 0 0 0 
4464.71 7.45655e+19 151.298 1.89382 0 0 0 
4470.38 7.44547e+19 151.18 8.98705 0 0 0 
4476.05 7.43441e+19 151.06 15.7746 0 0 0 
4481.72 7.42337e+19 150.94 22.0992 0 0 0 
4487.4 7.41234e+19 150.819 27.816 0 0 0 
4493.07 7.40132e+19 150.696 32.7959 0 0 0 
4498.75 7.39032e+19 150.572 36.9296 0 0 0 
4504.42 7.37932e+19 150.447 40.1305 0 0 0 
4510.1 7.36835e+19 150.321 42.3363 0 0 0 
4515.77 7.35739e+19 150.194 43.5113 0 0 0 
4521.45 7.34645e+19 150.067 43.6463 0 0 0 
4527.13 7.33553e+19 149.94 42.7588 0 0 0 
4532.81 7.32464e+19 149.813 40.8923 0 0 0 
4538.49 7.31378e+19 149.687 38.1138 0 0 0 
4544.17 7.30296e+19 149.563 34.5124 0 0 0 
4549.85 7.29216e+19 149.44 30.196 0 0 0 
4555.54 7.28141e+19 149.318 25.2881 0 0 0 
4561.22 7.27068e+19 149.198 19.9243 0 0 0 
4566.9 7.26e+19 149.08 14.2488 0 0 0 
4572.59 7.24935e+19 148.963 8.41002 0 0 0 
4578.28 7.23873e+19 148.848 2.55743 0 0 0 
4583.96 7.22814e+19 148.733 -3.16256 0 0 0 
4589.65 7.21758e+19 148.619 -8.60997 0 0 0 
4595.34 7.20704e+19 148.506 -13.6546 0 0 0 
4601.03 7.19652e+19 148.391 -18.1791 0 0 0 
4606.72 7.18602e+19 148.277 -22.0815 0 0 0 
4612.41 7.17553e+19 148.161 -25.2779 0 0 0 
4618.1 7.16506e+19 148.044 -27.7042 0 0 0 
4623.8 7.15459e+19 147.925 -29.3175 0 0 0 
4629.49 7.14414e+19 147.806 -30.0977 0 0 0 
4635.19 7.1337e+19 147.685 -30.0474 0 0 0 
4640.88 7.12327e+19 147.563 -29.1922 0 0 0 
4646.58 7.11285e+19 147.44 -27.5803 0 0 0 
4652.28 7.10246e+19 147.317 -25.281 0 0 0 
4657.97 7.09208e+19 147.193 -22.383 0 0 0 
4663.67 7.08173e+19 147.071 -18.9917 0 0 0 
4669.37 7.07141e+19 146.949 -15.2266 0 0 0 
4675.07 7.06112e+19 146.828 -11.2173 0 0 0 
4680.78 7.05086e+19 146.709 -7.0997 0 0 0 
4686.48 7.04064e+19 146.591 -3.0114 0 0 0 
4692.18 7.03045e+19 146.475 0.912772 0 0 0 
4697.89 7.0203e+19 146.361 4.5455 0 0 0 
4703.59 7.01018e+19 146.248 7.77146 0 0 0 
4709.3 7.00009e+19 146.137 10.4915 0 0 0 
4715 6.99002e+19 146.027 12.6264 0 0 0 
4720.71 6.97999e+19 145.917 14.1199 0 0 0 
4726.42 6.96997e+19 145.807 14.9408 0 0 0 
4732.13 6.95998e+19 145.697 15.0843 0 0 0 
4737.84 6.94999e+19 145.586 14.572 0 0 0 
4743.55 6.94003e+19 145.474 13.4512 0 0 0 
4749.26 6.93007e+19 145.361 11.7931 0 0 0 
4754.97 6.92012e+19 145.246 9.68948 0 0 0 
4760.69 6.91018e+19 145.13 7.24913 0 0 0 
4766.4 6.90025e+19 145.013 4.59334 0 0 0 
4772.12 6.89033e+19 144.895 1.85075 0 0 0 
4777.83 6.88042e+19 144.776 -0.847936 0 0 0 
4783.55 6.87053e+19 144.656 -3.37543 0 0 0 
4789.27 6.86066e+19 144.537 -5.61311 0 0 0 
4794.99 6.85082e+19 144.418 -7.45584 0 0 0 
4800.71 6.841e+19 144.3 -8.81629 0 0 0 
4806.43 6.83121e+19 144.183 -9.62836 0 0 0 
4812.15 6.82145e+19 144.068 -9.84975 0 0 0 
4817.87 6.81173e+19 143.954 -9.46353 0 0 0 
4823.59 6.80204e+19 143.842 -8.4786 0 0 0 
4829.32 6.79238e+19 143.732 -6.92916 0 0 0 
4835.04 6.78275e+19 143.623 -4.87313 0 0 0 
4840.77 6.77316e+19 143.516 -2.38974 0 0 0 
4846.5 6.76359e+19 143.409 0.423741 0 0 0 
4852.22 6.75404e+19 143.303 3.45586 0 0 0 
4857.95 6.74452e+19 143.197 6.58531 0 0 0 
4863.68 6.73501e+19 143.09 9.6855 0 0 0 
4869.41 6.72551e+19 142.983 12.6293 0 0 0 
4875.14 6.71603e+19 142.875 15.2937 0 0 0 
4880.87 6.70655e+19 142.765 17.564 0 0 0 
4886.61 6.69708e+19 142.654 19.338 0 0 0 
4892.34 6.68761e+19 142.542 20.5297 0 0 0 
4898.07 6.67816e+19 142.428 21.0718 0 0 0 
4903.81 6.66872e+19 142.313 20.9184 0 0 0 
4909.54 6.65928e+19 142.198 20.046 0 0 0 
4915.28 6.64987e+19 142.082 18.4552 0 0 0 
4921.02 6.64047e+19 141.966 16.17 0 0 0 
4926.76 6.6311e+19 141.851 13.2374 0 0 0 
4932.5 6.62175e+19 141.737 9.72637 0 0 0 
4938.24 6.61243e+19 141.624 5.72576 0 0 0 
4943.98 6.60314e+19 141.512 1.34169 0 0 0 
4949.72 6.59389e+19 141.402 -3.30534 0 0 0 
4955.46 6.58467e+19 141.294 -8.08384 0 0 0 
4961.21 6.57547e+19 141.188 -12.8551 0 0 0 
4966.95 6.56631e+19 141.083 -17.4771 0 0 0 
4972.7 6.55718e+19 140.979 -21.8087 0 0 0 
4978.44 6.54807e+19 140.876 -25.7137 0 0 0 
4984.19 6.53898e+19 140.773 -29.0647 0 0 0 
4989.94 6.52991e+19 140.671 -31.7471 0 0 0 
4995.69 6.52086e+19 140.568 -33.6628 0 0 0 
5001.44 6.51181e+19 140.464 -34.7331 0 0 0 
5007.19 6.50278e+19 140.359 -34.9013 0 0 0 
5012.94 6.49375e+19 140.253 -34.1351 0 0 0 
5018.69 6.48473e+19 140.145 -32.4279 0 0 0 
5024.44 6.47571e+19 140.036 -29.7995 0 0 0 
5030.2 6.4667e+19 139.925 -26.2963 0 0 0 
5035.95 6.4577e+19 139.814 -21.9906 0 0 0 
5041.71 6.44871e+19 139.701 -16.9789 0 0 0 
5047.47 6.43974e+19 139.589 -11.38 0 0 0 
5053.22 6.43078e+19 139.477 -5.33181 0 0 0 
5058.98 6.42185e+19 139.365 1.01174 0 0 0 
5064.74 6.41295e+19 139.255 7.48512 0 0 0 
5070.5 6.40407e+19 139.145 13.9155 0 0 0 
5076.26 6.39522e+19 139.038 20.1276 0 0 0 
5082.02 6.38641e+19 138.932 25.9487 0 0 0 
5087.79 6.37762e+19 138.827 31.2133 0 0 0 
5093.55 6.36887e+19 138.725 35.7687 0 0 0 
5099.32 6.36014e+19 138.623 39.4789 0 0 0 
5105.08 6.35144e+19 138.523 42.2291 0 0 0 
5110.85 6.34277e+19 138.424 43.9296 0 0 0 
5116.61 6.33411e+19 138.325 44.5183 0 0 0 
5122.38 6.32546e+19 138.225 43.9634 0 0 0 
5128.15 6.31683e+19 138.125 42.2644 0 0 0 
5133.92 6.30821e+19 138.024 39.4527 0 0 0 
5139.69 6.29959e+19 137.922 35.5908 0 0 0 
5145.46 6.29098e+19 137.819 30.7715 0 0 0 
5151.23 6.28238e+19 137.714 25.1148 0 0 0 
5157.01 6.27378e+19 137.608 18.7652 0 0 0 
5162.78 6.26518e+19 137.5 11.8875 0 0 0 
5168.56 6.2566e+19 137.392 4.66221 0 0 0 
5174.33 6.24803e+19 137.283 -2.71931 0 0 0 
5180.11 6.23947e+19 137.174 -10.0606 0 0 0 
5185.89 6.23093e+19 137.065 -17.1655 0 0 0 
5191.66 6.22241e+19 136.957 -23.8438 0 0 0 
5197.44 6.21392e+19 136.85 -29.9169 0 0 0 
5203.22 6.20546e+19 136.744 -35.2225 0 0 0 
5209 6.19703e+19 136.64 -39.6198 0 0 0 
5214.79 6.18863e+19 136.538 -42.9929 0 0 0 
5220.57 6.18026e+19 136.438 -45.2546 0 0 0 
5226.35 6.17191e+19 136.339 -46.3483 0 0 0 
5232.14 6.16359e+19 136.241 -46.25 0 0 0 
5237.92 6.1553e+19 136.144 -44.9683 0 0 0 
5243.71 6.14703e+19 136.048 -42.5446 0 0 0 
5249.49 6.13877e+19 135.952 -39.0511 0 0 0 
5255.28 6.13053e+19 135.856 -34.5891 0 0 0 
5261.07 6.12229e+19 135.759 -29.2855 0 0 0 
5266.86 6.11406e+19 135.66 -23.2894 0 0 0 
5272.65 6.10584e+19 135.561 -16.7671 0 0 0 
5278.44 6.09762e+19 135.46 -9.89808 0 0 0 
5284.23 6.0894e+19 135.358 -2.86895 0 0 0 
5290.03 6.08119e+19 135.254 4.13141 0 0 0 
5295.82 6.07299e+19 135.149 10.9174 0 0 0 
5301.62 6.06479e+19 135.044 17.3119 0 0 0 
5307.41 6.05661e+19 134.938 23.1512 0 0 0 
5313.21 6.04844e+19 134.832 28.2895 0 0 0 
5319.01 6.04029e+19 134.727 32.6031 0 0 0 
5324.8 6.03217e+19 134.622 35.993 0 0 0 
5330.6 6.02407e+19 134.519 38.388 0 0 0 
5336.4 6.016e+19 134.417 39.746 0 0 0 
5342.2 6.00796e+19 134.317 40.0546 0 0 0 
5348.01 5.99994e+19 134.219 39.3312 0 0 0 
5353.81 5.99196e+19 134.122 37.6218 0 0 0 
5359.61 5.984e+19 134.026 34.9988 0 0 0 
5365.42 5.97607e+19 133.932 31.5584 0 0 0 
5371.22 5.96816e+19 133.839 27.4174 0 0 0 
5377.03 5.96026e+19 133.745 22.7088 0 0 0 
5382.83 5.95238e+19 133.652 17.5776 0 0 0 
5388.64 5.94451e+19 133.558 12.176 0 0 0 
5394.45 5.93664e+19 133.464 6.65854 0 0 0 
5400.26 5.92878e+19 133.368 1.17754 0 0 0 
5406.07 5.92092e+19 133.271 -4.12164 0 0 0 
5411.88 5.91307e+19 133.172 -9.10463 0 0 0 
5417.69 5.90522e+19 133.072 -13.6517 0 0 0 
5423.51 5.89737e+19 132.971 -17.6606 0 0 0 
5429.32 5.88953e+19 132.869 -21.0491 0 0 0 
5435.14 5.8817e+19 132.766 -23.7563 0 0 0 
5440.95 5.87389e+19 132.664 -25.7432 0 0 0 
5446.77 5.86609e+19 132.561 -26.993 0 0 0 
5452.59 5.85831e+19 132.459 -27.51 0 0 0 
5458.4 5.85055e+19 132.358 -27.3183 0 0 0 
5464.22 5.84282e+19 132.258 -26.4598 0 0 0 
5470.04 5.83512e+19 132.16 -24.9918 0 0 0 
5475.86 5.82745e+19 132.064 -22.9845 0 0 0 
5481.69 5.8198e+19 131.969 -20.518 0 0 0 
5487.51 5.81218e+19 131.876 -17.6794 0 0 0 
5493.33 5.80459e+19 131.784 -14.5602 0 0 0 
5499.16 5.79701e+19 131.693 -11.2536 0 0 0 
5504.98 5.78946e+19 131.602 -7.85206 0 0 0 
5510.81 5.78191e+19 131.512 -4.44511 0 0 0 
5516.64 5.77438e+19 131.421 -1.1178 0 0 0 
5522.46 5.76686e+19 131.33 2.05104 0 0 0 
5528.29 5.75934e+19 131.237 4.98997 0 0 0 
5534.12 5.75182e+19 131.144 7.63601 0 0 0 
5539.95 5.74431e+19 131.049 9.93541 0 0 0 
5545.78 5.7368e+19 130.952 11.8444 0 0 0 
5551.62 5.72929e+19 130.854 13.3296 0 0 0 
5557.45 5.72178e+19 130.756 14.3686 0 0 0 
5563.28 5.71429e+19 130.656 14.9505 0 0 0 
5569.12 5.7068e+19 130.556 15.0758 0 0 0 
5574.95 5.69933e+19 130.456 14.7568 0 0 0 
5580.79 5.69188e+19 130.357 14.0177 0 0 0 
5586.63 5.68445e+19 130.258 12.8941 0 0 0 
5592.47 5.67705e+19 130.161 11.4329 0 0 0 
5598.31 5.66967e+19 130.065 9.69095 0 0 0 
5604.15 5.66231e+19 129.971 7.73435 0 0 0 
5609.99 5.65499e+19 129.878 5.63657 0 0 0 
5615.83 5.64769e+19 129.787 3.47657 0 0 0 
5621.67 5.64041e+19 129.697 1.33632 0 0 0 
5627.52 5.63315e+19 129.609 -0.701909 0 0 0 
5633.36 5.62592e+19 129.52 -2.5585 0 0 0 
5639.21 5.61869e+19 129.433 -4.15968 0 0 0 
5645.05 5.61148e+19 129.345 -5.4406 0 0 0 
5650.9 5.60428e+19 129.256 -6.34834 0 0 0 
5656.75 5.59708e+19 129.167 -6.84458 0 0 0 
5662.6 5.58988e+19 129.076 -6.90783 0 0 0 
5668.45 5.58269e+19 128.984 -6.53497 0 0 0 
5674.3 5.57549e+19 128.891 -5.74212 0 0 0 
5680.15 5.5683e+19 128.796 -4.56466 0 0 0 
5686 5.56112e+19 128.701 -3.05638 0 0 0 
5691.85 5.55394e+19 128.604 -1.28772 0 0 0 
5697.71 5.54677e+19 128.507 0.656847 0 0 0 
5703.56 5.53961e+19 128.41 2.68208 0 0 0 
5709.42 5.53247e+19 128.314 4.68601 0 0 0 
5715.28 5.52535e+19 128.217 6.56427 0 0 0 
5721.13 5.51825e+19 128.123 8.21478 0 0 0 
5726.99 5.51117e+19 128.029 9.54245 0 0 0 
5732.85 5.50412e+19 127.937 10.4636 0 0 0 
5738.71 5.4971e+19 127.846 10.9101 0 0 0 
5744.57 5.4901e+19 127.757 10.8327 0 0 0 
5750.44 5.48312e+19 127.669 10.2038 0 0 0 
5756.3 5.47617e+19 127.583 9.01944 0 0 0 
5762.16 5.46923e+19 127.497 7.29946 0 0 0 
5768.03 5.46231e+19 127.411 5.08773 0 0 0 
5773.89 5.4554e+19 127.326 2.45062 0 0 0 
5779.76 5.44849e+19 127.24 -0.525294 0 0 0 
5785.63 5.44159e+19 127.153 -3.73641 0 0 0 
5791.49 5.4347e+19 127.065 -7.06603 0 0 0 
5797.36 5.42781e+19 126.977 -10.3888 0 0 0 
5803.23 5.42091e+19 126.886 -13.5757 0 0 0 
5809.1 5.41402e+19 126.795 -16.4989 0 0 0 
5814.98 5.40714e+19 126.702 -19.0367 0 0 0 
5820.85 5.40025e+19 126.609 -21.0787 0 0 0 
5826.72 5.39338e+19 126.514 -22.5293 0 0 0 
5832.6 5.38652e+19 126.42 -23.3123 0 0 0 
5838.47 5.37967e+19 126.326 -23.3734 0 0 0 
5844.35 5.37284e+19 126.232 -22.6825 0 0 0 
5850.23 5.36603e+19 126.14 -21.2349 0 0 0 
5856.1 5.35924e+19 126.048 -19.0521 0 0 0 
5861.98 5.35248e+19 125.958 -16.1807 0 0 0 
5867.86 5.34574e+19 125.87 -12.6914 0 0 0 
5873.74 5.33903e+19 125.783 -8.67672 0 0 0 
5879.62 5.33234e+19 125.697 -4.24814 0 0 0 
5885.51 5.32567e+19 125.613 0.467576 0 0 0 
5891.39 5.31901e+19 125.529 5.33227 0 0 0 
5897.27 5.31237e+19 125.445 10.2008 0 0 0 
5903.16 5.30575e+19 125.362 14.9255 0 0 0 
5909.04 5.29913e+19 125.279 19.3609 0 0 0 
5914.93 5.29251e+19 125.195 23.3683 0 0 0 
5920.82 5.2859e+19 125.109 26.8198 0 0 0 
5926.71 5.27929e+19 125.023 29.6029 0 0 0 
5932.6 5.27268e+19 124.936 31.6233 0 0 0 
5938.49 5.26607e+19 124.847 32.8082 0 0 0 
5944.38 5.25947e+19 124.757 33.109 0 0 0 
5950.27 5.25287e+19 124.666 32.5021 0 0 0 
5956.16 5.24627e+19 124.575 30.9907 0 0 0 
5962.06 5.23969e+19 124.483 28.6043 0 0 0 
5967.95 5.23312e+19 124.392 25.398 0 0 0 
5973.85 5.22657e+19 124.301 21.4518 0 0 0 
5979.74 5.22003e+19 124.211 16.8674 0 0 0 
5985.64 5.21352e+19 124.121 11.7663 0 0 0 
5991.54 5.20703e+19 124.034 6.28586 0 0 0 
5997.44 5.20057e+19 123.947 0.575681 0 0 0 
6003.34 5.19412e+19 123.862 -5.20687 0 0 0 
6009.24 5.1877e+19 123.779 -10.9011 0 0 0 
6015.14 5.1813e+19 123.696 -16.3478 0 0 0 
6021.04 5.17491e+19 123.614 -21.3937 0 0 0 
6026.95 5.16854e+19 123.533 -25.8964 0 0 0 
6032.85 5.16218e+19 123.452 -29.7281 0 0 0 
6038.76 5.15582e+19 123.371 -32.7802 0 0 0 
6044.66 5.14947e+19 123.289 -34.9659 0 0 0 
6050.57 5.14313e+19 123.206 -36.2233 0 0 0 
6056.48 5.13679e+19 123.122 -36.5173 0 0 0 
6062.39 5.13045e+19 123.037 -35.8407 0 0 0 
6068.3 5.1241e+19 122.951 -34.2145 0 0 0 
6074.21 5.11777e+19 122.864 -31.6873 0 0 0 
6080.12 5.11143e+19 122.776 -28.3338 0 0 0 
6086.03 5.1051e+19 122.687 -24.2528 0 0 0 
6091.95 5.09879e+19 122.598 -19.5635 0 0 0 
6097.86 5.09248e+19 122.509 -14.4024 0 0 0 
6103.78 5.08619e+19 122.42 -8.91887 0 0 0 
6109.69 5.07992e+19 122.333 -3.2701 0 0 0 
6115.61 5.07367e+19 122.246 2.38348 0 0 0 
6121.53 5.06743e+19 122.16 7.88346 0 0 0 
6127.44 5.06123e+19 122.076 13.0783 0 0 0 
6133.36 5.05504e+19 121.993 17.8282 0 0 0 
6139.28 5.04887e+19 121.911 22.0091 0 0 0 
6145.21 5.04272e+19 121.83 25.5166 0 0 0 
6151.13 5.03659e+19 121.751 28.2689 0 0 0 
6157.05 5.03047e+19 121.671 30.2089 0 0 0 
6162.97 5.02436e+19 121.592 31.3053 0 0 0 
6168.9 5.01826e+19 121.513 31.5536 0 0 0 
6174.83 5.01216e+19 121.433 30.9747 0 0 0 
6180.75 5.00607e+19 121.353 29.6141 0 0 0 
6186.68 4.99998e+19 121.271 27.5393 0 0 0 
6192.61 4.99389e+19 121.189 24.8371 0 0 0 
6198.54 4.9878e+19 121.105 21.6097 0 0 0 
6204.47 4.98171e+19 121.02 17.9713 0 0 0 
6210.4 4.97563e+19 120.935 14.0432 0 0 0 
6216.33 4.96956e+19 120.848 9.95025 0 0 0 
6222.26 4.96349e+19 120.762 5.81578 0 0 0 
6228.2 4.95743e+19 120.675 1.7581 0 0 0 
6234.13 4.95139e+19 120.589 -2.11339 0 0 0 
6240.07 4.94537e+19 120.504 -5.70139 0 0 0 
6246 4.93936e+19 120.419 -8.92334 0 0 0 
6251.94 4.93338e+19 120.336 -11.7134 0 0 0 
6257.88 4.92741e+19 120.253 -14.0238 0 0 0 
6263.82 4.92147e+19 120.173 -15.8254 0 0 0 
6269.76 4.91554e+19 120.093 -17.1076 0 0 0 
6275.7 4.90963e+19 120.014 -17.8775 0 0 0 
6281.64 4.90374e+19 119.936 -18.1589 0 0 0 
6287.58 4.89786e+19 119.859 -17.9901 0 0 0 
6293.53 4.89199e+19 119.781 -17.4216 0 0 0 
6299.47 4.88612e+19 119.704 -16.5137 0 0 0 
6305.42 4.88026e+19 119.626 -15.3335 0 0 0 
6311.36 4.87441e+19 119.548 -13.9517 0 0 0 
6317.31 4.86856e+19 119.468 -12.4398 0 0 0 
6323.26 4.8627e+19 119.388 -10.8673 0 0 0 
6329.21 4.85685e+19 119.306 -9.29856 0 0 0 
6335.16 4.85101e+19 119.224 -7.79045 0 0 0 
6341.11 4.84516e+19 119.141 -6.39045 0 0 0 
6347.06 4.83933e+19 119.057 -5.1348 0 0 0 
6353.01 4.8335e+19 118.973 -4.04739 0 0 0 
6358.97 4.82768e+19 118.889 -3.13915 0 0 0 
6364.92 4.82188e+19 118.805 -2.40804 0 0 0 
6370.88 4.81609e+19 118.722 -1.83955 0 0 0 
6376.83 4.81032e+19 118.64 -1.40789 0 0 0 
6382.79 4.80456e+19 118.558 -1.07761 0 0 0 
6388.75 4.79883e+19 118.478 -0.805756 0 0 0 
6394.7 4.79311e+19 118.399 -0.544411 0 0 0 
6400.66 4.78742e+19 118.321 -0.243514 0 0 0 
6406.62 4.78174e+19 118.244 0.146116 0 0 0 
6412.59 4.77607e+19 118.168 0.669737 0 0 0 
6418.55 4.77042e+19 118.093 1.36572 0 0 0 
6424.51 4.76477e+19 118.017 2.26286 0 0 0 
6430.48 4.75913e+19 117.941 3.37801 0 0 0 
6436.44 4.7535e+19 117.865 4.71428 0 0 0 
6442.41 4.74787e+19 117.789 6.25988 0 0 0 
6448.37 4.74224e+19 117.711 7.98753 0 0 0 
6454.34 4.73662e+19 117.633 9.85482 0 0 0 
6460.31 4.73099e+19 117.554 11.8052 0 0 0 
6466.28 4.72537e+19 117.473 13.7698 0 0 0 
6472.25 4.71975e+19 117.393 15.6698 0 0 0 
6478.22 4.71414e+19 117.311 17.4198 0 0 0 
6484.19 4.70854e+19 117.229 18.9312 0 0 0 
6490.17 4.70295e+19 117.148 20.1159 0 0 0 
6496.14 4.69737e+19 117.066 20.8908 0 0 0 
6502.11 4.6918e+19 116.985 21.1816 0 0 0 
6508.09 4.68625e+19 116.905 20.9264 0 0 0 
6514.07 4.68072e+19 116.826 20.0793 0 0 0 
6520.04 4.67521e+19 116.748 18.6133 0 0 0 
6526.02 4.66971e+19 116.671 16.5221 0 0 0 
6532 4.66423e+19 116.595 13.8216 0 0 0 
6537.98 4.65877e+19 116.52 10.5506 0 0 0 
6543.96 4.65332e+19 116.445 6.76988 0 0 0 
6549.95 4.64788e+19 116.371 2.56107 0 0 0 
6555.93 4.64244e+19 116.298 -1.97546 0 0 0 
6561.91 4.63702e+19 116.224 -6.72361 0 0 0 
6567.9 4.6316e+19 116.149 -11.5551 0 0 0 
6573.88 4.62618e+19 116.075 -16.3334 0 0 0 
6579.87 4.62077e+19 115.999 -20.9183 0 0 0 
6585.86 4.61536e+19 115.922 -25.1704 0 0 0 
6591.85 4.60995e+19 115.845 -28.9552 0 0 0 
6597.83 4.60454e+19 115.767 -32.1482 0 0 0 
6603.82 4.59914e+19 115.688 -34.6383 0 0 0 
6609.82 4.59374e+19 115.609 -36.332 0 0 0 
6615.81 4.58835e+19 115.529 -37.1558 0 0 0 
6621.8 4.58297e+19 115.45 -37.0592 0 0 0 
6627.79 4.57761e+19 115.371 -36.0162 0 0 0 
6633.79 4.57225e+19 115.292 -34.0265 0 0 0 
6639.78 4.56692e+19 115.214 -31.1154 0 0 0 
6645.78 4.5616e+19 115.137 -27.3341 0 0 0 
6651.78 4.55629e+19 115.061 -22.758 0 0 0 
6657.78 4.551e+19 114.986 -17.4852 0 0 0 
6663.77 4.54573e+19 114.912 -11.6343 0 0 0 
6669.77 4.54047e+19 114.838 -5.34119 0 0 0 
6675.78 4.53522e+19 114.766 1.2438 0 0 0 
6681.78 4.52999e+19 114.693 7.95989 0 0 0 
6687.78 4.52476e+19 114.621 14.6397 0 0 0 
6693.78 4.51954e+19 114.549 21.1135 0 0 0 
6699.79 4.51432e+19 114.476 27.2132 0 0 0 
6705.79 4.5091e+19 114.403 32.777 0 0 0 
6711.8 4.50389e+19 114.329 37.6535 0 0 0 
6717.81 4.49868e+19 114.254 41.7056 0 0 0 
6723.82 4.49348e+19 114.179 44.8145 0 0 0 
6729.82 4.48827e+19 114.103 46.883 0 0 0 
6735.83 4.48307e+19 114.026 47.8382 0 0 0 
6741.84 4.47788e+19 113.949 47.6345 0 0 0 
6747.86 4.47269e+19 113.871 46.2548 0 0 0 
6753.87 4.46752e+19 113.794 43.7117 0 0 0 
6759.88 4.46235e+19 113.717 40.0481 0 0 0 
6765.9 4.4572e+19 113.64 35.3364 0 0 0 
6771.91 4.45207e+19 113.565 29.6772 0 0 0 
6777.93 4.44695e+19 113.49 23.1977 0 0 0 
6783.95 4.44184e+19 113.415 16.0481 0 0 0 
6789.96 4.43675e+19 113.342 8.39882 0 0 0 
6795.98 4.43167e+19 113.27 0.435677 0 0 0 
6802 4.42661e+19 113.198 -7.64436 0 0 0 
6808.02 4.42155e+19 113.127 -15.6385 0 0 0 
6814.04 4.41651e+19 113.056 -23.3433 0 0 0 
6820.07 4.41148e+19 112.986 -30.5604 0 0 0 
6826.09 4.40645e+19 112.915 -37.1017 0 0 0 
6832.12 4.40142e+19 112.844 -42.7944 0 0 0 
6838.14 4.3964e+19 112.772 -47.4864 0 0 0 
6844.17 4.39138e+19 112.7 -51.0498 0 0 0 
6850.19 4.38636e+19 112.627 -53.3851 0 0 0 
6856.22 4.38135e+19 112.553 -54.4239 0 0 0 
6862.25 4.37634e+19 112.479 -54.1308 0 0 0 
6868.28 4.37133e+19 112.404 -52.5047 0 0 0 
6874.31 4.36633e+19 112.329 -49.5787 0 0 0 
6880.34 4.36134e+19 112.254 -45.4198 0 0 0 
6886.38 4.35636e+19 112.179 -40.1264 0 0 0 
6892.41 4.35138e+19 112.104 -33.8265 0 0 0 
6898.44 4.34643e+19 112.029 -26.674 0 0 0 
6904.48 4.34148e+19 111.955 -18.8447 0 0 0 
6910.51 4.33655e+19 111.882 -10.5316 0 0 0 
6916.55 4.33163e+19 111.81 -1.94013 0 0 0 
6922.59 4.32673e+19 111.739 6.71732 0 0 0 
6928.63 4.32184e+19 111.668 15.2269 0 0 0 
6934.67 4.31696e+19 111.598 23.3784 0 0 0 
6940.71 4.31209e+19 111.528 30.9712 0 0 0 
6946.75 4.30723e+19 111.459 37.8184 0 0 0 
6952.79 4.30238e+19 111.39 43.7523 0 0 0 
6958.84 4.29753e+19 111.321 48.6277 0 0 0 
6964.88 4.29269e+19 111.251 52.3261 0 0 0 
6970.92 4.28785e+19 111.181 54.7581 0 0 0 
6976.97 4.28301e+19 111.11 55.8657 0 0 0 
6983.02 4.27818e+19 111.039 55.6232 0 0 0 
6989.07 4.27335e+19 110.967 54.0387 0 0 0 
6995.11 4.26852e+19 110.895 51.1526 0 0 0 
7001.16 4.2637e+19 110.822 47.0377 0 0 0 
7007.21 4.25888e+19 110.748 41.7965 0 0 0 
7013.27 4.25407e+19 110.675 35.5594 0 0 0 
7019.32 4.24927e+19 110.602 28.4809 0 0 0 
7025.37 4.24448e+19 110.529 20.7362 0 0 0 
7031.43 4.23971e+19 110.456 12.5167 0 0 0 
7037.48 4.23494e+19 110.384 4.02563 0 0 0 
7043.54 4.23019e+19 110.313 -4.52764 0 0 0 
7049.59 4.22545e+19 110.243 -12.9322 0 0 0 
7055.65 4.22073e+19 110.173 -20.9813 0 0 0 
7061.71 4.21602e+19 110.104 -28.4775 0 0 0 
7067.77 4.21131e+19 110.036 -35.2376 0 0 0 
7073.83 4.20662e+19 109.968 -41.0974 0 0 0 
7079.89 4.20193e+19 109.9 -45.9165 0 0 0 
7085.96 4.19726e+19 109.833 -49.5812 0 0 0 
7092.02 4.19258e+19 109.765 -52.0078 0 0 0 
7098.08 4.18791e+19 109.697 -53.1452 0 0 0 
7104.15 4.18325e+19 109.628 -52.9756 0 0 0 
7110.21 4.17858e+19 109.559 -51.5152 0 0 0 
7116.28 4.17392e+19 109.489 -48.8137 0 0 0 
7122.35 4.16927e+19 109.418 -44.9526 0 0 0 
7128.42 4.16461e+19 109.348 -40.0429 0 0 0 
7134.49 4.15997e+19 109.276 -34.2221 0 0 0 
7140.56 4.15533e+19 109.205 -27.6496 0 0 0 
7146.63 4.15069e+19 109.134 -20.5027 0 0 0 
7152.7 4.14607e+19 109.062 -12.9709 0 0 0 
7158.78 4.14145e+19 108.991 -5.25108 0 0 0 
7164.85 4.13685e+19 108.921 2.45849 0 0 0 
7170.92 4.13226e+19 108.851 9.96354 0 0 0 
7177 4.12768e+19 108.781 17.0792 0 0 0 
7183.08 4.12311e+19 108.713 23.6348 0 0 0 
7189.16 4.11856e+19 108.645 29.4787 0 0 0 
7195.23 4.11401e+19 108.578 34.4815 0 0 0 
7201.31 4.10948e+19 108.511 38.5395 0 0 0 
7207.39 4.10495e+19 108.444 41.5767 0 0 0 
7213.48 4.10043e+19 108.378 43.5463 0 0 0 
7219.56 4.09592e+19 108.312 44.4307 0 0 0 
7225.64 4.09141e+19 108.245 44.2414 0 0 0 
7231.73 4.08691e+19 108.178 43.0175 0 0 0 
7237.81 4.08241e+19 108.111 40.8237 0 0 0 
7243.9 4.07791e+19 108.043 37.7473 0 0 0 
7249.98 4.07342e+19 107.975 33.8953 0 0 0 
7256.07 4.06892e+19 107.906 29.3902 0 0 0 
7262.16 4.06444e+19 107.837 24.3662 0 0 0 
7268.25 4.05996e+19 107.767 18.965 0 0 0 
7274.34 4.05548e+19 107.698 13.3315 0 0 0 
7280.43 4.05101e+19 107.628 7.60952 0 0 0 
7286.53 4.04655e+19 107.559 1.93809 0 0 0 
7292.62 4.0421e+19 107.489 -3.55216 0 0 0 
7298.71 4.03767e+19 107.421 -8.74218 0 0 0 
7304.81 4.03324e+19 107.353 -13.5271 0 0 0 
7310.91 4.02882e+19 107.285 -17.8184 0 0 0 
7317 4.02442e+19 107.218 -21.5451 0 0 0 
7323.1 4.02003e+19 107.152 -24.6551 0 0 0 
7329.2 4.01564e+19 107.086 -27.1149 0 0 0 
7335.3 4.01127e+19 107.021 -28.9096 0 0 0 
7341.4 4.0069e+19 106.956 -30.0416 0 0 0 
7347.5 4.00254e+19 106.891 -30.5296 0 0 0 
7353.6 3.99819e+19 106.826 -30.4066 0 0 0 
7359.71 3.99384e+19 106.761 -29.7176 0 0 0 
7365.81 3.98949e+19 106.695 -28.5171 0 0 0 
7371.92 3.98515e+19 106.629 -26.8667 0 0 0 
7378.02 3.98081e+19 106.563 -24.8324 0 0 0 
7384.13 3.97647e+19 106.496 -22.4818 0 0 0 
7390.24 3.97214e+19 106.429 -19.8821 0 0 0 
7396.35 3.96781e+19 106.361 -17.0974 0 0 0 
7402.46 3.96348e+19 106.293 -14.1874 0 0 0 
7408.57 3.95917e+19 106.225 -11.2053 0 0 0 
7414.68 3.95486e+19 106.157 -8.19752 0 0 0 
7420.79 3.95056e+19 106.09 -5.20289 0 0 0 
7426.91 3.94626e+19 106.022 -2.25251 0 0 0 
7433.02 3.94198e+19 105.956 0.629607 0 0 0 
7439.14 3.93771e+19 105.889 3.42574 0 0 0 
7445.25 3.93345e+19 105.823 6.12321 0 0 0 
7451.37 3.92921e+19 105.758 8.71292 0 0 0 
7457.49 3.92497e+19 105.694 11.1876 0 0 0 
7463.61 3.92074e+19 105.629 13.5403 0 0 0 
7469.73 3.91651e+19 105.566 15.7622 0 0 0 
7475.85 3.9123e+19 105.502 17.8419 0 0 0 
7481.97 3.90809e+19 105.438 19.7633 0 0 0 
7488.09 3.90389e+19 105.375 21.5055 0 0 0 
7494.22 3.89969e+19 105.311 23.0419 0 0 0 
7500.34 3.89549e+19 105.246 24.3407 0 0 0 
7506.47 3.89129e+19 105.182 25.3648 0 0 0 
7512.59 3.8871e+19 105.117 26.074 0 0 0 
7518.72 3.88292e+19 105.051 26.4254 0 0 0 
7524.85 3.87873e+19 104.985 26.3764 0 0 0 
7530.98 3.87455e+19 104.919 25.8865 0 0 0 
7537.11 3.87038e+19 104.853 24.9199 0 0 0 
7543.24 3.86622e+19 104.786 23.4484 0 0 0 
7549.37 3.86206e+19 104.72 21.4534 0 0 0 
7555.5 3.85791e+19 104.654 18.929 0 0 0 
7561.64 3.85377e+19 104.589 15.8834 0 0 0 
7567.77 3.84964e+19 104.524 12.3407 0 0 0 
7573.91 3.84552e+19 104.459 8.34195 0 0 0 
7580.04 3.84141e+19 104.395 3.94553 0 0 0 
7586.18 3.8373e+19 104.331 -0.773316 0 0 0 
7592.32 3.83321e+19 104.268 -5.72339 0 0 0 
7598.46 3.82913e+19 104.206 -10.7993 0 0 0 
7604.6 3.82505e+19 104.143 -15.884 0 0 0 
7610.74 3.82098e+19 104.081 -20.8514 0 0 0 
7616.88 3.81692e+19 104.018 -25.5702 0 0 0 
7623.02 3.81285e+19 103.956 -29.9075 0 0 0 
7629.17 3.8088e+19 103.893 -33.7332 0 0 0 
7635.31 3.80474e+19 103.83 -36.9235 0 0 0 
7641.46 3.80069e+19 103.766 -39.3658 0 0 0 
7647.61 3.79664e+19 103.702 -40.9621 0 0 0 
7653.75 3.7926e+19 103.638 -41.633 0 0 0 
7659.9 3.78856e+19 103.574 -41.3205 0 0 0 
7666.05 3.78452e+19 103.509 -39.9909 0 0 0 
7672.2 3.78049e+19 103.444 -37.6368 0 0 0 
7678.35 3.77647e+19 103.38 -34.2782 0 0 0 
7684.51 3.77246e+19 103.315 -29.9632 0 0 0 
7690.66 3.76845e+19 103.251 -24.7677 0 0 0 
7696.81 3.76446e+19 103.187 -18.7944 0 0 0 
7702.97 3.76047e+19 103.124 -12.1706 0 0 0 
7709.12 3.75649e+19 103.061 -5.04627 0 0 0 
7715.28 3.75252e+19 102.998 2.40994 0 0 0 
7721.44 3.74856e+19 102.936 10.0143 0 0 0 
7727.6 3.74461e+19 102.875 17.5725 0 0 0 
7733.76 3.74067e+19 102.813 24.885 0 0 0 
7739.92 3.73673e+19 102.752 31.752 0 0 0 
7746.08 3.73279e+19 102.691 37.9793 0 0 0 
7752.24 3.72887e+19 102.63 43.3836 0 0 0 
7758.4 3.72494e+19 102.568 47.7987 0 0 0 
7764.57 3.72102e+19 102.507 51.0801 0 0 0 
7770.73 3.7171e+19 102.445 53.1104 0 0 0 
7776.9 3.71319e+19 102.382 53.8036 0 0 0 
7783.07 3.70927e+19 102.32 53.1085 0 0 0 
7789.23 3.70537e+19 102.257 51.0114 0 0 0 
7795.4 3.70146e+19 102.194 47.538 0 0 0 
7801.57 3.69757e+19 102.131 42.7536 0 0 0 
7807.74 3.69367e+19 102.067 36.7624 0 0 0 
7813.91 3.68979e+19 102.004 29.7059 0 0 0 
7820.09 3.68591e+19 101.942 21.7591 0 0 0 
7826.26 3.68205e+19 101.879 13.1266 0 0 0 
7832.43 3.67819e+19 101.817 4.03691 0 0 0 
7838.61 3.67434e+19 101.755 -5.26394 0 0 0 
7844.79 3.6705e+19 101.694 -14.5196 0 0 0 
7850.96 3.66666e+19 101.633 -23.4712 0 0 0 
7857.14 3.66284e+19 101.572 -31.865 0 0 0 
7863.32 3.65902e+19 101.512 -39.4606 0 0 0 
7869.5 3.6552e+19 101.452 -46.0384 0 0 0 
7875.68 3.6514e+19 101.392 -51.4069 0 0 0 
7881.86 3.64759e+19 101.332 -55.4085 0 0 0 
7888.05 3.6438e+19 101.272 -57.9254 0 0 0 
7894.23 3.64e+19 101.211 -58.8827 0 0 0 
7900.41 3.63621e+19 101.151 -58.2513 0 0 0 
7906.6 3.63242e+19 101.09 -56.049 0 0 0 
7912.79 3.62864e+19 101.029 -52.3396 0 0 0 
7918.97 3.62485e+19 100.967 -47.2313 0 0 0 
7925.16 3.62108e+19 100.906 -40.8727 0 0 0 
7931.35 3.61731e+19 100.844 -33.4484 0 0 0 
7937.54 3.61354e+19 100.782 -25.1729 0 0 0 
7943.73 3.60978e+19 100.721 -16.2839 0 0 0 
7949.92 3.60603e+19 100.659 -7.03449 0 0 0 
7956.12 3.60229e+19 100.598 2.31425 0 0 0 
7962.31 3.59855e+19 100.537 11.5016 0 0 0 
7968.51 3.59482e+19 100.476 20.2749 0 0 0 
7974.7 3.5911e+19 100.416 28.3971 0 0 0 
7980.9 3.58739e+19 100.356 35.6534 0 0 0 
7987.1 3.58368e+19 100.297 41.8574 0 0 0 
7993.29 3.57999e+19 100.238 46.8562 0 0 0 
7999.49 3.57629e+19 100.179 50.5338 0 0 0 
8005.69 3.57261e+19 100.12 52.8142 0 0 0 
8011.9 3.56892e+19 100.061 53.6625 0 0 0 
8018.1 3.56525e+19 100.002 53.0849 0 0 0 
8024.3 3.56157e+19 99.9427 51.128 0 0 0 
8030.5 3.5579e+19 99.8834 47.8759 0 0 0 
8036.71 3.55423e+19 99.824 43.4472 0 0 0 
8042.92 3.55057e+19 99.7643 37.9905 0 0 0 
8049.12 3.54691e+19 99.7044 31.6795 0 0 0 
8055.33 3.54325e+19 99.6443 24.7071 0 0 0 
8061.54 3.5396e+19 99.5841 17.2793 0 0 0 
8067.75 3.53596e+19 99.5238 9.60899 0 0 0 
8073.96 3.53232e+19 99.4636 1.90923 0 0 0 
8080.17 3.52868e+19 99.4034 -5.6126 0 0 0 
8086.38 3.52506e+19 99.3435 -12.7609 0 0 0 
8092.6 3.52144e+19 99.2838 -19.3573 0 0 0 
8098.81 3.51783e+19 99.2243 -25.2452 0 0 0 
8105.03 3.51423e+19 99.1652 -30.2934 0 0 0 
8111.24 3.51063e+19 99.1064 -34.3999 0 0 0 
8117.46 3.50704e+19 99.0479 -37.4929 0 0 0 
8123.68 3.50346e+19 98.9897 -39.5325 0 0 0 
8129.9 3.49988e+19 98.9316 -40.51 0 0 0 
8136.12 3.49631e+19 98.8737 -40.4473 0 0 0 
8142.34 3.49274e+19 98.8159 -39.3947 0 0 0 
8148.56 3.48918e+19 98.758 -37.4277 0 0 0 
8154.78 3.48562e+19 98.7001 -34.6439 0 0 0 
8161.01 3.48206e+19 98.6421 -31.1585 0 0 0 
8167.23 3.47851e+19 98.5839 -27.0997 0 0 0 
8173.46 3.47496e+19 98.5255 -22.6042 0 0 0 
8179.68 3.47142e+19 98.467 -17.812 0 0 0 
8185.91 3.46788e+19 98.4083 -12.8622 0 0 0 
8192.14 3.46434e+19 98.3496 -7.88825 0 0 0 
8198.37 3.46081e+19 98.2907 -3.01442 0 0 0 
8204.6 3.45729e+19 98.2319 1.64764 0 0 0 
8210.83 3.45377e+19 98.1731 6.00135 0 0 0 
8217.06 3.45026e+19 98.1144 9.96703 0 0 0 
8223.29 3.44675e+19 98.0559 13.483 0 0 0 
8229.53 3.44326e+19 97.9977 16.5056 0 0 0 
8235.76 3.43977e+19 97.9396 19.0092 0 0 0 
8242 3.43628e+19 97.8819 20.9846 0 0 0 
8248.23 3.4328e+19 97.8244 22.4376 0 0 0 
8254.47 3.42933e+19 97.7671 23.3871 0 0 0 
8260.71 3.42586e+19 97.71 23.8624 0 0 0 
8266.95 3.4224e+19 97.6531 23.901 0 0 0 
8273.19 3.41894e+19 97.5963 23.5458 0 0 0 
8279.43 3.41549e+19 97.5395 22.8426 0 0 0 
8285.68 3.41204e+19 97.4827 21.8379 0 0 0 
8291.92 3.40859e+19 97.4258 20.5772 0 0 0 
8298.16 3.40515e+19 97.3688 19.1028 0 0 0 
8304.41 3.40171e+19 97.3118 17.4528 0 0 0 
8310.65 3.39828e+19 97.2546 15.6605 0 0 0 
8316.9 3.39485e+19 97.1972 13.7537 0 0 0 
8323.15 3.39143e+19 97.1398 11.755 0 0 0 
8329.4 3.38801e+19 97.0824 9.68184 0 0 0 
8335.65 3.38459e+19 97.0249 7.54758 0 0 0 
8341.9 3.38119e+19 96.9674 5.3623 0 0 0 
8348.15 3.37779e+19 96.91 3.13394 0 0 0 
8354.4 3.37439e+19 96.8528 0.869643 0 0 0 
8360.66 3.371e+19 96.7956 -1.42299 0 0 0 
8366.91 3.36762e+19 96.7387 -3.73464 0 0 0 
8373.17 3.36424e+19 96.682 -6.05308 0 0 0 
8379.42 3.36086e+19 96.6254 -8.36224 0 0 0 
8385.68 3.3575e+19 96.5691 -10.6414 0 0 0 
8391.94 3.35413e+19 96.5129 -12.8649 0 0 0 
8398.2 3.35078e+19 96.457 -15.0018 0 0 0 
8404.46 3.34742e+19 96.4011 -17.0158 0 0 0 
8410.72 3.34407e+19 96.3453 -18.8666 0 0 0 
8416.98 3.34073e+19 96.2895 -20.5098 0 0 0 
8423.24 3.33739e+19 96.2338 -21.8985 0 0 0 
8429.51 3.33405e+19 96.178 -22.985 0 0 0 
8435.77 3.33072e+19 96.1222 -23.722 0 0 0 
8442.04 3.3274e+19 96.0662 -24.0648 0 0 0 
8448.31 3.32407e+19 96.0103 -23.9731 0 0 0 
8454.57 3.32076e+19 95.9542 -23.4135 0 0 0 
8460.84 3.31744e+19 95.8981 -22.3608 0 0 0 
8467.11 3.31414e+19 95.8419 -20.8003 0 0 0 
8473.38 3.31084e+19 95.7857 -18.7296 0 0 0 
8479.65 3.30754e+19 95.7296 -16.1596 0 0 0 
8485.93 3.30425e+19 95.6735 -13.1154 0 0 0 
8492.2 3.30096e+19 95.6174 -9.63734 0 0 0 
8498.47 3.29768e+19 95.5615 -5.78044 0 0 0 
8504.75 3.2944e+19 95.5058 -1.61424 0 0 0 
8511.02 3.29113e+19 95.4502 2.77837 0 0 0 
8517.3 3.28786e+19 95.3948 7.30271 0 0 0 
8523.58 3.2846e+19 95.3395 11.8544 0 0 0 
8529.86 3.28134e+19 95.2844 16.3221 0 0 0 
8536.14 3.27809e+19 95.2295 20.5899 0 0 0 
8542.42 3.27484e+19 95.1747 24.5414 0 0 0 
8548.7 3.2716e+19 95.1199 28.0624 0 0 0 
8554.98 3.26836e+19 95.0653 31.0447 0 0 0 
8561.27 3.26513e+19 95.0107 33.3898 0 0 0 
8567.55 3.2619e+19 94.956 35.0117 0 0 0 
8573.84 3.25867e+19 94.9014 35.8407 0 0 0 
8580.12 3.25546e+19 94.8467 35.8252 0 0 0 
8586.41 3.25224e+19 94.7919 34.9347 0 0 0 
8592.7 3.24903e+19 94.7371 33.161 0 0 0 
8598.99 3.24582e+19 94.6822 30.5193 0 0 0 
8605.28 3.24262e+19 94.6273 27.0488 0 0 0 
8611.57 3.23943e+19 94.5723 22.8122 0 0 0 
8617.86 3.23624e+19 94.5173 17.8947 0 0 0 
8624.16 3.23305e+19 94.4623 12.4024 0 0 0 
8630.45 3.22987e+19 94.4074 6.45986 0 0 0 
8636.75 3.22669e+19 94.3526 0.207562 0 0 0 
8643.04 3.22351e+19 94.2979 -6.20185 0 0 0 
8649.34 3.22034e+19 94.2433 -12.6072 0 0 0 
8655.64 3.21718e+19 94.189 -18.8431 0 0 0 
8661.94 3.21401e+19 94.1348 -24.7439 0 0 0 
8668.23 3.21086e+19 94.0807 -30.149 0 0 0 
8674.54 3.20771e+19 94.0269 -34.9064 0 0 0 
8680.84 3.20456e+19 93.9732 -38.8779 0 0 0 
8687.14 3.20142e+19 93.9196 -41.9425 0 0 0 
8693.44 3.19828e+19 93.8661 -44.0007 0 0 0 
8699.75 3.19515e+19 93.8127 -44.9778 0 0 0 
8706.05 3.19203e+19 93.7593 -44.8259 0 0 0 
8712.36 3.18891e+19 93.7058 -43.5269 0 0 0 
8718.67 3.18579e+19 93.6523 -41.0928 0 0 0 
8724.98 3.18268e+19 93.5987 -37.5667 0 0 0 
8731.28 3.17957e+19 93.5451 -33.0223 0 0 0 
8737.59 3.17647e+19 93.4913 -27.5621 0 0 0 
8743.91 3.17337e+19 93.4374 -21.3157 0 0 0 
8750.22 3.17027e+19 93.3835 -14.4363 0 0 0 
8756.53 3.16718e+19 93.3295 -7.09717 0 0 0 
8762.84 3.16409e+19 93.2755 0.513147 0 0 0 
8769.16 3.161e+19 93.2216 8.1957 0 0 0 
8775.48 3.15792e+19 93.1678 15.7468 0 0 0 
8781.79 3.15484e+19 93.1141 22.9635 0 0 0 
8788.11 3.15177e+19 93.0605 29.65 0 0 0 
8794.43 3.1487e+19 93.0072 35.6223 0 0 0 
8800.75 3.14564e+19 92.9541 40.7149 0 0 0 
8807.07 3.14258e+19 92.9012 44.7846 0 0 0 
8813.39 3.13953e+19 92.8486 47.7154 0 0 0 
8819.71 3.13648e+19 92.7961 49.422 0 0 0 
8826.04 3.13344e+19 92.7437 49.852 0 0 0 
8832.36 3.1304e+19 92.6915 48.988 0 0 0 
8838.69 3.12737e+19 92.6393 46.8481 0 0 0 
8845.01 3.12434e+19 92.587 43.4854 0 0 0 
8851.34 3.12132e+19 92.5348 38.9865 0 0 0 
8857.67 3.1183e+19 92.4823 33.4692 0 0 0 
8864 3.11529e+19 92.4298 27.0792 0 0 0 
8870.33 3.11228e+19 92.3771 19.9858 0 0 0 
8876.66 3.10927e+19 92.3243 12.3774 0 0 0 
8882.99 3.10626e+19 92.2713 4.45601 0 0 0 
8889.32 3.10326e+19 92.2183 -3.56829 0 0 0 
8895.66 3.10026e+19 92.1652 -11.4832 0 0 0 
8901.99 3.09726e+19 92.1121 -19.0801 0 0 0 
8908.33 3.09427e+19 92.0591 -26.1595 0 0 0 
8914.66 3.09128e+19 92.0062 -32.5369 0 0 0 
8921 3.0883e+19 91.9535 -38.0475 0 0 0 
8927.34 3.08532e+19 91.9011 -42.5505 0 0 0 
8933.68 3.08235e+19 91.849 -45.9331 0 0 0 
8940.02 3.07938e+19 91.7971 -48.1134 0 0 0 
8946.36 3.07642e+19 91.7455 -49.0424 0 0 0 
8952.7 3.07346e+19 91.6941 -48.705 0 0 0 
8959.05 3.07051e+19 91.6429 -47.1208 0 0 0 
8965.39 3.06756e+19 91.5918 -44.3426 0 0 0 
8971.74 3.06462e+19 91.5407 -40.4553 0 0 0 
8978.08 3.06169e+19 91.4897 -35.5728 0 0 0 
8984.43 3.05876e+19 91.4385 -29.8351 0 0 0 
8990.78 3.05583e+19 91.3872 -23.4036 0 0 0 
8997.13 3.0529e+19 91.3358 -16.4568 0 0 0 
9003.48 3.04998e+19 91.2841 -9.18451 0 0 0 
9009.83 3.04706e+19 91.2322 -1.78279 0 0 0 
9016.18 3.04414e+19 91.1801 5.55216 0 0 0 
9022.53 3.04122e+19 91.1279 12.6295 0 0 0 
9028.89 3.03831e+19 91.0756 19.2692 0 0 0 
9035.24 3.0354e+19 91.0233 25.3071 0 0 0 
9041.6 3.03249e+19 90.9711 30.5992 0 0 0 
9047.95 3.02959e+19 90.9191 35.0256 0 0 0 
9054.31 3.02669e+19 90.8673 38.4931 0 0 0 
9060.67 3.0238e+19 90.8158 40.9374 0 0 0 
9067.03 3.02091e+19 90.7646 42.3239 0 0 0 
9073.39 3.01803e+19 90.7138 42.6475 0 0 0 
9079.75 3.01515e+19 90.6632 41.9321 0 0 0 
9086.11 3.01229e+19 90.613 40.2282 0 0 0 
9092.48 3.00942e+19 90.5629 37.6104 0 0 0 
9098.84 3.00656e+19 90.513 34.1742 0 0 0 
9105.21 3.00371e+19 90.4631 30.0321 0 0 0 
9111.57 3.00086e+19 90.4131 25.3094 0 0 0 
9117.94 2.99802e+19 90.363 20.1401 0 0 0 
9124.31 2.99518e+19 90.3128 14.6624 0 0 0 
9130.68 2.99233e+19 90.2622 9.0148 0 0 0 
9137.05 2.9895e+19 90.2114 3.33214 0 0 0 
9143.42 2.98666e+19 90.1604 -2.25752 0 0 0 
9149.79 2.98382e+19 90.1091 -7.63581 0 0 0 
9156.16 2.98099e+19 90.0577 -12.6963 0 0 0 
9162.54 2.97816e+19 90.0062 -17.346 0 0 0 
9168.91 2.97533e+19 89.9547 -21.5065 0 0 0 
9175.29 2.9725e+19 89.9034 -25.1146 0 0 0 
9181.66 2.96968e+19 89.8522 -28.1218 0 0 0 
9188.04 2.96687e+19 89.8013 -30.4943 0 0 0 
9194.42 2.96406e+19 89.7508 -32.212 0 0 0 
9200.8 2.96125e+19 89.7006 -33.2674 0 0 0 
9207.18 2.95846e+19 89.6508 -33.6645 0 0 0 
9213.56 2.95567e+19 89.6013 -33.4175 0 0 0 
9219.95 2.95288e+19 89.5522 -32.5495 0 0 0 
9226.33 2.95011e+19 89.5033 -31.0914 0 0 0 
9232.71 2.94733e+19 89.4544 -29.0808 0 0 0 
9239.1 2.94456e+19 89.4056 -26.5609 0 0 0 
9245.48 2.9418e+19 89.3567 -23.5801 0 0 0 
9251.87 2.93903e+19 89.3076 -20.1909 0 0 0 
9258.26 2.93627e+19 89.2582 -16.4501 0 0 0 
9264.65 2.93351e+19 89.2086 -12.4179 0 0 0 
9271.04 2.93076e+19 89.1586 -8.15769 0 0 0 
9277.43 2.928e+19 89.1083 -3.73619 0 0 0 
9283.82 2.92524e+19 89.0578 0.777147 0 0 0 
9290.22 2.92249e+19 89.0071 5.31029 0 0 0 
9296.61 2.91973e+19 88.9564 9.78905 0 0 0 
9303 2.91698e+19 88.9057 14.1376 0 0 0 
9309.4 2.91424e+19 88.8551 18.2793 0 0 0 
9315.8 2.9115e+19 88.8048 22.1372 0 0 0 
9322.2 2.90876e+19 88.7549 25.6356 0 0 0 
9328.59 2.90603e+19 88.7054 28.7007 0 0 0 
9334.99 2.90331e+19 88.6563 31.2628 0 0 0 
9341.39 2.9006e+19 88.6076 33.2569 0 0 0 
9347.8 2.89789e+19 88.5592 34.6254 0 0 0 
9354.2 2.89519e+19 88.5112 35.319 0 0 0 
9360.6 2.89249e+19 88.4634 35.2989 0 0 0 
9367.01 2.8898e+19 88.4156 34.5386 0 0 0 
9373.41 2.88711e+19 88.3678 33.0255 0 0 0 
9379.82 2.88442e+19 88.3198 30.7619 0 0 0 
9386.23 2.88174e+19 88.2716 27.7669 0 0 0 
9392.63 2.87905e+19 88.223 24.0769 0 0 0 
9399.04 2.87637e+19 88.1741 19.746 0 0 0 
9405.45 2.87369e+19 88.1248 14.8462 0 0 0 
9411.87 2.87101e+19 88.0753 9.46689 0 0 0 
9418.28 2.86833e+19 88.0254 3.71388 0 0 0 
9424.69 2.86565e+19 87.9755 -2.29236 0 0 0 
9431.11 2.86297e+19 87.9255 -8.41878 0 0 0 
9437.52 2.8603e+19 87.8756 -14.5225 0 0 0 
9443.94 2.85763e+19 87.8259 -20.454 0 0 0 
9450.35 2.85497e+19 87.7766 -26.0608 0 0 0 
9456.77 2.85231e+19 87.7276 -31.1918 0 0 0 
9463.19 2.84966e+19 87.6792 -35.7012 0 0 0 
9469.61 2.84702e+19 87.6312 -39.4531 0 0 0 
9476.03 2.84438e+19 87.5836 -42.3259 0 0 0 
9482.45 2.84175e+19 87.5364 -44.2167 0 0 0 
9488.88 2.83913e+19 87.4894 -45.0449 0 0 0 
9495.3 2.83651e+19 87.4426 -44.7559 0 0 0 
9501.72 2.83389e+19 87.3958 -43.3237 0 0 0 
9508.15 2.83128e+19 87.3489 -40.753 0 0 0 
9514.58 2.82867e+19 87.3018 -37.0803 0 0 0 
9521 2.82606e+19 87.2543 -32.3738 0 0 0 
9527.43 2.82345e+19 87.2065 -26.7331 0 0 0 
9533.86 2.82084e+19 87.1582 -20.2868 0 0 0 
9540.29 2.81823e+19 87.1096 -13.1897 0 0 0 
9546.72 2.81562e+19 87.0607 -5.61914 0 0 0 
9553.16 2.81302e+19 87.0115 2.22978 0 0 0 
9559.59 2.81041e+19 86.9622 10.1496 0 0 0 
9566.03 2.80781e+19 86.913 17.9265 0 0 0 
9572.46 2.80521e+19 86.864 25.3462 0 0 0 
9578.9 2.80262e+19 86.8152 32.2008 0 0 0 
9585.33 2.80003e+19 86.7669 38.295 0 0 0 
9591.77 2.79745e+19 86.719 43.4516 0 0 0 
9598.21 2.79487e+19 86.6716 47.5178 0 0 0 
9604.65 2.79231e+19 86.6248 50.3696 0 0 0 
9611.09 2.78975e+19 86.5783 51.9158 0 0 0 
9617.54 2.78719e+19 86.5322 52.1011 0 0 0 
9623.98 2.78464e+19 86.4863 50.9079 0 0 0 
9630.42 2.7821e+19 86.4405 48.3574 0 0 0 
9636.87 2.77956e+19 86.3946 44.5086 0 0 0 
9643.31 2.77702e+19 86.3485 39.4572 0 0 0 
9649.76 2.77448e+19 86.3021 33.3331 0 0 0 
9656.21 2.77194e+19 86.2552 26.2961 0 0 0 
9662.66 2.7694e+19 86.208 18.532 0 0 0 
9669.11 2.76686e+19 86.1603 10.247 0 0 0 
9675.56 2.76432e+19 86.1123 1.66197 0 0 0 
9682.01 2.76179e+19 86.0639 -6.99388 0 0 0 
9688.46 2.75925e+19 86.0154 -15.4892 0 0 0 
9694.92 2.75671e+19 85.9669 -23.5971 0 0 0 
9701.37 2.75418e+19 85.9185 -31.1013 0 0 0 
9707.83 2.75166e+19 85.8704 -37.8021 0 0 0 
9714.28 2.74914e+19 85.8226 -43.5215 0 0 0 
9720.74 2.74662e+19 85.7753 -48.1084 0 0 0 
9727.2 2.74411e+19 85.7286 -51.4419 0 0 0 
9733.66 2.74161e+19 85.6824 -53.435 0 0 0 
9740.12 2.73912e+19 85.6366 -54.0363 0 0 0 
9746.58 2.73664e+19 85.5913 -53.2315 0 0 0 
9753.04 2.73415e+19 85.5462 -51.0432 0 0 0 
9759.51 2.73168e+19 85.5013 -47.5306 0 0 0 
9765.97 2.7292e+19 85.4563 -42.7874 0 0 0 
9772.44 2.72673e+19 85.4112 -36.9393 0 0 0 
9778.9 2.72426e+19 85.3658 -30.1408 0 0 0 
9785.37 2.72179e+19 85.32 -22.5705 0 0 0 
9791.84 2.71932e+19 85.2737 -14.4271 0 0 0 
9798.31 2.71685e+19 85.227 -5.92361 0 0 0 
9804.78 2.71438e+19 85.1798 2.71778 0 0 0 
9811.25 2.7119e+19 85.1323 11.2718 0 0 0 
9817.72 2.70943e+19 85.0846 19.5158 0 0 0 
9824.19 2.70696e+19 85.0368 27.2355 0 0 0 
9830.67 2.7045e+19 84.9891 34.2305 0 0 0 
9837.14 2.70204e+19 84.9415 40.3197 0 0 0 
9843.62 2.69958e+19 84.8944 45.3458 0 0 0 
9850.1 2.69713e+19 84.8477 49.1795 0 0 0 
9856.57 2.69469e+19 84.8015 51.7231 0 0 0 
9863.05 2.69225e+19 84.7559 52.9127 0 0 0 
9869.53 2.68983e+19 84.7108 52.7206 0 0 0 
9876.01 2.6874e+19 84.6662 51.1554 0 0 0 
9882.5 2.68499e+19 84.6219 48.2625 0 0 0 
9888.98 2.68258e+19 84.5778 44.1225 0 0 0 
9895.46 2.68017e+19 84.5338 38.8494 0 0 0 
9901.95 2.67776e+19 84.4896 32.5875 0 0 0 
9908.43 2.67536e+19 84.4451 25.5075 0 0 0 
9914.92 2.67295e+19 84.4003 17.8018 0 0 0 
9921.41 2.67055e+19 84.355 9.67936 0 0 0 
9927.9 2.66814e+19 84.3092 1.35985 0 0 0 
9934.39 2.66573e+19 84.2629 -6.93258 0 0 0 
9940.88 2.66333e+19 84.2162 -14.9756 0 0 0 
9947.37 2.66092e+19 84.1693 -22.5549 0 0 0 
9953.86 2.65851e+19 84.1222 -29.4704 0 0 0 
9960.35 2.65611e+19 84.0751 -35.5419 0 0 0 
9966.85 2.65371e+19 84.0282 -40.6141 0 0 0 
9973.34 2.65132e+19 83.9817 -44.5613 0 0 0 
9979.84 2.64893e+19 83.9355 -47.2901 0 0 0 
9986.34 2.64655e+19 83.89 -48.7428 0 0 0 
9992.84 2.64418e+19 83.845 -48.8979 0 0 0 
9999.34 2.64181e+19 83.8006 -47.7708 0 0 0 
10005.8 2.63945e+19 83.7566 -45.4125 0 0 0 
10012.3 2.6371e+19 83.7131 -41.9079 0 0 0 
10018.8 2.63475e+19 83.6698 -37.3722 0 0 0 
10025.3 2.6324e+19 83.6266 -31.9473 0 0 0 
10031.8 2.63006e+19 83.5833 -25.797 0 0 0 
10038.4 2.62772e+19 83.5397 -19.1013 0 0 0 
10044.9 2.62538e+19 83.4958 -12.0508 0 0 0 
10051.4 2.62304e+19 83.4514 -4.84094 0 0 0 
10057.9 2.62069e+19 83.4065 2.33425 0 0 0 
10064.4 2.61835e+19 83.3611 9.28755 0 0 0 
10070.9 2.616e+19 83.3152 15.8439 0 0 0 
10077.4 2.61366e+19 83.269 21.8453 0 0 0 
10083.9 2.61131e+19 83.2227 27.154 0 0 0 
10090.4 2.60897e+19 83.1763 31.6566 0 0 0 
10096.9 2.60663e+19 83.13 35.2655 0 0 0 
10103.5 2.6043e+19 83.084 37.9202 0 0 0 
10110 2.60197e+19 83.0385 39.5879 0 0 0 
10116.5 2.59965e+19 82.9935 40.2628 0 0 0 
10123 2.59734e+19 82.9491 39.9648 0 0 0 
10129.5 2.59503e+19 82.9054 38.7371 0 0 0 
10136 2.59273e+19 82.8621 36.6441 0 0 0 
10142.6 2.59044e+19 82.8193 33.768 0 0 0 
10149.1 2.58815e+19 82.7767 30.2054 0 0 0 
10155.6 2.58587e+19 82.7343 26.064 0 0 0 
10162.1 2.58359e+19 82.6918 21.459 0 0 0 
10168.7 2.5813e+19 82.6491 16.5096 0 0 0 
10175.2 2.57902e+19 82.6061 11.336 0 0 0 
10181.7 2.57674e+19 82.5626 6.05659 0 0 0 
10188.2 2.57446e+19 82.5185 0.785039 0 0 0 
10194.8 2.57218e+19 82.474 -4.37138 0 0 0 
10201.3 2.56989e+19 82.4289 -9.31363 0 0 0 
10207.8 2.56761e+19 82.3835 -13.9521 0 0 0 
10214.4 2.56532e+19 82.3378 -18.2077 0 0 0 
10220.9 2.56304e+19 82.2921 -22.0118 0 0 0 
10227.4 2.56076e+19 82.2464 -25.3072 0 0 0 
10234 2.55848e+19 82.2011 -28.0474 0 0 0 
10240.5 2.55622e+19 82.1562 -30.1968 0 0 0 
10247 2.55395e+19 82.1118 -31.7302 0 0 0 
10253.6 2.5517e+19 82.068 -32.6322 0 0 0 
10260.1 2.54945e+19 82.0248 -32.8971 0 0 0 
10266.7 2.54721e+19 81.9822 -32.5281 0 0 0 
10273.2 2.54497e+19 81.9401 -31.5373 0 0 0 
10279.7 2.54274e+19 81.8983 -29.9448 0 0 0 
10286.3 2.54052e+19 81.8566 -27.7789 0 0 0 
10292.8 2.53829e+19 81.8149 -25.0758 0 0 0 
10299.4 2.53607e+19 81.7731 -21.8793 0 0 0 
10305.9 2.53385e+19 81.7309 -18.2406 0 0 0 
10312.5 2.53163e+19 81.6882 -14.2183 0 0 0 
10319 2.5294e+19 81.6449 -9.87791 0 0 0 
10325.6 2.52718e+19 81.6012 -5.29181 0 0 0 
10332.1 2.52495e+19 81.5569 -0.538472 0 0 0 
10338.7 2.52272e+19 81.5122 4.29799 0 0 0 
10345.2 2.5205e+19 81.4672 9.12871 0 0 0 
10351.8 2.51827e+19 81.4221 13.8611 0 0 0 
10358.3 2.51605e+19 81.3771 18.4002 0 0 0 
10364.9 2.51383e+19 81.3324 22.65 0 0 0 
10371.4 2.51162e+19 81.2881 26.5156 0 0 0 
10378 2.50941e+19 81.2443 29.9046 0 0 0 
10384.5 2.50721e+19 81.2011 32.7297 0 0 0 
10391.1 2.50502e+19 81.1585 34.9107 0 0 0 
10397.6 2.50283e+19 81.1166 36.3768 0 0 0 
10404.2 2.50065e+19 81.0751 37.0691 0 0 0 
10410.8 2.49848e+19 81.034 36.9429 0 0 0 
10417.3 2.49631e+19 80.9931 35.9695 0 0 0 
10423.9 2.49414e+19 80.9522 34.1384 0 0 0 
10430.5 2.49198e+19 80.9112 31.4588 0 0 0 
10437 2.48981e+19 80.8697 27.9605 0 0 0 
10443.6 2.48765e+19 80.8278 23.6949 0 0 0 
10450.2 2.48548e+19 80.7854 18.7352 0 0 0 
10456.7 2.48331e+19 80.7424 13.1753 0 0 0 
10463.3 2.48114e+19 80.6988 7.1295 0 0 0 
10469.9 2.47897e+19 80.6548 0.729944 0 0 0 
10476.4 2.47679e+19 80.6105 -5.87541 0 0 0 
10483 2.47462e+19 80.5661 -12.5261 0 0 0 
10489.6 2.47246e+19 80.5217 -19.0529 0 0 0 
10496.2 2.47029e+19 80.4776 -25.2819 0 0 0 
10502.7 2.46813e+19 80.4338 -31.0396 0 0 0 
10509.3 2.46598e+19 80.3906 -36.1573 0 0 0 
10515.9 2.46384e+19 80.3481 -40.4768 0 0 0 
10522.5 2.4617e+19 80.3062 -43.8551 0 0 0 
10529 2.45957e+19 80.2649 -46.1696 0 0 0 
10535.6 2.45744e+19 80.2241 -47.3226 0 0 0 
10542.2 2.45532e+19 80.1837 -47.2452 0 0 0 
10548.8 2.45321e+19 80.1435 -45.901 0 0 0 
10555.4 2.4511e+19 80.1034 -43.2884 0 0 0 
10561.9 2.44899e+19 80.0631 -39.4421 0 0 0 
10568.5 2.44688e+19 80.0224 -34.4336 0 0 0 
10575.1 2.44476e+19 79.9812 -28.3706 0 0 0 
10581.7 2.44265e+19 79.9395 -21.3947 0 0 0 
10588.3 2.44053e+19 79.8972 -13.6791 0 0 0 
10594.9 2.43842e+19 79.8544 -5.42364 0 0 0 
10601.5 2.4363e+19 79.811 3.14997 0 0 0 
10608.1 2.43418e+19 79.7673 11.8044 0 0 0 
10614.7 2.43206e+19 79.7235 20.2933 0 0 0 
10621.2 2.42995e+19 79.6797 28.369 0 0 0 
10627.8 2.42784e+19 79.6362 35.7899 0 0 0 
10634.4 2.42573e+19 79.5931 42.328 0 0 0 
10641 2.42363e+19 79.5505 47.7766 0 0 0 
10647.6 2.42154e+19 79.5086 51.9569 0 0 0 
10654.2 2.41945e+19 79.4673 54.7248 0 0 0 
10660.8 2.41738e+19 79.4267 55.9754 0 0 0 
10667.4 2.4153e+19 79.3866 55.6479 0 0 0 
10674 2.41324e+19 79.3469 53.7277 0 0 0 
10680.6 2.41118e+19 79.3075 50.2485 0 0 0 
10687.2 2.40912e+19 79.2681 45.2914 0 0 0 
10693.8 2.40706e+19 79.2285 38.9834 0 0 0 
10700.4 2.405e+19 79.1885 31.4947 0 0 0 
10707 2.40294e+19 79.1481 23.0331 0 0 0 
10713.6 2.40088e+19 79.107 13.8389 0 0 0 
10720.3 2.39882e+19 79.0654 4.17705 0 0 0 
10726.9 2.39675e+19 79.0231 -5.67029 0 0 0 
10733.5 2.39468e+19 78.9804 -15.4128 0 0 0 
10740.1 2.39262e+19 78.9373 -24.7607 0 0 0 
10746.7 2.39055e+19 78.8941 -33.4342 0 0 0 
10753.3 2.38849e+19 78.8509 -41.1722 0 0 0 
10759.9 2.38643e+19 78.808 -47.7406 0 0 0 
10766.5 2.38437e+19 78.7654 -52.9399 0 0 0 
10773.1 2.38232e+19 78.7235 -56.6117 0 0 0 
10779.8 2.38028e+19 78.6822 -58.6437 0 0 0 
10786.4 2.37825e+19 78.6416 -58.9736 0 0 0 
10793 2.37622e+19 78.6017 -57.591 0 0 0 
10799.6 2.3742e+19 78.5623 -54.5382 0 0 0 
10806.2 2.37218e+19 78.5234 -49.9082 0 0 0 
10812.9 2.37017e+19 78.4847 -43.8426 0 0 0 
10819.5 2.36817e+19 78.4459 -36.5264 0 0 0 
10826.1 2.36616e+19 78.407 -28.1824 0 0 0 
10832.7 2.36415e+19 78.3678 -19.064 0 0 0 
10839.4 2.36214e+19 78.3279 -9.44721 0 0 0 
10846 2.36013e+19 78.2875 0.378513 0 0 0 
10852.6 2.35812e+19 78.2465 10.1192 0 0 0 
10859.2 2.3561e+19 78.2048 19.4859 0 0 0 
10865.9 2.35409e+19 78.1626 28.2036 0 0 0 
10872.5 2.35207e+19 78.1201 36.0197 0 0 0 
10879.1 2.35005e+19 78.0775 42.7123 0 0 0 
10885.8 2.34804e+19 78.0348 48.0964 0 0 0 
10892.4 2.34603e+19 77.9925 52.0293 0 0 0 
10899 2.34402e+19 77.9506 54.4148 0 0 0 
10905.7 2.34202e+19 77.9093 55.2056 0 0 0 
10912.3 2.34003e+19 77.8687 54.4035 0 0 0 
10918.9 2.33804e+19 77.8288 52.0592 0 0 0 
10925.6 2.33607e+19 77.7896 48.2693 0 0 0 
10932.2 2.3341e+19 77.751 43.1724 0 0 0 
10938.9 2.33213e+19 77.7128 36.944 0 0 0 
10945.5 2.33017e+19 77.6748 29.7899 0 0 0 
10952.1 2.32821e+19 77.6367 21.939 0 0 0 
10958.8 2.32626e+19 77.5985 13.6357 0 0 0 
10965.4 2.3243e+19 77.5598 5.13149 0 0 0 
10972.1 2.32234e+19 77.5206 -3.32321 0 0 0 
10978.7 2.32037e+19 77.4807 -11.4866 0 0 0 
10985.4 2.31841e+19 77.4402 -19.1332 0 0 0 
10992 2.31644e+19 77.399 -26.0599 0 0 0 
10998.7 2.31447e+19 77.3574 -32.0919 0 0 0 
11005.3 2.3125e+19 77.3154 -37.0871 0 0 0 
11012 2.31053e+19 77.2733 -40.9387 0 0 0 
11018.6 2.30856e+19 77.2312 -43.5779 0 0 0 
11025.3 2.3066e+19 77.1895 -44.9736 0 0 0 
11031.9 2.30464e+19 77.1482 -45.1319 0 0 0 
11038.6 2.30269e+19 77.1076 -44.0945 0 0 0 
11045.2 2.30075e+19 77.0678 -41.9348 0 0 0 
11051.9 2.29881e+19 77.0286 -38.755 0 0 0 
11058.6 2.29688e+19 76.9902 -34.6807 0 0 0 
11065.2 2.29496e+19 76.9523 -29.856 0 0 0 
11071.9 2.29305e+19 76.9148 -24.4384 0 0 0 
11078.5 2.29113e+19 76.8775 -18.5928 0 0 0 
11085.2 2.28922e+19 76.8401 -12.4865 0 0 0 
11091.9 2.28731e+19 76.8025 -6.28419 0 0 0 
11098.5 2.2854e+19 76.7644 -0.143297 0 0 0 
11105.2 2.28349e+19 76.7257 5.78989 0 0 0 
11111.9 2.28157e+19 76.6863 11.3835 0 0 0 
11118.5 2.27965e+19 76.6462 16.5223 0 0 0 
11125.2 2.27773e+19 76.6055 21.1097 0 0 0 
11131.9 2.27581e+19 76.5643 25.0686 0 0 0 
11138.5 2.27388e+19 76.5228 28.3411 0 0 0 
11145.2 2.27196e+19 76.4812 30.8887 0 0 0 
11151.9 2.27004e+19 76.4397 32.6908 0 0 0 
11158.5 2.26812e+19 76.3986 33.7435 0 0 0 
11165.2 2.26621e+19 76.358 34.0576 0 0 0 
11171.9 2.2643e+19 76.3182 33.6571 0 0 0 
11178.6 2.26241e+19 76.2791 32.5767 0 0 0 
11185.3 2.26052e+19 76.2407 30.8599 0 0 0 
11191.9 2.25864e+19 76.2031 28.5578 0 0 0 
11198.6 2.25677e+19 76.166 25.727 0 0 0 
11205.3 2.2549e+19 76.1292 22.4283 0 0 0 
11212 2.25303e+19 76.0926 18.7262 0 0 0 
11218.7 2.25117e+19 76.0558 14.6879 0 0 0 
11225.3 2.2493e+19 76.0187 10.383 0 0 0 
11232 2.24744e+19 75.9811 5.88339 0 0 0 
11238.7 2.24557e+19 75.9428 1.26324 0 0 0 
11245.4 2.24369e+19 75.9038 -3.40101 0 0 0 
11252.1 2.24182e+19 75.8641 -8.03061 0 0 0 
11258.8 2.23994e+19 75.8238 -12.5446 0 0 0 
11265.5 2.23806e+19 75.783 -16.8602 0 0 0 
11272.1 2.23618e+19 75.7419 -20.8932 0 0 0 
11278.8 2.2343e+19 75.7009 -24.5594 0 0 0 
11285.5 2.23242e+19 75.66 -27.7756 0 0 0 
11292.2 2.23055e+19 75.6196 -30.4613 0 0 0 
11298.9 2.22869e+19 75.5798 -32.5409 0 0 0 
11305.6 2.22683e+19 75.5407 -33.9464 0 0 0 
11312.3 2.22498e+19 75.5024 -34.6192 0 0 0 
11319 2.22314e+19 75.4649 -34.5136 0 0 0 
11325.7 2.2213e+19 75.4281 -33.599 0 0 0 
11332.4 2.21948e+19 75.3917 -31.8622 0 0 0 
11339.1 2.21765e+19 75.3557 -29.3101 0 0 0 
11345.8 2.21583e+19 75.3197 -25.9709 0 0 0 
11352.5 2.21401e+19 75.2835 -21.8951 0 0 0 
11359.2 2.21219e+19 75.2468 -17.1563 0 0 0 
11365.9 2.21037e+19 75.2096 -11.8503 0 0 0 
11372.6 2.20854e+19 75.1717 -6.09393 0 0 0 
11379.3 2.20671e+19 75.133 -0.0229317 0 0 0 
11386 2.20488e+19 75.0936 6.21116 0 0 0 
11392.7 2.20304e+19 75.0536 12.4449 0 0 0 
11399.5 2.2012e+19 75.0132 18.5071 0 0 0 
11406.2 2.19936e+19 74.9726 24.2244 0 0 0 
11412.9 2.19752e+19 74.9321 29.4261 0 0 0 
11419.6 2.19569e+19 74.8919 33.9502 0 0 0 
11426.3 2.19387e+19 74.8522 37.6488 0 0 0 
11433 2.19205e+19 74.8132 40.3931 0 0 0 
11439.7 2.19023e+19 74.775 42.079 0 0 0 
11446.4 2.18843e+19 74.7376 42.6305 0 0 0 
11453.2 2.18664e+19 74.7009 42.0037 0 0 0 
11459.9 2.18485e+19 74.6649 40.1892 0 0 0 
11466.6 2.18306e+19 74.6293 37.213 0 0 0 
11473.3 2.18129e+19 74.594 33.1372 0 0 0 
11480 2.17951e+19 74.5585 28.0585 0 0 0 
11486.8 2.17773e+19 74.5228 22.1062 0 0 0 
11493.5 2.17595e+19 74.4865 15.4391 0 0 0 
11500.2 2.17417e+19 74.4496 8.24055 0 0 0 
11506.9 2.17238e+19 74.4119 0.713385 0 0 0 
11513.7 2.17059e+19 74.3735 -6.92606 0 0 0 
11520.4 2.16879e+19 74.3343 -14.4547 0 0 0 
11527.1 2.167e+19 74.2946 -21.6494 0 0 0 
11533.9 2.1652e+19 74.2546 -28.2945 0 0 0 
11540.6 2.1634e+19 74.2145 -34.1879 0 0 0 
11547.3 2.16161e+19 74.1746 -39.1483 0 0 0 
11554 2.15982e+19 74.1351 -43.0206 0 0 0 
11560.8 2.15804e+19 74.0962 -45.6812 0 0 0 
11567.5 2.15626e+19 74.0581 -47.0421 0 0 0 
11574.3 2.1545e+19 74.0208 -47.0537 0 0 0 
11581 2.15274e+19 73.9843 -45.7072 0 0 0 
11587.7 2.15099e+19 73.9486 -43.0343 0 0 0 
11594.5 2.14924e+19 73.9134 -39.1069 0 0 0 
11601.2 2.1475e+19 73.8785 -34.0353 0 0 0 
11607.9 2.14577e+19 73.8437 -27.9643 0 0 0 
11614.7 2.14403e+19 73.8088 -21.0695 0 0 0 
11621.4 2.14229e+19 73.7734 -13.5517 0 0 0 
11628.2 2.14055e+19 73.7374 -5.63062 0 0 0 
11634.9 2.13881e+19 73.7007 2.46121 0 0 0 
11641.7 2.13706e+19 73.6632 10.4861 0 0 0 
11648.4 2.1353e+19 73.6249 18.2082 0 0 0 
11655.2 2.13355e+19 73.586 25.4006 0 0 0 
11661.9 2.13179e+19 73.5466 31.8524 0 0 0 
11668.7 2.13003e+19 73.507 37.3749 0 0 0 
11675.4 2.12828e+19 73.4675 41.8074 0 0 0 
11682.2 2.12652e+19 73.4282 45.0222 0 0 0 
11688.9 2.12478e+19 73.3895 46.9279 0 0 0 
11695.7 2.12304e+19 73.3515 47.4726 0 0 0 
11702.4 2.12131e+19 73.3143 46.6451 0 0 0 
11709.2 2.11959e+19 73.278 44.4749 0 0 0 
11715.9 2.11787e+19 73.2425 41.0315 0 0 0 
11722.7 2.11616e+19 73.2076 36.422 0 0 0 
11729.4 2.11446e+19 73.1732 30.7876 0 0 0 
11736.2 2.11276e+19 73.139 24.299 0 0 0 
11743 2.11107e+19 73.1047 17.1515 0 0 0 
11749.7 2.10937e+19 73.0701 9.55851 0 0 0 
11756.5 2.10767e+19 73.035 1.74512 0 0 0 
11763.3 2.10597e+19 72.9991 -6.05871 0 0 0 
11770 2.10426e+19 72.9625 -13.6252 0 0 0 
11776.8 2.10255e+19 72.9251 -20.7357 0 0 0 
11783.6 2.10083e+19 72.8869 -27.1871 0 0 0 
11790.3 2.09911e+19 72.8483 -32.7977 0 0 0 
11797.1 2.09739e+19 72.8092 -37.4129 0 0 0 
11803.9 2.09567e+19 72.7701 -40.9089 0 0 0 
11810.6 2.09396e+19 72.7312 -43.1967 0 0 0 
11817.4 2.09225e+19 72.6927 -44.224 0 0 0 
11824.2 2.09054e+19 72.6549 -43.9765 0 0 0 
11831 2.08885e+19 72.6179 -42.4776 0 0 0 
11837.7 2.08716e+19 72.5817 -39.7874 0 0 0 
11844.5 2.08548e+19 72.5464 -36 0 0 0 
11851.3 2.08381e+19 72.5118 -31.2407 0 0 0 
11858.1 2.08214e+19 72.4778 -25.6611 0 0 0 
11864.8 2.08048e+19 72.444 -19.4348 0 0 0 
11871.6 2.07882e+19 72.4104 -12.7512 0 0 0 
11878.4 2.07716e+19 72.3765 -5.80987 0 0 0 
11885.2 2.0755e+19 72.3421 1.18567 0 0 0 
11892 2.07384e+19 72.3071 8.03413 0 0 0 
11898.8 2.07217e+19 72.2713 14.5424 0 0 0 
11905.5 2.0705e+19 72.2347 20.5312 0 0 0 
11912.3 2.06882e+19 72.1974 25.8399 0 0 0 
11919.1 2.06714e+19 72.1594 30.3315 0 0 0 
11925.9 2.06545e+19 72.1209 33.8953 0 0 0 
11932.7 2.06377e+19 72.0823 36.4502 0 0 0 
11939.5 2.06209e+19 72.0438 37.9462 0 0 0 
11946.3 2.06042e+19 72.0056 38.365 0 0 0 
11953.1 2.05875e+19 71.968 37.7197 0 0 0 
11959.9 2.05709e+19 71.9312 36.0536 0 0 0 
11966.6 2.05543e+19 71.8952 33.438 0 0 0 
11973.4 2.05379e+19 71.8601 29.9691 0 0 0 
11980.2 2.05215e+19 71.8258 25.7646 0 0 0 
11987 2.05052e+19 71.7921 20.9595 0 0 0 
11993.8 2.0489e+19 71.7588 15.7012 0 0 0 
12000.6 2.04727e+19 71.7256 10.1453 0 0 0 
12007.4 2.04565e+19 71.6924 4.45048 0 0 0 
12014.2 2.04403e+19 71.6587 -1.22628 0 0 0 
12021 2.0424e+19 71.6244 -6.7339 0 0 0 
12027.8 2.04077e+19 71.5894 -11.9314 0 0 0 
12034.7 2.03913e+19 71.5536 -16.6915 0 0 0 
12041.5 2.03749e+19 71.517 -20.9032 0 0 0 
12048.3 2.03585e+19 71.4797 -24.4747 0 0 0 
12055.1 2.0342e+19 71.4419 -27.3344 0 0 0 
12061.9 2.03256e+19 71.4038 -29.4322 0 0 0 
12068.7 2.03091e+19 71.3658 -30.7394 0 0 0 
12075.5 2.02927e+19 71.3279 -31.2486 0 0 0 
12082.3 2.02764e+19 71.2906 -30.9725 0 0 0 
12089.1 2.02601e+19 71.254 -29.9425 0 0 0 
12095.9 2.02439e+19 71.2183 -28.2068 0 0 0 
12102.8 2.02278e+19 71.1834 -25.8283 0 0 0 
12109.6 2.02117e+19 71.1493 -22.8819 0 0 0 
12116.4 2.01958e+19 71.1159 -19.4526 0 0 0 
12123.2 2.01799e+19 71.083 -15.6322 0 0 0 
12130 2.0164e+19 71.0503 -11.5177 0 0 0 
12136.8 2.01481e+19 71.0176 -7.20818 0 0 0 
12143.7 2.01322e+19 70.9845 -2.80334 0 0 0 
12150.5 2.01163e+19 70.951 1.59888 0 0 0 
12157.3 2.01004e+19 70.9167 5.90378 0 0 0 
12164.1 2.00844e+19 70.8816 10.0214 0 0 0 
12171 2.00684e+19 70.8457 13.8678 0 0 0 
12177.8 2.00523e+19 70.8091 17.3661 0 0 0 
12184.6 2.00362e+19 70.7719 20.447 0 0 0 
12191.4 2.00201e+19 70.7344 23.0502 0 0 0 
12198.3 2.0004e+19 70.6968 25.1241 0 0 0 
12205.1 1.99879e+19 70.6594 26.627 0 0 0 
12211.9 1.99719e+19 70.6224 27.5275 0 0 0 
12218.8 1.99559e+19 70.5861 27.8044 0 0 0 
12225.6 1.99401e+19 70.5506 27.4479 0 0 0 
12232.4 1.99243e+19 70.5159 26.4594 0 0 0 
12239.3 1.99086e+19 70.4821 24.8522 0 0 0 
12246.1 1.98929e+19 70.449 22.6518 0 0 0 
12252.9 1.98773e+19 70.4165 19.896 0 0 0 
12259.8 1.98618e+19 70.3842 16.635 0 0 0 
12266.6 1.98463e+19 70.352 12.9315 0 0 0 
12273.5 1.98307e+19 70.3195 8.85991 0 0 0 
12280.3 1.98152e+19 70.2866 4.50614 0 0 0 
12287.1 1.97996e+19 70.253 -0.0338135 0 0 0 
12294 1.9784e+19 70.2186 -4.65515 0 0 0 
12300.8 1.97683e+19 70.1834 -9.24622 0 0 0 
12307.7 1.97525e+19 70.1474 -13.6907 0 0 0 
12314.5 1.97368e+19 70.1109 -17.8706 0 0 0 
12321.4 1.9721e+19 70.0739 -21.6689 0 0 0 
12328.2 1.97053e+19 70.0368 -24.9733 0 0 0 
12335.1 1.96895e+19 69.9998 -27.6798 0 0 0 
12341.9 1.96738e+19 69.9632 -29.696 0 0 0 
12348.8 1.96582e+19 69.9272 -30.9449 0 0 0 
12355.6 1.96427e+19 69.892 -31.3684 0 0 0 
12362.5 1.96272e+19 69.8576 -30.93 0 0 0 
12369.3 1.96118e+19 69.824 -29.6174 0 0 0 
12376.2 1.95965e+19 69.7912 -27.444 0 0 0 
12383 1.95812e+19 69.759 -24.4501 0 0 0 
12389.9 1.9566e+19 69.7271 -20.7027 0 0 0 
12396.8 1.95508e+19 69.6954 -16.2946 0 0 0 
12403.6 1.95356e+19 69.6634 -11.3422 0 0 0 
12410.5 1.95204e+19 69.6311 -5.98282 0 0 0 
12417.3 1.95051e+19 69.5981 -0.370533 0 0 0 
12424.2 1.94898e+19 69.5643 5.3284 0 0 0 
12431.1 1.94745e+19 69.5297 10.9409 0 0 0 
12437.9 1.94591e+19 69.4944 16.2927 0 0 0 
12444.8 1.94437e+19 69.4585 21.2147 0 0 0 
12451.7 1.94282e+19 69.4221 25.5484 0 0 0 
12458.5 1.94128e+19 69.3855 29.152 0 0 0 
12465.4 1.93974e+19 69.3489 31.9054 0 0 0 
12472.3 1.9382e+19 69.3127 33.7148 0 0 0 
12479.1 1.93667e+19 69.2771 34.516 0 0 0 
12486 1.93515e+19 69.2422 34.2772 0 0 0 
12492.9 1.93363e+19 69.2081 33.0003 0 0 0 
12499.8 1.93212e+19 69.1748 30.7208 0 0 0 
12506.6 1.93062e+19 69.1423 27.507 0 0 0 
12513.5 1.92913e+19 69.1104 23.4574 0 0 0 
12520.4 1.92764e+19 69.0789 18.6977 0 0 0 
12527.3 1.92615e+19 69.0476 13.3763 0 0 0 
12534.2 1.92466e+19 69.0161 7.65943 0 0 0 
12541 1.92317e+19 68.9843 1.72528 0 0 0 
12547.9 1.92168e+19 68.9518 -4.24168 0 0 0 
12554.8 1.92018e+19 68.9187 -10.0569 0 0 0 
12561.7 1.91868e+19 68.8847 -15.5418 0 0 0 
12568.6 1.91717e+19 68.85 -20.5294 0 0 0 
12575.5 1.91566e+19 68.8146 -24.8697 0 0 0 
12582.3 1.91415e+19 68.7788 -28.434 0 0 0 
12589.2 1.91264e+19 68.7427 -31.1193 0 0 0 
12596.1 1.91113e+19 68.7066 -32.8504 0 0 0 
12603 1.90963e+19 68.6708 -33.5826 0 0 0 
12609.9 1.90813e+19 68.6355 -33.3027 0 0 0 
12616.8 1.90663e+19 68.6009 -32.0284 0 0 0 
12623.7 1.90515e+19 68.5672 -29.8081 0 0 0 
12630.6 1.90367e+19 68.5342 -26.7185 0 0 0 
12637.5 1.9022e+19 68.5021 -22.8621 0 0 0 
12644.4 1.90074e+19 68.4705 -18.3637 0 0 0 
12651.3 1.89927e+19 68.4394 -13.3665 0 0 0 
12658.2 1.89782e+19 68.4084 -8.02684 0 0 0 
12665.1 1.89636e+19 68.3774 -2.51008 0 0 0 
12672 1.8949e+19 68.346 3.0152 0 0 0 
12678.9 1.89344e+19 68.3141 8.38213 0 0 0 
12685.8 1.89197e+19 68.2815 13.4308 0 0 0 
12692.7 1.8905e+19 68.2481 18.0129 0 0 0 
12699.6 1.88903e+19 68.2139 21.9967 0 0 0 
12706.5 1.88755e+19 68.1791 25.27 0 0 0 
12713.4 1.88607e+19 68.1438 27.7445 0 0 0 
12720.3 1.88459e+19 68.1082 29.3572 0 0 0 
12727.2 1.88312e+19 68.0726 30.0728 0 0 0 
12734.1 1.88164e+19 68.0372 29.8838 0 0 0 
12741 1.88017e+19 68.0024 28.8108 0 0 0 
12747.9 1.87871e+19 67.9681 26.9013 0 0 0 
12754.8 1.87725e+19 67.9347 24.2276 0 0 0 
12761.8 1.8758e+19 67.9021 20.8842 0 0 0 
12768.7 1.87436e+19 67.8703 16.9845 0 0 0 
12775.6 1.87293e+19 67.8391 12.6569 0 0 0 
12782.5 1.8715e+19 67.8083 8.04023 0 0 0 
12789.4 1.87007e+19 67.7778 3.27947 0 0 0 
12796.3 1.86864e+19 67.7471 -1.47916 0 0 0 
12803.3 1.86721e+19 67.7162 -6.09273 0 0 0 
12810.2 1.86578e+19 67.6848 -10.4261 0 0 0 
12817.1 1.86435e+19 67.6527 -14.3558 0 0 0 
12824 1.86291e+19 67.6198 -17.7739 0 0 0 
12831 1.86146e+19 67.5861 -20.5907 0 0 0 
12837.9 1.86002e+19 67.5518 -22.7373 0 0 0 
12844.8 1.85857e+19 67.517 -24.167 0 0 0 
12851.7 1.85712e+19 67.4819 -24.8564 0 0 0 
12858.7 1.85567e+19 67.4468 -24.8051 0 0 0 
12865.6 1.85423e+19 67.4118 -24.0353 0 0 0 
12872.5 1.85279e+19 67.3774 -22.5905 0 0 0 
12879.5 1.85135e+19 67.3435 -20.5333 0 0 0 
12886.4 1.84993e+19 67.3105 -17.9429 0 0 0 
12893.3 1.84851e+19 67.2782 -14.9121 0 0 0 
12900.3 1.8471e+19 67.2468 -11.544 0 0 0 
12907.2 1.84569e+19 67.2159 -7.9486 0 0 0 
12914.1 1.84429e+19 67.1855 -4.23878 0 0 0 
12921.1 1.84289e+19 67.1554 -0.526959 0 0 0 
12928 1.84149e+19 67.1252 3.07854 0 0 0 
12934.9 1.84009e+19 67.0947 6.47663 0 0 0 
12941.9 1.83869e+19 67.0637 9.57643 0 0 0 
12948.8 1.83728e+19 67.032 12.2996 0 0 0 
12955.8 1.83587e+19 66.9996 14.5825 0 0 0 
12962.7 1.83446e+19 66.9664 16.3773 0 0 0 
12969.7 1.83304e+19 66.9326 17.6528 0 0 0 
12976.6 1.83162e+19 66.8983 18.3949 0 0 0 
12983.6 1.8302e+19 66.8636 18.606 0 0 0 
12990.5 1.82879e+19 66.8289 18.3041 0 0 0 
12997.4 1.82737e+19 66.7945 17.5216 0 0 0 
13004.4 1.82596e+19 66.7604 16.3033 0 0 0 
13011.3 1.82455e+19 66.727 14.7043 0 0 0 
13018.3 1.82316e+19 66.6943 12.7877 0 0 0 
13025.3 1.82176e+19 66.6624 10.6222 0 0 0 
13032.2 1.82038e+19 66.6313 8.2794 0 0 0 
13039.2 1.819e+19 66.6009 5.83144 0 0 0 
13046.1 1.81763e+19 66.5708 3.34867 0 0 0 
13053.1 1.81626e+19 66.5411 0.897576 0 0 0 
13060 1.81489e+19 66.5113 -1.46099 0 0 0 
13067 1.81352e+19 66.4812 -3.67327 0 0 0 
13074 1.81214e+19 66.4506 -5.69364 0 0 0 
13080.9 1.81077e+19 66.4194 -7.48529 0 0 0 
13087.9 1.80938e+19 66.3874 -9.02052 0 0 0 
13094.8 1.808e+19 66.3547 -10.2807 0 0 0 
13101.8 1.80661e+19 66.3213 -11.2557 0 0 0 
13108.8 1.80522e+19 66.2874 -11.9436 0 0 0 
13115.7 1.80383e+19 66.2532 -12.3492 0 0 0 
13122.7 1.80244e+19 66.2189 -12.4834 0 0 0 
13129.7 1.80105e+19 66.1849 -12.362 0 0 0 
13136.6 1.79967e+19 66.1513 -12.004 0 0 0 
13143.6 1.79829e+19 66.1182 -11.4311 0 0 0 
13150.6 1.79692e+19 66.086 -10.6661 0 0 0 
13157.6 1.79556e+19 66.0545 -9.73227 0 0 0 
13164.5 1.7942e+19 66.0238 -8.65234 0 0 0 
13171.5 1.79285e+19 65.9937 -7.4481 0 0 0 
13178.5 1.79151e+19 65.9641 -6.14005 0 0 0 
13185.5 1.79016e+19 65.9347 -4.74731 0 0 0 
13192.4 1.78882e+19 65.9053 -3.28772 0 0 0 
13199.4 1.78748e+19 65.8756 -1.77823 0 0 0 
13206.4 1.78613e+19 65.8455 -0.235361 0 0 0 
13213.4 1.78478e+19 65.8146 1.32423 0 0 0 
13220.4 1.78343e+19 65.783 2.88303 0 0 0 
13227.4 1.78207e+19 65.7507 4.42213 0 0 0 
13234.3 1.78071e+19 65.7177 5.92057 0 0 0 
13241.3 1.77935e+19 65.6842 7.35502 0 0 0 
13248.3 1.77798e+19 65.6505 8.69953 0 0 0 
13255.3 1.77662e+19 65.6166 9.92558 0 0 0 
13262.3 1.77526e+19 65.583 11.0024 0 0 0 
13269.3 1.77391e+19 65.5498 11.8978 0 0 0 
13276.3 1.77256e+19 65.5172 12.5788 0 0 0 
13283.3 1.77121e+19 65.4853 13.0131 0 0 0 
13290.3 1.76988e+19 65.4543 13.1706 0 0 0 
13297.2 1.76855e+19 65.424 13.0248 0 0 0 
13304.2 1.76722e+19 65.3944 12.5549 0 0 0 
13311.2 1.7659e+19 65.3652 11.7473 0 0 0 
13318.2 1.76459e+19 65.3362 10.5974 0 0 0 
13325.2 1.76327e+19 65.3072 9.11091 0 0 0 
13332.2 1.76196e+19 65.2779 7.30501 0 0 0 
13339.2 1.76064e+19 65.2481 5.20911 0 0 0 
13346.2 1.75931e+19 65.2176 2.86498 0 0 0 
13353.2 1.75799e+19 65.1864 0.326419 0 0 0 
13360.2 1.75666e+19 65.1544 -2.34172 0 0 0 
13367.2 1.75532e+19 65.1218 -5.06506 0 0 0 
13374.2 1.75399e+19 65.0886 -7.76181 0 0 0 
13381.3 1.75265e+19 65.0552 -10.3454 0 0 0 
13388.3 1.75131e+19 65.0218 -12.7274 0 0 0 
13395.3 1.74998e+19 64.9885 -14.8209 0 0 0 
13402.3 1.74865e+19 64.9558 -16.5442 0 0 0 
13409.3 1.74733e+19 64.9236 -17.8237 0 0 0 
13416.3 1.74601e+19 64.8923 -18.5979 0 0 0 
13423.3 1.7447e+19 64.8617 -18.8197 0 0 0 
13430.3 1.7434e+19 64.8319 -18.4598 0 0 0 
13437.3 1.7421e+19 64.8027 -17.5076 0 0 0 
13444.4 1.74081e+19 64.7739 -15.9734 0 0 0 
13451.4 1.73952e+19 64.7454 -13.8883 0 0 0 
13458.4 1.73823e+19 64.7167 -11.3038 0 0 0 
13465.4 1.73694e+19 64.6878 -8.29112 0 0 0 
13472.4 1.73565e+19 64.6583 -4.93867 0 0 0 
13479.5 1.73435e+19 64.6281 -1.3496 0 0 0 
13486.5 1.73305e+19 64.5972 2.36166 0 0 0 
13493.5 1.73175e+19 64.5655 6.07329 0 0 0 
13500.5 1.73044e+19 64.5332 9.66038 0 0 0 
13507.6 1.72913e+19 64.5004 12.9994 0 0 0 
13514.6 1.72782e+19 64.4673 15.9727 0 0 0 
13521.6 1.72651e+19 64.4342 18.4731 0 0 0 
13528.6 1.7252e+19 64.4014 20.4076 0 0 0 
13535.7 1.7239e+19 64.3691 21.7016 0 0 0 
13542.7 1.7226e+19 64.3374 22.3013 0 0 0 
13549.7 1.72131e+19 64.3066 22.1765 0 0 0 
13556.8 1.72003e+19 64.2765 21.3217 0 0 0 
13563.8 1.71875e+19 64.2472 19.7571 0 0 0 
13570.8 1.71748e+19 64.2185 17.5278 0 0 0 
13577.9 1.71621e+19 64.1902 14.7029 0 0 0 
13584.9 1.71495e+19 64.1621 11.373 0 0 0 
13591.9 1.71368e+19 64.1338 7.64744 0 0 0 
13599 1.71242e+19 64.1052 3.65065 0 0 0 
13606 1.71115e+19 64.076 -0.482478 0 0 0 
13613.1 1.70988e+19 64.0461 -4.61116 0 0 0 
13620.1 1.7086e+19 64.0154 -8.59383 0 0 0 
13627.2 1.70732e+19 63.984 -12.2933 0 0 0 
13634.2 1.70604e+19 63.9519 -15.5817 0 0 0 
13641.2 1.70475e+19 63.9193 -18.3454 0 0 0 
13648.3 1.70347e+19 63.8866 -20.4891 0 0 0 
13655.3 1.70218e+19 63.8539 -21.9398 0 0 0 
13662.4 1.7009e+19 63.8215 -22.6488 0 0 0 
13669.4 1.69962e+19 63.7896 -22.5945 0 0 0 
13676.5 1.69835e+19 63.7585 -21.7826 0 0 0 
13683.5 1.69709e+19 63.7281 -20.2463 0 0 0 
13690.6 1.69583e+19 63.6987 -18.0446 0 0 0 
13697.6 1.69458e+19 63.6699 -15.2604 0 0 0 
13704.7 1.69333e+19 63.6417 -11.997 0 0 0 
13711.8 1.69209e+19 63.6139 -8.37417 0 0 0 
13718.8 1.69085e+19 63.5862 -4.52357 0 0 0 
13725.9 1.68962e+19 63.5583 -0.583381 0 0 0 
13732.9 1.68838e+19 63.53 3.30688 0 0 0 
13740 1.68713e+19 63.501 7.0118 0 0 0 
13747.1 1.68588e+19 63.4713 10.4052 0 0 0 
13754.1 1.68463e+19 63.4408 13.3749 0 0 0 
13761.2 1.68337e+19 63.4095 15.8267 0 0 0 
13768.2 1.68211e+19 63.3776 17.6878 0 0 0 
13775.3 1.68085e+19 63.3453 18.909 0 0 0 
13782.4 1.67959e+19 63.3128 19.4663 0 0 0 
13789.4 1.67833e+19 63.2805 19.3606 0 0 0 
13796.5 1.67707e+19 63.2485 18.6178 0 0 0 
13803.6 1.67582e+19 63.2172 17.2859 0 0 0 
13810.7 1.67457e+19 63.1866 15.4336 0 0 0 
13817.7 1.67333e+19 63.1569 13.1456 0 0 0 
13824.8 1.6721e+19 63.1281 10.5195 0 0 0 
13831.9 1.67088e+19 63.0999 7.66109 0 0 0 
13838.9 1.66966e+19 63.0723 4.67978 0 0 0 
13846 1.66844e+19 63.0449 1.68403 0 0 0 
13853.1 1.66723e+19 63.0176 -1.22287 0 0 0 
13860.2 1.66602e+19 62.99 -3.94671 0 0 0 
13867.3 1.6648e+19 62.9619 -6.40561 0 0 0 
13874.3 1.66358e+19 62.9331 -8.53267 0 0 0 
13881.4 1.66235e+19 62.9035 -10.2777 0 0 0 
13888.5 1.66112e+19 62.8731 -11.6082 0 0 0 
13895.6 1.65989e+19 62.8419 -12.5095 0 0 0 
13902.7 1.65865e+19 62.8101 -12.9838 0 0 0 
13909.8 1.65741e+19 62.778 -13.0491 0 0 0 
13916.8 1.65617e+19 62.7459 -12.7371 0 0 0 
13923.9 1.65493e+19 62.714 -12.0902 0 0 0 
13931 1.6537e+19 62.6825 -11.1592 0 0 0 
13938.1 1.65247e+19 62.6518 -10.0001 0 0 0 
13945.2 1.65125e+19 62.6219 -8.67071 0 0 0 
13952.3 1.65004e+19 62.5928 -7.22828 0 0 0 
13959.4 1.64883e+19 62.5646 -5.72666 0 0 0 
13966.5 1.64764e+19 62.5371 -4.21417 0 0 0 
13973.6 1.64644e+19 62.5101 -2.73202 0 0 0 
13980.7 1.64525e+19 62.4832 -1.31322 0 0 0 
13987.8 1.64406e+19 62.4562 0.0178895 0 0 0 
13994.9 1.64287e+19 62.4289 1.24549 0 0 0 
14002 1.64168e+19 62.4009 2.36163 0 0 0 
14009.1 1.64048e+19 62.3721 3.36509 0 0 0 
14016.2 1.63927e+19 62.3425 4.25989 0 0 0 
14023.3 1.63806e+19 62.3121 5.05355 0 0 0 
14030.4 1.63685e+19 62.281 5.7552 0 0 0 
14037.5 1.63563e+19 62.2493 6.37377 0 0 0 
14044.6 1.63441e+19 62.2175 6.91633 0 0 0 
14051.7 1.63319e+19 62.1857 7.38661 0 0 0 
14058.8 1.63198e+19 62.1542 7.78406 0 0 0 
14065.9 1.63077e+19 62.1234 8.10319 0 0 0 
14073 1.62957e+19 62.0933 8.33351 0 0 0 
14080.1 1.62838e+19 62.0641 8.45995 0 0 0 
14087.3 1.62719e+19 62.0358 8.46377 0 0 0 
14094.4 1.62601e+19 62.0084 8.32392 0 0 0 
14101.5 1.62484e+19 61.9815 8.01872 0 0 0 
14108.6 1.62367e+19 61.955 7.52783 0 0 0 
14115.7 1.6225e+19 61.9285 6.83433 0 0 0 
14122.8 1.62134e+19 61.9018 5.92682 0 0 0 
14130 1.62017e+19 61.8745 4.80127 0 0 0 
14137.1 1.61899e+19 61.8466 3.4627 0 0 0 
14144.2 1.61781e+19 61.8178 1.92638 0 0 0 
14151.3 1.61663e+19 61.7881 0.218557 0 0 0 
14158.4 1.61544e+19 61.7577 -1.62348 0 0 0 
14165.6 1.61424e+19 61.7265 -3.55191 0 0 0 
14172.7 1.61305e+19 61.6951 -5.50952 0 0 0 
14179.8 1.61185e+19 61.6635 -7.43158 0 0 0 
14186.9 1.61065e+19 61.6321 -9.24813 0 0 0 
14194.1 1.60947e+19 61.6012 -10.8869 0 0 0 
14201.2 1.60828e+19 61.571 -12.2762 0 0 0 
14208.3 1.60711e+19 61.5417 -13.3488 0 0 0 
14215.5 1.60594e+19 61.5134 -14.0448 0 0 0 
14222.6 1.60478e+19 61.4859 -14.315 0 0 0 
14229.7 1.60363e+19 61.4591 -14.1241 0 0 0 
14236.9 1.60248e+19 61.4329 -13.4527 0 0 0 
14244 1.60133e+19 61.4068 -12.2995 0 0 0 
14251.1 1.60019e+19 61.3807 -10.6822 0 0 0 
14258.3 1.59904e+19 61.3541 -8.63768 0 0 0 
14265.4 1.59789e+19 61.3269 -6.22154 0 0 0 
14272.6 1.59674e+19 61.2988 -3.50661 0 0 0 
14279.7 1.59558e+19 61.2699 -0.580552 0 0 0 
14286.8 1.59441e+19 61.2401 2.45714 0 0 0 
14294 1.59324e+19 61.2095 5.49888 0 0 0 
14301.1 1.59206e+19 61.1785 8.43315 0 0 0 
14308.3 1.59089e+19 61.1471 11.149 0 0 0 
14315.4 1.58971e+19 61.1159 13.5407 0 0 0 
14322.6 1.58854e+19 61.0851 15.5121 0 0 0 
14329.7 1.58738e+19 61.0549 16.981 0 0 0 
14336.9 1.58622e+19 61.0255 17.8828 0 0 0 
14344 1.58507e+19 60.9971 18.1733 0 0 0 
14351.2 1.58393e+19 60.9696 17.8312 0 0 0 
14358.3 1.58279e+19 60.943 16.8593 0 0 0 
14365.5 1.58167e+19 60.9169 15.2846 0 0 0 
14372.6 1.58054e+19 60.8912 13.1578 0 0 0 
14379.8 1.57942e+19 60.8655 10.5511 0 0 0 
14386.9 1.5783e+19 60.8395 7.55587 0 0 0 
14394.1 1.57717e+19 60.8129 4.27915 0 0 0 
14401.3 1.57604e+19 60.7856 0.839182 0 0 0 
14408.4 1.5749e+19 60.7573 -2.63913 0 0 0 
14415.6 1.57375e+19 60.7281 -6.02916 0 0 0 
14422.7 1.5726e+19 60.6982 -9.20764 0 0 0 
14429.9 1.57145e+19 60.6675 -12.0596 0 0 0 
14437.1 1.5703e+19 60.6366 -14.4826 0 0 0 
14444.2 1.56914e+19 60.6056 -16.3912 0 0 0 
14451.4 1.56799e+19 60.5749 -17.7198 0 0 0 
14458.6 1.56684e+19 60.5447 -18.4251 0 0 0 
14465.7 1.5657e+19 60.5153 -18.4876 0 0 0 
14472.9 1.56457e+19 60.4869 -17.9121 0 0 0 
14480.1 1.56345e+19 60.4594 -16.7269 0 0 0 
14487.3 1.56233e+19 60.4328 -14.9827 0 0 0 
14494.4 1.56122e+19 60.4069 -12.7498 0 0 0 
14501.6 1.56012e+19 60.3815 -10.1154 0 0 0 
14508.8 1.55902e+19 60.3562 -7.1795 0 0 0 
14516 1.55792e+19 60.3307 -4.05093 0 0 0 
14523.1 1.55681e+19 60.3047 -0.84306 0 0 0 
14530.3 1.5557e+19 60.2779 2.33074 0 0 0 
14537.5 1.55459e+19 60.2503 5.36134 0 0 0 
14544.7 1.55346e+19 60.2218 8.14779 0 0 0 
14551.9 1.55234e+19 60.1924 10.6009 0 0 0 
14559 1.5512e+19 60.1622 12.6459 0 0 0 
14566.2 1.55007e+19 60.1316 14.2251 0 0 0 
14573.4 1.54893e+19 60.1009 15.2988 0 0 0 
14580.6 1.5478e+19 60.0704 15.8467 0 0 0 
14587.8 1.54667e+19 60.0403 15.8671 0 0 0 
14595 1.54555e+19 60.011 15.3766 0 0 0 
14602.2 1.54443e+19 59.9826 14.4087 0 0 0 
14609.4 1.54333e+19 59.9551 13.0116 0 0 0 
14616.6 1.54223e+19 59.9286 11.2461 0 0 0 
14623.7 1.54114e+19 59.9029 9.18239 0 0 0 
14630.9 1.54006e+19 59.8777 6.89783 0 0 0 
14638.1 1.53898e+19 59.8527 4.47335 0 0 0 
14645.3 1.53789e+19 59.8276 1.99082 0 0 0 
14652.5 1.53681e+19 59.8021 -0.469861 0 0 0 
14659.7 1.53572e+19 59.7759 -2.83323 0 0 0 
14666.9 1.53463e+19 59.7489 -5.03054 0 0 0 
14674.1 1.53353e+19 59.7209 -7.00161 0 0 0 
14681.3 1.53242e+19 59.692 -8.69622 0 0 0 
14688.5 1.53131e+19 59.6624 -10.0752 0 0 0 
14695.7 1.53019e+19 59.6322 -11.1108 0 0 0 
14702.9 1.52908e+19 59.6018 -11.7873 0 0 0 
14710.1 1.52796e+19 59.5714 -12.1002 0 0 0 
14717.4 1.52685e+19 59.5415 -12.0561 0 0 0 
14724.6 1.52575e+19 59.5123 -11.6716 0 0 0 
14731.8 1.52465e+19 59.484 -10.9724 0 0 0 
14739 1.52356e+19 59.4566 -9.99178 0 0 0 
14746.2 1.52249e+19 59.4302 -8.76921 0 0 0 
14753.4 1.52141e+19 59.4046 -7.34892 0 0 0 
14760.6 1.52035e+19 59.3796 -5.77827 0 0 0 
14767.8 1.51929e+19 59.3549 -4.10629 0 0 0 
14775 1.51822e+19 59.3302 -2.38216 0 0 0 
14782.3 1.51716e+19 59.3052 -0.653879 0 0 0 
14789.5 1.51609e+19 59.2795 1.03298 0 0 0 
14796.7 1.51502e+19 59.253 2.63632 0 0 0 
14803.9 1.51394e+19 59.2255 4.11846 0 0 0 
14811.1 1.51285e+19 59.1971 5.44682 0 0 0 
14818.4 1.51176e+19 59.1679 6.59445 0 0 0 
14825.6 1.51066e+19 59.1381 7.54036 0 0 0 
14832.8 1.50957e+19 59.1081 8.26963 0 0 0 
14840 1.50847e+19 59.078 8.77342 0 0 0 
14847.3 1.50738e+19 59.0483 9.0487 0 0 0 
14854.5 1.50629e+19 59.0192 9.09795 0 0 0 
14861.7 1.50521e+19 58.991 8.92868 0 0 0 
14869 1.50415e+19 58.9637 8.55284 0 0 0 
14876.2 1.50308e+19 58.9374 7.98621 0 0 0 
14883.4 1.50203e+19 58.912 7.24774 0 0 0 
14890.6 1.50098e+19 58.8872 6.35884 0 0 0 
14897.9 1.49994e+19 58.8628 5.34278 0 0 0 
14905.1 1.49889e+19 58.8384 4.22402 0 0 0 
14912.4 1.49785e+19 58.8138 3.02771 0 0 0 
14919.6 1.4968e+19 58.7885 1.7792 0 0 0 
14926.8 1.49575e+19 58.7625 0.503684 0 0 0 
14934.1 1.49469e+19 58.7355 -0.774103 0 0 0 
14941.3 1.49362e+19 58.7076 -2.03009 0 0 0 
14948.5 1.49255e+19 58.6788 -3.24097 0 0 0 
14955.8 1.49147e+19 58.6494 -4.38433 0 0 0 
14963 1.49039e+19 58.6197 -5.43865 0 0 0 
14970.3 1.48932e+19 58.5899 -6.38337 0 0 0 
14977.5 1.48824e+19 58.5604 -7.19895 0 0 0 
14984.8 1.48717e+19 58.5315 -7.86703 0 0 0 
14992 1.48611e+19 58.5035 -8.37059 0 0 0 
14999.3 1.48506e+19 58.4764 -8.69427 0 0 0 
15006.5 1.48402e+19 58.4503 -8.82474 0 0 0 
15013.8 1.48298e+19 58.425 -8.75123 0 0 0 
15021 1.48195e+19 58.4004 -8.4661 0 0 0 
15028.3 1.48092e+19 58.3763 -7.96548 0 0 0 
15035.5 1.4799e+19 58.3522 -7.24997 0 0 0 
15042.8 1.47887e+19 58.3279 -6.32528 0 0 0 
15050 1.47784e+19 58.303 -5.20283 0 0 0 
15057.3 1.47681e+19 58.2773 -3.90023 0 0 0 
15064.6 1.47577e+19 58.2508 -2.44158 0 0 0 
15071.8 1.47472e+19 58.2233 -0.857479 0 0 0 
15079.1 1.47367e+19 58.1949 0.815121 0 0 0 
15086.3 1.47261e+19 58.1659 2.5335 0 0 0 
15093.6 1.47155e+19 58.1365 4.25003 0 0 0 
15100.9 1.47049e+19 58.107 5.91332 0 0 0 
15108.1 1.46943e+19 58.0778 7.46976 0 0 0 
15115.4 1.46838e+19 58.0492 8.86529 0 0 0 
15122.7 1.46734e+19 58.0214 10.0474 0 0 0 
15129.9 1.46631e+19 57.9944 10.9671 0 0 0 
15137.2 1.46528e+19 57.9685 11.5813 0 0 0 
15144.5 1.46426e+19 57.9435 11.8548 0 0 0 
15151.8 1.46325e+19 57.9191 11.7622 0 0 0 
15159 1.46224e+19 57.8952 11.2897 0 0 0 
15166.3 1.46123e+19 57.8714 10.4361 0 0 0 
15173.6 1.46022e+19 57.8473 9.21393 0 0 0 
15180.9 1.45921e+19 57.8228 7.64971 0 0 0 
15188.1 1.45819e+19 57.7975 5.78359 0 0 0 
15195.4 1.45717e+19 57.7713 3.66855 0 0 0 
15202.7 1.45614e+19 57.7442 1.369 0 0 0 
15210 1.45511e+19 57.7162 -1.04121 0 0 0 
15217.3 1.45407e+19 57.6875 -3.48127 0 0 0 
15224.5 1.45303e+19 57.6585 -5.86626 0 0 0 
15231.8 1.45199e+19 57.6293 -8.1103 0 0 0 
15239.1 1.45095e+19 57.6004 -10.1299 0 0 0 
15246.4 1.44991e+19 57.5721 -11.8471 0 0 0 
15253.7 1.44889e+19 57.5445 -13.1931 0 0 0 
15261 1.44787e+19 57.5178 -14.1107 0 0 0 
15268.3 1.44686e+19 57.4921 -14.5574 0 0 0 
15275.6 1.44586e+19 57.4673 -14.5069 0 0 0 
15282.8 1.44486e+19 57.4431 -13.9511 0 0 0 
15290.1 1.44387e+19 57.4195 -12.9004 0 0 0 
15297.4 1.44288e+19 57.3959 -11.384 0 0 0 
15304.7 1.44189e+19 57.3721 -9.44917 0 0 0 
15312 1.4409e+19 57.3479 -7.15949 0 0 0 
15319.3 1.4399e+19 57.3229 -4.59307 0 0 0 
15326.6 1.43889e+19 57.297 -1.83951 0 0 0 
15333.9 1.43788e+19 57.2702 1.00327 0 0 0 
15341.2 1.43686e+19 57.2426 3.83277 0 0 0 
15348.5 1.43584e+19 57.2142 6.54584 0 0 0 
15355.8 1.43482e+19 57.1855 9.04265 0 0 0 
15363.1 1.43379e+19 57.1567 11.2307 0 0 0 
15370.4 1.43277e+19 57.1281 13.0283 0 0 0 
15377.7 1.43176e+19 57.1001 14.3683 0 0 0 
15385 1.43075e+19 57.0728 15.2002 0 0 0 
15392.4 1.42975e+19 57.0464 15.4929 0 0 0 
15399.7 1.42876e+19 57.0209 15.2353 0 0 0 
15407 1.42777e+19 56.9963 14.4376 0 0 0 
15414.3 1.42679e+19 56.9724 13.1302 0 0 0 
15421.6 1.42582e+19 56.949 11.3629 0 0 0 
15428.9 1.42484e+19 56.9257 9.20271 0 0 0 
15436.2 1.42387e+19 56.9021 6.73146 0 0 0 
15443.5 1.42289e+19 56.8781 4.04212 0 0 0 
15450.9 1.42191e+19 56.8534 1.2352 0 0 0 
15458.2 1.42092e+19 56.8278 -1.58528 0 0 0 
15465.5 1.41992e+19 56.8013 -4.316 0 0 0 
15472.8 1.41892e+19 56.7739 -6.85843 0 0 0 
15480.1 1.41792e+19 56.7459 -9.12265 0 0 0 
15487.5 1.41691e+19 56.7176 -11.0308 0 0 0 
15494.8 1.41591e+19 56.6891 -12.5201 0 0 0 
15502.1 1.4149e+19 56.6608 -13.5446 0 0 0 
15509.4 1.41391e+19 56.6331 -14.0773 0 0 0 
15516.8 1.41292e+19 56.6061 -14.1101 0 0 0 
15524.1 1.41193e+19 56.58 -13.654 0 0 0 
15531.4 1.41096e+19 56.5549 -12.7381 0 0 0 
15538.8 1.40999e+19 56.5306 -11.4077 0 0 0 
15546.1 1.40903e+19 56.5069 -9.72216 0 0 0 
15553.4 1.40807e+19 56.4837 -7.7518 0 0 0 
15560.7 1.40711e+19 56.4606 -5.57505 0 0 0 
15568.1 1.40615e+19 56.4373 -3.27488 0 0 0 
15575.4 1.40519e+19 56.4135 -0.935409 0 0 0 
15582.8 1.40422e+19 56.389 1.36138 0 0 0 
15590.1 1.40325e+19 56.3636 3.53867 0 0 0 
15597.4 1.40227e+19 56.3373 5.52748 0 0 0 
15604.8 1.40129e+19 56.3103 7.26883 0 0 0 
15612.1 1.4003e+19 56.2826 8.7154 0 0 0 
15619.5 1.39931e+19 56.2545 9.83256 0 0 0 
15626.8 1.39832e+19 56.2263 10.5988 0 0 0 
15634.1 1.39733e+19 56.1984 11.0059 0 0 0 
15641.5 1.39635e+19 56.1711 11.0578 0 0 0 
15648.8 1.39538e+19 56.1444 10.7701 0 0 0 
15656.2 1.39441e+19 56.1187 10.1684 0 0 0 
15663.5 1.39345e+19 56.0939 9.28663 0 0 0 
15670.9 1.3925e+19 56.0698 8.16518 0 0 0 
15678.2 1.39156e+19 56.0465 6.84922 0 0 0 
15685.6 1.39061e+19 56.0235 5.38662 0 0 0 
15692.9 1.38967e+19 56.0006 3.82633 0 0 0 
15700.3 1.38873e+19 55.9775 2.21667 0 0 0 
15707.6 1.38778e+19 55.9539 0.604056 0 0 0 
15715 1.38683e+19 55.9295 -0.96823 0 0 0 
15722.4 1.38587e+19 55.9043 -2.46087 0 0 0 
15729.7 1.38491e+19 55.8783 -3.83917 0 0 0 
15737.1 1.38394e+19 55.8515 -5.07347 0 0 0 
15744.4 1.38297e+19 55.824 -6.13934 0 0 0 
15751.8 1.382e+19 55.7963 -7.0176 0 0 0 
15759.2 1.38103e+19 55.7685 -7.69428 0 0 0 
15766.5 1.38006e+19 55.7409 -8.16033 0 0 0 
15773.9 1.37909e+19 55.7139 -8.41145 0 0 0 
15781.3 1.37814e+19 55.6877 -8.44777 0 0 0 
15788.6 1.37719e+19 55.6623 -8.27355 0 0 0 
15796 1.37624e+19 55.6378 -7.89692 0 0 0 
15803.4 1.37531e+19 55.6141 -7.32959 0 0 0 
15810.7 1.37438e+19 55.591 -6.58662 0 0 0 
15818.1 1.37345e+19 55.5683 -5.68617 0 0 0 
15825.5 1.37252e+19 55.5456 -4.64925 0 0 0 
15832.9 1.3716e+19 55.5226 -3.49949 0 0 0 
15840.2 1.37067e+19 55.4991 -2.26287 0 0 0 
15847.6 1.36973e+19 55.475 -0.967366 0 0 0 
15855 1.36879e+19 55.4499 0.357392 0 0 0 
15862.4 1.36784e+19 55.424 1.68057 0 0 0 
15869.8 1.36689e+19 55.3974 2.97063 0 0 0 
15877.1 1.36593e+19 55.3703 4.1959 0 0 0 
15884.5 1.36497e+19 55.3428 5.32524 0 0 0 
15891.9 1.36402e+19 55.3153 6.32869 0 0 0 
15899.3 1.36307e+19 55.2882 7.17825 0 0 0 
15906.7 1.36212e+19 55.2616 7.84863 0 0 0 
15914.1 1.36118e+19 55.2357 8.31798 0 0 0 
15921.4 1.36025e+19 55.2108 8.5687 0 0 0 
15928.8 1.35932e+19 55.1866 8.58807 0 0 0 
15936.2 1.3584e+19 55.1633 8.36895 0 0 0 
15943.6 1.35749e+19 55.1405 7.91021 0 0 0 
15951 1.35657e+19 55.118 7.21724 0 0 0 
15958.4 1.35566e+19 55.0954 6.30211 0 0 0 
15965.8 1.35475e+19 55.0726 5.18369 0 0 0 
15973.2 1.35383e+19 55.0493 3.8875 0 0 0 
15980.6 1.35291e+19 55.0252 2.4454 0 0 0 
15988 1.35198e+19 55.0003 0.894981 0 0 0 
15995.4 1.35105e+19 54.9745 -0.721156 0 0 0 
16002.8 1.35011e+19 54.9481 -2.35646 0 0 0 
16010.2 1.34917e+19 54.9212 -3.96163 0 0 0 
16017.6 1.34823e+19 54.894 -5.48603 0 0 0 
16025 1.34729e+19 54.8669 -6.87924 0 0 0 
16032.4 1.34635e+19 54.8402 -8.09275 0 0 0 
16039.8 1.34542e+19 54.814 -9.08164 0 0 0 
16047.2 1.3445e+19 54.7886 -9.80639 0 0 0 
16054.6 1.34358e+19 54.764 -10.2345 0 0 0 
16062 1.34267e+19 54.7403 -10.3419 0 0 0 
16069.4 1.34177e+19 54.7173 -10.1144 0 0 0 
16076.8 1.34087e+19 54.6947 -9.54884 0 0 0 
16084.2 1.33997e+19 54.6724 -8.65332 0 0 0 
16091.7 1.33907e+19 54.6501 -7.44789 0 0 0 
16099.1 1.33818e+19 54.6274 -5.96422 0 0 0 
16106.5 1.33727e+19 54.6041 -4.24501 0 0 0 
16113.9 1.33636e+19 54.5801 -2.3429 0 0 0 
16121.3 1.33545e+19 54.5553 -0.318953 0 0 0 
16128.7 1.33453e+19 54.5297 1.75927 0 0 0 
16136.2 1.33361e+19 54.5034 3.81999 0 0 0 
16143.6 1.33268e+19 54.4767 5.7898 0 0 0 
16151 1.33176e+19 54.4499 7.5963 0 0 0 
16158.4 1.33083e+19 54.4231 9.17095 0 0 0 
16165.9 1.32991e+19 54.3968 10.4518 0 0 0 
16173.3 1.329e+19 54.3711 11.3861 0 0 0 
16180.7 1.32809e+19 54.3461 11.9325 0 0 0 
16188.1 1.32719e+19 54.322 12.0631 0 0 0 
16195.6 1.3263e+19 54.2987 11.7649 0 0 0 
16203 1.32541e+19 54.276 11.0407 0 0 0 
16210.4 1.32453e+19 54.2538 9.90933 0 0 0 
16217.9 1.32364e+19 54.2317 8.40533 0 0 0 
16225.3 1.32276e+19 54.2095 6.57812 0 0 0 
16232.7 1.32187e+19 54.1869 4.49032 0 0 0 
16240.2 1.32098e+19 54.1636 2.21562 0 0 0 
16247.6 1.32009e+19 54.1397 -0.163842 0 0 0 
16255 1.31919e+19 54.1149 -2.56053 0 0 0 
16262.5 1.31828e+19 54.0894 -4.8848 0 0 0 
16269.9 1.31737e+19 54.0633 -7.04842 0 0 0 
16277.4 1.31646e+19 54.0368 -8.968 0 0 0 
16284.8 1.31555e+19 54.0103 -10.5684 0 0 0 
16292.2 1.31464e+19 53.9839 -11.7859 0 0 0 
16299.7 1.31374e+19 53.958 -12.5708 0 0 0 
16307.1 1.31284e+19 53.9328 -12.8894 0 0 0 
16314.6 1.31195e+19 53.9083 -12.7264 0 0 0 
16322 1.31107e+19 53.8847 -12.0845 0 0 0 
16329.5 1.31019e+19 53.8618 -10.9858 0 0 0 
16336.9 1.30932e+19 53.8394 -9.47016 0 0 0 
16344.4 1.30845e+19 53.8175 -7.59453 0 0 0 
16351.8 1.30758e+19 53.7956 -5.43036 0 0 0 
16359.3 1.30671e+19 53.7735 -3.06108 0 0 0 
16366.7 1.30584e+19 53.7509 -0.578741 0 0 0 
16374.2 1.30496e+19 53.7277 1.91965 0 0 0 
16381.6 1.30407e+19 53.7037 4.33608 0 0 0 
16389.1 1.30319e+19 53.6789 6.57555 0 0 0 
16396.6 1.30229e+19 53.6535 8.55002 0 0 0 
16404 1.3014e+19 53.6276 10.1821 0 0 0 
16411.5 1.3005e+19 53.6014 11.4083 0 0 0 
16418.9 1.29961e+19 53.5751 12.1817 0 0 0 
16426.4 1.29872e+19 53.5492 12.4741 0 0 0 
16433.9 1.29783e+19 53.5238 12.2769 0 0 0 
16441.3 1.29695e+19 53.4991 11.6019 0 0 0 
16448.8 1.29607e+19 53.4751 10.4802 0 0 0 
16456.3 1.29521e+19 53.452 8.96154 0 0 0 
16463.7 1.29434e+19 53.4295 7.11153 0 0 0 
16471.2 1.29349e+19 53.4075 5.00906 0 0 0 
16478.7 1.29263e+19 53.3858 2.74278 0 0 0 
16486.2 1.29177e+19 53.364 0.407236 0 0 0 
16493.6 1.29092e+19 53.342 -1.90123 0 0 0 
16501.1 1.29006e+19 53.3194 -4.08869 0 0 0 
16508.6 1.28919e+19 53.2961 -6.06764 0 0 0 
16516.1 1.28832e+19 53.2721 -7.76072 0 0 0 
16523.5 1.28744e+19 53.2474 -9.10399 0 0 0 
16531 1.28656e+19 53.222 -10.0495 0 0 0 
16538.5 1.28568e+19 53.1963 -10.5671 0 0 0 
16546 1.2848e+19 53.1703 -10.6456 0 0 0 
16553.5 1.28392e+19 53.1445 -10.2929 0 0 0 
16560.9 1.28304e+19 53.119 -9.53506 0 0 0 
16568.4 1.28217e+19 53.0941 -8.4151 0 0 0 
16575.9 1.28131e+19 53.0699 -6.99054 0 0 0 
16583.4 1.28045e+19 53.0465 -5.33056 0 0 0 
16590.9 1.2796e+19 53.0238 -3.51262 0 0 0 
16598.4 1.27875e+19 53.0018 -1.6188 0 0 0 
16605.9 1.27791e+19 52.9801 0.268072 0 0 0 
16613.4 1.27707e+19 52.9586 2.06811 0 0 0 
16620.8 1.27622e+19 52.9369 3.70794 0 0 0 
16628.3 1.27538e+19 52.9149 5.12388 0 0 0 
16635.8 1.27453e+19 52.8923 6.26446 0 0 0 
16643.3 1.27367e+19 52.8689 7.09247 0 0 0 
16650.8 1.27281e+19 52.8449 7.58611 0 0 0 
16658.3 1.27195e+19 52.8201 7.7395 0 0 0 
16665.8 1.27108e+19 52.7949 7.56236 0 0 0 
16673.3 1.27022e+19 52.7693 7.07891 0 0 0 
16680.8 1.26935e+19 52.7437 6.32624 0 0 0 
16688.3 1.26848e+19 52.7182 5.35197 0 0 0 
16695.8 1.26762e+19 52.6933 4.21158 0 0 0 
16703.3 1.26677e+19 52.6689 2.96541 0 0 0 
16710.8 1.26592e+19 52.6453 1.67555 0 0 0 
16718.4 1.26508e+19 52.6224 0.402807 0 0 0 
16725.9 1.26424e+19 52.6002 -0.796242 0 0 0 
16733.4 1.26341e+19 52.5785 -1.87176 0 0 0 
16740.9 1.26258e+19 52.5571 -2.78275 0 0 0 
16748.4 1.26175e+19 52.5357 -3.49867 0 0 0 
16755.9 1.26092e+19 52.5141 -4.00036 0 0 0 
16763.4 1.26008e+19 52.4921 -4.28043 0 0 0 
16770.9 1.25925e+19 52.4694 -4.34295 0 0 0 
16778.5 1.2584e+19 52.4459 -4.20263 0 0 0 
16786 1.25755e+19 52.4218 -3.88349 0 0 0 
16793.5 1.2567e+19 52.3971 -3.41701 0 0 0 
16801 1.25585e+19 52.372 -2.84012 0 0 0 
16808.5 1.25499e+19 52.3466 -2.19285 0 0 0 
16816.1 1.25414e+19 52.3214 -1.51607 0 0 0 
16823.6 1.25329e+19 52.2964 -0.849171 0 0 0 
16831.1 1.25245e+19 52.272 -0.227982 0 0 0 
16838.6 1.25161e+19 52.2482 0.316996 0 0 0 
16846.1 1.25078e+19 52.2252 0.762033 0 0 0 
16853.7 1.24995e+19 52.2028 1.09115 0 0 0 
16861.2 1.24913e+19 52.1811 1.2966 0 0 0 
16868.7 1.24831e+19 52.1597 1.37895 0 0 0 
16876.3 1.24749e+19 52.1385 1.34655 0 0 0 
16883.8 1.24668e+19 52.1172 1.21471 0 0 0 
16891.3 1.24586e+19 52.0956 1.00437 0 0 0 
16898.9 1.24503e+19 52.0734 0.740624 0 0 0 
16906.4 1.2442e+19 52.0506 0.450905 0 0 0 
16913.9 1.24337e+19 52.0271 0.163154 0 0 0 
16921.5 1.24253e+19 52.0029 -0.0960219 0 0 0 
16929 1.2417e+19 51.9782 -0.303076 0 0 0 
16936.6 1.24085e+19 51.9533 -0.439035 0 0 0 
16944.1 1.24001e+19 51.9282 -0.490709 0 0 0 
16951.6 1.23918e+19 51.9034 -0.451534 0 0 0 
16959.2 1.23834e+19 51.8789 -0.321993 0 0 0 
16966.7 1.23751e+19 51.8551 -0.109596 0 0 0 
16974.3 1.23669e+19 51.8319 0.17159 0 0 0 
16981.8 1.23587e+19 51.8095 0.501826 0 0 0 
16989.4 1.23506e+19 51.7876 0.856963 0 0 0 
16996.9 1.23426e+19 51.7663 1.21 0 0 0 
17004.5 1.23345e+19 51.7452 1.53283 0 0 0 
17012 1.23264e+19 51.7241 1.79817 0 0 0 
17019.6 1.23184e+19 51.7028 1.98135 0 0 0 
17027.1 1.23103e+19 51.6811 2.06208 0 0 0 
17034.7 1.23022e+19 51.6588 2.02596 0 0 0 
17042.2 1.2294e+19 51.6358 1.86563 0 0 0 
17049.8 1.22858e+19 51.6122 1.58153 0 0 0 
17057.3 1.22775e+19 51.588 1.18215 0 0 0 
17064.9 1.22692e+19 51.5635 0.683796 0 0 0 
17072.5 1.22609e+19 51.5387 0.109885 0 0 0 
17080 1.22527e+19 51.5141 -0.510306 0 0 0 
17087.6 1.22445e+19 51.4897 -1.14324 0 0 0 
17095.2 1.22363e+19 51.4659 -1.75309 0 0 0 
17102.7 1.22282e+19 51.4426 -2.30386 0 0 0 
17110.3 1.22201e+19 51.4201 -2.76162 0 0 0 
17117.9 1.22121e+19 51.3982 -3.09669 0 0 0 
17125.4 1.22041e+19 51.3768 -3.28559 0 0 0 
17133 1.21962e+19 51.3558 -3.31266 0 0 0 
17140.6 1.21882e+19 51.3349 -3.17129 0 0 0 
17148.1 1.21803e+19 51.3139 -2.86453 0 0 0 
17155.7 1.21723e+19 51.2925 -2.40521 0 0 0 
17163.3 1.21643e+19 51.2706 -1.81534 0 0 0 
17170.9 1.21563e+19 51.2482 -1.12508 0 0 0 
17178.4 1.21482e+19 51.2251 -0.370998 0 0 0 
17186 1.21401e+19 51.2014 0.40595 0 0 0 
17193.6 1.2132e+19 51.1772 1.16286 0 0 0 
17201.2 1.21238e+19 51.1528 1.85743 0 0 0 
17208.7 1.21157e+19 51.1284 2.45056 0 0 0 
17216.3 1.21075e+19 51.1042 2.90875 0 0 0 
17223.9 1.20995e+19 51.0804 3.20622 0 0 0 
17231.5 1.20915e+19 51.0571 3.32659 0 0 0 
17239.1 1.20835e+19 51.0345 3.26395 0 0 0 
17246.7 1.20756e+19 51.0126 3.02333 0 0 0 
17254.3 1.20677e+19 50.9912 2.62046 0 0 0 
17261.8 1.20599e+19 50.9702 2.08089 0 0 0 
17269.4 1.2052e+19 50.9494 1.43845 0 0 0 
17277 1.20442e+19 50.9286 0.733189 0 0 0 
17284.6 1.20364e+19 50.9075 0.00889595 0 0 0 
17292.2 1.20285e+19 50.8861 -0.689624 0 0 0 
17299.8 1.20206e+19 50.864 -1.31937 0 0 0 
17307.4 1.20127e+19 50.8414 -1.84185 0 0 0 
17315 1.20047e+19 50.8182 -2.22558 0 0 0 
17322.6 1.19967e+19 50.7945 -2.44805 0 0 0 
17330.2 1.19887e+19 50.7704 -2.49722 0 0 0 
17337.8 1.19806e+19 50.7463 -2.37234 0 0 0 
17345.4 1.19726e+19 50.7223 -2.084 0 0 0 
17353 1.19647e+19 50.6986 -1.65352 0 0 0 
17360.6 1.19568e+19 50.6754 -1.11164 0 0 0 
17368.2 1.19489e+19 50.6528 -0.49653 0 0 0 
17375.8 1.19411e+19 50.6308 0.148581 0 0 0 
17383.4 1.19333e+19 50.6093 0.778204 0 0 0 
17391 1.19256e+19 50.5884 1.34752 0 0 0 
17398.6 1.19179e+19 50.5677 1.81528 0 0 0 
17406.2 1.19102e+19 50.547 2.14655 0 0 0 
17413.9 1.19024e+19 50.5262 2.315 0 0 0 
17421.5 1.18947e+19 50.5051 2.30479 0 0 0 
17429.1 1.18869e+19 50.4834 2.11165 0 0 0 
17436.7 1.18791e+19 50.4612 1.7434 0 0 0 
17444.3 1.18713e+19 50.4384 1.21962 0 0 0 
17451.9 1.18634e+19 50.4151 0.570631 0 0 0 
17459.5 1.18555e+19 50.3915 -0.164275 0 0 0 
17467.2 1.18476e+19 50.3677 -0.939089 0 0 0 
17474.8 1.18397e+19 50.3439 -1.70385 0 0 0 
17482.4 1.18319e+19 50.3204 -2.40769 0 0 0 
17490 1.1824e+19 50.2972 -3.00193 0 0 0 
17497.7 1.18163e+19 50.2747 -3.44313 0 0 0 
17505.3 1.18086e+19 50.2527 -3.69588 0 0 0 
17512.9 1.18009e+19 50.2312 -3.73512 0 0 0 
17520.5 1.17933e+19 50.2103 -3.54784 0 0 0 
17528.2 1.17856e+19 50.1896 -3.13423 0 0 0 
17535.8 1.1778e+19 50.1691 -2.5079 0 0 0 
17543.4 1.17704e+19 50.1485 -1.69546 0 0 0 
17551.1 1.17628e+19 50.1276 -0.735247 0 0 0 
17558.7 1.17552e+19 50.1063 0.324624 0 0 0 
17566.3 1.17475e+19 50.0845 1.42876 0 0 0 
17574 1.17398e+19 50.0621 2.51751 0 0 0 
17581.6 1.1732e+19 50.0392 3.53022 0 0 0 
17589.2 1.17242e+19 50.016 4.40861 0 0 0 
17596.9 1.17165e+19 49.9925 5.10008 0 0 0 
17604.5 1.17087e+19 49.969 5.56074 0 0 0 
17612.2 1.1701e+19 49.9456 5.75799 0 0 0 
17619.8 1.16932e+19 49.9227 5.67247 0 0 0 
17627.4 1.16856e+19 49.9001 5.29944 0 0 0 
17635.1 1.1678e+19 49.8782 4.64917 0 0 0 
17642.7 1.16704e+19 49.8568 3.74671 0 0 0 
17650.4 1.16629e+19 49.8358 2.63076 0 0 0 
17658 1.16553e+19 49.8152 1.35179 0 0 0 
17665.7 1.16479e+19 49.7948 -0.0304743 0 0 0 
17673.3 1.16404e+19 49.7743 -1.45004 0 0 0 
17681 1.16328e+19 49.7537 -2.83806 0 0 0 
17688.6 1.16253e+19 49.7327 -4.12635 0 0 0 
17696.3 1.16177e+19 49.7112 -5.25089 0 0 0 
17703.9 1.16101e+19 49.6892 -6.15519 0 0 0 
17711.6 1.16025e+19 49.6667 -6.79312 0 0 0 
17719.3 1.15949e+19 49.6439 -7.13134 0 0 0 
17726.9 1.15872e+19 49.6207 -7.15096 0 0 0 
17734.6 1.15796e+19 49.5975 -6.84847 0 0 0 
17742.2 1.15719e+19 49.5744 -6.23589 0 0 0 
17749.9 1.15643e+19 49.5516 -5.3401 0 0 0 
17757.6 1.15568e+19 49.5292 -4.20144 0 0 0 
17765.2 1.15493e+19 49.5072 -2.87158 0 0 0 
17772.9 1.15418e+19 49.4859 -1.4109 0 0 0 
17780.6 1.15343e+19 49.4649 0.114496 0 0 0 
17788.2 1.15269e+19 49.4444 1.63613 0 0 0 
17795.9 1.15195e+19 49.424 3.08642 0 0 0 
17803.6 1.15121e+19 49.4037 4.40188 0 0 0 
17811.2 1.15047e+19 49.3833 5.52607 0 0 0 
17818.9 1.14973e+19 49.3625 6.41213 0 0 0 
17826.6 1.14899e+19 49.3413 7.02465 0 0 0 
17834.2 1.14824e+19 49.3197 7.34115 0 0 0 
17841.9 1.14749e+19 49.2976 7.35264 0 0 0 
17849.6 1.14674e+19 49.2751 7.06376 0 0 0 
17857.3 1.14598e+19 49.2523 6.49206 0 0 0 
17865 1.14523e+19 49.2294 5.66682 0 0 0 
17872.6 1.14448e+19 49.2065 4.62738 0 0 0 
17880.3 1.14373e+19 49.1839 3.42099 0 0 0 
17888 1.14298e+19 49.1616 2.10048 0 0 0 
17895.7 1.14224e+19 49.1398 0.721753 0 0 0 
17903.4 1.1415e+19 49.1184 -0.65875 0 0 0 
17911.1 1.14077e+19 49.0975 -1.98645 0 0 0 
17918.7 1.14004e+19 49.077 -3.21084 0 0 0 
17926.4 1.13931e+19 49.0568 -4.28739 0 0 0 
17934.1 1.13858e+19 49.0366 -5.17912 0 0 0 
17941.8 1.13785e+19 49.0163 -5.85773 0 0 0 
17949.5 1.13712e+19 48.9958 -6.30428 0 0 0 
17957.2 1.13638e+19 48.9749 -6.50955 0 0 0 
17964.9 1.13565e+19 48.9536 -6.47385 0 0 0 
17972.6 1.13491e+19 48.9318 -6.20654 0 0 0 
17980.3 1.13417e+19 48.9097 -5.72523 0 0 0 
17988 1.13343e+19 48.8872 -5.05461 0 0 0 
17995.7 1.13268e+19 48.8646 -4.22524 0 0 0 
18003.4 1.13194e+19 48.842 -3.27199 0 0 0 
18011.1 1.1312e+19 48.8196 -2.23263 0 0 0 
18018.8 1.13047e+19 48.7975 -1.14621 0 0 0 
18026.5 1.12974e+19 48.7757 -0.0516169 0 0 0 
18034.2 1.12901e+19 48.7544 1.01382 0 0 0 
18041.9 1.12828e+19 48.7336 2.01554 0 0 0 
18049.6 1.12756e+19 48.7131 2.92286 0 0 0 
18057.3 1.12684e+19 48.6929 3.70973 0 0 0 
18065 1.12612e+19 48.6728 4.35542 0 0 0 
18072.7 1.1254e+19 48.6527 4.84487 0 0 0 
18080.4 1.12468e+19 48.6324 5.16883 0 0 0 
18088.2 1.12396e+19 48.6118 5.32377 0 0 0 
18095.9 1.12323e+19 48.5908 5.31163 0 0 0 
18103.6 1.12251e+19 48.5694 5.13936 0 0 0 
18111.3 1.12178e+19 48.5476 4.8183 0 0 0 
18119 1.12105e+19 48.5255 4.3635 0 0 0 
18126.7 1.12032e+19 48.5032 3.79299 0 0 0 
18134.5 1.11959e+19 48.4808 3.12693 0 0 0 
18142.2 1.11886e+19 48.4586 2.3869 0 0 0 
18149.9 1.11813e+19 48.4366 1.59516 0 0 0 
18157.6 1.11741e+19 48.415 0.773983 0 0 0 
18165.3 1.11669e+19 48.3938 -0.0548436 0 0 0 
18173.1 1.11598e+19 48.373 -0.870513 0 0 0 
18180.8 1.11526e+19 48.3526 -1.65351 0 0 0 
18188.5 1.11455e+19 48.3324 -2.38583 0 0 0 
18196.3 1.11384e+19 48.3125 -3.05118 0 0 0 
18204 1.11313e+19 48.2925 -3.63499 0 0 0 
18211.7 1.11242e+19 48.2724 -4.12448 0 0 0 
18219.4 1.11171e+19 48.252 -4.50871 0 0 0 
18227.2 1.11099e+19 48.2313 -4.77854 0 0 0 
18234.9 1.11028e+19 48.2102 -4.92672 0 0 0 
18242.6 1.10956e+19 48.1888 -4.948 0 0 0 
18250.4 1.10884e+19 48.167 -4.83923 0 0 0 
18258.1 1.10812e+19 48.145 -4.59958 0 0 0 
18265.9 1.10741e+19 48.1229 -4.23076 0 0 0 
18273.6 1.10669e+19 48.1009 -3.73728 0 0 0 
18281.3 1.10597e+19 48.079 -3.12669 0 0 0 
18289.1 1.10526e+19 48.0575 -2.40977 0 0 0 
18296.8 1.10455e+19 48.0364 -1.60072 0 0 0 
18304.6 1.10384e+19 48.0157 -0.717174 0 0 0 
18312.3 1.10314e+19 47.9953 0.219858 0 0 0 
18320.1 1.10243e+19 47.9753 1.18625 0 0 0 
18327.8 1.10173e+19 47.9554 2.15515 0 0 0 
18335.6 1.10103e+19 47.9356 3.09755 0 0 0 
18343.3 1.10033e+19 47.9157 3.98309 0 0 0 
18351.1 1.09963e+19 47.8956 4.78089 0 0 0 
18358.8 1.09893e+19 47.8752 5.46068 0 0 0 
18366.6 1.09822e+19 47.8544 5.99391 0 0 0 
18374.3 1.09752e+19 47.8332 6.35496 0 0 0 
18382.1 1.09681e+19 47.8117 6.52232 0 0 0 
18389.9 1.0961e+19 47.79 6.47978 0 0 0 
18397.6 1.09539e+19 47.7681 6.21746 0 0 0 
18405.4 1.09469e+19 47.7463 5.73266 0 0 0 
18413.1 1.09398e+19 47.7246 5.03055 0 0 0 
18420.9 1.09328e+19 47.7032 4.12451 0 0 0 
18428.7 1.09258e+19 47.6822 3.03626 0 0 0 
18436.4 1.09188e+19 47.6616 1.79554 0 0 0 
18444.2 1.09118e+19 47.6413 0.43955 0 0 0 
18452 1.09049e+19 47.6214 -0.988026 0 0 0 
18459.7 1.0898e+19 47.6016 -2.43832 0 0 0 
18467.5 1.08911e+19 47.582 -3.85889 0 0 0 
18475.3 1.08842e+19 47.5623 -5.19555 0 0 0 
18483 1.08773e+19 47.5425 -6.39447 0 0 0 
18490.8 1.08703e+19 47.5223 -7.40432 0 0 0 
18498.6 1.08634e+19 47.5018 -8.17851 0 0 0 
18506.4 1.08564e+19 47.4809 -8.67735 0 0 0 
18514.1 1.08495e+19 47.4597 -8.87005 0 0 0 
18521.9 1.08425e+19 47.4382 -8.73644 0 0 0 
18529.7 1.08355e+19 47.4166 -8.2684 0 0 0 
18537.5 1.08285e+19 47.3949 -7.47082 0 0 0 
18545.3 1.08216e+19 47.3734 -6.362 0 0 0 
18553 1.08146e+19 47.3521 -4.9736 0 0 0 
18560.8 1.08077e+19 47.3312 -3.34993 0 0 0 
18568.6 1.08008e+19 47.3106 -1.54664 0 0 0 
18576.4 1.07939e+19 47.2905 0.371071 0 0 0 
18584.2 1.07871e+19 47.2707 2.33085 0 0 0 
18592 1.07803e+19 47.2511 4.25596 0 0 0 
18599.8 1.07735e+19 47.2317 6.06833 0 0 0 
18607.5 1.07667e+19 47.2122 7.6919 0 0 0 
18615.3 1.07599e+19 47.1926 9.0559 0 0 0 
18623.1 1.07531e+19 47.1727 10.0981 0 0 0 
18630.9 1.07462e+19 47.1524 10.7677 0 0 0 
18638.7 1.07394e+19 47.1318 11.0279 0 0 0 
18646.5 1.07325e+19 47.1108 10.8581 0 0 0 
18654.3 1.07256e+19 47.0895 10.2549 0 0 0 
18662.1 1.07187e+19 47.0681 9.23308 0 0 0 
18669.9 1.07118e+19 47.0466 7.82504 0 0 0 
18677.7 1.0705e+19 47.0252 6.08022 0 0 0 
18685.5 1.06981e+19 47.0041 4.06314 0 0 0 
18693.3 1.06913e+19 46.9832 1.85098 0 0 0 
18701.1 1.06845e+19 46.9628 -0.469458 0 0 0 
18708.9 1.06777e+19 46.9428 -2.80533 0 0 0 
18716.7 1.06709e+19 46.9232 -5.06163 0 0 0 
18724.5 1.06642e+19 46.9038 -7.14523 0 0 0 
18732.4 1.06575e+19 46.8846 -8.96892 0 0 0 
18740.2 1.06508e+19 46.8653 -10.4552 0 0 0 
18748 1.06441e+19 46.8459 -11.5398 0 0 0 
18755.8 1.06374e+19 46.8263 -12.1745 0 0 0 
18763.6 1.06307e+19 46.8062 -12.3292 0 0 0 
18771.4 1.06239e+19 46.7858 -11.9938 0 0 0 
18779.2 1.06171e+19 46.765 -11.1782 0 0 0 
18787 1.06104e+19 46.7439 -9.91261 0 0 0 
18794.9 1.06036e+19 46.7226 -8.24589 0 0 0 
18802.7 1.05968e+19 46.7013 -6.24379 0 0 0 
18810.5 1.059e+19 46.68 -3.98618 0 0 0 
18818.3 1.05832e+19 46.659 -1.56373 0 0 0 
18826.2 1.05764e+19 46.6384 0.925961 0 0 0 
18834 1.05697e+19 46.6181 3.38242 0 0 0 
18841.8 1.05631e+19 46.5983 5.70656 0 0 0 
18849.6 1.05564e+19 46.5789 7.80481 0 0 0 
18857.5 1.05498e+19 46.5597 9.59305 0 0 0 
18865.3 1.05432e+19 46.5407 11.0001 0 0 0 
18873.1 1.05366e+19 46.5216 11.9705 0 0 0 
18880.9 1.053e+19 46.5025 12.467 0 0 0 
18888.8 1.05234e+19 46.483 12.4718 0 0 0 
18896.6 1.05167e+19 46.4632 11.9873 0 0 0 
18904.5 1.05101e+19 46.4429 11.0354 0 0 0 
18912.3 1.05034e+19 46.4223 9.65729 0 0 0 
18920.1 1.04967e+19 46.4013 7.91065 0 0 0 
18928 1.049e+19 46.3802 5.86769 0 0 0 
18935.8 1.04832e+19 46.359 3.61182 0 0 0 
18943.6 1.04765e+19 46.3379 1.23414 0 0 0 
18951.5 1.04699e+19 46.317 -1.17041 0 0 0 
18959.3 1.04632e+19 46.2966 -3.50694 0 0 0 
18967.2 1.04566e+19 46.2765 -5.68446 0 0 0 
18975 1.045e+19 46.2569 -7.61958 0 0 0 
18982.9 1.04434e+19 46.2377 -9.2397 0 0 0 
18990.7 1.04369e+19 46.2187 -10.4858 0 0 0 
18998.6 1.04304e+19 46.1999 -11.3146 0 0 0 
19006.4 1.04239e+19 46.1811 -11.7001 0 0 0 
19014.3 1.04174e+19 46.1621 -11.634 0 0 0 
19022.1 1.04109e+19 46.1428 -11.1261 0 0 0 
19030 1.04043e+19 46.1231 -10.2035 0 0 0 
19037.8 1.03978e+19 46.103 -8.90861 0 0 0 
19045.7 1.03912e+19 46.0825 -7.29795 0 0 0 
19053.5 1.03845e+19 46.0617 -5.43903 0 0 0 
19061.4 1.03779e+19 46.0406 -3.40757 0 0 0 
19069.3 1.03713e+19 46.0196 -1.28436 0 0 0 
19077.1 1.03647e+19 45.9987 0.84813 0 0 0 
19085 1.03581e+19 45.978 2.90903 0 0 0 
19092.8 1.03515e+19 45.9578 4.82219 0 0 0 
19100.7 1.0345e+19 45.938 6.51908 0 0 0 
19108.6 1.03385e+19 45.9186 7.94125 0 0 0 
19116.4 1.0332e+19 45.8996 9.0423 0 0 0 
19124.3 1.03256e+19 45.8809 9.78933 0 0 0 
19132.2 1.03192e+19 45.8623 10.1638 0 0 0 
19140 1.03128e+19 45.8437 10.1618 0 0 0 
19147.9 1.03064e+19 45.8249 9.79369 0 0 0 
19155.8 1.02999e+19 45.8057 9.08301 0 0 0 
19163.7 1.02935e+19 45.7861 8.0654 0 0 0 
19171.5 1.0287e+19 45.7661 6.78653 0 0 0 
19179.4 1.02805e+19 45.7457 5.30005 0 0 0 
19187.3 1.02739e+19 45.7249 3.6652 0 0 0 
19195.2 1.02674e+19 45.704 1.94436 0 0 0 
19203.1 1.02608e+19 45.6831 0.200554 0 0 0 
19210.9 1.02543e+19 45.6624 -1.5049 0 0 0 
19218.8 1.02478e+19 45.642 -3.11457 0 0 0 
19226.7 1.02413e+19 45.622 -4.57676 0 0 0 
19234.6 1.02349e+19 45.6025 -5.8471 0 0 0 
19242.5 1.02285e+19 45.5834 -6.8897 0 0 0 
19250.4 1.02222e+19 45.5647 -7.67793 0 0 0 
19258.2 1.02158e+19 45.5462 -8.19476 0 0 0 
19266.1 1.02095e+19 45.5278 -8.4328 0 0 0 
19274 1.02032e+19 45.5094 -8.39389 0 0 0 
19281.9 1.01969e+19 45.4906 -8.08849 0 0 0 
19289.8 1.01905e+19 45.4716 -7.53475 0 0 0 
19297.7 1.01841e+19 45.452 -6.75746 0 0 0 
19305.6 1.01777e+19 45.4321 -5.78686 0 0 0 
19313.5 1.01713e+19 45.4117 -4.65739 0 0 0 
19321.4 1.01648e+19 45.3911 -3.40648 0 0 0 
19329.3 1.01583e+19 45.3703 -2.07335 0 0 0 
19337.2 1.01519e+19 45.3496 -0.697902 0 0 0 
19345.1 1.01455e+19 45.3291 0.680257 0 0 0 
19353 1.01391e+19 45.3089 2.02271 0 0 0 
19360.9 1.01327e+19 45.2892 3.29297 0 0 0 
19368.8 1.01264e+19 45.27 4.45714 0 0 0 
19376.7 1.01201e+19 45.2512 5.48446 0 0 0 
19384.6 1.01138e+19 45.2328 6.34779 0 0 0 
19392.5 1.01076e+19 45.2145 7.02401 0 0 0 
19400.4 1.01013e+19 45.1963 7.49441 0 0 0 
19408.3 1.00951e+19 45.178 7.74506 0 0 0 
19416.3 1.00888e+19 45.1593 7.76708 0 0 0 
19424.2 1.00826e+19 45.1403 7.55701 0 0 0 
19432.1 1.00762e+19 45.1208 7.11705 0 0 0 
19440 1.00699e+19 45.1009 6.45532 0 0 0 
19447.9 1.00635e+19 45.0805 5.58595 0 0 0 
19455.8 1.00572e+19 45.06 4.52916 0 0 0 
19463.8 1.00508e+19 45.0394 3.31119 0 0 0 
19471.7 1.00444e+19 45.0189 1.96396 0 0 0 
19479.6 1.00381e+19 44.9987 0.524679 0 0 0 
19487.5 1.00318e+19 44.9788 -0.964889 0 0 0 
19495.4 1.00255e+19 44.9594 -2.45933 0 0 0 
19503.4 1.00193e+19 44.9405 -3.91075 0 0 0 
19511.3 1.00131e+19 44.922 -5.27013 0 0 0 
19519.2 1.00069e+19 44.9039 -6.48891 0 0 0 
19527.1 1.00008e+19 44.8858 -7.52071 0 0 0 
19535.1 9.99461e+18 44.8677 -8.32311 0 0 0 
19543 9.98845e+18 44.8495 -8.85953 0 0 0 
19550.9 9.98226e+18 44.8309 -9.10091 0 0 0 
19558.9 9.97605e+18 44.8118 -9.0274 0 0 0 
19566.8 9.96981e+18 44.7923 -8.6297 0 0 0 
19574.7 9.96354e+18 44.7724 -7.91009 0 0 0 
19582.7 9.95725e+18 44.7522 -6.88313 0 0 0 
19590.6 9.95095e+18 44.7318 -5.57576 0 0 0 
19598.6 9.94466e+18 44.7114 -4.02702 0 0 0 
19606.5 9.93839e+18 44.6911 -2.28714 0 0 0 
19614.4 9.93214e+18 44.6712 -0.416054 0 0 0 
19622.4 9.92593e+18 44.6517 1.51848 0 0 0 
19630.3 9.91976e+18 44.6326 3.44338 0 0 0 
19638.3 9.91363e+18 44.6141 5.28301 0 0 0 
19646.2 9.90753e+18 44.5959 6.96229 0 0 0 
19654.2 9.90146e+18 44.5779 8.40994 0 0 0 
19662.1 9.89539e+18 44.56 9.5617 0 0 0 
19670.1 9.88931e+18 44.542 10.3634 0 0 0 
19678 9.88322e+18 44.5238 10.7738 0 0 0 
19686 9.87711e+18 44.5052 10.7668 0 0 0 
19693.9 9.87096e+18 44.4861 10.3332 0 0 0 
19701.9 9.86479e+18 44.4667 9.48163 0 0 0 
19709.8 9.85859e+18 44.4468 8.23875 0 0 0 
19717.8 9.85238e+18 44.4266 6.64867 0 0 0 
19725.7 9.84617e+18 44.4064 4.77132 0 0 0 
19733.7 9.83996e+18 44.3862 2.68027 0 0 0 
19741.7 9.83379e+18 44.3662 0.459647 0 0 0 
19749.6 9.82764e+18 44.3466 -1.79942 0 0 0 
19757.6 9.82153e+18 44.3275 -4.00283 0 0 0 
19765.6 9.81546e+18 44.3088 -6.05772 0 0 0 
19773.5 9.80942e+18 44.2905 -7.87673 0 0 0 
19781.5 9.80341e+18 44.2726 -9.38209 0 0 0 
19789.5 9.79741e+18 44.2548 -10.5092 0 0 0 
19797.4 9.79142e+18 44.2371 -11.2098 0 0 0 
19805.4 9.78542e+18 44.2191 -11.4542 0 0 0 
19813.4 9.77939e+18 44.2009 -11.2326 0 0 0 
19821.3 9.77334e+18 44.1822 -10.5555 0 0 0 
19829.3 9.76727e+18 44.1632 -9.45374 0 0 0 
19837.3 9.76116e+18 44.1437 -7.9761 0 0 0 
19845.3 9.75504e+18 44.1239 -6.1876 0 0 0 
19853.2 9.74891e+18 44.1039 -4.16611 0 0 0 
19861.2 9.74278e+18 44.0838 -1.99869 0 0 0 
19869.2 9.73667e+18 44.0639 0.222495 0 0 0 
19877.2 9.73059e+18 44.0443 2.4045 0 0 0 
19885.2 9.72454e+18 44.025 4.4578 0 0 0 
19893.1 9.71853e+18 44.0062 6.30027 0 0 0 
19901.1 9.71255e+18 43.9879 7.86074 0 0 0 
19909.1 9.7066e+18 43.9699 9.08184 0 0 0 
19917.1 9.70068e+18 43.9522 9.92221 0 0 0 
19925.1 9.69476e+18 43.9345 10.3578 0 0 0 
19933.1 9.68883e+18 43.9168 10.3824 0 0 0 
19941.1 9.6829e+18 43.8989 10.007 0 0 0 
19949.1 9.67694e+18 43.8807 9.25899 0 0 0 
19957.1 9.67095e+18 43.862 8.17989 0 0 0 
19965 9.66494e+18 43.8429 6.8231 0 0 0 
19973 9.65891e+18 43.8234 5.25092 0 0 0 
19981 9.65286e+18 43.8037 3.53145 0 0 0 
19989 9.64681e+18 43.7839 1.73537 0 0 0 
19997 9.64078e+18 43.7641 -0.067198 0 0 0 
20005 9.63476e+18 43.7444 -1.80955 0 0 0 
20013 9.62877e+18 43.7252 -3.43094 0 0 0 
20021 9.62282e+18 43.7063 -4.87863 0 0 0 
20029 9.6169e+18 43.6878 -6.10943 0 0 0 
20037.1 9.61101e+18 43.6698 -7.09064 0 0 0 
20045.1 9.60515e+18 43.6521 -7.80054 0 0 0 
20053.1 9.5993e+18 43.6345 -8.22823 0 0 0 
20061.1 9.59345e+18 43.617 -8.37308 0 0 0 
20069.1 9.5876e+18 43.5993 -8.24383 0 0 0 
20077.1 9.58172e+18 43.5814 -7.85735 0 0 0 
20085.1 9.57583e+18 43.5631 -7.23726 0 0 0 
20093.1 9.56991e+18 43.5444 -6.41241 0 0 0 
20101.1 9.56396e+18 43.5253 -5.41546 0 0 0 
20109.1 9.558e+18 43.5059 -4.28148 0 0 0 
20117.2 9.55204e+18 43.4863 -3.04671 0 0 0 
20125.2 9.54608e+18 43.4667 -1.74755 0 0 0 
20133.2 9.54013e+18 43.4471 -0.41975 0 0 0 
20141.2 9.5342e+18 43.4278 0.902223 0 0 0 
20149.2 9.52831e+18 43.4089 2.18556 0 0 0 
20157.3 9.52245e+18 43.3904 3.39938 0 0 0 
20165.3 9.51662e+18 43.3723 4.51485 0 0 0 
20173.3 9.51082e+18 43.3545 5.5053 0 0 0 
20181.3 9.50503e+18 43.337 6.34629 0 0 0 
20189.4 9.49925e+18 43.3196 7.01576 0 0 0 
20197.4 9.49347e+18 43.3021 7.49423 0 0 0 
20205.4 9.48768e+18 43.2844 7.76522 0 0 0 
20213.5 9.48187e+18 43.2665 7.81569 0 0 0 
20221.5 9.47604e+18 43.2482 7.63665 0 0 0 
20229.5 9.47019e+18 43.2294 7.22394 0 0 0 
20237.6 9.46431e+18 43.2104 6.57891 0 0 0 
20245.6 9.45843e+18 43.1911 5.70925 0 0 0 
20253.6 9.45255e+18 43.1716 4.62962 0 0 0 
20261.7 9.44667e+18 43.1522 3.36221 0 0 0 
20269.7 9.44081e+18 43.133 1.93696 0 0 0 
20277.8 9.43498e+18 43.114 0.391512 0 0 0 
20285.8 9.42918e+18 43.0954 -1.22918 0 0 0 
20293.8 9.4234e+18 43.0773 -2.87376 0 0 0 
20301.9 9.41766e+18 43.0594 -4.48576 0 0 0 
20309.9 9.41193e+18 43.0419 -6.00539 0 0 0 
20318 9.40622e+18 43.0246 -7.37163 0 0 0 
20326 9.40051e+18 43.0072 -8.52477 0 0 0 
20334.1 9.3948e+18 42.9898 -9.40914 0 0 0 
20342.1 9.38907e+18 42.9722 -9.97587 0 0 0 
20350.2 9.38333e+18 42.9542 -10.1857 0 0 0 
20358.2 9.37756e+18 42.9358 -10.0117 0 0 0 
20366.3 9.37177e+18 42.9171 -9.44125 0 0 0 
20374.3 9.36598e+18 42.8981 -8.47778 0 0 0 
20382.4 9.36017e+18 42.879 -7.14193 0 0 0 
20390.5 9.35437e+18 42.8597 -5.47169 0 0 0 
20398.5 9.34858e+18 42.8406 -3.5218 0 0 0 
20406.6 9.34281e+18 42.8216 -1.36224 0 0 0 
20414.6 9.33706e+18 42.803 0.924163 0 0 0 
20422.7 9.33134e+18 42.7847 3.24487 0 0 0 
20430.8 9.32565e+18 42.7668 5.50155 0 0 0 
20438.8 9.31999e+18 42.7493 7.59443 0 0 0 
20446.9 9.31434e+18 42.732 9.42704 0 0 0 
20455 9.3087e+18 42.7148 10.9109 0 0 0 
20463 9.30306e+18 42.6975 11.9703 0 0 0 
20471.1 9.29741e+18 42.6802 12.5463 0 0 0 
20479.2 9.29175e+18 42.6625 12.6001 0 0 0 
20487.2 9.28607e+18 42.6445 12.1161 0 0 0 
20495.3 9.28037e+18 42.6262 11.1029 0 0 0 
20503.4 9.27465e+18 42.6075 9.59396 0 0 0 
20511.5 9.26893e+18 42.5886 7.64653 0 0 0 
20519.6 9.2632e+18 42.5695 5.33956 0 0 0 
20527.6 9.25748e+18 42.5505 2.77039 0 0 0 
20535.7 9.25177e+18 42.5316 0.050348 0 0 0 
20543.8 9.24608e+18 42.5129 -2.70033 0 0 0 
20551.9 9.24042e+18 42.4946 -5.35824 0 0 0 
20560 9.23478e+18 42.4767 -7.80275 0 0 0 
20568 9.22917e+18 42.4591 -9.92192 0 0 0 
20576.1 9.22358e+18 42.4418 -11.618 0 0 0 
20584.2 9.21801e+18 42.4247 -12.8125 0 0 0 
20592.3 9.21244e+18 42.4076 -13.4498 0 0 0 
20600.4 9.20686e+18 42.3905 -13.5003 0 0 0 
20608.5 9.20128e+18 42.3731 -12.9617 0 0 0 
20616.6 9.19569e+18 42.3554 -11.8593 0 0 0 
20624.7 9.19007e+18 42.3374 -10.2446 0 0 0 
20632.8 9.18444e+18 42.3191 -8.19289 0 0 0 
20640.9 9.1788e+18 42.3004 -5.79934 0 0 0 
20649 9.17314e+18 42.2816 -3.17427 0 0 0 
20657 9.16749e+18 42.2627 -0.437748 0 0 0 
20665.1 9.16185e+18 42.2439 2.28635 0 0 0 
20673.2 9.15622e+18 42.2252 4.87637 0 0 0 
20681.4 9.15061e+18 42.2069 7.21866 0 0 0 
20689.5 9.14503e+18 42.1889 9.21297 0 0 0 
20697.6 9.13947e+18 42.1713 10.777 0 0 0 
20705.7 9.13394e+18 42.154 11.8498 0 0 0 
20713.8 9.12843e+18 42.1369 12.3946 0 0 0 
20721.9 9.12292e+18 42.12 12.3996 0 0 0 
20730 9.11743e+18 42.103 11.8779 0 0 0 
20738.1 9.11192e+18 42.086 10.8665 0 0 0 
20746.2 9.10641e+18 42.0686 9.42344 0 0 0 
20754.3 9.10088e+18 42.0509 7.62443 0 0 0 
20762.4 9.09533e+18 42.0329 5.55879 0 0 0 
20770.5 9.08976e+18 42.0146 3.32462 0 0 0 
20778.7 9.08418e+18 41.996 1.02387 0 0 0 
20786.8 9.0786e+18 41.9772 -1.24263 0 0 0 
20794.9 9.07302e+18 41.9585 -3.37983 0 0 0 
20803 9.06745e+18 41.9398 -5.30264 0 0 0 
20811.1 9.0619e+18 41.9215 -6.93939 0 0 0 
20819.3 9.05637e+18 41.9034 -8.23446 0 0 0 
20827.4 9.05087e+18 41.8858 -9.14998 0 0 0 
20835.5 9.04539e+18 41.8685 -9.66657 0 0 0 
20843.6 9.03994e+18 41.8515 -9.7831 0 0 0 
20851.8 9.0345e+18 41.8347 -9.5156 0 0 0 
20859.9 9.02907e+18 41.8179 -8.89539 0 0 0 
20868 9.02365e+18 41.8011 -7.9666 0 0 0 
20876.2 9.01821e+18 41.784 -6.78327 0 0 0 
20884.3 9.01276e+18 41.7667 -5.40612 0 0 0 
20892.4 9.00729e+18 41.749 -3.89938 0 0 0 
20900.6 9.0018e+18 41.7309 -2.32765 0 0 0 
20908.7 8.9963e+18 41.7125 -0.75302 0 0 0 
20916.8 8.99078e+18 41.6939 0.76734 0 0 0 
20925 8.98527e+18 41.6753 2.18316 0 0 0 
20933.1 8.97976e+18 41.6567 3.45247 0 0 0 
20941.2 8.97426e+18 41.6383 4.54244 0 0 0 
20949.4 8.96878e+18 41.6203 5.42965 0 0 0 
20957.5 8.96334e+18 41.6026 6.09992 0 0 0 
20965.7 8.95792e+18 41.5853 6.54765 0 0 0 
20973.8 8.95252e+18 41.5684 6.77488 0 0 0 
20982 8.94715e+18 41.5517 6.7901 0 0 0 
20990.1 8.94179e+18 41.5351 6.60699 0 0 0 
20998.3 8.93644e+18 41.5185 6.24314 0 0 0 
21006.4 8.93108e+18 41.5017 5.71879 0 0 0 
21014.6 8.92571e+18 41.4847 5.05585 0 0 0 
21022.7 8.92032e+18 41.4672 4.27701 0 0 0 
21030.9 8.91491e+18 41.4494 3.40513 0 0 0 
21039 8.90947e+18 41.4313 2.46285 0 0 0 
21047.2 8.90403e+18 41.4129 1.47242 0 0 0 
21055.3 8.89857e+18 41.3943 0.455719 0 0 0 
21063.5 8.89312e+18 41.3758 -0.565696 0 0 0 
21071.7 8.88768e+18 41.3574 -1.57037 0 0 0 
21079.8 8.88226e+18 41.3394 -2.53681 0 0 0 
21088 8.87686e+18 41.3217 -3.44339 0 0 0 
21096.1 8.8715e+18 41.3044 -4.26841 0 0 0 
21104.3 8.86617e+18 41.2875 -4.99025 0 0 0 
21112.5 8.86086e+18 41.2709 -5.58777 0 0 0 
21120.6 8.85557e+18 41.2545 -6.04083 0 0 0 
21128.8 8.85029e+18 41.2381 -6.33108 0 0 0 
21137 8.845e+18 41.2216 -6.44276 0 0 0 
21145.2 8.83971e+18 41.2048 -6.36368 0 0 0 
21153.3 8.83439e+18 41.1877 -6.08619 0 0 0 
21161.5 8.82905e+18 41.1701 -5.60811 0 0 0 
21169.7 8.82369e+18 41.1522 -4.93355 0 0 0 
21177.9 8.81831e+18 41.134 -4.07351 0 0 0 
21186 8.81291e+18 41.1155 -3.04628 0 0 0 
21194.2 8.80752e+18 41.0971 -1.8775 0 0 0 
21202.4 8.80213e+18 41.0787 -0.599838 0 0 0 
21210.6 8.79677e+18 41.0607 0.747613 0 0 0 
21218.7 8.79143e+18 41.043 2.1204 0 0 0 
21226.9 8.78612e+18 41.0258 3.47009 0 0 0 
21235.1 8.78085e+18 41.0089 4.74595 0 0 0 
21243.3 8.7756e+18 40.9925 5.89691 0 0 0 
21251.5 8.77038e+18 40.9762 6.8737 0 0 0 
21259.7 8.76517e+18 40.96 7.63102 0 0 0 
21267.9 8.75996e+18 40.9438 8.12981 0 0 0 
21276.1 8.75474e+18 40.9272 8.33925 0 0 0 
21284.3 8.74949e+18 40.9103 8.23865 0 0 0 
21292.4 8.74422e+18 40.893 7.81888 0 0 0 
21300.6 8.73893e+18 40.8753 7.08352 0 0 0 
21308.8 8.73361e+18 40.8572 6.04934 0 0 0 
21317 8.72828e+18 40.8389 4.74628 0 0 0 
21325.2 8.72294e+18 40.8205 3.21687 0 0 0 
21333.4 8.71761e+18 40.8022 1.51495 0 0 0 
21341.6 8.7123e+18 40.7842 -0.296148 0 0 0 
21349.8 8.70702e+18 40.7665 -2.14593 0 0 0 
21358 8.70177e+18 40.7493 -3.95958 0 0 0 
21366.2 8.69656e+18 40.7326 -5.66103 0 0 0 
21374.4 8.69137e+18 40.7162 -7.17636 0 0 0 
21382.7 8.68622e+18 40.7001 -8.43713 0 0 0 
21390.9 8.68108e+18 40.6842 -9.38365 0 0 0 
21399.1 8.67593e+18 40.6681 -9.96798 0 0 0 
21407.3 8.67078e+18 40.6518 -10.1565 0 0 0 
21415.5 8.66561e+18 40.6351 -9.93169 0 0 0 
21423.7 8.66041e+18 40.618 -9.29381 0 0 0 
21431.9 8.65518e+18 40.6005 -8.26098 0 0 0 
21440.1 8.64992e+18 40.5825 -6.86907 0 0 0 
21448.3 8.64465e+18 40.5643 -5.17043 0 0 0 
21456.6 8.63937e+18 40.546 -3.23193 0 0 0 
21464.8 8.63409e+18 40.5278 -1.13224 0 0 0 
21473 8.62884e+18 40.5098 1.04155 0 0 0 
21481.2 8.62361e+18 40.4922 3.1977 0 0 0 
21489.5 8.61842e+18 40.4751 5.24396 0 0 0 
21497.7 8.61327e+18 40.4584 7.09173 0 0 0 
21505.9 8.60815e+18 40.4422 8.66015 0 0 0 
21514.1 8.60306e+18 40.4263 9.87985 0 0 0 
21522.4 8.59799e+18 40.4105 10.6963 0 0 0 
21530.6 8.59291e+18 40.3946 11.0721 0 0 0 
21538.8 8.58783e+18 40.3785 10.9892 0 0 0 
21547 8.58272e+18 40.3621 10.4495 0 0 0 
21555.3 8.57758e+18 40.3451 9.47484 0 0 0 
21563.5 8.57242e+18 40.3277 8.10607 0 0 0 
21571.7 8.56722e+18 40.3099 6.40113 0 0 0 
21580 8.56201e+18 40.2918 4.43247 0 0 0 
21588.2 8.55678e+18 40.2736 2.28366 0 0 0 
21596.5 8.55157e+18 40.2554 0.0456239 0 0 0 
21604.7 8.54637e+18 40.2375 -2.18746 0 0 0 
21612.9 8.5412e+18 40.22 -4.32237 0 0 0 
21621.2 8.53607e+18 40.203 -6.27089 0 0 0 
21629.4 8.53098e+18 40.1865 -7.95368 0 0 0 
21637.7 8.52592e+18 40.1704 -9.30352 0 0 0 
21645.9 8.5209e+18 40.1546 -10.2681 0 0 0 
21654.2 8.51588e+18 40.139 -10.8118 0 0 0 
21662.4 8.51088e+18 40.1233 -10.9174 0 0 0 
21670.7 8.50586e+18 40.1074 -10.5857 0 0 0 
21678.9 8.50081e+18 40.0911 -9.83574 0 0 0 
21687.2 8.49574e+18 40.0744 -8.70312 0 0 0 
21695.4 8.49063e+18 40.0571 -7.23844 0 0 0 
21703.7 8.4855e+18 40.0394 -5.50464 0 0 0 
21711.9 8.48034e+18 40.0214 -3.5742 0 0 0 
21720.2 8.47517e+18 40.0033 -1.52589 0 0 0 
21728.4 8.47001e+18 39.9852 0.558519 0 0 0 
21736.7 8.46487e+18 39.9674 2.59761 0 0 0 
21745 8.45976e+18 39.95 4.51349 0 0 0 
21753.2 8.45469e+18 39.933 6.23472 0 0 0 
21761.5 8.44966e+18 39.9166 7.69889 0 0 0 
21769.8 8.44467e+18 39.9007 8.85468 0 0 0 
21778 8.4397e+18 39.8851 9.66348 0 0 0 
21786.3 8.43476e+18 39.8696 10.1005 0 0 0 
21794.6 8.42981e+18 39.8542 10.155 0 0 0 
21802.8 8.42485e+18 39.8384 9.83087 0 0 0 
21811.1 8.41987e+18 39.8223 9.14531 0 0 0 
21819.4 8.41486e+18 39.8057 8.12838 0 0 0 
21827.6 8.40981e+18 39.7885 6.82139 0 0 0 
21835.9 8.40473e+18 39.7709 5.27519 0 0 0 
21844.2 8.39963e+18 39.753 3.54818 0 0 0 
21852.5 8.39452e+18 39.735 1.70417 0 0 0 
21860.8 8.38942e+18 39.717 -0.189979 0 0 0 
21869 8.38434e+18 39.6993 -2.06655 0 0 0 
21877.3 8.37928e+18 39.682 -3.85929 0 0 0 
21885.6 8.37427e+18 39.6652 -5.50554 0 0 0 
21893.9 8.3693e+18 39.6489 -6.94823 0 0 0 
21902.2 8.36437e+18 39.6331 -8.13762 0 0 0 
21910.5 8.35947e+18 39.6177 -9.03285 0 0 0 
21918.7 8.35458e+18 39.6024 -9.60313 0 0 0 
21927 8.3497e+18 39.5871 -9.8287 0 0 0 
21935.3 8.3448e+18 39.5715 -9.7014 0 0 0 
21943.6 8.33988e+18 39.5555 -9.22491 0 0 0 
21951.9 8.33492e+18 39.539 -8.41468 0 0 0 
21960.2 8.32993e+18 39.522 -7.29751 0 0 0 
21968.5 8.32491e+18 39.5045 -5.91075 0 0 0 
21976.8 8.31987e+18 39.4867 -4.30123 0 0 0 
21985.1 8.31481e+18 39.4687 -2.52392 0 0 0 
21993.4 8.30977e+18 39.4508 -0.640204 0 0 0 
22001.7 8.30474e+18 39.4332 1.28394 0 0 0 
22010 8.29975e+18 39.416 3.1801 0 0 0 
22018.3 8.2948e+18 39.3994 4.97961 0 0 0 
22026.6 8.28989e+18 39.3833 6.61591 0 0 0 
22034.9 8.28502e+18 39.3677 8.0269 0 0 0 
22043.2 8.28018e+18 39.3524 9.15723 0 0 0 
22051.5 8.27535e+18 39.3373 9.96046 0 0 0 
22059.8 8.27053e+18 39.3222 10.401 0 0 0 
22068.1 8.26569e+18 39.3067 10.4558 0 0 0 
22076.4 8.26083e+18 39.2909 10.1155 0 0 0 
22084.7 8.25593e+18 39.2745 9.38551 0 0 0 
22093.1 8.25099e+18 39.2575 8.28594 0 0 0 
22101.4 8.24602e+18 39.2401 6.8516 0 0 0 
22109.7 8.24103e+18 39.2223 5.13105 0 0 0 
22118 8.23604e+18 39.2044 3.18521 0 0 0 
22126.3 8.23104e+18 39.1867 1.08532 0 0 0 
22134.6 8.22608e+18 39.1692 -1.08952 0 0 0 
22143 8.22114e+18 39.1521 -3.25528 0 0 0 
22151.3 8.21625e+18 39.1357 -5.32623 0 0 0 
22159.6 8.2114e+18 39.1198 -7.21839 0 0 0 
22167.9 8.2066e+18 39.1043 -8.853 0 0 0 
22176.3 8.20182e+18 39.0893 -10.1599 0 0 0 
22184.6 8.19705e+18 39.0743 -11.0807 0 0 0 
22192.9 8.19229e+18 39.0593 -11.5715 0 0 0 
22201.2 8.18751e+18 39.044 -11.6051 0 0 0 
22209.6 8.1827e+18 39.0282 -11.1724 0 0 0 
22217.9 8.17785e+18 39.0119 -10.2835 0 0 0 
22226.2 8.17297e+18 38.995 -8.96737 0 0 0 
22234.6 8.16805e+18 38.9776 -7.27143 0 0 0 
22242.9 8.16312e+18 38.9599 -5.25954 0 0 0 
22251.2 8.15817e+18 38.9421 -3.00983 0 0 0 
22259.6 8.15323e+18 38.9245 -0.611624 0 0 0 
22267.9 8.14832e+18 38.9071 1.83818 0 0 0 
22276.3 8.14345e+18 38.8902 4.23906 0 0 0 
22284.6 8.13862e+18 38.8739 6.49111 0 0 0 
22293 8.13383e+18 38.8583 8.4993 0 0 0 
22301.3 8.12909e+18 38.843 10.1776 0 0 0 
22309.6 8.12437e+18 38.8282 11.4528 0 0 0 
22318 8.11967e+18 38.8134 12.2677 0 0 0 
22326.3 8.11496e+18 38.7985 12.584 0 0 0 
22334.7 8.11023e+18 38.7833 12.3838 0 0 0 
22343 8.10548e+18 38.7676 11.671 0 0 0 
22351.4 8.10068e+18 38.7513 10.4712 0 0 0 
22359.7 8.09585e+18 38.7345 8.83054 0 0 0 
22368.1 8.09098e+18 38.7171 6.81454 0 0 0 
22376.5 8.0861e+18 38.6995 4.50496 0 0 0 
22384.8 8.0812e+18 38.6818 1.99664 0 0 0 
22393.2 8.07632e+18 38.6642 -0.6065 0 0 0 
22401.5 8.07147e+18 38.647 -3.19587 0 0 0 
22409.9 8.06665e+18 38.6303 -5.66282 0 0 0 
22418.2 8.06189e+18 38.6143 -7.90333 0 0 0 
22426.6 8.05716e+18 38.5988 -9.82256 0 0 0 
22435 8.05248e+18 38.5838 -11.3389 0 0 0 
22443.3 8.04783e+18 38.5691 -12.3876 0 0 0 
22451.7 8.04318e+18 38.5546 -12.9237 0 0 0 
22460.1 8.03853e+18 38.5398 -12.9239 0 0 0 
22468.4 8.03386e+18 38.5247 -12.3877 0 0 0 
22476.8 8.02915e+18 38.509 -11.3374 0 0 0 
22485.2 8.02441e+18 38.4927 -9.81737 0 0 0 
22493.6 8.01962e+18 38.4759 -7.89172 0 0 0 
22501.9 8.0148e+18 38.4585 -5.64193 0 0 0 
22510.3 8.00996e+18 38.4409 -3.16302 0 0 0 
22518.7 8.00512e+18 38.4233 -0.559531 0 0 0 
22527.1 8.00029e+18 38.4058 2.05913 0 0 0 
22535.5 7.9955e+18 38.3888 4.58339 0 0 0 
22543.8 7.99074e+18 38.3724 6.9083 0 0 0 
22552.2 7.98604e+18 38.3566 8.93804 0 0 0 
22560.6 7.98138e+18 38.3414 10.59 0 0 0 
22569 7.97676e+18 38.3266 11.7981 0 0 0 
22577.4 7.97217e+18 38.3122 12.5159 0 0 0 
22585.8 7.96759e+18 38.2978 12.7176 0 0 0 
22594.1 7.96299e+18 38.2831 12.3998 0 0 0 
22602.5 7.95837e+18 38.268 11.5806 0 0 0 
22610.9 7.95371e+18 38.2524 10.2989 0 0 0 
22619.3 7.94901e+18 38.2361 8.61223 0 0 0 
22627.7 7.94427e+18 38.2192 6.59398 0 0 0 
22636.1 7.93949e+18 38.2018 4.33008 0 0 0 
22644.5 7.9347e+18 38.1843 1.91504 0 0 0 
22652.9 7.92991e+18 38.1667 -0.552132 0 0 0 
22661.3 7.92514e+18 38.1494 -2.97217 0 0 0 
22669.7 7.9204e+18 38.1326 -5.24961 0 0 0 
22678.1 7.91571e+18 38.1164 -7.29662 0 0 0 
22686.5 7.91107e+18 38.1009 -9.03629 0 0 0 
22694.9 7.90648e+18 38.086 -10.4054 0 0 0 
22703.3 7.90193e+18 38.0715 -11.3567 0 0 0 
22711.7 7.89739e+18 38.0573 -11.8599 0 0 0 
22720.1 7.89287e+18 38.043 -11.9027 0 0 0 
22728.5 7.88832e+18 38.0284 -11.4903 0 0 0 
22736.9 7.88375e+18 38.0133 -10.6451 0 0 0 
22745.4 7.87913e+18 37.9976 -9.40474 0 0 0 
22753.8 7.87447e+18 37.9813 -7.82081 0 0 0 
22762.2 7.86977e+18 37.9643 -5.95616 0 0 0 
22770.6 7.86504e+18 37.9469 -3.88243 0 0 0 
22779 7.86029e+18 37.9294 -1.67738 0 0 0 
22787.4 7.85555e+18 37.912 0.578011 0 0 0 
22795.8 7.85083e+18 37.8949 2.80231 0 0 0 
22804.3 7.84616e+18 37.8783 4.9163 0 0 0 
22812.7 7.84154e+18 37.8624 6.84546 0 0 0 
22821.1 7.83696e+18 37.8472 8.52228 0 0 0 
22829.5 7.83244e+18 37.8326 9.8882 0 0 0 
22838 7.82795e+18 37.8184 10.8953 0 0 0 
22846.4 7.82348e+18 37.8044 11.5078 0 0 0 
22854.8 7.81901e+18 37.7902 11.7028 0 0 0 
22863.2 7.81452e+18 37.7757 11.4714 0 0 0 
22871.7 7.80999e+18 37.7606 10.8184 0 0 0 
22880.1 7.80541e+18 37.7448 9.76306 0 0 0 
22888.5 7.80078e+18 37.7283 8.33812 0 0 0 
22897 7.79612e+18 37.7113 6.58928 0 0 0 
22905.4 7.79142e+18 37.6939 4.57407 0 0 0 
22913.8 7.78672e+18 37.6764 2.36031 0 0 0 
22922.3 7.78204e+18 37.6591 0.0242772 0 0 0 
22930.7 7.77738e+18 37.6422 -2.35147 0 0 0 
22939.2 7.77277e+18 37.626 -4.68066 0 0 0 
22947.6 7.76821e+18 37.6104 -6.87602 0 0 0 
22956 7.76371e+18 37.5956 -8.85232 0 0 0 
22964.5 7.75926e+18 37.5813 -10.5295 0 0 0 
22972.9 7.75484e+18 37.5674 -11.8356 0 0 0 
22981.4 7.75042e+18 37.5535 -12.7102 0 0 0 
22989.8 7.746e+18 37.5394 -13.1068 0 0 0 
22998.3 7.74155e+18 37.5249 -12.9957 0 0 0 
23006.7 7.73706e+18 37.5097 -12.3658 0 0 0 
23015.2 7.73252e+18 37.4937 -11.226 0 0 0 
23023.6 7.72792e+18 37.4771 -9.60588 0 0 0 
23032.1 7.72329e+18 37.46 -7.5558 0 0 0 
23040.5 7.71864e+18 37.4425 -5.14559 0 0 0 
23049 7.71398e+18 37.4251 -2.46281 0 0 0 
23057.5 7.70935e+18 37.408 0.390099 0 0 0 
23065.9 7.70475e+18 37.3914 3.29944 0 0 0 
23074.4 7.70021e+18 37.3756 6.14462 0 0 0 
23082.8 7.69573e+18 37.3605 8.80309 0 0 0 
23091.3 7.6913e+18 37.346 11.1556 0 0 0 
23099.8 7.68692e+18 37.3321 13.0918 0 0 0 
23108.2 7.68256e+18 37.3184 14.5155 0 0 0 
23116.7 7.67821e+18 37.3047 15.3495 0 0 0 
23125.2 7.67384e+18 37.2906 15.5402 0 0 0 
23133.6 7.66942e+18 37.2759 15.061 0 0 0 
23142.1 7.66496e+18 37.2605 13.9144 0 0 0 
23150.6 7.66044e+18 37.2444 12.1334 0 0 0 
23159 7.65588e+18 37.2276 9.78083 0 0 0 
23167.5 7.65128e+18 37.2104 6.94748 0 0 0 
23176 7.64666e+18 37.1929 3.74909 0 0 0 
23184.5 7.64206e+18 37.1757 0.321482 0 0 0 
23193 7.63748e+18 37.1588 -3.18515 0 0 0 
23201.4 7.63296e+18 37.1426 -6.61296 0 0 0 
23209.9 7.62849e+18 37.1272 -9.80382 0 0 0 
23218.4 7.62409e+18 37.1125 -12.6069 0 0 0 
23226.9 7.61974e+18 37.0985 -14.8859 0 0 0 
23235.4 7.61542e+18 37.0849 -16.5266 0 0 0 
23243.8 7.61113e+18 37.0715 -17.442 0 0 0 
23252.3 7.60682e+18 37.0578 -17.5782 0 0 0 
23260.8 7.60249e+18 37.0436 -16.9168 0 0 0 
23269.3 7.59811e+18 37.0288 -15.4771 0 0 0 
23277.8 7.59367e+18 37.0131 -13.3156 0 0 0 
23286.3 7.58917e+18 36.9967 -10.524 0 0 0 
23294.8 7.58463e+18 36.9798 -7.22534 0 0 0 
23303.3 7.58006e+18 36.9624 -3.56819 0 0 0 
23311.8 7.57549e+18 36.9451 0.279982 0 0 0 
23320.3 7.57094e+18 36.928 4.14091 0 0 0 
23328.8 7.56643e+18 36.9115 7.83409 0 0 0 
23337.3 7.56198e+18 36.8958 11.1856 0 0 0 
23345.8 7.55759e+18 36.8809 14.0368 0 0 0 
23354.3 7.55327e+18 36.8667 16.2518 0 0 0 
23362.8 7.549e+18 36.8531 17.7248 0 0 0 
23371.3 7.54475e+18 36.8398 18.385 0 0 0 
23379.8 7.54051e+18 36.8265 18.2005 0 0 0 
23388.3 7.53625e+18 36.8127 17.1795 0 0 0 
23396.8 7.53194e+18 36.7984 15.3705 0 0 0 
23405.3 7.52758e+18 36.7833 12.8593 0 0 0 
23413.8 7.52316e+18 36.7673 9.7655 0 0 0 
23422.3 7.51868e+18 36.7507 6.23575 0 0 0 
23430.9 7.51416e+18 36.7335 2.43708 0 0 0 
23439.4 7.50963e+18 36.7162 -1.4516 0 0 0 
23447.9 7.50511e+18 36.699 -5.24833 0 0 0 
23456.4 7.50062e+18 36.6822 -8.77692 0 0 0 
23464.9 7.49618e+18 36.6662 -11.8755 0 0 0 
23473.4 7.49182e+18 36.651 -14.4044 0 0 0 
23482 7.48752e+18 36.6367 -16.2525 0 0 0 
23490.5 7.48328e+18 36.623 -17.3422 0 0 0 
23499 7.47908e+18 36.6098 -17.6331 0 0 0 
23507.5 7.47489e+18 36.5967 -17.123 0 0 0 
23516.1 7.4707e+18 36.5834 -15.8475 0 0 0 
23524.6 7.46646e+18 36.5695 -13.8776 0 0 0 
23533.1 7.46218e+18 36.5548 -11.3154 0 0 0 
23541.7 7.45783e+18 36.5393 -8.28879 0 0 0 
23550.2 7.45341e+18 36.523 -4.94445 0 0 0 
23558.7 7.44895e+18 36.5061 -1.44053 0 0 0 
23567.3 7.44446e+18 36.4888 2.06128 0 0 0 
23575.8 7.43997e+18 36.4716 5.40353 0 0 0 
23584.3 7.43551e+18 36.4547 8.44034 0 0 0 
23592.9 7.43109e+18 36.4384 11.0439 0 0 0 
23601.4 7.42674e+18 36.4229 13.11 0 0 0 
23609.9 7.42247e+18 36.4084 14.5619 0 0 0 
23618.5 7.41826e+18 36.3946 15.3528 0 0 0 
23627 7.4141e+18 36.3814 15.4673 0 0 0 
23635.6 7.40996e+18 36.3685 14.9202 0 0 0 
23644.1 7.40583e+18 36.3555 13.7551 0 0 0 
23652.7 7.40166e+18 36.342 12.0407 0 0 0 
23661.2 7.39745e+18 36.3278 9.86673 0 0 0 
23669.8 7.39317e+18 36.3128 7.33919 0 0 0 
23678.3 7.38882e+18 36.2969 4.57455 0 0 0 
23686.9 7.38442e+18 36.2802 1.69437 0 0 0 
23695.4 7.37998e+18 36.2631 -1.18021 0 0 0 
23704 7.37552e+18 36.2458 -3.93347 0 0 0 
23712.5 7.37109e+18 36.2288 -6.45962 0 0 0 
23721.1 7.3667e+18 36.2123 -8.66646 0 0 0 
23729.7 7.36237e+18 36.1966 -10.4783 0 0 0 
23738.2 7.35811e+18 36.1818 -11.8378 0 0 0 
23746.8 7.35393e+18 36.1679 -12.7073 0 0 0 
23755.3 7.34981e+18 36.1547 -13.0685 0 0 0 
23763.9 7.34572e+18 36.1419 -12.9228 0 0 0 
23772.5 7.34164e+18 36.1291 -12.2893 0 0 0 
23781 7.33753e+18 36.116 -11.2036 0 0 0 
23789.6 7.33339e+18 36.1022 -9.71581 0 0 0 
23798.2 7.32917e+18 36.0876 -7.88789 0 0 0 
23806.7 7.32489e+18 36.0721 -5.79154 0 0 0 
23815.3 7.32055e+18 36.0558 -3.50549 0 0 0 
23823.9 7.31616e+18 36.0388 -1.11298 0 0 0 
23832.5 7.31175e+18 36.0216 1.30071 0 0 0 
23841 7.30734e+18 36.0045 3.65072 0 0 0 
23849.6 7.30298e+18 35.9879 5.85498 0 0 0 
23858.2 7.29867e+18 35.972 7.83643 0 0 0 
23866.8 7.29444e+18 35.957 9.52525 0 0 0 
23875.4 7.29029e+18 35.943 10.8609 0 0 0 
23883.9 7.28619e+18 35.9297 11.7938 0 0 0 
23892.5 7.28215e+18 35.917 12.2876 0 0 0 
23901.1 7.27812e+18 35.9044 12.32 0 0 0 
23909.7 7.27407e+18 35.8915 11.8844 0 0 0 
23918.3 7.26999e+18 35.8781 10.9904 0 0 0 
23926.9 7.26584e+18 35.8639 9.66428 0 0 0 
23935.5 7.26162e+18 35.8488 7.94878 0 0 0 
23944 7.25734e+18 35.8327 5.90228 0 0 0 
23952.6 7.253e+18 35.816 3.59736 0 0 0 
23961.2 7.24863e+18 35.7989 1.11869 0 0 0 
23969.8 7.24427e+18 35.7818 -1.43963 0 0 0 
23978.4 7.23993e+18 35.7651 -3.97742 0 0 0 
23987 7.23565e+18 35.7491 -6.39215 0 0 0 
23995.6 7.23144e+18 35.7339 -8.58306 0 0 0 
24004.2 7.22731e+18 35.7197 -10.4555 0 0 0 
24012.8 7.22325e+18 35.7064 -11.925 0 0 0 
24021.4 7.21924e+18 35.6936 -12.9217 0 0 0 
24030 7.21526e+18 35.6812 -13.3936 0 0 0 
24038.6 7.21127e+18 35.6686 -13.3097 0 0 0 
24047.2 7.20724e+18 35.6555 -12.6623 0 0 0 
24055.8 7.20316e+18 35.6416 -11.4676 0 0 0 
24064.5 7.199e+18 35.6268 -9.76665 0 0 0 
24073.1 7.19478e+18 35.6111 -7.62351 0 0 0 
24081.7 7.19049e+18 35.5947 -5.12349 0 0 0 
24090.3 7.18617e+18 35.5777 -2.36965 0 0 0 
24098.9 7.18185e+18 35.5607 0.521336 0 0 0 
24107.5 7.17754e+18 35.5439 3.42428 0 0 0 
24116.1 7.17329e+18 35.5277 6.21101 0 0 0 
24124.7 7.16911e+18 35.5124 8.75631 0 0 0 
24133.4 7.165e+18 35.4981 10.9438 0 0 0 
24142 7.16097e+18 35.4847 12.6714 0 0 0 
24150.6 7.157e+18 35.4719 13.8565 0 0 0 
24159.2 7.15306e+18 35.4595 14.4401 0 0 0 
24167.9 7.14911e+18 35.4471 14.39 0 0 0 
24176.5 7.14514e+18 35.4343 13.7024 0 0 0 
24185.1 7.14112e+18 35.4208 12.4027 0 0 0 
24193.7 7.13702e+18 35.4063 10.5447 0 0 0 
24202.4 7.13285e+18 35.3909 8.20796 0 0 0 
24211 7.12862e+18 35.3747 5.49485 0 0 0 
24219.6 7.12435e+18 35.358 2.52552 0 0 0 
24228.3 7.12007e+18 35.341 -0.567365 0 0 0 
24236.9 7.1158e+18 35.3242 -3.64483 0 0 0 
24245.5 7.11158e+18 35.308 -6.56798 0 0 0 
24254.2 7.10743e+18 35.2926 -9.2045 0 0 0 
24262.8 7.10335e+18 35.2781 -11.4348 0 0 0 
24271.5 7.09935e+18 35.2646 -13.1575 0 0 0 
24280.1 7.09541e+18 35.2518 -14.2945 0 0 0 
24288.7 7.0915e+18 35.2395 -14.7941 0 0 0 
24297.4 7.0876e+18 35.2273 -14.6338 0 0 0 
24306 7.08368e+18 35.2147 -13.8211 0 0 0 
24314.7 7.07971e+18 35.2014 -12.3934 0 0 0 
24323.3 7.07567e+18 35.1873 -10.4159 0 0 0 
24332 7.07156e+18 35.1722 -7.97876 0 0 0 
24340.6 7.06739e+18 35.1562 -5.19272 0 0 0 
24349.3 7.06317e+18 35.1396 -2.18421 0 0 0 
24357.9 7.05893e+18 35.1228 0.910738 0 0 0 
24366.6 7.0547e+18 35.106 3.95266 0 0 0 
24375.2 7.05051e+18 35.0897 6.80514 0 0 0 
24383.9 7.04638e+18 35.0742 9.34102 0 0 0 
24392.6 7.04233e+18 35.0597 11.4482 0 0 0 
24401.2 7.03836e+18 35.0461 13.0347 0 0 0 
24409.9 7.03445e+18 35.0333 14.0328 0 0 0 
24418.5 7.03059e+18 35.0211 14.402 0 0 0 
24427.2 7.02673e+18 35.0089 14.1303 0 0 0 
24435.9 7.02286e+18 34.9965 13.2354 0 0 0 
24444.5 7.01894e+18 34.9835 11.7625 0 0 0 
24453.2 7.01496e+18 34.9697 9.7829 0 0 0 
24461.9 7.0109e+18 34.9548 7.3899 0 0 0 
24470.5 7.00678e+18 34.9391 4.69446 0 0 0 
24479.2 7.0026e+18 34.9227 1.81984 0 0 0 
24487.9 6.99841e+18 34.906 -1.10424 0 0 0 
24496.6 6.99422e+18 34.8893 -3.9476 0 0 0 
24505.2 6.99006e+18 34.873 -6.58563 0 0 0 
24513.9 6.98597e+18 34.8575 -8.90484 0 0 0 
24522.6 6.98195e+18 34.8429 -10.8079 0 0 0 
24531.3 6.97801e+18 34.8292 -12.2176 0 0 0 
24539.9 6.97413e+18 34.8164 -13.0801 0 0 0 
24548.6 6.9703e+18 34.8042 -13.3669 0 0 0 
24557.3 6.96649e+18 34.7921 -13.0752 0 0 0 
24566 6.96266e+18 34.7799 -12.2277 0 0 0 
24574.7 6.95879e+18 34.7671 -10.8708 0 0 0 
24583.4 6.95486e+18 34.7535 -9.07187 0 0 0 
24592 6.95085e+18 34.7389 -6.91569 0 0 0 
24600.7 6.94678e+18 34.7234 -4.50026 0 0 0 
24609.4 6.94266e+18 34.7072 -1.93214 0 0 0 
24618.1 6.93851e+18 34.6906 0.678415 0 0 0 
24626.8 6.93436e+18 34.674 3.22218 0 0 0 
24635.5 6.93024e+18 34.6578 5.59553 0 0 0 
24644.2 6.92618e+18 34.6422 7.70452 0 0 0 
24652.9 6.92219e+18 34.6276 9.46831 0 0 0 
24661.6 6.91828e+18 34.6139 10.822 0 0 0 
24670.3 6.91444e+18 34.6011 11.7185 0 0 0 
24679 6.91064e+18 34.5888 12.13 0 0 0 
24687.7 6.90687e+18 34.5769 12.0479 0 0 0 
24696.4 6.90308e+18 34.5648 11.483 0 0 0 
24705.1 6.89926e+18 34.5522 10.464 0 0 0 
24713.8 6.89537e+18 34.5388 9.03618 0 0 0 
24722.5 6.89142e+18 34.5244 7.25943 0 0 0 
24731.2 6.8874e+18 34.5092 5.20548 0 0 0 
24739.9 6.88332e+18 34.4931 2.9554 0 0 0 
24748.7 6.87922e+18 34.4767 0.596594 0 0 0 
24757.4 6.87511e+18 34.4601 -1.78021 0 0 0 
24766.1 6.87103e+18 34.4439 -4.08403 0 0 0 
24774.8 6.867e+18 34.4284 -6.22662 0 0 0 
24783.5 6.86305e+18 34.4137 -8.12546 0 0 0 
24792.2 6.85917e+18 34.4 -9.7065 0 0 0 
24801 6.85535e+18 34.3872 -10.9067 0 0 0 
24809.7 6.85159e+18 34.3751 -11.6766 0 0 0 
24818.4 6.84785e+18 34.3632 -11.9816 0 0 0 
24827.1 6.84411e+18 34.3512 -11.8046 0 0 0 
24835.8 6.84033e+18 34.3387 -11.1461 0 0 0 
24844.6 6.83649e+18 34.3255 -10.0253 0 0 0 
24853.3 6.83259e+18 34.3114 -8.47979 0 0 0 
24862 6.82861e+18 34.2963 -6.56493 0 0 0 
24870.8 6.82459e+18 34.2804 -4.35232 0 0 0 
24879.5 6.82052e+18 34.2641 -1.92759 0 0 0 
24888.2 6.81646e+18 34.2477 0.612422 0 0 0 
24897 6.81241e+18 34.2315 3.16328 0 0 0 
24905.7 6.80842e+18 34.216 5.61695 0 0 0 
24914.4 6.8045e+18 34.2014 7.86633 0 0 0 
24923.2 6.80066e+18 34.1877 9.80993 0 0 0 
24931.9 6.79688e+18 34.1749 11.3566 0 0 0 
24940.6 6.79315e+18 34.1628 12.4299 0 0 0 
24949.4 6.78945e+18 34.151 12.9724 0 0 0 
24958.1 6.78574e+18 34.1391 12.949 0 0 0 
24966.9 6.78201e+18 34.1268 12.3492 0 0 0 
24975.6 6.77822e+18 34.1137 11.1885 0 0 0 
24984.4 6.77436e+18 34.0997 9.5089 0 0 0 
24993.1 6.77043e+18 34.0848 7.37743 0 0 0 
25001.9 6.76644e+18 34.0691 4.88388 0 0 0 
25010.6 6.76242e+18 34.0529 2.1371 0 0 0 
25019.4 6.7584e+18 34.0366 -0.739684 0 0 0 
25028.1 6.75439e+18 34.0205 -3.61456 0 0 0 
25036.9 6.75044e+18 34.0051 -6.35314 0 0 0 
25045.6 6.74655e+18 33.9905 -8.82511 0 0 0 
25054.4 6.74274e+18 33.9768 -10.9108 0 0 0 
25063.1 6.739e+18 33.9641 -12.5072 0 0 0 
25071.9 6.73531e+18 33.952 -13.5337 0 0 0 
25080.7 6.73164e+18 33.9403 -13.9359 0 0 0 
25089.4 6.72798e+18 33.9285 -13.6893 0 0 0 
25098.2 6.72428e+18 33.9163 -12.8009 0 0 0 
25107 6.72053e+18 33.9034 -11.3086 0 0 0 
25115.7 6.71671e+18 33.8895 -9.28048 0 0 0 
25124.5 6.71283e+18 33.8747 -6.8111 0 0 0 
25133.3 6.70889e+18 33.8592 -4.01715 0 0 0 
25142 6.70491e+18 33.8431 -1.03174 0 0 0 
25150.8 6.70092e+18 33.8269 2.00223 0 0 0 
25159.6 6.69696e+18 33.8109 4.9392 0 0 0 
25168.4 6.69304e+18 33.7955 7.63826 0 0 0 
25177.1 6.68919e+18 33.781 9.9702 0 0 0 
25185.9 6.68541e+18 33.7674 11.824 0 0 0 
25194.7 6.6817e+18 33.7547 13.1124 0 0 0 
25203.5 6.67805e+18 33.7427 13.7762 0 0 0 
25212.2 6.67442e+18 33.7311 13.7869 0 0 0 
25221 6.6708e+18 33.7194 13.1484 0 0 0 
25229.8 6.66714e+18 33.7073 11.896 0 0 0 
25238.6 6.66343e+18 33.6945 10.0949 0 0 0 
25247.4 6.65965e+18 33.6807 7.83639 0 0 0 
25256.2 6.65581e+18 33.6661 5.23311 0 0 0 
25265 6.65191e+18 33.6506 2.41313 0 0 0 
25273.8 6.64797e+18 33.6346 -0.486557 0 0 0 
25282.5 6.64402e+18 33.6185 -3.32701 0 0 0 
25291.3 6.64009e+18 33.6026 -5.97421 0 0 0 
25300.1 6.63621e+18 33.5873 -8.30568 0 0 0 
25308.9 6.6324e+18 33.5729 -10.2163 0 0 0 
25317.7 6.62866e+18 33.5594 -11.623 0 0 0 
25326.5 6.62499e+18 33.5468 -12.4688 0 0 0 
25335.3 6.62138e+18 33.5349 -12.7246 0 0 0 
25344.1 6.61779e+18 33.5234 -12.3901 0 0 0 
25352.9 6.6142e+18 33.5118 -11.4933 0 0 0 
25361.7 6.61058e+18 33.4997 -10.0882 0 0 0 
25370.5 6.60691e+18 33.487 -8.25143 0 0 0 
25379.3 6.60317e+18 33.4733 -6.07814 0 0 0 
25388.1 6.59936e+18 33.4587 -3.67661 0 0 0 
25397 6.5955e+18 33.4434 -1.16277 0 0 0 
25405.8 6.59159e+18 33.4275 1.34568 0 0 0 
25414.6 6.58768e+18 33.4114 3.73485 0 0 0 
25423.4 6.5838e+18 33.3957 5.90001 0 0 0 
25432.2 6.57996e+18 33.3805 7.75015 0 0 0 
25441 6.57618e+18 33.3662 9.21175 0 0 0 
25449.8 6.57249e+18 33.3528 10.2315 0 0 0 
25458.7 6.56886e+18 33.3404 10.7779 0 0 0 
25467.5 6.56528e+18 33.3286 10.8418 0 0 0 
25476.3 6.56173e+18 33.3171 10.436 0 0 0 
25485.1 6.55818e+18 33.3056 9.59333 0 0 0 
25493.9 6.5546e+18 33.2937 8.36452 0 0 0 
25502.8 6.55096e+18 33.281 6.81495 0 0 0 
25511.6 6.54725e+18 33.2673 5.02105 0 0 0 
25520.4 6.54348e+18 33.2528 3.06644 0 0 0 
25529.2 6.53965e+18 33.2374 1.0379 0 0 0 
25538.1 6.53578e+18 33.2216 -0.978441 0 0 0 
25546.9 6.53191e+18 33.2057 -2.90073 0 0 0 
25555.7 6.52806e+18 33.19 -4.65449 0 0 0 
25564.6 6.52426e+18 33.175 -6.17529 0 0 0 
25573.4 6.52053e+18 33.1609 -7.4107 0 0 0 
25582.2 6.51687e+18 33.1477 -8.32165 0 0 0 
25591.1 6.51329e+18 33.1354 -8.88318 0 0 0 
25599.9 6.50975e+18 33.1237 -9.08455 0 0 0 
25608.8 6.50624e+18 33.1124 -8.92879 0 0 0 
25617.6 6.50273e+18 33.1009 -8.43183 0 0 0 
25626.5 6.49918e+18 33.089 -7.62117 0 0 0 
25635.3 6.49557e+18 33.0763 -6.53434 0 0 0 
25644.1 6.4919e+18 33.0627 -5.21716 0 0 0 
25653 6.48815e+18 33.0481 -3.7218 0 0 0 
25661.8 6.48435e+18 33.0328 -2.10494 0 0 0 
25670.7 6.48052e+18 33.0171 -0.425828 0 0 0 
25679.5 6.47668e+18 33.0012 1.25549 0 0 0 
25688.4 6.47287e+18 32.9857 2.87992 0 0 0 
25697.2 6.46912e+18 32.9709 4.39091 0 0 0 
25706.1 6.46543e+18 32.957 5.73598 0 0 0 
25715 6.46182e+18 32.944 6.86802 0 0 0 
25723.8 6.45828e+18 32.9319 7.74661 0 0 0 
25732.7 6.45479e+18 32.9204 8.33911 0 0 0 
25741.5 6.45132e+18 32.9091 8.62172 0 0 0 
25750.4 6.44784e+18 32.8977 8.58031 0 0 0 
25759.3 6.44432e+18 32.8858 8.2112 0 0 0 
25768.1 6.44074e+18 32.873 7.52163 0 0 0 
25777 6.43709e+18 32.8594 6.5301 0 0 0 
25785.9 6.43337e+18 32.8448 5.26632 0 0 0 
25794.7 6.4296e+18 32.8295 3.77093 0 0 0 
25803.6 6.4258e+18 32.8138 2.09467 0 0 0 
25812.5 6.422e+18 32.7981 0.297299 0 0 0 
25821.3 6.41823e+18 32.7827 -1.55407 0 0 0 
25830.2 6.41452e+18 32.7681 -3.38704 0 0 0 
25839.1 6.41089e+18 32.7544 -5.12646 0 0 0 
25848 6.40733e+18 32.7417 -6.69727 0 0 0 
25856.8 6.40383e+18 32.7298 -8.02766 0 0 0 
25865.7 6.40038e+18 32.7184 -9.05242 0 0 0 
25874.6 6.39695e+18 32.7073 -9.71621 0 0 0 
25883.5 6.3935e+18 32.6959 -9.97674 0 0 0 
25892.4 6.39001e+18 32.6839 -9.80753 0 0 0 
25901.3 6.38645e+18 32.6711 -9.20019 0 0 0 
25910.1 6.38282e+18 32.6574 -8.16592 0 0 0 
25919 6.37913e+18 32.6427 -6.73619 0 0 0 
25927.9 6.37538e+18 32.6274 -4.96241 0 0 0 
25936.8 6.37162e+18 32.6118 -2.91453 0 0 0 
25945.7 6.36786e+18 32.5962 -0.678654 0 0 0 
25954.6 6.36413e+18 32.5811 1.64644 0 0 0 
25963.5 6.36047e+18 32.5667 3.95359 0 0 0 
25972.4 6.35689e+18 32.5533 6.1323 0 0 0 
25981.3 6.35338e+18 32.5408 8.07417 0 0 0 
25990.2 6.34993e+18 32.5291 9.6786 0 0 0 
25999.1 6.34652e+18 32.5179 10.8583 0 0 0 
26008 6.34313e+18 32.5069 11.5442 0 0 0 
26016.9 6.3397e+18 32.4955 11.6902 0 0 0 
26025.8 6.33623e+18 32.4834 11.2757 0 0 0 
26034.7 6.3327e+18 32.4705 10.3083 0 0 0 
26043.6 6.32909e+18 32.4566 8.82368 0 0 0 
26052.5 6.32541e+18 32.4419 6.8851 0 0 0 
26061.4 6.3217e+18 32.4266 4.58045 0 0 0 
26070.3 6.31796e+18 32.411 2.01842 0 0 0 
26079.2 6.31424e+18 32.3956 -0.676778 0 0 0 
26088.1 6.31057e+18 32.3807 -3.3717 0 0 0 
26097 6.30696e+18 32.3667 -5.93057 0 0 0 
26106 6.30343e+18 32.3536 -8.22248 0 0 0 
26114.9 6.29998e+18 32.3414 -10.1285 0 0 0 
26123.8 6.29658e+18 32.33 -11.5481 0 0 0 
26132.7 6.29321e+18 32.3189 -12.405 0 0 0 
26141.6 6.28984e+18 32.3078 -12.6513 0 0 0 
26150.6 6.28644e+18 32.2964 -12.2707 0 0 0 
26159.5 6.28299e+18 32.2842 -11.2792 0 0 0 
26168.4 6.27947e+18 32.2711 -9.72479 0 0 0 
26177.3 6.27587e+18 32.2571 -7.68503 0 0 0 
26186.3 6.27222e+18 32.2423 -5.26291 0 0 0 
26195.2 6.26853e+18 32.227 -2.5815 0 0 0 
26204.1 6.26483e+18 32.2115 0.222702 0 0 0 
26213 6.26116e+18 32.1963 3.00702 0 0 0 
26222 6.25754e+18 32.1818 5.63027 0 0 0 
26230.9 6.25399e+18 32.1681 7.96029 0 0 0 
26239.9 6.25052e+18 32.1553 9.88094 0 0 0 
26248.8 6.24711e+18 32.1434 11.2982 0 0 0 
26257.7 6.24376e+18 32.1322 12.145 0 0 0 
26266.7 6.24043e+18 32.1212 12.3843 0 0 0 
26275.6 6.23709e+18 32.1102 12.0111 0 0 0 
26284.5 6.23371e+18 32.0986 11.0519 0 0 0 
26293.5 6.23027e+18 32.0862 9.56309 0 0 0 
26302.4 6.22676e+18 32.073 7.62714 0 0 0 
26311.4 6.22317e+18 32.0588 5.34808 0 0 0 
26320.3 6.21954e+18 32.0439 2.84542 0 0 0 
26329.3 6.21588e+18 32.0286 0.247591 0 0 0 
26338.2 6.21222e+18 32.0133 -2.31504 0 0 0 
26347.2 6.2086e+18 31.9984 -4.71699 0 0 0 
26356.1 6.20504e+18 31.9842 -6.84405 0 0 0 
26365.1 6.20155e+18 31.9709 -8.59893 0 0 0 
26374 6.19813e+18 31.9585 -9.90567 0 0 0 
26383 6.19478e+18 31.9469 -10.7129 0 0 0 
26392 6.19147e+18 31.9359 -10.9957 0 0 0 
26400.9 6.18817e+18 31.925 -10.7557 0 0 0 
26409.9 6.18485e+18 31.9138 -10.02 0 0 0 
26418.8 6.18148e+18 31.9021 -8.83879 0 0 0 
26427.8 6.17805e+18 31.8895 -7.28201 0 0 0 
26436.8 6.17455e+18 31.876 -5.43467 0 0 0 
26445.7 6.17098e+18 31.8616 -3.39212 0 0 0 
26454.7 6.16737e+18 31.8467 -1.25481 0 0 0 
26463.7 6.16374e+18 31.8315 0.876776 0 0 0 
26472.6 6.16013e+18 31.8164 2.90701 0 0 0 
26481.6 6.15656e+18 31.8018 4.74931 0 0 0 
26490.6 6.15306e+18 31.788 6.32967 0 0 0 
26499.6 6.14964e+18 31.7751 7.58932 0 0 0 
26508.5 6.14628e+18 31.7631 8.48636 0 0 0 
26517.5 6.14298e+18 31.7518 8.9966 0 0 0 
26526.5 6.1397e+18 31.7409 9.11336 0 0 0 
26535.5 6.13643e+18 31.73 8.84656 0 0 0 
26544.4 6.13312e+18 31.7187 8.22117 0 0 0 
26553.4 6.12976e+18 31.7067 7.2751 0 0 0 
26562.4 6.12634e+18 31.6939 6.05682 0 0 0 
26571.4 6.12284e+18 31.6802 4.62276 0 0 0 
26580.4 6.11929e+18 31.6657 3.03471 0 0 0 
26589.4 6.1157e+18 31.6507 1.35733 0 0 0 
26598.4 6.11212e+18 31.6357 -0.344183 0 0 0 
26607.4 6.10856e+18 31.6209 -2.00617 0 0 0 
26616.3 6.10505e+18 31.6067 -3.56831 0 0 0 
26625.3 6.10161e+18 31.5933 -4.97521 0 0 0 
26634.3 6.09825e+18 31.5808 -6.17765 0 0 0 
26643.3 6.09495e+18 31.5692 -7.13373 0 0 0 
26652.3 6.09169e+18 31.5581 -7.80981 0 0 0 
26661.3 6.08845e+18 31.5472 -8.18127 0 0 0 
26670.3 6.08519e+18 31.5362 -8.23328 0 0 0 
26679.3 6.08189e+18 31.5247 -7.96132 0 0 0 
26688.3 6.07853e+18 31.5125 -7.37167 0 0 0 
26697.3 6.07511e+18 31.4994 -6.48165 0 0 0 
26706.3 6.07162e+18 31.4855 -5.31972 0 0 0 
26715.3 6.06809e+18 31.4709 -3.92516 0 0 0 
26724.4 6.06454e+18 31.456 -2.34745 0 0 0 
26733.4 6.061e+18 31.4412 -0.645161 0 0 0 
26742.4 6.0575e+18 31.4267 1.11561 0 0 0 
26751.4 6.05406e+18 31.413 2.86334 0 0 0 
26760.4 6.05068e+18 31.4 4.5237 0 0 0 
26769.4 6.04738e+18 31.388 6.0225 0 0 0 
26778.4 6.04412e+18 31.3766 7.2891 0 0 0 
26787.4 6.0409e+18 31.3657 8.25983 0 0 0 
26796.5 6.03768e+18 31.3548 8.88154 0 0 0 
26805.5 6.03444e+18 31.3437 9.1148 0 0 0 
26814.5 6.03114e+18 31.3319 8.93671 0 0 0 
26823.5 6.02779e+18 31.3194 8.34306 0 0 0 
26832.6 6.02437e+18 31.306 7.34961 0 0 0 
26841.6 6.02089e+18 31.2919 5.99233 0 0 0 
26850.6 6.01739e+18 31.2774 4.32655 0 0 0 
26859.6 6.01388e+18 31.2626 2.42506 0 0 0 
26868.7 6.01039e+18 31.248 0.374929 0 0 0 
26877.7 6.00695e+18 31.234 -1.72644 0 0 0 
26886.7 6.00358e+18 31.2207 -3.7762 0 0 0 
26895.8 6.00027e+18 31.2082 -5.67137 0 0 0 
26904.8 5.99701e+18 31.1965 -7.31445 0 0 0 
26913.8 5.99381e+18 31.1854 -8.61883 0 0 0 
26922.9 5.99061e+18 31.1746 -9.51384 0 0 0 
26931.9 5.98741e+18 31.1636 -9.94897 0 0 0 
26940.9 5.98417e+18 31.1522 -9.89705 0 0 0 
26950 5.98087e+18 31.1402 -9.35618 0 0 0 
26959 5.97752e+18 31.1274 -8.35017 0 0 0 
26968.1 5.97411e+18 31.1138 -6.9276 0 0 0 
26977.1 5.97065e+18 31.0996 -5.15932 0 0 0 
26986.2 5.96718e+18 31.0851 -3.13477 0 0 0 
26995.2 5.96372e+18 31.0705 -0.957073 0 0 0 
27004.3 5.96029e+18 31.0563 1.26256 0 0 0 
27013.3 5.95692e+18 31.0427 3.41096 0 0 0 
27022.4 5.9536e+18 31.0299 5.37922 0 0 0 
27031.4 5.95035e+18 31.0179 7.06861 0 0 0 
27040.5 5.94715e+18 31.0065 8.3959 0 0 0 
27049.5 5.94397e+18 30.9955 9.29769 0 0 0 
27058.6 5.9408e+18 30.9846 9.73363 0 0 0 
27067.7 5.93761e+18 30.9735 9.68817 0 0 0 
27076.7 5.93437e+18 30.9619 9.171 0 0 0 
27085.8 5.93107e+18 30.9495 8.21596 0 0 0 
27094.8 5.92772e+18 30.9365 6.87871 0 0 0 
27103.9 5.92433e+18 30.9227 5.23313 0 0 0 
27113 5.9209e+18 30.9085 3.36695 0 0 0 
27122 5.91747e+18 30.8941 1.37668 0 0 0 
27131.1 5.91406e+18 30.8798 -0.637738 0 0 0 
27140.2 5.9107e+18 30.866 -2.57828 0 0 0 
27149.3 5.90739e+18 30.8529 -4.35382 0 0 0 
27158.3 5.90413e+18 30.8405 -5.88451 0 0 0 
27167.4 5.90093e+18 30.8288 -7.10541 0 0 0 
27176.5 5.89777e+18 30.8177 -7.96908 0 0 0 
27185.6 5.89462e+18 30.8068 -8.44709 0 0 0 
27194.6 5.89146e+18 30.7958 -8.53051 0 0 0 
27203.7 5.88827e+18 30.7845 -8.22928 0 0 0 
27212.8 5.88503e+18 30.7726 -7.57074 0 0 0 
27221.9 5.88174e+18 30.7599 -6.59725 0 0 0 
27231 5.8784e+18 30.7466 -5.36332 0 0 0 
27240 5.87502e+18 30.7328 -3.93234 0 0 0 
27249.1 5.87164e+18 30.7186 -2.37308 0 0 0 
27258.2 5.86825e+18 30.7044 -0.756246 0 0 0 
27267.3 5.8649e+18 30.6906 0.848721 0 0 0 
27276.4 5.8616e+18 30.6772 2.37654 0 0 0 
27285.5 5.85835e+18 30.6645 3.76848 0 0 0 
27294.6 5.85515e+18 30.6525 4.97427 0 0 0 
27303.7 5.852e+18 30.6411 5.95338 0 0 0 
27312.8 5.84886e+18 30.6301 6.67578 0 0 0 
27321.9 5.84573e+18 30.6192 7.12224 0 0 0 
27331 5.84258e+18 30.6081 7.28414 0 0 0 
27340.1 5.83939e+18 30.5965 7.16294 0 0 0 
27349.2 5.83615e+18 30.5843 6.76945 0 0 0 
27358.3 5.83287e+18 30.5714 6.12284 0 0 0 
27367.4 5.82955e+18 30.558 5.24966 0 0 0 
27376.5 5.8262e+18 30.5441 4.18276 0 0 0 
27385.6 5.82286e+18 30.5301 2.96026 0 0 0 
27394.7 5.81953e+18 30.5162 1.62454 0 0 0 
27403.8 5.81624e+18 30.5027 0.221253 0 0 0 
27412.9 5.81299e+18 30.4898 -1.20165 0 0 0 
27422 5.8098e+18 30.4775 -2.59493 0 0 0 
27431.1 5.80665e+18 30.4659 -3.90913 0 0 0 
27440.3 5.80353e+18 30.4547 -5.09575 0 0 0 
27449.4 5.80042e+18 30.4437 -6.10858 0 0 0 
27458.5 5.7973e+18 30.4327 -6.90512 0 0 0 
27467.6 5.79415e+18 30.4214 -7.44816 0 0 0 
27476.7 5.79096e+18 30.4095 -7.70746 0 0 0 
27485.9 5.78774e+18 30.3971 -7.66143 0 0 0 
27495 5.78447e+18 30.384 -7.29872 0 0 0 
27504.1 5.78117e+18 30.3705 -6.61968 0 0 0 
27513.2 5.77786e+18 30.3567 -5.63744 0 0 0 
27522.4 5.77456e+18 30.3429 -4.37864 0 0 0 
27531.5 5.77129e+18 30.3294 -2.88349 0 0 0 
27540.6 5.76806e+18 30.3163 -1.20527 0 0 0 
27549.8 5.76487e+18 30.3038 0.590992 0 0 0 
27558.9 5.76172e+18 30.2919 2.43051 0 0 0 
27568 5.75861e+18 30.2805 4.23156 0 0 0 
27577.2 5.75552e+18 30.2694 5.90891 0 0 0 
27586.3 5.75242e+18 30.2584 7.37783 0 0 0 
27595.4 5.74931e+18 30.2472 8.55842 0 0 0 
27604.6 5.74617e+18 30.2357 9.38009 0 0 0 
27613.7 5.74299e+18 30.2236 9.78592 0 0 0 
27622.9 5.73978e+18 30.211 9.73663 0 0 0 
27632 5.73653e+18 30.1978 9.21382 0 0 0 
27641.1 5.73326e+18 30.1843 8.22234 0 0 0 
27650.3 5.73e+18 30.1706 6.79146 0 0 0 
27659.4 5.72675e+18 30.1571 4.97479 0 0 0 
27668.6 5.72353e+18 30.1439 2.84874 0 0 0 
27677.7 5.72035e+18 30.1312 0.5096 0 0 0 
27686.9 5.71721e+18 30.1191 -1.93067 0 0 0 
27696 5.71411e+18 30.1075 -4.34982 0 0 0 
27705.2 5.71103e+18 30.0963 -6.6216 0 0 0 
27714.4 5.70795e+18 30.0852 -8.62251 0 0 0 
27723.5 5.70487e+18 30.0742 -10.2389 0 0 0 
27732.7 5.70177e+18 30.0628 -11.3735 0 0 0 
27741.8 5.69864e+18 30.0511 -11.9519 0 0 0 
27751 5.69547e+18 30.0388 -11.9272 0 0 0 
27760.2 5.69228e+18 30.026 -11.2838 0 0 0 
27769.3 5.68906e+18 30.0128 -10.0393 0 0 0 
27778.5 5.68583e+18 29.9994 -8.24473 0 0 0 
27787.7 5.68261e+18 29.9859 -5.9825 0 0 0 
27796.8 5.67941e+18 29.9727 -3.3628 0 0 0 
27806 5.67624e+18 29.9598 -0.518053 0 0 0 
27815.2 5.67311e+18 29.9475 2.40392 0 0 0 
27824.3 5.67001e+18 29.9357 5.24794 0 0 0 
27833.5 5.66694e+18 29.9243 7.86002 0 0 0 
27842.7 5.66389e+18 29.9132 10.0961 0 0 0 
27851.9 5.66083e+18 29.9022 11.8304 0 0 0 
27861.1 5.65777e+18 29.891 12.9628 0 0 0 
27870.2 5.65468e+18 29.8795 13.4248 0 0 0 
27879.4 5.65156e+18 29.8675 13.184 0 0 0 
27888.6 5.64841e+18 29.8551 12.2461 0 0 0 
27897.8 5.64523e+18 29.8422 10.6554 0 0 0 
27907 5.64205e+18 29.829 8.49216 0 0 0 
27916.2 5.63886e+18 29.8157 5.86879 0 0 0 
27925.3 5.63568e+18 29.8025 2.9235 0 0 0 
27934.5 5.63253e+18 29.7896 -0.187256 0 0 0 
27943.7 5.62941e+18 29.7771 -3.29748 0 0 0 
27952.9 5.62632e+18 29.765 -6.2409 0 0 0 
27962.1 5.62326e+18 29.7535 -8.86025 0 0 0 
27971.3 5.62022e+18 29.7423 -11.016 0 0 0 
27980.5 5.61719e+18 29.7312 -12.5942 0 0 0 
27989.7 5.61415e+18 29.7202 -13.5123 0 0 0 
27998.9 5.6111e+18 29.7089 -13.724 0 0 0 
28008.1 5.60802e+18 29.6972 -13.2215 0 0 0 
28017.3 5.60492e+18 29.6851 -12.0352 0 0 0 
28026.5 5.60179e+18 29.6725 -10.2321 0 0 0 
28035.7 5.59865e+18 29.6596 -7.9114 0 0 0 
28044.9 5.59549e+18 29.6465 -5.19908 0 0 0 
28054.1 5.59234e+18 29.6333 -2.24025 0 0 0 
28063.3 5.58921e+18 29.6204 0.808696 0 0 0 
28072.5 5.5861e+18 29.6077 3.78883 0 0 0 
28081.7 5.58302e+18 29.5955 6.54719 0 0 0 
28091 5.57997e+18 29.5838 8.94488 0 0 0 
28100.2 5.57694e+18 29.5725 10.8641 0 0 0 
28109.4 5.57393e+18 29.5614 12.214 0 0 0 
28118.6 5.57092e+18 29.5504 12.9347 0 0 0 
28127.8 5.56791e+18 29.5393 12.9997 0 0 0 
28137 5.56487e+18 29.5279 12.4166 0 0 0 
28146.3 5.56182e+18 29.5161 11.2255 0 0 0 
28155.5 5.55873e+18 29.5038 9.49631 0 0 0 
28164.7 5.55563e+18 29.4912 7.32419 0 0 0 
28173.9 5.55251e+18 29.4782 4.82408 0 0 0 
28183.2 5.54939e+18 29.4652 2.12439 0 0 0 
28192.4 5.54628e+18 29.4522 -0.639825 0 0 0 
28201.6 5.54318e+18 29.4395 -3.33367 0 0 0 
28210.9 5.54011e+18 29.4271 -5.82897 0 0 0 
28220.1 5.53707e+18 29.4152 -8.01021 0 0 0 
28229.3 5.53406e+18 29.4038 -9.7796 0 0 0 
28238.6 5.53106e+18 29.3926 -11.0611 0 0 0 
28247.8 5.52808e+18 29.3817 -11.8035 0 0 0 
28257 5.5251e+18 29.3707 -11.9813 0 0 0 
28266.3 5.5221e+18 29.3595 -11.5959 0 0 0 
28275.5 5.51909e+18 29.348 -10.6742 0 0 0 
28284.8 5.51605e+18 29.336 -9.26661 0 0 0 
28294 5.51299e+18 29.3236 -7.44446 0 0 0 
28303.2 5.50991e+18 29.3109 -5.29605 0 0 0 
28312.5 5.50682e+18 29.298 -2.92255 0 0 0 
28321.7 5.50373e+18 29.285 -0.433341 0 0 0 
28331 5.50065e+18 29.2723 2.05872 0 0 0 
28340.2 5.49759e+18 29.2598 4.44211 0 0 0 
28349.5 5.49456e+18 29.2478 6.61124 0 0 0 
28358.7 5.49156e+18 29.2362 8.47069 0 0 0 
28368 5.48858e+18 29.225 9.93901 0 0 0 
28377.2 5.48562e+18 29.214 10.9519 0 0 0 
28386.5 5.48267e+18 29.2031 11.4649 0 0 0 
28395.8 5.47971e+18 29.1921 11.4549 0 0 0 
28405 5.47674e+18 29.1808 10.9213 0 0 0 
28414.3 5.47374e+18 29.1691 9.88616 0 0 0 
28423.5 5.47072e+18 29.157 8.39326 0 0 0 
28432.8 5.46767e+18 29.1445 6.50677 0 0 0 
28442.1 5.46461e+18 29.1318 4.30868 0 0 0 
28451.3 5.46155e+18 29.1189 1.89568 0 0 0 
28460.6 5.45849e+18 29.1061 -0.624674 0 0 0 
28469.9 5.45544e+18 29.0935 -3.1384 0 0 0 
28479.2 5.45242e+18 29.0814 -5.52988 0 0 0 
28488.4 5.44944e+18 29.0696 -7.68693 0 0 0 
28497.7 5.44648e+18 29.0584 -9.50586 0 0 0 
28507 5.44354e+18 29.0474 -10.8964 0 0 0 
28516.3 5.44061e+18 29.0366 -11.7863 0 0 0 
28525.5 5.43769e+18 29.0257 -12.1251 0 0 0 
28534.8 5.43475e+18 29.0147 -11.8869 0 0 0 
28544.1 5.4318e+18 29.0032 -11.0731 0 0 0 
28553.4 5.42882e+18 28.9914 -9.71223 0 0 0 
28562.7 5.42581e+18 28.9791 -7.86018 0 0 0 
28571.9 5.42278e+18 28.9665 -5.59796 0 0 0 
28581.2 5.41974e+18 28.9537 -3.02863 0 0 0 
28590.5 5.4167e+18 28.9408 -0.272872 0 0 0 
28599.8 5.41367e+18 28.9282 2.53648 0 0 0 
28609.1 5.41067e+18 28.916 5.26075 0 0 0 
28618.4 5.40769e+18 28.9042 7.76227 0 0 0 
28627.7 5.40475e+18 28.8928 9.91142 0 0 0 
28637 5.40183e+18 28.8818 11.5935 0 0 0 
28646.3 5.39893e+18 28.8711 12.7151 0 0 0 
28655.6 5.39604e+18 28.8604 13.2095 0 0 0 
28664.9 5.39314e+18 28.8495 13.0409 0 0 0 
28674.2 5.39022e+18 28.8383 12.2069 0 0 0 
28683.5 5.38728e+18 28.8267 10.7399 0 0 0 
28692.8 5.38431e+18 28.8146 8.70546 0 0 0 
28702.1 5.38131e+18 28.8021 6.2005 0 0 0 
28711.4 5.37829e+18 28.7894 3.34814 0 0 0 
28720.7 5.37527e+18 28.7766 0.291954 0 0 0 
28730 5.37226e+18 28.764 -2.81136 0 0 0 
28739.3 5.36927e+18 28.7516 -5.80015 0 0 0 
28748.6 5.36631e+18 28.7397 -8.51642 0 0 0 
28757.9 5.36339e+18 28.7283 -10.8144 0 0 0 
28767.2 5.36049e+18 28.7173 -12.5688 0 0 0 
28776.6 5.35762e+18 28.7066 -13.6817 0 0 0 
28785.9 5.35476e+18 28.696 -14.0882 0 0 0 
28795.2 5.35189e+18 28.6853 -13.7609 0 0 0 
28804.5 5.34901e+18 28.6743 -12.7111 0 0 0 
28813.8 5.3461e+18 28.6629 -10.9894 0 0 0 
28823.2 5.34317e+18 28.651 -8.68269 0 0 0 
28832.5 5.3402e+18 28.6387 -5.91015 0 0 0 
28841.8 5.33721e+18 28.6261 -2.81683 0 0 0 
28851.1 5.33421e+18 28.6133 0.43407 0 0 0 
28860.5 5.33122e+18 28.6006 3.67004 0 0 0 
28869.8 5.32825e+18 28.5883 6.71866 0 0 0 
28879.1 5.3253e+18 28.5763 9.41709 0 0 0 
28888.5 5.3224e+18 28.5648 11.621 0 0 0 
28897.8 5.31952e+18 28.5538 13.2127 0 0 0 
28907.1 5.31667e+18 28.5432 14.1073 0 0 0 
28916.5 5.31384e+18 28.5327 14.2578 0 0 0 
28925.8 5.31101e+18 28.5221 13.6573 0 0 0 
28935.1 5.30816e+18 28.5113 12.3398 0 0 0 
28944.5 5.30529e+18 28.5001 10.3775 0 0 0 
28953.8 5.30238e+18 28.4884 7.87739 0 0 0 
28963.2 5.29944e+18 28.4762 4.97492 0 0 0 
28972.5 5.29648e+18 28.4637 1.82643 0 0 0 
28981.9 5.29351e+18 28.451 -1.39948 0 0 0 
28991.2 5.29054e+18 28.4383 -4.53127 0 0 0 
29000.6 5.28758e+18 28.4259 -7.40388 0 0 0 
29009.9 5.28465e+18 28.4139 -9.86759 0 0 0 
29019.3 5.28176e+18 28.4024 -11.7961 0 0 0 
29028.6 5.27891e+18 28.3914 -13.093 0 0 0 
29038 5.27609e+18 28.3808 -13.6967 0 0 0 
29047.3 5.27328e+18 28.3704 -13.5833 0 0 0 
29056.7 5.27048e+18 28.36 -12.7671 0 0 0 
29066 5.26766e+18 28.3493 -11.2998 0 0 0 
29075.4 5.26482e+18 28.3382 -9.26627 0 0 0 
29084.8 5.26195e+18 28.3267 -6.78012 0 0 0 
29094.1 5.25904e+18 28.3146 -3.97677 0 0 0 
29103.5 5.25611e+18 28.3022 -1.00589 0 0 0 
29112.9 5.25316e+18 28.2895 1.97679 0 0 0 
29122.2 5.2502e+18 28.2769 4.81788 0 0 0 
29131.6 5.24727e+18 28.2645 7.37427 0 0 0 
29141 5.24436e+18 28.2524 9.52043 0 0 0 
29150.3 5.24149e+18 28.2409 11.1545 0 0 0 
29159.7 5.23866e+18 28.2299 12.2029 0 0 0 
29169.1 5.23586e+18 28.2194 12.6234 0 0 0 
29178.5 5.23308e+18 28.2091 12.4066 0 0 0 
29187.8 5.23031e+18 28.1988 11.5754 0 0 0 
29197.2 5.22752e+18 28.1882 10.1826 0 0 0 
29206.6 5.22471e+18 28.1773 8.30814 0 0 0 
29216 5.22187e+18 28.1659 6.05346 0 0 0 
29225.4 5.21899e+18 28.154 3.53646 0 0 0 
29234.8 5.21608e+18 28.1417 0.884921 0 0 0 
29244.1 5.21315e+18 28.129 -1.76992 0 0 0 
29253.5 5.21022e+18 28.1164 -4.29983 0 0 0 
29262.9 5.2073e+18 28.104 -6.58562 0 0 0 
29272.3 5.20442e+18 28.092 -8.52248 0 0 0 
29281.7 5.20157e+18 28.0805 -10.0245 0 0 0 
29291.1 5.19876e+18 28.0695 -11.0279 0 0 0 
29300.5 5.19598e+18 28.059 -11.4936 0 0 0 
29309.9 5.19323e+18 28.0487 -11.408 0 0 0 
29319.3 5.19049e+18 28.0386 -10.783 0 0 0 
29328.7 5.18773e+18 28.0282 -9.65488 0 0 0 
29338.1 5.18495e+18 28.0174 -8.08191 0 0 0 
29347.5 5.18214e+18 28.0061 -6.14144 0 0 0 
29356.9 5.17928e+18 27.9943 -3.92617 0 0 0 
29366.3 5.1764e+18 27.982 -1.53989 0 0 0 
29375.7 5.17349e+18 27.9695 0.907098 0 0 0 
29385.1 5.17058e+18 27.9568 3.30266 0 0 0 
29394.5 5.16769e+18 27.9444 5.53757 0 0 0 
29403.9 5.16482e+18 27.9324 7.51003 0 0 0 
29413.3 5.16199e+18 27.9209 9.12991 0 0 0 
29422.7 5.15921e+18 27.91 10.3225 0 0 0 
29432.2 5.15646e+18 27.8996 11.0316 0 0 0 
29441.6 5.15373e+18 27.8894 11.2223 0 0 0 
29451 5.15101e+18 27.8793 10.8823 0 0 0 
29460.4 5.14829e+18 27.8691 10.0232 0 0 0 
29469.8 5.14554e+18 27.8584 8.68006 0 0 0 
29479.2 5.14275e+18 27.8472 6.91066 0 0 0 
29488.7 5.13992e+18 27.8355 4.79326 0 0 0 
29498.1 5.13706e+18 27.8233 2.42377 0 0 0 
29507.5 5.13418e+18 27.8108 -0.0881522 0 0 0 
29516.9 5.13129e+18 27.7982 -2.62373 0 0 0 
29526.4 5.12841e+18 27.7858 -5.06032 0 0 0 
29535.8 5.12557e+18 27.7738 -7.27716 0 0 0 
29545.2 5.12276e+18 27.7624 -9.16118 0 0 0 
29554.7 5.12e+18 27.7515 -10.6129 0 0 0 
29564.1 5.11727e+18 27.7411 -11.5517 0 0 0 
29573.5 5.11458e+18 27.7311 -11.9207 0 0 0 
29583 5.11189e+18 27.7211 -11.6903 0 0 0 
29592.4 5.10919e+18 27.7109 -10.861 0 0 0 
29601.8 5.10646e+18 27.7004 -9.4641 0 0 0 
29611.3 5.1037e+18 27.6893 -7.56115 0 0 0 
29620.7 5.10089e+18 27.6776 -5.24188 0 0 0 
29630.2 5.09806e+18 27.6655 -2.62019 0 0 0 
29639.6 5.09519e+18 27.653 0.171251 0 0 0 
29649.1 5.09233e+18 27.6404 2.9876 0 0 0 
29658.5 5.08948e+18 27.6281 5.6795 0 0 0 
29668 5.08665e+18 27.6162 8.10114 0 0 0 
29677.4 5.08387e+18 27.6048 10.1185 0 0 0 
29686.9 5.08113e+18 27.594 11.6172 0 0 0 
29696.3 5.07844e+18 27.5837 12.5094 0 0 0 
29705.8 5.07576e+18 27.5737 12.739 0 0 0 
29715.2 5.0731e+18 27.5638 12.2863 0 0 0 
29724.7 5.07043e+18 27.5538 11.1689 0 0 0 
29734.1 5.06772e+18 27.5433 9.44197 0 0 0 
29743.6 5.06499e+18 27.5323 7.19553 0 0 0 
29753.1 5.0622e+18 27.5206 4.54965 0 0 0 
29762.5 5.05939e+18 27.5085 1.64802 0 0 0 
29772 5.05655e+18 27.4961 -1.35013 0 0 0 
29781.5 5.0537e+18 27.4836 -4.27916 0 0 0 
29790.9 5.05087e+18 27.4713 -6.97653 0 0 0 
29800.4 5.04807e+18 27.4594 -9.29232 0 0 0 
29809.9 5.04532e+18 27.4481 -11.098 0 0 0 
29819.3 5.0426e+18 27.4374 -12.294 0 0 0 
29828.8 5.03993e+18 27.4272 -12.8154 0 0 0 
29838.3 5.03729e+18 27.4174 -12.6359 0 0 0 
29847.8 5.03465e+18 27.4076 -11.7691 0 0 0 
29857.3 5.032e+18 27.3976 -10.2675 0 0 0 
29866.7 5.02932e+18 27.3871 -8.21911 0 0 0 
29876.2 5.02661e+18 27.3762 -5.74238 0 0 0 
29885.7 5.02385e+18 27.3646 -2.97861 0 0 0 
29895.2 5.02105e+18 27.3525 -0.0836424 0 0 0 
29904.7 5.01823e+18 27.3401 2.78139 0 0 0 
29914.1 5.01541e+18 27.3276 5.45947 0 0 0 
29923.6 5.0126e+18 27.3154 7.80669 0 0 0 
29933.1 5.00982e+18 27.3036 9.70027 0 0 0 
29942.6 5.00709e+18 27.2924 11.0452 0 0 0 
29952.1 5.00441e+18 27.2818 11.7788 0 0 0 
29961.6 5.00177e+18 27.2717 11.874 0 0 0 
29971.1 4.99915e+18 27.262 11.3392 0 0 0 
29980.6 4.99653e+18 27.2523 10.2173 0 0 0 
29990.1 4.99391e+18 27.2423 8.58208 0 0 0 
29999.6 4.99125e+18 27.2319 6.53298 0 0 0 
30009.1 4.98855e+18 27.221 4.18872 0 0 0 
30018.6 4.98581e+18 27.2094 1.68008 0 0 0 
30028.1 4.98304e+18 27.1973 -0.857738 0 0 0 
30037.6 4.98024e+18 27.1849 -3.29266 0 0 0 
30047.1 4.97743e+18 27.1725 -5.50269 0 0 0 
30056.6 4.97465e+18 27.1604 -7.38198 0 0 0 
30066.1 4.9719e+18 27.1487 -8.84565 0 0 0 
30075.6 4.9692e+18 27.1376 -9.83324 0 0 0 
30085.1 4.96655e+18 27.1271 -10.3106 0 0 0 
30094.7 4.96393e+18 27.1172 -10.2703 0 0 0 
30104.2 4.96134e+18 27.1075 -9.73067 0 0 0 
30113.7 4.95875e+18 27.0979 -8.73326 0 0 0 
30123.2 4.95615e+18 27.088 -7.33987 0 0 0 
30132.7 4.95351e+18 27.0776 -5.62835 0 0 0 
30142.2 4.95083e+18 27.0667 -3.68805 0 0 0 
30151.8 4.94811e+18 27.0551 -1.61516 0 0 0 
30161.3 4.94535e+18 27.043 0.491938 0 0 0 
30170.8 4.94257e+18 27.0306 2.53709 0 0 0 
30180.3 4.93979e+18 27.0183 4.43028 0 0 0 
30189.9 4.93703e+18 27.0062 6.09102 0 0 0 
30199.4 4.93431e+18 26.9947 7.45108 0 0 0 
30208.9 4.93163e+18 26.9837 8.45659 0 0 0 
30218.5 4.92901e+18 26.9734 9.06947 0 0 0 
30228 4.92642e+18 26.9636 9.2683 0 0 0 
30237.5 4.92386e+18 26.9541 9.04855 0 0 0 
30247.1 4.92129e+18 26.9445 8.42241 0 0 0 
30256.6 4.91871e+18 26.9346 7.41805 0 0 0 
30266.1 4.91609e+18 26.9242 6.07857 0 0 0 
30275.7 4.91343e+18 26.9132 4.46049 0 0 0 
30285.2 4.91072e+18 26.9016 2.63192 0 0 0 
30294.8 4.90797e+18 26.8895 0.670269 0 0 0 
30304.3 4.90521e+18 26.8772 -1.34029 0 0 0 
30313.9 4.90246e+18 26.8649 -3.31178 0 0 0 
30323.4 4.89972e+18 26.853 -5.15563 0 0 0 
30333 4.89703e+18 26.8416 -6.78619 0 0 0 
30342.5 4.89439e+18 26.8308 -8.12437 0 0 0 
30352.1 4.8918e+18 26.8207 -9.10128 0 0 0 
30361.6 4.88924e+18 26.811 -9.66184 0 0 0 
30371.2 4.8867e+18 26.8015 -9.76799 0 0 0 
30380.7 4.88416e+18 26.792 -9.40142 0 0 0 
30390.3 4.88159e+18 26.7822 -8.56561 0 0 0 
30399.8 4.87899e+18 26.7717 -7.2869 0 0 0 
30409.4 4.87634e+18 26.7607 -5.6146 0 0 0 
30419 4.87364e+18 26.749 -3.6198 0 0 0 
30428.5 4.87092e+18 26.7369 -1.39295 0 0 0 
30438.1 4.86817e+18 26.7246 0.959703 0 0 0 
30447.7 4.86544e+18 26.7124 3.32088 0 0 0 
30457.2 4.86274e+18 26.7006 5.56798 0 0 0 
30466.8 4.86008e+18 26.6894 7.57942 0 0 0 
30476.4 4.85747e+18 26.6788 9.24136 0 0 0 
30485.9 4.85491e+18 26.6689 10.4544 0 0 0 
30495.5 4.85238e+18 26.6593 11.1398 0 0 0 
30505.1 4.84986e+18 26.65 11.2449 0 0 0 
30514.7 4.84734e+18 26.6405 10.7473 0 0 0 
30524.2 4.84479e+18 26.6306 9.65738 0 0 0 
30533.8 4.8422e+18 26.6201 8.01894 0 0 0 
30543.4 4.83956e+18 26.609 5.90829 0 0 0 
30553 4.83688e+18 26.5973 3.43084 0 0 0 
30562.6 4.83417e+18 26.5851 0.716026 0 0 0 
30572.2 4.83145e+18 26.5729 -2.08938 0 0 0 
30581.7 4.82874e+18 26.5608 -4.82937 0 0 0 
30591.3 4.82607e+18 26.5491 -7.34763 0 0 0 
30600.9 4.82344e+18 26.5381 -9.49675 0 0 0 
30610.5 4.82086e+18 26.5278 -11.1473 0 0 0 
30620.1 4.81834e+18 26.518 -12.1958 0 0 0 
30629.7 4.81584e+18 26.5086 -12.5721 0 0 0 
30639.3 4.81335e+18 26.4993 -12.2436 0 0 0 
30648.9 4.81084e+18 26.4899 -11.2186 0 0 0 
30658.5 4.80831e+18 26.4799 -9.54648 0 0 0 
30668.1 4.80573e+18 26.4693 -7.3155 0 0 0 
30677.7 4.8031e+18 26.4581 -4.64809 0 0 0 
30687.3 4.80042e+18 26.4463 -1.69412 0 0 0 
30696.9 4.79773e+18 26.4342 1.37783 0 0 0 
30706.5 4.79503e+18 26.422 4.39043 0 0 0 
30716.1 4.79235e+18 26.41 7.1682 0 0 0 
30725.7 4.78971e+18 26.3986 9.54822 0 0 0 
30735.3 4.78712e+18 26.3878 11.39 0 0 0 
30744.9 4.78458e+18 26.3777 12.5845 0 0 0 
30754.5 4.78208e+18 26.3681 13.0603 0 0 0 
30764.2 4.77961e+18 26.3589 12.7886 0 0 0 
30773.8 4.77714e+18 26.3496 11.7852 0 0 0 
30783.4 4.77465e+18 26.3401 10.1089 0 0 0 
30793 4.77213e+18 26.3301 7.85868 0 0 0 
30802.6 4.76955e+18 26.3194 5.16707 0 0 0 
30812.2 4.76693e+18 26.308 2.19234 0 0 0 
30821.9 4.76427e+18 26.2962 -0.891309 0 0 0 
30831.5 4.76159e+18 26.284 -3.9044 0 0 0 
30841.1 4.75892e+18 26.2719 -6.67299 0 0 0 
30850.7 4.75627e+18 26.2602 -9.03917 0 0 0 
30860.4 4.75366e+18 26.249 -10.8703 0 0 0 
30870 4.75111e+18 26.2384 -12.0667 0 0 0 
30879.6 4.74861e+18 26.2286 -12.5673 0 0 0 
30889.3 4.74614e+18 26.2192 -12.3524 0 0 0 
30898.9 4.7437e+18 26.21 -11.4445 0 0 0 
30908.5 4.74125e+18 26.2008 -9.90586 0 0 0 
30918.2 4.73877e+18 26.1912 -7.83427 0 0 0 
30927.8 4.73625e+18 26.1811 -5.35641 0 0 0 
30937.5 4.73368e+18 26.1702 -2.61976 0 0 0 
30947.1 4.73107e+18 26.1587 0.216576 0 0 0 
30956.7 4.72842e+18 26.1468 2.99141 0 0 0 
30966.4 4.72576e+18 26.1347 5.55095 0 0 0 
30976 4.72311e+18 26.1227 7.75742 0 0 0 
30985.7 4.7205e+18 26.1112 9.49653 0 0 0 
30995.3 4.71793e+18 26.1003 10.6833 0 0 0 
31005 4.71542e+18 26.09 11.2658 0 0 0 
31014.6 4.71295e+18 26.0804 11.2271 0 0 0 
31024.3 4.71051e+18 26.0712 10.5851 0 0 0 
31033.9 4.70809e+18 26.0621 9.38973 0 0 0 
31043.6 4.70565e+18 26.0529 7.71962 0 0 0 
31053.2 4.70318e+18 26.0432 5.6763 0 0 0 
31062.9 4.70067e+18 26.0328 3.37795 0 0 0 
31072.6 4.6981e+18 26.0218 0.95232 0 0 0 
31082.2 4.6955e+18 26.0102 -1.47038 0 0 0 
31091.9 4.69286e+18 25.9983 -3.76446 0 0 0 
31101.6 4.69023e+18 25.9863 -5.81502 0 0 0 
31111.2 4.68761e+18 25.9745 -7.52339 0 0 0 
31120.9 4.68503e+18 25.9632 -8.81142 0 0 0 
31130.6 4.68251e+18 25.9525 -9.6245 0 0 0 
31140.2 4.68003e+18 25.9426 -9.93329 0 0 0 
31149.9 4.6776e+18 25.9332 -9.73409 0 0 0 
31159.6 4.67519e+18 25.9241 -9.04801 0 0 0 
31169.2 4.67278e+18 25.9151 -7.91908 0 0 0 
31178.9 4.67036e+18 25.9057 -6.41135 0 0 0 
31188.6 4.66789e+18 25.8959 -4.60534 0 0 0 
31198.3 4.66538e+18 25.8854 -2.59385 0 0 0 
31208 4.66282e+18 25.8742 -0.477543 0 0 0 
31217.6 4.66022e+18 25.8625 1.63976 0 0 0 
31227.3 4.6576e+18 25.8506 3.65567 0 0 0 
31237 4.655e+18 25.8387 5.4737 0 0 0 
31246.7 4.65241e+18 25.8271 7.00742 0 0 0 
31256.4 4.64988e+18 25.8161 8.18413 0 0 0 
31266.1 4.64739e+18 25.8058 8.94803 0 0 0 
31275.8 4.64495e+18 25.7961 9.26268 0 0 0 
31285.5 4.64255e+18 25.7869 9.11271 0 0 0 
31295.1 4.64016e+18 25.7779 8.50472 0 0 0 
31304.8 4.63777e+18 25.7688 7.46726 0 0 0 
31314.5 4.63535e+18 25.7594 6.04985 0 0 0 
31324.2 4.63289e+18 25.7494 4.32106 0 0 0 
31333.9 4.63038e+18 25.7386 2.36564 0 0 0 
31343.6 4.62782e+18 25.7273 0.280835 0 0 0 
31353.3 4.62524e+18 25.7156 -1.8281 0 0 0 
31363 4.62264e+18 25.7037 -3.85294 0 0 0 
31372.7 4.62006e+18 25.692 -5.68792 0 0 0 
31382.5 4.61752e+18 25.6807 -7.2352 0 0 0 
31392.2 4.61502e+18 25.67 -8.41025 0 0 0 
31401.9 4.61258e+18 25.66 -9.14667 0 0 0 
31411.6 4.61017e+18 25.6506 -9.40027 0 0 0 
31421.3 4.6078e+18 25.6415 -9.15211 0 0 0 
31431 4.60543e+18 25.6326 -8.41014 0 0 0 
31440.7 4.60305e+18 25.6234 -7.20955 0 0 0 
31450.4 4.60063e+18 25.6138 -5.61137 0 0 0 
31460.2 4.59817e+18 25.6036 -3.6997 0 0 0 
31469.9 4.59566e+18 25.5927 -1.57741 0 0 0 
31479.6 4.59311e+18 25.5812 0.639395 0 0 0 
31489.3 4.59054e+18 25.5695 2.82782 0 0 0 
31499 4.58798e+18 25.5577 4.8652 0 0 0 
31508.8 4.58543e+18 25.5462 6.63629 0 0 0 
31518.5 4.58293e+18 25.5352 8.04011 0 0 0 
31528.2 4.58047e+18 25.5248 8.99616 0 0 0 
31538 4.57806e+18 25.5151 9.44929 0 0 0 
31547.7 4.57569e+18 25.5059 9.37331 0 0 0 
31557.4 4.57334e+18 25.497 8.77271 0 0 0 
31567.2 4.57099e+18 25.4881 7.68253 0 0 0 
31576.9 4.56861e+18 25.4788 6.16637 0 0 0 
31586.6 4.5662e+18 25.469 4.31265 0 0 0 
31596.4 4.56373e+18 25.4585 2.22921 0 0 0 
31606.1 4.56123e+18 25.4475 0.0368233 0 0 0 
31615.9 4.55869e+18 25.4359 -2.13816 0 0 0 
31625.6 4.55614e+18 25.4242 -4.17145 0 0 0 
31635.3 4.55361e+18 25.4125 -5.94828 0 0 0 
31645.1 4.5511e+18 25.4013 -7.37023 0 0 0 
31654.8 4.54863e+18 25.3906 -8.36092 0 0 0 
31664.6 4.54622e+18 25.3806 -8.87029 0 0 0 
31674.3 4.54385e+18 25.3712 -8.87718 0 0 0 
31684.1 4.5415e+18 25.3622 -8.39002 0 0 0 
31693.8 4.53917e+18 25.3534 -7.44577 0 0 0 
31703.6 4.53683e+18 25.3444 -6.10699 0 0 0 
31713.3 4.53446e+18 25.3349 -4.45756 0 0 0 
31723.1 4.53204e+18 25.3249 -2.59707 0 0 0 
31732.9 4.52958e+18 25.3142 -0.634536 0 0 0 
31742.6 4.52708e+18 25.303 1.31835 0 0 0 
31752.4 4.52456e+18 25.2914 3.15382 0 0 0 
31762.2 4.52203e+18 25.2797 4.77419 0 0 0 
31771.9 4.51953e+18 25.2683 6.09711 0 0 0 
31781.7 4.51706e+18 25.2573 7.05973 0 0 0 
31791.5 4.51463e+18 25.247 7.62144 0 0 0 
31801.2 4.51226e+18 25.2374 7.76523 0 0 0 
31811 4.50992e+18 25.2282 7.49749 0 0 0 
31820.8 4.5076e+18 25.2194 6.84661 0 0 0 
31830.5 4.50529e+18 25.2105 5.8602 0 0 0 
31840.3 4.50295e+18 25.2014 4.60152 0 0 0 
31850.1 4.50058e+18 25.1918 3.14519 0 0 0 
31859.9 4.49817e+18 25.1815 1.57255 0 0 0 
31869.6 4.49571e+18 25.1706 -0.0330154 0 0 0 
31879.4 4.49321e+18 25.1593 -1.59051 0 0 0 
31889.2 4.49071e+18 25.1477 -3.02531 0 0 0 
31899 4.48821e+18 25.1361 -4.27248 0 0 0 
31908.8 4.48574e+18 25.125 -5.27928 0 0 0 
31918.6 4.48331e+18 25.1144 -6.00689 0 0 0 
31928.4 4.48092e+18 25.1044 -6.43127 0 0 0 
31938.1 4.47859e+18 25.0951 -6.54319 0 0 0 
31947.9 4.47628e+18 25.0861 -6.34763 0 0 0 
31957.7 4.47399e+18 25.0774 -5.86264 0 0 0 
31967.5 4.47168e+18 25.0685 -5.11768 0 0 0 
31977.3 4.46935e+18 25.0592 -4.15177 0 0 0 
31987.1 4.46698e+18 25.0493 -3.01142 0 0 0 
31996.9 4.46456e+18 25.0388 -1.74856 0 0 0 
32006.7 4.46211e+18 25.0277 -0.418476 0 0 0 
32016.5 4.45963e+18 25.0163 0.922163 0 0 0 
32026.3 4.45714e+18 25.0047 2.21716 0 0 0 
32036.1 4.45467e+18 24.9934 3.41254 0 0 0 
32045.9 4.45224e+18 24.9826 4.45814 0 0 0 
32055.7 4.44985e+18 24.9723 5.30921 0 0 0 
32065.5 4.44751e+18 24.9627 5.92779 0 0 0 
32075.4 4.4452e+18 24.9537 6.28416 0 0 0 
32085.2 4.44293e+18 24.945 6.35805 0 0 0 
32095 4.44065e+18 24.9362 6.13986 0 0 0 
32104.8 4.43835e+18 24.9272 5.63153 0 0 0 
32114.6 4.43602e+18 24.9177 4.84722 0 0 0 
32124.4 4.43365e+18 24.9076 3.81363 0 0 0 
32134.3 4.43123e+18 24.8968 2.56982 0 0 0 
32144.1 4.42878e+18 24.8856 1.16639 0 0 0 
32153.9 4.42631e+18 24.8741 -0.335809 0 0 0 
32163.7 4.42385e+18 24.8627 -1.86777 0 0 0 
32173.5 4.42142e+18 24.8516 -3.35501 0 0 0 
32183.4 4.41902e+18 24.8411 -4.7209 0 0 0 
32193.2 4.41668e+18 24.8313 -5.89043 0 0 0 
32203 4.41438e+18 24.8221 -6.7943 0 0 0 
32212.9 4.41211e+18 24.8133 -7.37316 0 0 0 
32222.7 4.40985e+18 24.8046 -7.58158 0 0 0 
32232.5 4.40759e+18 24.7959 -7.39166 0 0 0 
32242.4 4.4053e+18 24.7867 -6.7959 0 0 0 
32252.2 4.40296e+18 24.7769 -5.80904 0 0 0 
32262 4.40058e+18 24.7665 -4.46873 0 0 0 
32271.9 4.39816e+18 24.7555 -2.83484 0 0 0 
32281.7 4.39572e+18 24.7441 -0.987296 0 0 0 
32291.6 4.39327e+18 24.7327 0.977481 0 0 0 
32301.4 4.39084e+18 24.7215 2.95141 0 0 0 
32311.3 4.38844e+18 24.7107 4.82067 0 0 0 
32321.1 4.3861e+18 24.7007 6.4724 0 0 0 
32330.9 4.38379e+18 24.6912 7.80168 0 0 0 
32340.8 4.38153e+18 24.6823 8.71848 0 0 0 
32350.7 4.37929e+18 24.6737 9.15398 0 0 0 
32360.5 4.37706e+18 24.6651 9.06593 0 0 0 
32370.4 4.3748e+18 24.6562 8.44248 0 0 0 
32380.2 4.3725e+18 24.6468 7.30426 0 0 0 
32390.1 4.37016e+18 24.6367 5.70442 0 0 0 
32399.9 4.36778e+18 24.6259 3.72655 0 0 0 
32409.8 4.36536e+18 24.6148 1.48045 0 0 0 
32419.7 4.36293e+18 24.6034 -0.903934 0 0 0 
32429.5 4.3605e+18 24.5921 -3.28414 0 0 0 
32439.4 4.35811e+18 24.5812 -5.514 0 0 0 
32449.3 4.35576e+18 24.5709 -7.45292 0 0 0 
32459.1 4.35346e+18 24.5612 -8.97514 0 0 0 
32469 4.3512e+18 24.5522 -9.97827 0 0 0 
32478.9 4.34897e+18 24.5436 -10.3905 0 0 0 
32488.7 4.34676e+18 24.5351 -10.1761 0 0 0 
32498.6 4.34453e+18 24.5264 -9.33831 0 0 0 
32508.5 4.34227e+18 24.5172 -7.92013 0 0 0 
32518.4 4.33997e+18 24.5075 -6.00214 0 0 0 
32528.2 4.33762e+18 24.497 -3.69795 0 0 0 
32538.1 4.33523e+18 24.486 -1.14721 0 0 0 
32548 4.33282e+18 24.4747 1.49307 0 0 0 
32557.9 4.33041e+18 24.4634 4.05864 0 0 0 
32567.8 4.32801e+18 24.4524 6.3886 0 0 0 
32577.7 4.32566e+18 24.4419 8.33599 0 0 0 
32587.5 4.32336e+18 24.432 9.77744 0 0 0 
32597.4 4.32111e+18 24.4229 10.6214 0 0 0 
32607.3 4.31889e+18 24.4142 10.8142 0 0 0 
32617.2 4.31669e+18 24.4057 10.3436 0 0 0 
32627.1 4.31449e+18 24.3972 9.23975 0 0 0 
32637 4.31226e+18 24.3883 7.57298 0 0 0 
32646.9 4.31e+18 24.3788 5.44926 0 0 0 
32656.8 4.30768e+18 24.3687 3.00309 0 0 0 
32666.7 4.30532e+18 24.358 0.388602 0 0 0 
32676.6 4.30294e+18 24.3468 -2.23058 0 0 0 
32686.5 4.30054e+18 24.3355 -4.69203 0 0 0 
32696.4 4.29816e+18 24.3243 -6.84499 0 0 0 
32706.3 4.29581e+18 24.3137 -8.55997 0 0 0 
32716.2 4.2935e+18 24.3036 -9.73679 0 0 0 
32726.1 4.29125e+18 24.2943 -10.3105 0 0 0 
32736 4.28904e+18 24.2855 -10.2551 0 0 0 
32745.9 4.28686e+18 24.2771 -9.5841 0 0 0 
32755.9 4.28468e+18 24.2687 -8.34927 0 0 0 
32765.8 4.28248e+18 24.26 -6.6362 0 0 0 
32775.7 4.28025e+18 24.2508 -4.55817 0 0 0 
32785.6 4.27797e+18 24.241 -2.24825 0 0 0 
32795.5 4.27564e+18 24.2305 0.149553 0 0 0 
32805.4 4.27328e+18 24.2195 2.48966 0 0 0 
32815.4 4.2709e+18 24.2082 4.63402 0 0 0 
32825.3 4.26853e+18 24.197 6.46043 0 0 0 
32835.2 4.26618e+18 24.1862 7.86951 0 0 0 
32845.1 4.26388e+18 24.176 8.78997 0 0 0 
32855.1 4.26163e+18 24.1665 9.18191 0 0 0 
32865 4.25942e+18 24.1576 9.03798 0 0 0 
32874.9 4.25725e+18 24.1491 8.38249 0 0 0 
32884.9 4.25509e+18 24.1408 7.26867 0 0 0 
32894.8 4.25292e+18 24.1323 5.77417 0 0 0 
32904.7 4.25072e+18 24.1234 3.9955 0 0 0 
32914.7 4.24848e+18 24.1138 2.04148 0 0 0 
32924.6 4.24618e+18 24.1036 0.0264984 0 0 0 
32934.5 4.24385e+18 24.0928 -1.93632 0 0 0 
32944.5 4.24149e+18 24.0816 -3.74134 0 0 0 
32954.4 4.23913e+18 24.0704 -5.29584 0 0 0 
32964.4 4.23679e+18 24.0595 -6.52441 0 0 0 
32974.3 4.23449e+18 24.0491 -7.37209 0 0 0 
32984.3 4.23224e+18 24.0394 -7.80618 0 0 0 
32994.2 4.23003e+18 24.0304 -7.81672 0 0 0 
33004.2 4.22787e+18 24.0219 -7.41589 0 0 0 
33014.1 4.22573e+18 24.0137 -6.6362 0 0 0 
33024.1 4.22359e+18 24.0053 -5.52788 0 0 0 
33034 4.22142e+18 23.9966 -4.15562 0 0 0 
33044 4.21921e+18 23.9873 -2.59488 0 0 0 
33053.9 4.21694e+18 23.9773 -0.927848 0 0 0 
33063.9 4.21464e+18 23.9667 0.760486 0 0 0 
33073.8 4.2123e+18 23.9556 2.38626 0 0 0 
33083.8 4.20995e+18 23.9444 3.8704 0 0 0 
33093.8 4.20762e+18 23.9334 5.1419 0 0 0 
33103.7 4.20532e+18 23.9229 6.14076 0 0 0 
33113.7 4.20307e+18 23.9131 6.82028 0 0 0 
33123.7 4.20088e+18 23.9039 7.14902 0 0 0 
33133.6 4.19872e+18 23.8954 7.11199 0 0 0 
33143.6 4.1966e+18 23.8872 6.71138 0 0 0 
33153.6 4.19448e+18 23.879 5.96652 0 0 0 
33163.6 4.19234e+18 23.8705 4.91326 0 0 0 
33173.5 4.19016e+18 23.8615 3.60262 0 0 0 
33183.5 4.18793e+18 23.8517 2.09881 0 0 0 
33193.5 4.18565e+18 23.8412 0.476529 0 0 0 
33203.5 4.18333e+18 23.8303 -1.18228 0 0 0 
33213.4 4.181e+18 23.8191 -2.79216 0 0 0 
33223.4 4.17867e+18 23.8081 -4.26829 0 0 0 
33233.4 4.17638e+18 23.7974 -5.53078 0 0 0 
33243.4 4.17413e+18 23.7875 -6.50899 0 0 0 
33253.4 4.17194e+18 23.7782 -7.14554 0 0 0 
33263.4 4.1698e+18 23.7696 -7.39995 0 0 0 
33273.4 4.16769e+18 23.7614 -7.25141 0 0 0 
33283.4 4.16559e+18 23.7534 -6.70074 0 0 0 
33293.3 4.16347e+18 23.7451 -5.77109 0 0 0 
33303.3 4.16132e+18 23.7362 -4.50746 0 0 0 
33313.3 4.15912e+18 23.7267 -2.97496 0 0 0 
33323.3 4.15687e+18 23.7164 -1.25565 0 0 0 
33333.3 4.15458e+18 23.7056 0.555633 0 0 0 
33343.3 4.15226e+18 23.6944 2.35647 0 0 0 
33353.3 4.14995e+18 23.6833 4.04275 0 0 0 
33363.3 4.14766e+18 23.6726 5.51482 0 0 0 
33373.3 4.14542e+18 23.6626 6.68363 0 0 0 
33383.4 4.14323e+18 23.6532 7.47645 0 0 0 
33393.4 4.1411e+18 23.6446 7.84164 0 0 0 
33403.4 4.139e+18 23.6364 7.75239 0 0 0 
33413.4 4.13692e+18 23.6284 7.2088 0 0 0 
33423.4 4.13483e+18 23.6203 6.23846 0 0 0 
33433.4 4.13271e+18 23.6116 4.89521 0 0 0 
33443.4 4.13054e+18 23.6023 3.2562 0 0 0 
33453.4 4.12832e+18 23.5922 1.41745 0 0 0 
33463.5 4.12604e+18 23.5815 -0.511967 0 0 0 
33473.5 4.12374e+18 23.5704 -2.41658 0 0 0 
33483.5 4.12144e+18 23.5593 -4.18167 0 0 0 
33493.5 4.11916e+18 23.5485 -5.70055 0 0 0 
33503.5 4.11692e+18 23.5383 -6.88123 0 0 0 
33513.6 4.11474e+18 23.5289 -7.65231 0 0 0 
33523.6 4.11262e+18 23.5202 -7.9675 0 0 0 
33533.6 4.11053e+18 23.5121 -7.80855 0 0 0 
33543.7 4.10848e+18 23.5042 -7.18636 0 0 0 
33553.7 4.10641e+18 23.4962 -6.14023 0 0 0 
33563.7 4.10432e+18 23.4877 -4.7353 0 0 0 
33573.8 4.10217e+18 23.4785 -3.05829 0 0 0 
33583.8 4.09997e+18 23.4686 -1.21191 0 0 0 
33593.8 4.09772e+18 23.458 0.691649 0 0 0 
33603.9 4.09544e+18 23.447 2.53787 0 0 0 
33613.9 4.09314e+18 23.4358 4.21699 0 0 0 
33624 4.09087e+18 23.425 5.63081 0 0 0 
33634 4.08864e+18 23.4147 6.69855 0 0 0 
33644.1 4.08647e+18 23.4053 7.36152 0 0 0 
33654.1 4.08435e+18 23.3965 7.58637 0 0 0 
33664.2 4.08229e+18 23.3884 7.36658 0 0 0 
33674.2 4.08025e+18 23.3806 6.72229 0 0 0 
33684.3 4.07821e+18 23.3727 5.69848 0 0 0 
33694.3 4.07614e+18 23.3644 4.36163 0 0 0 
33704.4 4.07402e+18 23.3554 2.79514 0 0 0 
33714.4 4.07184e+18 23.3456 1.09395 0 0 0 
33724.5 4.06961e+18 23.3351 -0.6415 0 0 0 
33734.5 4.06734e+18 23.3241 -2.31132 0 0 0 
33744.6 4.06506e+18 23.313 -3.82201 0 0 0 
33754.7 4.06279e+18 23.3021 -5.09167 0 0 0 
33764.7 4.06057e+18 23.2918 -6.05431 0 0 0 
33774.8 4.05841e+18 23.2823 -6.66307 0 0 0 
33784.9 4.05631e+18 23.2736 -6.89214 0 0 0 
33794.9 4.05426e+18 23.2655 -6.73743 0 0 0 
33805 4.05224e+18 23.2578 -6.21595 0 0 0 
33815.1 4.05022e+18 23.25 -5.3641 0 0 0 
33825.1 4.04817e+18 23.2418 -4.23488 0 0 0 
33835.2 4.04608e+18 23.233 -2.8945 0 0 0 
33845.3 4.04392e+18 23.2233 -1.41837 0 0 0 
33855.4 4.04171e+18 23.2128 0.113133 0 0 0 
33865.4 4.03945e+18 23.2019 1.61889 0 0 0 
33875.5 4.03718e+18 23.1908 3.02112 0 0 0 
33885.6 4.03493e+18 23.1799 4.24902 0 0 0 
33895.7 4.03271e+18 23.1695 5.24197 0 0 0 
33905.8 4.03056e+18 23.16 5.95203 0 0 0 
33915.9 4.02847e+18 23.1513 6.34586 0 0 0 
33925.9 4.02644e+18 23.1433 6.40589 0 0 0 
33936 4.02444e+18 23.1356 6.13078 0 0 0 
33946.1 4.02245e+18 23.128 5.53533 0 0 0 
33956.2 4.02042e+18 23.1199 4.64964 0 0 0 
33966.3 4.01835e+18 23.1111 3.51776 0 0 0 
33976.4 4.01621e+18 23.1016 2.19576 0 0 0 
33986.5 4.01401e+18 23.0912 0.749441 0 0 0 
33996.6 4.01177e+18 23.0802 -0.74854 0 0 0 
34006.7 4.00951e+18 23.0691 -2.22178 0 0 0 
34016.8 4.00727e+18 23.0582 -3.59354 0 0 0 
34026.9 4.00506e+18 23.0479 -4.79034 0 0 0 
34037 4.00293e+18 23.0384 -5.74563 0 0 0 
34047.1 4.00086e+18 23.0297 -6.40331 0 0 0 
34057.2 3.99884e+18 23.0218 -6.721 0 0 0 
34067.3 3.99687e+18 23.0142 -6.67294 0 0 0 
34077.5 3.99489e+18 23.0066 -6.25211 0 0 0 
34087.6 3.99289e+18 22.9987 -5.47161 0 0 0 
34097.7 3.99083e+18 22.99 -4.36503 0 0 0 
34107.8 3.98871e+18 22.9804 -2.98562 0 0 0 
34117.9 3.98652e+18 22.9701 -1.40438 0 0 0 
34128 3.98429e+18 22.9592 0.293185 0 0 0 
34138.1 3.98204e+18 22.9481 2.01132 0 0 0 
34148.3 3.97981e+18 22.9372 3.64921 0 0 0 
34158.4 3.97762e+18 22.9269 5.10694 0 0 0 
34168.5 3.9755e+18 22.9174 6.29168 0 0 0 
34178.6 3.97345e+18 22.9088 7.12383 0 0 0 
34188.8 3.97146e+18 22.901 7.54274 0 0 0 
34198.9 3.9695e+18 22.8935 7.51144 0 0 0 
34209 3.96755e+18 22.886 7.02009 0 0 0 
34219.2 3.96556e+18 22.8781 6.08775 0 0 0 
34229.3 3.96352e+18 22.8694 4.76228 0 0 0 
34239.4 3.96141e+18 22.8599 3.11835 0 0 0 
34249.6 3.95923e+18 22.8496 1.25336 0 0 0 
34259.7 3.95701e+18 22.8386 -0.718264 0 0 0 
34269.8 3.95477e+18 22.8276 -2.67224 0 0 0 
34280 3.95255e+18 22.8167 -4.48254 0 0 0 
34290.1 3.95038e+18 22.8065 -6.02993 0 0 0 
34300.3 3.94828e+18 22.7971 -7.21027 0 0 0 
34310.4 3.94626e+18 22.7886 -7.942 0 0 0 
34320.6 3.94429e+18 22.7809 -8.17221 0 0 0 
34330.7 3.94235e+18 22.7735 -7.88086 0 0 0 
34340.9 3.94041e+18 22.7661 -7.08266 0 0 0 
34351 3.93844e+18 22.7582 -5.82662 0 0 0 
34361.2 3.93641e+18 22.7495 -4.19299 0 0 0 
34371.3 3.93431e+18 22.74 -2.28803 0 0 0 
34381.5 3.93214e+18 22.7296 -0.236818 0 0 0 
34391.6 3.92993e+18 22.7187 1.82539 0 0 0 
34401.8 3.9277e+18 22.7076 3.76253 0 0 0 
34412 3.9255e+18 22.6969 5.44726 0 0 0 
34422.1 3.92335e+18 22.6867 6.7698 0 0 0 
34432.3 3.92128e+18 22.6775 7.64556 0 0 0 
34442.5 3.91927e+18 22.6692 8.02084 0 0 0 
34452.6 3.91733e+18 22.6615 7.87635 0 0 0 
34462.8 3.91541e+18 22.6542 7.22815 0 0 0 
34473 3.91349e+18 22.6468 6.12609 0 0 0 
34483.1 3.91153e+18 22.6389 4.64977 0 0 0 
34493.3 3.9095e+18 22.6302 2.90251 0 0 0 
34503.5 3.9074e+18 22.6206 1.00368 0 0 0 
34513.7 3.90524e+18 22.6102 -0.91996 0 0 0 
34523.8 3.90304e+18 22.5993 -2.74314 0 0 0 
34534 3.90083e+18 22.5883 -4.35072 0 0 0 
34544.2 3.89865e+18 22.5776 -5.64525 0 0 0 
34554.4 3.89652e+18 22.5676 -6.55305 0 0 0 
34564.6 3.89447e+18 22.5586 -7.02837 0 0 0 
34574.7 3.8925e+18 22.5504 -7.05541 0 0 0 
34584.9 3.89057e+18 22.5428 -6.64814 0 0 0 
34595.1 3.88868e+18 22.5356 -5.848 0 0 0 
34605.3 3.88677e+18 22.5282 -4.71986 0 0 0 
34615.5 3.88481e+18 22.5203 -3.3465 0 0 0 
34625.7 3.88279e+18 22.5115 -1.8222 0 0 0 
34635.9 3.8807e+18 22.5018 -0.245891 0 0 0 
34646.1 3.87854e+18 22.4914 1.2855 0 0 0 
34656.3 3.87635e+18 22.4805 2.6832 0 0 0 
34666.5 3.87415e+18 22.4695 3.87164 0 0 0 
34676.7 3.872e+18 22.459 4.79232 0 0 0 
34686.9 3.8699e+18 22.4492 5.40613 0 0 0 
34697.1 3.86788e+18 22.4403 5.69425 0 0 0 
34707.3 3.86593e+18 22.4323 5.65763 0 0 0 
34717.5 3.86403e+18 22.4249 5.31526 0 0 0 
34727.7 3.86215e+18 22.4176 4.70148 0 0 0 
34737.9 3.86025e+18 22.4102 3.86266 0 0 0 
34748.1 3.85829e+18 22.4022 2.85355 0 0 0 
34758.3 3.85627e+18 22.3933 1.73355 0 0 0 
34768.6 3.85418e+18 22.3836 0.563352 0 0 0 
34778.8 3.85203e+18 22.3731 -0.598187 0 0 0 
34789 3.84985e+18 22.3622 -1.69646 0 0 0 
34799.2 3.84768e+18 22.3514 -2.683 0 0 0 
34809.4 3.84555e+18 22.341 -3.51682 0 0 0 
34819.7 3.84348e+18 22.3314 -4.16515 0 0 0 
34829.9 3.84149e+18 22.3228 -4.60391 0 0 0 
34840.1 3.83957e+18 22.3149 -4.81774 0 0 0 
34850.3 3.83769e+18 22.3076 -4.80005 0 0 0 
34860.6 3.83582e+18 22.3004 -4.55282 0 0 0 
34870.8 3.83392e+18 22.2929 -4.08652 0 0 0 
34881 3.83197e+18 22.2847 -3.41988 0 0 0 
34891.3 3.82994e+18 22.2757 -2.57976 0 0 0 
34901.5 3.82785e+18 22.2658 -1.60071 0 0 0 
34911.7 3.82571e+18 22.2553 -0.524476 0 0 0 
34922 3.82355e+18 22.2445 0.600985 0 0 0 
34932.2 3.8214e+18 22.2339 1.72281 0 0 0 
34942.4 3.8193e+18 22.2237 2.7851 0 0 0 
34952.7 3.81727e+18 22.2144 3.73123 0 0 0 
34962.9 3.81531e+18 22.2059 4.50669 0 0 0 
34973.2 3.81341e+18 22.1982 5.06217 0 0 0 
34983.4 3.81155e+18 22.1909 5.35689 0 0 0 
34993.7 3.80969e+18 22.1837 5.36183 0 0 0 
35003.9 3.80779e+18 22.1761 5.06254 0 0 0 
35014.2 3.80583e+18 22.1678 4.46144 0 0 0 
35024.4 3.8038e+18 22.1586 3.57913 0 0 0 
35034.7 3.80171e+18 22.1487 2.45465 0 0 0 
35044.9 3.79958e+18 22.1382 1.14442 0 0 0 
35055.2 3.79744e+18 22.1275 -0.280125 0 0 0 
35065.4 3.79532e+18 22.117 -1.73615 0 0 0 
35075.7 3.79326e+18 22.1071 -3.13423 0 0 0 
35086 3.79126e+18 22.098 -4.38392 0 0 0 
35096.2 3.78933e+18 22.0897 -5.39987 0 0 0 
35106.5 3.78746e+18 22.0822 -6.108 0 0 0 
35116.8 3.78561e+18 22.0749 -6.45117 0 0 0 
35127 3.78375e+18 22.0676 -6.39412 0 0 0 
35137.3 3.78184e+18 22.0599 -5.92694 0 0 0 
35147.6 3.77988e+18 22.0514 -5.06697 0 0 0 
35157.8 3.77785e+18 22.0421 -3.85882 0 0 0 
35168.1 3.77576e+18 22.0321 -2.37234 0 0 0 
35178.4 3.77365e+18 22.0216 -0.698704 0 0 0 
35188.7 3.77153e+18 22.011 1.05528 0 0 0 
35199 3.76944e+18 22.0008 2.77413 0 0 0 
35209.2 3.76742e+18 21.9911 4.34167 0 0 0 
35219.5 3.76545e+18 21.9823 5.64918 0 0 0 
35229.8 3.76356e+18 21.9743 6.60338 0 0 0 
35240.1 3.7617e+18 21.9668 7.13344 0 0 0 
35250.4 3.75985e+18 21.9595 7.19652 0 0 0 
35260.7 3.75799e+18 21.9521 6.7815 0 0 0 
35270.9 3.75608e+18 21.9442 5.91027 0 0 0 
35281.2 3.75411e+18 21.9355 4.63687 0 0 0 
35291.5 3.75208e+18 21.9261 3.04402 0 0 0 
35301.8 3.75e+18 21.916 1.23768 0 0 0 
35312.1 3.7479e+18 21.9056 -0.660293 0 0 0 
35322.4 3.74582e+18 21.8952 -2.52068 0 0 0 
35332.7 3.74377e+18 21.8852 -4.21609 0 0 0 
35343 3.74178e+18 21.8759 -5.63004 0 0 0 
35353.3 3.73985e+18 21.8673 -6.66541 0 0 0 
35363.6 3.73797e+18 21.8594 -7.25138 0 0 0 
35373.9 3.73613e+18 21.852 -7.34858 0 0 0 
35384.2 3.73429e+18 21.8447 -6.95187 0 0 0 
35394.5 3.73242e+18 21.8371 -6.09063 0 0 0 
35404.9 3.7305e+18 21.829 -4.82655 0 0 0 
35415.2 3.72853e+18 21.8202 -3.24907 0 0 0 
35425.5 3.7265e+18 21.8106 -1.46874 0 0 0 
35435.8 3.72443e+18 21.8006 0.390765 0 0 0 
35446.1 3.72236e+18 21.7903 2.20166 0 0 0 
35456.4 3.7203e+18 21.7801 3.84116 0 0 0 
35466.7 3.71829e+18 21.7704 5.20018 0 0 0 
35477.1 3.71634e+18 21.7613 6.19082 0 0 0 
35487.4 3.71444e+18 21.753 6.7523 0 0 0 
35497.7 3.71258e+18 21.7452 6.85471 0 0 0 
35508 3.71074e+18 21.7378 6.50048 0 0 0 
35518.4 3.7089e+18 21.7304 5.72354 0 0 0 
35528.7 3.70703e+18 21.7226 4.58607 0 0 0 
35539 3.7051e+18 21.7143 3.17344 0 0 0 
35549.4 3.70313e+18 21.7054 1.58755 0 0 0 
35559.7 3.70111e+18 21.6958 -0.0608259 0 0 0 
35570 3.69906e+18 21.6858 -1.66006 0 0 0 
35580.4 3.69701e+18 21.6756 -3.1055 0 0 0 
35590.7 3.69499e+18 21.6657 -4.3065 0 0 0 
35601 3.69302e+18 21.6562 -5.19215 0 0 0 
35611.4 3.69109e+18 21.6474 -5.71545 0 0 0 
35621.7 3.68921e+18 21.6392 -5.85547 0 0 0 
35632.1 3.68737e+18 21.6315 -5.6177 0 0 0 
35642.4 3.68554e+18 21.6241 -5.0324 0 0 0 
35652.8 3.68369e+18 21.6166 -4.15137 0 0 0 
35663.1 3.68181e+18 21.6087 -3.04337 0 0 0 
35673.5 3.67988e+18 21.6002 -1.78855 0 0 0 
35683.8 3.67791e+18 21.5911 -0.472533 0 0 0 
35694.2 3.6759e+18 21.5815 0.819609 0 0 0 
35704.5 3.67388e+18 21.5716 2.00889 0 0 0 
35714.9 3.67186e+18 21.5617 3.02719 0 0 0 
35725.2 3.66988e+18 21.552 3.8209 0 0 0 
35735.6 3.66793e+18 21.5428 4.35339 0 0 0 
35746 3.66604e+18 21.5342 4.60612 0 0 0 
35756.3 3.66418e+18 21.5261 4.57847 0 0 0 
35766.7 3.66234e+18 21.5184 4.28649 0 0 0 
35777 3.66051e+18 21.5109 3.76058 0 0 0 
35787.4 3.65866e+18 21.5033 3.04266 0 0 0 
35797.8 3.65677e+18 21.4952 2.18277 0 0 0 
35808.2 3.65485e+18 21.4866 1.23562 0 0 0 
35818.5 3.65288e+18 21.4775 0.257204 0 0 0 
35828.9 3.65089e+18 21.4679 -0.698323 0 0 0 
35839.3 3.6489e+18 21.4581 -1.58125 0 0 0 
35849.7 3.64691e+18 21.4484 -2.34845 0 0 0 
35860 3.64496e+18 21.4389 -2.96495 0 0 0 
35870.4 3.64304e+18 21.4299 -3.40492 0 0 0 
35880.8 3.64117e+18 21.4215 -3.6522 0 0 0 
35891.2 3.63932e+18 21.4135 -3.70038 0 0 0 
35901.6 3.63749e+18 21.4059 -3.55251 0 0 0 
35911.9 3.63566e+18 21.3983 -3.2206 0 0 0 
35922.3 3.6338e+18 21.3905 -2.72473 0 0 0 
35932.7 3.63192e+18 21.3823 -2.09219 0 0 0 
35943.1 3.63e+18 21.3736 -1.35624 0 0 0 
35953.5 3.62804e+18 21.3645 -0.554809 0 0 0 
35963.9 3.62608e+18 21.355 0.270976 0 0 0 
35974.3 3.62411e+18 21.3453 1.0785 0 0 0 
35984.7 3.62215e+18 21.3358 1.82548 0 0 0 
35995.1 3.62022e+18 21.3265 2.47194 0 0 0 
36005.5 3.61833e+18 21.3177 2.9822 0 0 0 
36015.9 3.61647e+18 21.3094 3.32695 0 0 0 
36026.3 3.61464e+18 21.3015 3.48501 0 0 0 
36036.7 3.61281e+18 21.2938 3.44499 0 0 0 
36047.1 3.61098e+18 21.2861 3.20637 0 0 0 
36057.5 3.60912e+18 21.2783 2.7801 0 0 0 
36067.9 3.60724e+18 21.27 2.18852 0 0 0 
36078.3 3.60533e+18 21.2612 1.46452 0 0 0 
36088.7 3.6034e+18 21.2521 0.649956 0 0 0 
36099.2 3.60145e+18 21.2427 -0.20666 0 0 0 
36109.6 3.59951e+18 21.2331 -1.05304 0 0 0 
36120 3.59758e+18 21.2238 -1.83645 0 0 0 
36130.4 3.59568e+18 21.2147 -2.5072 0 0 0 
36140.8 3.5938e+18 21.2061 -3.02214 0 0 0 
36151.3 3.59196e+18 21.1979 -3.34774 0 0 0 
36161.7 3.59013e+18 21.19 -3.46266 0 0 0 
36172.1 3.5883e+18 21.1823 -3.35944 0 0 0 
36182.5 3.58647e+18 21.1745 -3.04523 0 0 0 
36193 3.58463e+18 21.1666 -2.54148 0 0 0 
36203.4 3.58275e+18 21.1582 -1.88248 0 0 0 
36213.8 3.58086e+18 21.1495 -1.113 0 0 0 
36224.2 3.57894e+18 21.1404 -0.285052 0 0 0 
36234.7 3.57702e+18 21.131 0.545884 0 0 0 
36245.1 3.57509e+18 21.1216 1.32489 0 0 0 
36255.6 3.57319e+18 21.1124 2.0016 0 0 0 
36266 3.5713e+18 21.1035 2.5338 0 0 0 
36276.4 3.56945e+18 21.095 2.89034 0 0 0 
36286.9 3.56761e+18 21.0868 3.05313 0 0 0 
36297.3 3.56579e+18 21.079 3.01813 0 0 0 
36307.8 3.56397e+18 21.0713 2.79519 0 0 0 
36318.2 3.56215e+18 21.0635 2.40675 0 0 0 
36328.7 3.56031e+18 21.0555 1.8857 0 0 0 
36339.1 3.55845e+18 21.0471 1.27243 0 0 0 
36349.6 3.55657e+18 21.0383 0.611446 0 0 0 
36360 3.55467e+18 21.0292 -0.052168 0 0 0 
36370.5 3.55277e+18 21.02 -0.676148 0 0 0 
36380.9 3.55086e+18 21.0107 -1.224 0 0 0 
36391.4 3.54897e+18 21.0016 -1.66728 0 0 0 
36401.8 3.54711e+18 20.9928 -1.98702 0 0 0 
36412.3 3.54526e+18 20.9844 -2.17431 0 0 0 
36422.8 3.54344e+18 20.9764 -2.2299 0 0 0 
36433.2 3.54163e+18 20.9686 -2.16309 0 0 0 
36443.7 3.53982e+18 20.9609 -1.98994 0 0 0 
36454.2 3.53801e+18 20.9531 -1.73113 0 0 0 
36464.6 3.53618e+18 20.945 -1.40966 0 0 0 
36475.1 3.53433e+18 20.9366 -1.04863 0 0 0 
36485.6 3.53247e+18 20.9278 -0.66937 0 0 0 
36496.1 3.53058e+18 20.9187 -0.290065 0 0 0 
36506.5 3.52869e+18 20.9095 0.0750263 0 0 0 
36517 3.52681e+18 20.9003 0.41572 0 0 0 
36527.5 3.52493e+18 20.8913 0.725486 0 0 0 
36538 3.52308e+18 20.8827 1.00056 0 0 0 
36548.4 3.52125e+18 20.8744 1.23877 0 0 0 
36558.9 3.51943e+18 20.8664 1.4383 0 0 0 
36569.4 3.51764e+18 20.8587 1.59652 0 0 0 
36579.9 3.51585e+18 20.851 1.70925 0 0 0 
36590.4 3.51405e+18 20.8432 1.77037 0 0 0 
36600.9 3.51224e+18 20.8351 1.77205 0 0 0 
36611.4 3.5104e+18 20.8267 1.70554 0 0 0 
36621.9 3.50855e+18 20.8179 1.56244 0 0 0 
36632.3 3.50667e+18 20.8088 1.3363 0 0 0 
36642.8 3.50479e+18 20.7996 1.02444 0 0 0 
36653.3 3.50292e+18 20.7905 0.629586 0 0 0 
36663.8 3.50106e+18 20.7816 0.161292 0 0 0 
36674.3 3.49922e+18 20.7731 -0.363305 0 0 0 
36684.8 3.4974e+18 20.7649 -0.919408 0 0 0 
36695.3 3.49561e+18 20.7571 -1.47537 0 0 0 
36705.9 3.49383e+18 20.7494 -1.99435 0 0 0 
36716.4 3.49206e+18 20.7418 -2.43684 0 0 0 
36726.9 3.49027e+18 20.734 -2.76374 0 0 0 
36737.4 3.48847e+18 20.7259 -2.93984 0 0 0 
36747.9 3.48665e+18 20.7174 -2.93747 0 0 0 
36758.4 3.4848e+18 20.7085 -2.73966 0 0 0 
36768.9 3.48293e+18 20.6994 -2.34286 0 0 0 
36779.4 3.48106e+18 20.6902 -1.75863 0 0 0 
36789.9 3.4792e+18 20.6812 -1.01406 0 0 0 
36800.5 3.47735e+18 20.6724 -0.151026 0 0 0 
36811 3.47553e+18 20.6641 0.776101 0 0 0 
36821.5 3.47374e+18 20.6561 1.70388 0 0 0 
36832 3.47197e+18 20.6484 2.56435 0 0 0 
36842.6 3.47021e+18 20.6408 3.2902 0 0 0 
36853.1 3.46845e+18 20.6332 3.82032 0 0 0 
36863.6 3.46668e+18 20.6254 4.1051 0 0 0 
36874.1 3.46488e+18 20.6172 4.11108 0 0 0 
36884.7 3.46306e+18 20.6086 3.82452 0 0 0 
36895.2 3.46121e+18 20.5996 3.25347 0 0 0 
36905.7 3.45935e+18 20.5905 2.42821 0 0 0 
36916.3 3.45749e+18 20.5813 1.39979 0 0 0 
36926.8 3.45564e+18 20.5724 0.236825 0 0 0 
36937.4 3.45382e+18 20.5638 -0.979217 0 0 0 
36947.9 3.45202e+18 20.5557 -2.16003 0 0 0 
36958.4 3.45026e+18 20.5479 -3.2172 0 0 0 
36969 3.44851e+18 20.5403 -4.06915 0 0 0 
36979.5 3.44677e+18 20.5328 -4.64775 0 0 0 
36990.1 3.44502e+18 20.5252 -4.90401 0 0 0 
37000.6 3.44326e+18 20.5173 -4.81235 0 0 0 
37011.2 3.44146e+18 20.5089 -4.3731 0 0 0 
37021.7 3.43964e+18 20.5002 -3.61297 0 0 0 
37032.3 3.43779e+18 20.4912 -2.5834 0 0 0 
37042.8 3.43594e+18 20.482 -1.3569 0 0 0 
37053.4 3.43409e+18 20.473 -0.0217043 0 0 0 
37064 3.43226e+18 20.4642 1.32494 0 0 0 
37074.5 3.43046e+18 20.4559 2.58423 0 0 0 
37085.1 3.4287e+18 20.4479 3.66343 0 0 0 
37095.6 3.42696e+18 20.4403 4.48309 0 0 0 
37106.2 3.42523e+18 20.4329 4.98316 0 0 0 
37116.8 3.42351e+18 20.4255 5.12763 0 0 0 
37127.3 3.42177e+18 20.4178 4.90722 0 0 0 
37137.9 3.42e+18 20.4097 4.33997 0 0 0 
37148.5 3.4182e+18 20.4012 3.46962 0 0 0 
37159.1 3.41637e+18 20.3923 2.36208 0 0 0 
37169.6 3.41453e+18 20.3832 1.10004 0 0 0 
37180.2 3.41269e+18 20.3741 -0.223505 0 0 0 
37190.8 3.41086e+18 20.3652 -1.51257 0 0 0 
37201.4 3.40906e+18 20.3567 -2.6755 0 0 0 
37212 3.40729e+18 20.3486 -3.63187 0 0 0 
37222.5 3.40555e+18 20.3409 -4.31827 0 0 0 
37233.1 3.40384e+18 20.3335 -4.69265 0 0 0 
37243.7 3.40213e+18 20.3261 -4.73686 0 0 0 
37254.3 3.40041e+18 20.3186 -4.45721 0 0 0 
37264.9 3.39867e+18 20.3108 -3.88316 0 0 0 
37275.5 3.3969e+18 20.3025 -3.06416 0 0 0 
37286.1 3.39509e+18 20.2938 -2.06524 0 0 0 
37296.7 3.39326e+18 20.2848 -0.961382 0 0 0 
37307.3 3.39143e+18 20.2758 0.168406 0 0 0 
37317.8 3.3896e+18 20.2668 1.24713 0 0 0 
37328.4 3.3878e+18 20.2581 2.20528 0 0 0 
37339 3.38603e+18 20.2499 2.9854 0 0 0 
37349.6 3.3843e+18 20.242 3.54543 0 0 0 
37360.3 3.38259e+18 20.2346 3.86066 0 0 0 
37370.9 3.3809e+18 20.2272 3.92412 0 0 0 
37381.5 3.3792e+18 20.2199 3.74574 0 0 0 
37392.1 3.37748e+18 20.2122 3.35021 0 0 0 
37402.7 3.37573e+18 20.2042 2.77399 0 0 0 
37413.3 3.37395e+18 20.1957 2.0618 0 0 0 
37423.9 3.37214e+18 20.1869 1.26287 0 0 0 
37434.5 3.37032e+18 20.1779 0.427337 0 0 0 
37445.1 3.3685e+18 20.1689 -0.396892 0 0 0 
37455.8 3.3667e+18 20.1601 -1.16672 0 0 0 
37466.4 3.36493e+18 20.1517 -1.84563 0 0 0 
37477 3.3632e+18 20.1437 -2.40477 0 0 0 
37487.6 3.36149e+18 20.1362 -2.82329 0 0 0 
37498.2 3.35981e+18 20.1288 -3.08812 0 0 0 
37508.9 3.35812e+18 20.1215 -3.19344 0 0 0 
37519.5 3.35642e+18 20.1141 -3.13981 0 0 0 
37530.1 3.35469e+18 20.1062 -2.93342 0 0 0 
37540.8 3.35294e+18 20.098 -2.58536 0 0 0 
37551.4 3.35115e+18 20.0893 -2.11111 0 0 0 
37562 3.34934e+18 20.0804 -1.53025 0 0 0 
37572.7 3.34753e+18 20.0714 -0.866243 0 0 0 
37583.3 3.34574e+18 20.0626 -0.1464 0 0 0 
37593.9 3.34398e+18 20.0541 0.598375 0 0 0 
37604.6 3.34224e+18 20.046 1.334 0 0 0 
37615.2 3.34054e+18 20.0383 2.02402 0 0 0 
37625.8 3.33886e+18 20.031 2.63089 0 0 0 
37636.5 3.33719e+18 20.0237 3.11769 0 0 0 
37647.1 3.3355e+18 20.0163 3.45037 0 0 0 
37657.8 3.3338e+18 20.0087 3.6002 0 0 0 
37668.4 3.33206e+18 20.0006 3.54645 0 0 0 
37679.1 3.33029e+18 19.9922 3.27882 0 0 0 
37689.7 3.32851e+18 19.9834 2.79954 0 0 0 
37700.4 3.32671e+18 19.9745 2.12472 0 0 0 
37711.1 3.32493e+18 19.9656 1.2848 0 0 0 
37721.7 3.32317e+18 19.9571 0.323823 0 0 0 
37732.4 3.32144e+18 19.9489 -0.702421 0 0 0 
37743 3.31973e+18 19.9411 -1.72948 0 0 0 
37753.7 3.31806e+18 19.9336 -2.68829 0 0 0 
37764.4 3.31639e+18 19.9263 -3.51002 0 0 0 
37775 3.31472e+18 19.919 -4.1313 0 0 0 
37785.7 3.31303e+18 19.9115 -4.49939 0 0 0 
37796.4 3.31132e+18 19.9036 -4.57692 0 0 0 
37807 3.30957e+18 19.8954 -4.34561 0 0 0 
37817.7 3.30781e+18 19.8868 -3.80885 0 0 0 
37828.4 3.30603e+18 19.878 -2.99248 0 0 0 
37839 3.30426e+18 19.8692 -1.94395 0 0 0 
37849.7 3.3025e+18 19.8605 -0.729665 0 0 0 
37860.4 3.30077e+18 19.8522 0.569277 0 0 0 
37871.1 3.29907e+18 19.8443 1.86275 0 0 0 
37881.8 3.2974e+18 19.8367 3.05814 0 0 0 
37892.4 3.29573e+18 19.8294 4.06729 0 0 0 
37903.1 3.29407e+18 19.8221 4.81339 0 0 0 
37913.8 3.2924e+18 19.8147 5.23707 0 0 0 
37924.5 3.29071e+18 19.807 5.30135 0 0 0 
37935.2 3.28899e+18 19.799 4.99491 0 0 0 
37945.9 3.28724e+18 19.7906 4.33343 0 0 0 
37956.6 3.28548e+18 19.7819 3.3589 0 0 0 
37967.3 3.28373e+18 19.7732 2.1368 0 0 0 
37978 3.28198e+18 19.7645 0.75151 0 0 0 
37988.7 3.28025e+18 19.7561 -0.699791 0 0 0 
37999.4 3.27855e+18 19.7481 -2.1143 0 0 0 
38010.1 3.27688e+18 19.7404 -3.39117 0 0 0 
38020.8 3.27522e+18 19.733 -4.43901 0 0 0 
38031.5 3.27357e+18 19.7257 -5.18266 0 0 0 
38042.2 3.27191e+18 19.7184 -5.5687 0 0 0 
38052.9 3.27023e+18 19.7109 -5.56941 0 0 0 
38063.6 3.26853e+18 19.703 -5.18463 0 0 0 
38074.3 3.26681e+18 19.6947 -4.44175 0 0 0 
38085 3.26507e+18 19.6862 -3.39344 0 0 0 
38095.7 3.26333e+18 19.6776 -2.11372 0 0 0 
38106.4 3.26159e+18 19.669 -0.692418 0 0 0 
38117.2 3.25987e+18 19.6605 0.771425 0 0 0 
38127.9 3.25817e+18 19.6524 2.17673 0 0 0 
38138.6 3.2565e+18 19.6446 3.42753 0 0 0 
38149.3 3.25484e+18 19.6371 4.43967 0 0 0 
38160 3.2532e+18 19.6298 5.14646 0 0 0 
38170.8 3.25155e+18 19.6225 5.50304 0 0 0 
38181.5 3.24989e+18 19.6151 5.48899 0 0 0 
38192.2 3.24821e+18 19.6074 5.10929 0 0 0 
38203 3.24651e+18 19.5993 4.39341 0 0 0 
38213.7 3.2448e+18 19.591 3.39279 0 0 0 
38224.4 3.24307e+18 19.5825 2.17688 0 0 0 
38235.1 3.24134e+18 19.5739 0.828132 0 0 0 
38245.9 3.23963e+18 19.5654 -0.563765 0 0 0 
38256.6 3.23793e+18 19.5572 -1.90788 0 0 0 
38267.4 3.23626e+18 19.5493 -3.11793 0 0 0 
38278.1 3.2346e+18 19.5417 -4.11772 0 0 0 
38288.8 3.23296e+18 19.5344 -4.84565 0 0 0 
38299.6 3.23133e+18 19.5271 -5.25825 0 0 0 
38310.3 3.22968e+18 19.5198 -5.33247 0 0 0 
38321.1 3.22802e+18 19.5122 -5.06662 0 0 0 
38331.8 3.22635e+18 19.5043 -4.48003 0 0 0 
38342.6 3.22465e+18 19.4962 -3.61151 0 0 0 
38353.3 3.22294e+18 19.4878 -2.51669 0 0 0 
38364.1 3.22123e+18 19.4792 -1.26449 0 0 0 
38374.8 3.21952e+18 19.4708 0.0670785 0 0 0 
38385.6 3.21783e+18 19.4625 1.39554 0 0 0 
38396.4 3.21616e+18 19.4545 2.63876 0 0 0 
38407.1 3.2145e+18 19.4469 3.71972 0 0 0 
38417.9 3.21287e+18 19.4394 4.57091 0 0 0 
38428.6 3.21124e+18 19.4322 5.13831 0 0 0 
38439.4 3.20961e+18 19.4249 5.38456 0 0 0 
38450.2 3.20797e+18 19.4175 5.29139 0 0 0 
38460.9 3.20631e+18 19.4097 4.86086 0 0 0 
38471.7 3.20464e+18 19.4017 4.1157 0 0 0 
38482.5 3.20295e+18 19.3935 3.09832 0 0 0 
38493.3 3.20125e+18 19.385 1.86882 0 0 0 
38504 3.19955e+18 19.3766 0.501747 0 0 0 
38514.8 3.19786e+18 19.3683 -0.917967 0 0 0 
38525.6 3.19619e+18 19.3602 -2.29998 0 0 0 
38536.4 3.19454e+18 19.3525 -3.554 0 0 0 
38547.1 3.19291e+18 19.345 -4.59554 0 0 0 
38557.9 3.19129e+18 19.3377 -5.35155 0 0 0 
38568.7 3.18967e+18 19.3305 -5.76556 0 0 0 
38579.5 3.18804e+18 19.3231 -5.80208 0 0 0 
38590.3 3.18641e+18 19.3156 -5.44977 0 0 0 
38601.1 3.18475e+18 19.3077 -4.72309 0 0 0 
38611.9 3.18308e+18 19.2996 -3.66239 0 0 0 
38622.7 3.1814e+18 19.2913 -2.3321 0 0 0 
38633.5 3.17971e+18 19.2828 -0.81719 0 0 0 
38644.3 3.17803e+18 19.2745 0.781981 0 0 0 
38655.1 3.17636e+18 19.2664 2.3562 0 0 0 
38665.8 3.17471e+18 19.2585 3.79484 0 0 0 
38676.6 3.17308e+18 19.251 4.99374 0 0 0 
38687.5 3.17147e+18 19.2437 5.86296 0 0 0 
38698.3 3.16986e+18 19.2365 6.33382 0 0 0 
38709.1 3.16825e+18 19.2293 6.36458 0 0 0 
38719.9 3.16663e+18 19.2218 5.94439 0 0 0 
38730.7 3.165e+18 19.2141 5.095 0 0 0 
38741.5 3.16334e+18 19.2061 3.87009 0 0 0 
38752.3 3.16168e+18 19.1979 2.35213 0 0 0 
38763.1 3.16e+18 19.1895 0.646925 0 0 0 
38773.9 3.15832e+18 19.1812 -1.1238 0 0 0 
38784.7 3.15666e+18 19.173 -2.83125 0 0 0 
38795.6 3.15502e+18 19.1651 -4.34918 0 0 0 
38806.4 3.15339e+18 19.1575 -5.5636 0 0 0 
38817.2 3.15178e+18 19.1502 -6.38173 0 0 0 
38828 3.15019e+18 19.143 -6.73944 0 0 0 
38838.9 3.14859e+18 19.1358 -6.60665 0 0 0 
38849.7 3.14699e+18 19.1285 -5.99011 0 0 0 
38860.5 3.14537e+18 19.121 -4.93328 0 0 0 
38871.3 3.14374e+18 19.1131 -3.51335 0 0 0 
38882.2 3.14208e+18 19.105 -1.83553 0 0 0 
38893 3.14042e+18 19.0966 -0.0250141 0 0 0 
38903.8 3.13875e+18 19.0883 1.78264 0 0 0 
38914.7 3.13709e+18 19.0801 3.4521 0 0 0 
38925.5 3.13545e+18 19.0721 4.85882 0 0 0 
38936.4 3.13383e+18 19.0645 5.89876 0 0 0 
38947.2 3.13223e+18 19.0571 6.49649 0 0 0 
38958 3.13064e+18 19.0499 6.61094 0 0 0 
38968.9 3.12906e+18 19.0428 6.23841 0 0 0 
38979.7 3.12748e+18 19.0356 5.41249 0 0 0 
38990.6 3.12588e+18 19.0282 4.20105 0 0 0 
39001.4 3.12426e+18 19.0205 2.70045 0 0 0 
39012.3 3.12262e+18 19.0124 1.02757 0 0 0 
39023.1 3.12097e+18 19.0042 -0.68971 0 0 0 
39034 3.11931e+18 18.9959 -2.32276 0 0 0 
39044.8 3.11766e+18 18.9876 -3.75222 0 0 0 
39055.7 3.11602e+18 18.9796 -4.87714 0 0 0 
39066.6 3.1144e+18 18.9719 -5.62235 0 0 0 
39077.4 3.11281e+18 18.9645 -5.94353 0 0 0 
39088.3 3.11123e+18 18.9574 -5.82969 0 0 0 
39099.1 3.10966e+18 18.9503 -5.30288 0 0 0 
39110 3.10809e+18 18.9432 -4.41523 0 0 0 
39120.9 3.10651e+18 18.9359 -3.24377 0 0 0 
39131.7 3.10491e+18 18.9283 -1.88344 0 0 0 
39142.6 3.10328e+18 18.9203 -0.439037 0 0 0 
39153.5 3.10164e+18 18.9121 0.983265 0 0 0 
39164.4 3.09999e+18 18.9039 2.28399 0 0 0 
39175.2 3.09835e+18 18.8956 3.37749 0 0 0 
39186.1 3.09672e+18 18.8876 4.19751 0 0 0 
39197 3.09511e+18 18.8798 4.70094 0 0 0 
39207.9 3.09352e+18 18.8724 4.86944 0 0 0 
39218.8 3.09195e+18 18.8653 4.70907 0 0 0 
39229.6 3.09039e+18 18.8582 4.24809 0 0 0 
39240.5 3.08883e+18 18.8512 3.53325 0 0 0 
39251.4 3.08727e+18 18.844 2.62501 0 0 0 
39262.3 3.08568e+18 18.8365 1.5922 0 0 0 
39273.2 3.08407e+18 18.8286 0.506647 0 0 0 
39284.1 3.08244e+18 18.8205 -0.561877 0 0 0 
39295 3.08081e+18 18.8123 -1.54996 0 0 0 
39305.9 3.07917e+18 18.804 -2.40386 0 0 0 
39316.8 3.07754e+18 18.7959 -3.08177 0 0 0 
39327.7 3.07594e+18 18.7882 -3.55493 0 0 0 
39338.6 3.07436e+18 18.7807 -3.80782 0 0 0 
39349.5 3.0728e+18 18.7736 -3.83746 0 0 0 
39360.4 3.07125e+18 18.7666 -3.65219 0 0 0 
39371.3 3.06971e+18 18.7597 -3.27008 0 0 0 
39382.2 3.06815e+18 18.7525 -2.71723 0 0 0 
39393.1 3.06658e+18 18.7451 -2.02603 0 0 0 
39404 3.06499e+18 18.7374 -1.23359 0 0 0 
39414.9 3.06337e+18 18.7293 -0.380386 0 0 0 
39425.8 3.06174e+18 18.7211 0.49109 0 0 0 
39436.7 3.06011e+18 18.7128 1.33751 0 0 0 
39447.7 3.05849e+18 18.7048 2.11596 0 0 0 
39458.6 3.05689e+18 18.697 2.7854 0 0 0 
39469.5 3.05532e+18 18.6895 3.30818 0 0 0 
39480.4 3.05377e+18 18.6824 3.65192 0 0 0 
39491.3 3.05224e+18 18.6755 3.79143 0 0 0 
39502.3 3.0507e+18 18.6685 3.7108 0 0 0 
39513.2 3.04916e+18 18.6615 3.4052 0 0 0 
39524.1 3.04761e+18 18.6542 2.88248 0 0 0 
39535 3.04602e+18 18.6465 2.16407 0 0 0 
39546 3.04442e+18 18.6385 1.28509 0 0 0 
39556.9 3.0428e+18 18.6303 0.293432 0 0 0 
39567.8 3.04118e+18 18.6221 -0.752198 0 0 0 
39578.8 3.03957e+18 18.614 -1.78542 0 0 0 
39589.7 3.03798e+18 18.6062 -2.73624 0 0 0 
39600.7 3.03641e+18 18.5988 -3.53589 0 0 0 
39611.6 3.03487e+18 18.5916 -4.12207 0 0 0 
39622.5 3.03335e+18 18.5847 -4.44409 0 0 0 
39633.5 3.03183e+18 18.5779 -4.46767 0 0 0 
39644.4 3.0303e+18 18.5709 -4.17862 0 0 0 
39655.4 3.02876e+18 18.5637 -3.5853 0 0 0 
39666.3 3.02719e+18 18.5561 -2.71925 0 0 0 
39677.3 3.02559e+18 18.5481 -1.63406 0 0 0 
39688.2 3.02399e+18 18.54 -0.402299 0 0 0 
39699.2 3.02237e+18 18.5318 0.889379 0 0 0 
39710.1 3.02077e+18 18.5237 2.14643 0 0 0 
39721.1 3.01919e+18 18.5159 3.2737 0 0 0 
39732.1 3.01763e+18 18.5085 4.18298 0 0 0 
39743 3.0161e+18 18.5013 4.80035 0 0 0 
39754 3.01459e+18 18.4945 5.07262 0 0 0 
39764.9 3.01308e+18 18.4877 4.97219 0 0 0 
39775.9 3.01156e+18 18.4807 4.50002 0 0 0 
39786.9 3.01003e+18 18.4736 3.68621 0 0 0 
39797.8 3.00847e+18 18.466 2.58819 0 0 0 
39808.8 3.00689e+18 18.4582 1.28664 0 0 0 
39819.8 3.00529e+18 18.45 -0.120704 0 0 0 
39830.8 3.00369e+18 18.4419 -1.52668 0 0 0 
39841.7 3.0021e+18 18.4338 -2.82328 0 0 0 
39852.7 3.00052e+18 18.426 -3.9104 0 0 0 
39863.7 2.99897e+18 18.4186 -4.70395 0 0 0 
39874.7 2.99745e+18 18.4115 -5.14276 0 0 0 
39885.6 2.99595e+18 18.4047 -5.19355 0 0 0 
39896.6 2.99445e+18 18.3979 -4.85362 0 0 0 
39907.6 2.99295e+18 18.391 -4.15099 0 0 0 
39918.6 2.99143e+18 18.3839 -3.14199 0 0 0 
39929.6 2.98988e+18 18.3764 -1.90654 0 0 0 
39940.6 2.98831e+18 18.3686 -0.541516 0 0 0 
39951.6 2.98672e+18 18.3605 0.84723 0 0 0 
39962.6 2.98513e+18 18.3524 2.15347 0 0 0 
39973.6 2.98354e+18 18.3443 3.27909 0 0 0 
39984.6 2.98198e+18 18.3366 4.1418 0 0 0 
39995.6 2.98044e+18 18.3291 4.68133 0 0 0 
40006.6 2.97893e+18 18.3221 4.86375 0 0 0 
40017.6 2.97744e+18 18.3153 4.68351 0 0 0 
40028.6 2.97595e+18 18.3086 4.16309 0 0 0 
40039.6 2.97446e+18 18.3017 3.35042 0 0 0 
40050.6 2.97295e+18 18.2947 2.31431 0 0 0 
40061.6 2.97141e+18 18.2872 1.13836 0 0 0 
40072.6 2.96985e+18 18.2794 -0.0861121 0 0 0 
40083.6 2.96827e+18 18.2714 -1.26744 0 0 0 
40094.6 2.96669e+18 18.2633 -2.32074 0 0 0 
40105.6 2.96511e+18 18.2553 -3.1741 0 0 0 
40116.7 2.96356e+18 18.2475 -3.77354 0 0 0 
40127.7 2.96203e+18 18.2402 -4.08617 0 0 0 
40138.7 2.96053e+18 18.2331 -4.10167 0 0 0 
40149.7 2.95905e+18 18.2264 -3.83176 0 0 0 
40160.7 2.95757e+18 18.2197 -3.30813 0 0 0 
40171.8 2.95609e+18 18.2129 -2.57885 0 0 0 
40182.8 2.95459e+18 18.2058 -1.70387 0 0 0 
40193.8 2.95306e+18 18.1984 -0.749866 0 0 0 
40204.8 2.95151e+18 18.1907 0.21497 0 0 0 
40215.9 2.94994e+18 18.1827 1.12586 0 0 0 
40226.9 2.94836e+18 18.1746 1.9257 0 0 0 
40237.9 2.9468e+18 18.1666 2.56834 0 0 0 
40249 2.94525e+18 18.1589 3.02082 0 0 0 
40260 2.94374e+18 18.1516 3.26442 0 0 0 
40271.1 2.94225e+18 18.1446 3.29466 0 0 0 
40282.1 2.94078e+18 18.1379 3.12032 0 0 0 
40293.1 2.93931e+18 18.1312 2.76174 0 0 0 
40304.2 2.93784e+18 18.1245 2.24862 0 0 0 
40315.2 2.93635e+18 18.1174 1.61748 0 0 0 
40326.3 2.93483e+18 18.11 0.909174 0 0 0 
40337.3 2.93328e+18 18.1023 0.166409 0 0 0 
40348.4 2.93172e+18 18.0943 -0.56843 0 0 0 
40359.4 2.93016e+18 18.0863 -1.2552 0 0 0 
40370.5 2.92861e+18 18.0784 -1.85758 0 0 0 
40381.5 2.92707e+18 18.0707 -2.34439 0 0 0 
40392.6 2.92557e+18 18.0635 -2.69065 0 0 0 
40403.7 2.92409e+18 18.0565 -2.87841 0 0 0 
40414.7 2.92263e+18 18.0498 -2.89749 0 0 0 
40425.8 2.92118e+18 18.0432 -2.74598 0 0 0 
40436.9 2.91971e+18 18.0365 -2.43058 0 0 0 
40447.9 2.91823e+18 18.0294 -1.96673 0 0 0 
40459 2.91671e+18 18.022 -1.37834 0 0 0 
40470.1 2.91518e+18 18.0143 -0.697176 0 0 0 
40481.1 2.91363e+18 18.0064 0.0382809 0 0 0 
40492.2 2.91207e+18 17.9984 0.784523 0 0 0 
40503.3 2.91053e+18 17.9906 1.49522 0 0 0 
40514.4 2.90901e+18 17.983 2.12392 0 0 0 
40525.4 2.90752e+18 17.9758 2.62705 0 0 0 
40536.5 2.90606e+18 17.9689 2.96715 0 0 0 
40547.6 2.90461e+18 17.9622 3.11588 0 0 0 
40558.7 2.90316e+18 17.9556 3.05673 0 0 0 
40569.8 2.9017e+18 17.9489 2.78705 0 0 0 
40580.8 2.90022e+18 17.9418 2.31912 0 0 0 
40591.9 2.89871e+18 17.9345 1.68015 0 0 0 
40603 2.89719e+18 17.9268 0.91102 0 0 0 
40614.1 2.89564e+18 17.9189 0.0638691 0 0 0 
40625.2 2.8941e+18 17.9109 -0.80147 0 0 0 
40636.3 2.89258e+18 17.9032 -1.62184 0 0 0 
40647.4 2.89107e+18 17.8957 -2.33564 0 0 0 
40658.5 2.8896e+18 17.8885 -2.8878 0 0 0 
40669.6 2.88814e+18 17.8817 -3.23447 0 0 0 
40680.7 2.8867e+18 17.8751 -3.34682 0 0 0 
40691.8 2.88526e+18 17.8684 -3.2138 0 0 0 
40702.9 2.88381e+18 17.8617 -2.84339 0 0 0 
40714 2.88233e+18 17.8546 -2.26229 0 0 0 
40725.1 2.88083e+18 17.8473 -1.51399 0 0 0 
40736.2 2.87931e+18 17.8396 -0.655358 0 0 0 
40747.3 2.87778e+18 17.8317 0.2479 0 0 0 
40758.5 2.87625e+18 17.8239 1.12665 0 0 0 
40769.6 2.87474e+18 17.8162 1.91398 0 0 0 
40780.7 2.87326e+18 17.8088 2.55069 0 0 0 
40791.8 2.87179e+18 17.8017 2.9901 0 0 0 
40802.9 2.87035e+18 17.7949 3.20172 0 0 0 
40814 2.86891e+18 17.7883 3.17352 0 0 0 
40825.2 2.86748e+18 17.7817 2.91255 0 0 0 
40836.3 2.86603e+18 17.7749 2.44394 0 0 0 
40847.4 2.86455e+18 17.7678 1.8084 0 0 0 
40858.5 2.86306e+18 17.7604 1.05841 0 0 0 
40869.7 2.86155e+18 17.7528 0.253626 0 0 0 
40880.8 2.86003e+18 17.745 -0.544298 0 0 0 
40891.9 2.85852e+18 17.7373 -1.27669 0 0 0 
40903.1 2.85703e+18 17.7297 -1.89246 0 0 0 
40914.2 2.85556e+18 17.7224 -2.3518 0 0 0 
40925.3 2.85411e+18 17.7153 -2.62873 0 0 0 
40936.5 2.85267e+18 17.7086 -2.71233 0 0 0 
40947.6 2.85124e+18 17.7019 -2.60666 0 0 0 
40958.8 2.84981e+18 17.6953 -2.32938 0 0 0 
40969.9 2.84836e+18 17.6885 -1.90941 0 0 0 
40981.1 2.84689e+18 17.6814 -1.3838 0 0 0 
40992.2 2.84541e+18 17.674 -0.794248 0 0 0 
41003.4 2.84391e+18 17.6665 -0.183552 0 0 0 
41014.5 2.84241e+18 17.6588 0.407645 0 0 0 
41025.7 2.84091e+18 17.6511 0.943555 0 0 0 
41036.8 2.83943e+18 17.6436 1.39524 0 0 0 
41048 2.83798e+18 17.6364 1.74177 0 0 0 
41059.1 2.83653e+18 17.6294 1.97057 0 0 0 
41070.3 2.83511e+18 17.6226 2.07709 0 0 0 
41081.5 2.83368e+18 17.6159 2.06388 0 0 0 
41092.6 2.83225e+18 17.6092 1.93932 0 0 0 
41103.8 2.8308e+18 17.6024 1.71621 0 0 0 
41114.9 2.82934e+18 17.5954 1.41041 0 0 0 
41126.1 2.82786e+18 17.588 1.03965 0 0 0 
41137.3 2.82638e+18 17.5805 0.622663 0 0 0 
41148.5 2.8249e+18 17.573 0.178592 0 0 0 
41159.6 2.82342e+18 17.5654 -0.273273 0 0 0 
41170.8 2.82196e+18 17.558 -0.713625 0 0 0 
41182 2.82051e+18 17.5508 -1.12318 0 0 0 
41193.2 2.81908e+18 17.5438 -1.48278 0 0 0 
41204.3 2.81765e+18 17.537 -1.77376 0 0 0 
41215.5 2.81623e+18 17.5303 -1.97853 0 0 0 
41226.7 2.8148e+18 17.5236 -2.08153 0 0 0 
41237.9 2.81336e+18 17.5168 -2.07044 0 0 0 
41249.1 2.8119e+18 17.5097 -1.93762 0 0 0 
41260.3 2.81044e+18 17.5025 -1.68155 0 0 0 
41271.4 2.80897e+18 17.4951 -1.30813 0 0 0 
41282.6 2.80751e+18 17.4876 -0.83154 0 0 0 
41293.8 2.80605e+18 17.4801 -0.274563 0 0 0 
41305 2.8046e+18 17.4727 0.331874 0 0 0 
41316.2 2.80316e+18 17.4656 0.950008 0 0 0 
41327.4 2.80173e+18 17.4586 1.5374 0 0 0 
41338.6 2.8003e+18 17.4518 2.04985 0 0 0 
41349.8 2.79888e+18 17.4451 2.44486 0 0 0 
41361 2.79745e+18 17.4383 2.68541 0 0 0 
41372.2 2.79602e+18 17.4315 2.74356 0 0 0 
41383.4 2.79458e+18 17.4245 2.60375 0 0 0 
41394.6 2.79313e+18 17.4174 2.26511 0 0 0 
41405.9 2.79169e+18 17.4101 1.74275 0 0 0 
41417.1 2.79024e+18 17.4026 1.06766 0 0 0 
41428.3 2.78879e+18 17.3952 0.285119 0 0 0 
41439.5 2.78735e+18 17.3879 -0.54827 0 0 0 
41450.7 2.78592e+18 17.3807 -1.36882 0 0 0 
41461.9 2.78449e+18 17.3737 -2.11086 0 0 0 
41473.2 2.78306e+18 17.3669 -2.71233 0 0 0 
41484.4 2.78164e+18 17.3602 -3.12036 0 0 0 
41495.6 2.78022e+18 17.3535 -3.2962 0 0 0 
41506.8 2.7788e+18 17.3467 -3.21917 0 0 0 
41518.1 2.77738e+18 17.3398 -2.88908 0 0 0 
41529.3 2.77595e+18 17.3327 -2.32688 0 0 0 
41540.5 2.77452e+18 17.3255 -1.57343 0 0 0 
41551.7 2.77308e+18 17.3182 -0.686429 0 0 0 
41563 2.77165e+18 17.3108 0.264223 0 0 0 
41574.2 2.77021e+18 17.3034 1.20232 0 0 0 
41585.4 2.76878e+18 17.2962 2.05185 0 0 0 
41596.7 2.76735e+18 17.2892 2.74361 0 0 0 
41607.9 2.76593e+18 17.2823 3.22122 0 0 0 
41619.2 2.76451e+18 17.2756 3.44609 0 0 0 
41630.4 2.7631e+18 17.269 3.40075 0 0 0 
41641.7 2.7617e+18 17.2623 3.09031 0 0 0 
41652.9 2.76029e+18 17.2555 2.54191 0 0 0 
41664.2 2.75888e+18 17.2486 1.8021 0 0 0 
41675.4 2.75747e+18 17.2414 0.932682 0 0 0 
41686.7 2.75605e+18 17.2341 0.00507698 0 0 0 
41697.9 2.75462e+18 17.2267 -0.905957 0 0 0 
41709.2 2.75318e+18 17.2193 -1.7288 0 0 0 
41720.4 2.75175e+18 17.212 -2.40102 0 0 0 
41731.7 2.75032e+18 17.205 -2.87436 0 0 0 
41742.9 2.7489e+18 17.1982 -3.11841 0 0 0 
41754.2 2.74749e+18 17.1915 -3.12239 0 0 0 
41765.5 2.7461e+18 17.185 -2.89528 0 0 0 
41776.7 2.74471e+18 17.1784 -2.46406 0 0 0 
41788 2.74333e+18 17.1717 -1.8705 0 0 0 
41799.3 2.74194e+18 17.1649 -1.16684 0 0 0 
41810.5 2.74054e+18 17.1577 -0.410751 0 0 0 
41821.8 2.73912e+18 17.1504 0.339786 0 0 0 
41833.1 2.73769e+18 17.1429 1.03126 0 0 0 
41844.4 2.73625e+18 17.1355 1.61861 0 0 0 
41855.6 2.73481e+18 17.1282 2.06814 0 0 0 
41866.9 2.73338e+18 17.1211 2.35903 0 0 0 
41878.2 2.73197e+18 17.1144 2.48368 0 0 0 
41889.5 2.73058e+18 17.1079 2.4467 0 0 0 
41900.8 2.72921e+18 17.1015 2.26304 0 0 0 
41912.1 2.72785e+18 17.095 1.95539 0 0 0 
41923.3 2.72649e+18 17.0885 1.55133 0 0 0 
41934.6 2.72511e+18 17.0816 1.08057 0 0 0 
41945.9 2.72371e+18 17.0744 0.572538 0 0 0 
41957.2 2.72229e+18 17.067 0.0545522 0 0 0 
41968.5 2.72085e+18 17.0594 -0.449236 0 0 0 
41979.8 2.71941e+18 17.0519 -0.918241 0 0 0 
41991.1 2.71797e+18 17.0446 -1.33524 0 0 0 
42002.4 2.71655e+18 17.0376 -1.68575 0 0 0 
42013.7 2.71516e+18 17.031 -1.95731 0 0 0 
42025 2.7138e+18 17.0247 -2.13885 0 0 0 
42036.3 2.71245e+18 17.0185 -2.22038 0 0 0 
42047.6 2.71111e+18 17.0122 -2.19326 0 0 0 
42058.9 2.70976e+18 17.0056 -2.05094 0 0 0 
42070.2 2.70839e+18 16.9987 -1.79022 0 0 0 
42081.5 2.70699e+18 16.9914 -1.41289 0 0 0 
42092.9 2.70556e+18 16.9838 -0.927404 0 0 0 
42104.2 2.70412e+18 16.9762 -0.350274 0 0 0 
42115.5 2.70267e+18 16.9686 0.293029 0 0 0 
42126.8 2.70124e+18 16.9614 0.9681 0 0 0 
42138.1 2.69984e+18 16.9546 1.63269 0 0 0 
42149.4 2.69847e+18 16.9482 2.23893 0 0 0 
42160.8 2.69713e+18 16.942 2.73673 0 0 0 
42172.1 2.69581e+18 16.936 3.07795 0 0 0 
42183.4 2.69449e+18 16.9298 3.22117 0 0 0 
42194.8 2.69315e+18 16.9232 3.13649 0 0 0 
42206.1 2.69178e+18 16.9162 2.80977 0 0 0 
42217.4 2.69037e+18 16.9087 2.2459 0 0 0 
42228.7 2.68893e+18 16.901 1.47049 0 0 0 
42240.1 2.68747e+18 16.8932 0.529679 0 0 0 
42251.4 2.68603e+18 16.8857 -0.512069 0 0 0 
42262.8 2.68461e+18 16.8786 -1.57625 0 0 0 
42274.1 2.68324e+18 16.872 -2.57633 0 0 0 
42285.4 2.6819e+18 16.8659 -3.42503 0 0 0 
42296.8 2.68059e+18 16.86 -4.04232 0 0 0 
42308.1 2.6793e+18 16.854 -4.36321 0 0 0 
42319.5 2.67799e+18 16.8478 -4.34468 0 0 0 
42330.8 2.67664e+18 16.8411 -3.97096 0 0 0 
42342.2 2.67526e+18 16.8339 -3.25651 0 0 0 
42353.5 2.67383e+18 16.8262 -2.24629 0 0 0 
42364.9 2.67238e+18 16.8183 -1.01317 0 0 0 
42376.2 2.67092e+18 16.8105 0.347344 0 0 0 
42387.6 2.66949e+18 16.8031 1.72484 0 0 0 
42399 2.6681e+18 16.7963 3.00333 0 0 0 
42410.3 2.66676e+18 16.79 4.07148 0 0 0 
42421.7 2.66546e+18 16.7841 4.83276 0 0 0 
42433 2.66418e+18 16.7784 5.21449 0 0 0 
42444.4 2.6629e+18 16.7725 5.17501 0 0 0 
42455.8 2.66159e+18 16.7662 4.7081 0 0 0 
42467.1 2.66023e+18 16.7593 3.84432 0 0 0 
42478.5 2.65883e+18 16.7518 2.64901 0 0 0 
42489.9 2.65738e+18 16.7439 1.21709 0 0 0 
42501.3 2.65592e+18 16.7359 -0.334847 0 0 0 
42512.6 2.65448e+18 16.7282 -1.87849 0 0 0 
42524 2.65307e+18 16.721 -3.28492 0 0 0 
42535.4 2.65171e+18 16.7145 -4.43582 0 0 0 
42546.8 2.6504e+18 16.7086 -5.23378 0 0 0 
42558.2 2.64914e+18 16.703 -5.6108 0 0 0 
42569.5 2.64788e+18 16.6974 -5.53416 0 0 0 
42580.9 2.64661e+18 16.6914 -5.00916 0 0 0 
42592.3 2.64529e+18 16.6849 -4.07863 0 0 0 
42603.7 2.64391e+18 16.6776 -2.81904 0 0 0 
42615.1 2.64248e+18 16.6698 -1.33386 0 0 0 
42626.5 2.64102e+18 16.6618 0.255431 0 0 0 
42637.9 2.63956e+18 16.6538 1.81968 0 0 0 
42649.3 2.63814e+18 16.6463 3.23291 0 0 0 
42660.7 2.63676e+18 16.6395 4.38277 0 0 0 
42672.1 2.63545e+18 16.6333 5.17957 0 0 0 
42683.5 2.63418e+18 16.6277 5.56325 0 0 0 
42694.9 2.63294e+18 16.6223 5.5078 0 0 0 
42706.3 2.6317e+18 16.6167 5.02264 0 0 0 
42717.7 2.63041e+18 16.6106 4.15119 0 0 0 
42729.1 2.62907e+18 16.6037 2.96661 0 0 0 
42740.5 2.62767e+18 16.5961 1.56534 0 0 0 
42751.9 2.62622e+18 16.5881 0.0588972 0 0 0 
42763.3 2.62475e+18 16.5799 -1.43523 0 0 0 
42774.8 2.62331e+18 16.5721 -2.80286 0 0 0 
42786.2 2.62191e+18 16.5649 -3.94181 0 0 0 
42797.6 2.62058e+18 16.5585 -4.76944 0 0 0 
42809 2.61931e+18 16.5528 -5.22836 0 0 0 
42820.4 2.61809e+18 16.5475 -5.29003 0 0 0 
42831.9 2.61686e+18 16.5422 -4.95611 0 0 0 
42843.3 2.61561e+18 16.5364 -4.25751 0 0 0 
42854.7 2.6143e+18 16.53 -3.25128 0 0 0 
42866.1 2.61293e+18 16.5227 -2.0158 0 0 0 
42877.6 2.6115e+18 16.5147 -0.644608 0 0 0 
42889 2.61004e+18 16.5065 0.760733 0 0 0 
42900.4 2.60858e+18 16.4984 2.09794 0 0 0 
42911.9 2.60717e+18 16.4909 3.27123 0 0 0 
42923.3 2.60582e+18 16.4842 4.19785 0 0 0 
42934.7 2.60454e+18 16.4783 4.81356 0 0 0 
42946.2 2.60331e+18 16.473 5.07673 0 0 0 
42957.6 2.60211e+18 16.4678 4.97087 0 0 0 
42969.1 2.60088e+18 16.4624 4.50542 0 0 0 
42980.5 2.59961e+18 16.4563 3.7149 0 0 0 
42992 2.59827e+18 16.4494 2.65642 0 0 0 
43003.4 2.59687e+18 16.4417 1.40571 0 0 0 
43014.9 2.59542e+18 16.4335 0.0519551 0 0 0 
43026.3 2.59396e+18 16.4253 -1.30817 0 0 0 
43037.8 2.59253e+18 16.4174 -2.57711 0 0 0 
43049.2 2.59116e+18 16.4104 -3.66309 0 0 0 
43060.7 2.58986e+18 16.4042 -4.48651 0 0 0 
43072.2 2.58863e+18 16.3987 -4.98563 0 0 0 
43083.6 2.58743e+18 16.3936 -5.12123 0 0 0 
43095.1 2.58623e+18 16.3885 -4.87973 0 0 0 
43106.5 2.58499e+18 16.3828 -4.27472 0 0 0 
43118 2.58369e+18 16.3763 -3.34656 0 0 0 
43129.5 2.58232e+18 16.3689 -2.1601 0 0 0 
43141 2.58088e+18 16.3609 -0.800503 0 0 0 
43152.4 2.57943e+18 16.3525 0.632565 0 0 0 
43163.9 2.57798e+18 16.3445 2.03199 0 0 0 
43175.4 2.57659e+18 16.337 3.29112 0 0 0 
43186.8 2.57528e+18 16.3305 4.31192 0 0 0 
43198.3 2.57403e+18 16.3248 5.01276 0 0 0 
43209.8 2.57284e+18 16.3197 5.33516 0 0 0 
43221.3 2.57165e+18 16.3148 5.24899 0 0 0 
43232.8 2.57045e+18 16.3094 4.75559 0 0 0 
43244.3 2.56918e+18 16.3033 3.88839 0 0 0 
43255.7 2.56784e+18 16.2963 2.711 0 0 0 
43267.2 2.56643e+18 16.2885 1.31279 0 0 0 
43278.7 2.56498e+18 16.2802 -0.197809 0 0 0 
43290.2 2.56354e+18 16.2719 -1.70181 0 0 0 
43301.7 2.56213e+18 16.2642 -3.07918 0 0 0 
43313.2 2.56079e+18 16.2573 -4.21874 0 0 0 
43324.7 2.55953e+18 16.2514 -5.02748 0 0 0 
43336.2 2.55833e+18 16.2461 -5.43858 0 0 0 
43347.7 2.55716e+18 16.2413 -5.41725 0 0 0 
43359.2 2.55597e+18 16.2362 -4.96404 0 0 0 
43370.7 2.55474e+18 16.2305 -4.11506 0 0 0 
43382.2 2.55344e+18 16.2239 -2.93919 0 0 0 
43393.7 2.55206e+18 16.2164 -1.53244 0 0 0 
43405.2 2.55063e+18 16.2082 -0.00991047 0 0 0 
43416.8 2.54919e+18 16.1999 1.50397 0 0 0 
43428.3 2.54777e+18 16.1919 2.88598 0 0 0 
43439.8 2.54641e+18 16.1846 4.02457 0 0 0 
43451.3 2.54513e+18 16.1783 4.82933 0 0 0 
43462.8 2.54391e+18 16.1729 5.23845 0 0 0 
43474.3 2.54274e+18 16.168 5.22376 0 0 0 
43485.9 2.54158e+18 16.1631 4.79266 0 0 0 
43497.4 2.54037e+18 16.1578 3.98701 0 0 0 
43508.9 2.5391e+18 16.1516 2.87896 0 0 0 
43520.4 2.53776e+18 16.1444 1.56421 0 0 0 
43532 2.53636e+18 16.1365 0.153405 0 0 0 
43543.5 2.53492e+18 16.1282 -1.23767 0 0 0 
43555 2.5335e+18 16.12 -2.49798 0 0 0 
43566.6 2.53212e+18 16.1124 -3.5305 0 0 0 
43578.1 2.53082e+18 16.1058 -4.25993 0 0 0 
43589.6 2.52959e+18 16.1001 -4.63818 0 0 0 
43601.2 2.52841e+18 16.0951 -4.64738 0 0 0 
43612.7 2.52726e+18 16.0903 -4.3001 0 0 0 
43624.3 2.52608e+18 16.0852 -3.63686 0 0 0 
43635.8 2.52485e+18 16.0794 -2.72152 0 0 0 
43647.3 2.52354e+18 16.0727 -1.63475 0 0 0 
43658.9 2.52216e+18 16.065 -0.466583 0 0 0 
43670.4 2.52074e+18 16.0568 0.691411 0 0 0 
43682 2.51932e+18 16.0486 1.75356 0 0 0 
43693.5 2.51793e+18 16.0407 2.64643 0 0 0 
43705.1 2.51661e+18 16.0337 3.31375 0 0 0 
43716.7 2.51536e+18 16.0277 3.71939 0 0 0 
43728.2 2.51417e+18 16.0225 3.84853 0 0 0 
43739.8 2.51302e+18 16.0177 3.707 0 0 0 
43751.3 2.51186e+18 16.0129 3.31899 0 0 0 
43762.9 2.51066e+18 16.0075 2.7237 0 0 0 
43774.5 2.50939e+18 16.0011 1.97116 0 0 0 
43786 2.50805e+18 15.9938 1.1178 0 0 0 
43797.6 2.50665e+18 15.9858 0.222251 0 0 0 
43809.2 2.50523e+18 15.9775 -0.658528 0 0 0 
43820.7 2.50383e+18 15.9694 -1.47232 0 0 0 
43832.3 2.50249e+18 15.9621 -2.17398 0 0 0 
43843.9 2.50122e+18 15.9557 -2.72698 0 0 0 
43855.5 2.50001e+18 15.9503 -3.1043 0 0 0 
43867.1 2.49886e+18 15.9455 -3.28874 0 0 0 
43878.6 2.49772e+18 15.9408 -3.27294 0 0 0 
43890.2 2.49655e+18 15.9356 -3.05918 0 0 0 
43901.8 2.49531e+18 15.9297 -2.6591 0 0 0 
43913.4 2.49401e+18 15.9228 -2.09334 0 0 0 
43925 2.49263e+18 15.915 -1.39111 0 0 0 
43936.6 2.49123e+18 15.9068 -0.58953 0 0 0 
43948.2 2.48982e+18 15.8986 0.2673 0 0 0 
43959.8 2.48846e+18 15.8909 1.12976 0 0 0 
43971.3 2.48717e+18 15.8842 1.94474 0 0 0 
43982.9 2.48595e+18 15.8785 2.65824 0 0 0 
43994.5 2.48479e+18 15.8735 3.2187 0 0 0 
44006.1 2.48366e+18 15.8689 3.5806 0 0 0 
44017.7 2.48251e+18 15.864 3.70837 0 0 0 
44029.3 2.48131e+18 15.8585 3.58004 0 0 0 
44041 2.48004e+18 15.8519 3.1904 0 0 0 
44052.6 2.4787e+18 15.8445 2.55315 0 0 0 
44064.2 2.47731e+18 15.8363 1.70165 0 0 0 
44075.8 2.4759e+18 15.8281 0.688138 0 0 0 
44087.4 2.47453e+18 15.8202 -0.418875 0 0 0 
44099 2.47321e+18 15.8131 -1.5389 0 0 0 
44110.6 2.47198e+18 15.8071 -2.58527 0 0 0 
44122.2 2.4708e+18 15.8019 -3.47198 0 0 0 
44133.9 2.46967e+18 15.7973 -4.1211 0 0 0 
44145.5 2.46855e+18 15.7926 -4.46998 0 0 0 
44157.1 2.46738e+18 15.7874 -4.4776 0 0 0 
44168.7 2.46614e+18 15.7813 -4.1294 0 0 0 
44180.3 2.46483e+18 15.7741 -3.43999 0 0 0 
44192 2.46346e+18 15.7662 -2.45336 0 0 0 
44203.6 2.46207e+18 15.7579 -1.24045 0 0 0 
44215.2 2.46068e+18 15.7498 0.105906 0 0 0 
44226.9 2.45935e+18 15.7425 1.4782 0 0 0 
44238.5 2.45809e+18 15.7361 2.76314 0 0 0 
44250.1 2.45691e+18 15.7307 3.85141 0 0 0 
44261.8 2.45578e+18 15.726 4.64741 0 0 0 
44273.4 2.45466e+18 15.7215 5.07805 0 0 0 
44285.1 2.45352e+18 15.7166 5.09977 0 0 0 
44296.7 2.45232e+18 15.7108 4.70306 0 0 0 
44308.4 2.45104e+18 15.704 3.91406 0 0 0 
44320 2.4497e+18 15.6963 2.79291 0 0 0 
44331.6 2.44831e+18 15.6881 1.42903 0 0 0 
44343.3 2.44692e+18 15.6799 -0.0662256 0 0 0 
44355 2.44557e+18 15.6722 -1.56912 0 0 0 
44366.6 2.4443e+18 15.6655 -2.95411 0 0 0 
44378.3 2.4431e+18 15.6599 -4.10484 0 0 0 
44389.9 2.44196e+18 15.6551 -4.92421 0 0 0 
44401.6 2.44086e+18 15.6506 -5.34291 0 0 0 
44413.2 2.43974e+18 15.646 -5.3254 0 0 0 
44424.9 2.43857e+18 15.6406 -4.87296 0 0 0 
44436.6 2.43733e+18 15.6341 -4.0235 0 0 0 
44448.2 2.43601e+18 15.6267 -2.84813 0 0 0 
44459.9 2.43463e+18 15.6185 -1.44485 0 0 0 
44471.6 2.43324e+18 15.6102 0.0699222 0 0 0 
44483.2 2.43188e+18 15.6024 1.57149 0 0 0 
44494.9 2.43059e+18 15.5954 2.93742 0 0 0 
44506.6 2.42938e+18 15.5895 4.05783 0 0 0 
44518.3 2.42823e+18 15.5845 4.84439 0 0 0 
44529.9 2.42714e+18 15.5801 5.23728 0 0 0 
44541.6 2.42604e+18 15.5756 5.20966 0 0 0 
44553.3 2.4249e+18 15.5705 4.76921 0 0 0 
44565 2.42369e+18 15.5644 3.95675 0 0 0 
44576.7 2.42239e+18 15.5572 2.84224 0 0 0 
44588.4 2.42103e+18 15.5493 1.51835 0 0 0 
44600.1 2.41965e+18 15.5409 0.0924988 0 0 0 
44611.7 2.41828e+18 15.5329 -1.32212 0 0 0 
44623.4 2.41697e+18 15.5256 -2.61564 0 0 0 
44635.1 2.41574e+18 15.5195 -3.69007 0 0 0 
44646.8 2.41459e+18 15.5143 -4.46661 0 0 0 
44658.5 2.4135e+18 15.5098 -4.8911 0 0 0 
44670.2 2.41242e+18 15.5055 -4.9375 0 0 0 
44681.9 2.4113e+18 15.5007 -4.60897 0 0 0 
44693.6 2.41012e+18 15.4949 -3.93674 0 0 0 
44705.3 2.40885e+18 15.488 -2.97698 0 0 0 
44717 2.40751e+18 15.4802 -1.80584 0 0 0 
44728.7 2.40613e+18 15.4719 -0.513352 0 0 0 
44740.5 2.40476e+18 15.4638 0.803447 0 0 0 
44752.2 2.40343e+18 15.4563 2.04768 0 0 0 
44763.9 2.40219e+18 15.4498 3.12945 0 0 0 
44775.6 2.40103e+18 15.4445 3.97197 0 0 0 
44787.3 2.39994e+18 15.4399 4.51662 0 0 0 
44799 2.39887e+18 15.4357 4.7266 0 0 0 
44810.8 2.39778e+18 15.4311 4.5891 0 0 0 
44822.5 2.39662e+18 15.4256 4.11582 0 0 0 
44834.2 2.39538e+18 15.4191 3.34192 0 0 0 
44845.9 2.39406e+18 15.4115 2.32348 0 0 0 
44857.7 2.39269e+18 15.4032 1.13364 0 0 0 
44869.4 2.39132e+18 15.3949 -0.142319 0 0 0 
44881.1 2.38999e+18 15.3873 -1.41271 0 0 0 
44892.9 2.38873e+18 15.3806 -2.58557 0 0 0 
44904.6 2.38756e+18 15.375 -3.57501 0 0 0 
44916.3 2.38647e+18 15.3704 -4.30712 0 0 0 
44928.1 2.3854e+18 15.3662 -4.7254 0 0 0 
44939.8 2.38433e+18 15.3618 -4.79505 0 0 0 
44951.5 2.3832e+18 15.3566 -4.50594 0 0 0 
44963.3 2.38198e+18 15.3503 -3.87405 0 0 0 
44975 2.38068e+18 15.3429 -2.941 0 0 0 
44986.8 2.37933e+18 15.3348 -1.77183 0 0 0 
44998.5 2.37796e+18 15.3265 -0.450883 0 0 0 
45010.3 2.37662e+18 15.3186 0.923862 0 0 0 
45022 2.37535e+18 15.3117 2.24781 0 0 0 
45033.8 2.37418e+18 15.3059 3.41757 0 0 0 
45045.5 2.37308e+18 15.3012 4.339 0 0 0 
45057.3 2.37202e+18 15.297 4.93498 0 0 0 
45069.1 2.37096e+18 15.2927 5.15208 0 0 0 
45080.8 2.36985e+18 15.2878 4.96564 0 0 0 
45092.6 2.36866e+18 15.2817 4.38273 0 0 0 
45104.3 2.36738e+18 15.2746 3.44257 0 0 0 
45116.1 2.36604e+18 15.2666 2.2143 0 0 0 
45127.9 2.36467e+18 15.2583 0.792175 0 0 0 
45139.7 2.36333e+18 15.2503 -0.711615 0 0 0 
45151.4 2.36206e+18 15.2432 -2.17582 0 0 0 
45163.2 2.36087e+18 15.2372 -3.48011 0 0 0 
45175 2.35977e+18 15.2323 -4.51528 0 0 0 
45186.7 2.35871e+18 15.2281 -5.19276 0 0 0 
45198.5 2.35766e+18 15.2239 -5.45256 0 0 0 
45210.3 2.35657e+18 15.2192 -5.26895 0 0 0 
45222.1 2.3554e+18 15.2134 -4.65317 0 0 0 
45233.9 2.35415e+18 15.2065 -3.65303 0 0 0 
45245.7 2.35282e+18 15.1987 -2.34922 0 0 0 
45257.4 2.35147e+18 15.1904 -0.848692 0 0 0 
45269.2 2.35013e+18 15.1823 0.724394 0 0 0 
45281 2.34885e+18 15.175 2.23925 0 0 0 
45292.8 2.34765e+18 15.1688 3.56979 0 0 0 
45304.6 2.34654e+18 15.1638 4.60547 0 0 0 
45316.4 2.34548e+18 15.1595 5.2609 0 0 0 
45328.2 2.34444e+18 15.1554 5.48311 0 0 0 
45340 2.34337e+18 15.1509 5.25596 0 0 0 
45351.8 2.34222e+18 15.1454 4.60127 0 0 0 
45363.6 2.34099e+18 15.1387 3.5766 0 0 0 
45375.4 2.33969e+18 15.131 2.26994 0 0 0 
45387.2 2.33834e+18 15.1228 0.791734 0 0 0 
45399 2.337e+18 15.1146 -0.734825 0 0 0 
45410.8 2.33571e+18 15.1072 -2.18448 0 0 0 
45422.7 2.33451e+18 15.1008 -3.44053 0 0 0 
45434.5 2.33339e+18 15.0956 -4.40441 0 0 0 
45446.3 2.33233e+18 15.0913 -5.00348 0 0 0 
45458.1 2.3313e+18 15.0872 -5.19639 0 0 0 
45469.9 2.33024e+18 15.0828 -4.9756 0 0 0 
45481.8 2.32912e+18 15.0776 -4.36699 0 0 0 
45493.6 2.32791e+18 15.0711 -3.42665 0 0 0 
45505.4 2.32662e+18 15.0636 -2.23543 0 0 0 
45517.2 2.32529e+18 15.0554 -0.891577 0 0 0 
45529.1 2.32395e+18 15.0472 0.497611 0 0 0 
45540.9 2.32266e+18 15.0396 1.82451 0 0 0 
45552.7 2.32145e+18 15.0331 2.98945 0 0 0 
45564.5 2.32032e+18 15.0278 3.90801 0 0 0 
45576.4 2.31926e+18 15.0233 4.51675 0 0 0 
45588.2 2.31823e+18 15.0193 4.77703 0 0 0 
45600.1 2.31719e+18 15.0151 4.67689 0 0 0 
45611.9 2.31608e+18 15.01 4.23085 0 0 0 
45623.7 2.3149e+18 15.0038 3.47788 0 0 0 
45635.6 2.31363e+18 14.9965 2.4778 0 0 0 
45647.4 2.31231e+18 14.9884 1.30647 0 0 0 
45659.3 2.31098e+18 14.9801 0.0501418 0 0 0 
45671.1 2.30969e+18 14.9724 -1.20058 0 0 0 
45683 2.30846e+18 14.9657 -2.35683 0 0 0 
45694.8 2.30733e+18 14.9602 -3.33724 0 0 0 
45706.7 2.30627e+18 14.9557 -4.07312 0 0 0 
45718.5 2.30524e+18 14.9517 -4.51275 0 0 0 
45730.4 2.30421e+18 14.9476 -4.62466 0 0 0 
45742.3 2.30313e+18 14.9427 -4.39969 0 0 0 
45754.1 2.30196e+18 14.9367 -3.85173 0 0 0 
45766 2.30072e+18 14.9296 -3.0171 0 0 0 
45777.9 2.29941e+18 14.9216 -1.95257 0 0 0 
45789.7 2.29809e+18 14.9133 -0.732007 0 0 0 
45801.6 2.29679e+18 14.9055 0.558147 0 0 0 
45813.5 2.29556e+18 14.8987 1.82448 0 0 0 
45825.3 2.29441e+18 14.893 2.97292 0 0 0 
45837.2 2.29335e+18 14.8884 3.9154 0 0 0 
45849.1 2.29233e+18 14.8844 4.57652 0 0 0 
45861 2.29131e+18 14.8804 4.89959 0 0 0 
45872.9 2.29025e+18 14.8758 4.85176 0 0 0 
45884.7 2.28911e+18 14.87 4.42746 0 0 0 
45896.6 2.28788e+18 14.863 3.65009 0 0 0 
45908.5 2.28659e+18 14.8551 2.5714 0 0 0 
45920.4 2.28526e+18 14.8468 1.26863 0 0 0 
45932.3 2.28396e+18 14.8389 -0.160597 0 0 0 
45944.2 2.28272e+18 14.8319 -1.60535 0 0 0 
45956.1 2.28157e+18 14.8261 -2.94995 0 0 0 
45968 2.2805e+18 14.8214 -4.08329 0 0 0 
45979.9 2.27949e+18 14.8175 -4.90827 0 0 0 
45991.7 2.27848e+18 14.8136 -5.35046 0 0 0 
46003.6 2.27744e+18 14.8091 -5.36512 0 0 0 
46015.5 2.27632e+18 14.8035 -4.942 0 0 0 
46027.5 2.27512e+18 14.7967 -4.10727 0 0 0 
46039.4 2.27383e+18 14.7888 -2.92233 0 0 0 
46051.3 2.27251e+18 14.7805 -1.47955 0 0 0 
46063.2 2.27121e+18 14.7725 0.104962 0 0 0 
46075.1 2.26996e+18 14.7653 1.70082 0 0 0 
46087 2.2688e+18 14.7594 3.17435 0 0 0 
46098.9 2.26773e+18 14.7547 4.40012 0 0 0 
46110.8 2.26673e+18 14.7508 5.27208 0 0 0 
46122.7 2.26574e+18 14.7471 5.71302 0 0 0 
46134.7 2.26472e+18 14.7428 5.68176 0 0 0 
46146.6 2.26362e+18 14.7374 5.17719 0 0 0 
46158.5 2.26243e+18 14.7306 4.23873 0 0 0 
46170.4 2.26116e+18 14.7228 2.94325 0 0 0 
46182.4 2.25984e+18 14.7145 1.39857 0 0 0 
46194.3 2.25852e+18 14.7063 -0.265824 0 0 0 
46206.2 2.25727e+18 14.699 -1.90997 0 0 0 
46218.1 2.2561e+18 14.693 -3.39564 0 0 0 
46230.1 2.25504e+18 14.6883 -4.59835 0 0 0 
46242 2.25404e+18 14.6845 -5.41809 0 0 0 
46254 2.25307e+18 14.6809 -5.7878 0 0 0 
46265.9 2.25207e+18 14.6768 -5.67899 0 0 0 
46277.8 2.25099e+18 14.6715 -5.10373 0 0 0 
46289.8 2.24982e+18 14.6649 -4.11322 0 0 0 
46301.7 2.24855e+18 14.6571 -2.79289 0 0 0 
46313.7 2.24722e+18 14.6487 -1.25463 0 0 0 
46325.6 2.24591e+18 14.6404 0.373134 0 0 0 
46337.6 2.24464e+18 14.633 1.9565 0 0 0 
46349.5 2.24348e+18 14.627 3.36741 0 0 0 
46361.5 2.24242e+18 14.6223 4.49413 0 0 0 
46373.4 2.24144e+18 14.6186 5.25008 0 0 0 
46385.4 2.24049e+18 14.6151 5.58025 0 0 0 
46397.3 2.2395e+18 14.6111 5.46483 0 0 0 
46409.3 2.23844e+18 14.606 4.91979 0 0 0 
46421.3 2.23727e+18 14.5994 3.99459 0 0 0 
46433.2 2.23601e+18 14.5915 2.76727 0 0 0 
46445.2 2.23468e+18 14.583 1.3375 0 0 0 
46457.2 2.23335e+18 14.5747 -0.181732 0 0 0 
46469.1 2.23209e+18 14.5672 -1.6731 0 0 0 
46481.1 2.23093e+18 14.5612 -3.02387 0 0 0 
46493.1 2.22988e+18 14.5566 -4.13404 0 0 0 
46505 2.22891e+18 14.553 -4.92324 0 0 0 
46517 2.22798e+18 14.5497 -5.33593 0 0 0 
46529 2.22702e+18 14.5458 -5.34469 0 0 0 
46541 2.22597e+18 14.5407 -4.95147 0 0 0 
46553 2.2248e+18 14.5341 -4.18682 0 0 0 
46564.9 2.22353e+18 14.5262 -3.10741 0 0 0 
46576.9 2.2222e+18 14.5176 -1.79186 0 0 0 
46588.9 2.22087e+18 14.5092 -0.335323 0 0 0 
46600.9 2.2196e+18 14.5017 1.15683 0 0 0 
46612.9 2.21845e+18 14.4957 2.57598 0 0 0 
46624.9 2.21741e+18 14.4912 3.81745 0 0 0 
46636.9 2.21647e+18 14.4877 4.78753 0 0 0 
46648.9 2.21556e+18 14.4846 5.41002 0 0 0 
46660.9 2.21461e+18 14.4808 5.63187 0 0 0 
46672.9 2.21356e+18 14.4757 5.42758 0 0 0 
46684.9 2.2124e+18 14.4691 4.802 0 0 0 
46696.9 2.21112e+18 14.4611 3.79125 0 0 0 
46708.9 2.20978e+18 14.4524 2.46153 0 0 0 
46720.9 2.20845e+18 14.4439 0.905653 0 0 0 
46732.9 2.20719e+18 14.4364 -0.762486 0 0 0 
46744.9 2.20604e+18 14.4305 -2.41556 0 0 0 
46756.9 2.20503e+18 14.4262 -3.92194 0 0 0 
46768.9 2.20411e+18 14.4229 -5.15589 0 0 0 
46781 2.20321e+18 14.4199 -6.00801 0 0 0 
46793 2.20228e+18 14.4161 -6.39504 0 0 0 
46805 2.20123e+18 14.411 -6.26828 0 0 0 
46817 2.20006e+18 14.4043 -5.61955 0 0 0 
46829 2.19877e+18 14.3961 -4.48411 0 0 0 
46841.1 2.19742e+18 14.3873 -2.93999 0 0 0 
46853.1 2.19609e+18 14.3788 -1.10347 0 0 0 
46865.1 2.19484e+18 14.3715 0.879112 0 0 0 
46877.2 2.19372e+18 14.3657 2.84278 0 0 0 
46889.2 2.19273e+18 14.3615 4.61763 0 0 0 
46901.2 2.19183e+18 14.3584 6.0438 0 0 0 
46913.3 2.19095e+18 14.3555 6.98627 0 0 0 
46925.3 2.19002e+18 14.3518 7.34807 0 0 0 
46937.3 2.18897e+18 14.3466 7.08068 0 0 0 
46949.4 2.18778e+18 14.3396 6.19025 0 0 0 
46961.4 2.18648e+18 14.3314 4.73905 0 0 0 
46973.5 2.18513e+18 14.3225 2.84172 0 0 0 
46985.5 2.1838e+18 14.314 0.656362 0 0 0 
46997.6 2.18257e+18 14.3068 -1.62868 0 0 0 
47009.6 2.18147e+18 14.3012 -3.81138 0 0 0 
47021.7 2.18051e+18 14.2973 -5.69438 0 0 0 
47033.7 2.17963e+18 14.2944 -7.10339 0 0 0 
47045.8 2.17877e+18 14.2915 -7.90392 0 0 0 
47057.8 2.17783e+18 14.2877 -8.01454 0 0 0 
47069.9 2.17677e+18 14.2823 -7.41546 0 0 0 
47082 2.17557e+18 14.2752 -6.15143 0 0 0 
47094 2.17426e+18 14.2668 -4.32851 0 0 0 
47106.1 2.1729e+18 14.2578 -2.105 0 0 0 
47118.2 2.17158e+18 14.2494 0.322637 0 0 0 
47130.2 2.17037e+18 14.2424 2.73766 0 0 0 
47142.3 2.16931e+18 14.2371 4.92301 0 0 0 
47154.4 2.16837e+18 14.2335 6.68136 0 0 0 
47166.4 2.16752e+18 14.2307 7.85346 0 0 0 
47178.5 2.16666e+18 14.2278 8.33294 0 0 0 
47190.6 2.16571e+18 14.2239 8.07609 0 0 0 
47202.7 2.16463e+18 14.2183 7.10588 0 0 0 
47214.7 2.16341e+18 14.2109 5.50967 0 0 0 
47226.8 2.16209e+18 14.2023 3.43093 0 0 0 
47238.9 2.16073e+18 14.1934 1.05593 0 0 0 
47251 2.15943e+18 14.1851 -1.40359 0 0 0 
47263.1 2.15825e+18 14.1784 -3.72974 0 0 0 
47275.2 2.15722e+18 14.1734 -5.71826 0 0 0 
47287.3 2.15632e+18 14.17 -7.19671 0 0 0 
47299.4 2.15548e+18 14.1673 -8.03957 0 0 0 
47311.5 2.15461e+18 14.1644 -8.17879 0 0 0 
47323.6 2.15366e+18 14.1603 -7.60901 0 0 0 
47335.7 2.15255e+18 14.1544 -6.38702 0 0 0 
47347.8 2.15131e+18 14.1468 -4.62577 0 0 0 
47359.9 2.14998e+18 14.1381 -2.48347 0 0 0 
47372 2.14864e+18 14.1292 -0.148938 0 0 0 
47384.1 2.14736e+18 14.1212 2.17532 0 0 0 
47396.2 2.14622e+18 14.1147 4.29089 0 0 0 
47408.3 2.14522e+18 14.1101 6.02037 0 0 0 
47420.4 2.14434e+18 14.1069 7.22209 0 0 0 
47432.5 2.14351e+18 14.1043 7.80139 0 0 0 
47444.6 2.14264e+18 14.1012 7.71764 0 0 0 
47456.8 2.14166e+18 14.0968 6.98651 0 0 0 
47468.9 2.14053e+18 14.0907 5.67747 0 0 0 
47481 2.13927e+18 14.0828 3.90697 0 0 0 
47493.1 2.13794e+18 14.074 1.82785 0 0 0 
47505.2 2.13661e+18 14.0653 -0.383906 0 0 0 
47517.4 2.13537e+18 14.0575 -2.54397 0 0 0 
47529.5 2.13427e+18 14.0515 -4.47479 0 0 0 
47541.6 2.1333e+18 14.0472 -6.01985 0 0 0 
47553.8 2.13244e+18 14.0442 -7.05594 0 0 0 
47565.9 2.13161e+18 14.0416 -7.50255 0 0 0 
47578 2.13073e+18 14.0383 -7.32776 0 0 0 
47590.2 2.12972e+18 14.0336 -6.55022 0 0 0 
47602.3 2.12857e+18 14.0271 -5.23712 0 0 0 
47614.4 2.1273e+18 14.0191 -3.49846 0 0 0 
47626.6 2.12597e+18 14.0103 -1.478 0 0 0 
47638.7 2.12466e+18 14.0017 0.658348 0 0 0 
47650.9 2.12346e+18 13.9943 2.73575 0 0 0 
47663 2.12239e+18 13.9886 4.58444 0 0 0 
47675.2 2.12146e+18 13.9846 6.05319 0 0 0 
47687.3 2.12062e+18 13.9818 7.02149 0 0 0 
47699.5 2.11978e+18 13.9791 7.40926 0 0 0 
47711.6 2.11887e+18 13.9756 7.18349 0 0 0 
47723.8 2.11784e+18 13.9705 6.36117 0 0 0 
47736 2.11666e+18 13.9637 5.0083 0 0 0 
47748.1 2.11538e+18 13.9555 3.23489 0 0 0 
47760.3 2.11407e+18 13.9468 1.18641 0 0 0 
47772.5 2.11279e+18 13.9385 -0.967861 0 0 0 
47784.6 2.11163e+18 13.9314 -3.0485 0 0 0 
47796.8 2.1106e+18 13.9261 -4.88075 0 0 0 
47809 2.10969e+18 13.9224 -6.30918 0 0 0 
47821.1 2.10885e+18 13.9196 -7.21091 0 0 0 
47833.3 2.108e+18 13.9168 -7.50642 0 0 0 
47845.5 2.10707e+18 13.913 -7.16683 0 0 0 
47857.7 2.10601e+18 13.9076 -6.217 0 0 0 
47869.8 2.10482e+18 13.9005 -4.73409 0 0 0 
47882 2.10354e+18 13.8922 -2.84159 0 0 0 
47894.2 2.10224e+18 13.8836 -0.699231 0 0 0 
47906.4 2.101e+18 13.8756 1.51039 0 0 0 
47918.6 2.09988e+18 13.8689 3.59746 0 0 0 
47930.8 2.09888e+18 13.864 5.38136 0 0 0 
47943 2.098e+18 13.8605 6.70659 0 0 0 
47955.1 2.09716e+18 13.8577 7.45662 0 0 0 
47967.3 2.09629e+18 13.8547 7.56446 0 0 0 
47979.5 2.09533e+18 13.8506 7.01895 0 0 0 
47991.7 2.09424e+18 13.8448 5.8661 0 0 0 
48003.9 2.09304e+18 13.8375 4.20534 0 0 0 
48016.1 2.09177e+18 13.8292 2.18098 0 0 0 
48028.3 2.0905e+18 13.8207 -0.0304869 0 0 0 
48040.5 2.08929e+18 13.8131 -2.23595 0 0 0 
48052.7 2.0882e+18 13.8068 -4.24287 0 0 0 
48065 2.08724e+18 13.8022 -5.87639 0 0 0 
48077.2 2.08636e+18 13.7989 -6.99492 0 0 0 
48089.4 2.08551e+18 13.796 -7.50266 0 0 0 
48101.6 2.08463e+18 13.7928 -7.35796 0 0 0 
48113.8 2.08364e+18 13.7883 -6.57681 0 0 0 
48126 2.08254e+18 13.7823 -5.23107 0 0 0 
48138.2 2.08133e+18 13.7748 -3.44169 0 0 0 
48150.5 2.08007e+18 13.7665 -1.3676 0 0 0 
48162.7 2.07883e+18 13.7582 0.808766 0 0 0 
48174.9 2.07766e+18 13.7509 2.89781 0 0 0 
48187.1 2.0766e+18 13.745 4.71959 0 0 0 
48199.4 2.07566e+18 13.7407 6.11954 0 0 0 
48211.6 2.07479e+18 13.7375 6.98166 0 0 0 
48223.8 2.07393e+18 13.7346 7.23807 0 0 0 
48236.1 2.07303e+18 13.7311 6.87412 0 0 0 
48248.3 2.07202e+18 13.7263 5.92876 0 0 0 
48260.5 2.07091e+18 13.72 4.49019 0 0 0 
48272.8 2.0697e+18 13.7124 2.68729 0 0 0 
48285 2.06845e+18 13.7041 0.677795 0 0 0 
48297.3 2.06724e+18 13.6961 -1.36576 0 0 0 
48309.5 2.0661e+18 13.6891 -3.27096 0 0 0 
48321.8 2.06507e+18 13.6835 -4.88005 0 0 0 
48334 2.06414e+18 13.6795 -6.0628 0 0 0 
48346.3 2.06327e+18 13.6763 -6.72671 0 0 0 
48358.5 2.06241e+18 13.6733 -6.82385 0 0 0 
48370.8 2.06149e+18 13.6696 -6.35377 0 0 0 
48383 2.06047e+18 13.6645 -5.36247 0 0 0 
48395.3 2.05934e+18 13.6579 -3.93774 0 0 0 
48407.5 2.05814e+18 13.6502 -2.20117 0 0 0 
48419.8 2.05691e+18 13.642 -0.297796 0 0 0 
48432.1 2.05571e+18 13.6342 1.61588 0 0 0 
48444.3 2.0546e+18 13.6275 3.38441 0 0 0 
48456.6 2.05359e+18 13.6224 4.86564 0 0 0 
48468.9 2.05268e+18 13.6185 5.94162 0 0 0 
48481.1 2.05182e+18 13.6154 6.52753 0 0 0 
48493.4 2.05095e+18 13.6123 6.57796 0 0 0 
48505.7 2.05001e+18 13.6083 6.09015 0 0 0 
48518 2.04898e+18 13.603 5.10406 0 0 0 
48530.2 2.04785e+18 13.5962 3.69922 0 0 0 
48542.5 2.04665e+18 13.5883 1.98854 0 0 0 
48554.8 2.04543e+18 13.5802 0.109766 0 0 0 
48567.1 2.04426e+18 13.5726 -1.78515 0 0 0 
48579.4 2.04317e+18 13.5663 -3.54181 0 0 0 
48591.7 2.04218e+18 13.5614 -5.01549 0 0 0 
48604 2.04129e+18 13.5578 -6.08273 0 0 0 
48616.3 2.04043e+18 13.5548 -6.65157 0 0 0 
48628.5 2.03956e+18 13.5516 -6.66945 0 0 0 
48640.8 2.03861e+18 13.5473 -6.12836 0 0 0 
48653.1 2.03757e+18 13.5417 -5.06635 0 0 0 
48665.4 2.03643e+18 13.5346 -3.56555 0 0 0 
48677.7 2.03523e+18 13.5267 -1.74637 0 0 0 
48690 2.03402e+18 13.5186 0.241634 0 0 0 
48702.3 2.03286e+18 13.5113 2.23164 0 0 0 
48714.6 2.0318e+18 13.5054 4.05331 0 0 0 
48727 2.03084e+18 13.5008 5.54733 0 0 0 
48739.3 2.02996e+18 13.4974 6.5795 0 0 0 
48751.6 2.02911e+18 13.4945 7.05304 0 0 0 
48763.9 2.02823e+18 13.4911 6.91811 0 0 0 
48776.2 2.02728e+18 13.4866 6.17733 0 0 0 
48788.5 2.02622e+18 13.4806 4.88691 0 0 0 
48800.8 2.02507e+18 13.4733 3.15286 0 0 0 
48813.2 2.02387e+18 13.4652 1.12269 0 0 0 
48825.5 2.02267e+18 13.4573 -1.02707 0 0 0 
48837.8 2.02153e+18 13.4503 -3.10618 0 0 0 
48850.1 2.02049e+18 13.4447 -4.92778 0 0 0 
48862.5 2.01956e+18 13.4406 -6.32552 0 0 0 
48874.8 2.0187e+18 13.4374 -7.16922 0 0 0 
48887.1 2.01786e+18 13.4345 -7.37739 0 0 0 
48899.5 2.01698e+18 13.4309 -6.92556 0 0 0 
48911.8 2.01601e+18 13.426 -5.84935 0 0 0 
48924.1 2.01494e+18 13.4197 -4.24191 0 0 0 
48936.5 2.01377e+18 13.4121 -2.24594 0 0 0 
48948.8 2.01256e+18 13.404 -0.040933 0 0 0 
48961.2 2.01137e+18 13.3962 2.17323 0 0 0 
48973.5 2.01026e+18 13.3896 4.19479 0 0 0 
48985.9 2.00926e+18 13.3844 5.83895 0 0 0 
48998.2 2.00836e+18 13.3807 6.9552 0 0 0 
49010.6 2.00752e+18 13.3777 7.44151 0 0 0 
49022.9 2.00669e+18 13.3748 7.254 0 0 0 
49035.3 2.0058e+18 13.3709 6.411 0 0 0 
49047.6 2.00481e+18 13.3657 4.99135 0 0 0 
49060 2.00371e+18 13.3589 3.12684 0 0 0 
49072.3 2.00252e+18 13.351 0.989734 0 0 0 
49084.7 2.00131e+18 13.3429 -1.22358 0 0 0 
49097.1 2.00013e+18 13.3354 -3.31103 0 0 0 
49109.4 1.99906e+18 13.3292 -5.08372 0 0 0 
49121.8 1.99809e+18 13.3245 -6.38342 0 0 0 
49134.2 1.99723e+18 13.3212 -7.09694 0 0 0 
49146.5 1.99642e+18 13.3185 -7.16605 0 0 0 
49158.9 1.99559e+18 13.3154 -6.59215 0 0 0 
49171.3 1.99468e+18 13.3112 -5.43527 0 0 0 
49183.7 1.99366e+18 13.3054 -3.8076 0 0 0 
49196 1.99252e+18 13.2982 -1.86224 0 0 0 
49208.4 1.99132e+18 13.2901 0.221524 0 0 0 
49220.8 1.99011e+18 13.282 2.25517 0 0 0 
49233.2 1.98896e+18 13.2749 4.05826 0 0 0 
49245.6 1.98793e+18 13.2692 5.47464 0 0 0 
49258 1.98701e+18 13.2652 6.38597 0 0 0 
49270.3 1.98619e+18 13.2622 6.72142 0 0 0 
49282.7 1.9854e+18 13.2595 6.46284 0 0 0 
49295.1 1.98456e+18 13.2562 5.64493 0 0 0 
49307.5 1.98362e+18 13.2515 4.3507 0 0 0 
49319.9 1.98255e+18 13.2452 2.7028 0 0 0 
49332.3 1.98138e+18 13.2375 0.851594 0 0 0 
49344.7 1.98016e+18 13.2293 -1.0388 0 0 0 
49357.1 1.97897e+18 13.2214 -2.80513 0 0 0 
49369.5 1.97786e+18 13.2148 -4.29903 0 0 0 
49381.9 1.97688e+18 13.2098 -5.39926 0 0 0 
49394.3 1.97602e+18 13.2063 -6.02107 0 0 0 
49406.8 1.97523e+18 13.2036 -6.12224 0 0 0 
49419.2 1.97444e+18 13.2009 -5.7052 0 0 0 
49431.6 1.97358e+18 13.1971 -4.81547 0 0 0 
49444 1.97259e+18 13.1918 -3.53657 0 0 0 
49456.4 1.97148e+18 13.1849 -1.98204 0 0 0 
49468.8 1.97028e+18 13.1769 -0.285398 0 0 0 
49481.3 1.96906e+18 13.1686 1.41118 0 0 0 
49493.7 1.9679e+18 13.1612 2.96841 0 0 0 
49506.1 1.96685e+18 13.1552 4.26089 0 0 0 
49518.5 1.96593e+18 13.1509 5.18666 0 0 0 
49531 1.96512e+18 13.1479 5.67469 0 0 0 
49543.4 1.96435e+18 13.1454 5.68992 0 0 0 
49555.8 1.96355e+18 13.1424 5.23539 0 0 0 
49568.3 1.96264e+18 13.1381 4.35156 0 0 0 
49580.7 1.9616e+18 13.1321 3.11282 0 0 0 
49593.1 1.96045e+18 13.1246 1.62151 0 0 0 
49605.6 1.95923e+18 13.1163 -0.000136452 0 0 0 
49618 1.95803e+18 13.1083 -1.61949 0 0 0 
49630.5 1.95691e+18 13.1014 -3.10386 0 0 0 
49642.9 1.95593e+18 13.0962 -4.33097 0 0 0 
49655.3 1.95508e+18 13.0926 -5.19868 0 0 0 
49667.8 1.9543e+18 13.09 -5.63336 0 0 0 
49680.2 1.95354e+18 13.0874 -5.59621 0 0 0 
49692.7 1.9527e+18 13.084 -5.08689 0 0 0 
49705.2 1.95174e+18 13.079 -4.1443 0 0 0 
49717.6 1.95064e+18 13.0722 -2.84402 0 0 0 
49730.1 1.94945e+18 13.0643 -1.29279 0 0 0 
49742.5 1.94824e+18 13.056 0.379782 0 0 0 
49755 1.94707e+18 13.0484 2.03178 0 0 0 
49767.5 1.94602e+18 13.0423 3.5208 0 0 0 
49779.9 1.94511e+18 13.0379 4.71626 0 0 0 
49792.4 1.94431e+18 13.0349 5.51103 0 0 0 
49804.9 1.94355e+18 13.0324 5.83132 0 0 0 
49817.3 1.94277e+18 13.0296 5.64392 0 0 0 
49829.8 1.94188e+18 13.0255 4.95999 0 0 0 
49842.3 1.94086e+18 13.0197 3.83495 0 0 0 
49854.8 1.93971e+18 13.0123 2.36431 0 0 0 
49867.2 1.93851e+18 13.0041 0.675761 0 0 0 
49879.7 1.93731e+18 12.9961 -1.08192 0 0 0 
49892.2 1.93621e+18 12.9891 -2.75209 0 0 0 
49904.7 1.93523e+18 12.9838 -4.1845 0 0 0 
49917.2 1.93438e+18 12.9802 -5.24914 0 0 0 
49929.7 1.93362e+18 12.9775 -5.84844 0 0 0 
49942.1 1.93286e+18 12.9751 -5.92656 0 0 0 
49954.6 1.93204e+18 12.9717 -5.47487 0 0 0 
49967.1 1.93109e+18 12.9668 -4.53299 0 0 0 
49979.6 1.93001e+18 12.9603 -3.1854 0 0 0 
49992.1 1.92883e+18 12.9524 -1.55367 0 0 0 
50004.6 1.92763e+18 12.9442 0.214737 0 0 0 
50017.1 1.92648e+18 12.9367 1.96007 0 0 0 
50029.6 1.92544e+18 12.9305 3.52511 0 0 0 
50042.1 1.92454e+18 12.926 4.76967 0 0 0 
50054.6 1.92374e+18 12.923 5.58336 0 0 0 
50067.2 1.923e+18 12.9205 5.89553 0 0 0 
50079.7 1.92221e+18 12.9177 5.68139 0 0 0 
50092.2 1.92133e+18 12.9137 4.96386 0 0 0 
50104.7 1.92032e+18 12.908 3.81086 0 0 0 
50117.2 1.91919e+18 12.9008 2.32869 0 0 0 
50129.7 1.918e+18 12.8927 0.651834 0 0 0 
50142.2 1.91682e+18 12.8847 -1.06951 0 0 0 
50154.8 1.91574e+18 12.8778 -2.68309 0 0 0 
50167.3 1.91477e+18 12.8725 -4.04816 0 0 0 
50179.8 1.91394e+18 12.8689 -5.04774 0 0 0 
50192.3 1.91318e+18 12.8662 -5.59843 0 0 0 
50204.9 1.91242e+18 12.8637 -5.6571 0 0 0 
50217.4 1.9116e+18 12.8603 -5.22387 0 0 0 
50229.9 1.91065e+18 12.8555 -4.34129 0 0 0 
50242.5 1.90958e+18 12.849 -3.08989 0 0 0 
50255 1.90842e+18 12.8413 -1.5807 0 0 0 
50267.6 1.90724e+18 12.8332 0.0547164 0 0 0 
50280.1 1.90611e+18 12.8258 1.67563 0 0 0 
50292.6 1.90509e+18 12.8197 3.14404 0 0 0 
50305.2 1.9042e+18 12.8153 4.3361 0 0 0 
50317.7 1.90342e+18 12.8122 5.15217 0 0 0 
50330.3 1.90267e+18 12.8097 5.52478 0 0 0 
50342.8 1.90188e+18 12.8068 5.42382 0 0 0 
50355.4 1.901e+18 12.8027 4.85884 0 0 0 
50367.9 1.89999e+18 12.7971 3.87803 0 0 0 
50380.5 1.89888e+18 12.7899 2.56426 0 0 0 
50393.1 1.89771e+18 12.782 1.02832 0 0 0 
50405.6 1.89656e+18 12.7743 -0.600096 0 0 0 
50418.2 1.8955e+18 12.7675 -2.18284 0 0 0 
50430.7 1.89455e+18 12.7623 -3.58469 0 0 0 
50443.3 1.89372e+18 12.7586 -4.68451 0 0 0 
50455.9 1.89296e+18 12.7559 -5.38551 0 0 0 
50468.4 1.8922e+18 12.7533 -5.62373 0 0 0 
50481 1.89137e+18 12.7498 -5.37392 0 0 0 
50493.6 1.89043e+18 12.745 -4.65243 0 0 0 
50506.2 1.88937e+18 12.7385 -3.51662 0 0 0 
50518.7 1.88823e+18 12.731 -2.06077 0 0 0 
50531.3 1.88707e+18 12.7231 -0.40874 0 0 0 
50543.9 1.88597e+18 12.7159 1.29618 0 0 0 
50556.5 1.88498e+18 12.7099 2.90348 0 0 0 
50569.1 1.8841e+18 12.7056 4.2686 0 0 0 
50581.6 1.88332e+18 12.7025 5.26599 0 0 0 
50594.2 1.88256e+18 12.6999 5.8009 0 0 0 
50606.8 1.88177e+18 12.6968 5.8187 0 0 0 
50619.4 1.88088e+18 12.6927 5.31079 0 0 0 
50632 1.87988e+18 12.687 4.31641 0 0 0 
50644.6 1.87878e+18 12.6799 2.92013 0 0 0 
50657.2 1.87764e+18 12.6722 1.24487 0 0 0 
50669.8 1.87652e+18 12.6647 -0.558691 0 0 0 
50682.4 1.87548e+18 12.6581 -2.3258 0 0 0 
50695 1.87456e+18 12.6531 -3.89282 0 0 0 
50707.6 1.87373e+18 12.6494 -5.11269 0 0 0 
50720.2 1.87297e+18 12.6466 -5.86914 0 0 0 
50732.8 1.8722e+18 12.6439 -6.08817 0 0 0 
50745.4 1.87136e+18 12.6403 -5.74561 0 0 0 
50758.1 1.87042e+18 12.6353 -4.87 0 0 0 
50770.7 1.86937e+18 12.6289 -3.54044 0 0 0 
50783.3 1.86825e+18 12.6215 -1.87936 0 0 0 
50795.9 1.86713e+18 12.6138 -0.0411596 0 0 0 
50808.5 1.86606e+18 12.6068 1.80244 0 0 0 
50821.1 1.86509e+18 12.6011 3.47882 0 0 0 
50833.8 1.86422e+18 12.5969 4.83102 0 0 0 
50846.4 1.86344e+18 12.5937 5.73278 0 0 0 
50859 1.86268e+18 12.591 6.1007 0 0 0 
50871.7 1.86187e+18 12.5878 5.90207 0 0 0 
50884.3 1.86098e+18 12.5835 5.15783 0 0 0 
50896.9 1.85999e+18 12.5777 3.94032 0 0 0 
50909.6 1.85891e+18 12.5708 2.36598 0 0 0 
50922.2 1.85779e+18 12.5632 0.583903 0 0 0 
50934.8 1.8567e+18 12.556 -1.23869 0 0 0 
50947.5 1.85569e+18 12.5497 -2.93249 0 0 0 
50960.1 1.85478e+18 12.5448 -4.34219 0 0 0 
50972.8 1.85397e+18 12.5412 -5.34088 0 0 0 
50985.4 1.8532e+18 12.5383 -5.84159 0 0 0 
50998.1 1.85242e+18 12.5354 -5.80472 0 0 0 
51010.7 1.85157e+18 12.5316 -5.24087 0 0 0 
51023.4 1.85063e+18 12.5265 -4.20884 0 0 0 
51036 1.84959e+18 12.5201 -2.80922 0 0 0 
51048.7 1.8485e+18 12.5128 -1.17417 0 0 0 
51061.3 1.8474e+18 12.5054 0.545341 0 0 0 
51074 1.84636e+18 12.4987 2.19376 0 0 0 
51086.6 1.84541e+18 12.4932 3.62508 0 0 0 
51099.3 1.84456e+18 12.4891 4.71565 0 0 0 
51112 1.84378e+18 12.4859 5.37464 0 0 0 
51124.6 1.84301e+18 12.4831 5.55111 0 0 0 
51137.3 1.8422e+18 12.4797 5.23744 0 0 0 
51150 1.8413e+18 12.4752 4.46877 0 0 0 
51162.7 1.84031e+18 12.4694 3.31882 0 0 0 
51175.3 1.83924e+18 12.4625 1.89259 0 0 0 
51188 1.83815e+18 12.4551 0.316632 0 0 0 
51200.7 1.83709e+18 12.4481 -1.27207 0 0 0 
51213.4 1.83611e+18 12.4421 -2.73774 0 0 0 
51226.1 1.83522e+18 12.4374 -3.95698 0 0 0 
51238.7 1.83441e+18 12.4339 -4.82862 0 0 0 
51251.4 1.83365e+18 12.4309 -5.28153 0 0 0 
51264.1 1.83286e+18 12.4278 -5.27989 0 0 0 
51276.8 1.83201e+18 12.4238 -4.82568 0 0 0 
51289.5 1.83106e+18 12.4186 -3.95813 0 0 0 
51302.2 1.83003e+18 12.4122 -2.75043 0 0 0 
51314.9 1.82895e+18 12.405 -1.30381 0 0 0 
51327.6 1.82788e+18 12.3978 0.26045 0 0 0 
51340.3 1.82687e+18 12.3914 1.81065 0 0 0 
51353 1.82595e+18 12.3862 3.21508 0 0 0 
51365.7 1.82511e+18 12.3822 4.35268 0 0 0 
51378.4 1.82434e+18 12.3791 5.12308 0 0 0 
51391.1 1.82356e+18 12.3761 5.45516 0 0 0 
51403.8 1.82274e+18 12.3725 5.31369 0 0 0 
51416.5 1.82184e+18 12.3678 4.70316 0 0 0 
51429.2 1.82084e+18 12.3619 3.66856 0 0 0 
51442 1.81979e+18 12.355 2.29275 0 0 0 
51454.7 1.81872e+18 12.3479 0.690563 0 0 0 
51467.4 1.81769e+18 12.3411 -1.00016 0 0 0 
51480.1 1.81674e+18 12.3354 -2.62991 0 0 0 
51492.8 1.81588e+18 12.331 -4.05047 0 0 0 
51505.6 1.81508e+18 12.3275 -5.12831 0 0 0 
51518.3 1.81431e+18 12.3245 -5.75726 0 0 0 
51531 1.81351e+18 12.3212 -5.86932 0 0 0 
51543.7 1.81265e+18 12.317 -5.44231 0 0 0 
51556.5 1.81169e+18 12.3115 -4.50358 0 0 0 
51569.2 1.81067e+18 12.3051 -3.12918 0 0 0 
51582 1.80961e+18 12.298 -1.43827 0 0 0 
51594.7 1.80857e+18 12.2912 0.416788 0 0 0 
51607.4 1.80759e+18 12.2851 2.26404 0 0 0 
51620.2 1.8067e+18 12.2802 3.92797 0 0 0 
51632.9 1.80589e+18 12.2763 5.24638 0 0 0 
51645.7 1.80511e+18 12.2732 6.08668 0 0 0 
51658.4 1.80433e+18 12.27 6.3596 0 0 0 
51671.2 1.80349e+18 12.2661 6.02915 0 0 0 
51683.9 1.80257e+18 12.2612 5.11737 0 0 0 
51696.7 1.80158e+18 12.2552 3.70354 0 0 0 
51709.4 1.80054e+18 12.2484 1.91749 0 0 0 
51722.2 1.7995e+18 12.2415 -0.0723092 0 0 0 
51734.9 1.79851e+18 12.2351 -2.07483 0 0 0 
51747.7 1.79759e+18 12.2298 -3.89517 0 0 0 
51760.5 1.79675e+18 12.2255 -5.35395 0 0 0 
51773.2 1.79596e+18 12.2221 -6.30548 0 0 0 
51786 1.79518e+18 12.2189 -6.65272 0 0 0 
51798.8 1.79437e+18 12.2154 -6.35754 0 0 0 
51811.5 1.79349e+18 12.2109 -5.44502 0 0 0 
51824.3 1.79253e+18 12.2053 -4.00144 0 0 0 
51837.1 1.79152e+18 12.1989 -2.16601 0 0 0 
51849.9 1.79049e+18 12.192 -0.11717 0 0 0 
51862.6 1.78949e+18 12.1855 1.94513 0 0 0 
51875.4 1.78855e+18 12.1797 3.81938 0 0 0 
51888.2 1.78768e+18 12.1751 5.32262 0 0 0 
51901 1.78687e+18 12.1713 6.3087 0 0 0 
51913.8 1.78609e+18 12.168 6.68266 0 0 0 
51926.6 1.78529e+18 12.1647 6.4101 0 0 0 
51939.3 1.78443e+18 12.1606 5.52019 0 0 0 
51952.1 1.78351e+18 12.1555 4.10245 0 0 0 
51964.9 1.78253e+18 12.1494 2.29743 0 0 0 
51977.7 1.78152e+18 12.1428 0.282422 0 0 0 
51990.5 1.78052e+18 12.1361 -1.74632 0 0 0 
52003.3 1.77956e+18 12.1301 -3.59307 0 0 0 
52016.1 1.77867e+18 12.125 -5.08174 0 0 0 
52028.9 1.77783e+18 12.1209 -6.07281 0 0 0 
52041.7 1.77704e+18 12.1174 -6.47642 0 0 0 
52054.5 1.77625e+18 12.1141 -6.26033 0 0 0 
52067.3 1.77542e+18 12.1103 -5.45214 0 0 0 
52080.2 1.77453e+18 12.1057 -4.13569 0 0 0 
52093 1.77358e+18 12.1 -2.44205 0 0 0 
52105.8 1.77259e+18 12.0937 -0.536189 0 0 0 
52118.6 1.7716e+18 12.087 1.39937 0 0 0 
52131.4 1.77063e+18 12.0808 3.18212 0 0 0 
52144.2 1.76971e+18 12.0753 4.64681 0 0 0 
52157.1 1.76885e+18 12.0707 5.66065 0 0 0 
52169.9 1.76804e+18 12.067 6.13506 0 0 0 
52182.7 1.76725e+18 12.0637 6.03309 0 0 0 
52195.5 1.76643e+18 12.0601 5.37181 0 0 0 
52208.4 1.76558e+18 12.0559 4.21969 0 0 0 
52221.2 1.76467e+18 12.0507 2.68933 0 0 0 
52234 1.76371e+18 12.0447 0.926335 0 0 0 
52246.9 1.76273e+18 12.0382 -0.904558 0 0 0 
52259.7 1.76175e+18 12.0317 -2.63473 0 0 0 
52272.6 1.76082e+18 12.0259 -4.107 0 0 0 
52285.4 1.75993e+18 12.0209 -5.18957 0 0 0 
52298.2 1.75909e+18 12.0169 -5.78748 0 0 0 
52311.1 1.75829e+18 12.0134 -5.85058 0 0 0 
52323.9 1.75749e+18 12.01 -5.37745 0 0 0 
52336.8 1.75667e+18 12.0062 -4.41499 0 0 0 
52349.6 1.75579e+18 12.0015 -3.05376 0 0 0 
52362.5 1.75487e+18 11.9958 -1.41959 0 0 0 
52375.3 1.75391e+18 11.9895 0.337825 0 0 0 
52388.2 1.75293e+18 11.983 2.05832 0 0 0 
52401.1 1.75197e+18 11.9768 3.58554 0 0 0 
52413.9 1.75106e+18 11.9714 4.7808 0 0 0 
52426.8 1.7502e+18 11.967 5.53547 0 0 0 
52439.6 1.74938e+18 11.9634 5.7807 0 0 0 
52452.5 1.74859e+18 11.9601 5.49368 0 0 0 
52465.4 1.74779e+18 11.9566 4.6999 0 0 0 
52478.3 1.74696e+18 11.9523 3.47111 0 0 0 
52491.1 1.74607e+18 11.9471 1.91916 0 0 0 
52504 1.74513e+18 11.941 0.18613 0 0 0 
52516.9 1.74416e+18 11.9345 -1.56834 0 0 0 
52529.8 1.74319e+18 11.928 -3.18155 0 0 0 
52542.6 1.74224e+18 11.9223 -4.5027 0 0 0 
52555.5 1.74135e+18 11.9175 -5.40695 0 0 0 
52568.4 1.74052e+18 11.9136 -5.80738 0 0 0 
52581.3 1.73973e+18 11.9103 -5.66356 0 0 0 
52594.2 1.73896e+18 11.9071 -4.9859 0 0 0 
52607.1 1.73816e+18 11.9033 -3.83527 0 0 0 
52620 1.73731e+18 11.8985 -2.31785 0 0 0 
52632.9 1.7364e+18 11.8927 -0.575558 0 0 0 
52645.7 1.73544e+18 11.8862 1.22714 0 0 0 
52658.6 1.73445e+18 11.8795 2.91874 0 0 0 
52671.5 1.73348e+18 11.8734 4.33714 0 0 0 
52684.4 1.73256e+18 11.8681 5.34539 0 0 0 
52697.4 1.73171e+18 11.864 5.84521 0 0 0 
52710.3 1.73092e+18 11.8607 5.78681 0 0 0 
52723.2 1.73017e+18 11.8577 5.17412 0 0 0 
52736.1 1.72941e+18 11.8543 4.06476 0 0 0 
52749 1.7286e+18 11.85 2.56466 0 0 0 
52761.9 1.72771e+18 11.8445 0.817976 0 0 0 
52774.8 1.72676e+18 11.8381 -1.00693 0 0 0 
52787.7 1.72576e+18 11.8313 -2.7339 0 0 0 
52800.7 1.72476e+18 11.8247 -4.19624 0 0 0 
52813.6 1.72381e+18 11.8191 -5.25303 0 0 0 
52826.5 1.72294e+18 11.8147 -5.80293 0 0 0 
52839.4 1.72215e+18 11.8113 -5.794 0 0 0 
52852.3 1.72142e+18 11.8086 -5.22867 0 0 0 
52865.3 1.72069e+18 11.8056 -4.16327 0 0 0 
52878.2 1.71992e+18 11.8017 -2.70229 0 0 0 
52891.1 1.71907e+18 11.7965 -0.987953 0 0 0 
52904.1 1.71812e+18 11.7902 0.813845 0 0 0 
52917 1.71712e+18 11.7832 2.52977 0 0 0 
52929.9 1.71609e+18 11.7763 3.99588 0 0 0 
52942.9 1.71511e+18 11.7703 5.07333 0 0 0 
52955.8 1.71422e+18 11.7656 5.66145 0 0 0 
52968.8 1.71343e+18 11.7622 5.70712 0 0 0 
52981.7 1.71272e+18 11.7596 5.20926 0 0 0 
52994.7 1.71203e+18 11.7569 4.2185 0 0 0 
53007.6 1.71129e+18 11.7535 2.83181 0 0 0 
53020.6 1.71047e+18 11.7486 1.1829 0 0 0 
53033.5 1.70953e+18 11.7424 -0.570759 0 0 0 
53046.5 1.70852e+18 11.7353 -2.26294 0 0 0 
53059.4 1.70747e+18 11.7281 -3.73428 0 0 0 
53072.4 1.70646e+18 11.7217 -4.84707 0 0 0 
53085.4 1.70555e+18 11.7167 -5.49795 0 0 0 
53098.3 1.70476e+18 11.7132 -5.6272 0 0 0 
53111.3 1.70406e+18 11.7108 -5.22408 0 0 0 
53124.3 1.7034e+18 11.7085 -4.32757 0 0 0 
53137.2 1.70271e+18 11.7054 -3.0226 0 0 0 
53150.2 1.70191e+18 11.7009 -1.43213 0 0 0 
53163.2 1.70098e+18 11.6948 0.294197 0 0 0 
53176.1 1.69996e+18 11.6876 1.99385 0 0 0 
53189.1 1.69889e+18 11.6801 3.50641 0 0 0 
53202.1 1.69785e+18 11.6733 4.68841 0 0 0 
53215.1 1.69693e+18 11.6681 5.42676 0 0 0 
53228.1 1.69613e+18 11.6646 5.64945 0 0 0 
53241.1 1.69546e+18 11.6623 5.33269 0 0 0 
53254 1.69483e+18 11.6603 4.50354 0 0 0 
53267 1.69416e+18 11.6576 3.23802 0 0 0 
53280 1.69339e+18 11.6533 1.65446 0 0 0 
53293 1.69248e+18 11.6473 -0.0971209 0 0 0 
53306 1.69144e+18 11.64 -1.84893 0 0 0 
53319 1.69035e+18 11.6322 -3.43122 0 0 0 
53332 1.68929e+18 11.6252 -4.68866 0 0 0 
53345 1.68835e+18 11.6197 -5.49567 0 0 0 
53358 1.68756e+18 11.6161 -5.76918 0 0 0 
53371 1.6869e+18 11.614 -5.47752 0 0 0 
53384 1.6863e+18 11.6123 -4.64442 0 0 0 
53397 1.68567e+18 11.6099 -3.34759 0 0 0 
53410 1.68491e+18 11.6059 -1.71188 0 0 0 
53423.1 1.684e+18 11.6 0.102458 0 0 0 
53436.1 1.68296e+18 11.5925 1.9154 0 0 0 
53449.1 1.68185e+18 11.5845 3.54508 0 0 0 
53462.1 1.68078e+18 11.5772 4.82623 0 0 0 
53475.1 1.67982e+18 11.5716 5.62734 0 0 0 
53488.1 1.67904e+18 11.568 5.86463 0 0 0 
53501.2 1.6784e+18 11.5659 5.51119 0 0 0 
53514.2 1.67782e+18 11.5645 4.60045 0 0 0 
53527.2 1.67721e+18 11.5624 3.22334 0 0 0 
53540.3 1.67648e+18 11.5586 1.5193 0 0 0 
53553.3 1.67557e+18 11.5527 -0.337838 0 0 0 
53566.3 1.67451e+18 11.5452 -2.15781 0 0 0 
53579.4 1.67339e+18 11.537 -3.75377 0 0 0 
53592.4 1.6723e+18 11.5295 -4.96192 0 0 0 
53605.4 1.67135e+18 11.5237 -5.65881 0 0 0 
53618.5 1.67057e+18 11.5201 -5.77435 0 0 0 
53631.5 1.66994e+18 11.5182 -5.29922 0 0 0 
53644.6 1.66939e+18 11.5169 -4.28577 0 0 0 
53657.6 1.6688e+18 11.5151 -2.84224 0 0 0 
53670.7 1.66808e+18 11.5114 -1.12111 0 0 0 
53683.7 1.66717e+18 11.5056 0.69731 0 0 0 
53696.8 1.66611e+18 11.4979 2.42419 0 0 0 
53709.8 1.66497e+18 11.4896 3.88221 0 0 0 
53722.9 1.66387e+18 11.4819 4.92422 0 0 0 
53735.9 1.66292e+18 11.4761 5.44843 0 0 0 
53749 1.66215e+18 11.4724 5.40856 0 0 0 
53762.1 1.66154e+18 11.4707 4.81787 0 0 0 
53775.1 1.66101e+18 11.4696 3.74679 0 0 0 
53788.2 1.66044e+18 11.4679 2.31438 0 0 0 
53801.3 1.65972e+18 11.4644 0.674917 0 0 0 
53814.3 1.65881e+18 11.4585 -0.999179 0 0 0 
53827.4 1.65773e+18 11.4508 -2.53583 0 0 0 
53840.5 1.65659e+18 11.4423 -3.78133 0 0 0 
53853.6 1.65548e+18 11.4346 -4.61596 0 0 0 
53866.6 1.65453e+18 11.4287 -4.96552 0 0 0 
53879.7 1.65378e+18 11.4251 -4.80775 0 0 0 
53892.8 1.65319e+18 11.4235 -4.17295 0 0 0 
53905.9 1.65268e+18 11.4226 -3.13919 0 0 0 
53919 1.65212e+18 11.421 -1.82257 0 0 0 
53932.1 1.6514e+18 11.4175 -0.363915 0 0 0 
53945.2 1.65048e+18 11.4116 1.08657 0 0 0 
53958.2 1.6494e+18 11.4038 2.38503 0 0 0 
53971.3 1.64824e+18 11.3952 3.40825 0 0 0 
53984.4 1.64714e+18 11.3874 4.06529 0 0 0 
53997.5 1.6462e+18 11.3815 4.30515 0 0 0 
54010.6 1.64547e+18 11.3781 4.12006 0 0 0 
54023.7 1.6449e+18 11.3765 3.54423 0 0 0 
54036.8 1.64439e+18 11.3757 2.64838 0 0 0 
54049.9 1.64383e+18 11.3742 1.53103 0 0 0 
54063.1 1.64311e+18 11.3707 0.30751 0 0 0 
54076.2 1.64219e+18 11.3648 -0.902082 0 0 0 
54089.3 1.6411e+18 11.3569 -1.98456 0 0 0 
54102.4 1.63994e+18 11.3483 -2.84396 0 0 0 
54115.5 1.63885e+18 11.3404 -3.40962 0 0 0 
54128.6 1.63792e+18 11.3346 -3.64122 0 0 0 
54141.7 1.6372e+18 11.3313 -3.53079 0 0 0 
54154.9 1.63665e+18 11.3299 -3.10162 0 0 0 
54168 1.63615e+18 11.3291 -2.40442 0 0 0 
54181.1 1.63559e+18 11.3276 -1.51133 0 0 0 
54194.2 1.63486e+18 11.324 -0.508535 0 0 0 
54207.4 1.63393e+18 11.318 0.511852 0 0 0 
54220.5 1.63283e+18 11.3101 1.45983 0 0 0 
54233.6 1.63168e+18 11.3015 2.25489 0 0 0 
54246.8 1.6306e+18 11.2937 2.8322 0 0 0 
54259.9 1.62969e+18 11.288 3.14719 0 0 0 
54273.1 1.62899e+18 11.2848 3.17842 0 0 0 
54286.2 1.62845e+18 11.2834 2.92859 0 0 0 
54299.3 1.62796e+18 11.2827 2.42368 0 0 0 
54312.5 1.62739e+18 11.2812 1.71045 0 0 0 
54325.6 1.62665e+18 11.2775 0.852472 0 0 0 
54338.8 1.6257e+18 11.2714 -0.075006 0 0 0 
54351.9 1.62461e+18 11.2634 -0.99112 0 0 0 
54365.1 1.62346e+18 11.2548 -1.81586 0 0 0 
54378.2 1.6224e+18 11.2472 -2.47662 0 0 0 
54391.4 1.62151e+18 11.2416 -2.91427 0 0 0 
54404.6 1.62083e+18 11.2385 -3.08842 0 0 0 
54417.7 1.62029e+18 11.2372 -2.98128 0 0 0 
54430.9 1.6198e+18 11.2365 -2.59978 0 0 0 
54444.1 1.61922e+18 11.2349 -1.97565 0 0 0 
54457.2 1.61847e+18 11.2311 -1.16333 0 0 0 
54470.4 1.61752e+18 11.2249 -0.235721 0 0 0 
54483.6 1.61642e+18 11.2169 0.721985 0 0 0 
54496.7 1.61529e+18 11.2084 1.61988 0 0 0 
54509.9 1.61425e+18 11.2008 2.37172 0 0 0 
54523.1 1.61338e+18 11.1955 2.90336 0 0 0 
54536.3 1.61271e+18 11.1925 3.16033 0 0 0 
54549.5 1.61218e+18 11.1913 3.11375 0 0 0 
54562.6 1.61169e+18 11.1905 2.76395 0 0 0 
54575.8 1.61109e+18 11.1887 2.14121 0 0 0 
54589 1.61033e+18 11.1848 1.30354 0 0 0 
54602.2 1.60937e+18 11.1785 0.331395 0 0 0 
54615.4 1.60828e+18 11.1705 -0.679953 0 0 0 
54628.6 1.60716e+18 11.1621 -1.62987 0 0 0 
54641.8 1.60614e+18 11.1547 -2.42263 0 0 0 
54655 1.6053e+18 11.1496 -2.9773 0 0 0 
54668.2 1.60464e+18 11.1467 -3.23643 0 0 0 
54681.4 1.60412e+18 11.1455 -3.1722 0 0 0 
54694.6 1.60361e+18 11.1447 -2.78972 0 0 0 
54707.8 1.603e+18 11.1427 -2.12676 0 0 0 
54721 1.60222e+18 11.1387 -1.25004 0 0 0 
54734.2 1.60126e+18 11.1323 -0.248443 0 0 0 
54747.4 1.60017e+18 11.1243 0.776177 0 0 0 
54760.6 1.59908e+18 11.116 1.71961 0 0 0 
54773.8 1.59808e+18 11.1089 2.48613 0 0 0 
54787.1 1.59726e+18 11.1039 2.99847 0 0 0 
54800.3 1.59662e+18 11.1012 3.20575 0 0 0 
54813.5 1.59609e+18 11.1 3.08869 0 0 0 
54826.7 1.59557e+18 11.099 2.66136 0 0 0 
54839.9 1.59495e+18 11.0969 1.96946 0 0 0 
54853.2 1.59416e+18 11.0927 1.08533 0 0 0 
54866.4 1.59319e+18 11.0862 0.100205 0 0 0 
54879.6 1.59212e+18 11.0782 -0.885355 0 0 0 
54892.9 1.59104e+18 11.0701 -1.77192 0 0 0 
54906.1 1.59007e+18 11.0632 -2.47131 0 0 0 
54919.3 1.58927e+18 11.0584 -2.9154 0 0 0 
54932.6 1.58863e+18 11.0558 -3.06277 0 0 0 
54945.8 1.58811e+18 11.0546 -2.90244 0 0 0 
54959.1 1.58758e+18 11.0535 -2.45448 0 0 0 
54972.3 1.58694e+18 11.0512 -1.76749 0 0 0 
54985.5 1.58613e+18 11.0468 -0.913267 0 0 0 
54998.8 1.58517e+18 11.0403 0.0208192 0 0 0 
55012 1.5841e+18 11.0324 0.940752 0 0 0 
55025.3 1.58304e+18 11.0244 1.75533 0 0 0 
55038.6 1.5821e+18 11.0177 2.38514 0 0 0 
55051.8 1.58131e+18 11.0131 2.77024 0 0 0 
55065.1 1.58069e+18 11.0107 2.87572 0 0 0 
55078.3 1.58016e+18 11.0094 2.6948 0 0 0 
55091.6 1.57962e+18 11.0082 2.24902 0 0 0 
55104.9 1.57897e+18 11.0057 1.58583 0 0 0 
55118.1 1.57815e+18 11.0011 0.773498 0 0 0 
55131.4 1.57718e+18 10.9945 -0.105758 0 0 0 
55144.7 1.57613e+18 10.9867 -0.96403 0 0 0 
55157.9 1.57509e+18 10.9789 -1.7164 0 0 0 
55171.2 1.57417e+18 10.9725 -2.28926 0 0 0 
55184.5 1.5734e+18 10.9681 -2.6275 0 0 0 
55197.8 1.57279e+18 10.9657 -2.69978 0 0 0 
55211 1.57225e+18 10.9645 -2.50151 0 0 0 
55224.3 1.5717e+18 10.9631 -2.05518 0 0 0 
55237.6 1.57103e+18 10.9604 -1.40794 0 0 0 
55250.9 1.57021e+18 10.9556 -0.626796 0 0 0 
55264.2 1.56924e+18 10.9489 0.208183 0 0 0 
55277.5 1.5682e+18 10.9412 1.01206 0 0 0 
55290.8 1.56718e+18 10.9336 1.70362 0 0 0 
55304.1 1.56628e+18 10.9274 2.21371 0 0 0 
55317.4 1.56553e+18 10.9232 2.49226 0 0 0 
55330.7 1.56493e+18 10.9209 2.51339 0 0 0 
55344 1.56439e+18 10.9197 2.278 0 0 0 
55357.3 1.56382e+18 10.9181 1.81356 0 0 0 
55370.6 1.56314e+18 10.9152 1.17109 0 0 0 
55383.9 1.56231e+18 10.9103 0.419628 0 0 0 
55397.2 1.56134e+18 10.9035 -0.361182 0 0 0 
55410.5 1.56031e+18 10.8958 -1.08965 0 0 0 
55423.8 1.55931e+18 10.8885 -1.6908 0 0 0 
55437.1 1.55843e+18 10.8825 -2.1043 0 0 0 
55450.4 1.55771e+18 10.8786 -2.29079 0 0 0 
55463.8 1.55711e+18 10.8764 -2.23586 0 0 0 
55477.1 1.55656e+18 10.875 -1.95115 0 0 0 
55490.4 1.55598e+18 10.8733 -1.47263 0 0 0 
55503.7 1.55529e+18 10.8702 -0.856167 0 0 0 
55517.1 1.55445e+18 10.8651 -0.170929 0 0 0 
55530.4 1.55348e+18 10.8583 0.508563 0 0 0 
55543.7 1.55246e+18 10.8507 1.11081 0 0 0 
55557 1.55149e+18 10.8435 1.57518 0 0 0 
55570.4 1.55063e+18 10.8378 1.85823 0 0 0 
55583.7 1.54992e+18 10.8341 1.93794 0 0 0 
55597.1 1.54933e+18 10.832 1.81529 0 0 0 
55610.4 1.54878e+18 10.8306 1.51314 0 0 0 
55623.7 1.54819e+18 10.8287 1.07262 0 0 0 
55637.1 1.54748e+18 10.8254 0.547568 0 0 0 
55650.4 1.54663e+18 10.8201 -0.00224432 0 0 0 
55663.8 1.54566e+18 10.8132 -0.518191 0 0 0 
55677.1 1.54466e+18 10.8057 -0.949334 0 0 0 
55690.5 1.5437e+18 10.7988 -1.25761 0 0 0 
55703.8 1.54287e+18 10.7933 -1.42116 0 0 0 
55717.2 1.54217e+18 10.7898 -1.4354 0 0 0 
55730.5 1.54159e+18 10.7878 -1.31204 0 0 0 
55743.9 1.54103e+18 10.7864 -1.07608 0 0 0 
55757.3 1.54043e+18 10.7843 -0.761668 0 0 0 
55770.6 1.53971e+18 10.7807 -0.40708 0 0 0 
55784 1.53885e+18 10.7752 -0.0499268 0 0 0 
55797.4 1.53788e+18 10.7683 0.277028 0 0 0 
55810.7 1.53689e+18 10.7609 0.548838 0 0 0 
55824.1 1.53596e+18 10.7542 0.749886 0 0 0 
55837.5 1.53514e+18 10.7491 0.873905 0 0 0 
55850.9 1.53447e+18 10.7457 0.922722 0 0 0 
55864.2 1.53389e+18 10.7438 0.904111 0 0 0 
55877.6 1.53333e+18 10.7423 0.829254 0 0 0 
55891 1.53271e+18 10.74 0.710302 0 0 0 
55904.4 1.53197e+18 10.7362 0.558505 0 0 0 
55917.8 1.5311e+18 10.7305 0.383163 0 0 0 
55931.2 1.53014e+18 10.7236 0.19153 0 0 0 
55944.6 1.52916e+18 10.7163 -0.0104685 0 0 0 
55958 1.52825e+18 10.7099 -0.21695 0 0 0 
55971.3 1.52746e+18 10.705 -0.420649 0 0 0 
55984.7 1.5268e+18 10.7019 -0.611771 0 0 0 
55998.1 1.52623e+18 10.7 -0.77751 0 0 0 
56011.5 1.52567e+18 10.6984 -0.902504 0 0 0 
56024.9 1.52503e+18 10.6959 -0.970277 0 0 0 
56038.3 1.52428e+18 10.6918 -0.965552 0 0 0 
56051.8 1.5234e+18 10.686 -0.877074 0 0 0 
56065.2 1.52244e+18 10.679 -0.700485 0 0 0 
56078.6 1.52148e+18 10.6719 -0.440685 0 0 0 
56092 1.52059e+18 10.6657 -0.113157 0 0 0 
56105.4 1.51983e+18 10.6611 0.25614 0 0 0 
56118.8 1.51918e+18 10.6582 0.632499 0 0 0 
56132.2 1.51861e+18 10.6564 0.97577 0 0 0 
56145.7 1.51804e+18 10.6547 1.2449 0 0 0 
56159.1 1.51739e+18 10.6519 1.40318 0 0 0 
56172.5 1.51662e+18 10.6476 1.42346 0 0 0 
56185.9 1.51574e+18 10.6416 1.29256 0 0 0 
56199.4 1.51478e+18 10.6346 1.01425 0 0 0 
56212.8 1.51383e+18 10.6277 0.610151 0 0 0 
56226.2 1.51297e+18 10.6217 0.118324 0 0 0 
56239.7 1.51223e+18 10.6175 -0.410346 0 0 0 
56253.1 1.5116e+18 10.6148 -0.917704 0 0 0 
56266.5 1.51104e+18 10.613 -1.34512 0 0 0 
56280 1.51046e+18 10.6111 -1.64065 0 0 0 
56293.4 1.50979e+18 10.6081 -1.76572 0 0 0 
56306.9 1.509e+18 10.6035 -1.70031 0 0 0 
56320.3 1.50811e+18 10.5973 -1.44604 0 0 0 
56333.8 1.50716e+18 10.5904 -1.0266 0 0 0 
56347.2 1.50623e+18 10.5836 -0.485432 0 0 0 
56360.7 1.50539e+18 10.578 0.118982 0 0 0 
56374.1 1.50468e+18 10.574 0.719865 0 0 0 
56387.6 1.50406e+18 10.5715 1.24992 0 0 0 
56401 1.5035e+18 10.5697 1.64926 0 0 0 
56414.5 1.50291e+18 10.5677 1.87246 0 0 0 
56428 1.50222e+18 10.5644 1.89389 0 0 0 
56441.4 1.50142e+18 10.5595 1.71068 0 0 0 
56454.9 1.50052e+18 10.5533 1.34297 0 0 0 
56468.4 1.49958e+18 10.5463 0.831415 0 0 0 
56481.8 1.49867e+18 10.5398 0.232391 0 0 0 
56495.3 1.49786e+18 10.5345 -0.388625 0 0 0 
56508.8 1.49717e+18 10.5308 -0.964534 0 0 0 
56522.3 1.49657e+18 10.5285 -1.43414 0 0 0 
56535.7 1.496e+18 10.5267 -1.74879 0 0 0 
56549.2 1.49539e+18 10.5244 -1.87744 0 0 0 
56562.7 1.49469e+18 10.5209 -1.80956 0 0 0 
56576.2 1.49387e+18 10.5157 -1.55571 0 0 0 
56589.7 1.49297e+18 10.5093 -1.14573 0 0 0 
56603.2 1.49204e+18 10.5025 -0.624978 0 0 0 
56616.7 1.49115e+18 10.4962 -0.0490483 0 0 0 
56630.2 1.49037e+18 10.4912 0.522403 0 0 0 
56643.6 1.4897e+18 10.4878 1.03191 0 0 0 
56657.1 1.48911e+18 10.4856 1.42997 0 0 0 
56670.6 1.48853e+18 10.4837 1.67966 0 0 0 
56684.1 1.48791e+18 10.4813 1.75983 0 0 0 
56697.6 1.48719e+18 10.4774 1.66653 0 0 0 
56711.2 1.48636e+18 10.472 1.41266 0 0 0 
56724.7 1.48546e+18 10.4655 1.02611 0 0 0 
56738.2 1.48454e+18 10.4588 0.54651 0 0 0 
56751.7 1.48368e+18 10.4528 0.0211388 0 0 0 
56765.2 1.48292e+18 10.4481 -0.499718 0 0 0 
56778.7 1.48227e+18 10.445 -0.967402 0 0 0 
56792.2 1.48168e+18 10.4429 -1.33918 0 0 0 
56805.8 1.48111e+18 10.441 -1.58185 0 0 0 
56819.3 1.48047e+18 10.4382 -1.67437 0 0 0 
56832.8 1.47973e+18 10.4341 -1.60948 0 0 0 
56846.3 1.47889e+18 10.4285 -1.39399 0 0 0 
56859.8 1.47799e+18 10.4219 -1.04812 0 0 0 
56873.4 1.47708e+18 10.4153 -0.603569 0 0 0 
56886.9 1.47625e+18 10.4096 -0.100849 0 0 0 
56900.4 1.47551e+18 10.4053 0.414195 0 0 0 
56914 1.47488e+18 10.4024 0.89426 0 0 0 
56927.5 1.4743e+18 10.4004 1.29465 0 0 0 
56941.1 1.47371e+18 10.3984 1.57722 0 0 0 
56954.6 1.47306e+18 10.3954 1.71382 0 0 0 
56968.1 1.47231e+18 10.3909 1.6891 0 0 0 
56981.7 1.47146e+18 10.3851 1.50222 0 0 0 
56995.2 1.47056e+18 10.3785 1.16743 0 0 0 
57008.8 1.46967e+18 10.3721 0.713258 0 0 0 
57022.3 1.46886e+18 10.3667 0.180412 0 0 0 
57035.9 1.46815e+18 10.3627 -0.381582 0 0 0 
57049.5 1.46753e+18 10.3601 -0.918747 0 0 0 
57063 1.46695e+18 10.3581 -1.37769 0 0 0 
57076.6 1.46636e+18 10.3559 -1.71083 0 0 0 
57090.1 1.46569e+18 10.3526 -1.88136 0 0 0 
57103.7 1.46492e+18 10.3479 -1.86741 0 0 0 
57117.3 1.46406e+18 10.3419 -1.66485 0 0 0 
57130.8 1.46316e+18 10.3353 -1.28855 0 0 0 
57144.4 1.46229e+18 10.329 -0.771611 0 0 0 
57158 1.4615e+18 10.3239 -0.162767 0 0 0 
57171.6 1.46082e+18 10.3203 0.478042 0 0 0 
57185.1 1.46021e+18 10.3179 1.08548 0 0 0 
57198.7 1.45964e+18 10.3159 1.59549 0 0 0 
57212.3 1.45904e+18 10.3136 1.9521 0 0 0 
57225.9 1.45836e+18 10.31 2.11372 0 0 0 
57239.5 1.45757e+18 10.3049 2.05808 0 0 0 
57253 1.4567e+18 10.2987 1.78534 0 0 0 
57266.6 1.45581e+18 10.2922 1.31884 0 0 0 
57280.2 1.45496e+18 10.2862 0.703313 0 0 0 
57293.8 1.45419e+18 10.2814 0.000707778 0 0 0 
57307.4 1.45353e+18 10.2781 -0.716024 0 0 0 
57321 1.45294e+18 10.2759 -1.37058 0 0 0 
57334.6 1.45237e+18 10.274 -1.89158 0 0 0 
57348.2 1.45176e+18 10.2714 -2.22047 0 0 0 
57361.8 1.45106e+18 10.2675 -2.31828 0 0 0 
57375.4 1.45025e+18 10.2621 -2.17033 0 0 0 
57389 1.44938e+18 10.2557 -1.78834 0 0 0 
57402.6 1.44849e+18 10.2492 -1.20966 0 0 0 
57416.2 1.44766e+18 10.2435 -0.493632 0 0 0 
57429.9 1.44692e+18 10.2392 0.284574 0 0 0 
57443.5 1.44628e+18 10.2362 1.04197 0 0 0 
57457.1 1.44571e+18 10.2342 1.69673 0 0 0 
57470.7 1.44515e+18 10.2322 2.17718 0 0 0 
57484.3 1.44452e+18 10.2293 2.42972 0 0 0 
57498 1.44379e+18 10.225 2.42489 0 0 0 
57511.6 1.44297e+18 10.2193 2.16078 0 0 0 
57525.2 1.44208e+18 10.2128 1.66346 0 0 0 
57538.8 1.44121e+18 10.2065 0.984348 0 0 0 
57552.5 1.4404e+18 10.2011 0.194834 0 0 0 
57566.1 1.43969e+18 10.1972 -0.621348 0 0 0 
57579.7 1.43908e+18 10.1946 -1.37707 0 0 0 
57593.4 1.43853e+18 10.1927 -1.99115 0 0 0 
57607 1.43796e+18 10.1906 -2.39714 0 0 0 
57620.7 1.43731e+18 10.1874 -2.55044 0 0 0 
57634.3 1.43656e+18 10.1827 -2.43319 0 0 0 
57648 1.43571e+18 10.1766 -2.05628 0 0 0 
57661.6 1.43482e+18 10.1701 -1.45832 0 0 0 
57675.2 1.43396e+18 10.1639 -0.701614 0 0 0 
57688.9 1.43318e+18 10.1589 0.134294 0 0 0 
57702.6 1.43251e+18 10.1555 0.960988 0 0 0 
57716.2 1.43193e+18 10.1533 1.6905 0 0 0 
57729.9 1.43139e+18 10.1515 2.24459 0 0 0 
57743.5 1.43081e+18 10.1491 2.56314 0 0 0 
57757.2 1.43013e+18 10.1455 2.6106 0 0 0 
57770.9 1.42935e+18 10.1403 2.37997 0 0 0 
57784.5 1.42848e+18 10.134 1.89378 0 0 0 
57798.2 1.42759e+18 10.1274 1.20199 0 0 0 
57811.9 1.42675e+18 10.1216 0.376964 0 0 0 
57825.5 1.42601e+18 10.1171 -0.494023 0 0 0 
57839.2 1.42538e+18 10.1141 -1.31791 0 0 0 
57852.9 1.42483e+18 10.1122 -2.00574 0 0 0 
57866.6 1.42429e+18 10.1104 -2.4823 0 0 0 
57880.2 1.42369e+18 10.1077 -2.6944 0 0 0 
57893.9 1.42298e+18 10.1035 -2.6169 0 0 0 
57907.6 1.42216e+18 10.0979 -2.25585 0 0 0 
57921.3 1.42128e+18 10.0914 -1.64826 0 0 0 
57935 1.4204e+18 10.085 -0.858428 0 0 0 
57948.7 1.41959e+18 10.0795 0.0287234 0 0 0 
57962.4 1.41889e+18 10.0756 0.916776 0 0 0 
57976.1 1.4183e+18 10.0731 1.70836 0 0 0 
57989.8 1.41777e+18 10.0714 2.31596 0 0 0 
58003.5 1.41722e+18 10.0694 2.6718 0 0 0 
58017.2 1.41659e+18 10.0663 2.73564 0 0 0 
58030.9 1.41585e+18 10.0616 2.49953 0 0 0 
58044.6 1.415e+18 10.0556 1.98896 0 0 0 
58058.3 1.41411e+18 10.049 1.26019 0 0 0 
58072 1.41325e+18 10.0428 0.394064 0 0 0 
58085.7 1.41248e+18 10.0379 -0.513116 0 0 0 
58099.4 1.41183e+18 10.0346 -1.36048 0 0 0 
58113.1 1.41128e+18 10.0325 -2.05408 0 0 0 
58126.9 1.41076e+18 10.0308 -2.5176 0 0 0 
58140.6 1.41019e+18 10.0285 -2.70102 0 0 0 
58154.3 1.40952e+18 10.0248 -2.58615 0 0 0 
58168 1.40873e+18 10.0196 -2.18854 0 0 0 
58181.7 1.40786e+18 10.0132 -1.55534 0 0 0 
58195.5 1.40697e+18 10.0067 -0.759606 0 0 0 
58209.2 1.40615e+18 10.0009 0.108381 0 0 0 
58222.9 1.40543e+18 9.99662 0.951704 0 0 0 
58236.7 1.40483e+18 9.99387 1.67792 0 0 0 
58250.4 1.4043e+18 9.99209 2.20949 0 0 0 
58264.1 1.40377e+18 9.99031 2.49219 0 0 0 
58277.9 1.40317e+18 9.98756 2.5007 0 0 0 
58291.6 1.40246e+18 9.98327 2.24058 0 0 0 
58305.4 1.40163e+18 9.97752 1.7468 0 0 0 
58319.1 1.40075e+18 9.97098 1.07879 0 0 0 
58332.9 1.39988e+18 9.96465 0.31302 0 0 0 
58346.6 1.3991e+18 9.95944 -0.466074 0 0 0 
58360.4 1.39844e+18 9.95581 -1.1757 0 0 0 
58374.1 1.39788e+18 9.95355 -1.74362 0 0 0 
58387.9 1.39736e+18 9.9519 -2.11545 0 0 0 
58401.6 1.39681e+18 9.94984 -2.25957 0 0 0 
58415.4 1.39617e+18 9.94653 -2.16934 0 0 0 
58429.2 1.39541e+18 9.94163 -1.86238 0 0 0 
58442.9 1.39456e+18 9.93548 -1.37746 0 0 0 
58456.7 1.39368e+18 9.92892 -0.769311 0 0 0 
58470.5 1.39285e+18 9.92298 -0.102205 0 0 0 
58484.2 1.39212e+18 9.91841 0.556897 0 0 0 
58498 1.39151e+18 9.91541 1.14494 0 0 0 
58511.8 1.39097e+18 9.91352 1.60847 0 0 0 
58525.6 1.39045e+18 9.91182 1.90789 0 0 0 
58539.4 1.38987e+18 9.90933 2.0202 0 0 0 
58553.1 1.38918e+18 9.90538 1.94002 0 0 0 
58566.9 1.38838e+18 9.89992 1.67909 0 0 0 
58580.7 1.38751e+18 9.89352 1.26442 0 0 0 
58594.5 1.38665e+18 9.88714 0.735515 0 0 0 
58608.3 1.38587e+18 9.88173 0.140797 0 0 0 
58622.1 1.38519e+18 9.87784 -0.466363 0 0 0 
58635.9 1.38462e+18 9.87538 -1.0318 0 0 0 
58649.7 1.3841e+18 9.87369 -1.50468 0 0 0 
58663.5 1.38356e+18 9.87176 -1.84146 0 0 0 
58677.3 1.38294e+18 9.86871 -2.00939 0 0 0 
58691.1 1.38221e+18 9.86412 -1.98951 0 0 0 
58704.9 1.38138e+18 9.85821 -1.77877 0 0 0 
58718.7 1.38051e+18 9.85174 -1.39114 0 0 0 
58732.5 1.37968e+18 9.8457 -0.857414 0 0 0 
58746.3 1.37895e+18 9.84092 -0.223579 0 0 0 
58760.1 1.37832e+18 9.83769 0.452411 0 0 0 
58773.9 1.37778e+18 9.83565 1.10528 0 0 0 
58787.7 1.37726e+18 9.83397 1.66834 0 0 0 
58801.6 1.37669e+18 9.83165 2.08011 0 0 0 
58815.4 1.37603e+18 9.82798 2.29109 0 0 0 
58829.2 1.37525e+18 9.8228 2.26994 0 0 0 
58843 1.37441e+18 9.81658 2.0082 0 0 0 
58856.9 1.37356e+18 9.81021 1.52283 0 0 0 
58870.7 1.37277e+18 9.80467 0.856184 0 0 0 
58884.5 1.37208e+18 9.80057 0.0728942 0 0 0 
58898.4 1.3715e+18 9.79792 -0.745985 0 0 0 
58912.2 1.37098e+18 9.79614 -1.51128 0 0 0 
58926 1.37044e+18 9.79429 -2.1355 0 0 0 
58939.9 1.36984e+18 9.79146 -2.54315 0 0 0 
58953.7 1.36913e+18 9.78714 -2.68016 0 0 0 
58967.6 1.36833e+18 9.78146 -2.52134 0 0 0 
58981.4 1.36748e+18 9.7751 -2.07468 0 0 0 
58995.2 1.36665e+18 9.76902 -1.3819 0 0 0 
59009.1 1.36591e+18 9.76407 -0.514831 0 0 0 
59023 1.36527e+18 9.76063 0.431929 0 0 0 
59036.8 1.36472e+18 9.75846 1.35153 0 0 0 
59050.7 1.3642e+18 9.75677 2.13722 0 0 0 
59064.5 1.36365e+18 9.75459 2.69509 0 0 0 
59078.4 1.363e+18 9.75116 2.95567 0 0 0 
59092.2 1.36226e+18 9.74623 2.88287 0 0 0 
59106.1 1.36143e+18 9.74018 2.47903 0 0 0 
59120 1.36059e+18 9.73384 1.78545 0 0 0 
59133.8 1.3598e+18 9.7282 0.878175 0 0 0 
59147.7 1.3591e+18 9.72391 -0.140537 0 0 0 
59161.6 1.35851e+18 9.72109 -1.15401 0 0 0 
59175.5 1.35798e+18 9.71925 -2.04489 0 0 0 
59189.3 1.35745e+18 9.71747 -2.70903 0 0 0 
59203.2 1.35687e+18 9.71483 -3.068 0 0 0 
59217.1 1.35619e+18 9.71076 -3.07852 0 0 0 
59231 1.35541e+18 9.70527 -2.73767 0 0 0 
59244.9 1.35457e+18 9.69899 -2.08343 0 0 0 
59258.8 1.35375e+18 9.69287 -1.19022 0 0 0 
59272.6 1.35299e+18 9.68777 -0.160183 0 0 0 
59286.5 1.35234e+18 9.68417 0.888777 0 0 0 
59300.4 1.35179e+18 9.6819 1.83679 0 0 0 
59314.3 1.35127e+18 9.68024 2.57592 0 0 0 
59328.2 1.35073e+18 9.67821 3.02261 0 0 0 
59342.1 1.35011e+18 9.67499 3.12712 0 0 0 
59356 1.34939e+18 9.67026 2.87903 0 0 0 
59369.9 1.34858e+18 9.66431 2.30809 0 0 0 
59383.8 1.34775e+18 9.65797 1.48046 0 0 0 
59397.8 1.34695e+18 9.65221 0.490815 0 0 0 
59411.7 1.34624e+18 9.64779 -0.548636 0 0 0 
59425.6 1.34564e+18 9.64487 -1.52105 0 0 0 
59439.5 1.34511e+18 9.64303 -2.31815 0 0 0 
59453.4 1.3446e+18 9.64137 -2.85226 0 0 0 
59467.3 1.34404e+18 9.63892 -3.06593 0 0 0 
59481.2 1.34338e+18 9.63502 -2.93793 0 0 0 
59495.2 1.34261e+18 9.62965 -2.48526 0 0 0 
59509.1 1.34179e+18 9.62337 -1.76074 0 0 0 
59523 1.34096e+18 9.61716 -0.84681 0 0 0 
59537 1.3402e+18 9.61195 0.153967 0 0 0 
59550.9 1.33954e+18 9.60827 1.13044 0 0 0 
59564.8 1.33898e+18 9.60601 1.97519 0 0 0 
59578.8 1.33848e+18 9.60445 2.59635 0 0 0 
59592.7 1.33796e+18 9.60258 2.92748 0 0 0 
59606.6 1.33736e+18 9.59953 2.93462 0 0 0 
59620.6 1.33666e+18 9.59489 2.61968 0 0 0 
59634.5 1.33586e+18 9.58894 2.01989 0 0 0 
59648.5 1.33502e+18 9.58251 1.20331 0 0 0 
59662.4 1.33421e+18 9.57665 0.261204 0 0 0 
59676.4 1.33349e+18 9.57216 -0.702275 0 0 0 
59690.3 1.33289e+18 9.56928 -1.58152 0 0 0 
59704.3 1.33238e+18 9.56756 -2.28108 0 0 0 
59718.2 1.33189e+18 9.56607 -2.72597 0 0 0 
59732.2 1.33135e+18 9.56376 -2.86973 0 0 0 
59746.1 1.33071e+18 9.55994 -2.69922 0 0 0 
59760.1 1.32995e+18 9.55453 -2.23577 0 0 0 
59774.1 1.32911e+18 9.54815 -1.53251 0 0 0 
59788 1.32827e+18 9.54182 -0.668268 0 0 0 
59802 1.3275e+18 9.53656 0.261314 0 0 0 
59816 1.32685e+18 9.53294 1.15442 0 0 0 
59830 1.32631e+18 9.53084 1.91425 0 0 0 
59843.9 1.32583e+18 9.52948 2.45954 0 0 0 
59857.9 1.32534e+18 9.52777 2.73327 0 0 0 
59871.9 1.32476e+18 9.52477 2.70858 0 0 0 
59885.9 1.32405e+18 9.52006 2.3913 0 0 0 
59899.9 1.32324e+18 9.51395 1.81891 0 0 0 
59913.8 1.32239e+18 9.50738 1.05599 0 0 0 
59927.8 1.32157e+18 9.50147 0.186871 0 0 0 
59941.8 1.32086e+18 9.49706 -0.693831 0 0 0 
59955.8 1.32028e+18 9.49439 -1.49152 0 0 0 
59969.8 1.31979e+18 9.49292 -2.1218 0 0 0 
59983.8 1.31933e+18 9.49162 -2.51936 0 0 0 
59997.8 1.31881e+18 9.48937 -2.64455 0 0 0 
60011.8 1.31816e+18 9.48543 -2.48721 0 0 0 
60025.8 1.31739e+18 9.47981 -2.0672 0 0 0 
60039.8 1.31654e+18 9.47323 -1.43176 0 0 0 
60053.8 1.31569e+18 9.46682 -0.650126 0 0 0 
60067.8 1.31493e+18 9.46165 0.194092 0 0 0 
60081.8 1.31429e+18 9.45829 1.01183 0 0 0 
60095.8 1.31379e+18 9.45651 1.71784 0 0 0 
60109.9 1.31334e+18 9.4554 2.2394 0 0 0 
60123.9 1.31286e+18 9.45377 2.52358 0 0 0 
60137.9 1.31228e+18 9.45063 2.54236 0 0 0 
60151.9 1.31155e+18 9.44564 2.29516 0 0 0 
60165.9 1.31072e+18 9.43926 1.80865 0 0 0 
60180 1.30985e+18 9.43255 1.13378 0 0 0 
60194 1.30904e+18 9.42671 0.340526 0 0 0 
60208 1.30836e+18 9.42261 -0.489209 0 0 0 
60222.1 1.30782e+18 9.42033 -1.26983 0 0 0 
60236.1 1.30737e+18 9.41919 -1.9206 0 0 0 
60250.1 1.30692e+18 9.41801 -2.3737 0 0 0 
60264.2 1.3064e+18 9.41562 -2.58105 0 0 0 
60278.2 1.30573e+18 9.41136 -2.5193 0 0 0 
60292.3 1.30493e+18 9.40538 -2.19236 0 0 0 
60306.3 1.30405e+18 9.39857 -1.63138 0 0 0 
60320.3 1.30321e+18 9.3922 -0.891984 0 0 0 
60334.4 1.30247e+18 9.38735 -0.04907 0 0 0 
60348.4 1.30189e+18 9.38446 0.810434 0 0 0 
60362.5 1.30142e+18 9.38309 1.59621 0 0 0 
60376.6 1.301e+18 9.38218 2.22377 0 0 0 
60390.6 1.30052e+18 9.38044 2.62336 0 0 0 
60404.7 1.29991e+18 9.37694 2.74768 0 0 0 
60418.7 1.29915e+18 9.3715 2.57749 0 0 0 
60432.8 1.29829e+18 9.3648 2.12457 0 0 0 
60446.9 1.29742e+18 9.35806 1.4314 0 0 0 
60460.9 1.29664e+18 9.35253 0.56771 0 0 0 
60475 1.296e+18 9.34895 -0.376227 0 0 0 
60489.1 1.29551e+18 9.34719 -1.29866 0 0 0 
60503.1 1.29509e+18 9.34635 -2.09716 0 0 0 
60517.2 1.29465e+18 9.34513 -2.67994 0 0 0 
60531.3 1.2941e+18 9.34237 -2.97646 0 0 0 
60545.4 1.29339e+18 9.33758 -2.94608 0 0 0 
60559.5 1.29255e+18 9.33117 -2.58379 0 0 0 
60573.5 1.29167e+18 9.32423 -1.92201 0 0 0 
60587.6 1.29085e+18 9.31812 -1.02821 0 0 0 
60601.7 1.29016e+18 9.31382 0.00157315 0 0 0 
60615.8 1.28963e+18 9.31154 1.05287 0 0 0 
60629.9 1.28921e+18 9.31059 2.00543 0 0 0 
60644 1.28879e+18 9.30973 2.74706 0 0 0 
60658.1 1.28829e+18 9.30765 3.18702 0 0 0 
60672.2 1.28764e+18 9.30357 3.26738 0 0 0 
60686.3 1.28684e+18 9.29759 2.97087 0 0 0 
60700.4 1.28596e+18 9.29064 2.32413 0 0 0 
60714.5 1.28511e+18 9.28407 1.39573 0 0 0 
60728.6 1.28437e+18 9.27909 0.289205 0 0 0 
60742.7 1.28379e+18 9.27619 -0.86852 0 0 0 
60756.8 1.28335e+18 9.27498 -1.94176 0 0 0 
60771 1.28295e+18 9.27431 -2.80223 0 0 0 
60785.1 1.2825e+18 9.27281 -3.34469 0 0 0 
60799.2 1.2819e+18 9.26944 -3.50015 0 0 0 
60813.3 1.28114e+18 9.26401 -3.24492 0 0 0 
60827.4 1.28028e+18 9.25721 -2.60431 0 0 0 
60841.6 1.2794e+18 9.25034 -1.65028 0 0 0 
60855.7 1.27862e+18 9.24473 -0.493418 0 0 0 
60869.8 1.278e+18 9.24118 0.730108 0 0 0 
60884 1.27753e+18 9.23957 1.87481 0 0 0 
60898.1 1.27713e+18 9.23893 2.80357 0 0 0 
60912.2 1.27671e+18 9.23789 3.4044 0 0 0 
60926.4 1.27617e+18 9.23521 3.60433 0 0 0 
60940.5 1.27546e+18 9.2304 3.3784 0 0 0 
60954.6 1.27462e+18 9.22389 2.75295 0 0 0 
60968.8 1.27374e+18 9.21686 1.8024 0 0 0 
60982.9 1.27292e+18 9.21073 0.640274 0 0 0 
60997.1 1.27225e+18 9.20652 -0.594747 0 0 0 
61011.2 1.27174e+18 9.2044 -1.75567 0 0 0 
61025.4 1.27134e+18 9.20366 -2.7051 0 0 0 
61039.5 1.27094e+18 9.20293 -3.33176 0 0 0 
61053.7 1.27045e+18 9.20088 -3.56372 0 0 0 
61067.9 1.26979e+18 9.19673 -3.37671 0 0 0 
61082 1.26898e+18 9.19063 -2.79651 0 0 0 
61096.2 1.2681e+18 9.18359 -1.89523 0 0 0 
61110.3 1.26726e+18 9.17704 -0.782052 0 0 0 
61124.5 1.26654e+18 9.17219 0.410321 0 0 0 
61138.7 1.26599e+18 9.16952 1.54183 0 0 0 
61152.9 1.26558e+18 9.16853 2.48174 0 0 0 
61167 1.26519e+18 9.168 3.12388 0 0 0 
61181.2 1.26474e+18 9.16648 3.39861 0 0 0 
61195.4 1.26413e+18 9.16298 3.28012 0 0 0 
61209.6 1.26337e+18 9.15738 2.78853 0 0 0 
61223.7 1.2625e+18 9.15046 1.98641 0 0 0 
61237.9 1.26163e+18 9.14362 0.970545 0 0 0 
61252.1 1.26088e+18 9.1382 -0.139979 0 0 0 
61266.3 1.26028e+18 9.13494 -1.21795 0 0 0 
61280.5 1.25984e+18 9.13361 -2.14263 0 0 0 
61294.7 1.25947e+18 9.13313 -2.81319 0 0 0 
61308.9 1.25905e+18 9.13205 -3.15942 0 0 0 
61323.1 1.25849e+18 9.12917 -3.14871 0 0 0 
61337.3 1.25776e+18 9.12411 -2.78864 0 0 0 
61351.5 1.25692e+18 9.11743 -2.12501 0 0 0 
61365.7 1.25604e+18 9.11042 -1.2359 0 0 0 
61379.9 1.25525e+18 9.10451 -0.2223 0 0 0 
61394.1 1.25462e+18 9.10066 0.803278 0 0 0 
61408.3 1.25414e+18 9.09891 1.72915 0 0 0 
61422.5 1.25377e+18 9.09837 2.45629 0 0 0 
61436.7 1.25337e+18 9.09761 2.90858 0 0 0 
61451 1.25286e+18 9.09531 3.04031 0 0 0 
61465.2 1.25218e+18 9.09082 2.84049 0 0 0 
61479.4 1.25136e+18 9.08447 2.33341 0 0 0 
61493.6 1.25048e+18 9.07741 1.57565 0 0 0 
61507.8 1.24966e+18 9.0711 0.649865 0 0 0 
61522.1 1.24899e+18 9.06669 -0.344023 0 0 0 
61536.3 1.24848e+18 9.06446 -1.29925 0 0 0 
61550.5 1.24809e+18 9.06375 -2.11331 0 0 0 
61564.8 1.24771e+18 9.06321 -2.69857 0 0 0 
61579 1.24724e+18 9.06141 -2.99141 0 0 0 
61593.2 1.24661e+18 9.0575 -2.95898 0 0 0 
61607.5 1.24582e+18 9.05155 -2.60287 0 0 0 
61621.7 1.24494e+18 9.04455 -1.95932 0 0 0 
61636 1.24411e+18 9.03794 -1.09578 0 0 0 
61650.2 1.2434e+18 9.03301 -0.104289 0 0 0 
61664.5 1.24286e+18 9.03028 0.908002 0 0 0 
61678.7 1.24245e+18 9.02931 1.83002 0 0 0 
61693 1.24208e+18 9.02887 2.55871 0 0 0 
61707.2 1.24164e+18 9.0275 3.01048 0 0 0 
61721.5 1.24105e+18 9.02415 3.1308 0 0 0 
61735.7 1.24029e+18 9.01865 2.90091 0 0 0 
61750 1.23944e+18 9.0118 2.34087 0 0 0 
61764.3 1.23858e+18 9.00498 1.50825 0 0 0 
61778.5 1.23784e+18 8.99959 0.492659 0 0 0 
61792.8 1.23727e+18 8.99636 -0.593604 0 0 0 
61807.1 1.23684e+18 8.99507 -1.62776 0 0 0 
61821.3 1.23647e+18 8.99464 -2.49035 0 0 0 
61835.6 1.23606e+18 8.99361 -3.07915 0 0 0 
61849.9 1.23551e+18 8.99078 -3.3214 0 0 0 
61864.2 1.23479e+18 8.98576 -3.18305 0 0 0 
61878.4 1.23395e+18 8.97913 -2.67372 0 0 0 
61892.7 1.23309e+18 8.97221 -1.84654 0 0 0 
61907 1.23232e+18 8.96643 -0.792967 0 0 0 
61921.3 1.23171e+18 8.9627 0.367201 0 0 0 
61935.6 1.23126e+18 8.96105 1.49941 0 0 0 
61949.9 1.23089e+18 8.96054 2.47004 0 0 0 
61964.2 1.2305e+18 8.95976 3.16233 0 0 0 
61978.5 1.22998e+18 8.9574 3.49064 0 0 0 
61992.8 1.2293e+18 8.95287 3.41127 0 0 0 
62007.1 1.22849e+18 8.94654 2.92843 0 0 0 
62021.4 1.22763e+18 8.93959 2.09449 0 0 0 
62035.7 1.22684e+18 8.93348 1.00446 0 0 0 
62050 1.2262e+18 8.9293 -0.214828 0 0 0 
62064.3 1.22571e+18 8.92725 -1.41952 0 0 0 
62078.6 1.22534e+18 8.9266 -2.46588 0 0 0 
62092.9 1.22496e+18 8.92599 -3.2276 0 0 0 
62107.2 1.22447e+18 8.92404 -3.61124 0 0 0 
62121.5 1.22383e+18 8.91999 -3.56786 0 0 0 
62135.9 1.22304e+18 8.91399 -3.09935 0 0 0 
62150.2 1.22219e+18 8.9071 -2.25871 0 0 0 
62164.5 1.22139e+18 8.90075 -1.14405 0 0 0 
62178.8 1.22071e+18 8.89613 0.112878 0 0 0 
62193.2 1.2202e+18 8.89367 1.36236 0 0 0 
62207.5 1.21981e+18 8.89282 2.45466 0 0 0 
62221.8 1.21944e+18 8.89231 3.25813 0 0 0 
62236.2 1.21898e+18 8.89072 3.6752 0 0 0 
62250.5 1.21838e+18 8.88713 3.65433 0 0 0 
62264.8 1.21762e+18 8.8815 3.19646 0 0 0 
62279.2 1.21678e+18 8.87472 2.35515 0 0 0 
62293.5 1.21596e+18 8.86819 1.23029 0 0 0 
62307.9 1.21527e+18 8.86319 -0.043765 0 0 0 
62322.2 1.21473e+18 8.86032 -1.31432 0 0 0 
62336.6 1.21432e+18 8.85922 -2.42872 0 0 0 
62350.9 1.21395e+18 8.85873 -3.25283 0 0 0 
62365.3 1.21352e+18 8.85744 -3.68725 0 0 0 
62379.6 1.21294e+18 8.85429 -3.67947 0 0 0 
62394 1.21222e+18 8.84904 -3.23025 0 0 0 
62408.3 1.21139e+18 8.84244 -2.39369 0 0 0 
62422.7 1.21057e+18 8.83579 -1.27068 0 0 0 
62437.1 1.20985e+18 8.83046 0.00324241 0 0 0 
62451.4 1.20928e+18 8.82718 1.27431 0 0 0 
62465.8 1.20885e+18 8.8258 2.38921 0 0 0 
62480.2 1.20848e+18 8.82529 3.2137 0 0 0 
62494.5 1.20807e+18 8.82424 3.64893 0 0 0 
62508.9 1.20753e+18 8.82148 3.64344 0 0 0 
62523.3 1.20683e+18 8.81663 3.19936 0 0 0 
62537.7 1.20603e+18 8.81024 2.37208 0 0 0 
62552.1 1.2052e+18 8.80354 1.26335 0 0 0 
62566.4 1.20446e+18 8.79791 0.00868813 0 0 0 
62580.8 1.20387e+18 8.79425 -1.23922 0 0 0 
62595.2 1.20342e+18 8.79257 -2.32932 0 0 0 
62609.6 1.20304e+18 8.79198 -3.13066 0 0 0 
62624 1.20264e+18 8.79112 -3.5483 0 0 0 
62638.4 1.20213e+18 8.78873 -3.53472 0 0 0 
62652.8 1.20147e+18 8.78428 -3.09535 0 0 0 
62667.2 1.20068e+18 8.77812 -2.28743 0 0 0 
62681.6 1.19986e+18 8.77141 -1.21261 0 0 0 
62696 1.19911e+18 8.76554 -0.00398146 0 0 0 
62710.4 1.19849e+18 8.76152 1.19052 0 0 0 
62724.8 1.19801e+18 8.75953 2.22653 0 0 0 
62739.2 1.19763e+18 8.75882 2.98085 0 0 0 
62753.6 1.19724e+18 8.7581 3.36637 0 0 0 
62768 1.19676e+18 8.75605 3.34216 0 0 0 
62782.5 1.19613e+18 8.75197 2.91783 0 0 0 
62796.9 1.19536e+18 8.74608 2.15141 0 0 0 
62811.3 1.19455e+18 8.73941 1.14141 0 0 0 
62825.7 1.19378e+18 8.73333 0.013935 0 0 0 
62840.1 1.19313e+18 8.72897 -1.09333 0 0 0 
62854.6 1.19264e+18 8.72666 -2.04816 0 0 0 
62869 1.19224e+18 8.72582 -2.73982 0 0 0 
62883.4 1.19187e+18 8.7252 -3.09197 0 0 0 
62897.9 1.19141e+18 8.72345 -3.07099 0 0 0 
62912.3 1.1908e+18 8.71974 -2.68887 0 0 0 
62926.7 1.19007e+18 8.71412 -2.00036 0 0 0 
62941.2 1.18926e+18 8.70751 -1.09504 0 0 0 
62955.6 1.18848e+18 8.70126 -0.0854006 0 0 0 
62970.1 1.18781e+18 8.69658 0.907364 0 0 0 
62984.5 1.18729e+18 8.69396 1.76811 0 0 0 
62999 1.18689e+18 8.69297 2.40111 0 0 0 
63013.4 1.18651e+18 8.69242 2.74058 0 0 0 
63027.9 1.18608e+18 8.69095 2.75711 0 0 0 
63042.3 1.18551e+18 8.68759 2.45954 0 0 0 
63056.8 1.18479e+18 8.68224 1.89226 0 0 0 
63071.2 1.18399e+18 8.6757 1.1285 0 0 0 
63085.7 1.1832e+18 8.66931 0.260672 0 0 0 
63100.2 1.18251e+18 8.66435 -0.610959 0 0 0 
63114.6 1.18197e+18 8.66143 -1.38983 0 0 0 
63129.1 1.18156e+18 8.66028 -1.99354 0 0 0 
63143.6 1.18119e+18 8.65979 -2.36218 0 0 0 
63158 1.18077e+18 8.65856 -2.46361 0 0 0 
63172.5 1.18023e+18 8.65553 -2.2955 0 0 0 
63187 1.17954e+18 8.65044 -1.88413 0 0 0 
63201.5 1.17875e+18 8.64399 -1.28022 0 0 0 
63215.9 1.17795e+18 8.63748 -0.552593 0 0 0 
63230.4 1.17724e+18 8.63225 0.219538 0 0 0 
63244.9 1.17668e+18 8.62906 0.95493 0 0 0 
63259.4 1.17625e+18 8.62775 1.57833 0 0 0 
63273.9 1.17589e+18 8.6273 2.02755 0 0 0 
63288.4 1.17549e+18 8.62629 2.259 0 0 0 
63302.9 1.17498e+18 8.62356 2.25138 0 0 0 
63317.4 1.17431e+18 8.61873 2.00721 0 0 0 
63331.9 1.17353e+18 8.61237 1.55236 0 0 0 
63346.4 1.17272e+18 8.60575 0.933452 0 0 0 
63360.9 1.172e+18 8.60028 0.213516 0 0 0 
63375.4 1.17141e+18 8.59683 -0.533806 0 0 0 
63389.9 1.17098e+18 8.59538 -1.23115 0 0 0 
63404.4 1.17062e+18 8.59497 -1.80481 0 0 0 
63418.9 1.17024e+18 8.59416 -2.19211 0 0 0 
63433.4 1.16975e+18 8.59172 -2.34804 0 0 0 
63447.9 1.1691e+18 8.58711 -2.25048 0 0 0 
63462.5 1.16833e+18 8.58082 -1.90351 0 0 0 
63477 1.16752e+18 8.5741 -1.33819 0 0 0 
63491.5 1.16677e+18 8.56841 -0.610504 0 0 0 
63506 1.16617e+18 8.56475 0.203463 0 0 0 
63520.6 1.16573e+18 8.56317 1.01494 0 0 0 
63535.1 1.16538e+18 8.5628 1.73181 0 0 0 
63549.6 1.16502e+18 8.56219 2.26893 0 0 0 
63564.2 1.16455e+18 8.55999 2.5584 0 0 0 
63578.7 1.16392e+18 8.55558 2.55832 0 0 0 
63593.2 1.16315e+18 8.54935 2.25914 0 0 0 
63607.8 1.16233e+18 8.54254 1.68634 0 0 0 
63622.3 1.16157e+18 8.53665 0.899068 0 0 0 
63636.9 1.16096e+18 8.5328 -0.015484 0 0 0 
63651.4 1.16051e+18 8.53113 -0.951495 0 0 0 
63665.9 1.16016e+18 8.53081 -1.79673 0 0 0 
63680.5 1.15982e+18 8.53037 -2.44618 0 0 0 
63695.1 1.15937e+18 8.52839 -2.81538 0 0 0 
63709.6 1.15876e+18 8.52413 -2.85175 0 0 0 
63724.2 1.15799e+18 8.51794 -2.54228 0 0 0 
63738.7 1.15717e+18 8.51104 -1.91652 0 0 0 
63753.3 1.15639e+18 8.50499 -1.04418 0 0 0 
63767.8 1.15577e+18 8.50098 -0.0274926 0 0 0 
63782.4 1.15531e+18 8.49925 1.0108 0 0 0 
63797 1.15498e+18 8.499 1.94251 0 0 0 
63811.6 1.15466e+18 8.49872 2.65012 0 0 0 
63826.1 1.15423e+18 8.49692 3.04191 0 0 0 
63840.7 1.15362e+18 8.49278 3.06415 0 0 0 
63855.3 1.15286e+18 8.48659 2.70862 0 0 0 
63869.9 1.15202e+18 8.47959 2.01439 0 0 0 
63884.4 1.15123e+18 8.47341 1.06358 0 0 0 
63899 1.1506e+18 8.46929 -0.0284667 0 0 0 
63913.6 1.15015e+18 8.46755 -1.12736 0 0 0 
63928.2 1.14983e+18 8.46739 -2.09652 0 0 0 
63942.8 1.14952e+18 8.46725 -2.81434 0 0 0 
63957.4 1.1491e+18 8.46558 -3.18971 0 0 0 
63972 1.1485e+18 8.4615 -3.17368 0 0 0 
63986.6 1.14774e+18 8.45529 -2.76587 0 0 0 
64001.2 1.14689e+18 8.4482 -2.01475 0 0 0 
64015.8 1.1461e+18 8.44192 -1.01179 0 0 0 
64030.4 1.14546e+18 8.43775 0.119869 0 0 0 
64045 1.14502e+18 8.43604 1.24068 0 0 0 
64059.6 1.14471e+18 8.43597 2.21211 0 0 0 
64074.2 1.14441e+18 8.43595 2.91385 0 0 0 
64088.8 1.14401e+18 8.43436 3.25878 0 0 0 
64103.4 1.14341e+18 8.43031 3.20383 0 0 0 
64118 1.14263e+18 8.42404 2.75531 0 0 0 
64132.7 1.14178e+18 8.41686 1.96807 0 0 0 
64147.3 1.14098e+18 8.41051 0.938744 0 0 0 
64161.9 1.14035e+18 8.40635 -0.206226 0 0 0 
64176.5 1.13991e+18 8.40471 -1.32622 0 0 0 
64191.2 1.13962e+18 8.40475 -2.28378 0 0 0 
64205.8 1.13934e+18 8.40482 -2.9615 0 0 0 
64220.4 1.13893e+18 8.40327 -3.27644 0 0 0 
64235.1 1.13833e+18 8.39917 -3.19026 0 0 0 
64249.7 1.13755e+18 8.39282 -2.71386 0 0 0 
64264.3 1.13668e+18 8.38557 -1.90596 0 0 0 
64279 1.13588e+18 8.37921 -0.865818 0 0 0 
64293.6 1.13526e+18 8.3751 0.278992 0 0 0 
64308.3 1.13484e+18 8.37357 1.38827 0 0 0 
64322.9 1.13456e+18 8.37372 2.32637 0 0 0 
64337.6 1.13429e+18 8.37386 2.97884 0 0 0 
64352.2 1.13388e+18 8.37228 3.26635 0 0 0 
64366.9 1.13327e+18 8.36809 3.1544 0 0 0 
64381.5 1.13248e+18 8.36164 2.65742 0 0 0 
64396.2 1.13161e+18 8.35434 1.83692 0 0 0 
64410.8 1.13081e+18 8.34801 0.793884 0 0 0 
64425.5 1.1302e+18 8.34402 -0.343702 0 0 0 
64440.2 1.1298e+18 8.34264 -1.43659 0 0 0 
64454.8 1.12954e+18 8.3429 -2.35134 0 0 0 
64469.5 1.12927e+18 8.34304 -2.97667 0 0 0 
64484.2 1.12885e+18 8.34138 -3.23702 0 0 0 
64498.8 1.12823e+18 8.33706 -3.10167 0 0 0 
64513.5 1.12742e+18 8.3305 -2.58843 0 0 0 
64528.2 1.12655e+18 8.32317 -1.76121 0 0 0 
64542.9 1.12577e+18 8.31693 -0.722081 0 0 0 
64557.6 1.12518e+18 8.31311 0.401396 0 0 0 
64572.2 1.12479e+18 8.31191 1.47187 0 0 0 
64586.9 1.12454e+18 8.31225 2.35903 0 0 0 
64601.6 1.12427e+18 8.31237 2.95552 0 0 0 
64616.3 1.12384e+18 8.31056 3.18991 0 0 0 
64631 1.1232e+18 8.30607 3.03525 0 0 0 
64645.7 1.12239e+18 8.2994 2.51209 0 0 0 
64660.4 1.12152e+18 8.29209 1.68576 0 0 0 
64675.1 1.12075e+18 8.28599 0.658105 0 0 0 
64689.8 1.12018e+18 8.28239 -0.445061 0 0 0 
64704.5 1.11982e+18 8.28137 -1.48943 0 0 0 
64719.2 1.11957e+18 8.28178 -2.34853 0 0 0 
64733.9 1.11929e+18 8.28181 -2.91905 0 0 0 
64748.6 1.11885e+18 8.27982 -3.13322 0 0 0 
64763.3 1.11819e+18 8.27513 -2.96678 0 0 0 
64778.1 1.11737e+18 8.26835 -2.44167 0 0 0 
64792.8 1.11651e+18 8.2611 -1.62309 0 0 0 
64807.5 1.11576e+18 8.25521 -0.611381 0 0 0 
64822.2 1.11522e+18 8.25186 0.470325 0 0 0 
64836.9 1.11487e+18 8.25102 1.49105 0 0 0 
64851.7 1.11463e+18 8.25146 2.32782 0 0 0 
64866.4 1.11434e+18 8.25136 2.88037 0 0 0 
64881.1 1.11388e+18 8.24913 3.08313 0 0 0 
64895.9 1.1132e+18 8.24423 2.91289 0 0 0 
64910.6 1.11237e+18 8.23738 2.39138 0 0 0 
64925.3 1.11152e+18 8.23023 1.58247 0 0 0 
64940.1 1.1108e+18 8.22458 0.584348 0 0 0 
64954.8 1.11028e+18 8.22151 -0.482355 0 0 0 
64969.6 1.10996e+18 8.22084 -1.48907 0 0 0 
64984.3 1.10971e+18 8.22128 -2.31469 0 0 0 
64999.1 1.10941e+18 8.22099 -2.85997 0 0 0 
65013.8 1.10892e+18 8.2185 -3.05944 0 0 0 
65028.6 1.10822e+18 8.21338 -2.88912 0 0 0 
65043.3 1.10739e+18 8.20649 -2.36942 0 0 0 
65058.1 1.10656e+18 8.19949 -1.56274 0 0 0 
65072.8 1.10586e+18 8.19413 -0.566056 0 0 0 
65087.6 1.10538e+18 8.19134 0.5006 0 0 0 
65102.4 1.10507e+18 8.19083 1.50843 0 0 0 
65117.1 1.10482e+18 8.19122 2.33529 0 0 0 
65131.9 1.10449e+18 8.1907 2.88039 0 0 0 
65146.7 1.10398e+18 8.18792 3.07654 0 0 0 
65161.4 1.10327e+18 8.18261 2.89846 0 0 0 
65176.2 1.10244e+18 8.1757 2.36611 0 0 0 
65191 1.10163e+18 8.1689 1.54262 0 0 0 
65205.8 1.10096e+18 8.16385 0.527016 0 0 0 
65220.6 1.1005e+18 8.16135 -0.557547 0 0 0 
65235.3 1.1002e+18 8.16096 -1.57854 0 0 0 
65250.1 1.09994e+18 8.16125 -2.41019 0 0 0 
65264.9 1.09959e+18 8.16048 -2.94896 0 0 0 
65279.7 1.09905e+18 8.1574 -3.12651 0 0 0 
65294.5 1.09833e+18 8.15191 -2.91853 0 0 0 
65309.3 1.09751e+18 8.14503 -2.34819 0 0 0 
65324.1 1.09672e+18 8.13846 -1.48383 0 0 0 
65338.9 1.09609e+18 8.13375 -0.430938 0 0 0 
65353.7 1.09565e+18 8.13151 0.680565 0 0 0 
65368.5 1.09536e+18 8.13122 1.71233 0 0 0 
65383.3 1.09509e+18 8.13138 2.53482 0 0 0 
65398.1 1.09471e+18 8.13032 3.04375 0 0 0 
65412.9 1.09415e+18 8.12695 3.17346 0 0 0 
65427.7 1.09342e+18 8.1213 2.90561 0 0 0 
65442.5 1.09261e+18 8.11449 2.27199 0 0 0 
65457.4 1.09185e+18 8.10819 1.3509 0 0 0 
65472.2 1.09125e+18 8.10381 0.25759 0 0 0 
65487 1.09083e+18 8.10183 -0.870219 0 0 0 
65501.8 1.09054e+18 8.10159 -1.88975 0 0 0 
65516.7 1.09025e+18 8.10159 -2.67146 0 0 0 
65531.5 1.08985e+18 8.10023 -3.11573 0 0 0 
65546.3 1.08927e+18 8.09658 -3.16581 0 0 0 
65561.2 1.08853e+18 8.09081 -2.81527 0 0 0 
65576 1.08773e+18 8.0841 -2.10891 0 0 0 
65590.8 1.087e+18 8.07808 -1.13712 0 0 0 
65605.7 1.08643e+18 8.07403 -0.0241768 0 0 0 
65620.5 1.08603e+18 8.07228 1.08781 0 0 0 
65635.4 1.08574e+18 8.07206 2.05727 0 0 0 
65650.2 1.08543e+18 8.07187 2.76143 0 0 0 
65665 1.085e+18 8.07021 3.11211 0 0 0 
65679.9 1.08441e+18 8.0663 3.06687 0 0 0 
65694.7 1.08367e+18 8.06044 2.63425 0 0 0 
65709.6 1.08289e+18 8.05386 1.87221 0 0 0 
65724.5 1.08219e+18 8.04813 0.880298 0 0 0 
65739.3 1.08164e+18 8.0444 -0.213581 0 0 0 
65754.2 1.08125e+18 8.04285 -1.26989 0 0 0 
65769 1.08095e+18 8.04262 -2.15549 0 0 0 
65783.9 1.08063e+18 8.04223 -2.76057 0 0 0 
65798.8 1.08018e+18 8.04027 -3.01238 0 0 0 
65813.7 1.07957e+18 8.03612 -2.88388 0 0 0 
65828.5 1.07883e+18 8.03019 -2.3965 0 0 0 
65843.4 1.07807e+18 8.02376 -1.61652 0 0 0 
65858.3 1.07739e+18 8.01832 -0.645885 0 0 0 
65873.2 1.07687e+18 8.01489 0.391331 0 0 0 
65888 1.07649e+18 8.01353 1.36499 0 0 0 
65902.9 1.07619e+18 8.01328 2.15533 0 0 0 
65917.8 1.07585e+18 8.01268 2.66767 0 0 0 
65932.7 1.07538e+18 8.01043 2.84365 0 0 0 
65947.6 1.07476e+18 8.00606 2.6676 0 0 0 
65962.5 1.07402e+18 8.00008 2.16745 0 0 0 
65977.4 1.07328e+18 7.99379 1.41021 0 0 0 
65992.3 1.07262e+18 7.98865 0.492859 0 0 0 
66007.2 1.07212e+18 7.98552 -0.470272 0 0 0 
66022.1 1.07175e+18 7.98432 -1.36173 0 0 0 
66037 1.07144e+18 7.98404 -2.0752 0 0 0 
66051.9 1.07109e+18 7.98322 -2.52793 0 0 0 
66066.8 1.0706e+18 7.9807 -2.67005 0 0 0 
66081.7 1.06997e+18 7.9761 -2.48962 0 0 0 
66096.6 1.06924e+18 7.97008 -2.01321 0 0 0 
66111.5 1.06851e+18 7.96396 -1.30185 0 0 0 
66126.5 1.06788e+18 7.9591 -0.443173 0 0 0 
66141.4 1.06739e+18 7.95627 0.459347 0 0 0 
66156.3 1.06703e+18 7.95524 1.29864 0 0 0 
66171.2 1.06672e+18 7.95491 1.97647 0 0 0 
66186.2 1.06635e+18 7.95388 2.41459 0 0 0 
66201.1 1.06585e+18 7.95106 2.56339 0 0 0 
66216 1.06521e+18 7.94624 2.40728 0 0 0 
66230.9 1.06448e+18 7.94019 1.96612 0 0 0 
66245.9 1.06376e+18 7.93424 1.29269 0 0 0 
66260.8 1.06315e+18 7.92969 0.466576 0 0 0 
66275.8 1.06269e+18 7.92716 -0.415022 0 0 0 
66290.7 1.06234e+18 7.92629 -1.24833 0 0 0 
66305.6 1.06203e+18 7.92591 -1.93489 0 0 0 
66320.6 1.06164e+18 7.92463 -2.39283 0 0 0 
66335.5 1.06112e+18 7.92151 -2.56651 0 0 0 
66350.5 1.06047e+18 7.91647 -2.43315 0 0 0 
66365.4 1.05974e+18 7.91039 -2.00598 0 0 0 
66380.4 1.05904e+18 7.90463 -1.33317 0 0 0 
66395.4 1.05845e+18 7.90042 -0.492814 0 0 0 
66410.3 1.05801e+18 7.8982 0.415748 0 0 0 
66425.3 1.05767e+18 7.89748 1.28335 0 0 0 
66440.2 1.05735e+18 7.89703 2.00385 0 0 0 
66455.2 1.05696e+18 7.89549 2.48703 0 0 0 
66470.2 1.05642e+18 7.89203 2.66994 0 0 0 
66485.2 1.05574e+18 7.88677 2.52528 0 0 0 
66500.1 1.05502e+18 7.88068 2.06566 0 0 0 
66515.1 1.05433e+18 7.87515 1.34302 0 0 0 
66530.1 1.05377e+18 7.8713 0.443185 0 0 0 
66545.1 1.05335e+18 7.86941 -0.524067 0 0 0 
66560 1.05303e+18 7.86884 -1.43828 0 0 0 
66575 1.05271e+18 7.86827 -2.18332 0 0 0 
66590 1.05229e+18 7.86641 -2.66227 0 0 0 
66605 1.05173e+18 7.8626 -2.81029 0 0 0 
66620 1.05104e+18 7.85712 -2.60361 0 0 0 
66635 1.05031e+18 7.85106 -2.06352 0 0 0 
66650 1.04965e+18 7.84582 -1.25447 0 0 0 
66665 1.04912e+18 7.84236 -0.276544 0 0 0 
66680 1.04873e+18 7.84081 0.746862 0 0 0 
66695 1.04842e+18 7.84034 1.68475 0 0 0 
66710 1.04808e+18 7.83961 2.41544 0 0 0 
66725 1.04764e+18 7.83739 2.84261 0 0 0 
66740 1.04705e+18 7.8332 2.90821 0 0 0 
66755 1.04635e+18 7.82752 2.60052 0 0 0 
66770 1.04563e+18 7.82156 1.95617 0 0 0 
66785.1 1.04499e+18 7.81665 1.0559 0 0 0 
66800.1 1.04449e+18 7.81363 0.0143239 0 0 0 
66815.1 1.04413e+18 7.8124 -1.03473 0 0 0 
66830.1 1.04383e+18 7.81199 -1.95561 0 0 0 
66845.1 1.04348e+18 7.81101 -2.62859 0 0 0 
66860.2 1.04301e+18 7.80839 -2.96552 0 0 0 
66875.2 1.04239e+18 7.80382 -2.92155 0 0 0 
66890.2 1.04168e+18 7.79799 -2.50109 0 0 0 
66905.3 1.04097e+18 7.79219 -1.75741 0 0 0 
66920.3 1.04036e+18 7.78768 -0.785812 0 0 0 
66935.4 1.0399e+18 7.78512 0.288718 0 0 0 
66950.4 1.03957e+18 7.78418 1.32768 0 0 0 
66965.4 1.03926e+18 7.78375 2.19703 0 0 0 
66980.5 1.03889e+18 7.78247 2.78457 0 0 0 
66995.5 1.03839e+18 7.77939 3.01444 0 0 0 
67010.6 1.03774e+18 7.77446 2.85694 0 0 0 
67025.6 1.03703e+18 7.76854 2.33231 0 0 0 
67040.7 1.03634e+18 7.76298 1.50808 0 0 0 
67055.7 1.03577e+18 7.75894 0.49033 0 0 0 
67070.8 1.03535e+18 7.75683 -0.590053 0 0 0 
67085.9 1.03503e+18 7.75613 -1.59421 0 0 0 
67100.9 1.03472e+18 7.7556 -2.39322 0 0 0 
67116 1.03432e+18 7.75393 -2.88463 0 0 0 
67131.1 1.03378e+18 7.75037 -3.00559 0 0 0 
67146.1 1.03311e+18 7.74512 -2.74092 0 0 0 
67161.2 1.03239e+18 7.7392 -2.12497 0 0 0 
67176.3 1.03173e+18 7.73397 -1.23714 0 0 0 
67191.4 1.03121e+18 7.73044 -0.191699 0 0 0 
67206.4 1.03082e+18 7.72877 0.877019 0 0 0 
67221.5 1.03051e+18 7.72823 1.83184 0 0 0 
67236.6 1.03019e+18 7.7275 2.5504 0 0 0 
67251.7 1.02976e+18 7.72537 2.94087 0 0 0 
67266.8 1.02918e+18 7.72134 2.9537 0 0 0 
67281.9 1.02849e+18 7.71583 2.58792 0 0 0 
67297 1.02779e+18 7.71001 1.8912 0 0 0 
67312.1 1.02716e+18 7.70519 0.953595 0 0 0 
67327.2 1.02668e+18 7.7022 -0.104112 0 0 0 
67342.3 1.02632e+18 7.70093 -1.14604 0 0 0 
67357.4 1.02602e+18 7.70044 -2.0387 0 0 0 
67372.5 1.02568e+18 7.69941 -2.66817 0 0 0 
67387.6 1.02521e+18 7.69678 -2.95461 0 0 0 
67402.7 1.02459e+18 7.69228 -2.86243 0 0 0 
67417.8 1.0239e+18 7.68661 -2.40464 0 0 0 
67432.9 1.02321e+18 7.681 -1.641 0 0 0 
67448 1.02263e+18 7.67668 -0.670116 0 0 0 
67463.1 1.02218e+18 7.67422 0.383329 0 0 0 
67478.3 1.02185e+18 7.67327 1.38465 0 0 0 
67493.4 1.02155e+18 7.67273 2.20642 0 0 0 
67508.5 1.02117e+18 7.6713 2.74464 0 0 0 
67523.6 1.02066e+18 7.66813 2.93188 0 0 0 
67538.8 1.02002e+18 7.66323 2.74565 0 0 0 
67553.9 1.01932e+18 7.6575 2.21095 0 0 0 
67569 1.01866e+18 7.65222 1.39691 0 0 0 
67584.2 1.01812e+18 7.64845 0.407686 0 0 0 
67599.3 1.01772e+18 7.6465 -0.630824 0 0 0 
67614.5 1.01741e+18 7.64576 -1.58705 0 0 0 
67629.6 1.01709e+18 7.64504 -2.34034 0 0 0 
67644.7 1.01668e+18 7.64313 -2.79608 0 0 0 
67659.9 1.01612e+18 7.63942 -2.89748 0 0 0 
67675 1.01546e+18 7.63422 -2.63244 0 0 0 
67690.2 1.01477e+18 7.62855 -2.03496 0 0 0 
67705.3 1.01415e+18 7.6237 -1.18062 0 0 0 
67720.5 1.01366e+18 7.6205 -0.177046 0 0 0 
67735.7 1.01329e+18 7.61899 0.849597 0 0 0 
67750.8 1.01299e+18 7.61835 1.77034 0 0 0 
67766 1.01264e+18 7.61733 2.46944 0 0 0 
67781.2 1.01219e+18 7.61489 2.85871 0 0 0 
67796.3 1.0116e+18 7.61069 2.88847 0 0 0 
67811.5 1.01093e+18 7.60528 2.55376 0 0 0 
67826.7 1.01026e+18 7.59982 1.89505 0 0 0 
67841.8 1.00968e+18 7.59547 0.993413 0 0 0 
67857 1.00923e+18 7.59284 -0.0392781 0 0 0 
67872.2 1.00889e+18 7.59168 -1.07402 0 0 0 
67887.4 1.00858e+18 7.59099 -1.98051 0 0 0 
67902.6 1.0082e+18 7.58957 -2.64331 0 0 0 
67917.7 1.0077e+18 7.58657 -2.97629 0 0 0 
67932.9 1.00709e+18 7.58196 -2.9338 0 0 0 
67948.1 1.00641e+18 7.57648 -2.51681 0 0 0 
67963.3 1.00577e+18 7.57134 -1.77359 0 0 0 
67978.5 1.00524e+18 7.56755 -0.794367 0 0 0 
67993.7 1.00483e+18 7.56543 0.299245 0 0 0 
68008.9 1.00451e+18 7.56449 1.36901 0 0 0 
68024.1 1.00418e+18 7.56363 2.27724 0 0 0 
68039.3 1.00377e+18 7.56173 2.90437 0 0 0 
68054.5 1.00323e+18 7.55821 3.1646 0 0 0 
68069.7 1.00259e+18 7.55328 3.0177 0 0 0 
68084.9 1.00193e+18 7.54787 2.47532 0 0 0 
68100.2 1.00133e+18 7.54314 1.60075 0 0 0 
68115.4 1.00084e+18 7.53991 0.502042 0 0 0 
68130.6 1.00046e+18 7.53823 -0.680996 0 0 0 
68145.8 1.00014e+18 7.53738 -1.79427 0 0 0 
68161 9.99788e+17 7.53623 -2.68935 0 0 0 
68176.3 9.99336e+17 7.53382 -3.24331 0 0 0 
68191.5 9.98768e+17 7.52982 -3.37571 0 0 0 
68206.7 9.98124e+17 7.52469 -3.06058 0 0 0 
68222 9.97482e+17 7.51947 -2.33129 0 0 0 
68237.2 9.96918e+17 7.51523 -1.27765 0 0 0 
68252.4 9.9647e+17 7.51254 -0.0352668 0 0 0 
68267.7 9.96116e+17 7.51119 1.23175 0 0 0 
68282.9 9.95788e+17 7.5103 2.35242 0 0 0 
68298.2 9.95406e+17 7.50878 3.17207 0 0 0 
68313.4 9.94917e+17 7.50585 3.57404 0 0 0 
68328.6 9.94324e+17 7.50145 3.49651 0 0 0 
68343.9 9.9368e+17 7.49625 2.94235 0 0 0 
68359.1 9.93065e+17 7.49133 1.97999 0 0 0 
68374.4 9.92543e+17 7.48761 0.735359 0 0 0 
68389.7 9.9213e+17 7.48541 -0.6246 0 0 0 
68404.9 9.91789e+17 7.48427 -1.91438 0 0 0 
68420.2 9.91447e+17 7.48323 -2.95547 0 0 0 
68435.4 9.91032e+17 7.48127 -3.60143 0 0 0 
68450.7 9.90509e+17 7.47783 -3.75882 0 0 0 
68466 9.89899e+17 7.47313 -3.40102 0 0 0 
68481.3 9.89265e+17 7.46799 -2.57277 0 0 0 
68496.5 9.88682e+17 7.46346 -1.38478 0 0 0 
68511.8 9.88199e+17 7.46027 0.00119272 0 0 0 
68527.1 9.87815e+17 7.45848 1.39454 0 0 0 
68542.4 9.87479e+17 7.45744 2.60231 0 0 0 
68557.6 9.87116e+17 7.45614 3.45631 0 0 0 
68572.9 9.86667e+17 7.45369 3.83682 0 0 0 
68588.2 9.86116e+17 7.4498 3.68964 0 0 0 
68603.5 9.85497e+17 7.44491 3.03392 0 0 0 
68618.8 9.8488e+17 7.43994 1.95968 0 0 0 
68634.1 9.84333e+17 7.43586 0.615291 0 0 0 
68649.4 9.83887e+17 7.43318 -0.813251 0 0 0 
68664.7 9.83524e+17 7.43172 -2.1284 0 0 0 
68680 9.83184e+17 7.43065 -3.14866 0 0 0 
68695.3 9.82795e+17 7.429 -3.73393 0 0 0 
68710.6 9.82313e+17 7.42606 -3.80485 0 0 0 
68725.9 9.81738e+17 7.42179 -3.35363 0 0 0 
68741.2 9.81119e+17 7.41682 -2.44472 0 0 0 
68756.5 9.80526e+17 7.41213 -1.20543 0 0 0 
68771.8 9.80016e+17 7.40854 0.192195 0 0 0 
68787.2 9.79603e+17 7.40634 1.55551 0 0 0 
68802.5 9.79253e+17 7.40508 2.69811 0 0 0 
68817.8 9.78901e+17 7.40388 3.46541 0 0 0 
68833.1 9.78483e+17 7.4018 3.75565 0 0 0 
68848.4 9.7797e+17 7.39838 3.53323 0 0 0 
68863.8 9.77379e+17 7.39382 2.83287 0 0 0 
68879.1 9.76768e+17 7.3889 1.75402 0 0 0 
68894.4 9.76204e+17 7.38458 0.446506 0 0 0 
68909.8 9.75731e+17 7.3815 -0.910474 0 0 0 
68925.1 9.75345e+17 7.37969 -2.13304 0 0 0 
68940.4 9.75e+17 7.37853 -3.05753 0 0 0 
68955.8 9.7463e+17 7.37708 -3.56236 0 0 0 
68971.1 9.74181e+17 7.37454 -3.58376 0 0 0 
68986.5 9.7364e+17 7.37069 -3.1236 0 0 0 
69001.8 9.73041e+17 7.36594 -2.24824 0 0 0 
69017.2 9.72446e+17 7.36119 -1.07884 0 0 0 
69032.5 9.71915e+17 7.3573 0.22551 0 0 0 
69047.9 9.71476e+17 7.35472 1.48942 0 0 0 
69063.2 9.71111e+17 7.35322 2.54468 0 0 0 
69078.6 9.70763e+17 7.35204 3.25247 0 0 0 
69094 9.70369e+17 7.35024 3.52136 0 0 0 
69109.3 9.6989e+17 7.34723 3.31893 0 0 0 
69124.7 9.69327e+17 7.343 2.67541 0 0 0 
69140.1 9.68727e+17 7.33819 1.67916 0 0 0 
69155.4 9.68154e+17 7.33371 0.464564 0 0 0 
69170.8 9.67657e+17 7.3303 -0.806017 0 0 0 
69186.2 9.67249e+17 7.32818 -1.96372 0 0 0 
69201.6 9.66897e+17 7.32689 -2.85542 0 0 0 
69217 9.6654e+17 7.32556 -3.36372 0 0 0 
69232.3 9.66119e+17 7.32335 -3.42225 0 0 0 
69247.7 9.6561e+17 7.31987 -3.02424 0 0 0 
69263.1 9.65032e+17 7.31535 -2.22332 0 0 0 
69278.5 9.64438e+17 7.31059 -1.12639 0 0 0 
69293.9 9.63891e+17 7.30648 0.120401 0 0 0 
69309.3 9.6343e+17 7.30358 1.35089 0 0 0 
69324.7 9.63049e+17 7.30186 2.40078 0 0 0 
69340.1 9.62703e+17 7.30066 3.12943 0 0 0 
69355.5 9.6233e+17 7.29908 3.43857 0 0 0 
69370.9 9.6188e+17 7.2964 3.28561 0 0 0 
69386.3 9.61344e+17 7.29247 2.68962 0 0 0 
69401.7 9.60755e+17 7.28777 1.72924 0 0 0 
69417.1 9.60175e+17 7.28318 0.532541 0 0 0 
69432.5 9.59659e+17 7.27952 -0.739778 0 0 0 
69448 9.59232e+17 7.27714 -1.91577 0 0 0 
69463.4 9.58874e+17 7.27573 -2.8354 0 0 0 
69478.8 9.58528e+17 7.2745 -3.37233 0 0 0 
69494.2 9.58133e+17 7.27255 -3.4514 0 0 0 
69509.6 9.57651e+17 7.26936 -3.05941 0 0 0 
69525.1 9.57091e+17 7.26505 -2.24744 0 0 0 
69540.5 9.56498e+17 7.26029 -1.12451 0 0 0 
69555.9 9.55938e+17 7.256 0.156862 0 0 0 
69571.4 9.55458e+17 7.25287 1.42128 0 0 0 
69586.8 9.55066e+17 7.25097 2.49446 0 0 0 
69602.2 9.54724e+17 7.24977 3.22734 0 0 0 
69617.7 9.5437e+17 7.24836 3.51698 0 0 0 
69633.1 9.53946e+17 7.24594 3.32124 0 0 0 
69648.6 9.5343e+17 7.24224 2.66512 0 0 0 
69664 9.52849e+17 7.23763 1.63779 0 0 0 
69679.5 9.52262e+17 7.23296 0.380615 0 0 0 
69694.9 9.51731e+17 7.22911 -0.932249 0 0 0 
69710.4 9.51292e+17 7.22654 -2.11802 0 0 0 
69725.8 9.50932e+17 7.22507 -3.01086 0 0 0 
69741.3 9.50599e+17 7.22392 -3.48525 0 0 0 
69756.8 9.50225e+17 7.22217 -3.47383 0 0 0 
69772.2 9.49764e+17 7.21921 -2.97716 0 0 0 
69787.7 9.49215e+17 7.21502 -2.06394 0 0 0 
69803.2 9.48621e+17 7.21025 -0.861608 0 0 0 
69818.6 9.4805e+17 7.20584 0.461434 0 0 0 
69834.1 9.47559e+17 7.20255 1.71945 0 0 0 
69849.6 9.47164e+17 7.20057 2.73558 0 0 0 
69865.1 9.4683e+17 7.19939 3.36682 0 0 0 
69880.5 9.46492e+17 7.19811 3.52437 0 0 0 
69896 9.46087e+17 7.19588 3.18622 0 0 0 
69911.5 9.45584e+17 7.19231 2.40041 0 0 0 
69927 9.45005e+17 7.18773 1.27824 0 0 0 
69942.5 9.44411e+17 7.183 -0.0214288 0 0 0 
69958 9.43872e+17 7.17904 -1.31475 0 0 0 
69973.5 9.43429e+17 7.1764 -2.41893 0 0 0 
69989 9.43075e+17 7.17492 -3.17821 0 0 0 
70004.5 9.42755e+17 7.17386 -3.48596 0 0 0 
70020 9.42397e+17 7.17224 -3.29981 0 0 0 
70035.5 9.41947e+17 7.16938 -2.64759 0 0 0 
70051 9.41401e+17 7.16524 -1.62332 0 0 0 
70066.5 9.40804e+17 7.16045 -0.3737 0 0 0 
70082 9.40227e+17 7.15598 0.922891 0 0 0 
70097.5 9.39735e+17 7.15264 2.0819 0 0 0 
70113 9.39345e+17 7.15066 2.93899 0 0 0 
70128.6 9.39023e+17 7.14955 3.37348 0 0 0 
70144.1 9.38698e+17 7.14836 3.32552 0 0 0 
70159.6 9.38301e+17 7.14619 2.80452 0 0 0 
70175.1 9.37801e+17 7.14265 1.88758 0 0 0 
70190.6 9.37218e+17 7.13806 0.708176 0 0 0 
70206.2 9.36621e+17 7.13329 -0.563233 0 0 0 
70221.7 9.36082e+17 7.12933 -1.74393 0 0 0 
70237.2 9.35647e+17 7.12672 -2.66535 0 0 0 
70252.8 9.35305e+17 7.12531 -3.19734 0 0 0 
70268.3 9.34997e+17 7.12432 -3.26678 0 0 0 
70283.9 9.34646e+17 7.12274 -2.86781 0 0 0 
70299.4 9.34197e+17 7.11987 -2.06222 0 0 0 
70315 9.33646e+17 7.11569 -0.970026 0 0 0 
70330.5 9.33044e+17 7.11087 0.248475 0 0 0 
70346 9.3247e+17 7.10643 1.41632 0 0 0 
70361.6 9.31987e+17 7.10316 2.36577 0 0 0 
70377.2 9.31611e+17 7.10128 2.96268 0 0 0 
70392.7 9.31302e+17 7.10025 3.12561 0 0 0 
70408.3 9.30984e+17 7.09908 2.83711 0 0 0 
70423.8 9.30585e+17 7.09686 2.14547 0 0 0 
70439.4 9.30077e+17 7.09324 1.15677 0 0 0 
70455 9.29489e+17 7.0886 0.0185782 0 0 0 
70470.5 9.28893e+17 7.08386 -1.10221 0 0 0 
70486.1 9.28366e+17 7.08001 -2.04406 0 0 0 
70501.7 9.27948e+17 7.07754 -2.6743 0 0 0 
70517.3 9.27622e+17 7.07625 -2.90796 0 0 0 
70532.8 9.27322e+17 7.07528 -2.71932 0 0 0 
70548.4 9.26967e+17 7.07363 -2.14447 0 0 0 
70564 9.26507e+17 7.07063 -1.27476 0 0 0 
70579.6 9.25946e+17 7.06636 -0.242228 0 0 0 
70595.2 9.25345e+17 7.06155 0.800539 0 0 0 
70610.8 9.24783e+17 7.05723 1.7032 0 0 0 
70626.4 9.24321e+17 7.05415 2.3395 0 0 0 
70642 9.23965e+17 7.05244 2.62501 0 0 0 
70657.6 9.23666e+17 7.05146 2.52828 0 0 0 
70673.2 9.23344e+17 7.05021 2.07388 0 0 0 
70688.8 9.22932e+17 7.04783 1.33717 0 0 0 
70704.4 9.2241e+17 7.04406 0.431824 0 0 0 
70720 9.21818e+17 7.03938 -0.507842 0 0 0 
70735.6 9.21233e+17 7.03476 -1.34695 0 0 0 
70751.2 9.20729e+17 7.03113 -1.96949 0 0 0 
70766.8 9.20336e+17 7.02889 -2.29432 0 0 0 
70782.4 9.20025e+17 7.0277 -2.28552 0 0 0 
70798 9.19723e+17 7.02668 -1.95577 0 0 0 
70813.7 9.19353e+17 7.02483 -1.36275 0 0 0 
70829.3 9.18874e+17 7.02163 -0.599069 0 0 0 
70844.9 9.18305e+17 7.01726 0.222176 0 0 0 
70860.5 9.17711e+17 7.01253 0.984209 0 0 0 
70876.2 9.17173e+17 7.00844 1.58311 0 0 0 
70891.8 9.16739e+17 7.00565 1.94177 0 0 0 
70907.4 9.16404e+17 7.00411 2.0195 0 0 0 
70923.1 9.16108e+17 7.00312 1.81603 0 0 0 
70938.7 9.15771e+17 7.00168 1.36983 0 0 0 
70954.3 9.15337e+17 6.99905 0.751083 0 0 0 
70970 9.148e+17 6.9951 0.0507653 0 0 0 
70985.6 9.14211e+17 6.99045 -0.632655 0 0 0 
71001.3 9.13648e+17 6.98605 -1.20685 0 0 0 
71016.9 9.13176e+17 6.98274 -1.59779 0 0 0 
71032.6 9.12809e+17 6.98075 -1.75894 0 0 0 
71048.2 9.12506e+17 6.97963 -1.67629 0 0 0 
71063.9 9.12191e+17 6.97844 -1.36902 0 0 0 
71079.6 9.11797e+17 6.97631 -0.885621 0 0 0 
71095.2 9.11298e+17 6.97286 -0.296498 0 0 0 
71110.9 9.10726e+17 6.96843 0.316091 0 0 0 
71126.6 9.10151e+17 6.96389 0.869211 0 0 0 
71142.2 9.09645e+17 6.96013 1.29016 0 0 0 
71157.9 9.09243e+17 6.95766 1.5257 0 0 0 
71173.6 9.08922e+17 6.95627 1.54859 0 0 0 
71189.3 9.08619e+17 6.95517 1.36054 0 0 0 
71204.9 9.08258e+17 6.95344 0.991405 0 0 0 
71220.6 9.07798e+17 6.9505 0.494782 0 0 0 
71236.3 9.07251e+17 6.94642 -0.0594916 0 0 0 
71252 9.06674e+17 6.94188 -0.594835 0 0 0 
71267.7 9.06144e+17 6.9378 -1.03827 0 0 0 
71283.4 9.05707e+17 6.93486 -1.33023 0 0 0 
71299.1 9.05362e+17 6.9331 -1.4326 0 0 0 
71314.8 9.05058e+17 6.93195 -1.33379 0 0 0 
71330.5 9.04722e+17 6.93049 -1.05024 0 0 0 
71346.2 9.04298e+17 6.92802 -0.624115 0 0 0 
71361.9 9.03781e+17 6.92434 -0.117249 0 0 0 
71377.6 9.03215e+17 6.91995 0.39756 0 0 0 
71393.3 9.02668e+17 6.91569 0.846965 0 0 0 
71409 9.02201e+17 6.91234 1.16759 0 0 0 
71424.7 9.01828e+17 6.91018 1.31517 0 0 0 
71440.4 9.01514e+17 6.90884 1.27093 0 0 0 
71456.1 9.01192e+17 6.90752 1.04424 0 0 0 
71471.9 9.008e+17 6.90543 0.671091 0 0 0 
71487.6 9.00316e+17 6.90219 0.208596 0 0 0 
71503.3 8.99767e+17 6.89805 -0.273701 0 0 0 
71519 8.99215e+17 6.89374 -0.704346 0 0 0 
71534.8 8.98724e+17 6.89008 -1.02076 0 0 0 
71550.5 8.98322e+17 6.8875 -1.17859 0 0 0 
71566.2 8.97991e+17 6.88589 -1.15818 0 0 0 
71582 8.97674e+17 6.88458 -0.96716 0 0 0 
71597.7 8.97306e+17 6.88277 -0.638818 0 0 0 
71613.4 8.96854e+17 6.87994 -0.226451 0 0 0 
71629.2 8.96328e+17 6.87613 0.205265 0 0 0 
71644.9 8.9578e+17 6.87189 0.590535 0 0 0 
71660.7 8.95272e+17 6.86802 0.872674 0 0 0 
71676.4 8.94844e+17 6.86508 1.01266 0 0 0 
71692.2 8.94492e+17 6.86314 0.994688 0 0 0 
71707.9 8.9417e+17 6.86173 0.827915 0 0 0 
71723.7 8.93819e+17 6.86009 0.544171 0 0 0 
71739.4 8.93394e+17 6.85761 0.192147 0 0 0 
71755.2 8.92895e+17 6.85416 -0.170924 0 0 0 
71771 8.92358e+17 6.8501 -0.488654 0 0 0 
71786.7 8.91842e+17 6.84613 -0.714406 0 0 0 
71802.5 8.91392e+17 6.8429 -0.818279 0 0 0 
71818.3 8.91017e+17 6.84062 -0.791089 0 0 0 
71834.1 8.90685e+17 6.839 -0.644825 0 0 0 
71849.8 8.90341e+17 6.83742 -0.409633 0 0 0 
71865.6 8.8994e+17 6.83523 -0.127993 0 0 0 
71881.4 8.89467e+17 6.83213 0.152846 0 0 0 
71897.2 8.88948e+17 6.82831 0.388796 0 0 0 
71913 8.88431e+17 6.82436 0.54592 0 0 0 
71928.7 8.87965e+17 6.82091 0.605334 0 0 0 
71944.5 8.87568e+17 6.81831 0.565323 0 0 0 
71960.3 8.8722e+17 6.81645 0.440458 0 0 0 
71976.1 8.86877e+17 6.81483 0.258054 0 0 0 
71991.9 8.86493e+17 6.81282 0.0526994 0 0 0 
72007.7 8.86045e+17 6.81004 -0.140066 0 0 0 
72023.5 8.85546e+17 6.80652 -0.289808 0 0 0 
72039.3 8.85036e+17 6.80267 -0.375966 0 0 0 
72055.1 8.8456e+17 6.7991 -0.390584 0 0 0 
72070.9 8.84143e+17 6.79622 -0.338675 0 0 0 
72086.8 8.83778e+17 6.79408 -0.236301 0 0 0 
72102.6 8.83429e+17 6.79234 -0.106863 0 0 0 
72118.4 8.83056e+17 6.79043 0.0236408 0 0 0 
72134.2 8.82629e+17 6.78792 0.131481 0 0 0 
72150 8.82152e+17 6.78469 0.199311 0 0 0 
72165.8 8.81654e+17 6.78102 0.218853 0 0 0 
72181.7 8.81174e+17 6.77741 0.191746 0 0 0 
72197.5 8.80742e+17 6.77432 0.128524 0 0 0 
72213.3 8.80358e+17 6.77191 0.0459985 0 0 0 
72229.2 8.8e+17 6.76998 -0.0363802 0 0 0 
72245 8.79631e+17 6.76809 -0.100471 0 0 0 
72260.8 8.79221e+17 6.76578 -0.132955 0 0 0 
72276.7 8.78766e+17 6.76283 -0.127785 0 0 0 
72292.5 8.78283e+17 6.75938 -0.0871471 0 0 0 
72308.4 8.77805e+17 6.75581 -0.0208091 0 0 0 
72324.2 8.77361e+17 6.75258 0.0559722 0 0 0 
72340.1 8.76961e+17 6.74993 0.125571 0 0 0 
72355.9 8.7659e+17 6.74779 0.171532 0 0 0 
72371.8 8.76221e+17 6.74584 0.181868 0 0 0 
72387.6 8.75824e+17 6.74365 0.151508 0 0 0 
72403.5 8.75388e+17 6.74095 0.0834608 0 0 0 
72419.4 8.74921e+17 6.73773 -0.0115331 0 0 0 
72435.2 8.7445e+17 6.73428 -0.116782 0 0 0 
72451.1 8.74e+17 6.73097 -0.212555 0 0 0 
72467 8.73586e+17 6.72812 -0.279617 0 0 0 
72482.8 8.73202e+17 6.72577 -0.302773 0 0 0 
72498.7 8.72828e+17 6.7237 -0.273807 0 0 0 
72514.6 8.72438e+17 6.72157 -0.193304 0 0 0 
72530.4 8.72018e+17 6.71906 -0.0710123 0 0 0 
72546.3 8.71569e+17 6.71607 0.0753455 0 0 0 
72562.2 8.71107e+17 6.71277 0.222665 0 0 0 
72578.1 8.70655e+17 6.70947 0.346072 0 0 0 
72594 8.70231e+17 6.70647 0.423009 0 0 0 
72609.9 8.69835e+17 6.70392 0.437131 0 0 0 
72625.8 8.69453e+17 6.7017 0.3814 0 0 0 
72641.7 8.69067e+17 6.69955 0.259803 0 0 0 
72657.6 8.68659e+17 6.69718 0.0873866 0 0 0 
72673.5 8.68225e+17 6.69441 -0.111524 0 0 0 
72689.4 8.67775e+17 6.69129 -0.306709 0 0 0 
72705.3 8.67326e+17 6.68805 -0.466598 0 0 0 
72721.2 8.66895e+17 6.68497 -0.563312 0 0 0 
72737.1 8.66488e+17 6.68223 -0.577401 0 0 0 
72753 8.66099e+17 6.67985 -0.501508 0 0 0 
72768.9 8.65712e+17 6.67764 -0.342276 0 0 0 
72784.8 8.65311e+17 6.67534 -0.120099 0 0 0 
72800.7 8.6489e+17 6.67274 0.133388 0 0 0 
72816.7 8.64452e+17 6.66981 0.379783 0 0 0 
72832.6 8.6401e+17 6.66668 0.579754 0 0 0 
72848.5 8.63577e+17 6.66357 0.699336 0 0 0 
72864.4 8.63162e+17 6.66071 0.715681 0 0 0 
72880.4 8.62764e+17 6.65816 0.621293 0 0 0 
72896.3 8.62373e+17 6.65584 0.425962 0 0 0 
72912.2 8.61976e+17 6.65355 0.155973 0 0 0 
72928.2 8.61565e+17 6.65108 -0.149399 0 0 0 
72944.1 8.61139e+17 6.64833 -0.443664 0 0 0 
72960.1 8.60705e+17 6.64534 -0.680283 0 0 0 
72976 8.60275e+17 6.64228 -0.820129 0 0 0 
72992 8.59856e+17 6.63932 -0.837999 0 0 0 
73007.9 8.5945e+17 6.63662 -0.727109 0 0 0 
73023.9 8.59053e+17 6.63417 -0.500743 0 0 0 
73039.8 8.58656e+17 6.63184 -0.190728 0 0 0 
73055.8 8.58251e+17 6.62945 0.157123 0 0 0 
73071.7 8.57836e+17 6.62686 0.489921 0 0 0 
73087.7 8.57413e+17 6.62404 0.75589 0 0 0 
73103.7 8.56988e+17 6.62105 0.912556 0 0 0 
73119.6 8.56568e+17 6.61807 0.933587 0 0 0 
73135.6 8.56156e+17 6.61524 0.813187 0 0 0 
73151.6 8.55751e+17 6.61263 0.567292 0 0 0 
73167.5 8.55351e+17 6.61022 0.231364 0 0 0 
73183.5 8.54949e+17 6.60786 -0.144895 0 0 0 
73199.5 8.54542e+17 6.60541 -0.505087 0 0 0 
73215.5 8.5413e+17 6.60275 -0.794715 0 0 0 
73231.5 8.53714e+17 6.59989 -0.969514 0 0 0 
73247.4 8.53296e+17 6.59692 -1.00219 0 0 0 
73263.4 8.5288e+17 6.59399 -0.886589 0 0 0 
73279.4 8.52468e+17 6.59124 -0.638596 0 0 0 
73295.4 8.52062e+17 6.58871 -0.293791 0 0 0 
73311.4 8.5166e+17 6.58634 0.0978536 0 0 0 
73327.4 8.5126e+17 6.58398 0.479336 0 0 0 
73343.4 8.50859e+17 6.58148 0.794947 0 0 0 
73359.4 8.50453e+17 6.57877 0.998335 0 0 0 
73375.4 8.50041e+17 6.57586 1.05915 0 0 0 
73391.4 8.49623e+17 6.57288 0.967344 0 0 0 
73407.4 8.49204e+17 6.56999 0.73464 0 0 0 
73423.4 8.4879e+17 6.56732 0.392871 0 0 0 
73439.5 8.48385e+17 6.56488 -0.0103875 0 0 0 
73455.5 8.47989e+17 6.56258 -0.418379 0 0 0 
73471.5 8.47598e+17 6.56023 -0.772982 0 0 0 
73487.5 8.47204e+17 6.55769 -1.02276 0 0 0 
73503.5 8.468e+17 6.55488 -1.1302 0 0 0 
73519.6 8.46383e+17 6.55188 -1.07711 0 0 0 
73535.6 8.45958e+17 6.54888 -0.867583 0 0 0 
73551.6 8.45536e+17 6.54605 -0.527915 0 0 0 
73567.7 8.45125e+17 6.54352 -0.103553 0 0 0 
73583.7 8.44731e+17 6.54123 0.34671 0 0 0 
73599.7 8.44348e+17 6.53901 0.758575 0 0 0 
73615.8 8.43967e+17 6.53664 1.07116 0 0 0 
73631.8 8.43572e+17 6.53396 1.23581 0 0 0 
73647.9 8.43159e+17 6.53099 1.22359 0 0 0 
73663.9 8.42731e+17 6.52789 1.03031 0 0 0 
73680 8.42299e+17 6.52491 0.678244 0 0 0 
73696 8.41881e+17 6.52225 0.214024 0 0 0 
73712.1 8.41486e+17 6.51994 -0.297111 0 0 0 
73728.1 8.4111e+17 6.51782 -0.780199 0 0 0 
73744.2 8.4074e+17 6.51562 -1.16137 0 0 0 
73760.3 8.40358e+17 6.5131 -1.37912 0 0 0 
73776.3 8.39951e+17 6.51019 -1.39427 0 0 0 
73792.4 8.39521e+17 6.50702 -1.19713 0 0 0 
73808.5 8.39081e+17 6.5039 -0.810311 0 0 0 
73824.5 8.38654e+17 6.50109 -0.286786 0 0 0 
73840.6 8.38254e+17 6.49872 0.297075 0 0 0 
73856.7 8.37883e+17 6.49667 0.85247 0 0 0 
73872.8 8.37525e+17 6.49464 1.2917 0 0 0 
73888.8 8.37157e+17 6.49229 1.54217 0 0 0 
73904.9 8.36758e+17 6.48947 1.55862 0 0 0 
73921 8.36327e+17 6.48627 1.33142 0 0 0 
73937.1 8.3588e+17 6.48301 0.889496 0 0 0 
73953.2 8.35442e+17 6.48004 0.296985 0 0 0 
73969.3 8.35037e+17 6.47758 -0.355931 0 0 0 
73985.4 8.34669e+17 6.47557 -0.96685 0 0 0 
74001.5 8.34322e+17 6.47369 -1.43744 0 0 0 
74017.6 8.33968e+17 6.47153 -1.68954 0 0 0 
74033.7 8.3358e+17 6.46883 -1.67848 0 0 0 
74049.8 8.33151e+17 6.46562 -1.40108 0 0 0 
74065.9 8.32696e+17 6.46223 -0.897168 0 0 0 
74082 8.32247e+17 6.4591 -0.243844 0 0 0 
74098.1 8.31834e+17 6.45653 0.456407 0 0 0 
74114.3 8.31467e+17 6.45453 1.09206 0 0 0 
74130.4 8.31131e+17 6.45279 1.56064 0 0 0 
74146.5 8.30792e+17 6.45082 1.78552 0 0 0 
74162.6 8.30416e+17 6.44826 1.72869 0 0 0 
74178.7 8.2999e+17 6.44507 1.39725 0 0 0 
74194.9 8.29529e+17 6.44157 0.842588 0 0 0 
74211 8.29068e+17 6.43826 0.152256 0 0 0 
74227.1 8.28646e+17 6.43557 -0.564098 0 0 0 
74243.3 8.28279e+17 6.43356 -1.19242 0 0 0 
74259.4 8.27953e+17 6.43194 -1.63267 0 0 0 
74275.5 8.27629e+17 6.43016 -1.81495 0 0 0 
74291.7 8.27266e+17 6.42775 -1.71067 0 0 0 
74307.8 8.26844e+17 6.4246 -1.33705 0 0 0 
74324 8.26376e+17 6.421 -0.754127 0 0 0 
74340.1 8.25904e+17 6.41753 -0.0549154 0 0 0 
74356.3 8.25473e+17 6.4147 0.649627 0 0 0 
74372.4 8.25105e+17 6.41267 1.24842 0 0 0 
74388.6 8.24788e+17 6.41115 1.64793 0 0 0 
74404.7 8.24479e+17 6.40955 1.78682 0 0 0 
74420.9 8.24129e+17 6.4073 1.64535 0 0 0 
74437.1 8.23712e+17 6.4042 1.24809 0 0 0 
74453.2 8.23239e+17 6.40053 0.659496 0 0 0 
74469.4 8.22756e+17 6.3969 -0.0266074 0 0 0 
74485.6 8.22315e+17 6.39393 -0.702157 0 0 0 
74501.8 8.21946e+17 6.39186 -1.26193 0 0 0 
74517.9 8.21638e+17 6.39043 -1.61995 0 0 0 
74534.1 8.21343e+17 6.389 -1.72269 0 0 0 
74550.3 8.21005e+17 6.38691 -1.557 0 0 0 
74566.5 8.20593e+17 6.38387 -1.15161 0 0 0 
74582.7 8.20115e+17 6.38013 -0.572179 0 0 0 
74598.9 8.19622e+17 6.37637 0.0893633 0 0 0 
74615 8.19173e+17 6.37326 0.729424 0 0 0 
74631.2 8.18803e+17 6.37115 1.24894 0 0 0 
74647.4 8.18502e+17 6.36979 1.56871 0 0 0 
74663.6 8.1822e+17 6.36851 1.64144 0 0 0 
74679.8 8.17894e+17 6.36657 1.45875 0 0 0 
74696 8.17486e+17 6.3636 1.05205 0 0 0 
74712.2 8.17005e+17 6.35982 0.487271 0 0 0 
74728.4 8.16503e+17 6.35593 -0.145796 0 0 0 
74744.7 8.16047e+17 6.3527 -0.747697 0 0 0 
74760.9 8.15676e+17 6.35054 -1.22498 0 0 0 
74777.1 8.15382e+17 6.34924 -1.50473 0 0 0 
74793.3 8.15111e+17 6.34809 -1.54587 0 0 0 
74809.5 8.14795e+17 6.34628 -1.34523 0 0 0 
74825.7 8.14391e+17 6.34338 -0.937703 0 0 0 
74842 8.13907e+17 6.33957 -0.390326 0 0 0 
74858.2 8.13399e+17 6.33558 0.208704 0 0 0 
74874.4 8.12937e+17 6.33225 0.764265 0 0 0 
74890.7 8.12566e+17 6.33003 1.18954 0 0 0 
74906.9 8.12278e+17 6.32877 1.41975 0 0 0 
74923.1 8.12016e+17 6.32773 1.4222 0 0 0 
74939.4 8.11708e+17 6.32604 1.20106 0 0 0 
74955.6 8.11308e+17 6.32321 0.796064 0 0 0 
74971.9 8.10823e+17 6.31939 0.27555 0 0 0 
74988.1 8.1031e+17 6.31533 -0.275123 0 0 0 
75004.4 8.09844e+17 6.3119 -0.767693 0 0 0 
75020.6 8.09473e+17 6.30963 -1.12535 0 0 0 
75036.9 8.09189e+17 6.30839 -1.29492 0 0 0 
75053.1 8.08934e+17 6.30743 -1.25496 0 0 0 
75069.4 8.08632e+17 6.30584 -1.01839 0 0 0 
75085.6 8.08235e+17 6.30308 -0.629417 0 0 0 
75101.9 8.0775e+17 6.29927 -0.155426 0 0 0 
75118.2 8.07236e+17 6.29516 0.324826 0 0 0 
75134.4 8.06768e+17 6.29166 0.734471 0 0 0 
75150.7 8.06397e+17 6.28934 1.01108 0 0 0 
75167 8.06116e+17 6.2881 1.11633 0 0 0 
75183.3 8.05865e+17 6.2872 1.04134 0 0 0 
75199.5 8.05567e+17 6.2857 0.806821 0 0 0 
75215.8 8.05174e+17 6.28301 0.458273 0 0 0 
75232.1 8.0469e+17 6.27922 0.0572654 0 0 0 
75248.4 8.04176e+17 6.27508 -0.329576 0 0 0 
75264.7 8.03709e+17 6.27152 -0.64184 0 0 0 
75281 8.03338e+17 6.26916 -0.834926 0 0 0 
75297.3 8.03058e+17 6.26791 -0.886404 0 0 0 
75313.6 8.02808e+17 6.26704 -0.798209 0 0 0 
75329.9 8.02514e+17 6.2656 -0.594575 0 0 0 
75346.2 8.02123e+17 6.26298 -0.316337 0 0 0 
75362.5 8.01644e+17 6.25924 -0.0128651 0 0 0 
75378.8 8.01133e+17 6.25509 0.266802 0 0 0 
75395.1 8.00667e+17 6.2515 0.481982 0 0 0 
75411.4 8.00296e+17 6.24908 0.606208 0 0 0 
75427.7 8.00014e+17 6.2478 0.630096 0 0 0 
75444 7.99764e+17 6.24693 0.560992 0 0 0 
75460.3 7.99471e+17 6.24555 0.419801 0 0 0 
75476.6 7.99085e+17 6.243 0.235879 0 0 0 
75493 7.98611e+17 6.23932 0.0411314 0 0 0 
75509.3 7.98105e+17 6.23519 -0.135525 0 0 0 
75525.6 7.97641e+17 6.23157 -0.272357 0 0 0 
75542 7.97269e+17 6.2291 -0.357093 0 0 0 
75558.3 7.96985e+17 6.22777 -0.387153 0 0 0 
75574.6 7.96733e+17 6.2269 -0.368095 0 0 0 
75591 7.9644e+17 6.22556 -0.310924 0 0 0 
75607.3 7.96059e+17 6.22308 -0.228977 0 0 0 
75623.6 7.95592e+17 6.21947 -0.135157 0 0 0 
75640 7.95092e+17 6.21538 -0.0400217 0 0 0 
75656.3 7.94631e+17 6.21175 0.0489987 0 0 0 
75672.7 7.94258e+17 6.20922 0.127326 0 0 0 
75689 7.93969e+17 6.20783 0.192225 0 0 0 
75705.4 7.93713e+17 6.20693 0.241542 0 0 0 
75721.7 7.93421e+17 6.20562 0.272708 0 0 0 
75738.1 7.93045e+17 6.20322 0.28237 0 0 0 
75754.5 7.92586e+17 6.1997 0.266839 0 0 0 
75770.8 7.92095e+17 6.19566 0.223249 0 0 0 
75787.2 7.91637e+17 6.19201 0.15111 0 0 0 
75803.6 7.91262e+17 6.18943 0.0537704 0 0 0 
75819.9 7.90967e+17 6.18796 -0.0607054 0 0 0 
75836.3 7.90706e+17 6.18702 -0.179635 0 0 0 
75852.7 7.90414e+17 6.18574 -0.286972 0 0 0 
75869.1 7.90044e+17 6.18343 -0.365603 0 0 0 
75885.5 7.89596e+17 6.18 -0.400332 0 0 0 
75901.8 7.89113e+17 6.17603 -0.380959 0 0 0 
75918.2 7.88659e+17 6.17237 -0.304823 0 0 0 
75934.6 7.8828e+17 6.16972 -0.1782 0 0 0 
75951 7.87978e+17 6.16816 -0.0161911 0 0 0 
75967.4 7.87711e+17 6.16718 0.159039 0 0 0 
75983.8 7.8742e+17 6.16593 0.321427 0 0 0 
76000.2 7.87057e+17 6.16371 0.445099 0 0 0 
76016.6 7.8662e+17 6.16039 0.50868 0 0 0 
76033 7.86147e+17 6.15649 0.499069 0 0 0 
76049.4 7.85695e+17 6.15282 0.413999 0 0 0 
76065.8 7.85311e+17 6.15008 0.262917 0 0 0 
76082.2 7.85001e+17 6.14844 0.0659677 0 0 0 
76098.6 7.84728e+17 6.14741 -0.14876 0 0 0 
76115.1 7.84438e+17 6.14618 -0.349348 0 0 0 
76131.5 7.84085e+17 6.14407 -0.504866 0 0 0 
76147.9 7.8366e+17 6.14087 -0.590164 0 0 0 
76164.3 7.83196e+17 6.13703 -0.589902 0 0 0 
76180.7 7.82746e+17 6.13334 -0.501182 0 0 0 
76197.2 7.82355e+17 6.13052 -0.334374 0 0 0 
76213.6 7.82035e+17 6.12877 -0.111968 0 0 0 
76230 7.81757e+17 6.1277 0.134421 0 0 0 
76246.5 7.8147e+17 6.12652 0.3685 0 0 0 
76262.9 7.81127e+17 6.12452 0.55459 0 0 0 
76279.3 7.80716e+17 6.12144 0.663012 0 0 0 
76295.8 7.8026e+17 6.11765 0.674772 0 0 0 
76312.2 7.7981e+17 6.11393 0.584833 0 0 0 
76328.7 7.79411e+17 6.11101 0.403405 0 0 0 
76345.1 7.79081e+17 6.10917 0.154999 0 0 0 
76361.6 7.78798e+17 6.10807 -0.12475 0 0 0 
76378 7.78516e+17 6.10695 -0.394092 0 0 0 
76394.5 7.78186e+17 6.10506 -0.611332 0 0 0 
76411 7.77788e+17 6.1021 -0.741286 0 0 0 
76427.4 7.77339e+17 6.09835 -0.760996 0 0 0 
76443.9 7.76886e+17 6.09458 -0.663813 0 0 0 
76460.4 7.76477e+17 6.09156 -0.461085 0 0 0 
76476.8 7.76137e+17 6.08962 -0.181094 0 0 0 
76493.3 7.75853e+17 6.08851 0.134759 0 0 0 
76509.8 7.75578e+17 6.08747 0.438017 0 0 0 
76526.3 7.75262e+17 6.08571 0.680618 0 0 0 
76542.7 7.74877e+17 6.08285 0.822601 0 0 0 
76559.2 7.74432e+17 6.07912 0.838798 0 0 0 
76575.7 7.73973e+17 6.07528 0.723395 0 0 0 
76592.2 7.73553e+17 6.07215 0.491496 0 0 0 
76608.7 7.73205e+17 6.07014 0.177316 0 0 0 
76625.2 7.72921e+17 6.06904 -0.170832 0 0 0 
76641.7 7.72657e+17 6.06811 -0.498032 0 0 0 
76658.2 7.72356e+17 6.06647 -0.751584 0 0 0 
76674.7 7.71981e+17 6.06369 -0.889687 0 0 0 
76691.2 7.71537e+17 6.05995 -0.888519 0 0 0 
76707.7 7.71069e+17 6.05602 -0.746477 0 0 0 
76724.2 7.70638e+17 6.05277 -0.484772 0 0 0 
76740.7 7.70284e+17 6.05072 -0.144235 0 0 0 
76757.2 7.70005e+17 6.04968 0.221211 0 0 0 
76773.7 7.69755e+17 6.04886 0.553316 0 0 0 
76790.2 7.69468e+17 6.04735 0.799035 0 0 0 
76806.7 7.69101e+17 6.04461 0.919218 0 0 0 
76823.3 7.68653e+17 6.04082 0.894969 0 0 0 
76839.8 7.68174e+17 6.03678 0.730609 0 0 0 
76856.3 7.67732e+17 6.03344 0.452793 0 0 0 
76872.9 7.67376e+17 6.03138 0.10596 0 0 0 
76889.4 7.67107e+17 6.03042 -0.255042 0 0 0 
76905.9 7.66872e+17 6.02974 -0.573878 0 0 0 
76922.5 7.66598e+17 6.02833 -0.801684 0 0 0 
76939 7.66233e+17 6.0256 -0.90459 0 0 0 
76955.5 7.65777e+17 6.02172 -0.868648 0 0 0 
76972.1 7.65285e+17 6.01756 -0.701472 0 0 0 
76988.6 7.64836e+17 6.01416 -0.43047 0 0 0 
77005.2 7.64484e+17 6.01214 -0.0980899 0 0 0 
77021.7 7.64227e+17 6.0113 0.245024 0 0 0 
77038.3 7.64008e+17 6.01075 0.54783 0 0 0 
77054.8 7.63743e+17 6.0094 0.766417 0 0 0 
77071.4 7.63376e+17 6.00664 0.870161 0 0 0 
77088 7.62909e+17 6.00265 0.84571 0 0 0 
77104.5 7.62405e+17 5.99837 0.698341 0 0 0 
77121.1 7.61952e+17 5.99494 0.450674 0 0 0 
77137.7 7.61608e+17 5.99299 0.139057 0 0 0 
77154.2 7.61367e+17 5.9923 -0.191752 0 0 0 
77170.8 7.61162e+17 5.99188 -0.494846 0 0 0 
77187.4 7.60903e+17 5.99057 -0.72751 0 0 0 
77204 7.60529e+17 5.98772 -0.856875 0 0 0 
77220.5 7.60049e+17 5.98358 -0.864226 0 0 0 
77237.1 7.59534e+17 5.97921 -0.747486 0 0 0 
77253.7 7.59081e+17 5.97579 -0.521601 0 0 0 
77270.3 7.58749e+17 5.97396 -0.216809 0 0 0 
77286.9 7.58526e+17 5.97344 0.125088 0 0 0 
77303.5 7.58334e+17 5.97313 0.456019 0 0 0 
77320.1 7.58076e+17 5.97181 0.727989 0 0 0 
77336.7 7.57691e+17 5.96883 0.899717 0 0 0 
77353.3 7.57195e+17 5.96454 0.942751 0 0 0 
77369.9 7.56672e+17 5.96008 0.846196 0 0 0 
77386.5 7.56223e+17 5.95671 0.61926 0 0 0 
77403.1 7.55908e+17 5.95506 0.291072 0 0 0 
77419.7 7.55704e+17 5.95472 -0.0925086 0 0 0 
77436.3 7.55524e+17 5.9545 -0.474872 0 0 0 
77453 7.55262e+17 5.95311 -0.796771 0 0 0 
77469.6 7.54861e+17 5.94995 -1.00548 0 0 0 
77486.2 7.54349e+17 5.94549 -1.06358 0 0 0 
77502.8 7.5382e+17 5.94099 -0.955859 0 0 0 
77519.4 7.53381e+17 5.93774 -0.693061 0 0 0 
77536.1 7.53086e+17 5.9363 -0.311512 0 0 0 
77552.7 7.52903e+17 5.93615 0.131555 0 0 0 
77569.3 7.52729e+17 5.93597 0.566491 0 0 0 
77586 7.52457e+17 5.93445 0.922295 0 0 0 
77602.6 7.52037e+17 5.93109 1.13845 0 0 0 
77619.3 7.51509e+17 5.92647 1.17553 0 0 0 
77635.9 7.50979e+17 5.92196 1.02258 0 0 0 
77652.5 7.50557e+17 5.91888 0.699937 0 0 0 
77669.2 7.50286e+17 5.91768 0.256727 0 0 0 
77685.8 7.50121e+17 5.9177 -0.236655 0 0 0 
77702.5 7.49948e+17 5.91752 -0.699926 0 0 0 
77719.2 7.4966e+17 5.91582 -1.05625 0 0 0 
77735.8 7.49219e+17 5.91222 -1.24529 0 0 0 
77752.5 7.48677e+17 5.90746 -1.23359 0 0 0 
77769.1 7.48153e+17 5.90301 -1.02065 0 0 0 
77785.8 7.47752e+17 5.90015 -0.639339 0 0 0 
77802.5 7.47507e+17 5.89922 -0.150727 0 0 0 
77819.2 7.47355e+17 5.89938 0.36591 0 0 0 
77835.8 7.47178e+17 5.89912 0.826208 0 0 0 
77852.5 7.4687e+17 5.8972 1.15473 0 0 0 
77869.2 7.46407e+17 5.89335 1.29748 0 0 0 
77885.9 7.45857e+17 5.88849 1.23086 0 0 0 
77902.5 7.45343e+17 5.88415 0.965488 0 0 0 
77919.2 7.44967e+17 5.88156 0.544381 0 0 0 
77935.9 7.44746e+17 5.88089 0.0357582 0 0 0 
77952.6 7.44605e+17 5.88115 -0.478228 0 0 0 
77969.3 7.44417e+17 5.88078 -0.914943 0 0 0 
77986 7.44086e+17 5.87859 -1.20466 0 0 0 
78002.7 7.43602e+17 5.8745 -1.30167 0 0 0 
78019.4 7.43048e+17 5.86958 -1.19141 0 0 0 
78036.1 7.4255e+17 5.86541 -0.892437 0 0 0 
78052.8 7.42201e+17 5.86312 -0.453095 0 0 0 
78069.5 7.42004e+17 5.8627 0.056447 0 0 0 
78086.2 7.41868e+17 5.86302 0.555527 0 0 0 
78103 7.41666e+17 5.86247 0.965745 0 0 0 
78119.7 7.4131e+17 5.85998 1.22317 0 0 0 
78136.4 7.40807e+17 5.85566 1.28813 0 0 0 
78153.1 7.40252e+17 5.85073 1.15109 0 0 0 
78169.8 7.39775e+17 5.84678 0.833934 0 0 0 
78186.6 7.39455e+17 5.84482 0.386352 0 0 0 
78203.3 7.39279e+17 5.84464 -0.121887 0 0 0 
78220 7.39144e+17 5.84496 -0.611679 0 0 0 
78236.8 7.38922e+17 5.84417 -1.0067 0 0 0 
78253.5 7.38539e+17 5.84137 -1.24509 0 0 0 
78270.2 7.38019e+17 5.83685 -1.28904 0 0 0 
78287 7.37471e+17 5.83197 -1.13069 0 0 0 
78303.7 7.37019e+17 5.8283 -0.793671 0 0 0 
78320.5 7.3673e+17 5.82668 -0.329689 0 0 0 
78337.2 7.36572e+17 5.8267 0.189141 0 0 0 
78354 7.3643e+17 5.82695 0.681321 0 0 0 
78370.7 7.36184e+17 5.82589 1.06866 0 0 0 
78387.5 7.35774e+17 5.82276 1.28868 0 0 0 
78404.2 7.35243e+17 5.81808 1.30482 0 0 0 
78421 7.34706e+17 5.81331 1.11265 0 0 0 
78437.8 7.34284e+17 5.80996 0.741131 0 0 0 
78454.5 7.34024e+17 5.80867 0.248453 0 0 0 
78471.3 7.33878e+17 5.80884 -0.286992 0 0 0 
78488.1 7.33724e+17 5.80897 -0.779066 0 0 0 
78504.8 7.33451e+17 5.80759 -1.14786 0 0 0 
78521.6 7.33017e+17 5.80416 -1.33285 0 0 0 
78538.4 7.3248e+17 5.79938 -1.30305 0 0 0 
78555.2 7.31961e+17 5.79477 -1.0624 0 0 0 
78572 7.31569e+17 5.79177 -0.649362 0 0 0 
78588.8 7.31335e+17 5.7908 -0.130799 0 0 0 
78605.5 7.31194e+17 5.79107 0.408926 0 0 0 
78622.3 7.31025e+17 5.79102 0.881857 0 0 0 
78639.1 7.30724e+17 5.78931 1.21099 0 0 0 
78655.9 7.3027e+17 5.78559 1.34303 0 0 0 
78672.7 7.29734e+17 5.78075 1.25713 0 0 0 
78689.5 7.29236e+17 5.77637 0.968287 0 0 0 
78706.3 7.28873e+17 5.77372 0.524652 0 0 0 
78723.1 7.2866e+17 5.77304 -0.000632096 0 0 0 
78739.9 7.2852e+17 5.77335 -0.521705 0 0 0 
78756.8 7.28333e+17 5.77309 -0.954246 0 0 0 
78773.6 7.28008e+17 5.77103 -1.22931 0 0 0 
78790.4 7.27537e+17 5.76706 -1.30442 0 0 0 
78807.2 7.27004e+17 5.76221 -1.17007 0 0 0 
78824 7.26526e+17 5.75808 -0.850717 0 0 0 
78840.9 7.26191e+17 5.7558 -0.400122 0 0 0 
78857.7 7.25997e+17 5.75538 0.107914 0 0 0 
78874.5 7.25857e+17 5.7557 0.591882 0 0 0 
78891.3 7.25652e+17 5.75519 0.97576 0 0 0 
78908.2 7.25302e+17 5.75278 1.20093 0 0 0 
78925 7.24816e+17 5.74857 1.23495 0 0 0 
78941.9 7.24287e+17 5.74376 1.0759 0 0 0 
78958.7 7.23832e+17 5.73991 0.751804 0 0 0 
78975.5 7.23525e+17 5.73801 0.315496 0 0 0 
78992.4 7.23349e+17 5.73783 -0.164136 0 0 0 
79009.2 7.23207e+17 5.73811 -0.612998 0 0 0 
79026.1 7.22981e+17 5.7373 -0.963029 0 0 0 
79043 7.22605e+17 5.73453 -1.16219 0 0 0 
79059.8 7.22105e+17 5.73011 -1.18183 0 0 0 
79076.7 7.21582e+17 5.72539 -1.02046 0 0 0 
79093.5 7.21153e+17 5.72188 -0.703627 0 0 0 
79110.4 7.20876e+17 5.72036 -0.279875 0 0 0 
79127.3 7.20718e+17 5.72039 0.186439 0 0 0 
79144.1 7.2057e+17 5.72058 0.624585 0 0 0 
79161 7.2032e+17 5.71943 0.967812 0 0 0 
79177.9 7.19916e+17 5.71628 1.16322 0 0 0 
79194.8 7.19402e+17 5.71169 1.17977 0 0 0 
79211.6 7.18891e+17 5.70712 1.01326 0 0 0 
79228.5 7.18492e+17 5.704 0.687469 0 0 0 
79245.4 7.18247e+17 5.70287 0.251107 0 0 0 
79262.3 7.18103e+17 5.70306 -0.229089 0 0 0 
79279.2 7.17943e+17 5.70308 -0.678277 0 0 0 
79296.1 7.17664e+17 5.70154 -1.02504 0 0 0 
79313 7.17232e+17 5.69802 -1.21275 0 0 0 
79329.9 7.1671e+17 5.69332 -1.20904 0 0 0 
79346.8 7.16217e+17 5.68897 -1.01159 0 0 0 
79363.7 7.15852e+17 5.68628 -0.649321 0 0 0 
79380.6 7.15637e+17 5.68554 -0.17842 0 0 0 
79397.5 7.15502e+17 5.68583 0.326186 0 0 0 
79414.4 7.15325e+17 5.6856 0.782761 0 0 0 
79431.3 7.15013e+17 5.68362 1.11613 0 0 0 
79448.2 7.14555e+17 5.67975 1.27031 0 0 0 
79465.2 7.1403e+17 5.67501 1.21817 0 0 0 
79482.1 7.13559e+17 5.67097 0.966423 0 0 0 
79499 7.13232e+17 5.66874 0.55504 0 0 0 
79515.9 7.13047e+17 5.66835 0.0509157 0 0 0 
79532.9 7.12915e+17 5.66866 -0.463083 0 0 0 
79549.8 7.12715e+17 5.6681 -0.901952 0 0 0 
79566.7 7.12367e+17 5.66566 -1.19289 0 0 0 
79583.7 7.11883e+17 5.66148 -1.28763 0 0 0 
79600.6 7.11361e+17 5.65679 -1.17071 0 0 0 
79617.5 7.10921e+17 5.65313 -0.862018 0 0 0 
79634.5 7.10635e+17 5.65141 -0.413416 0 0 0 
79651.4 7.10477e+17 5.65131 0.100206 0 0 0 
79668.4 7.10342e+17 5.65154 0.593705 0 0 0 
79685.3 7.1011e+17 5.65057 0.986109 0 0 0 
79702.3 7.09722e+17 5.64764 1.21415 0 0 0 
79719.2 7.09216e+17 5.64322 1.24256 0 0 0 
79736.2 7.08706e+17 5.63869 1.06948 0 0 0 
79753.2 7.08306e+17 5.63551 0.72608 0 0 0 
79770.1 7.08064e+17 5.63428 0.270668 0 0 0 
79787.1 7.07927e+17 5.6344 -0.221516 0 0 0 
79804.1 7.07776e+17 5.63441 -0.67099 0 0 0 
79821 7.07502e+17 5.63294 -1.00699 0 0 0 
79838 7.07073e+17 5.62955 -1.17849 0 0 0 
79855 7.06556e+17 5.625 -1.16173 0 0 0 
79872 7.06072e+17 5.62077 -0.962998 0 0 0 
79888.9 7.05722e+17 5.61813 -0.616706 0 0 0 
79905.9 7.05521e+17 5.61736 -0.179189 0 0 0 
79922.9 7.05392e+17 5.61755 0.280566 0 0 0 
79939.9 7.0521e+17 5.61722 0.691701 0 0 0 
79956.9 7.04887e+17 5.61521 0.992107 0 0 0 
79973.9 7.04425e+17 5.61143 1.1374 0 0 0 
79990.9 7.03912e+17 5.6069 1.10706 0 0 0 
80007.9 7.03468e+17 5.60309 0.906987 0 0 0 
80024.9 7.0317e+17 5.60102 0.568275 0 0 0 
80041.9 7.03e+17 5.60059 0.142494 0 0 0 
80058.9 7.0286e+17 5.6007 -0.305893 0 0 0 
80075.9 7.02636e+17 5.59991 -0.708889 0 0 0 
80092.9 7.02266e+17 5.59737 -1.00486 0 0 0 
80109.9 7.01785e+17 5.59333 -1.14767 0 0 0 
80127 7.01293e+17 5.58898 -1.11368 0 0 0 
80144 7.00899e+17 5.58568 -0.905768 0 0 0 
80161 7.00647e+17 5.58413 -0.553426 0 0 0 
80178 7.0049e+17 5.5839 -0.109026 0 0 0 
80195.1 7.00324e+17 5.58377 0.359572 0 0 0 
80212.1 7.00053e+17 5.58247 0.779036 0 0 0 
80229.1 6.99647e+17 5.57948 1.08183 0 0 0 
80246.2 6.99164e+17 5.57534 1.21707 0 0 0 
80263.2 6.98707e+17 5.57131 1.15917 0 0 0 
80280.2 6.98362e+17 5.56854 0.912883 0 0 0 
80297.3 6.98142e+17 5.56739 0.513589 0 0 0 
80314.3 6.97982e+17 5.56721 0.0226545 0 0 0 
80331.4 6.97781e+17 5.56674 -0.481732 0 0 0 
80348.4 6.97467e+17 5.56494 -0.916893 0 0 0 
80365.5 6.97039e+17 5.56161 -1.20927 0 0 0 
80382.5 6.96569e+17 5.55753 -1.30703 0 0 0 
80399.6 6.96152e+17 5.55389 -1.18956 0 0 0 
80416.6 6.95849e+17 5.55161 -0.871864 0 0 0 
80433.7 6.95647e+17 5.55075 -0.403128 0 0 0 
80450.8 6.95472e+17 5.55046 0.140712 0 0 0 
80467.8 6.95233e+17 5.54959 0.669277 0 0 0 
80484.9 6.94885e+17 5.54735 1.09291 0 0 0 
80502 6.94448e+17 5.54384 1.33814 0 0 0 
80519.1 6.94001e+17 5.53992 1.36071 0 0 0 
80536.1 6.93625e+17 5.53671 1.15379 0 0 0 
80553.2 6.93354e+17 5.53485 0.749781 0 0 0 
80570.3 6.93158e+17 5.53413 0.215279 0 0 0 
80587.4 6.92959e+17 5.53364 -0.360005 0 0 0 
80604.5 6.92684e+17 5.53236 -0.878525 0 0 0 
80621.6 6.92311e+17 5.52977 -1.25169 0 0 0 
80638.7 6.91878e+17 5.5262 -1.4152 0 0 0 
80655.8 6.91461e+17 5.52255 -1.34027 0 0 0 
80672.9 6.91122e+17 5.51975 -1.03868 0 0 0 
80690 6.90874e+17 5.5182 -0.560849 0 0 0 
80707.1 6.90671e+17 5.5175 0.0127463 0 0 0 
80724.2 6.90442e+17 5.51673 0.585287 0 0 0 
80741.3 6.90137e+17 5.51508 1.06009 0 0 0 
80758.4 6.89751e+17 5.51226 1.357 0 0 0 
80775.5 6.89334e+17 5.50874 1.4259 0 0 0 
80792.6 6.8895e+17 5.5054 1.25512 0 0 0 
80809.8 6.88641e+17 5.50296 0.873311 0 0 0 
80826.9 6.884e+17 5.5016 0.344569 0 0 0 
80844 6.88181e+17 5.5008 -0.242342 0 0 0 
80861.1 6.87924e+17 5.49975 -0.788882 0 0 0 
80878.3 6.87597e+17 5.4978 -1.20322 0 0 0 
80895.4 6.87213e+17 5.49488 -1.41561 0 0 0 
80912.5 6.86818e+17 5.4915 -1.39009 0 0 0 
80929.7 6.86463e+17 5.48844 -1.13056 0 0 0 
80946.8 6.86172e+17 5.48627 -0.680282 0 0 0 
80964 6.85927e+17 5.48498 -0.114754 0 0 0 
80981.1 6.85687e+17 5.48405 0.470855 0 0 0 
80998.3 6.85408e+17 5.48275 0.977625 0 0 0 
81015.4 6.85073e+17 5.4806 1.31957 0 0 0 
81032.6 6.84701e+17 5.47766 1.43827 0 0 0 
81049.7 6.84329e+17 5.47445 1.31296 0 0 0 
81066.9 6.83994e+17 5.47163 0.964306 0 0 0 
81084 6.83707e+17 5.46961 0.451171 0 0 0 
81101.2 6.83452e+17 5.46833 -0.1392 0 0 0 
81118.4 6.83194e+17 5.46726 -0.705941 0 0 0 
81135.5 6.82904e+17 5.46578 -1.15182 0 0 0 
81152.7 6.82573e+17 5.46354 -1.40005 0 0 0 
81169.9 6.82215e+17 5.46062 -1.40766 0 0 0 
81187.1 6.8186e+17 5.45754 -1.1732 0 0 0 
81204.2 6.81533e+17 5.45488 -0.737173 0 0 0 
81221.4 6.81243e+17 5.45296 -0.175219 0 0 0 
81238.6 6.80976e+17 5.45166 0.41498 0 0 0 
81255.8 6.8071e+17 5.4505 0.930758 0 0 0 
81273 6.8042e+17 5.44892 1.28252 0 0 0 
81290.2 6.80097e+17 5.44662 1.40956 0 0 0 
81307.4 6.79751e+17 5.44373 1.29086 0 0 0 
81324.6 6.79403e+17 5.44073 0.948773 0 0 0 
81341.8 6.79075e+17 5.43815 0.444961 0 0 0 
81359 6.78778e+17 5.43629 -0.130715 0 0 0 
81376.2 6.78507e+17 5.43501 -0.676412 0 0 0 
81393.4 6.78241e+17 5.43382 -1.09662 0 0 0 
81410.6 6.77959e+17 5.4322 -1.31923 0 0 0 
81427.8 6.77645e+17 5.42985 -1.30823 0 0 0 
81445 6.77303e+17 5.42693 -1.06967 0 0 0 
81462.2 6.76952e+17 5.42394 -0.649928 0 0 0 
81479.5 6.76617e+17 5.42142 -0.126592 0 0 0 
81496.7 6.76317e+17 5.41964 0.406132 0 0 0 
81513.9 6.7605e+17 5.41844 0.854752 0 0 0 
81531.1 6.75795e+17 5.41729 1.14324 0 0 0 
81548.4 6.75522e+17 5.41562 1.22614 0 0 0 
81565.6 6.7521e+17 5.41317 1.09566 0 0 0 
81582.8 6.74861e+17 5.41016 0.781718 0 0 0 
81600.1 6.745e+17 5.40714 0.345188 0 0 0 
81617.3 6.7416e+17 5.40469 -0.134192 0 0 0 
81634.6 6.73867e+17 5.40308 -0.572679 0 0 0 
81651.8 6.73615e+17 5.40202 -0.897375 0 0 0 
81669.1 6.73375e+17 5.40092 -1.05835 0 0 0 
81686.3 6.73107e+17 5.39915 -1.03602 0 0 0 
81703.6 6.72785e+17 5.39652 -0.842802 0 0 0 
81720.8 6.72419e+17 5.39335 -0.519108 0 0 0 
81738.1 6.72046e+17 5.39032 -0.124794 0 0 0 
81755.3 6.71711e+17 5.38804 0.272062 0 0 0 
81772.6 6.71437e+17 5.38667 0.606939 0 0 0 
81789.9 6.71208e+17 5.3858 0.829162 0 0 0 
81807.1 6.7098e+17 5.38468 0.909114 0 0 0 
81824.4 6.70703e+17 5.38271 0.841464 0 0 0 
81841.7 6.70358e+17 5.37981 0.644293 0 0 0 
81859 6.69971e+17 5.37648 0.354642 0 0 0 
81876.2 6.69596e+17 5.37353 0.0215651 0 0 0 
81893.5 6.69281e+17 5.37154 -0.302034 0 0 0 
81910.8 6.69037e+17 5.37049 -0.567447 0 0 0 
81928.1 6.6883e+17 5.36976 -0.736956 0 0 0 
81945.4 6.68598e+17 5.36851 -0.788595 0 0 0 
81962.7 6.68297e+17 5.36621 -0.718437 0 0 0 
81980 6.67924e+17 5.36301 -0.540336 0 0 0 
81997.3 6.67524e+17 5.35961 -0.283364 0 0 0 
82014.6 6.67163e+17 5.35688 0.0126167 0 0 0 
82031.9 6.66881e+17 5.35528 0.302667 0 0 0 
82049.2 6.66667e+17 5.35453 0.543067 0 0 0 
82066.5 6.66468e+17 5.35383 0.697475 0 0 0 
82083.8 6.66218e+17 5.3523 0.742207 0 0 0 
82101.1 6.65884e+17 5.34961 0.66993 0 0 0 
82118.4 6.65488e+17 5.34614 0.49117 0 0 0 
82135.8 6.65092e+17 5.34281 0.233267 0 0 0 
82153.1 6.64758e+17 5.34045 -0.0632936 0 0 0 
82170.4 6.6451e+17 5.33927 -0.350839 0 0 0 
82187.7 6.64317e+17 5.33875 -0.581997 0 0 0 
82205.1 6.64111e+17 5.33791 -0.717591 0 0 0 
82222.4 6.63834e+17 5.336 -0.733611 0 0 0 
82239.7 6.6347e+17 5.3329 -0.625918 0 0 0 
82257.1 6.63062e+17 5.32929 -0.411682 0 0 0 
82274.4 6.6268e+17 5.32617 -0.127015 0 0 0 
82291.7 6.62378e+17 5.32426 0.178957 0 0 0 
82309.1 6.62161e+17 5.32348 0.452676 0 0 0 
82326.4 6.61979e+17 5.32306 0.645864 0 0 0 
82343.8 6.61758e+17 5.32196 0.724494 0 0 0 
82361.1 6.6145e+17 5.31958 0.675269 0 0 0 
82378.5 6.6106e+17 5.31612 0.508231 0 0 0 
82395.8 6.60648e+17 5.3125 0.254914 0 0 0 
82413.2 6.60286e+17 5.30973 -0.037651 0 0 0 
82430.6 6.6002e+17 5.30832 -0.315941 0 0 0 
82447.9 6.59832e+17 5.3079 -0.530139 0 0 0 
82465.3 6.59655e+17 5.30743 -0.643496 0 0 0 
82482.7 6.59411e+17 5.30593 -0.638986 0 0 0 
82500.1 6.59067e+17 5.30304 -0.521965 0 0 0 
82517.4 6.58652e+17 5.29929 -0.318397 0 0 0 
82534.8 6.58242e+17 5.29581 -0.0691098 0 0 0 
82552.2 6.57913e+17 5.29354 0.178615 0 0 0 
82569.6 6.57691e+17 5.29268 0.380351 0 0 0 
82587 6.57529e+17 5.29249 0.502809 0 0 0 
82604.3 6.57344e+17 5.2918 0.529498 0 0 0 
82621.7 6.57062e+17 5.28975 0.462741 0 0 0 
82639.1 6.56674e+17 5.28633 0.321889 0 0 0 
82656.5 6.5624e+17 5.28246 0.138304 0 0 0 
82673.9 6.55853e+17 5.27933 -0.0516293 0 0 0 
82691.3 6.55574e+17 5.2777 -0.213911 0 0 0 
82708.7 6.55398e+17 5.27733 -0.323191 0 0 0 
82726.1 6.55249e+17 5.27718 -0.366718 0 0 0 
82743.6 6.55031e+17 5.27603 -0.345348 0 0 0 
82761 6.54695e+17 5.27333 -0.271693 0 0 0 
82778.4 6.54269e+17 5.26951 -0.166086 0 0 0 
82795.8 6.53841e+17 5.26575 -0.0514592 0 0 0 
82813.2 6.53501e+17 5.2632 0.0516275 0 0 0 
82830.6 6.53281e+17 5.26223 0.128732 0 0 0 
82848.1 6.53135e+17 5.26218 0.173354 0 0 0 
82865.5 6.52967e+17 5.26179 0.186668 0 0 0 
82882.9 6.52696e+17 5.26001 0.175515 0 0 0 
82900.4 6.52309e+17 5.25669 0.149375 0 0 0 
82917.8 6.51871e+17 5.2527 0.117239 0 0 0 
82935.2 6.51479e+17 5.24932 0.0852224 0 0 0 
82952.7 6.51198e+17 5.24747 0.0554792 0 0 0 
82970.1 6.51021e+17 5.24706 0.0265871 0 0 0 
82987.6 6.50874e+17 5.24707 -0.00485055 0 0 0 
83005 6.50664e+17 5.2462 -0.0419657 0 0 0 
83022.5 6.50341e+17 5.24374 -0.0854752 0 0 0 
83039.9 6.49929e+17 5.23998 -0.1323 0 0 0 
83057.4 6.49508e+17 5.23608 -0.175404 0 0 0 
83074.8 6.49161e+17 5.23327 -0.204966 0 0 0 
83092.3 6.48925e+17 5.23209 -0.210632 0 0 0 
83109.8 6.48764e+17 5.23203 -0.184322 0 0 0 
83127.2 6.48598e+17 5.23186 -0.122879 0 0 0 
83144.7 6.4835e+17 5.23041 -0.0299074 0 0 0 
83162.2 6.47995e+17 5.22734 0.0837353 0 0 0 
83179.7 6.47577e+17 5.22334 0.201008 0 0 0 
83197.1 6.47176e+17 5.2197 0.301235 0 0 0 
83214.6 6.46864e+17 5.21751 0.363732 0 0 0 
83232.1 6.46657e+17 5.21692 0.37187 0 0 0 
83249.6 6.46505e+17 5.21706 0.316822 0 0 0 
83267.1 6.46326e+17 5.21657 0.200257 0 0 0 
83284.6 6.4605e+17 5.21449 0.0353479 0 0 0 
83302.1 6.45669e+17 5.21086 -0.154252 0 0 0 
83319.6 6.45239e+17 5.20674 -0.337513 0 0 0 
83337.1 6.44851e+17 5.20352 -0.480871 0 0 0 
83354.6 6.44572e+17 5.20203 -0.554138 0 0 0 
83372.1 6.44402e+17 5.202 -0.536494 0 0 0 
83389.6 6.44271e+17 5.2022 -0.421469 0 0 0 
83407.1 6.44079e+17 5.20122 -0.219826 0 0 0 
83424.6 6.43763e+17 5.19839 0.0404786 0 0 0 
83442.1 6.43336e+17 5.19424 0.317607 0 0 0 
83459.6 6.42888e+17 5.19018 0.562223 0 0 0 
83477.1 6.42527e+17 5.1876 0.726061 0 0 0 
83494.7 6.42308e+17 5.18695 0.771256 0 0 0 
83512.2 6.42194e+17 5.18741 0.678683 0 0 0 
83529.7 6.42076e+17 5.18741 0.453519 0 0 0 
83547.3 6.4184e+17 5.18564 0.12661 0 0 0 
83564.8 6.41449e+17 5.18193 -0.249079 0 0 0 
83582.3 6.4097e+17 5.17742 -0.606725 0 0 0 
83599.9 6.40533e+17 5.17378 -0.877421 0 0 0 
83617.4 6.40244e+17 5.17217 -1.00341 0 0 0 
83634.9 6.40112e+17 5.17241 -0.950283 0 0 0 
83652.5 6.4004e+17 5.17308 -0.715501 0 0 0 
83670 6.39884e+17 5.17243 -0.331348 0 0 0 
83687.6 6.39557e+17 5.16957 0.138857 0 0 0 
83705.1 6.39084e+17 5.16508 0.610964 0 0 0 
83722.7 6.38593e+17 5.16063 0.995061 0 0 0 
83740.3 6.38226e+17 5.15791 1.21271 0 0 0 
83757.8 6.38044e+17 5.15746 1.213 0 0 0 
83775.4 6.37981e+17 5.15833 0.984189 0 0 0 
83793 6.3789e+17 5.15864 0.558182 0 0 0 
83810.5 6.37643e+17 5.15689 0.00667122 0 0 0 
83828.1 6.37214e+17 5.15293 -0.570858 0 0 0 
83845.7 6.36703e+17 5.14808 -1.06524 0 0 0 
83863.3 6.36265e+17 5.1443 -1.37851 0 0 0 
83880.8 6.36007e+17 5.14282 -1.44356 0 0 0 
83898.4 6.35913e+17 5.14337 -1.2385 0 0 0 
83916 6.35859e+17 5.14432 -0.792635 0 0 0 
83933.6 6.35693e+17 5.14373 -0.182646 0 0 0 
83951.2 6.3534e+17 5.14071 0.480761 0 0 0 
83968.8 6.3485e+17 5.13596 1.07327 0 0 0 
83986.4 6.34362e+17 5.13136 1.48064 0 0 0 
84004 6.34016e+17 5.12868 1.62102 0 0 0 
84021.6 6.33855e+17 5.12846 1.46145 0 0 0 
84039.2 6.33801e+17 5.12956 1.02528 0 0 0 
84056.8 6.33706e+17 5.13 0.388719 0 0 0 
84074.4 6.33449e+17 5.1282 -0.33277 0 0 0 
84092 6.33016e+17 5.12405 -1.00584 0 0 0 
84109.6 6.32508e+17 5.11902 -1.50425 0 0 0 
84127.2 6.32077e+17 5.11518 -1.73276 0 0 0 
84144.9 6.31822e+17 5.11382 -1.64533 0 0 0 
84162.5 6.31731e+17 5.1146 -1.2541 0 0 0 
84180.1 6.31683e+17 5.11574 -0.627565 0 0 0 
84197.7 6.31529e+17 5.11522 0.121743 0 0 0 
84215.4 6.31184e+17 5.11208 0.857829 0 0 0 
84233 6.30691e+17 5.10711 1.4461 0 0 0 
84250.6 6.30189e+17 5.10233 1.778 0 0 0 
84268.3 6.29829e+17 5.09966 1.7909 0 0 0 
84285.9 6.29669e+17 5.09966 1.47967 0 0 0 
84303.6 6.29638e+17 5.10108 0.897775 0 0 0 
84321.2 6.29576e+17 5.10171 0.14789 0 0 0 
84338.9 6.29337e+17 5.09985 -0.63637 0 0 0 
84356.5 6.28891e+17 5.0954 -1.31428 0 0 0 
84374.2 6.28347e+17 5.09005 -1.76315 0 0 0 
84391.8 6.27884e+17 5.08611 -1.90034 0 0 0 
84409.5 6.27634e+17 5.08499 -1.69823 0 0 0 
84427.2 6.27587e+17 5.08621 -1.18956 0 0 0 
84444.8 6.27593e+17 5.0877 -0.462039 0 0 0 
84462.5 6.27461e+17 5.08716 0.356731 0 0 0 
84480.2 6.27088e+17 5.08364 1.12154 0 0 0 
84497.8 6.26535e+17 5.07818 1.69515 0 0 0 
84515.5 6.2599e+17 5.0732 1.97274 0 0 0 
84533.2 6.25642e+17 5.0708 1.90088 0 0 0 
84550.9 6.25548e+17 5.07137 1.4877 0 0 0 
84568.5 6.2559e+17 5.07328 0.802293 0 0 0 
84586.2 6.2555e+17 5.07394 -0.0366615 0 0 0 
84603.9 6.25265e+17 5.0716 -0.881232 0 0 0 
84621.6 6.24738e+17 5.06652 -1.58011 0 0 0 
84639.3 6.24143e+17 5.06088 -2.00557 0 0 0 
84657 6.23703e+17 5.05722 -2.07673 0 0 0 
84674.7 6.23539e+17 5.0568 -1.77492 0 0 0 
84692.4 6.23577e+17 5.05863 -1.14829 0 0 0 
84710.1 6.23603e+17 5.06018 -0.304464 0 0 0 
84727.8 6.23409e+17 5.05911 0.607659 0 0 0 
84745.5 6.22941e+17 5.05485 1.42402 0 0 0 
84763.2 6.22334e+17 5.04901 1.99486 0 0 0 
84781 6.21823e+17 5.04431 2.2123 0 0 0 
84798.7 6.21573e+17 5.04267 2.03091 0 0 0 
84816.4 6.2157e+17 5.04395 1.47733 0 0 0 
84834.1 6.21625e+17 5.04598 0.646774 0 0 0 
84851.9 6.21514e+17 5.0461 -0.313123 0 0 0 
84869.6 6.21128e+17 5.04295 -1.22858 0 0 0 
84887.3 6.20552e+17 5.03743 -1.93133 0 0 0 
84905 6.19997e+17 5.03201 -2.28979 0 0 0 
84922.8 6.1966e+17 5.02913 -2.23402 0 0 0 
84940.5 6.19581e+17 5.02944 -1.76953 0 0 0 
84958.3 6.19626e+17 5.03146 -0.977178 0 0 0 
84976 6.19579e+17 5.03254 0.000956055 0 0 0 
84993.8 6.19292e+17 5.03069 0.987305 0 0 0 
85011.5 6.18782e+17 5.02593 1.80137 0 0 0 
85029.3 6.18218e+17 5.02023 2.29305 0 0 0 
85047 6.17799e+17 5.0162 2.3705 0 0 0 
85064.8 6.17622e+17 5.01528 2.01724 0 0 0 
85082.5 6.1762e+17 5.01683 1.29547 0 0 0 
85100.3 6.17612e+17 5.01852 0.334788 0 0 0 
85118.1 6.17426e+17 5.01797 -0.691357 0 0 0 
85135.8 6.17012e+17 5.01432 -1.59725 0 0 0 
85153.6 6.16472e+17 5.00879 -2.21861 0 0 0 
85171.4 6.15988e+17 5.00386 -2.44229 0 0 0 
85189.2 6.15701e+17 5.0016 -2.22667 0 0 0 
85206.9 6.15622e+17 5.00227 -1.60907 0 0 0 
85224.7 6.15625e+17 5.00417 -0.699036 0 0 0 
85242.5 6.15532e+17 5.00478 0.341258 0 0 0 
85260.3 6.1523e+17 5.00245 1.32592 0 0 0 
85278.1 6.14743e+17 4.9975 2.07839 0 0 0 
85295.9 6.14216e+17 4.99202 2.46281 0 0 0 
85313.7 6.13822e+17 4.98846 2.40826 0 0 0 
85331.5 6.13647e+17 4.98798 1.92156 0 0 0 
85349.3 6.13633e+17 4.98967 1.08647 0 0 0 
85367.1 6.13615e+17 4.99116 0.0493503 0 0 0 
85384.9 6.13427e+17 4.99019 -1.00622 0 0 0 
85402.7 6.13014e+17 4.98616 -1.89163 0 0 0 
85420.5 6.12471e+17 4.98053 -2.44657 0 0 0 
85438.3 6.11985e+17 4.97587 -2.56779 0 0 0 
85456.1 6.11707e+17 4.97411 -2.22813 0 0 0 
85474 6.11653e+17 4.97522 -1.48252 0 0 0 
85491.8 6.11683e+17 4.97722 -0.459409 0 0 0 
85509.6 6.11598e+17 4.97749 0.66089 0 0 0 
85527.4 6.1127e+17 4.97458 1.67752 0 0 0 
85545.3 6.10739e+17 4.9692 2.40477 0 0 0 
85563.1 6.10186e+17 4.96377 2.70577 0 0 0 
85580.9 6.09812e+17 4.96076 2.51833 0 0 0 
85598.8 6.09699e+17 4.961 1.86786 0 0 0 
85616.6 6.09747e+17 4.9631 0.864775 0 0 0 
85634.4 6.09741e+17 4.96436 -0.313599 0 0 0 
85652.3 6.09501e+17 4.96265 -1.45391 0 0 0 
85670.1 6.09007e+17 4.95789 -2.34518 0 0 0 
85688 6.0842e+17 4.95207 -2.81782 0 0 0 
85705.9 6.07967e+17 4.94796 -2.77622 0 0 0 
85723.7 6.07783e+17 4.94715 -2.21842 0 0 0 
85741.6 6.07816e+17 4.94893 -1.23884 0 0 0 
85759.4 6.07859e+17 4.95084 -0.0129407 0 0 0 
85777.3 6.07698e+17 4.95029 1.2339 0 0 0 
85795.2 6.07264e+17 4.94642 2.26784 0 0 0 
85813 6.06679e+17 4.94065 2.89079 0 0 0 
85830.9 6.06171e+17 4.93572 2.97888 0 0 0 
85848.8 6.05913e+17 4.93377 2.50762 0 0 0 
85866.7 6.059e+17 4.93488 1.5585 0 0 0 
85884.5 6.05957e+17 4.93702 0.305251 0 0 0 
85902.4 6.05861e+17 4.93747 -1.01796 0 0 0 
85920.3 6.05503e+17 4.93469 -2.16068 0 0 0 
85938.2 6.04955e+17 4.92938 -2.90413 0 0 0 
85956.1 6.04421e+17 4.92396 -3.10368 0 0 0 
85974 6.0409e+17 4.92091 -2.71748 0 0 0 
85991.9 6.04007e+17 4.92106 -1.81539 0 0 0 
86009.8 6.04043e+17 4.92303 -0.566324 0 0 0 
86027.7 6.03994e+17 4.92423 0.793725 0 0 0 
86045.6 6.0372e+17 4.92262 2.00677 0 0 0 
86063.5 6.03239e+17 4.91811 2.84232 0 0 0 
86081.4 6.02709e+17 4.91257 3.14163 0 0 0 
86099.3 6.02313e+17 4.90857 2.8481 0 0 0 
86117.2 6.0214e+17 4.90758 2.01795 0 0 0 
86135.2 6.02126e+17 4.90901 0.809263 0 0 0 
86153.1 6.02103e+17 4.91066 -0.548565 0 0 0 
86171 6.01917e+17 4.9102 -1.79874 0 0 0 
86188.9 6.01525e+17 4.90673 -2.70604 0 0 0 
86206.9 6.01023e+17 4.90144 -3.10126 0 0 0 
86224.8 6.00575e+17 4.89669 -2.91285 0 0 0 
86242.7 6.00304e+17 4.89448 -2.17971 0 0 0 
86260.7 6.00217e+17 4.89509 -1.04297 0 0 0 
86278.6 6.00199e+17 4.89688 0.281423 0 0 0 
86296.6 6.00095e+17 4.89742 1.54403 0 0 0 
86314.5 5.99805e+17 4.89515 2.50911 0 0 0 
86332.4 5.99352e+17 4.8904 2.99869 0 0 0 
86350.4 5.98867e+17 4.88517 2.92539 0 0 0 
86368.4 5.98499e+17 4.88181 2.30784 0 0 0 
86386.3 5.98326e+17 4.88139 1.26613 0 0 0 
86404.3 5.98295e+17 4.88301 -0.00175702 0 0 0 
86422.2 5.9826e+17 4.88436 -1.25768 0 0 0 
86440.2 5.98073e+17 4.8833 -2.26821 0 0 0 
86458.2 5.97684e+17 4.87933 -2.848 0 0 0 
86476.1 5.97179e+17 4.87392 -2.89378 0 0 0 
86494.1 5.96726e+17 4.86955 -2.4026 0 0 0 
86512.1 5.96462e+17 4.86801 -1.47123 0 0 0 
86530.1 5.96402e+17 4.86918 -0.277074 0 0 0 
86548 5.96418e+17 4.87107 0.955692 0 0 0 
86566 5.96325e+17 4.87115 1.99823 0 0 0 
86584 5.96008e+17 4.86812 2.65952 0 0 0 
86602 5.95502e+17 4.86281 2.82139 0 0 0 
86620 5.94981e+17 4.85766 2.45958 0 0 0 
86638 5.94633e+17 4.85501 1.6472 0 0 0 
86656 5.9453e+17 4.85553 0.540041 0 0 0 
86674 5.94575e+17 4.85765 -0.65326 0 0 0 
86692 5.9456e+17 4.85869 -1.71064 0 0 0 
86710 5.94315e+17 4.85667 -2.43802 0 0 0 
86728 5.93829e+17 4.85174 -2.70511 0 0 0 
86746 5.93263e+17 4.84609 -2.46886 0 0 0 
86764 5.92841e+17 4.84244 -1.78032 0 0 0 
86782 5.92687e+17 4.84214 -0.773813 0 0 0 
86800.1 5.92737e+17 4.8442 0.359335 0 0 0 
86818.1 5.92778e+17 4.84595 1.40744 0 0 0 
86836.1 5.92601e+17 4.84493 2.17832 0 0 0 
86854.1 5.92151e+17 4.8406 2.5348 0 0 0 
86872.2 5.91568e+17 4.83476 2.41922 0 0 0 
86890.2 5.91089e+17 4.83028 1.86255 0 0 0 
86908.2 5.90878e+17 4.82908 0.976566 0 0 0 
86926.3 5.90909e+17 4.83079 -0.0688513 0 0 0 
86944.3 5.90981e+17 4.83298 -1.07873 0 0 0 
86962.3 5.90865e+17 4.83288 -1.86973 0 0 0 
86980.4 5.90466e+17 4.82934 -2.30359 0 0 0 
86998.4 5.89892e+17 4.82362 -2.31107 0 0 0 
87016.5 5.89375e+17 4.81852 -1.90237 0 0 0 
87034.5 5.89104e+17 4.81639 -1.16249 0 0 0 
87052.6 5.89094e+17 4.81751 -0.233285 0 0 0 
87070.7 5.89172e+17 4.81984 0.714187 0 0 0 
87088.7 5.89107e+17 4.82053 1.51124 0 0 0 
87106.8 5.88772e+17 4.81788 2.02139 0 0 0 
87124.9 5.88231e+17 4.81256 2.1631 0 0 0 
87142.9 5.87694e+17 4.80709 1.92187 0 0 0 
87161 5.87364e+17 4.80408 1.35015 0 0 0 
87179.1 5.87295e+17 4.80441 0.555798 0 0 0 
87197.1 5.87357e+17 4.80661 -0.318417 0 0 0 
87215.2 5.87332e+17 4.80792 -1.1202 0 0 0 
87233.3 5.87068e+17 4.80622 -1.7137 0 0 0 
87251.4 5.8658e+17 4.80152 -2.00168 0 0 0 
87269.5 5.86041e+17 4.79592 -1.9406 0 0 0 
87287.6 5.85655e+17 4.79211 -1.54647 0 0 0 
87305.7 5.85515e+17 4.79154 -0.890871 0 0 0 
87323.8 5.85543e+17 4.79338 -0.0881528 0 0 0 
87341.9 5.85547e+17 4.79511 0.723952 0 0 0 
87360 5.85355e+17 4.79435 1.40723 0 0 0 
87378.1 5.84933e+17 4.79044 1.84574 0 0 0 
87396.2 5.84407e+17 4.78493 1.9649 0 0 0 
87414.3 5.83971e+17 4.78046 1.74388 0 0 0 
87432.4 5.83755e+17 4.77894 1.21944 0 0 0 
87450.5 5.83737e+17 4.78022 0.480241 0 0 0 
87468.6 5.83758e+17 4.78218 -0.347387 0 0 0 
87486.8 5.83635e+17 4.78228 -1.12031 0 0 0 
87504.9 5.83286e+17 4.77925 -1.70278 0 0 0 
87523 5.82785e+17 4.77403 -1.98995 0 0 0 
87541.1 5.82309e+17 4.76907 -1.9269 0 0 0 
87559.3 5.82019e+17 4.76663 -1.51945 0 0 0 
87577.4 5.81946e+17 4.76721 -0.834774 0 0 0 
87595.6 5.81972e+17 4.76921 0.00891698 0 0 0 
87613.7 5.8191e+17 4.77003 0.862212 0 0 0 
87631.8 5.81635e+17 4.76792 1.57067 0 0 0 
87650 5.81167e+17 4.76315 2.00288 0 0 0 
87668.1 5.80663e+17 4.75788 2.07519 0 0 0 
87686.3 5.80305e+17 4.75459 1.76844 0 0 0 
87704.4 5.80175e+17 4.75441 1.13319 0 0 0 
87722.6 5.80195e+17 4.75625 0.281921 0 0 0 
87740.8 5.80182e+17 4.75764 -0.630648 0 0 0 
87758.9 5.79974e+17 4.7564 -1.43582 0 0 0 
87777.1 5.79547e+17 4.75222 -1.98252 0 0 0 
87795.2 5.7903e+17 4.74684 -2.16617 0 0 0 
87813.4 5.78617e+17 4.74284 -1.94919 0 0 0 
87831.6 5.78431e+17 4.74186 -1.36899 0 0 0 
87849.8 5.78432e+17 4.74338 -0.531572 0 0 0 
87867.9 5.78451e+17 4.74513 0.408005 0 0 0 
87886.1 5.78303e+17 4.7447 1.27479 0 0 0 
87904.3 5.77921e+17 4.74119 1.90701 0 0 0 
87922.5 5.77407e+17 4.7359 2.18663 0 0 0 
87940.7 5.76954e+17 4.73136 2.06162 0 0 0 
87958.9 5.76714e+17 4.72958 1.55557 0 0 0 
87977.1 5.76686e+17 4.73063 0.762884 0 0 0 
87995.3 5.76719e+17 4.73256 -0.169176 0 0 0 
88013.5 5.76619e+17 4.73281 -1.0683 0 0 0 
88031.7 5.76288e+17 4.73004 -1.76924 0 0 0 
88049.9 5.75793e+17 4.72502 -2.1442 0 0 0 
88068.1 5.75316e+17 4.72011 -2.12596 0 0 0 
88086.3 5.75026e+17 4.71759 -1.71955 0 0 0 
88104.5 5.74957e+17 4.71804 -1.0006 0 0 0 
88122.7 5.74986e+17 4.71994 -0.100991 0 0 0 
88141 5.74925e+17 4.72076 0.815533 0 0 0 
88159.2 5.74648e+17 4.71875 1.58303 0 0 0 
88177.4 5.74187e+17 4.71416 2.06316 0 0 0 
88195.6 5.73701e+17 4.70906 2.16964 0 0 0 
88213.9 5.73364e+17 4.70586 1.88345 0 0 0 
88232.1 5.73244e+17 4.70563 1.25588 0 0 0 
88250.3 5.73256e+17 4.70733 0.399292 0 0 0 
88268.6 5.73222e+17 4.70858 -0.532798 0 0 0 
88286.8 5.73003e+17 4.70733 -1.3729 0 0 0 
88305.1 5.72588e+17 4.7033 -1.96921 0 0 0 
88323.3 5.72104e+17 4.69817 -2.21257 0 0 0 
88341.6 5.71725e+17 4.69437 -2.05624 0 0 0 
88359.8 5.71548e+17 4.69341 -1.52476 0 0 0 
88378.1 5.7153e+17 4.69476 -0.710426 0 0 0 
88396.3 5.71517e+17 4.69631 0.242348 0 0 0 
88414.6 5.71355e+17 4.69579 1.16208 0 0 0 
88432.8 5.70994e+17 4.69241 1.88062 0 0 0 
88451.1 5.70522e+17 4.68738 2.2636 0 0 0 
88469.4 5.70104e+17 4.68308 2.23545 0 0 0 
88487.7 5.69867e+17 4.68137 1.79443 0 0 0 
88505.9 5.69812e+17 4.68228 1.01468 0 0 0 
88524.2 5.69815e+17 4.684 0.0343593 0 0 0 
88542.5 5.69709e+17 4.68416 -0.968257 0 0 0 
88560.8 5.69404e+17 4.68146 -1.80684 0 0 0 
88579.1 5.68948e+17 4.67665 -2.32156 0 0 0 
88597.3 5.68496e+17 4.67195 -2.40967 0 0 0 
88615.6 5.68201e+17 4.66953 -2.0464 0 0 0 
88633.9 5.68108e+17 4.66993 -1.2916 0 0 0 
88652.2 5.6812e+17 4.67171 -0.280583 0 0 0 
88670.5 5.68064e+17 4.67245 0.799768 0 0 0 
88688.8 5.67813e+17 4.67044 1.74547 0 0 0 
88707.1 5.67377e+17 4.66593 2.37414 0 0 0 
88725.4 5.66899e+17 4.66095 2.56051 0 0 0 
88743.7 5.66553e+17 4.65788 2.26181 0 0 0 
88762.1 5.66423e+17 4.65773 1.52766 0 0 0 
88780.4 5.66437e+17 4.65946 0.492244 0 0 0 
88798.7 5.66421e+17 4.66067 -0.650185 0 0 0 
88817 5.66218e+17 4.65932 -1.6819 0 0 0 
88835.3 5.65806e+17 4.65519 -2.40354 0 0 0 
88853.7 5.65311e+17 4.65006 -2.67294 0 0 0 
88872 5.64925e+17 4.64642 -2.4334 0 0 0 
88890.3 5.64759e+17 4.64572 -1.72564 0 0 0 
88908.7 5.64768e+17 4.64729 -0.680944 0 0 0 
88927 5.64779e+17 4.64884 0.50329 0 0 0 
88945.3 5.64617e+17 4.64809 1.60108 0 0 0 
88963.7 5.64232e+17 4.6444 2.40117 0 0 0 
88982 5.63735e+17 4.63925 2.74779 0 0 0 
89000.4 5.63319e+17 4.63516 2.57102 0 0 0 
89018.7 5.63118e+17 4.6339 1.90082 0 0 0 
89037.1 5.6311e+17 4.6352 0.861964 0 0 0 
89055.4 5.63134e+17 4.63697 -0.349236 0 0 0 
89073.8 5.63007e+17 4.63677 -1.50205 0 0 0 
89092.2 5.62657e+17 4.63358 -2.37526 0 0 0 
89110.5 5.62172e+17 4.62853 -2.79957 0 0 0 
89128.9 5.61737e+17 4.62408 -2.69041 0 0 0 
89147.3 5.61498e+17 4.62226 -2.06479 0 0 0 
89165.6 5.61461e+17 4.62319 -1.03881 0 0 0 
89184 5.61486e+17 4.62506 0.193661 0 0 0 
89202.4 5.61392e+17 4.62536 1.39756 0 0 0 
89220.8 5.61086e+17 4.62273 2.34131 0 0 0 
89239.2 5.60625e+17 4.6179 2.84139 0 0 0 
89257.5 5.60176e+17 4.61316 2.79808 0 0 0 
89275.9 5.59894e+17 4.61076 2.2155 0 0 0 
89294.3 5.59816e+17 4.61125 1.20183 0 0 0 
89312.7 5.59835e+17 4.61314 -0.0505093 0 0 0 
89331.1 5.59777e+17 4.61392 -1.30126 0 0 0 
89349.5 5.59524e+17 4.61188 -2.30839 0 0 0 
89367.9 5.59095e+17 4.60733 -2.87503 0 0 0 
89386.3 5.58631e+17 4.60236 -2.88819 0 0 0 
89404.7 5.58298e+17 4.59937 -2.34156 0 0 0 
89423.2 5.58173e+17 4.59938 -1.33776 0 0 0 
89441.6 5.58185e+17 4.60124 -0.0692569 0 0 0 
89460 5.5817e+17 4.60249 1.21846 0 0 0 
89478.4 5.57977e+17 4.60106 2.27453 0 0 0 
89496.8 5.57579e+17 4.5968 2.89185 0 0 0 
89515.3 5.57094e+17 4.5916 2.94807 0 0 0 
89533.7 5.56704e+17 4.58805 2.43016 0 0 0 
89552.1 5.56531e+17 4.58758 1.43766 0 0 0 
89570.5 5.56545e+17 4.58943 0.16355 0 0 0 
89589 5.5658e+17 4.59112 -1.14336 0 0 0 
89607.4 5.56446e+17 4.59026 -2.22741 0 0 0 
89625.9 5.5607e+17 4.58627 -2.87649 0 0 0 
89644.3 5.55554e+17 4.58085 -2.96402 0 0 0 
89662.8 5.55106e+17 4.57677 -2.47386 0 0 0 
89681.2 5.54897e+17 4.5759 -1.50336 0 0 0 
89699.7 5.54926e+17 4.57776 -0.243792 0 0 0 
89718.1 5.55013e+17 4.57986 1.05774 0 0 0 
89736.6 5.54928e+17 4.57947 2.1473 0 0 0 
89755 5.54558e+17 4.57567 2.81407 0 0 0 
89773.5 5.54003e+17 4.57004 2.93141 0 0 0 
89792 5.53506e+17 4.56554 2.48084 0 0 0 
89810.4 5.5328e+17 4.56438 1.55443 0 0 0 
89828.9 5.53336e+17 4.56629 0.335598 0 0 0 
89847.4 5.53472e+17 4.56871 -0.937784 0 0 0 
89865.9 5.53415e+17 4.56866 -2.02015 0 0 0 
89884.4 5.53032e+17 4.56495 -2.70573 0 0 0 
89902.8 5.52437e+17 4.55915 -2.86744 0 0 0 
89921.3 5.51911e+17 4.55439 -2.47994 0 0 0 
89939.8 5.51691e+17 4.55309 -1.62284 0 0 0 
89958.3 5.51784e+17 4.55506 -0.463905 0 0 0 
89976.8 5.51952e+17 4.55766 0.774056 0 0 0 
89995.3 5.51895e+17 4.55775 1.85593 0 0 0 
90013.8 5.51482e+17 4.55406 2.57858 0 0 0 
90032.3 5.50858e+17 4.54819 2.80842 0 0 0 
90050.8 5.50332e+17 4.54338 2.5055 0 0 0 
90069.3 5.50142e+17 4.54207 1.72993 0 0 0 
90087.8 5.50267e+17 4.54406 0.629934 0 0 0 
90106.3 5.5044e+17 4.54664 -0.586304 0 0 0 
90124.9 5.50355e+17 4.54669 -1.68949 0 0 0 
90143.4 5.49907e+17 4.543 -2.47187 0 0 0 
90161.9 5.49276e+17 4.53723 -2.78577 0 0 0 
90180.4 5.48783e+17 4.53257 -2.57124 0 0 0 
90199 5.48638e+17 4.53134 -1.86751 0 0 0 
90217.5 5.48779e+17 4.53323 -0.806216 0 0 0 
90236 5.48922e+17 4.53558 0.412645 0 0 0 
90254.6 5.48786e+17 4.53545 1.5578 0 0 0 
90273.1 5.48313e+17 4.53181 2.41011 0 0 0 
90291.6 5.47709e+17 4.52634 2.80435 0 0 0 
90310.2 5.47276e+17 4.52202 2.66138 0 0 0 
90328.7 5.47175e+17 4.52088 2.0044 0 0 0 
90347.3 5.47303e+17 4.5225 0.955951 0 0 0 
90365.8 5.47384e+17 4.52441 -0.284392 0 0 0 
90384.4 5.47189e+17 4.52403 -1.47757 0 0 0 
90403 5.46714e+17 4.52058 -2.39102 0 0 0 
90421.5 5.46172e+17 4.51562 -2.84417 0 0 0 
90440.1 5.45816e+17 4.51174 -2.74459 0 0 0 
90458.6 5.45741e+17 4.5106 -2.10737 0 0 0 
90477.2 5.4582e+17 4.51175 -1.05357 0 0 0 
90495.8 5.45815e+17 4.51308 0.212387 0 0 0 
90514.4 5.45572e+17 4.5125 1.44228 0 0 0 
90532.9 5.45131e+17 4.50942 2.39295 0 0 0 
90551.5 5.44679e+17 4.50513 2.87489 0 0 0 
90570.1 5.44397e+17 4.50169 2.79051 0 0 0 
90588.7 5.44315e+17 4.50038 2.15451 0 0 0 
90607.3 5.44312e+17 4.50089 1.09167 0 0 0 
90625.9 5.44218e+17 4.50162 -0.187525 0 0 0 
90644.5 5.43956e+17 4.50097 -1.42885 0 0 0 
90663.1 5.43584e+17 4.49845 -2.38533 0 0 0 
90681.7 5.43235e+17 4.4949 -2.86698 0 0 0 
90700.3 5.43002e+17 4.49177 -2.77905 0 0 0 
90718.9 5.42876e+17 4.49011 -2.14106 0 0 0 
90737.5 5.4277e+17 4.48987 -1.08247 0 0 0 
90756.1 5.42605e+17 4.49009 0.183834 0 0 0 
90774.7 5.42362e+17 4.48958 1.40485 0 0 0 
90793.3 5.42086e+17 4.48774 2.33858 0 0 0 
90812 5.41829e+17 4.48486 2.80251 0 0 0 
90830.6 5.41608e+17 4.48185 2.70949 0 0 0 
90849.2 5.41404e+17 4.47967 2.084 0 0 0 
90867.8 5.412e+17 4.47872 1.05582 0 0 0 
90886.5 5.40998e+17 4.47862 -0.167374 0 0 0 
90905.1 5.40814e+17 4.47845 -1.34243 0 0 0 
90923.7 5.40641e+17 4.4773 -2.23941 0 0 0 
90942.4 5.40443e+17 4.4749 -2.68677 0 0 0 
90961 5.40189e+17 4.47179 -2.60392 0 0 0 
90979.7 5.39893e+17 4.46904 -2.01537 0 0 0 
90998.3 5.39616e+17 4.46754 -1.0438 0 0 0 
91017 5.39425e+17 4.46737 0.115769 0 0 0 
91035.6 5.39324e+17 4.46764 1.23541 0 0 0 
91054.3 5.39233e+17 4.46706 2.0991 0 0 0 
91072.9 5.39048e+17 4.46489 2.54425 0 0 0 
91091.6 5.3873e+17 4.4615 2.49198 0 0 0 
91110.3 5.3835e+17 4.45824 1.96065 0 0 0 
91128.9 5.38046e+17 4.45646 1.06037 0 0 0 
91147.6 5.37908e+17 4.45644 -0.0298711 0 0 0 
91166.3 5.37889e+17 4.45713 -1.09786 0 0 0 
91184.9 5.3784e+17 4.45689 -1.93935 0 0 0 
91203.6 5.3762e+17 4.45467 -2.39697 0 0 0 
91222.3 5.37225e+17 4.45096 -2.38939 0 0 0 
91241 5.36798e+17 4.44742 -1.92549 0 0 0 
91259.7 5.36519e+17 4.44563 -1.101 0 0 0 
91278.4 5.36454e+17 4.44588 -0.0787435 0 0 0 
91297.1 5.36491e+17 4.44684 0.943592 0 0 0 
91315.8 5.3643e+17 4.44661 1.77164 0 0 0 
91334.5 5.36144e+17 4.44419 2.25121 0 0 0 
91353.2 5.3569e+17 4.44026 2.2968 0 0 0 
91371.9 5.35268e+17 4.43672 1.90653 0 0 0 
91390.6 5.35054e+17 4.43516 1.16091 0 0 0 
91409.3 5.35055e+17 4.43563 0.206182 0 0 0 
91428 5.35099e+17 4.43659 -0.774521 0 0 0 
91446.7 5.34979e+17 4.43611 -1.59625 0 0 0 
91465.4 5.34622e+17 4.43345 -2.10696 0 0 0 
91484.1 5.34153e+17 4.42954 -2.21532 0 0 0 
91502.9 5.33788e+17 4.42631 -1.90669 0 0 0 
91521.6 5.33655e+17 4.42507 -1.24439 0 0 0 
91540.3 5.33686e+17 4.42556 -0.356595 0 0 0 
91559.1 5.33681e+17 4.4262 0.588514 0 0 0 
91577.8 5.33476e+17 4.42533 1.41451 0 0 0 
91596.5 5.33076e+17 4.42258 1.96935 0 0 0 
91615.3 5.32649e+17 4.41901 2.15298 0 0 0 
91634 5.32377e+17 4.41627 1.93489 0 0 0 
91652.8 5.32305e+17 4.41525 1.35879 0 0 0 
91671.5 5.32311e+17 4.41547 0.533688 0 0 0 
91690.3 5.32213e+17 4.41555 -0.386733 0 0 0 
91709 5.31931e+17 4.41434 -1.23249 0 0 0 
91727.8 5.31541e+17 4.41178 -1.84829 0 0 0 
91746.5 5.31206e+17 4.40882 -2.12148 0 0 0 
91765.3 5.3103e+17 4.40659 -2.00218 0 0 0 
91784.1 5.30973e+17 4.40553 -1.51197 0 0 0 
91802.8 5.30896e+17 4.40518 -0.739894 0 0 0 
91821.6 5.30692e+17 4.40463 0.173544 0 0 0 
91840.4 5.30373e+17 4.40329 1.06142 0 0 0 
91859.2 5.30053e+17 4.40124 1.7602 0 0 0 
91877.9 5.29836e+17 4.39901 2.13911 0 0 0 
91896.7 5.29722e+17 4.39711 2.12399 0 0 0 
91915.5 5.29617e+17 4.39568 1.71158 0 0 0 
91934.3 5.29424e+17 4.39458 0.971435 0 0 0 
91953.1 5.29137e+17 4.39354 0.0349503 0 0 0 
91971.9 5.28844e+17 4.39242 -0.926918 0 0 0 
91990.7 5.28639e+17 4.39112 -1.73387 0 0 0 
92009.5 5.28525e+17 4.38953 -2.22929 0 0 0 
92028.3 5.28414e+17 4.38762 -2.31031 0 0 0 
92047.1 5.28208e+17 4.38554 -1.94923 0 0 0 
92065.9 5.279e+17 4.38371 -1.20196 0 0 0 
92084.7 5.27586e+17 4.3825 -0.200819 0 0 0 
92103.5 5.2738e+17 4.38192 0.867544 0 0 0 
92122.3 5.273e+17 4.3814 1.79618 0 0 0 
92141.2 5.2724e+17 4.38018 2.39759 0 0 0 
92160 5.27065e+17 4.37789 2.5419 0 0 0 
92178.8 5.26735e+17 4.37505 2.18534 0 0 0 
92197.6 5.26353e+17 4.37273 1.38298 0 0 0 
92216.5 5.26082e+17 4.37175 0.281761 0 0 0 
92235.3 5.25999e+17 4.37189 -0.905564 0 0 0 
92254.1 5.26012e+17 4.37197 -1.9414 0 0 0 
92273 5.25936e+17 4.3707 -2.61119 0 0 0 
92291.8 5.2565e+17 4.3678 -2.76857 0 0 0 
92310.7 5.25214e+17 4.36431 -2.36797 0 0 0 
92329.5 5.24828e+17 4.3619 -1.47728 0 0 0 
92348.4 5.24658e+17 4.36145 -0.267177 0 0 0 
92367.2 5.24691e+17 4.36227 1.02154 0 0 0 
92386.1 5.24732e+17 4.36258 2.12628 0 0 0 
92404.9 5.24573e+17 4.3609 2.81679 0 0 0 
92423.8 5.24168e+17 4.35734 2.9438 0 0 0 
92442.7 5.23687e+17 4.35355 2.47168 0 0 0 
92461.5 5.2337e+17 4.35145 1.48788 0 0 0 
92480.4 5.23322e+17 4.35165 0.186771 0 0 0 
92499.3 5.2342e+17 4.35286 -1.16913 0 0 0 
92518.1 5.23412e+17 4.35297 -2.30263 0 0 0 
92537 5.23135e+17 4.35069 -2.97906 0 0 0 
92555.9 5.22653e+17 4.3467 -3.05517 0 0 0 
92574.8 5.22204e+17 4.34304 -2.50956 0 0 0 
92593.7 5.22002e+17 4.34152 -1.44811 0 0 0 
92612.6 5.22048e+17 4.3422 -0.0831277 0 0 0 
92631.5 5.22134e+17 4.34338 1.30952 0 0 0 
92650.4 5.2202e+17 4.34296 2.44651 0 0 0 
92669.3 5.2164e+17 4.34017 3.09497 0 0 0 
92688.2 5.21153e+17 4.33615 3.12024 0 0 0 
92707.1 5.20805e+17 4.33299 2.51359 0 0 0 
92726 5.20718e+17 4.33204 1.39452 0 0 0 
92744.9 5.20789e+17 4.33284 -0.0131907 0 0 0 
92763.8 5.20787e+17 4.33356 -1.42647 0 0 0 
92782.7 5.20553e+17 4.33255 -2.56001 0 0 0 
92801.6 5.2013e+17 4.32958 -3.18379 0 0 0 
92820.6 5.19721e+17 4.32599 -3.16953 0 0 0 
92839.5 5.19502e+17 4.32348 -2.51668 0 0 0 
92858.4 5.19478e+17 4.32281 -1.35294 0 0 0 
92877.3 5.19489e+17 4.32325 0.0908911 0 0 0 
92896.3 5.19358e+17 4.3233 1.52663 0 0 0 
92915.2 5.19043e+17 4.32193 2.66597 0 0 0 
92934.1 5.18665e+17 4.31926 3.27797 0 0 0 
92953.1 5.18388e+17 4.31637 3.23544 0 0 0 
92972 5.18271e+17 4.31435 2.5411 0 0 0 
92991 5.18225e+17 4.31348 1.3282 0 0 0 
93009.9 5.18109e+17 4.31322 -0.164748 0 0 0 
93028.9 5.17861e+17 4.3127 -1.64035 0 0 0 
93047.8 5.17548e+17 4.31142 -2.80104 0 0 0 
93066.8 5.17292e+17 4.30946 -3.40863 0 0 0 
93085.8 5.17149e+17 4.30727 -3.33306 0 0 0 
93104.7 5.17056e+17 4.30528 -2.58033 0 0 0 
93123.7 5.16902e+17 4.30376 -1.2936 0 0 0 
93142.7 5.16641e+17 4.30272 0.273286 0 0 0 
93161.6 5.16345e+17 4.30203 1.8053 0 0 0 
93180.6 5.16128e+17 4.30136 2.98922 0 0 0 
93199.6 5.16028e+17 4.30028 3.57771 0 0 0 
93218.6 5.15962e+17 4.29842 3.44124 0 0 0 
93237.5 5.15796e+17 4.29593 2.597 0 0 0 
93256.5 5.15482e+17 4.29349 1.20815 0 0 0 
93275.5 5.15122e+17 4.29196 -0.447208 0 0 0 
93294.5 5.14878e+17 4.29167 -2.03154 0 0 0 
93313.5 5.14821e+17 4.29197 -3.21683 0 0 0 
93332.5 5.14849e+17 4.29156 -3.75282 0 0 0 
93351.5 5.1476e+17 4.28946 -3.52029 0 0 0 
93370.5 5.1444e+17 4.28602 -2.55777 0 0 0 
93389.5 5.1398e+17 4.28276 -1.05576 0 0 0 
93408.5 5.13614e+17 4.28131 0.680889 0 0 0 
93427.5 5.13514e+17 4.28195 2.29499 0 0 0 
93446.6 5.13625e+17 4.28322 3.45069 0 0 0 
93465.6 5.13693e+17 4.28295 3.9036 0 0 0 
93484.6 5.1348e+17 4.28002 3.55254 0 0 0 
93503.6 5.12981e+17 4.2755 2.46216 0 0 0 
93522.7 5.1245e+17 4.2719 0.851145 0 0 0 
93541.7 5.12187e+17 4.27117 -0.951561 0 0 0 
93560.7 5.12276e+17 4.27299 -2.57391 0 0 0 
93579.7 5.12494e+17 4.27484 -3.67752 0 0 0 
93598.8 5.12489e+17 4.27402 -4.02822 0 0 0 
93617.8 5.12087e+17 4.2699 -3.54573 0 0 0 
93636.9 5.11453e+17 4.26459 -2.32204 0 0 0 
93655.9 5.10964e+17 4.26133 -0.604151 0 0 0 
93675 5.10886e+17 4.26181 1.25548 0 0 0 
93694 5.1114e+17 4.26463 2.87104 0 0 0 
93713.1 5.11354e+17 4.26639 3.90339 0 0 0 
93732.1 5.11179e+17 4.26446 4.13126 0 0 0 
93751.2 5.10594e+17 4.25917 3.49896 0 0 0 
93770.3 5.09928e+17 4.2537 2.12997 0 0 0 
93789.3 5.09589e+17 4.25145 0.30335 0 0 0 
93808.4 5.09713e+17 4.25322 -1.60294 0 0 0 
93827.5 5.1004e+17 4.25648 -3.19016 0 0 0 
93846.5 5.10133e+17 4.25745 -4.12231 0 0 0 
93865.6 5.09751e+17 4.25417 -4.19759 0 0 0 
93884.7 5.09058e+17 4.24819 -3.39238 0 0 0 
93903.8 5.08482e+17 4.2433 -1.86818 0 0 0 
93922.9 5.08353e+17 4.24241 0.060487 0 0 0 
93942 5.08619e+17 4.24511 1.99087 0 0 0 
93961.1 5.08895e+17 4.24808 3.51623 0 0 0 
93980.2 5.0879e+17 4.24777 4.31172 0 0 0 
93999.3 5.08241e+17 4.24338 4.20391 0 0 0 
94018.4 5.07562e+17 4.23744 3.20883 0 0 0 
94037.5 5.07169e+17 4.23371 1.53033 0 0 0 
94056.6 5.0723e+17 4.23407 -0.481523 0 0 0 
94075.7 5.07525e+17 4.23703 -2.40336 0 0 0 
94094.8 5.07643e+17 4.23903 -3.82775 0 0 0 
94113.9 5.07337e+17 4.23742 -4.44981 0 0 0 
94133 5.06724e+17 4.23253 -4.13285 0 0 0 
94152.1 5.06176e+17 4.22735 -2.9388 0 0 0 
94171.3 5.05993e+17 4.22494 -1.11649 0 0 0 
94190.4 5.06153e+17 4.22602 0.94994 0 0 0 
94209.5 5.06351e+17 4.22847 2.82214 0 0 0 
94228.7 5.06264e+17 4.22923 4.10083 0 0 0 
94247.8 5.05832e+17 4.22675 4.51148 0 0 0 
94266.9 5.05285e+17 4.22214 3.96382 0 0 0 
94286.1 5.04934e+17 4.21812 2.57214 0 0 0 
94305.2 5.04903e+17 4.2167 0.631653 0 0 0 
94324.4 5.05035e+17 4.21773 -1.44429 0 0 0 
94343.5 5.05051e+17 4.21918 -3.2127 0 0 0 
94362.7 5.04797e+17 4.21889 -4.29615 0 0 0 
94381.8 5.04363e+17 4.21628 -4.46395 0 0 0 
94401 5.03981e+17 4.21256 -3.68173 0 0 0 
94420.1 5.03812e+17 4.2096 -2.11851 0 0 0 
94439.3 5.03815e+17 4.20849 -0.109886 0 0 0 
94458.5 5.03805e+17 4.2088 1.9146 0 0 0 
94477.6 5.03635e+17 4.2092 3.52397 0 0 0 
94496.8 5.03321e+17 4.20851 4.37806 0 0 0 
94516 5.03007e+17 4.2065 4.29968 0 0 0 
94535.2 5.02818e+17 4.20381 3.31113 0 0 0 
94554.4 5.02737e+17 4.20137 1.62786 0 0 0 
94573.5 5.02645e+17 4.19978 -0.389047 0 0 0 
94592.7 5.02445e+17 4.19909 -2.31077 0 0 0 
94611.9 5.02165e+17 4.19891 -3.73217 0 0 0 
94631.1 5.01924e+17 4.19861 -4.35713 0 0 0 
94650.3 5.01801e+17 4.19761 -4.05985 0 0 0 
94669.5 5.01744e+17 4.1956 -2.9097 0 0 0 
94688.7 5.01618e+17 4.19286 -1.15478 0 0 0 
94707.9 5.01344e+17 4.19028 0.831778 0 0 0 
94727.1 5.00993e+17 4.18884 2.63101 0 0 0 
94746.3 5.00734e+17 4.18887 3.86621 0 0 0 
94765.5 5.0067e+17 4.18959 4.28142 0 0 0 
94784.8 5.00719e+17 4.18946 3.79416 0 0 0 
94804 5.00672e+17 4.18736 2.51166 0 0 0 
94823.2 5.00382e+17 4.18362 0.707372 0 0 0 
94842.4 4.99919e+17 4.18004 -1.23698 0 0 0 
94861.7 4.99531e+17 4.17856 -2.91186 0 0 0 
94880.9 4.99424e+17 4.1796 -3.96588 0 0 0 
94900.1 4.99566e+17 4.18149 -4.17943 0 0 0 
94919.4 4.99687e+17 4.1816 -3.51058 0 0 0 
94938.6 4.9951e+17 4.17855 -2.10349 0 0 0 
94957.8 4.99004e+17 4.1735 -0.257752 0 0 0 
94977.1 4.98438e+17 4.16947 1.63514 0 0 0 
94996.3 4.98155e+17 4.16885 3.17466 0 0 0 
95015.6 4.98274e+17 4.17135 4.03601 0 0 0 
95034.8 4.98557e+17 4.17397 4.03889 0 0 0 
95054.1 4.98606e+17 4.1734 3.18548 0 0 0 
95073.3 4.98205e+17 4.16881 1.65978 0 0 0 
95092.6 4.97526e+17 4.16276 -0.21182 0 0 0 
95111.9 4.96995e+17 4.15917 -2.03021 0 0 0 
95131.1 4.96932e+17 4.16013 -3.40868 0 0 0 
95150.4 4.97258e+17 4.16395 -4.05536 0 0 0 
95169.7 4.9755e+17 4.16645 -3.83532 0 0 0 
95189 4.97399e+17 4.16437 -2.79907 0 0 0 
95208.2 4.96766e+17 4.15821 -1.17137 0 0 0 
95227.5 4.96034e+17 4.15193 0.697267 0 0 0 
95246.8 4.95681e+17 4.14972 2.40606 0 0 0 
95266.1 4.9587e+17 4.15247 3.59005 0 0 0 
95285.4 4.96298e+17 4.15692 3.99846 0 0 0 
95304.7 4.9645e+17 4.1583 3.54828 0 0 0 
95324 4.9604e+17 4.15433 2.34154 0 0 0 
95343.3 4.95262e+17 4.14717 0.642555 0 0 0 
95362.6 4.9463e+17 4.14168 -1.17993 0 0 0 
95381.9 4.94535e+17 4.14139 -2.73303 0 0 0 
95401.2 4.94913e+17 4.14551 -3.68496 0 0 0 
95420.5 4.95291e+17 4.14959 -3.83647 0 0 0 
95439.8 4.952e+17 4.14917 -3.16304 0 0 0 
95459.1 4.9457e+17 4.14355 -1.81867 0 0 0 
95478.5 4.93793e+17 4.13634 -0.1006 0 0 0 
95497.8 4.93383e+17 4.13245 1.61671 0 0 0 
95517.1 4.93534e+17 4.13402 2.96385 0 0 0 
95536.4 4.93963e+17 4.13864 3.65649 0 0 0 
95555.8 4.94155e+17 4.14143 3.55572 0 0 0 
95575.1 4.93808e+17 4.13908 2.69581 0 0 0 
95594.4 4.93081e+17 4.13259 1.27378 0 0 0 
95613.8 4.92453e+17 4.12631 -0.396058 0 0 0 
95633.1 4.92302e+17 4.12433 -1.95211 0 0 0 
95652.5 4.92593e+17 4.1271 -3.06414 0 0 0 
95671.8 4.92921e+17 4.1312 -3.50347 0 0 0 
95691.2 4.92864e+17 4.13225 -3.18969 0 0 0 
95710.5 4.92346e+17 4.12849 -2.20452 0 0 0 
95729.9 4.91679e+17 4.12214 -0.770736 0 0 0 
95749.3 4.91283e+17 4.11738 0.798389 0 0 0 
95768.6 4.91329e+17 4.11694 2.1676 0 0 0 
95788 4.91606e+17 4.11994 3.05116 0 0 0 
95807.4 4.91727e+17 4.12283 3.2721 0 0 0 
95826.7 4.91463e+17 4.12234 2.79724 0 0 0 
95846.1 4.90923e+17 4.11809 1.741 0 0 0 
95865.5 4.90436e+17 4.11265 0.33818 0 0 0 
95884.9 4.90256e+17 4.10936 -1.10806 0 0 0 
95904.2 4.90358e+17 4.10961 -2.2915 0 0 0 
95923.6 4.90486e+17 4.112 -2.96754 0 0 0 
95943 4.90395e+17 4.11359 -3.00364 0 0 0 
95962.4 4.90051e+17 4.11232 -2.40515 0 0 0 
95981.8 4.89634e+17 4.10847 -1.31151 0 0 0 
96001.2 4.89356e+17 4.10416 0.0358392 0 0 0 
96020.6 4.89278e+17 4.10167 1.34675 0 0 0 
96040 4.89283e+17 4.1017 2.34489 0 0 0 
96059.4 4.89212e+17 4.10314 2.82623 0 0 0 
96078.8 4.89006e+17 4.10401 2.70083 0 0 0 
96098.2 4.88741e+17 4.1029 2.00949 0 0 0 
96117.7 4.8852e+17 4.09988 0.911894 0 0 0 
96137.1 4.8837e+17 4.09622 -0.35022 0 0 0 
96156.5 4.88231e+17 4.09357 -1.50664 0 0 0 
96175.9 4.88047e+17 4.09285 -2.31684 0 0 0 
96195.4 4.87839e+17 4.09374 -2.62011 0 0 0 
96214.8 4.87682e+17 4.09484 -2.36725 0 0 0 
96234.2 4.87607e+17 4.09453 -1.62738 0 0 0 
96253.7 4.87539e+17 4.09202 -0.569606 0 0 0 
96273.1 4.87357e+17 4.08805 0.575951 0 0 0 
96292.5 4.87028e+17 4.08452 1.56843 0 0 0 
96312 4.86675e+17 4.08326 2.2069 0 0 0 
96331.4 4.86485e+17 4.08456 2.37067 0 0 0 
96350.9 4.86525e+17 4.08673 2.04129 0 0 0 
96370.3 4.86643e+17 4.08711 1.30251 0 0 0 
96389.8 4.86579e+17 4.08417 0.319144 0 0 0 
96409.3 4.862e+17 4.07894 -0.699806 0 0 0 
96428.7 4.85653e+17 4.07449 -1.54546 0 0 0 
96448.2 4.85271e+17 4.07362 -2.05152 0 0 0 
96467.6 4.8528e+17 4.07641 -2.1263 0 0 0 
96487.1 4.8557e+17 4.07983 -1.76837 0 0 0 
96506.6 4.85756e+17 4.08001 -1.06343 0 0 0 
96526.1 4.85503e+17 4.07544 -0.163899 0 0 0 
96545.6 4.84843e+17 4.06858 0.743935 0 0 0 
96565 4.84186e+17 4.06405 1.47822 0 0 0 
96584.5 4.83979e+17 4.06488 1.89739 0 0 0 
96604 4.84299e+17 4.06972 1.92671 0 0 0 
96623.5 4.84754e+17 4.07367 1.57073 0 0 0 
96643 4.84797e+17 4.07223 0.909803 0 0 0 
96662.5 4.84213e+17 4.06525 0.0820461 0 0 0 
96682 4.83332e+17 4.05734 -0.745273 0 0 0 
96701.5 4.82777e+17 4.05421 -1.40897 0 0 0 
96721 4.82915e+17 4.05777 -1.7814 0 0 0 
96740.5 4.83519e+17 4.06428 -1.79427 0 0 0 
96760 4.83931e+17 4.06724 -1.45058 0 0 0 
96779.5 4.83632e+17 4.06292 -0.822791 0 0 0 
96799.1 4.82708e+17 4.05366 -0.0379477 0 0 0 
96818.6 4.81804e+17 4.04619 0.747432 0 0 0 
96838.1 4.81576e+17 4.04595 1.37779 0 0 0 
96857.6 4.82108e+17 4.05239 1.7287 0 0 0 
96877.2 4.82814e+17 4.05916 1.73113 0 0 0 
96896.7 4.82937e+17 4.05944 1.3851 0 0 0 
96916.2 4.82207e+17 4.05178 0.760127 0 0 0 
96935.8 4.811e+17 4.0415 -0.0180943 0 0 0 
96955.3 4.80435e+17 4.03632 -0.79228 0 0 0 
96974.9 4.80664e+17 4.03977 -1.40498 0 0 0 
96994.4 4.81462e+17 4.04803 -1.73059 0 0 0 
97014 4.82001e+17 4.05311 -1.70151 0 0 0 
97033.5 4.81664e+17 4.04959 -1.32272 0 0 0 
97053.1 4.80593e+17 4.03936 -0.671544 0 0 0 
97072.6 4.79575e+17 4.03005 0.117804 0 0 0 
97092.2 4.79356e+17 4.0286 0.881865 0 0 0 
97111.8 4.79994e+17 4.03529 1.46212 0 0 0 
97131.3 4.80796e+17 4.04343 1.73833 0 0 0 
97150.9 4.80926e+17 4.0451 1.65394 0 0 0 
97170.5 4.80132e+17 4.03787 1.22784 0 0 0 
97190 4.78967e+17 4.02689 0.55009 0 0 0 
97209.6 4.78306e+17 4.02049 -0.237424 0 0 0 
97229.2 4.78579e+17 4.02307 -0.971185 0 0 0 
97248.8 4.79402e+17 4.03136 -1.50034 0 0 0 
97268.4 4.79918e+17 4.03728 -1.71786 0 0 0 
97288 4.79547e+17 4.03487 -1.58193 0 0 0 
97307.6 4.78488e+17 4.0253 -1.12356 0 0 0 
97327.2 4.77533e+17 4.01578 -0.439021 0 0 0 
97346.8 4.77366e+17 4.01332 0.330738 0 0 0 
97366.4 4.77974e+17 4.01884 1.02923 0 0 0 
97386 4.78675e+17 4.02652 1.51597 0 0 0 
97405.6 4.78726e+17 4.02888 1.69421 0 0 0 
97425.2 4.7797e+17 4.02314 1.52952 0 0 0 
97444.8 4.76952e+17 4.01338 1.05591 0 0 0 
97464.4 4.7642e+17 4.0069 0.368621 0 0 0 
97484.1 4.76674e+17 4.00798 -0.394888 0 0 0 
97503.7 4.77323e+17 4.01443 -1.08189 0 0 0 
97523.3 4.77657e+17 4.01971 -1.55427 0 0 0 
97542.9 4.77274e+17 4.01857 -1.71565 0 0 0 
97562.6 4.76409e+17 4.01133 -1.53062 0 0 0 
97582.2 4.75699e+17 4.0033 -1.03243 0 0 0 
97601.8 4.75604e+17 4.00013 -0.317415 0 0 0 
97621.5 4.76026e+17 4.00313 0.472979 0 0 0 
97641.1 4.76431e+17 4.00853 1.17945 0 0 0 
97660.8 4.76343e+17 4.01088 1.65629 0 0 0 
97680.4 4.75752e+17 4.00761 1.80104 0 0 0 
97700.1 4.75077e+17 4.00086 1.57637 0 0 0 
97719.7 4.74767e+17 3.99533 1.01965 0 0 0 
97739.4 4.7491e+17 3.99432 0.237652 0 0 0 
97759.1 4.75195e+17 3.99729 -0.613049 0 0 0 
97778.7 4.75229e+17 4.00068 -1.35665 0 0 0 
97798.4 4.74891e+17 4.00102 -1.83393 0 0 0 
97818.1 4.74398e+17 3.99753 -1.93621 0 0 0 
97837.7 4.74069e+17 3.99236 -1.63012 0 0 0 
97857.4 4.74018e+17 3.98859 -0.967791 0 0 0 
97877.1 4.74093e+17 3.98792 -0.0792522 0 0 0 
97896.8 4.74058e+17 3.98967 0.852108 0 0 0 
97916.5 4.73834e+17 3.99163 1.62679 0 0 0 
97936.1 4.73547e+17 3.99171 2.07174 0 0 0 
97955.8 4.73362e+17 3.98925 2.07925 0 0 0 
97975.5 4.73293e+17 3.98521 1.63334 0 0 0 
97995.2 4.73204e+17 3.98151 0.817152 0 0 0 
98014.9 4.7298e+17 3.97985 -0.201405 0 0 0 
98034.6 4.72681e+17 3.98073 -1.20362 0 0 0 
98054.3 4.72492e+17 3.98293 -1.96694 0 0 0 
98074.1 4.72511e+17 3.98416 -2.31475 0 0 0 
98093.8 4.72604e+17 3.98247 -2.15783 0 0 0 
98113.5 4.72509e+17 3.97788 -1.51748 0 0 0 
98133.2 4.72103e+17 3.97274 -0.524272 0 0 0 
98152.9 4.71579e+17 3.97028 0.608179 0 0 0 
98172.6 4.71299e+17 3.972 1.6293 0 0 0 
98192.4 4.71447e+17 3.97608 2.30748 0 0 0 
98212.1 4.71803e+17 3.97838 2.48311 0 0 0 
98231.8 4.719e+17 3.97569 2.10652 0 0 0 
98251.6 4.71451e+17 3.96873 1.25164 0 0 0 
98271.3 4.70663e+17 3.9621 0.101744 0 0 0 
98291.1 4.70104e+17 3.96066 -1.09003 0 0 0 
98310.8 4.70195e+17 3.96526 -2.05668 0 0 0 
98330.5 4.70785e+17 3.97147 -2.57745 0 0 0 
98350.3 4.71228e+17 3.97296 -2.52841 0 0 0 
98370.1 4.70949e+17 3.96697 -1.9119 0 0 0 
98389.8 4.69997e+17 3.95715 -0.857938 0 0 0 
98409.6 4.69058e+17 3.9509 0.40315 0 0 0 
98429.3 4.68868e+17 3.95306 1.59101 0 0 0 
98449.1 4.69528e+17 3.96137 2.43757 0 0 0 
98468.9 4.70356e+17 3.96789 2.74759 0 0 0 
98488.6 4.7046e+17 3.96572 2.4437 0 0 0 
98508.4 4.69555e+17 3.9552 1.58577 0 0 0 
98528.2 4.68268e+17 3.94418 0.359603 0 0 0 
98548 4.6762e+17 3.94144 -0.962924 0 0 0 
98567.8 4.68108e+17 3.9489 -2.08402 0 0 0 
98587.5 4.69214e+17 3.95948 -2.74708 0 0 0 
98607.3 4.69825e+17 3.96296 -2.79576 0 0 0 
98627.1 4.69223e+17 3.9549 -2.21128 0 0 0 
98646.9 4.67761e+17 3.94095 -1.11893 0 0 0 
98666.7 4.66595e+17 3.93226 0.238312 0 0 0 
98686.5 4.66664e+17 3.9358 1.55378 0 0 0 
98706.3 4.67824e+17 3.94791 2.52673 0 0 0 
98726.1 4.6893e+17 3.95718 2.93167 0 0 0 
98745.9 4.68845e+17 3.9543 2.6713 0 0 0 
98765.8 4.67469e+17 3.94044 1.80035 0 0 0 
98785.6 4.65872e+17 3.92658 0.514385 0 0 0 
98805.4 4.65358e+17 3.92405 -0.894301 0 0 0 
98825.2 4.66292e+17 3.93443 -2.10362 0 0 0 
98845 4.67737e+17 3.94787 -2.83607 0 0 0 
98864.9 4.6827e+17 3.95154 -2.92302 0 0 0 
98884.7 4.67256e+17 3.94101 -2.3439 0 0 0 
98904.5 4.65442e+17 3.92434 -1.2311 0 0 0 
98924.4 4.64315e+17 3.91523 0.160682 0 0 0 
98944.2 4.64772e+17 3.92091 1.5133 0 0 0 
98964 4.66299e+17 3.93561 2.51848 0 0 0 
98983.9 4.67407e+17 3.94547 2.9485 0 0 0 
99003.7 4.66963e+17 3.94073 2.70799 0 0 0 
99023.6 4.65215e+17 3.92447 1.85487 0 0 0 
99043.5 4.63588e+17 3.91001 0.586118 0 0 0 
99063.3 4.63417e+17 3.9092 -0.808158 0 0 0 
99083.2 4.64737e+17 3.92189 -2.01147 0 0 0 
99103 4.66244e+17 3.93594 -2.75301 0 0 0 
99122.9 4.66456e+17 3.93797 -2.86868 0 0 0 
99142.8 4.65047e+17 3.92521 -2.33716 0 0 0 
99162.6 4.63147e+17 3.90798 -1.28341 0 0 0 
99182.5 4.62331e+17 3.90056 0.0510071 0 0 0 
99202.4 4.63203e+17 3.90854 1.36357 0 0 0 
99222.3 4.64851e+17 3.92385 2.35952 0 0 0 
99242.2 4.65667e+17 3.93195 2.81806 0 0 0 
99262.1 4.64791e+17 3.92479 2.64118 0 0 0 
99281.9 4.62889e+17 3.90787 1.87427 0 0 0 
99301.8 4.61545e+17 3.89529 0.694405 0 0 0 
99321.7 4.61832e+17 3.89717 -0.630789 0 0 0 
99341.6 4.63352e+17 3.91071 -1.80394 0 0 0 
99361.5 4.64602e+17 3.92285 -2.56461 0 0 0 
99381.4 4.64335e+17 3.92192 -2.74695 0 0 0 
99401.4 4.62681e+17 3.90804 -2.31546 0 0 0 
99421.3 4.61014e+17 3.89276 -1.37148 0 0 0 
99441.2 4.60705e+17 3.88867 -0.12918 0 0 0 
99461.1 4.61882e+17 3.8982 1.133 0 0 0 
99481 4.63338e+17 3.91167 2.13456 0 0 0 
99500.9 4.63631e+17 3.91613 2.65493 0 0 0 
99520.9 4.62393e+17 3.90695 2.58161 0 0 0 
99540.8 4.60641e+17 3.89168 1.93415 0 0 0 
99560.7 4.59834e+17 3.88306 0.85911 0 0 0 
99580.7 4.60553e+17 3.88757 -0.402947 0 0 0 
99600.6 4.61987e+17 3.89985 -1.57078 0 0 0 
99620.5 4.62701e+17 3.90783 -2.38468 0 0 0 
99640.5 4.61942e+17 3.90367 -2.66385 0 0 0 
99660.4 4.60306e+17 3.89058 -2.34649 0 0 0 
99680.4 4.5917e+17 3.87957 -1.5038 0 0 0 
99700.3 4.59419e+17 3.87939 -0.324532 0 0 0 
99720.3 4.60662e+17 3.88879 0.926737 0 0 0 
99740.3 4.61617e+17 3.89805 1.96848 0 0 0 
99760.2 4.613e+17 3.89803 2.56549 0 0 0 
99780.2 4.59912e+17 3.88826 2.5823 0 0 0 
99800.2 4.58624e+17 3.87701 2.01446 0 0 0 
99820.1 4.58479e+17 3.87345 0.990401 0 0 0 
99840.1 4.59444e+17 3.87939 -0.257165 0 0 0 
99860.1 4.60474e+17 3.88805 -1.44395 0 0 0 
99880.1 4.60497e+17 3.89058 -2.29916 0 0 0 
99900 4.59399e+17 3.88414 -2.62781 0 0 0 
99920 4.58102e+17 3.87416 -2.35585 0 0 0 
99940 4.5768e+17 3.86892 -1.54737 0 0 0 
99960 4.58365e+17 3.87191 -0.389702 0 0 0 
99980 4.59358e+17 3.87891 0.850167 0 0 0 
100000 4.59779e+17 3.88244 1.45409 0 0 0 
100000 0 1.99431 -0.0139323 0 0 0 
100020 0 1.99431 -0.0135606 0 0 0 
100040 0 1.99431 -0.0127025 0 0 0 
100060 0 1.99431 -0.0116235 0 0 0 
100080 0 1.99431 -0.0103424 0 0 0 
100100 0 1.99431 -0.0096539 0 0 0 
