$MeshFormat
4.1 0 8
$EndMeshFormat
$PhysicalNames
5
0 4 "front"
0 5 "back"
1 1 "AIR"
1 2 "ITO"
1 3 "Si"
$EndPhysicalNames
$Entities
5 4 0 0
1 -300 0 0 1 4 
2 -200 0 0 0 
3 0 0 0 0 
4 100000 0 0 0 
5 100100 0 0 1 5 
1 -300 0 0 -200 0 0 1 1 2 1 -2 
2 -200 0 0 0 0 0 1 2 2 2 -3 
3 0 0 0 100000 0 0 1 3 2 3 -4 
4 100000 0 0 100100 0 0 1 1 2 4 -5 
$EndEntities
$Nodes
9 9308 1 9308
0 1 0 1
1
-300 0 0
0 2 0 1
2
-200 0 0
0 3 0 1
3
0 0 0
0 4 0 1
4
100000 0 0
0 5 0 1
5
100100 0 0
1 1 0 19
6
7
8
9
10
11
12
13
14
15
16
17
18
19
20
21
22
23
24
-294.9999999999723 0 0
-289.9999999999445 0 0
-284.9999999999167 0 0
-279.999999999889 0 0
-274.9999999998612 0 0
-269.9999999998334 0 0
-264.9999999998057 0 0
-259.999999999778 0 0
-254.9999999997746 0 0
-249.999999999889 0 0
-245.0000000000033 0 0
-240.0000000001177 0 0
-235.0000000001943 0 0
-230.0000000001666 0 0
-225.0000000001388 0 0
-220.000000000111 0 0
-215.0000000000833 0 0
-210.0000000000555 0 0
-205.0000000000277 0 0
1 2 0 39
25
26
27
28
29
30
31
32
33
34
35
36
37
38
39
40
41
42
43
44
45
46
47
48
49
50
51
52
53
54
55
56
57
58
59
60
61
62
63
-195.0000000000355 0 0
-190.0000000000711 0 0
-185.0000000001066 0 0
-180.0000000001421 0 0
-175.0000000001776 0 0
-170.0000000002132 0 0
-165.0000000002487 0 0
-160.0000000002842 0 0
-155.0000000003197 0 0
-150.0000000003553 0 0
-145.0000000003908 0 0
-140.0000000004263 0 0
-135.0000000004619 0 0
-130.0000000004974 0 0
-125.0000000005163 0 0
-120.0000000005163 0 0
-115.0000000005163 0 0
-110.0000000005163 0 0
-105.0000000005163 0 0
-100.0000000005163 0 0
-95.00000000051627 0 0
-90.00000000051627 0 0
-85.00000000051627 0 0
-80.00000000051628 0 0
-75.00000000051628 0 0
-70.00000000049741 0 0
-65.00000000046185 0 0
-60.00000000042633 0 0
-55.00000000039083 0 0
-50.0000000003553 0 0
-45.00000000031977 0 0
-40.00000000028422 0 0
-35.00000000024869 0 0
-30.00000000021316 0 0
-25.00000000017764 0 0
-20.00000000014211 0 0
-15.00000000010658 0 0
-10.00000000007105 0 0
-5.000000000035527 0 0
1 3 0 9241
64
65
66
67
68
69
70
71
72
73
74
75
76
77
78
79
80
81
82
83
84
85
86
87
88
89
90
91
92
93
94
95
96
97
98
99
100
101
102
103
104
105
106
107
108
109
110
111
112
113
114
115
116
117
118
119
120
121
122
123
124
125
126
127
128
129
130
131
132
133
134
135
136
137
138
139
140
141
142
143
144
145
146
147
148
149
150
151
152
153
154
155
156
157
158
159
160
161
162
163
164
165
166
167
168
169
170
171
172
173
174
175
176
177
178
179
180
181
182
183
184
185
186
187
188
189
190
191
192
193
194
195
196
197
198
199
200
201
202
203
204
205
206
207
208
209
210
211
212
213
214
215
216
217
218
219
220
221
222
223
224
225
226
227
228
229
230
231
232
233
234
235
236
237
238
239
240
241
242
243
244
245
246
247
248
249
250
251
252
253
254
255
256
257
258
259
260
261
262
263
264
265
266
267
268
269
270
271
272
273
274
275
276
277
278
279
280
281
282
283
284
285
286
287
288
289
290
291
292
293
294
295
296
297
298
299
300
301
302
303
304
305
306
307
308
309
310
311
312
313
314
315
316
317
318
319
320
321
322
323
324
325
326
327
328
329
330
331
332
333
334
335
336
337
338
339
340
341
342
343
344
345
346
347
348
349
350
351
352
353
354
355
356
357
358
359
360
361
362
363
364
365
366
367
368
369
370
371
372
373
374
375
376
377
378
379
380
381
382
383
384
385
386
387
388
389
390
391
392
393
394
395
396
397
398
399
400
401
402
403
404
405
406
407
408
409
410
411
412
413
414
415
416
417
418
419
420
421
422
423
424
425
426
427
428
429
430
431
432
433
434
435
436
437
438
439
440
441
442
443
444
445
446
447
448
449
450
451
452
453
454
455
456
457
458
459
460
461
462
463
464
465
466
467
468
469
470
471
472
473
474
475
476
477
478
479
480
481
482
483
484
485
486
487
488
489
490
491
492
493
494
495
496
497
498
499
500
501
502
503
504
505
506
507
508
509
510
511
512
513
514
515
516
517
518
519
520
521
522
523
524
525
526
527
528
529
530
531
532
533
534
535
536
537
538
539
540
541
542
543
544
545
546
547
548
549
550
551
552
553
554
555
556
557
558
559
560
561
562
563
564
565
566
567
568
569
570
571
572
573
574
575
576
577
578
579
580
581
582
583
584
585
586
587
588
589
590
591
592
593
594
595
596
597
598
599
600
601
602
603
604
605
606
607
608
609
610
611
612
613
614
615
616
617
618
619
620
621
622
623
624
625
626
627
628
629
630
631
632
633
634
635
636
637
638
639
640
641
642
643
644
645
646
647
648
649
650
651
652
653
654
655
656
657
658
659
660
661
662
663
664
665
666
667
668
669
670
671
672
673
674
675
676
677
678
679
680
681
682
683
684
685
686
687
688
689
690
691
692
693
694
695
696
697
698
699
700
701
702
703
704
705
706
707
708
709
710
711
712
713
714
715
716
717
718
719
720
721
722
723
724
725
726
727
728
729
730
731
732
733
734
735
736
737
738
739
740
741
742
743
744
745
746
747
748
749
750
751
752
753
754
755
756
757
758
759
760
761
762
763
764
765
766
767
768
769
770
771
772
773
774
775
776
777
778
779
780
781
782
783
784
785
786
787
788
789
790
791
792
793
794
795
796
797
798
799
800
801
802
803
804
805
806
807
808
809
810
811
812
813
814
815
816
817
818
819
820
821
822
823
824
825
826
827
828
829
830
831
832
833
834
835
836
837
838
839
840
841
842
843
844
845
846
847
848
849
850
851
852
853
854
855
856
857
858
859
860
861
862
863
864
865
866
867
868
869
870
871
872
873
874
875
876
877
878
879
880
881
882
883
884
885
886
887
888
889
890
891
892
893
894
895
896
897
898
899
900
901
902
903
904
905
906
907
908
909
910
911
912
913
914
915
916
917
918
919
920
921
922
923
924
925
926
927
928
929
930
931
932
933
934
935
936
937
938
939
940
941
942
943
944
945
946
947
948
949
950
951
952
953
954
955
956
957
958
959
960
961
962
963
964
965
966
967
968
969
970
971
972
973
974
975
976
977
978
979
980
981
982
983
984
985
986
987
988
989
990
991
992
993
994
995
996
997
998
999
1000
1001
1002
1003
1004
1005
1006
1007
1008
1009
1010
1011
1012
1013
1014
1015
1016
1017
1018
1019
1020
1021
1022
1023
1024
1025
1026
1027
1028
1029
1030
1031
1032
1033
1034
1035
1036
1037
1038
1039
1040
1041
1042
1043
1044
1045
1046
1047
1048
1049
1050
1051
1052
1053
1054
1055
1056
1057
1058
1059
1060
1061
1062
1063
1064
1065
1066
1067
1068
1069
1070
1071
1072
1073
1074
1075
1076
1077
1078
1079
1080
1081
1082
1083
1084
1085
1086
1087
1088
1089
1090
1091
1092
1093
1094
1095
1096
1097
1098
1099
1100
1101
1102
1103
1104
1105
1106
1107
1108
1109
1110
1111
1112
1113
1114
1115
1116
1117
1118
1119
1120
1121
1122
1123
1124
1125
1126
1127
1128
1129
1130
1131
1132
1133
1134
1135
1136
1137
1138
1139
1140
1141
1142
1143
1144
1145
1146
1147
1148
1149
1150
1151
1152
1153
1154
1155
1156
1157
1158
1159
1160
1161
1162
1163
1164
1165
1166
1167
1168
1169
1170
1171
1172
1173
1174
1175
1176
1177
1178
1179
1180
1181
1182
1183
1184
1185
1186
1187
1188
1189
1190
1191
1192
1193
1194
1195
1196
1197
1198
1199
1200
1201
1202
1203
1204
1205
1206
1207
1208
1209
1210
1211
1212
1213
1214
1215
1216
1217
1218
1219
1220
1221
1222
1223
1224
1225
1226
1227
1228
1229
1230
1231
1232
1233
1234
1235
1236
1237
1238
1239
1240
1241
1242
1243
1244
1245
1246
1247
1248
1249
1250
1251
1252
1253
1254
1255
1256
1257
1258
1259
1260
1261
1262
1263
1264
1265
1266
1267
1268
1269
1270
1271
1272
1273
1274
1275
1276
1277
1278
1279
1280
1281
1282
1283
1284
1285
1286
1287
1288
1289
1290
1291
1292
1293
1294
1295
1296
1297
1298
1299
1300
1301
1302
1303
1304
1305
1306
1307
1308
1309
1310
1311
1312
1313
1314
1315
1316
1317
1318
1319
1320
1321
1322
1323
1324
1325
1326
1327
1328
1329
1330
1331
1332
1333
1334
1335
1336
1337
1338
1339
1340
1341
1342
1343
1344
1345
1346
1347
1348
1349
1350
1351
1352
1353
1354
1355
1356
1357
1358
1359
1360
1361
1362
1363
1364
1365
1366
1367
1368
1369
1370
1371
1372
1373
1374
1375
1376
1377
1378
1379
1380
1381
1382
1383
1384
1385
1386
1387
1388
1389
1390
1391
1392
1393
1394
1395
1396
1397
1398
1399
1400
1401
1402
1403
1404
1405
1406
1407
1408
1409
1410
1411
1412
1413
1414
1415
1416
1417
1418
1419
1420
1421
1422
1423
1424
1425
1426
1427
1428
1429
1430
1431
1432
1433
1434
1435
1436
1437
1438
1439
1440
1441
1442
1443
1444
1445
1446
1447
1448
1449
1450
1451
1452
1453
1454
1455
1456
1457
1458
1459
1460
1461
1462
1463
1464
1465
1466
1467
1468
1469
1470
1471
1472
1473
1474
1475
1476
1477
1478
1479
1480
1481
1482
1483
1484
1485
1486
1487
1488
1489
1490
1491
1492
1493
1494
1495
1496
1497
1498
1499
1500
1501
1502
1503
1504
1505
1506
1507
1508
1509
1510
1511
1512
1513
1514
1515
1516
1517
1518
1519
1520
1521
1522
1523
1524
1525
1526
1527
1528
1529
1530
1531
1532
1533
1534
1535
1536
1537
1538
1539
1540
1541
1542
1543
1544
1545
1546
1547
1548
1549
1550
1551
1552
1553
1554
1555
1556
1557
1558
1559
1560
1561
1562
1563
1564
1565
1566
1567
1568
1569
1570
1571
1572
1573
1574
1575
1576
1577
1578
1579
1580
1581
1582
1583
1584
1585
1586
1587
1588
1589
1590
1591
1592
1593
1594
1595
1596
1597
1598
1599
1600
1601
1602
1603
1604
1605
1606
1607
1608
1609
1610
1611
1612
1613
1614
1615
1616
1617
1618
1619
1620
1621
1622
1623
1624
1625
1626
1627
1628
1629
1630
1631
1632
1633
1634
1635
1636
1637
1638
1639
1640
1641
1642
1643
1644
1645
1646
1647
1648
1649
1650
1651
1652
1653
1654
1655
1656
1657
1658
1659
1660
1661
1662
1663
1664
1665
1666
1667
1668
1669
1670
1671
1672
1673
1674
1675
1676
1677
1678
1679
1680
1681
1682
1683
1684
1685
1686
1687
1688
1689
1690
1691
1692
1693
1694
1695
1696
1697
1698
1699
1700
1701
1702
1703
1704
1705
1706
1707
1708
1709
1710
1711
1712
1713
1714
1715
1716
1717
1718
1719
1720
1721
1722
1723
1724
1725
1726
1727
1728
1729
1730
1731
1732
1733
1734
1735
1736
1737
1738
1739
1740
1741
1742
1743
1744
1745
1746
1747
1748
1749
1750
1751
1752
1753
1754
1755
1756
1757
1758
1759
1760
1761
1762
1763
1764
1765
1766
1767
1768
1769
1770
1771
1772
1773
1774
1775
1776
1777
1778
1779
1780
1781
1782
1783
1784
1785
1786
1787
1788
1789
1790
1791
1792
1793
1794
1795
1796
1797
1798
1799
1800
1801
1802
1803
1804
1805
1806
1807
1808
1809
1810
1811
1812
1813
1814
1815
1816
1817
1818
1819
1820
1821
1822
1823
1824
1825
1826
1827
1828
1829
1830
1831
1832
1833
1834
1835
1836
1837
1838
1839
1840
1841
1842
1843
1844
1845
1846
1847
1848
1849
1850
1851
1852
1853
1854
1855
1856
1857
1858
1859
1860
1861
1862
1863
1864
1865
1866
1867
1868
1869
1870
1871
1872
1873
1874
1875
1876
1877
1878
1879
1880
1881
1882
1883
1884
1885
1886
1887
1888
1889
1890
1891
1892
1893
1894
1895
1896
1897
1898
1899
1900
1901
1902
1903
1904
1905
1906
1907
1908
1909
1910
1911
1912
1913
1914
1915
1916
1917
1918
1919
1920
1921
1922
1923
1924
1925
1926
1927
1928
1929
1930
1931
1932
1933
1934
1935
1936
1937
1938
1939
1940
1941
1942
1943
1944
1945
1946
1947
1948
1949
1950
1951
1952
1953
1954
1955
1956
1957
1958
1959
1960
1961
1962
1963
1964
1965
1966
1967
1968
1969
1970
1971
1972
1973
1974
1975
1976
1977
1978
1979
1980
1981
1982
1983
1984
1985
1986
1987
1988
1989
1990
1991
1992
1993
1994
1995
1996
1997
1998
1999
2000
2001
2002
2003
2004
2005
2006
2007
2008
2009
2010
2011
2012
2013
2014
2015
2016
2017
2018
2019
2020
2021
2022
2023
2024
2025
2026
2027
2028
2029
2030
2031
2032
2033
2034
2035
2036
2037
2038
2039
2040
2041
2042
2043
2044
2045
2046
2047
2048
2049
2050
2051
2052
2053
2054
2055
2056
2057
2058
2059
2060
2061
2062
2063
2064
2065
2066
2067
2068
2069
2070
2071
2072
2073
2074
2075
2076
2077
2078
2079
2080
2081
2082
2083
2084
2085
2086
2087
2088
2089
2090
2091
2092
2093
2094
2095
2096
2097
2098
2099
2100
2101
2102
2103
2104
2105
2106
2107
2108
2109
2110
2111
2112
2113
2114
2115
2116
2117
2118
2119
2120
2121
2122
2123
2124
2125
2126
2127
2128
2129
2130
2131
2132
2133
2134
2135
2136
2137
2138
2139
2140
2141
2142
2143
2144
2145
2146
2147
2148
2149
2150
2151
2152
2153
2154
2155
2156
2157
2158
2159
2160
2161
2162
2163
2164
2165
2166
2167
2168
2169
2170
2171
2172
2173
2174
2175
2176
2177
2178
2179
2180
2181
2182
2183
2184
2185
2186
2187
2188
2189
2190
2191
2192
2193
2194
2195
2196
2197
2198
2199
2200
2201
2202
2203
2204
2205
2206
2207
2208
2209
2210
2211
2212
2213
2214
2215
2216
2217
2218
2219
2220
2221
2222
2223
2224
2225
2226
2227
2228
2229
2230
2231
2232
2233
2234
2235
2236
2237
2238
2239
2240
2241
2242
2243
2244
2245
2246
2247
2248
2249
2250
2251
2252
2253
2254
2255
2256
2257
2258
2259
2260
2261
2262
2263
2264
2265
2266
2267
2268
2269
2270
2271
2272
2273
2274
2275
2276
2277
2278
2279
2280
2281
2282
2283
2284
2285
2286
2287
2288
2289
2290
2291
2292
2293
2294
2295
2296
2297
2298
2299
2300
2301
2302
2303
2304
2305
2306
2307
2308
2309
2310
2311
2312
2313
2314
2315
2316
2317
2318
2319
2320
2321
2322
2323
2324
2325
2326
2327
2328
2329
2330
2331
2332
2333
2334
2335
2336
2337
2338
2339
2340
2341
2342
2343
2344
2345
2346
2347
2348
2349
2350
2351
2352
2353
2354
2355
2356
2357
2358
2359
2360
2361
2362
2363
2364
2365
2366
2367
2368
2369
2370
2371
2372
2373
2374
2375
2376
2377
2378
2379
2380
2381
2382
2383
2384
2385
2386
2387
2388
2389
2390
2391
2392
2393
2394
2395
2396
2397
2398
2399
2400
2401
2402
2403
2404
2405
2406
2407
2408
2409
2410
2411
2412
2413
2414
2415
2416
2417
2418
2419
2420
2421
2422
2423
2424
2425
2426
2427
2428
2429
2430
2431
2432
2433
2434
2435
2436
2437
2438
2439
2440
2441
2442
2443
2444
2445
2446
2447
2448
2449
2450
2451
2452
2453
2454
2455
2456
2457
2458
2459
2460
2461
2462
2463
2464
2465
2466
2467
2468
2469
2470
2471
2472
2473
2474
2475
2476
2477
2478
2479
2480
2481
2482
2483
2484
2485
2486
2487
2488
2489
2490
2491
2492
2493
2494
2495
2496
2497
2498
2499
2500
2501
2502
2503
2504
2505
2506
2507
2508
2509
2510
2511
2512
2513
2514
2515
2516
2517
2518
2519
2520
2521
2522
2523
2524
2525
2526
2527
2528
2529
2530
2531
2532
2533
2534
2535
2536
2537
2538
2539
2540
2541
2542
2543
2544
2545
2546
2547
2548
2549
2550
2551
2552
2553
2554
2555
2556
2557
2558
2559
2560
2561
2562
2563
2564
2565
2566
2567
2568
2569
2570
2571
2572
2573
2574
2575
2576
2577
2578
2579
2580
2581
2582
2583
2584
2585
2586
2587
2588
2589
2590
2591
2592
2593
2594
2595
2596
2597
2598
2599
2600
2601
2602
2603
2604
2605
2606
2607
2608
2609
2610
2611
2612
2613
2614
2615
2616
2617
2618
2619
2620
2621
2622
2623
2624
2625
2626
2627
2628
2629
2630
2631
2632
2633
2634
2635
2636
2637
2638
2639
2640
2641
2642
2643
2644
2645
2646
2647
2648
2649
2650
2651
2652
2653
2654
2655
2656
2657
2658
2659
2660
2661
2662
2663
2664
2665
2666
2667
2668
2669
2670
2671
2672
2673
2674
2675
2676
2677
2678
2679
2680
2681
2682
2683
2684
2685
2686
2687
2688
2689
2690
2691
2692
2693
2694
2695
2696
2697
2698
2699
2700
2701
2702
2703
2704
2705
2706
2707
2708
2709
2710
2711
2712
2713
2714
2715
2716
2717
2718
2719
2720
2721
2722
2723
2724
2725
2726
2727
2728
2729
2730
2731
2732
2733
2734
2735
2736
2737
2738
2739
2740
2741
2742
2743
2744
2745
2746
2747
2748
2749
2750
2751
2752
2753
2754
2755
2756
2757
2758
2759
2760
2761
2762
2763
2764
2765
2766
2767
2768
2769
2770
2771
2772
2773
2774
2775
2776
2777
2778
2779
2780
2781
2782
2783
2784
2785
2786
2787
2788
2789
2790
2791
2792
2793
2794
2795
2796
2797
2798
2799
2800
2801
2802
2803
2804
2805
2806
2807
2808
2809
2810
2811
2812
2813
2814
2815
2816
2817
2818
2819
2820
2821
2822
2823
2824
2825
2826
2827
2828
2829
2830
2831
2832
2833
2834
2835
2836
2837
2838
2839
2840
2841
2842
2843
2844
2845
2846
2847
2848
2849
2850
2851
2852
2853
2854
2855
2856
2857
2858
2859
2860
2861
2862
2863
2864
2865
2866
2867
2868
2869
2870
2871
2872
2873
2874
2875
2876
2877
2878
2879
2880
2881
2882
2883
2884
2885
2886
2887
2888
2889
2890
2891
2892
2893
2894
2895
2896
2897
2898
2899
2900
2901
2902
2903
2904
2905
2906
2907
2908
2909
2910
2911
2912
2913
2914
2915
2916
2917
2918
2919
2920
2921
2922
2923
2924
2925
2926
2927
2928
2929
2930
2931
2932
2933
2934
2935
2936
2937
2938
2939
2940
2941
2942
2943
2944
2945
2946
2947
2948
2949
2950
2951
2952
2953
2954
2955
2956
2957
2958
2959
2960
2961
2962
2963
2964
2965
2966
2967
2968
2969
2970
2971
2972
2973
2974
2975
2976
2977
2978
2979
2980
2981
2982
2983
2984
2985
2986
2987
2988
2989
2990
2991
2992
2993
2994
2995
2996
2997
2998
2999
3000
3001
3002
3003
3004
3005
3006
3007
3008
3009
3010
3011
3012
3013
3014
3015
3016
3017
3018
3019
3020
3021
3022
3023
3024
3025
3026
3027
3028
3029
3030
3031
3032
3033
3034
3035
3036
3037
3038
3039
3040
3041
3042
3043
3044
3045
3046
3047
3048
3049
3050
3051
3052
3053
3054
3055
3056
3057
3058
3059
3060
3061
3062
3063
3064
3065
3066
3067
3068
3069
3070
3071
3072
3073
3074
3075
3076
3077
3078
3079
3080
3081
3082
3083
3084
3085
3086
3087
3088
3089
3090
3091
3092
3093
3094
3095
3096
3097
3098
3099
3100
3101
3102
3103
3104
3105
3106
3107
3108
3109
3110
3111
3112
3113
3114
3115
3116
3117
3118
3119
3120
3121
3122
3123
3124
3125
3126
3127
3128
3129
3130
3131
3132
3133
3134
3135
3136
3137
3138
3139
3140
3141
3142
3143
3144
3145
3146
3147
3148
3149
3150
3151
3152
3153
3154
3155
3156
3157
3158
3159
3160
3161
3162
3163
3164
3165
3166
3167
3168
3169
3170
3171
3172
3173
3174
3175
3176
3177
3178
3179
3180
3181
3182
3183
3184
3185
3186
3187
3188
3189
3190
3191
3192
3193
3194
3195
3196
3197
3198
3199
3200
3201
3202
3203
3204
3205
3206
3207
3208
3209
3210
3211
3212
3213
3214
3215
3216
3217
3218
3219
3220
3221
3222
3223
3224
3225
3226
3227
3228
3229
3230
3231
3232
3233
3234
3235
3236
3237
3238
3239
3240
3241
3242
3243
3244
3245
3246
3247
3248
3249
3250
3251
3252
3253
3254
3255
3256
3257
3258
3259
3260
3261
3262
3263
3264
3265
3266
3267
3268
3269
3270
3271
3272
3273
3274
3275
3276
3277
3278
3279
3280
3281
3282
3283
3284
3285
3286
3287
3288
3289
3290
3291
3292
3293
3294
3295
3296
3297
3298
3299
3300
3301
3302
3303
3304
3305
3306
3307
3308
3309
3310
3311
3312
3313
3314
3315
3316
3317
3318
3319
3320
3321
3322
3323
3324
3325
3326
3327
3328
3329
3330
3331
3332
3333
3334
3335
3336
3337
3338
3339
3340
3341
3342
3343
3344
3345
3346
3347
3348
3349
3350
3351
3352
3353
3354
3355
3356
3357
3358
3359
3360
3361
3362
3363
3364
3365
3366
3367
3368
3369
3370
3371
3372
3373
3374
3375
3376
3377
3378
3379
3380
3381
3382
3383
3384
3385
3386
3387
3388
3389
3390
3391
3392
3393
3394
3395
3396
3397
3398
3399
3400
3401
3402
3403
3404
3405
3406
3407
3408
3409
3410
3411
3412
3413
3414
3415
3416
3417
3418
3419
3420
3421
3422
3423
3424
3425
3426
3427
3428
3429
3430
3431
3432
3433
3434
3435
3436
3437
3438
3439
3440
3441
3442
3443
3444
3445
3446
3447
3448
3449
3450
3451
3452
3453
3454
3455
3456
3457
3458
3459
3460
3461
3462
3463
3464
3465
3466
3467
3468
3469
3470
3471
3472
3473
3474
3475
3476
3477
3478
3479
3480
3481
3482
3483
3484
3485
3486
3487
3488
3489
3490
3491
3492
3493
3494
3495
3496
3497
3498
3499
3500
3501
3502
3503
3504
3505
3506
3507
3508
3509
3510
3511
3512
3513
3514
3515
3516
3517
3518
3519
3520
3521
3522
3523
3524
3525
3526
3527
3528
3529
3530
3531
3532
3533
3534
3535
3536
3537
3538
3539
3540
3541
3542
3543
3544
3545
3546
3547
3548
3549
3550
3551
3552
3553
3554
3555
3556
3557
3558
3559
3560
3561
3562
3563
3564
3565
3566
3567
3568
3569
3570
3571
3572
3573
3574
3575
3576
3577
3578
3579
3580
3581
3582
3583
3584
3585
3586
3587
3588
3589
3590
3591
3592
3593
3594
3595
3596
3597
3598
3599
3600
3601
3602
3603
3604
3605
3606
3607
3608
3609
3610
3611
3612
3613
3614
3615
3616
3617
3618
3619
3620
3621
3622
3623
3624
3625
3626
3627
3628
3629
3630
3631
3632
3633
3634
3635
3636
3637
3638
3639
3640
3641
3642
3643
3644
3645
3646
3647
3648
3649
3650
3651
3652
3653
3654
3655
3656
3657
3658
3659
3660
3661
3662
3663
3664
3665
3666
3667
3668
3669
3670
3671
3672
3673
3674
3675
3676
3677
3678
3679
3680
3681
3682
3683
3684
3685
3686
3687
3688
3689
3690
3691
3692
3693
3694
3695
3696
3697
3698
3699
3700
3701
3702
3703
3704
3705
3706
3707
3708
3709
3710
3711
3712
3713
3714
3715
3716
3717
3718
3719
3720
3721
3722
3723
3724
3725
3726
3727
3728
3729
3730
3731
3732
3733
3734
3735
3736
3737
3738
3739
3740
3741
3742
3743
3744
3745
3746
3747
3748
3749
3750
3751
3752
3753
3754
3755
3756
3757
3758
3759
3760
3761
3762
3763
3764
3765
3766
3767
3768
3769
3770
3771
3772
3773
3774
3775
3776
3777
3778
3779
3780
3781
3782
3783
3784
3785
3786
3787
3788
3789
3790
3791
3792
3793
3794
3795
3796
3797
3798
3799
3800
3801
3802
3803
3804
3805
3806
3807
3808
3809
3810
3811
3812
3813
3814
3815
3816
3817
3818
3819
3820
3821
3822
3823
3824
3825
3826
3827
3828
3829
3830
3831
3832
3833
3834
3835
3836
3837
3838
3839
3840
3841
3842
3843
3844
3845
3846
3847
3848
3849
3850
3851
3852
3853
3854
3855
3856
3857
3858
3859
3860
3861
3862
3863
3864
3865
3866
3867
3868
3869
3870
3871
3872
3873
3874
3875
3876
3877
3878
3879
3880
3881
3882
3883
3884
3885
3886
3887
3888
3889
3890
3891
3892
3893
3894
3895
3896
3897
3898
3899
3900
3901
3902
3903
3904
3905
3906
3907
3908
3909
3910
3911
3912
3913
3914
3915
3916
3917
3918
3919
3920
3921
3922
3923
3924
3925
3926
3927
3928
3929
3930
3931
3932
3933
3934
3935
3936
3937
3938
3939
3940
3941
3942
3943
3944
3945
3946
3947
3948
3949
3950
3951
3952
3953
3954
3955
3956
3957
3958
3959
3960
3961
3962
3963
3964
3965
3966
3967
3968
3969
3970
3971
3972
3973
3974
3975
3976
3977
3978
3979
3980
3981
3982
3983
3984
3985
3986
3987
3988
3989
3990
3991
3992
3993
3994
3995
3996
3997
3998
3999
4000
4001
4002
4003
4004
4005
4006
4007
4008
4009
4010
4011
4012
4013
4014
4015
4016
4017
4018
4019
4020
4021
4022
4023
4024
4025
4026
4027
4028
4029
4030
4031
4032
4033
4034
4035
4036
4037
4038
4039
4040
4041
4042
4043
4044
4045
4046
4047
4048
4049
4050
4051
4052
4053
4054
4055
4056
4057
4058
4059
4060
4061
4062
4063
4064
4065
4066
4067
4068
4069
4070
4071
4072
4073
4074
4075
4076
4077
4078
4079
4080
4081
4082
4083
4084
4085
4086
4087
4088
4089
4090
4091
4092
4093
4094
4095
4096
4097
4098
4099
4100
4101
4102
4103
4104
4105
4106
4107
4108
4109
4110
4111
4112
4113
4114
4115
4116
4117
4118
4119
4120
4121
4122
4123
4124
4125
4126
4127
4128
4129
4130
4131
4132
4133
4134
4135
4136
4137
4138
4139
4140
4141
4142
4143
4144
4145
4146
4147
4148
4149
4150
4151
4152
4153
4154
4155
4156
4157
4158
4159
4160
4161
4162
4163
4164
4165
4166
4167
4168
4169
4170
4171
4172
4173
4174
4175
4176
4177
4178
4179
4180
4181
4182
4183
4184
4185
4186
4187
4188
4189
4190
4191
4192
4193
4194
4195
4196
4197
4198
4199
4200
4201
4202
4203
4204
4205
4206
4207
4208
4209
4210
4211
4212
4213
4214
4215
4216
4217
4218
4219
4220
4221
4222
4223
4224
4225
4226
4227
4228
4229
4230
4231
4232
4233
4234
4235
4236
4237
4238
4239
4240
4241
4242
4243
4244
4245
4246
4247
4248
4249
4250
4251
4252
4253
4254
4255
4256
4257
4258
4259
4260
4261
4262
4263
4264
4265
4266
4267
4268
4269
4270
4271
4272
4273
4274
4275
4276
4277
4278
4279
4280
4281
4282
4283
4284
4285
4286
4287
4288
4289
4290
4291
4292
4293
4294
4295
4296
4297
4298
4299
4300
4301
4302
4303
4304
4305
4306
4307
4308
4309
4310
4311
4312
4313
4314
4315
4316
4317
4318
4319
4320
4321
4322
4323
4324
4325
4326
4327
4328
4329
4330
4331
4332
4333
4334
4335
4336
4337
4338
4339
4340
4341
4342
4343
4344
4345
4346
4347
4348
4349
4350
4351
4352
4353
4354
4355
4356
4357
4358
4359
4360
4361
4362
4363
4364
4365
4366
4367
4368
4369
4370
4371
4372
4373
4374
4375
4376
4377
4378
4379
4380
4381
4382
4383
4384
4385
4386
4387
4388
4389
4390
4391
4392
4393
4394
4395
4396
4397
4398
4399
4400
4401
4402
4403
4404
4405
4406
4407
4408
4409
4410
4411
4412
4413
4414
4415
4416
4417
4418
4419
4420
4421
4422
4423
4424
4425
4426
4427
4428
4429
4430
4431
4432
4433
4434
4435
4436
4437
4438
4439
4440
4441
4442
4443
4444
4445
4446
4447
4448
4449
4450
4451
4452
4453
4454
4455
4456
4457
4458
4459
4460
4461
4462
4463
4464
4465
4466
4467
4468
4469
4470
4471
4472
4473
4474
4475
4476
4477
4478
4479
4480
4481
4482
4483
4484
4485
4486
4487
4488
4489
4490
4491
4492
4493
4494
4495
4496
4497
4498
4499
4500
4501
4502
4503
4504
4505
4506
4507
4508
4509
4510
4511
4512
4513
4514
4515
4516
4517
4518
4519
4520
4521
4522
4523
4524
4525
4526
4527
4528
4529
4530
4531
4532
4533
4534
4535
4536
4537
4538
4539
4540
4541
4542
4543
4544
4545
4546
4547
4548
4549
4550
4551
4552
4553
4554
4555
4556
4557
4558
4559
4560
4561
4562
4563
4564
4565
4566
4567
4568
4569
4570
4571
4572
4573
4574
4575
4576
4577
4578
4579
4580
4581
4582
4583
4584
4585
4586
4587
4588
4589
4590
4591
4592
4593
4594
4595
4596
4597
4598
4599
4600
4601
4602
4603
4604
4605
4606
4607
4608
4609
4610
4611
4612
4613
4614
4615
4616
4617
4618
4619
4620
4621
4622
4623
4624
4625
4626
4627
4628
4629
4630
4631
4632
4633
4634
4635
4636
4637
4638
4639
4640
4641
4642
4643
4644
4645
4646
4647
4648
4649
4650
4651
4652
4653
4654
4655
4656
4657
4658
4659
4660
4661
4662
4663
4664
4665
4666
4667
4668
4669
4670
4671
4672
4673
4674
4675
4676
4677
4678
4679
4680
4681
4682
4683
4684
4685
4686
4687
4688
4689
4690
4691
4692
4693
4694
4695
4696
4697
4698
4699
4700
4701
4702
4703
4704
4705
4706
4707
4708
4709
4710
4711
4712
4713
4714
4715
4716
4717
4718
4719
4720
4721
4722
4723
4724
4725
4726
4727
4728
4729
4730
4731
4732
4733
4734
4735
4736
4737
4738
4739
4740
4741
4742
4743
4744
4745
4746
4747
4748
4749
4750
4751
4752
4753
4754
4755
4756
4757
4758
4759
4760
4761
4762
4763
4764
4765
4766
4767
4768
4769
4770
4771
4772
4773
4774
4775
4776
4777
4778
4779
4780
4781
4782
4783
4784
4785
4786
4787
4788
4789
4790
4791
4792
4793
4794
4795
4796
4797
4798
4799
4800
4801
4802
4803
4804
4805
4806
4807
4808
4809
4810
4811
4812
4813
4814
4815
4816
4817
4818
4819
4820
4821
4822
4823
4824
4825
4826
4827
4828
4829
4830
4831
4832
4833
4834
4835
4836
4837
4838
4839
4840
4841
4842
4843
4844
4845
4846
4847
4848
4849
4850
4851
4852
4853
4854
4855
4856
4857
4858
4859
4860
4861
4862
4863
4864
4865
4866
4867
4868
4869
4870
4871
4872
4873
4874
4875
4876
4877
4878
4879
4880
4881
4882
4883
4884
4885
4886
4887
4888
4889
4890
4891
4892
4893
4894
4895
4896
4897
4898
4899
4900
4901
4902
4903
4904
4905
4906
4907
4908
4909
4910
4911
4912
4913
4914
4915
4916
4917
4918
4919
4920
4921
4922
4923
4924
4925
4926
4927
4928
4929
4930
4931
4932
4933
4934
4935
4936
4937
4938
4939
4940
4941
4942
4943
4944
4945
4946
4947
4948
4949
4950
4951
4952
4953
4954
4955
4956
4957
4958
4959
4960
4961
4962
4963
4964
4965
4966
4967
4968
4969
4970
4971
4972
4973
4974
4975
4976
4977
4978
4979
4980
4981
4982
4983
4984
4985
4986
4987
4988
4989
4990
4991
4992
4993
4994
4995
4996
4997
4998
4999
5000
5001
5002
5003
5004
5005
5006
5007
5008
5009
5010
5011
5012
5013
5014
5015
5016
5017
5018
5019
5020
5021
5022
5023
5024
5025
5026
5027
5028
5029
5030
5031
5032
5033
5034
5035
5036
5037
5038
5039
5040
5041
5042
5043
5044
5045
5046
5047
5048
5049
5050
5051
5052
5053
5054
5055
5056
5057
5058
5059
5060
5061
5062
5063
5064
5065
5066
5067
5068
5069
5070
5071
5072
5073
5074
5075
5076
5077
5078
5079
5080
5081
5082
5083
5084
5085
5086
5087
5088
5089
5090
5091
5092
5093
5094
5095
5096
5097
5098
5099
5100
5101
5102
5103
5104
5105
5106
5107
5108
5109
5110
5111
5112
5113
5114
5115
5116
5117
5118
5119
5120
5121
5122
5123
5124
5125
5126
5127
5128
5129
5130
5131
5132
5133
5134
5135
5136
5137
5138
5139
5140
5141
5142
5143
5144
5145
5146
5147
5148
5149
5150
5151
5152
5153
5154
5155
5156
5157
5158
5159
5160
5161
5162
5163
5164
5165
5166
5167
5168
5169
5170
5171
5172
5173
5174
5175
5176
5177
5178
5179
5180
5181
5182
5183
5184
5185
5186
5187
5188
5189
5190
5191
5192
5193
5194
5195
5196
5197
5198
5199
5200
5201
5202
5203
5204
5205
5206
5207
5208
5209
5210
5211
5212
5213
5214
5215
5216
5217
5218
5219
5220
5221
5222
5223
5224
5225
5226
5227
5228
5229
5230
5231
5232
5233
5234
5235
5236
5237
5238
5239
5240
5241
5242
5243
5244
5245
5246
5247
5248
5249
5250
5251
5252
5253
5254
5255
5256
5257
5258
5259
5260
5261
5262
5263
5264
5265
5266
5267
5268
5269
5270
5271
5272
5273
5274
5275
5276
5277
5278
5279
5280
5281
5282
5283
5284
5285
5286
5287
5288
5289
5290
5291
5292
5293
5294
5295
5296
5297
5298
5299
5300
5301
5302
5303
5304
5305
5306
5307
5308
5309
5310
5311
5312
5313
5314
5315
5316
5317
5318
5319
5320
5321
5322
5323
5324
5325
5326
5327
5328
5329
5330
5331
5332
5333
5334
5335
5336
5337
5338
5339
5340
5341
5342
5343
5344
5345
5346
5347
5348
5349
5350
5351
5352
5353
5354
5355
5356
5357
5358
5359
5360
5361
5362
5363
5364
5365
5366
5367
5368
5369
5370
5371
5372
5373
5374
5375
5376
5377
5378
5379
5380
5381
5382
5383
5384
5385
5386
5387
5388
5389
5390
5391
5392
5393
5394
5395
5396
5397
5398
5399
5400
5401
5402
5403
5404
5405
5406
5407
5408
5409
5410
5411
5412
5413
5414
5415
5416
5417
5418
5419
5420
5421
5422
5423
5424
5425
5426
5427
5428
5429
5430
5431
5432
5433
5434
5435
5436
5437
5438
5439
5440
5441
5442
5443
5444
5445
5446
5447
5448
5449
5450
5451
5452
5453
5454
5455
5456
5457
5458
5459
5460
5461
5462
5463
5464
5465
5466
5467
5468
5469
5470
5471
5472
5473
5474
5475
5476
5477
5478
5479
5480
5481
5482
5483
5484
5485
5486
5487
5488
5489
5490
5491
5492
5493
5494
5495
5496
5497
5498
5499
5500
5501
5502
5503
5504
5505
5506
5507
5508
5509
5510
5511
5512
5513
5514
5515
5516
5517
5518
5519
5520
5521
5522
5523
5524
5525
5526
5527
5528
5529
5530
5531
5532
5533
5534
5535
5536
5537
5538
5539
5540
5541
5542
5543
5544
5545
5546
5547
5548
5549
5550
5551
5552
5553
5554
5555
5556
5557
5558
5559
5560
5561
5562
5563
5564
5565
5566
5567
5568
5569
5570
5571
5572
5573
5574
5575
5576
5577
5578
5579
5580
5581
5582
5583
5584
5585
5586
5587
5588
5589
5590
5591
5592
5593
5594
5595
5596
5597
5598
5599
5600
5601
5602
5603
5604
5605
5606
5607
5608
5609
5610
5611
5612
5613
5614
5615
5616
5617
5618
5619
5620
5621
5622
5623
5624
5625
5626
5627
5628
5629
5630
5631
5632
5633
5634
5635
5636
5637
5638
5639
5640
5641
5642
5643
5644
5645
5646
5647
5648
5649
5650
5651
5652
5653
5654
5655
5656
5657
5658
5659
5660
5661
5662
5663
5664
5665
5666
5667
5668
5669
5670
5671
5672
5673
5674
5675
5676
5677
5678
5679
5680
5681
5682
5683
5684
5685
5686
5687
5688
5689
5690
5691
5692
5693
5694
5695
5696
5697
5698
5699
5700
5701
5702
5703
5704
5705
5706
5707
5708
5709
5710
5711
5712
5713
5714
5715
5716
5717
5718
5719
5720
5721
5722
5723
5724
5725
5726
5727
5728
5729
5730
5731
5732
5733
5734
5735
5736
5737
5738
5739
5740
5741
5742
5743
5744
5745
5746
5747
5748
5749
5750
5751
5752
5753
5754
5755
5756
5757
5758
5759
5760
5761
5762
5763
5764
5765
5766
5767
5768
5769
5770
5771
5772
5773
5774
5775
5776
5777
5778
5779
5780
5781
5782
5783
5784
5785
5786
5787
5788
5789
5790
5791
5792
5793
5794
5795
5796
5797
5798
5799
5800
5801
5802
5803
5804
5805
5806
5807
5808
5809
5810
5811
5812
5813
5814
5815
5816
5817
5818
5819
5820
5821
5822
5823
5824
5825
5826
5827
5828
5829
5830
5831
5832
5833
5834
5835
5836
5837
5838
5839
5840
5841
5842
5843
5844
5845
5846
5847
5848
5849
5850
5851
5852
5853
5854
5855
5856
5857
5858
5859
5860
5861
5862
5863
5864
5865
5866
5867
5868
5869
5870
5871
5872
5873
5874
5875
5876
5877
5878
5879
5880
5881
5882
5883
5884
5885
5886
5887
5888
5889
5890
5891
5892
5893
5894
5895
5896
5897
5898
5899
5900
5901
5902
5903
5904
5905
5906
5907
5908
5909
5910
5911
5912
5913
5914
5915
5916
5917
5918
5919
5920
5921
5922
5923
5924
5925
5926
5927
5928
5929
5930
5931
5932
5933
5934
5935
5936
5937
5938
5939
5940
5941
5942
5943
5944
5945
5946
5947
5948
5949
5950
5951
5952
5953
5954
5955
5956
5957
5958
5959
5960
5961
5962
5963
5964
5965
5966
5967
5968
5969
5970
5971
5972
5973
5974
5975
5976
5977
5978
5979
5980
5981
5982
5983
5984
5985
5986
5987
5988
5989
5990
5991
5992
5993
5994
5995
5996
5997
5998
5999
6000
6001
6002
6003
6004
6005
6006
6007
6008
6009
6010
6011
6012
6013
6014
6015
6016
6017
6018
6019
6020
6021
6022
6023
6024
6025
6026
6027
6028
6029
6030
6031
6032
6033
6034
6035
6036
6037
6038
6039
6040
6041
6042
6043
6044
6045
6046
6047
6048
6049
6050
6051
6052
6053
6054
6055
6056
6057
6058
6059
6060
6061
6062
6063
6064
6065
6066
6067
6068
6069
6070
6071
6072
6073
6074
6075
6076
6077
6078
6079
6080
6081
6082
6083
6084
6085
6086
6087
6088
6089
6090
6091
6092
6093
6094
6095
6096
6097
6098
6099
6100
6101
6102
6103
6104
6105
6106
6107
6108
6109
6110
6111
6112
6113
6114
6115
6116
6117
6118
6119
6120
6121
6122
6123
6124
6125
6126
6127
6128
6129
6130
6131
6132
6133
6134
6135
6136
6137
6138
6139
6140
6141
6142
6143
6144
6145
6146
6147
6148
6149
6150
6151
6152
6153
6154
6155
6156
6157
6158
6159
6160
6161
6162
6163
6164
6165
6166
6167
6168
6169
6170
6171
6172
6173
6174
6175
6176
6177
6178
6179
6180
6181
6182
6183
6184
6185
6186
6187
6188
6189
6190
6191
6192
6193
6194
6195
6196
6197
6198
6199
6200
6201
6202
6203
6204
6205
6206
6207
6208
6209
6210
6211
6212
6213
6214
6215
6216
6217
6218
6219
6220
6221
6222
6223
6224
6225
6226
6227
6228
6229
6230
6231
6232
6233
6234
6235
6236
6237
6238
6239
6240
6241
6242
6243
6244
6245
6246
6247
6248
6249
6250
6251
6252
6253
6254
6255
6256
6257
6258
6259
6260
6261
6262
6263
6264
6265
6266
6267
6268
6269
6270
6271
6272
6273
6274
6275
6276
6277
6278
6279
6280
6281
6282
6283
6284
6285
6286
6287
6288
6289
6290
6291
6292
6293
6294
6295
6296
6297
6298
6299
6300
6301
6302
6303
6304
6305
6306
6307
6308
6309
6310
6311
6312
6313
6314
6315
6316
6317
6318
6319
6320
6321
6322
6323
6324
6325
6326
6327
6328
6329
6330
6331
6332
6333
6334
6335
6336
6337
6338
6339
6340
6341
6342
6343
6344
6345
6346
6347
6348
6349
6350
6351
6352
6353
6354
6355
6356
6357
6358
6359
6360
6361
6362
6363
6364
6365
6366
6367
6368
6369
6370
6371
6372
6373
6374
6375
6376
6377
6378
6379
6380
6381
6382
6383
6384
6385
6386
6387
6388
6389
6390
6391
6392
6393
6394
6395
6396
6397
6398
6399
6400
6401
6402
6403
6404
6405
6406
6407
6408
6409
6410
6411
6412
6413
6414
6415
6416
6417
6418
6419
6420
6421
6422
6423
6424
6425
6426
6427
6428
6429
6430
6431
6432
6433
6434
6435
6436
6437
6438
6439
6440
6441
6442
6443
6444
6445
6446
6447
6448
6449
6450
6451
6452
6453
6454
6455
6456
6457
6458
6459
6460
6461
6462
6463
6464
6465
6466
6467
6468
6469
6470
6471
6472
6473
6474
6475
6476
6477
6478
6479
6480
6481
6482
6483
6484
6485
6486
6487
6488
6489
6490
6491
6492
6493
6494
6495
6496
6497
6498
6499
6500
6501
6502
6503
6504
6505
6506
6507
6508
6509
6510
6511
6512
6513
6514
6515
6516
6517
6518
6519
6520
6521
6522
6523
6524
6525
6526
6527
6528
6529
6530
6531
6532
6533
6534
6535
6536
6537
6538
6539
6540
6541
6542
6543
6544
6545
6546
6547
6548
6549
6550
6551
6552
6553
6554
6555
6556
6557
6558
6559
6560
6561
6562
6563
6564
6565
6566
6567
6568
6569
6570
6571
6572
6573
6574
6575
6576
6577
6578
6579
6580
6581
6582
6583
6584
6585
6586
6587
6588
6589
6590
6591
6592
6593
6594
6595
6596
6597
6598
6599
6600
6601
6602
6603
6604
6605
6606
6607
6608
6609
6610
6611
6612
6613
6614
6615
6616
6617
6618
6619
6620
6621
6622
6623
6624
6625
6626
6627
6628
6629
6630
6631
6632
6633
6634
6635
6636
6637
6638
6639
6640
6641
6642
6643
6644
6645
6646
6647
6648
6649
6650
6651
6652
6653
6654
6655
6656
6657
6658
6659
6660
6661
6662
6663
6664
6665
6666
6667
6668
6669
6670
6671
6672
6673
6674
6675
6676
6677
6678
6679
6680
6681
6682
6683
6684
6685
6686
6687
6688
6689
6690
6691
6692
6693
6694
6695
6696
6697
6698
6699
6700
6701
6702
6703
6704
6705
6706
6707
6708
6709
6710
6711
6712
6713
6714
6715
6716
6717
6718
6719
6720
6721
6722
6723
6724
6725
6726
6727
6728
6729
6730
6731
6732
6733
6734
6735
6736
6737
6738
6739
6740
6741
6742
6743
6744
6745
6746
6747
6748
6749
6750
6751
6752
6753
6754
6755
6756
6757
6758
6759
6760
6761
6762
6763
6764
6765
6766
6767
6768
6769
6770
6771
6772
6773
6774
6775
6776
6777
6778
6779
6780
6781
6782
6783
6784
6785
6786
6787
6788
6789
6790
6791
6792
6793
6794
6795
6796
6797
6798
6799
6800
6801
6802
6803
6804
6805
6806
6807
6808
6809
6810
6811
6812
6813
6814
6815
6816
6817
6818
6819
6820
6821
6822
6823
6824
6825
6826
6827
6828
6829
6830
6831
6832
6833
6834
6835
6836
6837
6838
6839
6840
6841
6842
6843
6844
6845
6846
6847
6848
6849
6850
6851
6852
6853
6854
6855
6856
6857
6858
6859
6860
6861
6862
6863
6864
6865
6866
6867
6868
6869
6870
6871
6872
6873
6874
6875
6876
6877
6878
6879
6880
6881
6882
6883
6884
6885
6886
6887
6888
6889
6890
6891
6892
6893
6894
6895
6896
6897
6898
6899
6900
6901
6902
6903
6904
6905
6906
6907
6908
6909
6910
6911
6912
6913
6914
6915
6916
6917
6918
6919
6920
6921
6922
6923
6924
6925
6926
6927
6928
6929
6930
6931
6932
6933
6934
6935
6936
6937
6938
6939
6940
6941
6942
6943
6944
6945
6946
6947
6948
6949
6950
6951
6952
6953
6954
6955
6956
6957
6958
6959
6960
6961
6962
6963
6964
6965
6966
6967
6968
6969
6970
6971
6972
6973
6974
6975
6976
6977
6978
6979
6980
6981
6982
6983
6984
6985
6986
6987
6988
6989
6990
6991
6992
6993
6994
6995
6996
6997
6998
6999
7000
7001
7002
7003
7004
7005
7006
7007
7008
7009
7010
7011
7012
7013
7014
7015
7016
7017
7018
7019
7020
7021
7022
7023
7024
7025
7026
7027
7028
7029
7030
7031
7032
7033
7034
7035
7036
7037
7038
7039
7040
7041
7042
7043
7044
7045
7046
7047
7048
7049
7050
7051
7052
7053
7054
7055
7056
7057
7058
7059
7060
7061
7062
7063
7064
7065
7066
7067
7068
7069
7070
7071
7072
7073
7074
7075
7076
7077
7078
7079
7080
7081
7082
7083
7084
7085
7086
7087
7088
7089
7090
7091
7092
7093
7094
7095
7096
7097
7098
7099
7100
7101
7102
7103
7104
7105
7106
7107
7108
7109
7110
7111
7112
7113
7114
7115
7116
7117
7118
7119
7120
7121
7122
7123
7124
7125
7126
7127
7128
7129
7130
7131
7132
7133
7134
7135
7136
7137
7138
7139
7140
7141
7142
7143
7144
7145
7146
7147
7148
7149
7150
7151
7152
7153
7154
7155
7156
7157
7158
7159
7160
7161
7162
7163
7164
7165
7166
7167
7168
7169
7170
7171
7172
7173
7174
7175
7176
7177
7178
7179
7180
7181
7182
7183
7184
7185
7186
7187
7188
7189
7190
7191
7192
7193
7194
7195
7196
7197
7198
7199
7200
7201
7202
7203
7204
7205
7206
7207
7208
7209
7210
7211
7212
7213
7214
7215
7216
7217
7218
7219
7220
7221
7222
7223
7224
7225
7226
7227
7228
7229
7230
7231
7232
7233
7234
7235
7236
7237
7238
7239
7240
7241
7242
7243
7244
7245
7246
7247
7248
7249
7250
7251
7252
7253
7254
7255
7256
7257
7258
7259
7260
7261
7262
7263
7264
7265
7266
7267
7268
7269
7270
7271
7272
7273
7274
7275
7276
7277
7278
7279
7280
7281
7282
7283
7284
7285
7286
7287
7288
7289
7290
7291
7292
7293
7294
7295
7296
7297
7298
7299
7300
7301
7302
7303
7304
7305
7306
7307
7308
7309
7310
7311
7312
7313
7314
7315
7316
7317
7318
7319
7320
7321
7322
7323
7324
7325
7326
7327
7328
7329
7330
7331
7332
7333
7334
7335
7336
7337
7338
7339
7340
7341
7342
7343
7344
7345
7346
7347
7348
7349
7350
7351
7352
7353
7354
7355
7356
7357
7358
7359
7360
7361
7362
7363
7364
7365
7366
7367
7368
7369
7370
7371
7372
7373
7374
7375
7376
7377
7378
7379
7380
7381
7382
7383
7384
7385
7386
7387
7388
7389
7390
7391
7392
7393
7394
7395
7396
7397
7398
7399
7400
7401
7402
7403
7404
7405
7406
7407
7408
7409
7410
7411
7412
7413
7414
7415
7416
7417
7418
7419
7420
7421
7422
7423
7424
7425
7426
7427
7428
7429
7430
7431
7432
7433
7434
7435
7436
7437
7438
7439
7440
7441
7442
7443
7444
7445
7446
7447
7448
7449
7450
7451
7452
7453
7454
7455
7456
7457
7458
7459
7460
7461
7462
7463
7464
7465
7466
7467
7468
7469
7470
7471
7472
7473
7474
7475
7476
7477
7478
7479
7480
7481
7482
7483
7484
7485
7486
7487
7488
7489
7490
7491
7492
7493
7494
7495
7496
7497
7498
7499
7500
7501
7502
7503
7504
7505
7506
7507
7508
7509
7510
7511
7512
7513
7514
7515
7516
7517
7518
7519
7520
7521
7522
7523
7524
7525
7526
7527
7528
7529
7530
7531
7532
7533
7534
7535
7536
7537
7538
7539
7540
7541
7542
7543
7544
7545
7546
7547
7548
7549
7550
7551
7552
7553
7554
7555
7556
7557
7558
7559
7560
7561
7562
7563
7564
7565
7566
7567
7568
7569
7570
7571
7572
7573
7574
7575
7576
7577
7578
7579
7580
7581
7582
7583
7584
7585
7586
7587
7588
7589
7590
7591
7592
7593
7594
7595
7596
7597
7598
7599
7600
7601
7602
7603
7604
7605
7606
7607
7608
7609
7610
7611
7612
7613
7614
7615
7616
7617
7618
7619
7620
7621
7622
7623
7624
7625
7626
7627
7628
7629
7630
7631
7632
7633
7634
7635
7636
7637
7638
7639
7640
7641
7642
7643
7644
7645
7646
7647
7648
7649
7650
7651
7652
7653
7654
7655
7656
7657
7658
7659
7660
7661
7662
7663
7664
7665
7666
7667
7668
7669
7670
7671
7672
7673
7674
7675
7676
7677
7678
7679
7680
7681
7682
7683
7684
7685
7686
7687
7688
7689
7690
7691
7692
7693
7694
7695
7696
7697
7698
7699
7700
7701
7702
7703
7704
7705
7706
7707
7708
7709
7710
7711
7712
7713
7714
7715
7716
7717
7718
7719
7720
7721
7722
7723
7724
7725
7726
7727
7728
7729
7730
7731
7732
7733
7734
7735
7736
7737
7738
7739
7740
7741
7742
7743
7744
7745
7746
7747
7748
7749
7750
7751
7752
7753
7754
7755
7756
7757
7758
7759
7760
7761
7762
7763
7764
7765
7766
7767
7768
7769
7770
7771
7772
7773
7774
7775
7776
7777
7778
7779
7780
7781
7782
7783
7784
7785
7786
7787
7788
7789
7790
7791
7792
7793
7794
7795
7796
7797
7798
7799
7800
7801
7802
7803
7804
7805
7806
7807
7808
7809
7810
7811
7812
7813
7814
7815
7816
7817
7818
7819
7820
7821
7822
7823
7824
7825
7826
7827
7828
7829
7830
7831
7832
7833
7834
7835
7836
7837
7838
7839
7840
7841
7842
7843
7844
7845
7846
7847
7848
7849
7850
7851
7852
7853
7854
7855
7856
7857
7858
7859
7860
7861
7862
7863
7864
7865
7866
7867
7868
7869
7870
7871
7872
7873
7874
7875
7876
7877
7878
7879
7880
7881
7882
7883
7884
7885
7886
7887
7888
7889
7890
7891
7892
7893
7894
7895
7896
7897
7898
7899
7900
7901
7902
7903
7904
7905
7906
7907
7908
7909
7910
7911
7912
7913
7914
7915
7916
7917
7918
7919
7920
7921
7922
7923
7924
7925
7926
7927
7928
7929
7930
7931
7932
7933
7934
7935
7936
7937
7938
7939
7940
7941
7942
7943
7944
7945
7946
7947
7948
7949
7950
7951
7952
7953
7954
7955
7956
7957
7958
7959
7960
7961
7962
7963
7964
7965
7966
7967
7968
7969
7970
7971
7972
7973
7974
7975
7976
7977
7978
7979
7980
7981
7982
7983
7984
7985
7986
7987
7988
7989
7990
7991
7992
7993
7994
7995
7996
7997
7998
7999
8000
8001
8002
8003
8004
8005
8006
8007
8008
8009
8010
8011
8012
8013
8014
8015
8016
8017
8018
8019
8020
8021
8022
8023
8024
8025
8026
8027
8028
8029
8030
8031
8032
8033
8034
8035
8036
8037
8038
8039
8040
8041
8042
8043
8044
8045
8046
8047
8048
8049
8050
8051
8052
8053
8054
8055
8056
8057
8058
8059
8060
8061
8062
8063
8064
8065
8066
8067
8068
8069
8070
8071
8072
8073
8074
8075
8076
8077
8078
8079
8080
8081
8082
8083
8084
8085
8086
8087
8088
8089
8090
8091
8092
8093
8094
8095
8096
8097
8098
8099
8100
8101
8102
8103
8104
8105
8106
8107
8108
8109
8110
8111
8112
8113
8114
8115
8116
8117
8118
8119
8120
8121
8122
8123
8124
8125
8126
8127
8128
8129
8130
8131
8132
8133
8134
8135
8136
8137
8138
8139
8140
8141
8142
8143
8144
8145
8146
8147
8148
8149
8150
8151
8152
8153
8154
8155
8156
8157
8158
8159
8160
8161
8162
8163
8164
8165
8166
8167
8168
8169
8170
8171
8172
8173
8174
8175
8176
8177
8178
8179
8180
8181
8182
8183
8184
8185
8186
8187
8188
8189
8190
8191
8192
8193
8194
8195
8196
8197
8198
8199
8200
8201
8202
8203
8204
8205
8206
8207
8208
8209
8210
8211
8212
8213
8214
8215
8216
8217
8218
8219
8220
8221
8222
8223
8224
8225
8226
8227
8228
8229
8230
8231
8232
8233
8234
8235
8236
8237
8238
8239
8240
8241
8242
8243
8244
8245
8246
8247
8248
8249
8250
8251
8252
8253
8254
8255
8256
8257
8258
8259
8260
8261
8262
8263
8264
8265
8266
8267
8268
8269
8270
8271
8272
8273
8274
8275
8276
8277
8278
8279
8280
8281
8282
8283
8284
8285
8286
8287
8288
8289
8290
8291
8292
8293
8294
8295
8296
8297
8298
8299
8300
8301
8302
8303
8304
8305
8306
8307
8308
8309
8310
8311
8312
8313
8314
8315
8316
8317
8318
8319
8320
8321
8322
8323
8324
8325
8326
8327
8328
8329
8330
8331
8332
8333
8334
8335
8336
8337
8338
8339
8340
8341
8342
8343
8344
8345
8346
8347
8348
8349
8350
8351
8352
8353
8354
8355
8356
8357
8358
8359
8360
8361
8362
8363
8364
8365
8366
8367
8368
8369
8370
8371
8372
8373
8374
8375
8376
8377
8378
8379
8380
8381
8382
8383
8384
8385
8386
8387
8388
8389
8390
8391
8392
8393
8394
8395
8396
8397
8398
8399
8400
8401
8402
8403
8404
8405
8406
8407
8408
8409
8410
8411
8412
8413
8414
8415
8416
8417
8418
8419
8420
8421
8422
8423
8424
8425
8426
8427
8428
8429
8430
8431
8432
8433
8434
8435
8436
8437
8438
8439
8440
8441
8442
8443
8444
8445
8446
8447
8448
8449
8450
8451
8452
8453
8454
8455
8456
8457
8458
8459
8460
8461
8462
8463
8464
8465
8466
8467
8468
8469
8470
8471
8472
8473
8474
8475
8476
8477
8478
8479
8480
8481
8482
8483
8484
8485
8486
8487
8488
8489
8490
8491
8492
8493
8494
8495
8496
8497
8498
8499
8500
8501
8502
8503
8504
8505
8506
8507
8508
8509
8510
8511
8512
8513
8514
8515
8516
8517
8518
8519
8520
8521
8522
8523
8524
8525
8526
8527
8528
8529
8530
8531
8532
8533
8534
8535
8536
8537
8538
8539
8540
8541
8542
8543
8544
8545
8546
8547
8548
8549
8550
8551
8552
8553
8554
8555
8556
8557
8558
8559
8560
8561
8562
8563
8564
8565
8566
8567
8568
8569
8570
8571
8572
8573
8574
8575
8576
8577
8578
8579
8580
8581
8582
8583
8584
8585
8586
8587
8588
8589
8590
8591
8592
8593
8594
8595
8596
8597
8598
8599
8600
8601
8602
8603
8604
8605
8606
8607
8608
8609
8610
8611
8612
8613
8614
8615
8616
8617
8618
8619
8620
8621
8622
8623
8624
8625
8626
8627
8628
8629
8630
8631
8632
8633
8634
8635
8636
8637
8638
8639
8640
8641
8642
8643
8644
8645
8646
8647
8648
8649
8650
8651
8652
8653
8654
8655
8656
8657
8658
8659
8660
8661
8662
8663
8664
8665
8666
8667
8668
8669
8670
8671
8672
8673
8674
8675
8676
8677
8678
8679
8680
8681
8682
8683
8684
8685
8686
8687
8688
8689
8690
8691
8692
8693
8694
8695
8696
8697
8698
8699
8700
8701
8702
8703
8704
8705
8706
8707
8708
8709
8710
8711
8712
8713
8714
8715
8716
8717
8718
8719
8720
8721
8722
8723
8724
8725
8726
8727
8728
8729
8730
8731
8732
8733
8734
8735
8736
8737
8738
8739
8740
8741
8742
8743
8744
8745
8746
8747
8748
8749
8750
8751
8752
8753
8754
8755
8756
8757
8758
8759
8760
8761
8762
8763
8764
8765
8766
8767
8768
8769
8770
8771
8772
8773
8774
8775
8776
8777
8778
8779
8780
8781
8782
8783
8784
8785
8786
8787
8788
8789
8790
8791
8792
8793
8794
8795
8796
8797
8798
8799
8800
8801
8802
8803
8804
8805
8806
8807
8808
8809
8810
8811
8812
8813
8814
8815
8816
8817
8818
8819
8820
8821
8822
8823
8824
8825
8826
8827
8828
8829
8830
8831
8832
8833
8834
8835
8836
8837
8838
8839
8840
8841
8842
8843
8844
8845
8846
8847
8848
8849
8850
8851
8852
8853
8854
8855
8856
8857
8858
8859
8860
8861
8862
8863
8864
8865
8866
8867
8868
8869
8870
8871
8872
8873
8874
8875
8876
8877
8878
8879
8880
8881
8882
8883
8884
8885
8886
8887
8888
8889
8890
8891
8892
8893
8894
8895
8896
8897
8898
8899
8900
8901
8902
8903
8904
8905
8906
8907
8908
8909
8910
8911
8912
8913
8914
8915
8916
8917
8918
8919
8920
8921
8922
8923
8924
8925
8926
8927
8928
8929
8930
8931
8932
8933
8934
8935
8936
8937
8938
8939
8940
8941
8942
8943
8944
8945
8946
8947
8948
8949
8950
8951
8952
8953
8954
8955
8956
8957
8958
8959
8960
8961
8962
8963
8964
8965
8966
8967
8968
8969
8970
8971
8972
8973
8974
8975
8976
8977
8978
8979
8980
8981
8982
8983
8984
8985
8986
8987
8988
8989
8990
8991
8992
8993
8994
8995
8996
8997
8998
8999
9000
9001
9002
9003
9004
9005
9006
9007
9008
9009
9010
9011
9012
9013
9014
9015
9016
9017
9018
9019
9020
9021
9022
9023
9024
9025
9026
9027
9028
9029
9030
9031
9032
9033
9034
9035
9036
9037
9038
9039
9040
9041
9042
9043
9044
9045
9046
9047
9048
9049
9050
9051
9052
9053
9054
9055
9056
9057
9058
9059
9060
9061
9062
9063
9064
9065
9066
9067
9068
9069
9070
9071
9072
9073
9074
9075
9076
9077
9078
9079
9080
9081
9082
9083
9084
9085
9086
9087
9088
9089
9090
9091
9092
9093
9094
9095
9096
9097
9098
9099
9100
9101
9102
9103
9104
9105
9106
9107
9108
9109
9110
9111
9112
9113
9114
9115
9116
9117
9118
9119
9120
9121
9122
9123
9124
9125
9126
9127
9128
9129
9130
9131
9132
9133
9134
9135
9136
9137
9138
9139
9140
9141
9142
9143
9144
9145
9146
9147
9148
9149
9150
9151
9152
9153
9154
9155
9156
9157
9158
9159
9160
9161
9162
9163
9164
9165
9166
9167
9168
9169
9170
9171
9172
9173
9174
9175
9176
9177
9178
9179
9180
9181
9182
9183
9184
9185
9186
9187
9188
9189
9190
9191
9192
9193
9194
9195
9196
9197
9198
9199
9200
9201
9202
9203
9204
9205
9206
9207
9208
9209
9210
9211
9212
9213
9214
9215
9216
9217
9218
9219
9220
9221
9222
9223
9224
9225
9226
9227
9228
9229
9230
9231
9232
9233
9234
9235
9236
9237
9238
9239
9240
9241
9242
9243
9244
9245
9246
9247
9248
9249
9250
9251
9252
9253
9254
9255
9256
9257
9258
9259
9260
9261
9262
9263
9264
9265
9266
9267
9268
9269
9270
9271
9272
9273
9274
9275
9276
9277
9278
9279
9280
9281
9282
9283
9284
9285
9286
9287
9288
9289
9290
9291
9292
9293
9294
9295
9296
9297
9298
9299
9300
9301
9302
9303
9304
5.000361671160629 0 0
10.001468085715 0 0
15.00331932995456 0 0
20.00592324433323 0 0
25.00928387904452 0 0
30.01338963090807 0 0
35.01824058611275 0 0
40.02385287892139 0 0
45.03021409606293 0 0
50.03732080367103 0 0
55.04517827650393 0 0
60.053795915702 0 0
65.06315933222967 0 0
70.07326861209471 0 0
75.08413827719262 0 0
80.09575935828212 0 0
85.10812658923147 0 0
90.1212443649906 0 0
95.13512406541153 0 0
100.1497502019532 0 0
105.1651228604429 0 0
110.1812566342947 0 0
115.1981426300656 0 0
120.2157754337059 0 0
125.2341602427061 0 0
130.2533070504731 0 0
135.2732009517702 0 0
140.2938420322447 0 0
145.3152466371831 0 0
150.3374025877748 0 0
155.3603060028661 0 0
160.3839645613095 0 0
165.4083835119665 0 0
170.4335502121853 0 0
175.4594647474341 0 0
180.486146891704 0 0
185.5135778266954 0 0
190.5417568814416 0 0
195.570695891462 0 0
200.6003920100064 0 0
205.6308365327715 0 0
210.6620336728348 0 0
215.6939959228496 0 0
220.726706861292 0 0
225.7601665733737 0 0
230.7943927230807 0 0
235.8293710239972 0 0
240.8650983824241 0 0
245.9015855656845 0 0
250.9388321750112 0 0
255.9768281254616 0 0
261.0155776027786 0 0
266.0550934655923 0 0
271.0953589528851 0 0
276.1363741496137 0 0
281.1781580441361 0 0
286.2206940122327 0 0
291.2639799727863 0 0
296.3080290561803 0 0
301.3528364481851 0 0
306.3983941154115 0 0
311.4447096444081 0 0
316.4917894025701 0 0
321.5396197184615 0 0
326.5882029486521 0 0
331.6375560143658 0 0
336.6876599200608 0 0
341.7385147503628 0 0
346.7901394197046 0 0
351.8425178554887 0 0
356.8956474977993 0 0
361.949542751878 0 0
367.004196657185 0 0
372.0596020506828 0 0
377.1157691413392 0 0
382.1726994547523 0 0
387.2303815377655 0 0
392.2888217157078 0 0
397.3480293749611 0 0
402.4079890849691 0 0
407.4687035997738 0 0
412.5301895417525 0 0
417.5924278153863 0 0
422.6554185048959 0 0
427.7191830762421 0 0
432.7837008492863 0 0
437.8489713187766 0 0
442.9150130967248 0 0
447.9818113041181 0 0
453.0493624882747 0 0
458.1176827186778 0 0
463.1867622945146 0 0
468.2565951271784 0 0
473.3271950547647 0 0
478.3985569322964 0 0
483.4706723464657 0 0
488.5435532148398 0 0
493.617198326475 0 0
498.6915972543064 0 0
503.7667603059509 0 0
508.8426895832572 0 0
513.9193729560665 0 0
518.9968194323436 0 0
524.075033806049 0 0
529.1540025543118 0 0
534.2337336954652 0 0
539.3142340954585 0 0
544.395489148813 0 0
549.4775061939686 0 0
554.5602935493016 0 0
559.643835836548 0 0
564.7281400237159 0 0
569.8132152626035 0 0
574.8990457117061 0 0
579.9856382777821 0 0
585.0730023276038 0 0
590.1611218656917 0 0
595.2500040464587 0 0
600.3396578337598 0 0
605.430067387128 0 0
610.5212404172572 0 0
615.61318486775 0 0
620.7058853618611 0 0
625.7993504749144 0 0
630.8935865134788 0 0
635.9885788729637 0 0
641.0843373013939 0 0
646.1808658520793 0 0
651.2781510007378 0 0
656.3762039758916 0 0
661.4750259619174 0 0
666.5746048227207 0 0
671.6749535748392 0 0
676.7760699185961 0 0
681.877943413686 0 0
686.980589171906 0 0
692.0840007949572 0 0
697.1881698456497 0 0
702.2931138380056 0 0
707.3988216610882 0 0
712.5052871878719 0 0
717.6125306412977 0 0
722.720535584323 0 0
727.8292985068622 0 0
732.938842647192 0 0
738.0491456292475 0 0
743.1602094268314 0 0
748.2720529183524 0 0
753.384654857702 0 0
758.4980214235893 0 0
763.6121645147003 0 0
768.7270663287866 0 0
773.8427368858501 0 0
778.9591804934187 0 0
784.0763830988629 0 0
789.1943588688812 0 0
794.3131039089545 0 0
799.4326082215581 0 0
804.5528904252184 0 0
809.6739378130253 0 0
814.7957447477709 0 0
819.9183346046682 0 0
825.0416852546184 0 0
830.1657996414955 0 0
835.2906944543117 0 0
840.4163492799994 0 0
845.542773390926 0 0
850.6699730185094 0 0
855.7979329327123 0 0
860.9266679843446 0 0
866.056173338903 0 0
871.1864392535842 0 0
876.3174864614941 0 0
881.4492984544211 0 0
886.5818733420472 0 0
891.7152318594041 0 0
896.84935140128 0 0
901.9842405091669 0 0
907.1199072123968 0 0
912.2563352129914 0 0
917.3935397537859 0 0
922.5315155520904 0 0
927.6702529203615 0 0
932.8097741056304 0 0
937.9500599074008 0 0
943.0911119117445 0 0
948.2329465917295 0 0
953.375543304549 0 0
958.5189140105552 0 0
963.6630602364165 0 0
968.8079687670599 0 0
973.953659383386 0 0
979.1001180613345 0 0
984.2473417810975 0 0
989.3953510499988 0 0
994.5441230854387 0 0
999.6936687677721 0 0
1004.843992027469 0 0
1009.995078325 0 0
1015.146947175662 0 0
1020.299585330192 0 0
1025.452989563174 0 0
1030.607180017288 0 0
1035.762133969885 0 0
1040.917863418526 0 0
1046.074370302494 0 0
1051.23164095559 0 0
1056.38969682276 0 0
1061.548521038453 0 0
1066.708114561366 0 0
1071.86849278118 0 0
1077.02963522967 0 0
1082.19155721354 0 0
1087.354254296426 0 0
1092.517715877985 0 0
1097.681967522803 0 0
1102.846984368474 0 0
1108.012775937018 0 0
1113.17934848727 0 0
1118.346685994642 0 0
1123.514809261679 0 0
1128.6837031024 0 0
1133.853367718371 0 0
1139.023818332246 0 0
1144.195034361001 0 0
1149.367032709941 0 0
1154.539806139672 0 0
1159.71334726061 0 0
1164.887678530462 0 0
1170.062775672262 0 0
1175.238652557588 0 0
1180.415308166387 0 0
1185.592729915677 0 0
1190.770943758918 0 0
1195.949924601531 0 0
1201.129683472532 0 0
1206.310223846567 0 0
1211.491530817071 0 0
1216.673628672559 0 0
1221.856495799867 0 0
1227.040140100652 0 0
1232.224567822205 0 0
1237.409762595523 0 0
1242.595747904327 0 0
1247.782503896333 0 0
1252.970037065843 0 0
1258.158354713323 0 0
1263.347439867179 0 0
1268.537316065205 0 0
1273.727963498043 0 0
1278.919388970062 0 0
1284.111599118012 0 0
1289.304577226268 0 0
1294.498347744271 0 0
1299.692889190214 0 0
1304.888210393381 0 0
1310.084315612485 0 0
1315.281189245147 0 0
1320.478857508746 0 0
1325.677295536213 0 0
1330.876515894033 0 0
1336.07651875113 0 0
1341.277291782758 0 0
1346.478859904042 0 0
1351.681197077611 0 0
1356.884320008466 0 0
1362.088223066553 0 0
1367.292900077299 0 0
1372.49836945381 0 0
1377.704608334224 0 0
1382.911637251386 0 0
1388.119443069628 0 0
1393.328027470664 0 0
1398.537400659992 0 0
1403.747543804168 0 0
1408.95848211581 0 0
1414.17019324955 0 0
1419.382688446952 0 0
1424.59596800287 0 0
1429.81002066267 0 0
1435.024869073112 0 0
1440.24048807388 0 0
1445.45689746864 0 0
1450.674085941109 0 0
1455.892054197201 0 0
1461.110812573072 0 0
1466.330341988591 0 0
1471.550668976632 0 0
1476.77176891181 0 0
1481.993656158031 0 0
1487.216327043927 0 0
1492.439775122898 0 0
1497.664017390305 0 0
1502.889031330558 0 0
1508.114840955689 0 0
1513.341426892415 0 0
1518.568798744208 0 0
1523.79695710756 0 0
1529.025891759378 0 0
1534.255622979244 0 0
1539.486126503825 0 0
1544.717425510103 0 0
1549.949502504869 0 0
1555.182365702158 0 0
1560.41601659636 0 0
1565.650444556817 0 0
1570.885669779442 0 0
1576.121667937322 0 0
1581.358463054648 0 0
1586.596036153334 0 0
1591.834397421899 0 0
1597.073545889741 0 0
1602.313473880503 0 0
1607.55419814559 0 0
1612.795695975153 0 0
1618.037993919317 0 0
1623.281068157224 0 0
1628.524934208747 0 0
1633.769585282453 0 0
1639.015020011097 0 0
1644.261248347793 0 0
1649.508252322975 0 0
1654.756058349592 0 0
1660.004638751477 0 0
1665.254016283585 0 0
1670.50417498484 0 0
1675.755123144904 0 0
1681.006860571828 0 0
1686.259379928071 0 0
1691.512696506703 0 0
1696.766788086809 0 0
1702.021683783121 0 0
1707.27735512311 0 0
1712.533823394133 0 0
1717.791074919412 0 0
1723.049116332184 0 0
1728.307948467902 0 0
1733.567563589115 0 0
1738.827976760161 0 0
1744.089166156161 0 0
1749.351160787166 0 0
1754.613931408467 0 0
1759.877501539292 0 0
1765.141854226719 0 0
1770.407000006309 0 0
1775.672935183865 0 0
1780.939657177387 0 0
1786.207175268817 0 0
1791.475474041092 0 0
1796.744575469885 0 0
1802.014453693224 0 0
1807.285136774776 0 0
1812.556598940012 0 0
1817.828860170598 0 0
1823.101906700594 0 0
1828.37574664386 0 0
1833.650377961222 0 0
1838.92579718047 0 0
1844.202013707546 0 0
1849.479012765737 0 0
1854.756814924621 0 0
1860.035394860959 0 0
1865.314782596902 0 0
1870.594948767592 0 0
1875.875917708248 0 0
1881.15767053476 0 0
1886.440221241918 0 0
1891.723561145468 0 0
1897.007694180578 0 0
1902.292621582126 0 0
1907.578337506297 0 0
1912.864852826546 0 0
1918.152152200547 0 0
1923.440255859948 0 0
1928.729139244208 0 0
1934.018831662954 0 0
1939.309303198948 0 0
1944.600581215597 0 0
1949.892642110773 0 0
1955.185505497312 0 0
1960.479156171247 0 0
1965.773605486942 0 0
1971.068846358959 0 0
1976.36488216274 0 0
1981.661713651909 0 0
1986.959336502364 0 0
1992.257759027501 0 0
1997.556969482882 0 0
2002.85698346255 0 0
2008.157782080773 0 0
2013.459387933281 0 0
2018.761775271924 0 0
2024.064973415328 0 0
2029.368952188847 0 0
2034.673740883735 0 0
2039.979312544937 0 0
2045.28569131296 0 0
2050.592856279288 0 0
2055.90082567687 0 0
2061.209584365517 0 0
2066.519144948744 0 0
2071.82949777665 0 0
2077.140650101275 0 0
2082.452597485127 0 0
2087.765342106569 0 0
2093.078884462805 0 0
2098.393221936145 0 0
2103.708359680952 0 0
2109.024290560935 0 0
2114.341024110248 0 0
2119.65854895129 0 0
2124.976878720793 0 0
2130.295998076973 0 0
2135.615924482101 0 0
2140.936638907164 0 0
2146.258162363099 0 0
2151.580472410457 0 0
2156.903593332135 0 0
2162.227499554866 0 0
2167.552218356971 0 0
2172.877721307823 0 0
2178.204038404789 0 0
2183.531138703889 0 0
2188.859054442186 0 0
2194.187753627766 0 0
2199.517267435182 0 0
2204.84756592107 0 0
2210.178678349213 0 0
2215.510576548991 0 0
2220.843288149136 0 0
2226.176786476135 0 0
2231.511097799226 0 0
2236.846196666532 0 0
2242.182108263184 0 0
2247.518808083632 0 0
2252.856320504126 0 0
2258.194621690305 0 0
2263.533735484595 0 0
2268.873638448846 0 0
2274.214354166554 0 0
2279.555859320969 0 0
2284.898177511389 0 0
2290.241285267815 0 0
2295.585206479909 0 0
2300.929917249945 0 0
2306.275442032348 0 0
2311.621756227347 0 0
2316.968885128364 0 0
2322.31680315943 0 0
2327.665536727039 0 0
2333.015059005034 0 0
2338.365397786883 0 0
2343.716524722419 0 0
2349.068469265829 0 0
2354.421201269275 0 0
2359.774752121238 0 0
2365.129090320178 0 0
2370.484247309899 0 0
2375.840192676292 0 0
2381.196955788026 0 0
2386.554508868025 0 0
2391.912878511263 0 0
2397.272039850693 0 0
2402.632016434683 0 0
2407.992786579043 0 0
2413.354370512786 0 0
2418.716750007249 0 0
2424.079941699503 0 0
2429.443931088916 0 0
2434.808730948194 0 0
2440.174330777079 0 0
2445.540739211652 0 0
2450.907950024206 0 0
2456.275967442098 0 0
2461.644789782194 0 0
2467.014416591187 0 0
2472.384851002371 0 0
2477.756087610005 0 0
2483.1281346355 0 0
2488.500981449071 0 0
2493.874641631777 0 0
2499.249099058337 0 0
2504.624372940829 0 0
2510.000441387189 0 0
2515.377329511719 0 0
2520.755009514518 0 0
2526.133512292943 0 0
2531.512807389238 0 0
2536.892922232435 0 0
2542.273832963646 0 0
2547.655560277559 0 0
2553.038087184787 0 0
2558.421427375119 0 0
2563.805570999143 0 0
2569.190524471357 0 0
2574.57628535263 0 0
2579.962852511948 0 0
2585.350231190605 0 0
2590.738412442005 0 0
2596.127409457858 0 0
2601.51720520608 0 0
2606.907821098622 0 0
2612.299231748166 0 0
2617.691467056568 0 0
2623.084497198326 0 0
2628.478348274803 0 0
2633.872998679043 0 0
2639.268465695878 0 0
2644.664736900947 0 0
2650.06182026178 0 0
2655.459712805708 0 0
2660.85841291394 0 0
2666.257927334435 0 0
2671.65824459323 0 0
2677.059381427683 0 0
2682.461316239963 0 0
2687.864076025444 0 0
2693.267632663436 0 0
2698.672012067155 0 0
2704.077192499502 0 0
2709.483190491697 0 0
2714.88999525465 0 0
2720.297612237392 0 0
2725.706041866888 0 0
2731.115278242008 0 0
2736.525333273662 0 0
2741.936189442755 0 0
2747.347870411871 0 0
2752.760349939234 0 0
2758.173654217851 0 0
2763.587760523222 0 0
2769.002685627391 0 0
2774.418419245254 0 0
2779.834965575721 0 0
2785.252327040246 0 0
2790.67049499752 0 0
2796.089484842561 0 0
2801.509274826913 0 0
2806.929893586009 0 0
2812.351312603474 0 0
2817.77355420385 0 0
2823.196602973149 0 0
2828.62046762879 0 0
2834.045146682653 0 0
2839.470634792984 0 0
2844.896944663824 0 0
2850.324056628041 0 0
2855.751997847955 0 0
2861.180740717033 0 0
2866.610307165786 0 0
2872.040682219461 0 0
2877.47187354751 0 0
2882.903881317074 0 0
2888.336697922771 0 0
2893.7703389392 0 0
2899.204782688743 0 0
2904.640056014623 0 0
2910.076133844796 0 0
2915.513033471579 0 0
2920.950745912554 0 0
2926.38927223775 0 0
2931.82861981939 0 0
2937.268773240282 0 0
2942.709756492138 0 0
2948.151543861235 0 0
2953.594156857076 0 0
2959.037580727907 0 0
2964.481821839943 0 0
2969.926882741256 0 0
2975.372752365933 0 0
2980.819450826165 0 0
2986.266954482401 0 0
2991.715285906972 0 0
2997.164427951901 0 0
3002.61438890747 0 0
3008.06516986873 0 0
3013.51676075091 0 0
3018.96918115583 0 0
3024.42240783325 0 0
3029.876462735599 0 0
3035.331329684711 0 0
3040.787015529892 0 0
3046.243523277227 0 0
3051.700840460026 0 0
3057.158989531808 0 0
3062.617945950331 0 0
3068.077729368919 0 0
3073.538327938187 0 0
3078.999743708482 0 0
3084.461984953924 0 0
3089.925034318165 0 0
3095.388917916622 0 0
3100.853610782089 0 0
3106.319127744818 0 0
3111.785464636148 0 0
3117.252615356511 0 0
3122.720596798034 0 0
3128.189387428729 0 0
3133.659008184899 0 0
3139.129444189111 0 0
3144.600699713362 0 0
3150.072781614634 0 0
3155.545673474364 0 0
3161.019400621071 0 0
3166.493939199947 0 0
3171.969302123659 0 0
3177.445487944433 0 0
3182.922487037101 0 0
3188.40032062222 0 0
3193.878965232328 0 0
3199.358438147169 0 0
3204.838731341993 0 0
3210.319841432609 0 0
3215.801783733809 0 0
3221.284537826519 0 0
3226.768123320265 0 0
3232.252527338489 0 0
3237.737751013315 0 0
3243.223805477934 0 0
3248.710672499436 0 0
3254.198373155969 0 0
3259.686891441772 0 0
3265.176231283181 0 0
3270.666401353382 0 0
3276.157384744689 0 0
3281.649203144017 0 0
3287.141839136403 0 0
3292.635297722897 0 0
3298.129586835678 0 0
3303.624690032643 0 0
3309.120628750904 0 0
3314.617385883721 0 0
3320.114965789938 0 0
3325.613377377145 0 0
3331.11260381047 0 0
3336.612665419941 0 0
3342.113547121892 0 0
3347.615250918608 0 0
3353.117788406947 0 0
3358.621141502198 0 0
3364.125328571303 0 0
3369.630338265959 0 0
3375.136168520102 0 0
3380.642835331149 0 0
3386.150318508761 0 0
3391.658633602084 0 0
3397.167774707889 0 0
3402.677733982549 0 0
3408.188533532762 0 0
3413.700150208059 0 0
3419.212595886343 0 0
3424.725871816635 0 0
3430.239965334993 0 0
3435.754898371801 0 0
3441.270651955 0 0
3446.787230775168 0 0
3452.304644938182 0 0
3457.822877445956 0 0
3463.34194518533 0 0
3468.861839081557 0 0
3474.38255359671 0 0
3479.904109395597 0 0
3485.426484294807 0 0
3490.94968928752 0 0
3496.47372689682 0 0
3501.998584067626 0 0
3507.524280489081 0 0
3513.050801176675 0 0
3518.578145969697 0 0
3524.106330687046 0 0
3529.635335719653 0 0
3535.16517349603 0 0
3540.695843363887 0 0
3546.227334007074 0 0
3551.759665715707 0 0
3557.292821998907 0 0
3562.826803671066 0 0
3568.361626106019 0 0
3573.897270068244 0 0
3579.433747223544 0 0
3584.971058141088 0 0
3590.509191044875 0 0
3596.048164629944 0 0
3601.587965291883 0 0
3607.12859042862 0 0
3612.670059359222 0 0
3618.212351026214 0 0
3623.755474139889 0 0
3629.299434877186 0 0
3634.844218808742 0 0
3640.389840843719 0 0
3645.936294646493 0 0
3651.483572100984 0 0
3657.031694000766 0 0
3662.580642126659 0 0
3668.130417762418 0 0
3673.681037068547 0 0
3679.232480774062 0 0
3684.784757816696 0 0
3690.337873501444 0 0
3695.891814041942 0 0
3701.446593432701 0 0
3707.002206750706 0 0
3712.558645380411 0 0
3718.11592805969 0 0
3723.674040264452 0 0
3729.232978856819 0 0
3734.792765143795 0 0
3740.353377487681 0 0
3745.914820905562 0 0
3751.477108128031 0 0
3757.040221862269 0 0
3762.604171043819 0 0
3768.168960452289 0 0
3773.734576826982 0 0
3779.301032709505 0 0
3784.868325553357 0 0
3790.436445817472 0 0
3796.005409337423 0 0
3801.575206864907 0 0
3807.145832266282 0 0
3812.717304359272 0 0
3818.28960781751 0 0
3823.862739602858 0 0
3829.436721203651 0 0
3835.011531838637 0 0
3840.587173307316 0 0
3846.16366329606 0 0
3851.740982352662 0 0
3857.319134856941 0 0
3862.898134058906 0 0
3868.477962780871 0 0
3874.058627253289 0 0
3879.640136911506 0 0
3885.222476541458 0 0
3890.805653913716 0 0
3896.389675270099 0 0
3901.974527049541 0 0
3907.560218252499 0 0
3913.146752547837 0 0
3918.734117717153 0 0
3924.322323680832 0 0
3929.911372154796 0 0
3935.501251953252 0 0
3941.091973606836 0 0
3946.683537497984 0 0
3952.275933163731 0 0
3957.869171435567 0 0
3963.463251981338 0 0
3969.058164751412 0 0
3974.65392056901 0 0
3980.250519005733 0 0
3985.847950116056 0 0
3991.446224406094 0 0
3997.045341968983 0 0
4002.645292654367 0 0
4008.246086342686 0 0
4013.847724265847 0 0
4019.450195759991 0 0
4025.053509771605 0 0
4030.657669288032 0 0
4036.262662823529 0 0
4041.868498082617 0 0
4047.4751804242 0 0
4053.082697232538 0 0
4058.691054662449 0 0
4064.300261059967 0 0
4069.910302371525 0 0
4075.521182894781 0 0
4081.132914577913 0 0
4086.745481621967 0 0
4092.358886160261 0 0
4097.973144357581 0 0
4103.588238362303 0 0
4109.204168336686 0 0
4114.820953775488 0 0
4120.438575967954 0 0
4126.057034576012 0 0
4131.676346205118 0 0
4137.296497811293 0 0
4142.917486278599 0 0
4148.539325016927 0 0
4154.16200726169 0 0
4159.785526812721 0 0
4165.409893578363 0 0
4171.035107685491 0 0
4176.661159543625 0 0
4182.288055253857 0 0
4187.915802446031 0 0
4193.544387833552 0 0
4199.173813404825 0 0
4204.804094903634 0 0
4210.435215041733 0 0
4216.067173980457 0 0
4221.69998841562 0 0
4227.333644524397 0 0
4232.9681398772 0 0
4238.603486336309 0 0
4244.239679634773 0 0
4249.876712620269 0 0
4255.514592017023 0 0
4261.153323723095 0 0
4266.792895558809 0 0
4272.433308806092 0 0
4278.074580136604 0 0
4283.716692038974 0 0
4289.359644673909 0 0
4295.003452219554 0 0
4300.648105403932 0 0
4306.293599762555 0 0
4311.939943313218 0 0
4317.587138993872 0 0
4323.235176290054 0 0
4328.884056755883 0 0
4334.533796146001 0 0
4340.184377592537 0 0
4345.835801255717 0 0
4351.488080194553 0 0
4357.141207003156 0 0
4362.795176468756 0 0
4368.449994470795 0 0
4374.105667852095 0 0
4379.762184330359 0 0
4385.419544065474 0 0
4391.077763466577 0 0
4396.736828166667 0 0
4402.396736563037 0 0
4408.057497170861 0 0
4413.719111300866 0 0
4419.38156956619 0 0
4425.044872286251 0 0
4430.709037053183 0 0
4436.374046394084 0 0
4442.039900468364 0 0
4447.706608740898 0 0
4453.374170362927 0 0
4459.042577156453 0 0
4464.71182967834 0 0
4470.381944785979 0 0
4476.052905502842 0 0
4481.724711988007 0 0
4487.397372973554 0 0
4493.070888816776 0 0
4498.745250865501 0 0
4504.420459278608 0 0
4510.096530404569 0 0
4515.773449218419 0 0
4521.451214833322 0 0
4527.129833569598 0 0
4532.809310349075 0 0
4538.489634365888 0 0
4544.17080577859 0 0
4549.852837556855 0 0
4555.53572117463 0 0
4561.219452624047 0 0
4566.904034138219 0 0
4572.589478554943 0 0
4578.27577123868 0 0
4583.962912347652 0 0
4589.650909799311 0 0
4595.339764913911 0 0
4601.029468888589 0 0
4606.720021881373 0 0
4612.411436938245 0 0
4618.103704973729 0 0
4623.796822461639 0 0
4629.49079059728 0 0
4635.185623887613 0 0
4640.881307064305 0 0
4646.577840285061 0 0
4652.275228911877 0 0
4657.973478969957 0 0
4663.672579505512 0 0
4669.37253067605 0 0
4675.073341456276 0 0
4680.775010497797 0 0
4686.477530607193 0 0
4692.180901941782 0 0
4697.885136535654 0 0
4703.590226773639 0 0
4709.29616866919 0 0
4715.002962379434 0 0
4720.710622445188 0 0
4726.419136089999 0 0
4732.128501981357 0 0
4737.83872088875 0 0
4743.549807470076 0 0
4749.261746729417 0 0
4754.974538823574 0 0
4760.688186072404 0 0
4766.402699885556 0 0
4772.118066964477 0 0
4777.834287465781 0 0
4783.551364708843 0 0
4789.269307956927 0 0
4794.988105057831 0 0
4800.707756167977 0 0
4806.428265056076 0 0
4812.149639939557 0 0
4817.8718692622 0 0
4823.594953180243 0 0
4829.318895362211 0 0
4835.043704078913 0 0
4840.769367820415 0 0
4846.495886742771 0 0
4852.22326386546 0 0
4857.951508610567 0 0
4863.680608965415 0 0
4869.410565085868 0 0
4875.141378794155 0 0
4880.873061760226 0 0
4886.605600920275 0 0
4892.33899642998 0 0
4898.073248444973 0 0
4903.808371743736 0 0
4909.544351898217 0 0
4915.281188985708 0 0
4921.018883161652 0 0
4926.757446767113 0 0
4932.496870102638 0 0
4938.237150953828 0 0
4943.978289475941 0 0
4949.720295026556 0 0
4955.463163727123 0 0
4961.206890525312 0 0
4966.951475576195 0 0
4972.696924708458 0 0
4978.443240955451 0 0
4984.190415881329 0 0
4989.938449640979 0 0
4995.687343989433 0 0
5001.437109961633 0 0
5007.187735193286 0 0
5012.939219839093 0 0
5018.691564053709 0 0
5024.444778909911 0 0
5030.198856622826 0 0
5035.953794329586 0 0
5041.709592184659 0 0
5047.466255954791 0 0
5053.223788321857 0 0
5058.982181261769 0 0
5064.741434928808 0 0
5070.501549477212 0 0
5076.262538432565 0 0
5082.024388775238 0 0
5087.787100423166 0 0
5093.550673530398 0 0
5099.315115087431 0 0
5105.08042499989 0 0
5110.846596795042 0 0
5116.613630626754 0 0
5122.381526648842 0 0
5128.150298055943 0 0
5133.919932162075 0 0
5139.690428881335 0 0
5145.461788367356 0 0
5151.234016053942 0 0
5157.007114632242 0 0
5162.781076399547 0 0
5168.555901509313 0 0
5174.331590114944 0 0
5180.108152303872 0 0
5185.885581277154 0 0
5191.663874167912 0 0
5197.443031129364 0 0
5203.223053265678 0 0
5209.0039516003 0 0
5214.785714426729 0 0
5220.568341898005 0 0
5226.351834167119 0 0
5232.136195445523 0 0
5237.921430359749 0 0
5243.707530492291 0 0
5249.494495995956 0 0
5255.282327023509 0 0
5261.071030031371 0 0
5266.860604974068 0 0
5272.651045860495 0 0
5278.442352843237 0 0
5284.234526074821 0 0
5290.027573395623 0 0
5295.821491810476 0 0
5301.616276893389 0 0
5307.411928796714 0 0
5313.208447672753 0 0
5319.005841886099 0 0
5324.80410721163 0 0
5330.603239928463 0 0
5336.403240188721 0 0
5342.204108144477 0 0
5348.005851826099 0 0
5353.808467495673 0 0
5359.611951278704 0 0
5365.41630332709 0 0
5371.221523792678 0 0
5377.027619514452 0 0
5382.834588956287 0 0
5388.642427232656 0 0
5394.451134495228 0 0
5400.260710895624 0 0
5406.071161225574 0 0
5411.882487862757 0 0
5417.694684054472 0 0
5423.507749952159 0 0
5429.321685707212 0 0
5435.136493209519 0 0
5440.952180460016 0 0
5446.768737983964 0 0
5452.58616593258 0 0
5458.404464457029 0 0
5464.22363370843 0 0
5470.043682968707 0 0
5475.86460523667 0 0
5481.686398646922 0 0
5487.5090633504 0 0
5493.332599498 0 0
5499.15701158523 0 0
5504.982302003896 0 0
5510.808464281396 0 0
5516.635498568447 0 0
5522.463405015719 0 0
5528.292183773833 0 0
5534.121844452773 0 0
5539.952378998055 0 0
5545.783786268144 0 0
5551.616066413482 0 0
5557.44921958447 0 0
5563.283248726321 0 0
5569.118158934847 0 0
5574.953942582367 0 0
5580.790599819104 0 0
5586.628130795229 0 0
5592.466535660866 0 0
5598.305820205657 0 0
5604.145983619946 0 0
5609.987021336356 0 0
5615.828933504828 0 0
5621.671720275271 0 0
5627.515381797538 0 0
5633.359925465734 0 0
5639.205347045046 0 0
5645.051643788041 0 0
5650.898815844397 0 0
5656.746863363751 0 0
5662.595786495686 0 0
5668.445593001046 0 0
5674.296277695704 0 0
5680.147838414062 0 0
5686.000275305531 0 0
5691.853588519473 0 0
5697.707778205206 0 0
5703.562851254813 0 0
5709.418804006236 0 0
5715.275633639834 0 0
5721.133340304742 0 0
5726.991924150057 0 0
5732.851385324829 0 0
5738.711728619104 0 0
5744.572954359836 0 0
5750.435057839669 0 0
5756.298039207475 0 0
5762.161898612084 0 0
5768.026636202273 0 0
5773.892253434986 0 0
5779.758757088714 0 0
5785.62613933693 0 0
5791.494400328247 0 0
5797.36354021122 0 0
5803.233559134364 0 0
5809.104457246148 0 0
5814.976240474235 0 0
5820.848906404157 0 0
5826.722451930766 0 0
5832.596877202357 0 0
5838.472182367179 0 0
5844.348367573432 0 0
5850.225432969273 0 0
5856.103387263197 0 0
5861.982222228084 0 0
5867.861937789749 0 0
5873.742534096175 0 0
5879.624011295301 0 0
5885.506369535015 0 0
5891.389610085357 0 0
5897.273739382729 0 0
5903.158750127153 0 0
5909.044642466347 0 0
5914.931416547983 0 0
5920.819072519686 0 0
5926.707610529038 0 0
5932.597031506848 0 0
5938.487342317966 0 0
5944.378535572342 0 0
5950.270611417384 0 0
5956.163570000452 0 0
5962.057411468866 0 0
5967.952135969898 0 0
5973.847743650771 0 0
5979.74424145859 0 0
5985.641623939217 0 0
5991.539890004322 0 0
5997.439039800953 0 0
6003.339073476123 0 0
6009.239991176794 0 0
6015.141793049885 0 0
6021.044482099168 0 0
6026.948060508277 0 0
6032.852523493591 0 0
6038.757871201858 0 0
6044.664103779777 0 0
6050.571221374003 0 0
6056.479224131148 0 0
6062.388112197775 0 0
6068.297890465214 0 0
6074.208557056874 0 0
6080.120109360834 0 0
6086.03254752349 0 0
6091.94587169119 0 0
6097.860082010237 0 0
6103.775178626888 0 0
6109.691161687358 0 0
6115.608035771391 0 0
6121.52579934114 0 0
6127.444449756557 0 0
6133.363987163691 0 0
6139.284411708539 0 0
6145.205723537055 0 0
6151.127922795143 0 0
6157.051009628669 0 0
6162.97498611192 0 0
6168.899855434216 0 0
6174.825612732838 0 0
6180.75225815348 0 0
6186.679791841793 0 0
6192.608213943383 0 0
6198.537524603807 0 0
6204.467723968578 0 0
6210.398812183165 0 0
6216.330793246209 0 0
6222.263666178783 0 0
6228.197428360981 0 0
6234.132079938107 0 0
6240.067621055414 0 0
6246.004051858115 0 0
6251.941372491375 0 0
6257.879583100317 0 0
6263.818683830019 0 0
6269.758677821137 0 0
6275.699565492028 0 0
6281.641343682408 0 0
6287.584012537187 0 0
6293.527572201229 0 0
6299.472022819356 0 0
6305.417364536341 0 0
6311.363597496917 0 0
6317.310721845769 0 0
6323.258737727539 0 0
6329.207650597999 0 0
6335.157455891191 0 0
6341.108153114836 0 0
6347.059742413408 0 0
6353.012223931339 0 0
6358.965597813014 0 0
6364.919864202774 0 0
6370.875023244918 0 0
6376.831075083698 0 0
6382.788019863322 0 0
6388.74586191969 0 0
6394.704598573566 0 0
6400.664228564631 0 0
6406.624752036928 0 0
6412.586169134457 0 0
6418.548480001168 0 0
6424.511684780974 0 0
6430.475783617737 0 0
6436.440776655283 0 0
6442.406664037385 0 0
6448.373445907779 0 0
6454.341127267181 0 0
6460.309703718714 0 0
6466.279175053577 0 0
6472.249541415335 0 0
6478.220802947518 0 0
6484.192959793601 0 0
6490.166012097021 0 0
6496.139960001168 0 0
6502.114803649395 0 0
6508.090543184998 0 0
6514.067178751244 0 0
6520.044711864147 0 0
6526.023144709506 0 0
6532.002473979247 0 0
6537.982699816461 0 0
6543.963822364201 0 0
6549.945841765478 0 0
6555.928758163255 0 0
6561.91257170045 0 0
6567.897282519943 0 0
6573.882890764564 0 0
6579.869396577105 0 0
6585.85680010031 0 0
6591.84510147688 0 0
6597.834303374892 0 0
6603.824405219004 0 0
6609.815405308689 0 0
6615.807303786483 0 0
6621.800100794885 0 0
6627.793796476343 0 0
6633.788390973265 0 0
6639.783884428016 0 0
6645.780276982917 0 0
6651.777568780246 0 0
6657.775759962239 0 0
6663.774850671082 0 0
6669.774841048924 0 0
6675.775731237868 0 0
6681.777523142012 0 0
6687.780217223102 0 0
6693.783811505856 0 0
6699.788306132216 0 0
6705.793701244081 0 0
6711.799996983307 0 0
6717.807193491705 0 0
6723.81529091104 0 0
6729.824289383042 0 0
6735.83418904939 0 0
6741.844990051725 0 0
6747.856692531641 0 0
6753.869296630691 0 0
6759.882802490384 0 0
6765.897210252187 0 0
6771.91252005752 0 0
6777.928733012835 0 0
6783.945850615426 0 0
6789.963870650246 0 0
6795.982793258549 0 0
6802.00261858156 0 0
6808.023346760451 0 0
6814.044977936361 0 0
6820.067512250372 0 0
6826.090949843539 0 0
6832.115290856862 0 0
6838.140535431306 0 0
6844.166683707785 0 0
6850.193735827177 0 0
6856.221691930316 0 0
6862.250552157993 0 0
6868.280316650956 0 0
6874.310985549907 0 0
6880.34255899551 0 0
6886.375037128384 0 0
6892.408420089105 0 0
6898.442710135531 0 0
6904.477905764025 0 0
6910.514006606734 0 0
6916.551012804074 0 0
6922.588924496418 0 0
6928.627741824099 0 0
6934.667464927407 0 0
6940.708093946589 0 0
6946.749629021848 0 0
6952.792070293344 0 0
6958.835417901198 0 0
6964.879671985488 0 0
6970.924832686248 0 0
6976.970900143468 0 0
6983.017874497101 0 0
6989.065755887049 0 0
6995.11454445318 0 0
7001.164240335317 0 0
7007.214843673239 0 0
7013.266354606681 0 0
7019.318773275345 0 0
7025.37209981888 0 0
7031.426334376896 0 0
7037.481477088963 0 0
7043.537528094609 0 0
7049.59448753332 0 0
7055.652355986811 0 0
7061.711134399792 0 0
7067.770821629203 0 0
7073.83141781437 0 0
7079.892923094573 0 0
7085.955337609057 0 0
7092.018661497023 0 0
7098.082894897627 0 0
7104.148037949989 0 0
7110.214090793179 0 0
7116.281053566233 0 0
7122.348926408137 0 0
7128.417709457844 0 0
7134.487402854254 0 0
7140.558006736236 0 0
7146.629521242612 0 0
7152.701946512163 0 0
7158.775282683627 0 0
7164.849529895702 0 0
7170.924688287045 0 0
7177.000757996268 0 0
7183.077739161939 0 0
7189.155631922592 0 0
7195.234436416716 0 0
7201.314152782755 0 0
7207.394781159117 0 0
7213.47632168416 0 0
7219.558774496209 0 0
7225.642139733543 0 0
7231.726417534403 0 0
7237.811608036982 0 0
7243.897711379435 0 0
7249.984727699878 0 0
7256.072657136384 0 0
7262.161499826976 0 0
7268.251255909651 0 0
7274.341925522353 0 0
7280.433508802988 0 0
7286.526005889423 0 0
7292.619416919477 0 0
7298.713742030935 0 0
7304.808981361538 0 0
7310.905135048983 0 0
7317.002203230925 0 0
7323.100186044985 0 0
7329.199083628735 0 0
7335.298896119709 0 0
7341.399623655399 0 0
7347.501266373259 0 0
7353.603824410693 0 0
7359.707297905075 0 0
7365.811686993731 0 0
7371.916991813945 0 0
7378.023212502967 0 0
7384.130349197997 0 0
7390.238402036198 0 0
7396.34737115469 0 0
7402.457256690557 0 0
7408.568058780837 0 0
7414.679777562532 0 0
7420.79241317259 0 0
7426.905965747937 0 0
7433.020435425441 0 0
7439.135822341943 0 0
7445.252126634233 0 0
7451.369348439061 0 0
7457.487487893144 0 0
7463.606545133149 0 0
7469.726520295708 0 0
7475.847413517406 0 0
7481.969224934793 0 0
7488.091954684374 0 0
7494.215602902621 0 0
7500.340169725955 0 0
7506.465655290763 0 0
7512.592059733388 0 0
7518.719383190131 0 0
7524.847625797257 0 0
7530.976787690988 0 0
7537.106869007503 0 0
7543.237869882943 0 0
7549.369790453411 0 0
7555.502630854961 0 0
7561.636391223616 0 0
7567.771071695351 0 0
7573.906672406104 0 0
7580.043193491771 0 0
7586.180635088211 0 0
7592.318997331236 0 0
7598.458280356624 0 0
7604.598484300108 0 0
7610.739609297383 0 0
7616.881655484102 0 0
7623.02462299588 0 0
7629.168511968289 0 0
7635.313322536857 0 0
7641.459054837085 0 0
7647.605709004418 0 0
7653.753285174271 0 0
7659.901783482012 0 0
7666.051205387149 0 0
7672.201550118977 0 0
7678.352817428372 0 0
7684.505007450533 0 0
7690.658120320621 0 0
7696.812156173756 0 0
7702.967115145015 0 0
7709.122997369439 0 0
7715.279802982024 0 0
7721.437532117729 0 0
7727.596184911476 0 0
7733.755761498142 0 0
7739.916262012563 0 0
7746.07768658954 0 0
7752.240035363833 0 0
7758.403308470156 0 0
7764.567506043188 0 0
7770.732628217566 0 0
7776.898675127893 0 0
7783.065646908723 0 0
7789.233543694577 0 0
7795.402365619929 0 0
7801.572112819222 0 0
7807.742785426854 0 0
7813.914383577182 0 0
7820.086907404525 0 0
7826.260358060699 0 0
7832.43473627132 0 0
7838.610040595215 0 0
7844.786271166536 0 0
7850.963428119391 0 0
7857.141511587854 0 0
7863.32052170595 0 0
7869.500458607678 0 0
7875.681322426981 0 0
7881.86311329777 0 0
7888.045831353922 0 0
7894.22947672927 0 0
7900.414049557599 0 0
7906.599549972666 0 0
7912.785978108184 0 0
7918.973334097827 0 0
7925.161618075227 0 0
7931.350830173978 0 0
7937.540970527637 0 0
7943.732039508286 0 0
7949.924040042689 0 0
7956.116969265778 0 0
7962.310827310942 0 0
7968.505614311533 0 0
7974.701330400854 0 0
7980.897975712174 0 0
7987.095550378725 0 0
7993.294054533696 0 0
7999.49348831024 0 0
8005.693851841464 0 0
8011.895145260442 0 0
8018.097368700211 0 0
8024.300522293761 0 0
8030.504606174042 0 0
8036.709620473976 0 0
8042.915565615955 0 0
8049.122444964966 0 0
8055.330255165334 0 0
8061.538996349803 0 0
8067.748668651084 0 0
8073.95927220185 0 0
8080.170807134729 0 0
8086.383273582313 0 0
8092.596671677156 0 0
8098.811001551773 0 0
8105.026263338638 0 0
8111.242457170187 0 0
8117.459583178816 0 0
8123.677641496884 0 0
8129.896632765297 0 0
8136.116560382428 0 0
8142.337420738892 0 0
8148.559213966882 0 0
8154.781940198551 0 0
8161.005599566014 0 0
8167.230192201346 0 0
8173.455718236582 0 0
8179.682177803722 0 0
8185.909571034727 0 0
8192.137898061515 0 0
8198.367159015968 0 0
8204.597354029929 0 0
8210.828485956472 0 0
8217.060554205273 0 0
8223.293556941804 0 0
8229.527494297743 0 0
8235.762366404731 0 0
8241.99817339437 0 0
8248.234915398218 0 0
8254.472592547801 0 0
8260.711204974607 0 0
8266.950752810082 0 0
8273.191236185632 0 0
8279.432655735356 0 0
8285.67501567543 0 0
8291.918311582387 0 0
8298.162543587478 0 0
8304.407711821899 0 0
8310.653816416825 0 0
8316.90085750338 0 0
8323.148835212658 0 0
8329.397749675711 0 0
8335.647601023549 0 0
8341.89838938715 0 0
8348.150117336289 0 0
8354.40278558313 0 0
8360.656391271135 0 0
8366.910934531126 0 0
8373.16641549387 0 0
8379.422834290101 0 0
8385.680191050516 0 0
8391.938485905779 0 0
8398.197718986508 0 0
8404.457890423291 0 0
8410.719003068803 0 0
8416.981057403036 0 0
8423.244050517447 0 0
8429.507982542462 0 0
8435.77285360846 0 0
8442.038663845784 0 0
8448.305413384744 0 0
8454.573102355604 0 0
8460.841730888595 0 0
8467.111299451519 0 0
8473.381813594358 0 0
8479.653267722317 0 0
8485.925661965466 0 0
8492.198996453828 0 0
8498.473271317402 0 0
8504.748486686136 0 0
8511.024642689956 0 0
8517.301739458733 0 0
8523.57977785896 0 0
8529.858762942666 0 0
8536.13868921318 0 0
8542.419556800216 0 0
8548.701365833453 0 0
8554.984116442536 0 0
8561.267808757071 0 0
8567.552442906626 0 0
8573.838019020724 0 0
8580.124541140614 0 0
8586.412008267433 0 0
8592.700417779508 0 0
8598.989769806207 0 0
8605.280064476863 0 0
8611.571301920771 0 0
8617.863482267183 0 0
8624.156605645318 0 0
8630.450675078029 0 0
8636.745691868897 0 0
8643.041652111189 0 0
8649.338555933968 0 0
8655.636403466247 0 0
8661.935194837017 0 0
8668.234930175218 0 0
8674.535609609764 0 0
8680.83723734217 0 0
8687.139812583706 0 0
8693.443332340279 0 0
8699.747796740643 0 0
8706.053205913504 0 0
8712.359559987539 0 0
8718.666859091383 0 0
8724.975103353641 0 0
8731.284300346286 0 0
8737.594442804062 0 0
8743.905530837945 0 0
8750.217564576375 0 0
8756.530544147754 0 0
8762.844469680451 0 0
8769.159341302795 0 0
8775.475164418123 0 0
8781.791936330279 0 0
8788.1096547489 0 0
8794.428319802151 0 0
8800.747931618174 0 0
8807.068490325066 0 0
8813.389996050882 0 0
8819.712453715381 0 0
8826.035861820908 0 0
8832.3602173613 0 0
8838.685520464465 0 0
8845.011771258265 0 0
8851.33896987053 0 0
8857.667116429055 0 0
8863.996217051528 0 0
8870.326268075276 0 0
8876.65726746035 0 0
8882.989215334383 0 0
8889.322111824978 0 0
8895.655957059691 0 0
8901.990751643383 0 0
8908.326503137667 0 0
8914.663203790387 0 0
8921.000853728956 0 0
8927.339453080733 0 0
8933.679001973052 0 0
8940.01950053321 0 0
8946.360953685715 0 0
8952.703360582827 0 0
8959.04671756123 0 0
8965.391024748056 0 0
8971.736282270414 0 0
8978.082490255363 0 0
8984.429650800477 0 0
8990.777768909747 0 0
8997.126837894315 0 0
9003.476857881093 0 0
9009.827828996951 0 0
9016.179751368725 0 0
9022.532625506979 0 0
9028.886459787218 0 0
9035.241245735335 0 0
9041.596983478015 0 0
9047.953673141903 0 0
9054.311314853601 0 0
9060.669908774364 0 0
9067.029464175457 0 0
9073.389972035588 0 0
9079.751432481207 0 0
9086.113845638733 0 0
9092.477211634541 0 0
9098.841531516036 0 0
9105.206812978971 0 0
9111.573047690674 0 0
9117.940235777372 0 0
9124.308377365252 0 0
9130.677472580468 0 0
9137.047524589825 0 0
9143.418537046704 0 0
9149.790503540666 0 0
9156.163424197708 0 0
9162.537299143796 0 0
9168.912128504853 0 0
9175.287918798125 0 0
9181.664667172197 0 0
9188.042370370251 0 0
9194.421028518063 0 0
9200.800641741365 0 0
9207.181211166257 0 0
9213.56274488805 0 0
9219.945234093735 0 0
9226.328678908887 0 0
9232.713079459061 0 0
9239.098435869764 0 0
9245.484754876868 0 0
9251.872033551577 0 0
9258.260268494481 0 0
9264.649459830936 0 0
9271.039607686269 0 0
9277.430715299919 0 0
9283.822786899844 0 0
9290.215815425694 0 0
9296.609801002644 0 0
9303.004743755826 0 0
9309.400644291152 0 0
9315.797512267287 0 0
9322.195337826093 0 0
9328.594121092554 0 0
9334.993862191614 0 0
9341.394561248184 0 0
9347.796227755425 0 0
9354.19885379201 0 0
9360.602438191825 0 0
9367.006981079618 0 0
9373.412482580117 0 0
9379.818951438603 0 0
9386.226381392624 0 0
9392.634770364455 0 0
9399.04411847867 0 0
9405.454425859803 0 0
9411.865701364033 0 0
9418.277938669984 0 0
9424.69113564735 0 0
9431.10529242052 0 0
9437.520409113842 0 0
9443.936495551879 0 0
9450.353543639108 0 0
9456.771552050381 0 0
9463.190520909895 0 0
9469.610450554224 0 0
9476.031351995302 0 0
9482.453214288022 0 0
9488.876037556438 0 0
9495.29982192456 0 0
9501.724570245733 0 0
9508.15028866053 0 0
9514.576968577836 0 0
9521.004610121508 0 0
9527.433213415379 0 0
9533.862784683453 0 0
9540.293323486923 0 0
9546.724824442786 0 0
9553.157287674725 0 0
9559.590713306374 0 0
9566.025111785024 0 0
9572.460474387013 0 0
9578.896799790315 0 0
9585.334088118418 0 0
9591.772342961969 0 0
9598.211569441317 0 0
9604.651759246583 0 0
9611.092912501104 0 0
9617.535029328195 0 0
9623.978119081368 0 0
9630.422175516502 0 0
9636.867195924717 0 0
9643.313180429173 0 0
9649.760132771393 0 0
9656.208058061611 0 0
9662.656947848103 0 0
9669.106802253875 0 0
9675.557621401906 0 0
9682.009416332026 0 0
9688.462177718693 0 0
9694.915904247049 0 0
9701.370596039927 0 0
9707.826259766465 0 0
9714.282894972523 0 0
9720.740495842057 0 0
9727.199062497742 0 0
9733.658597792266 0 0
9740.119109034267 0 0
9746.580586460897 0 0
9753.043030194684 0 0
9759.506440358127 0 0
9765.970829317244 0 0
9772.43618551422 0 0
9778.902508538727 0 0
9785.369798513124 0 0
9791.838065223435 0 0
9798.307302401343 0 0
9804.777506926539 0 0
9811.248678921225 0 0
9817.720826143523 0 0
9824.19394651029 0 0
9830.668034743472 0 0
9837.143090965128 0 0
9843.619121456881 0 0
9850.096127217786 0 0
9856.574101363611 0 0
9863.053044016262 0 0
9869.532960531631 0 0
9876.013853889299 0 0
9882.495716149766 0 0
9888.978547434799 0 0
9895.462352724635 0 0
9901.947135879051 0 0
9908.432888453524 0 0
9914.919610569677 0 0
9921.407307381534 0 0
9927.895982530039 0 0
9934.385627615244 0 0
9940.876242758617 0 0
9947.367833836754 0 0
9953.860403174058 0 0
9960.35394296408 0 0
9966.848453328148 0 0
9973.343941413532 0 0
9979.840407131715 0 0
9986.337843818017 0 0
9992.836251593622 0 0
9999.33563942394 0 0
10005.83600371246 0 0
10012.33733948388 0 0
10018.83964685924 0 0
10025.3429371689 0 0
10031.84720221459 0 0
10038.35243925735 0 0
10044.85864841807 0 0
10051.36584393821 0 0
10057.87401192528 0 0
10064.38315242298 0 0
10070.89326880341 0 0
10077.40436901054 0 0
10083.9164421206 0 0
10090.42948825423 0 0
10096.94351465684 0 0
10103.45852165349 0 0
10109.97450206555 0 0
10116.4914560135 0 0
10123.0093951604 0 0
10129.52831112359 0 0
10136.04820101404 0 0
10142.56906677632 0 0
10149.09091956218 0 0
10155.61374666632 0 0
10162.13754820897 0 0
10168.66233151137 0 0
10175.18809709922 0 0
10181.71483751612 0 0
10188.24255288218 0 0
10194.77125643786 0 0
10201.30093699753 0 0
10207.83159289643 0 0
10214.36322880361 0 0
10220.8958507734 0 0
10227.42944847215 0 0
10233.9640220197 0 0
10240.4995829602 0 0
10247.03612372464 0 0
10253.57364072714 0 0
10260.11213767062 0 0
10266.65162276546 0 0
10273.19208448725 0 0
10279.73352295561 0 0
10286.27594970241 0 0
10292.81935740669 0 0
10299.36374224597 0 0
10305.90910863958 0 0
10312.45546358839 0 0
10319.00279606029 0 0
10325.55110617462 0 0
10332.10040713155 0 0
10338.6506884966 0 0
10345.20194789172 0 0
10351.75419213164 0 0
10358.30742364925 0 0
10364.86163358421 0 0
10371.41682268042 0 0
10377.97300560885 0 0
10384.53016734154 0 0
10391.08830799748 0 0
10397.64743846229 0 0
10404.20755324948 0 0
10410.76864734639 0 0
10417.33072629277 0 0
10423.89379539009 0 0
10430.45784418323 0 0
10437.02287317978 0 0
10443.5888978417 0 0
10450.15590258522 0 0
10456.72388752896 0 0
10463.29286467899 0 0
10469.86282662587 0 0
10476.43376915829 0 0
10483.00569997291 0 0
10489.57862037503 0 0
10496.15252174764 0 0
10502.72740779075 0 0
10509.30328789883 0 0
10515.88014936201 0 0
10522.45799229857 0 0
10529.03683325973 0 0
10535.61665606274 0 0
10542.19746072328 0 0
10548.77926051654 0 0
10555.36204590749 0 0
10561.94581353979 0 0
10568.53057372437 0 0
10575.11632295026 0 0
10581.70305480096 0 0
10588.29077693469 0 0
10594.87949124138 0 0
10601.469188556 0 0
10608.05987419528 0 0
10614.65155482752 0 0
10621.24421885046 0 0
10627.83786955031 0 0
10634.43251775171 0 0
10641.02814972623 0 0
10647.62476704025 0 0
10654.22238405331 0 0
10660.82098522157 0 0
10667.42057070196 0 0
10674.02115776806 0 0
10680.62272937109 0 0
10687.22528562845 0 0
10693.82884292805 0 0
10700.43338620576 0 0
10707.03891451909 0 0
10713.64544356173 0 0
10720.25295975292 0 0
10726.86146136066 0 0
10733.47096369393 0 0
10740.08145403628 0 0
10746.69293017578 0 0
10753.30540734586 0 0
10759.91887307594 0 0
10766.53332498343 0 0
10773.14877853511 0 0
10779.76522088837 0 0
10786.38264979895 0 0
10793.00108127566 0 0
10799.62050148643 0 0
10806.2409086341 0 0
10812.86231957786 0 0
10819.48471887939 0 0
10826.10810549705 0 0
10832.73249744849 0 0
10839.35787707289 0 0
10845.98424566954 0 0
10852.61161889069 0 0
10859.239980069 0 0
10865.86933227739 0 0
10872.49968790405 0 0
10879.13103186616 0 0
10885.76336922323 0 0
10892.39670848453 0 0
10899.03103645926 0 0
10905.66636050054 0 0
10912.30268462453 0 0
10918.93999783959 0 0
10925.57831009923 0 0
10932.21762031286 0 0
10938.85791999486 0 0
10945.49922200565 0 0
10952.14151953476 0 0
10958.78480690921 0 0
10965.42910020257 0 0
10972.07438627191 0 0
10978.72066331846 0 0
10985.36794866917 0 0
10992.0162245024 0 0
10998.66549542001 0 0
11005.31577138111 0 0
11011.96703820078 0 0
11018.61930451717 0 0
11025.27257231046 0 0
11031.92683133804 0 0
11038.58209457956 0 0
11045.23835542575 0 0
11051.8956078816 0 0
11058.55386957326 0 0
11065.21312469196 0 0
11071.87337509521 0 0
11078.53463346079 0 0
11085.19688407053 0 0
11091.86013550157 0 0
11098.52439020114 0 0
11105.18963751936 0 0
11111.8558914995 0 0
11118.52314374976 0 0
11125.19138927711 0 0
11131.86064704203 0 0
11138.53089805856 0 0
11145.20214870649 0 0
11151.87440607862 0 0
11158.54765707596 0 0
11165.22191436213 0 0
11171.89717255525 0 0
11178.57342474682 0 0
11185.25069018757 0 0
11191.92895041436 0 0
11198.60821128009 0 0
11205.2884801228 0 0
11211.96974359486 0 0
11218.65201517818 0 0
11225.33528810434 0 0
11232.01955688569 0 0
11238.70483984578 0 0
11245.39111806515 0 0
11252.07840012324 0 0
11258.76668921346 0 0
11265.45597393476 0 0
11272.14627077998 0 0
11278.83756720829 0 0
11285.52986406682 0 0
11292.22317278058 0 0
11298.91747775386 0 0
11305.61279195256 0 0
11312.3091100462 0 0
11319.00642602436 0 0
11325.70475781593 0 0
11332.40408649452 0 0
11339.10442236203 0 0
11345.80576557221 0 0
11352.50810603974 0 0
11359.21146330114 0 0
11365.91581913318 0 0
11372.62118097835 0 0
11379.32755275109 0 0
11386.03492240718 0 0
11392.74330818933 0 0
11399.45269461779 0 0
11406.16308674299 0 0
11412.87449051914 0 0
11419.5868928037 0 0
11426.30031140518 0 0
11433.01473186784 0 0
11439.73015856902 0 0
11446.44659778427 0 0
11453.16403613204 0 0
11459.88249184496 0 0
11466.60194977448 0 0
11473.32241534111 0 0
11480.043893426 0 0
11486.76637126658 0 0
11493.48986837664 0 0
11500.21436720052 0 0
11506.93987591568 0 0
11513.66639629559 0 0
11520.39391733157 0 0
11527.12245983993 0 0
11533.85200298053 0 0
11540.58255912086 0 0
11547.31412521608 0 0
11554.04669542493 0 0
11560.78028504632 0 0
11567.5148759209 0 0
11574.25048375666 0 0
11580.98709898235 0 0
11587.7247226317 0 0
11594.46336277921 0 0
11601.2030047999 0 0
11607.94366859496 0 0
11614.68533636118 0 0
11621.4280177123 0 0
11628.17171179388 0 0
11634.91641141317 0 0
11641.6621323796 0 0
11648.4088560913 0 0
11655.15659939911 0 0
11661.90535081765 0 0
11668.65511413242 0 0
11675.40589382644 0 0
11682.15767785876 0 0
11688.91048639656 0 0
11695.66429854987 0 0
11702.41912980609 0 0
11709.17497162343 0 0
11715.93182533237 0 0
11722.68969738119 0 0
11729.44857425192 0 0
11736.20847709932 0 0
11742.96938443065 0 0
11749.73131205325 0 0
11756.4942510017 0 0
11763.25820351762 0 0
11770.02317464944 0 0
11776.78915276629 0 0
11783.5561566474 0 0
11790.32416587904 0 0
11797.09319826832 0 0
11803.86324106607 0 0
11810.63430078416 0 0
11817.40637771308 0 0
11824.17946546611 0 0
11830.95357709095 0 0
11837.7286949311 0 0
11844.50484046974 0 0
11851.28199382091 0 0
11858.06016911876 0 0
11864.83935854484 0 0
11871.61956430655 0 0
11878.40079037108 0 0
11885.18302730087 0 0
11891.96629056705 0 0
11898.75056116173 0 0
11905.53586039942 0 0
11912.32216900866 0 0
11919.10950113405 0 0
11925.89784832022 0 0
11932.68721403606 0 0
11939.4776003612 0 0
11946.26900036982 0 0
11953.0614263956 0 0
11959.85486139888 0 0
11966.64932768665 0 0
11973.44480266248 0 0
11980.24130549683 0 0
11987.03882154489 0 0
11993.83736108786 0 0
12000.63691876865 0 0
12007.43749572066 0 0
12014.23909559436 0 0
12021.04171065543 0 0
12027.84535328187 0 0
12034.65000715157 0 0
12041.45569309026 0 0
12048.26238907207 0 0
12055.07011627784 0 0
12061.87885637946 0 0
12068.68862410216 0 0
12075.49940888225 0 0
12082.31121782002 0 0
12089.12404783692 0 0
12095.93789868745 0 0
12102.75277449914 0 0
12109.56866795973 0 0
12116.38559012388 0 0
12123.20352689137 0 0
12130.02249596529 0 0
12136.84247673613 0 0
12143.66349327682 0 0
12150.48552170626 0 0
12157.3085833111 0 0
12164.13266001124 0 0
12170.95776732005 0 0
12177.78389284705 0 0
12184.61104655484 0 0
12191.43922146451 0 0
12198.26842226584 0 0
12205.09864711369 0 0
12211.92989570271 0 0
12218.76217104387 0 0
12225.59546811433 0 0
12232.42979450364 0 0
12239.26514074884 0 0
12246.10151874078 0 0
12252.93891485363 0 0
12259.77734500235 0 0
12266.61679167532 0 0
12273.45727453463 0 0
12280.2987724598 0 0
12287.1413085832 0 0
12293.98485917083 0 0
12300.82944839283 0 0
12307.67505304343 0 0
12314.52169520758 0 0
12321.36935447383 0 0
12328.21805027075 0 0
12335.06776470498 0 0
12341.91851482489 0 0
12348.77028497911 0 0
12355.62309011182 0 0
12362.47691653769 0 0
12369.33177737257 0 0
12376.18766062144 0 0
12383.04457784747 0 0
12389.90251847036 0 0
12396.76149277609 0 0
12403.62149132368 0 0
12410.48252339726 0 0
12417.34458041988 0 0
12424.20767094904 0 0
12431.07178699672 0 0
12437.93693666878 0 0
12444.80311229121 0 0
12451.67032179307 0 0
12458.53855753961 0 0
12465.40782755777 0 0
12472.27812397745 0 0
12479.14945519798 0 0
12486.0218128395 0 0
12492.89520594807 0 0
12499.7696253598 0 0
12506.64508104166 0 0
12513.52156277164 0 0
12520.39908171165 0 0
12527.27762630759 0 0
12534.1572091902 0 0
12541.0378171995 0 0
12547.91946470873 0 0
12554.80213667845 0 0
12561.6858494979 0 0
12568.57058597476 0 0
12575.45636478767 0 0
12582.34316631809 0 0
12589.23101180725 0 0
12596.11987893729 0 0
12603.0097917851 0 0
12609.90072630413 0 0
12616.79270594895 0 0
12623.68570888732 0 0
12630.57975552581 0 0
12637.47482756486 0 0
12644.37094174195 0 0
12651.26808356262 0 0
12658.1662658229 0 0
12665.06547810574 0 0
12671.96572899348 0 0
12678.86701241862 0 0
12685.76933247774 0 0
12692.6726877249 0 0
12699.57707749905 0 0
12706.48250524754 0 0
12713.38896527999 0 0
12720.29646620874 0 0
12727.20499704248 0 0
12734.11457182999 0 0
12741.02517400765 0 0
12747.93682333203 0 0
12754.8494983137 0 0
12761.76322193488 0 0
12768.67797250745 0 0
12775.59376885785 0 0
12782.51059569838 0 0
12789.42846531949 0 0
12796.34736910466 0 0
12803.26731253766 0 0
12810.18829394373 0 0
12817.11031172948 0 0
12824.03337143232 0 0
12830.95746411132 0 0
12837.88260278639 0 0
12844.80877089888 0 0
12851.73598922124 0 0
12858.66423603869 0 0
12865.5935319514 0 0
12872.52385946544 0 0
12879.45523219071 0 0
12886.38764107536 0 0
12893.32109115226 0 0
12900.25558208117 0 0
12907.19111004842 0 0
12914.12768369482 0 0
12921.06529009087 0 0
12928.0039471276 0 0
12934.94363473793 0 0
12941.88437359004 0 0
12948.82614563653 0 0
12955.76896429197 0 0
12962.71282144644 0 0
12969.6577204425 0 0
12976.60366337636 0 0
12983.55064325001 0 0
12990.49867263427 0 0
12997.4477342914 0 0
13004.39785042748 0 0
13011.34899957802 0 0
13018.30119796251 0 0
13025.25443527649 0 0
13032.20871644524 0 0
13039.16404259224 0 0
13046.12040708076 0 0
13053.07782273001 0 0
13060.0362723468 0 0
13066.99577689382 0 0
13073.95631705305 0 0
13080.91790628698 0 0
13087.88053765685 0 0
13094.84421211209 0 0
13101.8089353604 0 0
13108.77469557102 0 0
13115.74151136518 0 0
13122.70936281699 0 0
13129.67826687197 0 0
13136.64821190703 0 0
13143.61920308084 0 0
13150.59124236556 0 0
13157.56432119115 0 0
13164.53845539152 0 0
13171.51362656549 0 0
13178.48985218319 0 0
13185.46711930805 0 0
13192.44543393812 0 0
13199.42479767885 0 0
13206.40520185314 0 0
13213.38666287436 0 0
13220.36916218239 0 0
13227.35271609032 0 0
13234.33731371188 0 0
13241.32295852177 0 0
13248.30965512048 0 0
13255.29739136303 0 0
13262.28618760211 0 0
13269.27602343843 0 0
13276.26691235002 0 0
13283.25884885759 0 0
13290.25183055675 0 0
13297.24586839779 0 0
13304.24094677626 0 0
13311.23708325047 0 0
13318.23426399174 0 0
13325.23249460635 0 0
13332.23177837166 0 0
13339.23210365549 0 0
13346.23349110567 0 0
13353.23592039899 0 0
13360.23940338271 0 0
13367.24393738809 0 0
13374.24951639106 0 0
13381.25615576832 0 0
13388.26383792555 0 0
13395.27257672685 0 0
13402.28236528161 0 0
13409.29320145015 0 0
13416.30509706128 0 0
13423.31803638779 0 0
13430.33203444996 0 0
13437.34708185695 0 0
13444.36317863232 0 0
13451.38033477766 0 0
13458.39853557236 0 0
13465.41779633352 0 0
13472.43810688913 0 0
13479.45946770744 0 0
13486.48188868084 0 0
13493.5053552362 0 0
13500.52988212932 0 0
13507.5554601235 0 0
13514.58208841571 0 0
13521.6097785046 0 0
13528.63851510666 0 0
13535.66831155956 0 0
13542.69916127584 0 0
13549.73106046776 0 0
13556.76402395316 0 0
13563.79803488154 0 0
13570.83310431692 0 0
13577.8692300324 0 0
13584.90640375614 0 0
13591.94464470123 0 0
13598.98393422914 0 0
13606.02428006456 0 0
13613.06568604997 0 0
13620.10814097121 0 0
13627.1516603941 0 0
13634.19623278836 0 0
13641.24185843629 0 0
13648.28854895595 0 0
13655.33628933763 0 0
13662.38509064768 0 0
13669.43495016875 0 0
13676.48586011493 0 0
13683.53783834843 0 0
13690.59086844711 0 0
13697.6449550486 0 0
13704.70010595058 0 0
13711.75630820162 0 0
13718.81357379622 0 0
13725.87189786215 0 0
13732.93127383887 0 0
13739.99171968489 0 0
13747.05321848716 0 0
13754.11577483898 0 0
13761.17939711604 0 0
13768.24407222565 0 0
13775.30981089358 0 0
13782.37661048713 0 0
13789.44446347361 0 0
13796.51338571294 0 0
13803.58336419163 0 0
13810.65439906945 0 0
13817.726503688 0 0
13824.79966261902 0 0
13831.87388312802 0 0
13838.94916920566 0 0
13846.02551015482 0 0
13853.10291754727 0 0
13860.18138664888 0 0
13867.26091118057 0 0
13874.3415067076 0 0
13881.42316039665 0 0
13888.50587149346 0 0
13895.58965498544 0 0
13902.67449482401 0 0
13909.76039610839 0 0
13916.8473667533 0 0
13923.93539430201 0 0
13931.02448702211 0 0
13938.11464637969 0 0
13945.20586319777 0 0
13952.29814860061 0 0
13959.39149822919 0 0
13966.48590587447 0 0
13973.58138520595 0 0
13980.67792666244 0 0
13987.77552669133 0 0
13994.87420119622 0 0
14001.97393603613 0 0
14009.0747306324 0 0
14016.17660092559 0 0
14023.27953070304 0 0
14030.38352251526 0 0
14037.48858874431 0 0
14044.59471501199 0 0
14051.70190528197 0 0
14058.81016899869 0 0
14065.91949330791 0 0
14073.02988327633 0 0
14080.14134603113 0 0
14087.2538699318 0 0
14094.36746083823 0 0
14101.48212418011 0 0
14108.59784922075 0 0
14115.71464230365 0 0
14122.83250778023 0 0
14129.95143550796 0 0
14137.07143200465 0 0
14144.19250116215 0 0
14151.31463312268 0 0
14158.43783426939 0 0
14165.56210865264 0 0
14172.68744639033 0 0
14179.81385342216 0 0
14186.94133457461 0 0
14194.06987963238 0 0
14201.19949378335 0 0
14208.33018324705 0 0
14215.46193716646 0 0
14222.59475966946 0 0
14229.72865898508 0 0
14236.86362330632 0 0
14243.99965539311 0 0
14251.13676609994 0 0
14258.27494236179 0 0
14265.41418526306 0 0
14272.554508899 0 0
14279.69589863888 0 0
14286.83835467862 0 0
14293.98189168576 0 0
14301.1264964397 0 0
14308.27216804175 0 0
14315.41891875989 0 0
14322.56674006253 0 0
14329.71562876105 0 0
14336.86559441717 0 0
14344.01663380179 0 0
14351.16874112956 0 0
14358.32192294952 0 0
14365.47618194804 0 0
14372.63150943647 0 0
14379.78790864506 0 0
14386.945388788 0 0
14394.10393796714 0 0
14401.26355637746 0 0
14408.42425860456 0 0
14415.58603100308 0 0
14422.7488731784 0 0
14429.91279567678 0 0
14437.07779282197 0 0
14444.24386028911 0 0
14451.41100427985 0 0
14458.57922769768 0 0
14465.74852198209 0 0
14472.91888868522 0 0
14480.09033990024 0 0
14487.26286252601 0 0
14494.43645675677 0 0
14501.61113369587 0 0
14508.78688618574 0 0
14515.96371082408 0 0
14523.141613347 0 0
14530.32059722232 0 0
14537.50065378913 0 0
14544.68178324126 0 0
14551.86399989301 0 0
14559.04728990782 0 0
14566.2316533503 0 0
14573.41709845125 0 0
14580.60362343223 0 0
14587.79122238276 0 0
14594.97989714671 0 0
14602.16965861068 0 0
14609.36049458557 0 0
14616.55240526465 0 0
14623.74539968766 0 0
14630.93947420191 0 0
14638.13462396108 0 0
14645.33085090392 0 0
14652.52816547117 0 0
14659.72655582358 0 0
14666.92602215401 0 0
14674.12657262895 0 0
14681.32820508642 0 0
14688.53091406149 0 0
14695.7346999071 0 0
14702.93957598007 0 0
14710.14552910979 0 0
14717.35255948866 0 0
14724.5606727313 0 0
14731.76987152429 0 0
14738.98014810491 0 0
14746.19150266536 0 0
14753.40394552662 0 0
14760.6174698158 0 0
14767.83207262264 0 0
14775.04775533468 0 0
14782.26452883791 0 0
14789.48238139614 0 0
14796.70131320117 0 0
14803.92132938401 0 0
14811.1424331973 0 0
14818.36461679408 0 0
14825.58788036593 0 0
14832.81223223385 0 0
14840.03766912425 0 0
14847.26418652575 0 0
14854.4917846297 0 0
14861.72047439433 0 0
14868.95024712555 0 0
14876.18110109463 0 0
14883.41303680326 0 0
14890.64606636293 0 0
14897.88017769538 0 0
14905.11537099155 0 0
14912.35164843177 0 0
14919.58901862451 0 0
14926.82747131526 0 0
14934.06700669473 0 0
14941.30762807087 0 0
14948.54934165132 0 0
14955.79213845414 0 0
14963.03601866981 0 0
14970.28098618357 0 0
14977.52704590307 0 0
14984.77418956842 0 0
14992.02241736987 0 0
14999.2717332203 0 0
15006.52214182686 0 0
15013.77363510191 0 0
15021.02621323544 0 0
15028.27987961893 0 0
15035.5346398573 0 0
15042.7904854859 0 0
15050.04741669452 0 0
15057.30543580485 0 0
15064.56455041648 0 0
15071.82475113921 0 0
15079.08603816263 0 0
15086.34841219096 0 0
15093.611883914 0 0
15100.87644246816 0 0
15108.1420880428 0 0
15115.4088208272 0 0
15122.67665074699 0 0
15129.94556986662 0 0
15137.21557672564 0 0
15144.48667151313 0 0
15151.75886130017 0 0
15159.03214371599 0 0
15166.30651458931 0 0
15173.58197410893 0 0
15180.85852594581 0 0
15188.13617438533 0 0
15195.41491199954 0 0
15202.69473897706 0 0
15209.97565550641 0 0
15217.25767223121 0 0
15224.54077930971 0 0
15231.82497646763 0 0
15239.11026389331 0 0
15246.39664759792 0 0
15253.68412686082 0 0
15260.97269691842 0 0
15268.26235795883 0 0
15275.55311081735 0 0
15282.84496498152 0 0
15290.13791065481 0 0
15297.43194802513 0 0
15304.72707728025 0 0
15312.02330398815 0 0
15319.32062798994 0 0
15326.61904440208 0 0
15333.91855341217 0 0
15341.21915520773 0 0
15348.5208592246 0 0
15355.82365738727 0 0
15363.12754886018 0 0
15370.4325338306 0 0
15377.73861464734 0 0
15385.04579726602 0 0
15392.35407390636 0 0
15399.66344475544 0 0
15406.97391000027 0 0
15414.2854743114 0 0
15421.59813882059 0 0
15428.91189824888 0 0
15436.22675278306 0 0
15443.54270260987 0 0
15450.8597538605 0 0
15458.17790456536 0 0
15465.4971510854 0 0
15472.81749360716 0 0
15480.13893231708 0 0
15487.46147394714 0 0
15494.78511514635 0 0
15502.1098530555 0 0
15509.43568786084 0 0
15516.76261974852 0 0
15524.09065519278 0 0
15531.4197911786 0 0
15538.75002476777 0 0
15546.08135614626 0 0
15553.41378549996 0 0
15560.74731818802 0 0
15568.08195324628 0 0
15575.41768679995 0 0
15582.75451903473 0 0
15590.09245013623 0 0
15597.43148349258 0 0
15604.77162190268 0 0
15612.11285969891 0 0
15619.45519706672 0 0
15626.79863419143 0 0
15634.14317163543 0 0
15641.48881767035 0 0
15648.83556398084 0 0
15656.183410752 0 0
15663.53235816892 0 0
15670.8824064166 0 0
15678.2335610412 0 0
15685.5858201312 0 0
15692.93918056968 0 0
15700.29364254143 0 0
15707.64920623119 0 0
15715.00587247642 0 0
15722.36364860485 0 0
15729.72252696823 0 0
15737.08250775108 0 0
15744.44359113786 0 0
15751.80577731297 0 0
15759.16906982614 0 0
15766.53347036565 0 0
15773.89897420951 0 0
15781.26558154189 0 0
15788.63329254693 0 0
15796.00210740869 0 0
15803.37203114945 0 0
15810.74306229788 0 0
15818.11519781813 0 0
15825.48843789403 0 0
15832.86278270939 0 0
15840.23823244795 0 0
15847.61479236702 0 0
15854.99246031106 0 0
15862.37123369246 0 0
15869.75111269472 0 0
15877.13209750133 0 0
15884.51418829567 0 0
15891.89738933488 0 0
15899.28170025008 0 0
15906.66711766625 0 0
15914.0536417666 0 0
15921.44127273425 0 0
15928.83001075229 0 0
15936.21985784459 0 0
15943.61081789539 0 0
15951.00288550889 0 0
15958.39606086795 0 0
15965.79034415538 0 0
15973.18573555393 0 0
15980.58223524628 0 0
15987.97984896318 0 0
15995.3785729255 0 0
16002.77840569286 0 0
16010.17934744774 0 0
16017.58139837257 0 0
16024.9845586497 0 0
16032.38882910559 0 0
16039.79421555716 0 0
16047.20071187137 0 0
16054.60831823036 0 0
16062.01703481622 0 0
16069.426861811 0 0
16076.83779939666 0 0
16084.24984898107 0 0
16091.66301496967 0 0
16099.07729205842 0 0
16106.49268042909 0 0
16113.90918026339 0 0
16121.32679174297 0 0
16128.74551504944 0 0
16136.16535049028 0 0
16143.58630442349 0 0
16151.00837069177 0 0
16158.4315494765 0 0
16165.85584095903 0 0
16173.28124532062 0 0
16180.70776274249 0 0
16188.13539340581 0 0
16195.56414102138 0 0
16202.99400485656 0 0
16210.42498244015 0 0
16217.8570739531 0 0
16225.29027957632 0 0
16232.72459949062 0 0
16240.16003387681 0 0
16247.59658291562 0 0
16255.03425151839 0 0
16262.47303626806 0 0
16269.9129361761 0 0
16277.35395142301 0 0
16284.79608218925 0 0
16292.23932865525 0 0
16299.68369100134 0 0
16307.12916940783 0 0
16314.57576778911 0 0
16322.02348443939 0 0
16329.47231765459 0 0
16336.92226761481 0 0
16344.37333450007 0 0
16351.82551849036 0 0
16359.27881976558 0 0
16366.73323850561 0 0
16374.18877543568 0 0
16381.64543494634 0 0
16389.10321242515 0 0
16396.56210805175 0 0
16404.02212200574 0 0
16411.48325446666 0 0
16418.945505614 0 0
16426.40887562719 0 0
16433.87336468562 0 0
16441.33897315996 0 0
16448.80570583258 0 0
16456.27355805241 0 0
16463.7425299986 0 0
16471.2126218503 0 0
16478.68383378655 0 0
16486.15616598635 0 0
16493.62961862867 0 0
16501.10419189239 0 0
16508.57988595635 0 0
16516.05670273124 0 0
16523.53464356707 0 0
16531.01370570361 0 0
16538.4938893195 0 0
16545.97519459332 0 0
16553.45762170359 0 0
16560.94117082877 0 0
16568.4258421473 0 0
16575.91163583751 0 0
16583.39855207773 0 0
16590.88659104621 0 0
16598.37575704624 0 0
16605.8660462555 0 0
16613.35745869183 0 0
16620.84999453327 0 0
16628.34365395782 0 0
16635.83843714341 0 0
16643.33434426792 0 0
16650.83137550918 0 0
16658.32953104496 0 0
16665.82881105299 0 0
16673.32921571092 0 0
16680.83074755949 0 0
16688.3334059157 0 0
16695.83718941898 0 0
16703.34209824681 0 0
16710.84813257658 0 0
16718.35529258564 0 0
16725.86357845129 0 0
16733.37299035077 0 0
16740.88352846127 0 0
16748.39519295993 0 0
16755.90798402382 0 0
16763.42190182997 0 0
16770.93694655535 0 0
16778.45312176692 0 0
16785.97042427363 0 0
16793.4888541948 0 0
16801.00841170721 0 0
16808.52909698759 0 0
16816.05091021257 0 0
16823.57385155877 0 0
16831.09792120275 0 0
16838.62311932099 0 0
16846.14944608995 0 0
16853.67690168602 0 0
16861.20548628555 0 0
16868.7352000648 0 0
16876.26604320001 0 0
16883.79801744987 0 0
16891.33112275065 0 0
16898.86535790055 0 0
16906.40072307561 0 0
16913.93721845179 0 0
16921.47484420502 0 0
16929.01360051116 0 0
16936.55348754603 0 0
16944.09450548539 0 0
16951.63665450494 0 0
16959.17993478034 0 0
16966.7243464872 0 0
16974.26988980105 0 0
16981.81656489739 0 0
16989.36437195166 0 0
16996.91331113926 0 0
17004.46338263551 0 0
17012.01458689875 0 0
17019.56692587315 0 0
17027.12039764687 0 0
17034.67500239502 0 0
17042.2307402927 0 0
17049.78761151492 0 0
17057.34561623667 0 0
17064.90475463285 0 0
17072.46502687835 0 0
17080.02643314796 0 0
17087.58897361646 0 0
17095.15264845856 0 0
17102.71745784891 0 0
17110.28340196211 0 0
17117.85048097271 0 0
17125.41869505522 0 0
17132.98804438407 0 0
17140.55852913366 0 0
17148.13014947832 0 0
17155.70290559236 0 0
17163.27679764999 0 0
17170.85182582539 0 0
17178.4279902927 0 0
17186.005291226 0 0
17193.58372939686 0 0
17201.16330528834 0 0
17208.74401813294 0 0
17216.32586810453 0 0
17223.90885537694 0 0
17231.49298012393 0 0
17239.07824251924 0 0
17246.66464273653 0 0
17254.2521809494 0 0
17261.84085733142 0 0
17269.4306720561 0 0
17277.02162529691 0 0
17284.61371722723 0 0
17292.20694802043 0 0
17299.8013178498 0 0
17307.39682688859 0 0
17314.99347531001 0 0
17322.5912632872 0 0
17330.19019099324 0 0
17337.79025860117 0 0
17345.39146628399 0 0
17352.99381421462 0 0
17360.59730256596 0 0
17368.20193151082 0 0
17375.80770122199 0 0
17383.4146118722 0 0
17391.02266363413 0 0
17398.6318566804 0 0
17406.24219118357 0 0
17413.85366731617 0 0
17421.46628525066 0 0
17429.08004515946 0 0
17436.69494721494 0 0
17444.31099158939 0 0
17451.92817845511 0 0
17459.54650798428 0 0
17467.16598034905 0 0
17474.78659572155 0 0
17482.40835427382 0 0
17490.03125617787 0 0
17497.65530160564 0 0
17505.28049072902 0 0
17512.90682371988 0 0
17520.53430075001 0 0
17528.16292199113 0 0
17535.79268761496 0 0
17543.42359779312 0 0
17551.05565269722 0 0
17558.68885249878 0 0
17566.3231973693 0 0
17573.95868748021 0 0
17581.59532300289 0 0
17589.23310410867 0 0
17596.87203096885 0 0
17604.51210375463 0 0
17612.15332263722 0 0
17619.79568778772 0 0
17627.43919937721 0 0
17635.08385757673 0 0
17642.72966255724 0 0
17650.37661448968 0 0
17658.0247135449 0 0
17665.67395989373 0 0
17673.32435370693 0 0
17680.97589515522 0 0
17688.62858440929 0 0
17696.28242163972 0 0
17703.9374070171 0 0
17711.59354071193 0 0
17719.25082289469 0 0
17726.90925373576 0 0
17734.56883340553 0 0
17742.2295620743 0 0
17749.89143991233 0 0
17757.55446708982 0 0
17765.21864377693 0 0
17772.88397014379 0 0
17780.55044636042 0 0
17788.21807259685 0 0
17795.88684902302 0 0
17803.55677580884 0 0
17811.22785312416 0 0
17818.9000811388 0 0
17826.57346002248 0 0
17834.24798994491 0 0
17841.92367107575 0 0
17849.6005035846 0 0
17857.278487641 0 0
17864.95762341446 0 0
17872.63791161921 0 0
17880.31935288567 0 0
17888.00194641124 0 0
17895.6856923652 0 0
17903.37059091679 0 0
17911.05664223519 0 0
17918.74384648956 0 0
17926.43220384896 0 0
17934.12171448243 0 0
17941.81237855896 0 0
17949.50419624748 0 0
17957.19716771687 0 0
17964.89129313597 0 0
17972.58657267356 0 0
17980.28300649839 0 0
17987.9805947791 0 0
17995.67933768437 0 0
18003.37923538274 0 0
18011.08028804278 0 0
18018.78249583296 0 0
18026.4858589217 0 0
18034.1903774774 0 0
18041.89605166838 0 0
18049.60288166293 0 0
18057.31086940758 0 0
18065.02001388117 0 0
18072.7303146965 0 0
18080.44177202164 0 0
18088.1543860246 0 0
18095.86815687337 0 0
18103.58308473586 0 0
18111.29916977996 0 0
18119.01641217347 0 0
18126.73481208418 0 0
18134.45436967981 0 0
18142.17508512803 0 0
18149.89695859647 0 0
18157.61999025271 0 0
18165.34418026426 0 0
18173.0695287986 0 0
18180.79603602317 0 0
18188.52370350144 0 0
18196.25253155267 0 0
18203.98251882955 0 0
18211.7136654993 0 0
18219.44597172908 0 0
18227.17943768601 0 0
18234.91406353717 0 0
18242.64984944957 0 0
18250.38679559018 0 0
18258.12490212593 0 0
18265.86416922367 0 0
18273.60459705026 0 0
18281.34618577244 0 0
18289.08893555694 0 0
18296.83284712848 0 0
18304.57792295581 0 0
18312.32416037865 0 0
18320.07155956353 0 0
18327.82012067689 0 0
18335.56984388517 0 0
18343.32072935472 0 0
18351.07277725189 0 0
18358.82598774292 0 0
18366.58036099404 0 0
18374.33589717144 0 0
18382.09259644123 0 0
18389.85045896947 0 0
18397.60948750357 0 0
18405.36968090388 0 0
18413.13103809377 0 0
18420.89355923911 0 0
18428.65724450571 0 0
18436.42209405936 0 0
18444.18810806575 0 0
18451.9552866906 0 0
18459.72363009949 0 0
18467.49313845802 0 0
18475.26381193172 0 0
18483.03565258428 0 0
18490.80866101284 0 0
18498.58283508594 0 0
18506.35817496887 0 0
18514.13468082693 0 0
18521.91235282534 0 0
18529.69119112926 0 0
18537.47119590384 0 0
18545.25236731414 0 0
18553.03470552521 0 0
18560.81821150167 0 0
18568.60288837418 0 0
18576.38873257523 0 0
18584.17574426964 0 0
18591.96392362219 0 0
18599.75327079762 0 0
18607.54378596059 0 0
18615.33546927575 0 0
18623.12832090769 0 0
18630.92234102095 0 0
18638.71753291243 0 0
18646.51389538259 0 0
18654.31142686026 0 0
18662.11012750977 0 0
18669.9099974954 0 0
18677.7110369814 0 0
18685.51324613195 0 0
18693.31662511119 0 0
18701.12117408322 0 0
18708.92689689545 0 0
18716.73379154808 0 0
18724.54185671828 0 0
18732.35109256994 0 0
18740.1614992669 0 0
18747.97307697295 0 0
18755.78582585184 0 0
18763.59974606727 0 0
18771.41483932134 0 0
18779.23110817224 0 0
18787.04854888321 0 0
18794.86716161772 0 0
18802.68694653924 0 0
18810.50790381117 0 0
18818.33003359686 0 0
18826.15333605962 0 0
18833.97781295602 0 0
18841.80346700204 0 0
18849.63029424739 0 0
18857.45829485517 0 0
18865.28746898846 0 0
18873.11781681024 0 0
18880.9493384835 0 0
18888.78203417116 0 0
18896.61590787869 0 0
18904.45095809032 0 0
18912.28718283734 0 0
18920.12458228247 0 0
18927.96315658839 0 0
18935.8029059177 0 0
18943.643830433 0 0
18951.48593233722 0 0
18959.32921395279 0 0
18967.17367127424 0 0
18975.01930446396 0 0
18982.86611368428 0 0
18990.71409909748 0 0
18998.56326086577 0 0
19006.41360107385 0 0
19014.26512251329 0 0
19022.11782082668 0 0
19029.97169617603 0 0
19037.82674872332 0 0
19045.68297863051 0 0
19053.54038605949 0 0
19061.39897465739 0 0
19069.25874432301 0 0
19077.11969202815 0 0
19084.98181793451 0 0
19092.84512220373 0 0
19100.70960499741 0 0
19108.57526647711 0 0
19116.44211352968 0 0
19124.31013980614 0 0
19132.17934528528 0 0
19140.04973012844 0 0
19147.92129449693 0 0
19155.79403855203 0 0
19163.66796695381 0 0
19171.54307800593 0 0
19179.41936926037 0 0
19187.2968408782 0 0
19195.17549302042 0 0
19203.05532584802 0 0
19210.93634303319 0 0
19218.81854505411 0 0
19226.70192827519 0 0
19234.58649285723 0 0
19242.47223896094 0 0
19250.359166747 0 0
19258.24728013633 0 0
19266.13657930805 0 0
19274.027060676 0 0
19281.91872440066 0 0
19289.81157064247 0 0
19297.70559956184 0 0
19305.60081656274 0 0
19313.49721905616 0 0
19321.39480474007 0 0
19329.29357377468 0 0
19337.19352632013 0 0
19345.09466259124 0 0
19352.99699054315 0 0
19360.90050251807 0 0
19368.80519867596 0 0
19376.71107917675 0 0
19384.61814418027 0 0
19392.52639764839 0 0
19400.43584023957 0 0
19408.34646784474 0 0
19416.25828062359 0 0
19424.17127873574 0 0
19432.08546284948 0 0
19440.00084037564 0 0
19447.91740374557 0 0
19455.83515311873 0 0
19463.75408865448 0 0
19471.67421051218 0 0
19479.59552536357 0 0
19487.51802880926 0 0
19495.44171908647 0 0
19503.36659635434 0 0
19511.29266077196 0 0
19519.21991760694 0 0
19527.14836543291 0 0
19535.07800091746 0 0
19543.00882421947 0 0
19550.94083549781 0 0
19558.87403947569 0 0
19566.80843598001 0 0
19574.74402096871 0 0
19582.68079460046 0 0
19590.61875703387 0 0
19598.55791330622 0 0
19606.49826278051 0 0
19614.43980156375 0 0
19622.38252981437 0 0
19630.32644769075 0 0
19638.27156140143 0 0
19646.21786813088 0 0
19654.1653649926 0 0
19662.11405214482 0 0
19670.06392974565 0 0
19678.01500603083 0 0
19685.9672742942 0 0
19693.92073351195 0 0
19701.87538384207 0 0
19709.83122697842 0 0
19717.78826943057 0 0
19725.74650350023 0 0
19733.70592934516 0 0
19741.66654712308 0 0
19749.62836209901 0 0
19757.59137380355 0 0
19765.55557794549 0 0
19773.52097468235 0 0
19781.48756417162 0 0
19789.45535610175 0 0
19797.42434131952 0 0
19805.39451979335 0 0
19813.36589168053 0 0
19821.33846206052 0 0
19829.31223112961 0 0
19837.28719411509 0 0
19845.26335117406 0 0
19853.24070333153 0 0
19861.21925902406 0 0
19869.19900929252 0 0
19877.17995429382 0 0
19885.16209418484 0 0
19893.14543663715 0 0
19901.1299769566 0 0
19909.11571266744 0 0
19917.10264392637 0 0
19925.09077558914 0 0
19933.08010872425 0 0
19941.07063790851 0 0
19949.06236329842 0 0
19957.05528748633 0 0
19965.04941619842 0 0
19973.04474161665 0 0
19981.04126389732 0 0
19989.03898392102 0 0
19997.03791096814 0 0
20005.03803537757 0 0
20013.03935730544 0 0
20021.04187690782 0 0
20029.04560460847 0 0
20037.05053076303 0 0
20045.05665509123 0 0
20053.06397774896 0 0
20061.0725086806 0 0
20069.08223933089 0 0
20077.09316880926 0 0
20085.10529727138 0 0
20093.11863473181 0 0
20101.13317262516 0 0
20109.14891000021 0 0
20117.16584701249 0 0
20125.18399429558 0 0
20133.203342176 0 0
20141.22389019099 0 0
20149.24563891473 0 0
20157.26859889152 0 0
20165.29275949975 0 0
20173.31812089462 0 0
20181.34468523488 0 0
20189.37246002546 0 0
20197.40143609895 0 0
20205.43161361037 0 0
20213.46299685013 0 0
20221.49558918944 0 0
20229.52938346236 0 0
20237.56437982371 0 0
20245.60058524202 0 0
20253.63799786174 0 0
20261.676613065 0 0
20269.71643100642 0 0
20277.75746187839 0 0
20285.79969750695 0 0
20293.84313636818 0 0
20301.88778057758 0 0
20309.93363821338 0 0
20317.98069957591 0 0
20326.0289648195 0 0
20334.07844024351 0 0
20342.12912568741 0 0
20350.18101550584 0 0
20358.2341098529 0 0
20366.28841975585 0 0
20374.34393572728 0 0
20382.40065672024 0 0
20390.45858682979 0 0
20398.51773053098 0 0
20406.57807974613 0 0
20414.63963462903 0 0
20422.70240495948 0 0
20430.76638397168 0 0
20438.83156914349 0 0
20446.89796405076 0 0
20454.96557443344 0 0
20463.03439146713 0 0
20471.1044153053 0 0
20479.17565616339 0 0
20487.24810663052 0 0
20495.32176439295 0 0
20503.39663418894 0 0
20511.47271965964 0 0
20519.55001291601 0 0
20527.62851411119 0 0
20535.7082355759 0 0
20543.78916589447 0 0
20551.87130464166 0 0
20559.95465939619 0 0
20568.03922834381 0 0
20576.12500620939 0 0
20584.21199613284 0 0
20592.30020527492 0 0
20600.38962382387 0 0
20608.48025193238 0 0
20616.57210169418 0 0
20624.66516249006 0 0
20632.75943333382 0 0
20640.85492260343 0 0
20648.9516272084 0 0
20657.04954234911 0 0
20665.14867299999 0 0
20673.24902297477 0 0
20681.35058397274 0 0
20689.45335787665 0 0
20697.55735478057 0 0
20705.66256319468 0 0
20713.76898327109 0 0
20721.87662761267 0 0
20729.98548500039 0 0
20738.09555453682 0 0
20746.20684645343 0 0
20754.31935437083 0 0
20762.43307492294 0 0
20770.54801628076 0 0
20778.66417628251 0 0
20786.7815494045 0 0
20794.90014206801 0 0
20803.01995570735 0 0
20811.14098295206 0 0
20819.26322878408 0 0
20827.38669761289 0 0
20835.51138053173 0 0
20843.63728139339 0 0
20851.76440696212 0 0
20859.89274710512 0 0
20868.02230485586 0 0
20876.1530887136 0 0
20884.28508762939 0 0
20892.41830412699 0 0
20900.55274782138 0 0
20908.68840705719 0 0
20916.82528415778 0 0
20924.96338923511 0 0
20933.10271033678 0 0
20941.24324989478 0 0
20949.38501789993 0 0
20957.52800241191 0 0
20965.67220628008 0 0
20973.81763875655 0 0
20981.96428822191 0 0
20990.11215825136 0 0
20998.26125674126 0 0
21006.41157270167 0 0
21014.56311074183 0 0
21022.71587678588 0 0
21030.86986078163 0 0
21039.02506868029 0 0
21047.18150381782 0 0
21055.33915738781 0 0
21063.49803699108 0 0
21071.65814276006 0 0
21079.81946744182 0 0
21087.98202059417 0 0
21096.14579853117 0 0
21104.31079586085 0 0
21112.47702440507 0 0
21120.64447604528 0 0
21128.81314755764 0 0
21136.9830533349 0 0
21145.15418021215 0 0
21153.32652932393 0 0
21161.50011229038 0 0
21169.67491593711 0 0
21177.85094538513 0 0
21186.02820617383 0 0
21194.20668812112 0 0
21202.38639974211 0 0
21210.56733988318 0 0
21218.74950166074 0 0
21226.93289728976 0 0
21235.11751831198 0 0
21243.30336192984 0 0
21251.49044291865 0 0
21259.67874634941 0 0
21267.86827706828 0 0
21276.05904151491 0 0
21284.25102888024 0 0
21292.4442485308 0 0
21300.63869796036 0 0
21308.83437078492 0 0
21317.03128119619 0 0
21325.2294171324 0 0
21333.42878017147 0 0
21341.62937993889 0 0
21349.83120390411 0 0
21358.0342607867 0 0
21366.23854962897 0 0
21374.44406314421 0 0
21382.65081569496 0 0
21390.85879513216 0 0
21399.06800368202 0 0
21407.27844975901 0 0
21415.49012130985 0 0
21423.70302860329 0 0
21431.91716783725 0 0
21440.13253324255 0 0
21448.34914087638 0 0
21456.56697478376 0 0
21464.78604200341 0 0
21473.00634535242 0 0
21481.22787544828 0 0
21489.45064629983 0 0
21497.67464687816 0 0
21505.89987919978 0 0
21514.12635097562 0 0
21522.3540502961 0 0
21530.58298931303 0 0
21538.81316087029 0 0
21547.04456346181 0 0
21555.27720796982 0 0
21563.51108081902 0 0
21571.74619316471 0 0
21579.98254000238 0 0
21588.22011802403 0 0
21596.45893956304 0 0
21604.69899023864 0 0
21612.94028106869 0 0
21621.1828074818 0 0
21629.42656608604 0 0
21637.67156894848 0 0
21645.91780174169 0 0
21654.165276204 0 0
21662.41398648114 0 0
21670.66393081271 0 0
21678.91511928456 0 0
21687.16753848016 0 0
21695.42120171491 0 0
21703.67610013826 0 0
21711.93223533421 0 0
21720.18961369501 0 0
21728.44822357138 0 0
21736.70808071105 0 0
21744.96917155638 0 0
21753.23150274605 0 0
21761.49507526897 0 0
21769.75988135875 0 0
21778.02593626748 0 0
21786.29322380416 0 0
21794.56175610923 0 0
21802.83152706105 0 0
21811.10253635065 0 0
21819.37479142475 0 0
21827.64827991576 0 0
21835.92301845028 0 0
21844.19899209138 0 0
21852.47620969171 0 0
21860.75466918899 0 0
21869.0343667022 0 0
21877.31531276131 0 0
21885.59749334572 0 0
21893.88092436008 0 0
21902.16559253198 0 0
21910.45150553615 0 0
21918.73866200013 0 0
21927.02705783938 0 0
21935.31670329961 0 0
21943.60758439123 0 0
21951.89971797895 0 0
21960.19308909032 0 0
21968.4877075857 0 0
21976.78356941997 0 0
21985.08067366649 0 0
21993.37902692634 0 0
22001.67861776702 0 0
22009.97946315473 0 0
22018.28154559666 0 0
22026.58487964944 0 0
22034.88945523996 0 0
22043.19527795387 0 0
22051.50234739422 0 0
22059.81065961048 0 0
22068.12022360145 0 0
22076.43102616076 0 0
22084.74308540275 0 0
22093.05638311794 0 0
22101.3709343383 0 0
22109.68672832248 0 0
22118.0037719473 0 0
22126.32206289981 0 0
22134.64159976805 0 0
22142.96238838782 0 0
22151.28441933792 0 0
22159.60770632344 0 0
22167.93223319731 0 0
22176.25801824268 0 0
22184.58504449755 0 0
22192.91332568066 0 0
22201.24285201395 0 0
22209.57363017147 0 0
22217.90565728026 0 0
22226.2389332484 0 0
22234.57346182928 0 0
22242.90923644371 0 0
22251.24626719288 0 0
22259.58454128879 0 0
22267.92407490202 0 0
22276.26485044741 0 0
22284.60688648675 0 0
22292.95016590749 0 0
22301.29470347617 0 0
22309.640487467 0 0
22317.98752739846 0 0
22326.3358166537 0 0
22334.68535978087 0 0
22343.03615499444 0 0
22351.38820214976 0 0
22359.74150401514 0 0
22368.09605603055 0 0
22376.45186524082 0 0
22384.80892294776 0 0
22393.16724019555 0 0
22401.52680442494 0 0
22409.8876304025 0 0
22418.24970198477 0 0
22426.61303738393 0 0
22434.97761769463 0 0
22443.34346266116 0 0
22451.71055339899 0 0
22460.07890775461 0 0
22468.44850961035 0 0
22476.81937418379 0 0
22485.19148784783 0 0
22493.56486346728 0 0
22501.9394896296 0 0
22510.31537712277 0 0
22518.69251647291 0 0
22527.07091666701 0 0
22535.4505698941 0 0
22543.83148361586 0 0
22552.21365140863 0 0
22560.59707948426 0 0
22568.98176253102 0 0
22577.36770578624 0 0
22585.75490477488 0 0
22594.14336403492 0 0
22602.53307965293 0 0
22610.92405574251 0 0
22619.31628867697 0 0
22627.70978242035 0 0
22636.10453335789 0 0
22644.5005455788 0 0
22652.89781520568 0 0
22661.29634672737 0 0
22669.69613572943 0 0
22678.09718737465 0 0
22686.49949643731 0 0
22694.90306902833 0 0
22703.3078988366 0 0
22711.71399319519 0 0
22720.12134443367 0 0
22728.5299613811 0 0
22736.939834734 0 0
22745.35097509105 0 0
22753.76337124214 0 0
22762.17703582911 0 0
22770.59195546176 0 0
22779.00814509847 0 0
22787.42558889565 0 0
22795.8443044014 0 0
22804.26427315491 0 0
22812.68551523927 0 0
22821.10801112707 0 0
22829.53177911258 0 0
22837.95680295273 0 0
22846.38309752089 0 0
22854.81065013098 0 0
22863.23947196291 0 0
22871.66955416001 0 0
22880.10090393642 0 0
22888.53351653714 0 0
22896.96739493833 0 0
22905.40253875879 0 0
22913.83894646464 0 0
22922.27662232046 0 0
22930.71556001047 0 0
22939.15576871678 0 0
22947.59723707003 0 0
22956.0399794415 0 0
22964.4839793112 0 0
22972.92925598744 0 0
22981.37579078036 0 0
22989.82359984657 0 0
22998.27267037611 0 0
23006.72301250995 0 0
23015.17461958906 0 0
23023.62749546775 0 0
23032.08163990886 0 0
23040.53705020927 0 0
23048.99373282435 0 0
23057.4516782229 0 0
23065.91089982345 0 0
23074.37138182287 0 0
23082.83314239317 0 0
23091.29616463121 0 0
23099.76046201965 0 0
23108.22602530657 0 0
23116.69286018819 0 0
23125.16096533374 0 0
23133.63033838314 0 0
23142.10098619662 0 0
23150.57289808802 0 0
23159.04608937823 0 0
23167.52054351599 0 0
23175.9962763607 0 0
23184.47327522424 0 0
23192.95154862529 0 0
23201.43109302218 0 0
23209.91190765237 0 0
23218.39399838973 0 0
23226.87735492144 0 0
23235.36199280588 0 0
23243.84789553897 0 0
23252.3350777488 0 0
23260.82352887465 0 0
23269.31325469573 0 0
23277.80425501975 0 0
23286.29652512308 0 0
23294.79007545019 0 0
23303.28489218305 0 0
23311.780991641 0 0
23320.27835962002 0 0
23328.77700506636 0 0
23337.27692509523 0 0
23345.77811719952 0 0
23354.2805900815 0 0
23362.78433092308 0 0
23371.28935605078 0 0
23379.79565098591 0 0
23388.30322447413 0 0
23396.81207430484 0 0
23405.32219682173 0 0
23413.83360234958 0 0
23422.34627738761 0 0
23430.86023658901 0 0
23439.37546856202 0 0
23447.89197849109 0 0
23456.40976819944 0 0
23464.92882952296 0 0
23473.44917776651 0 0
23481.97079706757 0 0
23490.49369872901 0 0
23499.01787780054 0 0
23507.54333255186 0 0
23516.07007219252 0 0
23524.5980839996 0 0
23533.12738170709 0 0
23541.6579553167 0 0
23550.18980780696 0 0
23558.72294401658 0 0
23567.25735349985 0 0
23575.79305156062 0 0
23584.33002487543 0 0
23592.86827940933 0 0
23601.40781735197 0 0
23609.94862967385 0 0
23618.49073238863 0 0
23627.03411056803 0 0
23635.57877144375 0 0
23644.12471627575 0 0
23652.67193659092 0 0
23661.22044825402 0 0
23669.77023644964 0 0
23678.32130795896 0 0
23686.87366482893 0 0
23695.42729828433 0 0
23703.9822231836 0 0
23712.53842653935 0 0
23721.0959129676 0 0
23729.65468701643 0 0
23738.2147387513 0 0
23746.77608116818 0 0
23755.33870482029 0 0
23763.90261044638 0 0
23772.46780680725 0 0
23781.03428195313 0 0
23789.60204616266 0 0
23798.17109523965 0 0
23806.74142433611 0 0
23815.31304813454 0 0
23823.88595181531 0 0
23832.46014208611 0 0
23841.03562170883 0 0
23849.61238187933 0 0
23858.19043489563 0 0
23866.7697722275 0 0
23875.35039282183 0 0
23883.93230810351 0 0
23892.51550502765 0 0
23901.09999095218 0 0
23909.68576704372 0 0
23918.27282544155 0 0
23926.86117826368 0 0
23935.45081704539 0 0
23944.04174013019 0 0
23952.63396008235 0 0
23961.22746343288 0 0
23969.82225599376 0 0
23978.41834172939 0 0
23987.01571152564 0 0
23995.61437512627 0 0
24004.2143285212 0 0
24012.8155666384 0 0
24021.41810284098 0 0
24030.02192576934 0 0
24038.62703592291 0 0
24047.23344444636 0 0
24055.84113878057 0 0
24064.4501241061 0 0
24073.06040524608 0 0
24081.67197285687 0 0
24090.28483491284 0 0
24098.89899053899 0 0
24107.51445152073 0 0
24116.131188786 0 0
24124.74921362732 0 0
24133.36852627717 0 0
24141.98915175946 0 0
24150.61106903506 0 0
24159.23427473873 0 0
24167.85876910268 0 0
24176.48455235904 0 0
24185.11162840277 0 0
24193.74001809058 0 0
24202.36969728943 0 0
24211.00066623117 0 0
24219.63292514759 0 0
24228.26647427039 0 0
24236.90132227179 0 0
24245.53748001508 0 0
24254.17492858227 0 0
24262.8136682048 0 0
24271.45369911403 0 0
24280.09502154125 0 0
24288.73764645766 0 0
24297.38157969046 0 0
24306.02680505768 0 0
24314.67332279031 0 0
24323.32113311932 0 0
24331.97023627557 0 0
24340.62064305541 0 0
24349.2723591984 0 0
24357.92536878394 0 0
24366.57967204262 0 0
24375.23526920499 0 0
24383.89216050151 0 0
24392.5503540843 0 0
24401.20986054479 0 0
24409.87066175362 0 0
24418.53275794098 0 0
24427.19614933699 0 0
24435.86083617168 0 0
24444.52682148806 0 0
24453.19412566006 0 0
24461.86272588385 0 0
24470.5326223892 0 0
24479.20381540582 0 0
24487.87630516334 0 0
24496.55009189132 0 0
24505.22519639937 0 0
24513.90160301653 0 0
24522.57930721594 0 0
24531.2583092269 0 0
24539.93860927864 0 0
24548.62020760029 0 0
24557.30311454277 0 0
24565.98733491845 0 0
24574.67285417477 0 0
24583.35967254059 0 0
24592.04779024472 0 0
24600.73720751591 0 0
24609.42792458281 0 0
24618.11996328162 0 0
24626.81330494449 0 0
24635.50794701248 0 0
24644.20388971402 0 0
24652.90113327742 0 0
24661.59967793094 0 0
24670.29952972334 0 0
24679.00070112924 0 0
24687.70317423361 0 0
24696.40694926442 0 0
24705.11202644959 0 0
24713.81840601698 0 0
24722.52608819435 0 0
24731.23508425884 0 0
24739.94539572065 0 0
24748.65701039948 0 0
24757.36992852287 0 0
24766.08415031826 0 0
24774.79967601301 0 0
24783.51650583442 0 0
24792.23465291603 0 0
24800.95411454859 0 0
24809.67488091359 0 0
24818.39695223806 0 0
24827.12032874898 0 0
24835.84501067321 0 0
24844.57099823761 0 0
24853.2983030672 0 0
24862.02692496417 0 0
24870.7568531058 0 0
24879.48808771865 0 0
24888.22062902919 0 0
24896.95447726387 0 0
24905.68963264901 0 0
24914.42610194333 0 0
24923.16389417719 0 0
24931.90299416476 0 0
24940.64340213212 0 0
24949.38511830528 0 0
24958.1281429102 0 0
24966.87247617275 0 0
24975.6181183187 0 0
24984.36508925661 0 0
24993.11337113834 0 0
25001.86296250528 0 0
25010.61386358297 0 0
25019.36607459689 0 0
25028.11959577243 0 0
25036.87442733493 0 0
25045.63057713097 0 0
25054.38805093407 0 0
25063.14683572465 0 0
25071.90693172779 0 0
25080.66833916849 0 0
25089.43105827165 0 0
25098.19508926218 0 0
25106.96043236482 0 0
25115.72710031968 0 0
25124.49508853701 0 0
25133.26438946557 0 0
25142.03500332987 0 0
25150.80693035438 0 0
25159.58017076349 0 0
25168.35472478151 0 0
25177.1305926327 0 0
25185.90778754967 0 0
25194.68630338274 0 0
25203.46613364663 0 0
25212.24727856534 0 0
25221.02973836278 0 0
25229.81351326279 0 0
25238.59860348918 0 0
25247.38500926564 0 0
25256.17273992691 0 0
25264.96179654559 0 0
25273.75216931057 0 0
25282.5438584453 0 0
25291.33686417316 0 0
25300.13118671748 0 0
25308.92682630151 0 0
25317.72378314841 0 0
25326.52205831515 0 0
25335.32166885774 0 0
25344.12259725802 0 0
25352.92484373889 0 0
25361.72840852319 0 0
25370.53329183374 0 0
25379.33949389322 0 0
25388.14701492428 0 0
25396.95585514951 0 0
25405.76602091012 0 0
25414.5775180485 0 0
25423.39033497422 0 0
25432.20447190962 0 0
25441.01992907693 0 0
25449.83670669834 0 0
25458.65480499596 0 0
25467.47422419183 0 0
25476.29496450792 0 0
25485.11703200121 0 0
25493.94043243925 0 0
25502.76515458909 0 0
25511.59119867249 0 0
25520.41856491106 0 0
25529.2472535264 0 0
25538.07726474002 0 0
25546.90859877337 0 0
25555.74125584782 0 0
25564.57523618468 0 0
25573.41055657907 0 0
25582.2472006067 0 0
25591.08516848654 0 0
25599.92446043966 0 0
25608.76507668705 0 0
25617.60701744961 0 0
25626.4502829482 0 0
25635.29487340361 0 0
25644.14078903652 0 0
25652.98803462765 0 0
25661.83661714186 0 0
25670.68652542182 0 0
25679.537759688 0 0
25688.39032016077 0 0
25697.24420706047 0 0
25706.09942060734 0 0
25714.95596102158 0 0
25723.81382852331 0 0
25732.67302333257 0 0
25741.53354792177 0 0
25750.39541316088 0 0
25759.258606294 0 0
25768.12312754091 0 0
25776.98897712136 0 0
25785.85615525502 0 0
25794.72466216146 0 0
25803.59449806023 0 0
25812.46566317079 0 0
25821.33815771251 0 0
25830.21198190474 0 0
25839.08714350985 0 0
25847.96364203526 0 0
25856.84147079571 0 0
25865.72063001026 0 0
25874.60111989793 0 0
25883.48294067766 0 0
25892.3660925683 0 0
25901.25057578869 0 0
25910.13639055755 0 0
25919.02353709354 0 0
25927.91201561529 0 0
25936.80183086305 0 0
25945.69298760844 0 0
25954.58547692217 0 0
25963.47929902261 0 0
25972.37445412805 0 0
25981.2709424567 0 0
25990.1687642267 0 0
25999.06791965616 0 0
26007.96840896308 0 0
26016.87023236543 0 0
26025.77339008106 0 0
26034.67788232782 0 0
26043.58371536043 0 0
26052.49089007137 0 0
26061.39939989394 0 0
26070.30924504572 0 0
26079.22042574419 0 0
26088.1329422068 0 0
26097.04679465093 0 0
26105.96198329385 0 0
26114.87850835282 0 0
26123.79637004499 0 0
26132.71556858748 0 0
26141.63610419732 0 0
26150.55797709146 0 0
26159.48119706773 0 0
26168.40575701284 0 0
26177.33165482052 0 0
26186.25889070749 0 0
26195.18746489039 0 0
26204.11737758583 0 0
26213.04862901033 0 0
26221.98121938034 0 0
26230.91514891225 0 0
26239.85041782238 0 0
26248.787026327 0 0
26257.72497464228 0 0
26266.66426298435 0 0
26275.60489309868 0 0
26284.54687306065 0 0
26293.49019362542 0 0
26302.43485500887 0 0
26311.38085742681 0 0
26320.32820109499 0 0
26329.27688622909 0 0
26338.22691304473 0 0
26347.17828175746 0 0
26356.13099258274 0 0
26365.08504573603 0 0
26374.04044143264 0 0
26382.99717988788 0 0
26391.95526131696 0 0
26400.91468593503 0 0
26409.87545582954 0 0
26418.83757733569 0 0
26427.80104260424 0 0
26436.76585185012 0 0
26445.73200528817 0 0
26454.69950313316 0 0
26463.66834559982 0 0
26472.63853290279 0 0
26481.61006525665 0 0
26490.58294287591 0 0
26499.55716597503 0 0
26508.53273476841 0 0
26517.50964947034 0 0
26526.48791029509 0 0
26535.46751745686 0 0
26544.44847116974 0 0
26553.43077164782 0 0
26562.4144234654 0 0
26571.39942678943 0 0
26580.38577744916 0 0
26589.37347565838 0 0
26598.36252163087 0 0
26607.3529155803 0 0
26616.3446577203 0 0
26625.33774826442 0 0
26634.33218742616 0 0
26643.32797541893 0 0
26652.32511245611 0 0
26661.32359875098 0 0
26670.32343451678 0 0
26679.32461996668 0 0
26688.32715531377 0 0
26697.33104077109 0 0
26706.33627655162 0 0
26715.34286286825 0 0
26724.35079993383 0 0
26733.36008990947 0 0
26742.37073645792 0 0
26751.38273432256 0 0
26760.39608371601 0 0
26769.41078485081 0 0
26778.42683793943 0 0
26787.44424319428 0 0
26796.46300082771 0 0
26805.48311105197 0 0
26814.50457407932 0 0
26823.52739012189 0 0
26832.55155939176 0 0
26841.57708210095 0 0
26850.60395846142 0 0
26859.63218868506 0 0
26868.66177298371 0 0
26877.69271156912 0 0
26886.725004653 0 0
26895.75865244696 0 0
26904.7936551626 0 0
26913.8300130114 0 0
26922.86772620483 0 0
26931.90679495425 0 0
26940.94721947097 0 0
26949.98900423077 0 0
26959.03214659089 0 0
26968.0766452815 0 0
26977.12250051368 0 0
26986.16971249845 0 0
26995.21828144674 0 0
27004.26820756946 0 0
27013.31949107742 0 0
27022.37213218138 0 0
27031.42613109203 0 0
27040.48148802 0 0
27049.53820317586 0 0
27058.5962767701 0 0
27067.65570901318 0 0
27076.71650011547 0 0
27085.77865028725 0 0
27094.8421597388 0 0
27103.9070286803 0 0
27112.97325732186 0 0
27122.04084587354 0 0
27131.10979454533 0 0
27140.18010354716 0 0
27149.2517730889 0 0
27158.32480338034 0 0
27167.39919463123 0 0
27176.47494705123 0 0
27185.55206084998 0 0
27194.63053623699 0 0
27203.71037342177 0 0
27212.79157261373 0 0
27221.87413402224 0 0
27230.95805785658 0 0
27240.04334432599 0 0
27249.12999442111 0 0
27258.21801017557 0 0
27267.30738912272 0 0
27276.39813147159 0 0
27285.49023743109 0 0
27294.58370721011 0 0
27303.67854101746 0 0
27312.77473906188 0 0
27321.87230155205 0 0
27330.97122869661 0 0
27340.0715207041 0 0
27349.17317778301 0 0
27358.27620014181 0 0
27367.38058798882 0 0
27376.48634153237 0 0
27385.5934609807 0 0
27394.70194654201 0 0
27403.81179842438 0 0
27412.9230168359 0 0
27422.03560198453 0 0
27431.14955407824 0 0
27440.26487332486 0 0
27449.38155993222 0 0
27458.49961410804 0 0
27467.61903606002 0 0
27476.73982599577 0 0
27485.86198412283 0 0
27494.98551064872 0 0
27504.11040578084 0 0
27513.23666972657 0 0
27522.36430269323 0 0
27531.49330488803 0 0
27540.62367651817 0 0
27549.75541779076 0 0
27558.88852891286 0 0
27568.02301009147 0 0
27577.15886153351 0 0
27586.29608344585 0 0
27595.4346760353 0 0
27604.5746395086 0 0
27613.71597407244 0 0
27622.85867993343 0 0
27632.00275729812 0 0
27641.14820637303 0 0
27650.29502736457 0 0
27659.44322047913 0 0
27668.59278592303 0 0
27677.74372390248 0 0
27686.89603462368 0 0
27696.04971829278 0 0
27705.20477511581 0 0
27714.36120529879 0 0
27723.51900904764 0 0
27732.67818656826 0 0
27741.83873806646 0 0
27751.00066374798 0 0
27760.16396381852 0 0
27769.32863848372 0 0
27778.49468794912 0 0
27787.66211242026 0 0
27796.83091210257 0 0
27806.00108720143 0 0
27815.17263792218 0 0
27824.34556447006 0 0
27833.51986705028 0 0
27842.69554586797 0 0
27851.87260112822 0 0
27861.05103303604 0 0
27870.23084179637 0 0
27879.41202761413 0 0
27888.59459069412 0 0
27897.77853124113 0 0
27906.96384945988 0 0
27916.15054555498 0 0
27925.33861973105 0 0
27934.52807219261 0 0
27943.7189031441 0 0
27952.91111278996 0 0
27962.1047013345 0 0
27971.29966898202 0 0
27980.49601593674 0 0
27989.6937424028 0 0
27998.89284858432 0 0
28008.09333468533 0 0
28017.29520090979 0 0
28026.49844746164 0 0
28035.70307454472 0 0
28044.90908236282 0 0
28054.11647111969 0 0
28063.32524101898 0 0
28072.53539226433 0 0
28081.74692505925 0 0
28090.95983960728 0 0
28100.17413611181 0 0
28109.38981477622 0 0
28118.60687580383 0 0
28127.82531939786 0 0
28137.04514576152 0 0
28146.26635509794 0 0
28155.48894761016 0 0
28164.71292548978 0 0
28173.9382884398 0 0
28183.16503524208 0 0
28192.39316609943 0 0
28201.62268121459 0 0
28210.85358079025 0 0
28220.08586502902 0 0
28229.31953413348 0 0
28238.55458830612 0 0
28247.79102774939 0 0
28257.02885266566 0 0
28266.26806325727 0 0
28275.50865972647 0 0
28284.75064227546 0 0
28293.99401110638 0 0
28303.23876642132 0 0
28312.48490842231 0 0
28321.73243731129 0 0
28330.98135329017 0 0
28340.23165656079 0 0
28349.48334732494 0 0
28358.73642578433 0 0
28367.99089214062 0 0
28377.24674659543 0 0
28386.50398935029 0 0
28395.76262060668 0 0
28405.02264056604 0 0
28414.28404942969 0 0
28423.54684739898 0 0
28432.81103467514 0 0
28442.07661145935 0 0
28451.34357795272 0 0
28460.61193435634 0 0
28469.88168250312 0 0
28479.15282505039 0 0
28488.42535817769 0 0
28497.69928208582 0 0
28506.97459697553 0 0
28516.25130304749 0 0
28525.52940050236 0 0
28534.80888954068 0 0
28544.08977036297 0 0
28553.37204316969 0 0
28562.65570816123 0 0
28571.9407655379 0 0
28581.22721549999 0 0
28590.51505824772 0 0
28599.80429398121 0 0
28609.09492290059 0 0
28618.38694520588 0 0
28627.68036109706 0 0
28636.97517077405 0 0
28646.2713744367 0 0
28655.56897228482 0 0
28664.86796451813 0 0
28674.16835133633 0 0
28683.47013293906 0 0
28692.77331672694 0 0
28702.077895841 0 0
28711.38387040456 0 0
28720.69124061697 0 0
28730.00000667755 0 0
28739.31016878554 0 0
28748.62172714013 0 0
28757.93468194047 0 0
28767.24903338562 0 0
28776.56478167459 0 0
28785.88192700635 0 0
28795.20046957977 0 0
28804.52040959372 0 0
28813.84174724696 0 0
28823.16448273821 0 0
28832.48861626616 0 0
28841.81414802937 0 0
28851.14107822642 0 0
28860.46940705578 0 0
28869.79914306772 0 0
28879.13027838226 0 0
28888.46281299032 0 0
28897.79674709012 0 0
28907.13208087986 0 0
28916.46881455764 0 0
28925.80694832154 0 0
28935.14648236953 0 0
28944.48741689957 0 0
28953.82975210956 0 0
28963.17348819731 0 0
28972.51862536059 0 0
28981.86516379712 0 0
28991.21310370453 0 0
29000.56244528043 0 0
29009.91318872236 0 0
29019.26533913671 0 0
29028.61889660543 0 0
29037.97385659819 0 0
29047.33021931231 0 0
29056.68798494498 0 0
29066.04715369339 0 0
29075.40772575466 0 0
29084.76970132584 0 0
29094.13308060391 0 0
29103.49786378583 0 0
29112.86405106845 0 0
29122.23164264862 0 0
29131.60063872309 0 0
29140.97103948858 0 0
29150.34284514171 0 0
29159.71606418872 0 0
29169.09069091569 0 0
29178.46672318539 0 0
29187.84416119423 0 0
29197.22300513856 0 0
29206.60325521466 0 0
29215.98491161874 0 0
29225.367974547 0 0
29234.75244419553 0 0
29244.13832076039 0 0
29253.5256044376 0 0
29262.91429542307 0 0
29272.30439391268 0 0
29281.69590398631 0 0
29291.08882965192 0 0
29300.48316347422 0 0
29309.87890564883 0 0
29319.27605637134 0 0
29328.67461583727 0 0
29338.07458424207 0 0
29347.47596178117 0 0
29356.8787486499 0 0
29366.28294504354 0 0
29375.68855115737 0 0
29385.09556718652 0 0
29394.50399332613 0 0
29403.91384082855 0 0
29413.32510022259 0 0
29422.73777037708 0 0
29432.15185148689 0 0
29441.56734374686 0 0
29450.98424735173 0 0
29460.4025624962 0 0
29469.82228937495 0 0
29479.24342818253 0 0
29488.66597911349 0 0
29498.08994236231 0 0
29507.51532147578 0 0
29516.94212312711 0 0
29526.37033774415 0 0
29535.79996552113 0 0
29545.23100665223 0 0
29554.66346133155 0 0
29564.09732975317 0 0
29573.5326121111 0 0
29582.96930859925 0 0
29592.40741941156 0 0
29601.84694474184 0 0
29611.28788875138 0 0
29620.73025761529 0 0
29630.17404164289 0 0
29639.61924102778 0 0
29649.06585596348 0 0
29658.51388664349 0 0
29667.9633332612 0 0
29677.41419601001 0 0
29686.86647508322 0 0
29696.32017067408 0 0
29705.77528297579 0 0
29715.23182505674 0 0
29724.68978600631 0 0
29734.14916431031 0 0
29743.60996016173 0 0
29753.07217375343 0 0
29762.53580527827 0 0
29772.00085492904 0 0
29781.46732289847 0 0
29790.93520937923 0 0
29800.40451456395 0 0
29809.87525338293 0 0
29819.34741186382 0 0
29828.82098969032 0 0
29838.29598705484 0 0
29847.77240414965 0 0
29857.25024116706 0 0
29866.72949829926 0 0
29876.2101757384 0 0
29885.69227367658 0 0
29895.17579984809 0 0
29904.660755269 0 0
29914.14713182887 0 0
29923.63492971957 0 0
29933.12414913293 0 0
29942.61479026066 0 0
29952.10685329447 0 0
29961.60033842599 0 0
29971.09524584681 0 0
29980.59158166885 0 0
29990.08935074761 0 0
29999.58854275386 0 0
30009.08915787894 0 0
30018.59119631415 0 0
30028.09465825071 0 0
30037.5995438798 0 0
30047.10585339254 0 0
30056.61358698 0 0
30066.12275469043 0 0
30075.63335409978 0 0
30085.14537822034 0 0
30094.65882724292 0 0
30104.17370135828 0 0
30113.69000075716 0 0
30123.20772563021 0 0
30132.72687616803 0 0
30142.24745426982 0 0
30151.76947433791 0 0
30161.29292070571 0 0
30170.81779356362 0 0
30180.34409310194 0 0
30189.87181951091 0 0
30199.40097298076 0 0
30208.93155370163 0 0
30218.46356186361 0 0
30227.99701378301 0 0
30237.53189561805 0 0
30247.06820552743 0 0
30256.60594370103 0 0
30266.14511032864 0 0
30275.68570560003 0 0
30285.22772970485 0 0
30294.77118283277 0 0
30304.3160824851 0 0
30313.86241297559 0 0
30323.4101731209 0 0
30332.95936311044 0 0
30342.50998313355 0 0
30352.06203337951 0 0
30361.61551403759 0 0
30371.17042897015 0 0
30380.72679023025 0 0
30390.28458253284 0 0
30399.84380606695 0 0
30409.4044610215 0 0
30418.96654758539 0 0
30428.53006594747 0 0
30438.09501629649 0 0
30447.66141191762 0 0
30457.22924654163 0 0
30466.79851378149 0 0
30476.36921382576 0 0
30485.94134686295 0 0
30495.51491308147 0 0
30505.08991266974 0 0
30514.66635250683 0 0
30524.24423959499 0 0
30533.82356068044 0 0
30543.40431595135 0 0
30552.98650559583 0 0
30562.5701298019 0 0
30572.15518875758 0 0
30581.7416863104 0 0
30591.32963598412 0 0
30600.91902103367 0 0
30610.50984164685 0 0
30620.10209801134 0 0
30629.6957903148 0 0
30639.29091874481 0 0
30648.88748748474 0 0
30658.48550984417 0 0
30668.08496895512 0 0
30677.68586500493 0 0
30687.28819818091 0 0
30696.89196867034 0 0
30706.49717666041 0 0
30716.10383003057 0 0
30725.7119351547 0 0
30735.32147840313 0 0
30744.93245996279 0 0
30754.54488002062 0 0
30764.15873876348 0 0
30773.77403637819 0 0
30783.39078779355 0 0
30793.00898574026 0 0
30802.62862318115 0 0
30812.24970030278 0 0
30821.8722172917 0 0
30831.49617433437 0 0
30841.12157433351 0 0
30850.74843446467 0 0
30860.37673527078 0 0
30870.00647693809 0 0
30879.63765965279 0 0
30889.27028360101 0 0
30898.90434896884 0 0
30908.5398719389 0 0
30918.17684358072 0 0
30927.81525726206 0 0
30937.45511316876 0 0
30947.09641148663 0 0
30956.73915240142 0 0
30966.3833454401 0 0
30976.02899537461 0 0
30985.67608852487 0 0
30995.32462507632 0 0
31004.97460521448 0 0
31014.62602912474 0 0
31024.27890216007 0 0
31033.93323783087 0 0
31043.58901789145 0 0
31053.24624252701 0 0
31062.90491192265 0 0
31072.56502626348 0 0
31082.22658920564 0 0
31091.88961804287 0 0
31101.55409244185 0 0
31111.22001258743 0 0
31120.8873786644 0 0
31130.5561908575 0 0
31140.22645359883 0 0
31149.89818301928 0 0
31159.57135917134 0 0
31169.24598223951 0 0
31178.92205240826 0 0
31188.59956986202 0 0
31198.27854227703 0 0
31207.95897968419 0 0
31217.64086499068 0 0
31227.32419838069 0 0
31237.00898003839 0 0
31246.69521014784 0 0
31256.38290209337 0 0
31266.07205487736 0 0
31275.76265672635 0 0
31285.45470782418 0 0
31295.14820835469 0 0
31304.84315850161 0 0
31314.53957981676 0 0
31324.23745535449 0 0
31333.93678112077 0 0
31343.63755729913 0 0
31353.33978407307 0 0
31363.04346768391 0 0
31372.74862213227 0 0
31382.4552277874 0 0
31392.16328483258 0 0
31401.87279345098 0 0
31411.58375382577 0 0
31421.29618488477 0 0
31431.01007564129 0 0
31440.7254187643 0 0
31450.44221443676 0 0
31460.16046284154 0 0
31469.88017139515 0 0
31479.60135245772 0 0
31489.32398686181 0 0
31499.04807479006 0 0
31508.77361642507 0 0
31518.50061194938 0 0
31528.22908597012 0 0
31537.95901685061 0 0
31547.69040222855 0 0
31557.42324228623 0 0
31567.15753720592 0 0
31576.89330387013 0 0
31586.6305364146 0 0
31596.36922442828 0 0
31606.10936809323 0 0
31615.85096759146 0 0
31625.59403380774 0 0
31635.33857319591 0 0
31645.08456902365 0 0
31654.8320214727 0 0
31664.58093072481 0 0
31674.3313033914 0 0
31684.08315479525 0 0
31693.83646360753 0 0
31703.59123000974 0 0
31713.34745418334 0 0
31723.10514018808 0 0
31732.86430877179 0 0
31742.62493573137 0 0
31752.38702124803 0 0
31762.15056550294 0 0
31771.91557172336 0 0
31781.68206264338 0 0
31791.45001290524 0 0
31801.21942268989 0 0
31810.99029217824 0 0
31820.76262548152 0 0
31830.53644388657 0 0
31840.31172259799 0 0
31850.08846179644 0 0
31859.86666166257 0 0
31869.64632890565 0 0
31879.42747993674 0 0
31889.21009223727 0 0
31898.99416598766 0 0
31908.77970136825 0 0
31918.56670939778 0 0
31928.35519818821 0 0
31938.14514920972 0 0
31947.93656264244 0 0
31957.72943866649 0 0
31967.52379431888 0 0
31977.31962599428 0 0
31987.11692086096 0 0
31996.91567909879 0 0
32006.71590088759 0 0
32016.51761098902 0 0
32026.32079066736 0 0
32036.12543449573 0 0
32045.93154265377 0 0
32055.73911882386 0 0
32065.54818668747 0 0
32075.35871947906 0 0
32085.17071737803 0 0
32094.98418056372 0 0
32104.79912352935 0 0
32114.61554865273 0 0
32124.43343966028 0 0
32134.25279673111 0 0
32144.07362004428 0 0
32153.89593660302 0 0
32163.71972408268 0 0
32173.54497840126 0 0
32183.3716997376 0 0
32193.19989789851 0 0
32203.02958520977 0 0
32212.86074013463 0 0
32222.69336285173 0 0
32232.52745353966 0 0
32242.36303758843 0 0
32252.20009647407 0 0
32262.03862392545 0 0
32271.87862012098 0 0
32281.72009574795 0 0
32291.56306194475 0 0
32301.4074974799 0 0
32311.2534025316 0 0
32321.10077727793 0 0
32330.94965105439 0 0
32340.79999801875 0 0
32350.65181527109 0 0
32360.5051029893 0 0
32370.35987829309 0 0
32380.21614002807 0 0
32390.07387282152 0 0
32399.93307685115 0 0
32409.79375813353 0 0
32419.65593797645 0 0
32429.51958964745 0 0
32439.38471332399 0 0
32449.2513091835 0 0
32459.11940631505 0 0
32468.98898019599 0 0
32478.86002685094 0 0
32488.73254645706 0 0
32498.60655947759 0 0
32508.48205889687 0 0
32518.35903185765 0 0
32528.23747853694 0 0
32538.1174118804 0 0
32547.99884016237 0 0
32557.88174275246 0 0
32567.76611982744 0 0
32577.65197792241 0 0
32587.53933838749 0 0
32597.42817392634 0 0
32607.31848471552 0 0
32617.21027198527 0 0
32627.1035679498 0 0
32636.99833975287 0 0
32646.8945875708 0 0
32656.79231157992 0 0
32666.69154320968 0 0
32676.59225458843 0 0
32686.49444274566 0 0
32696.39810785749 0 0
32706.30327851019 0 0
32716.2099327721 0 0
32726.11806457522 0 0
32736.02767409543 0 0
32745.93878817714 0 0
32755.85138862575 0 0
32765.76546737735 0 0
32775.6810246076 0 0
32785.59808651919 0 0
32795.51663645406 0 0
32805.43666545275 0 0
32815.35817369077 0 0
32825.28118782779 0 0
32835.20569054448 0 0
32845.13167308499 0 0
32855.05913562457 0 0
32864.98810637728 0 0
32874.91856516744 0 0
32884.85050454049 0 0
32894.78392467146 0 0
32904.71885642487 0 0
32914.65527457622 0 0
32924.59317406859 0 0
32934.5325550768 0 0
32944.47345221067 0 0
32954.41583300697 0 0
32964.35969590153 0 0
32974.30504391684 0 0
32984.2519079578 0 0
32994.20025467889 0 0
33004.15008425453 0 0
33014.10140538629 0 0
33024.05423787232 0 0
33034.00855379408 0 0
33043.96435332584 0 0
33053.92165193931 0 0
33063.88045614328 0 0
33073.84074453773 0 0
33083.8025172967 0 0
33093.76579775195 0 0
33103.73057694287 0 0
33113.69684107809 0 0
33123.66459033146 0 0
33133.63385698332 0 0
33143.60461442627 0 0
33153.57685756645 0 0
33163.55059109523 0 0
33173.52584377561 0 0
33183.50258273178 0 0
33193.4808081372 0 0
33203.46053555459 0 0
33213.44177225414 0 0
33223.42449598081 0 0
33233.40870690789 0 0
33243.39443255437 0 0
33253.38165652741 0 0
33263.37036827802 0 0
33273.36057004743 0 0
33283.35229619015 0 0
33293.3455106871 0 0
33303.34021371118 0 0
33313.33642137634 0 0
33323.33414054068 0 0
33333.33334880812 0 0
33343.33404635135 0 0
33353.33626423842 0 0
33363.33997966797 0 0
33373.34518494861 0 0
33383.35188817413 0 0
33393.36011268282 0 0
33403.36982761734 0 0
33413.38103315002 0 0
33423.39375423884 0 0
33433.40798074195 0 0
33443.42369841731 0 0
33453.44091071641 0 0
33463.4596507011 0 0
33473.47988243158 0 0
33483.50160607982 0 0
33493.52484386757 0 0
33503.54959156387 0 0
33513.57583175082 0 0
33523.60356660833 0 0
33533.63283217943 0 0
33543.66359081348 0 0
33553.69584268211 0 0
33563.72961063763 0 0
33573.76488962553 0 0
33583.80166241966 0 0
33593.83993329213 0 0
33603.87973453881 0 0
33613.92103016286 0 0
33623.96382033555 0 0
33634.0081318994 0 0
33644.0539522561 0 0
33654.10126773189 0 0
33664.15008804763 0 0
33674.20043503793 0 0
33684.25227771726 0 0
33694.30561625653 0 0
33704.36048484114 0 0
33714.41685662273 0 0
33724.47472483353 0 0
33734.53410799275 0 0
33744.59501077358 0 0
33754.65741055238 0 0
33764.72131081403 0 0
33774.78674648939 0 0
33784.85367973094 0 0
33794.92211070906 0 0
33804.99207008391 0 0
33815.06353868122 0 0
33825.13650558268 0 0
33835.21098786525 0 0
33845.28699370961 0 0
33855.36449842518 0 0
33865.44350613568 0 0
33875.52405111669 0 0
33885.60609553546 0 0
33895.68963956182 0 0
33905.77471719737 0 0
33915.86130320667 0 0
33925.94938938944 0 0
33936.03899824079 0 0
33946.13012772627 0 0
33956.22275795057 0 0
33966.31690053045 0 0
33976.41257537602 0 0
33986.50975152526 0 0
33996.60843034409 0 0
34006.70865243197 0 0
34016.81037638788 0 0
34026.913602381 0 0
34037.01836516451 0 0
34047.12463880707 0 0
34057.23241505052 0 0
34067.34171983832 0 0
34077.45254504582 0 0
34087.56487341738 0 0
34097.6787227124 0 0
34107.79410136147 0 0
34117.91098373723 0 0
34128.02938004011 0 0
34138.14931400563 0 0
34148.27075226001 0 0
34158.39369806917 0 0
34168.51818922436 0 0
34178.64418523003 0 0
34188.77168625455 0 0
34198.90073325798 0 0
34209.03128888594 0 0
34219.16335009373 0 0
34229.29695234118 0 0
34239.43206946077 0 0
34249.56869272065 0 0
34259.70685270308 0 0
34269.8465331819 0 0
34279.98772036097 0 0
34290.13044056707 0 0
34300.27468627109 0 0
34310.4204392348 0 0
34320.56772215105 0 0
34330.71653494449 0 0
34340.8668555566 0 0
34351.01870366722 0 0
34361.17208541268 0 0
34371.32697553523 0 0
34381.48339132219 0 0
34391.64134388056 0 0
34401.80080537397 0 0
34411.96179131702 0 0
34422.1243165475 0 0
34432.28835127049 0 0
34442.45390984713 0 0
34452.6210096073 0 0
34462.7896194169 0 0
34472.9597531024 0 0
34483.13142924812 0 0
34493.3046159997 0 0
34503.47932726713 0 0
34513.65558165259 0 0
34523.83334719987 0 0
34534.01263852003 0 0
34544.19347299779 0 0
34554.37581919278 0 0
34564.55969303431 0 0
34574.74510945522 0 0
34584.9320381483 0 0
34595.12049697756 0 0
34605.31049719083 0 0
34615.5020102307 0 0
34625.69505651184 0 0
34635.88964236502 0 0
34646.08574159874 0 0
34656.28337779375 0 0
34666.48255113271 0 0
34676.68323840566 0 0
34686.88546697426 0 0
34697.08922964325 0 0
34707.29450679917 0 0
34717.50133019889 0 0
34727.70968404049 0 0
34737.91955292145 0 0
34748.13097360765 0 0
34758.34392046276 0 0
34768.55838290921 0 0
34778.77440333501 0 0
34788.99194504292 0 0
34799.21100364016 0 0
34809.43162550995 0 0
34819.65376390827 0 0
34829.87742641042 0 0
34840.102646256 0 0
34850.32938318073 0 0
34860.55765203498 0 0
34870.78747169117 0 0
34881.01880897662 0 0
34891.25168662797 0 0
34901.48610792796 0 0
34911.72204740685 0 0
34921.95953629816 0 0
34932.19856107349 0 0
34942.43910457687 0 0
34952.68120714876 0 0
34962.92483722934 0 0
34973.16998772394 0 0
34983.41670527757 0 0
34993.66494249168 0 0
35003.91471081094 0 0
35014.16603677692 0 0
35024.41888295122 0 0
35034.67327152994 0 0
35044.92920773379 0 0
35055.18666469326 0 0
35065.44567596401 0 0
35075.70622422959 0 0
35085.96829379762 0 0
35096.23193019085 0 0
35106.49709234037 0 0
35116.76378465952 0 0
35127.03204028267 0 0
35137.30181813681 0 0
35147.57313970513 0 0
35157.84601230634 0 0
35168.12040768406 0 0
35178.39636092615 0 0
35188.67385232329 0 0
35198.95286704197 0 0
35209.23345438024 0 0
35219.51556638953 0 0
35229.79921593059 0 0
35240.08442611965 0 0
35250.37116055574 0 0
35260.65944830616 0 0
35270.94928219129 0 0
35281.24064086719 0 0
35291.53356924354 0 0
35301.82802863664 0 0
35312.12402378312 0 0
35322.42158478046 0 0
35332.72067149178 0 0
35343.02131136748 0 0
35353.32350094927 0 0
35363.6272167875 0 0
35373.93250380322 0 0
35384.23932377702 0 0
35394.5476821193 0 0
35404.85760711358 0 0
35415.16905928531 0 0
35425.48206886108 0 0
35435.79662731649 0 0
35446.11271349047 0 0
35456.43037670474 0 0
35466.7495704245 0 0
35477.07030951082 0 0
35487.39261165912 0 0
35497.71644244484 0 0
35508.04183925331 0 0
35518.36877972774 0 0
35528.69725526468 0 0
35539.02730630929 0 0
35549.35888690875 0 0
35559.69202424533 0 0
35570.02671667324 0 0
35580.36293919502 0 0
35590.7007407269 0 0
35601.04007633431 0 0
35611.38096112246 0 0
35621.72341069486 0 0
35632.06739127637 0 0
35642.41294432757 0 0
35652.76004012932 0 0
35663.10867928209 0 0
35673.45889118213 0 0
35683.81063500514 0 0
35694.16394648261 0 0
35704.5188076573 0 0
35714.87520807733 0 0
35725.23318748041 0 0
35735.59269971895 0 0
35745.9537765192 0 0
35756.31640823763 0 0
35766.6805768172 0 0
35777.0463288909 0 0
35787.41361471121 0 0
35797.78246372047 0 0
35808.15287114568 0 0
35818.52481476672 0 0
35828.89834467093 0 0
35839.27340923149 0 0
35849.65003732557 0 0
35860.02822561288 0 0
35870.407951147 0 0
35880.78926403381 0 0
35891.17211248538 0 0
35901.55652652988 0 0
35911.94250082684 0 0
35922.33001513535 0 0
35932.71911614918 0 0
35943.10975363478 0 0
35953.50196048491 0 0
35963.8957259314 0 0
35974.29103586534 0 0
35984.68793014286 0 0
35995.08636179785 0 0
36005.48636829863 0 0
36015.8879300268 0 0
36026.29104242694 0 0
36036.69573509716 0 0
36047.10196604916 0 0
36057.50977903535 0 0
36067.91914216971 0 0
36078.33006386661 0 0
36088.74256005086 0 0
36099.15659541987 0 0
36109.57222171602 0 0
36119.98939137338 0 0
36130.40812918738 0 0
36140.82843399933 0 0
36151.25028448583 0 0
36161.67372531816 0 0
36172.09870660771 0 0
36182.52526734896 0 0
36192.95338589468 0 0
36203.38306210967 0 0
36213.81431877601 0 0
36224.24711679932 0 0
36234.68150726783 0 0
36245.11744464576 0 0
36255.55495338504 0 0
36265.99403098073 0 0
36276.43465914129 0 0
36286.87687781737 0 0
36297.32063911833 0 0
36307.76598716759 0 0
36318.21289078031 0 0
36328.66136104204 0 0
36339.11140782788 0 0
36349.56300145016 0 0
36360.01619226993 0 0
36370.47092697983 0 0
36380.92724611414 0 0
36391.38512608676 0 0
36401.84457136694 0 0
36412.30559746183 0 0
36422.76817003353 0 0
36433.2323431097 0 0
36443.69806133858 0 0
36454.16536503383 0 0
36464.6342314702 0 0
36475.10466523646 0 0
36485.57668073805 0 0
36496.05024571859 0 0
36506.52541114261 0 0
36517.00212297928 0 0
36527.48042468313 0 0
36537.96028766589 0 0
36548.44172335765 0 0
36558.92473834242 0 0
36569.40930916298 0 0
36579.89547700516 0 0
36590.38319251729 0 0
36600.87250564919 0 0
36611.36337523985 0 0
36621.85582626838 0 0
36632.34985079167 0 0
36642.84544085534 0 0
36653.34262116489 0 0
36663.84135140148 0 0
36674.3416883504 0 0
36684.84357458939 0 0
36695.34705433786 0 0
36705.85209843401 0 0
36716.35872111576 0 0
36726.8669239209 0 0
36737.37669067136 0 0
36747.8880530368 0 0
36758.40096594361 0 0
36768.9154877672 0 0
36779.43156144956 0 0
36789.94923009646 0 0
36800.46846540441 0 0
36810.98928200766 0 0
36821.51167979074 0 0
36832.03564548268 0 0
36842.56120658993 0 0
36853.08832250226 0 0
36863.61704778214 0 0
36874.14732557925 0 0
36884.67920534635 0 0
36895.21264852735 0 0
36905.74768126031 0 0
36916.28429067245 0 0
36926.82247750061 0 0
36937.36225399061 0 0
36947.9035960426 0 0
36958.44654045668 0 0
36968.99103899507 0 0
36979.53715204429 0 0
36990.08481971474 0 0
37000.63409072588 0 0
37011.18492837336 0 0
37021.73735847272 0 0
37032.29136694168 0 0
37042.84695725483 0 0
37053.40413738923 0 0
37063.96288904108 0 0
37074.52324168434 0 0
37085.08515579916 0 0
37095.64868179418 0 0
37106.21376423865 0 0
37116.78045968468 0 0
37127.3487166842 0 0
37137.9185773206 0 0
37148.49000971686 0 0
37159.06303666555 0 0
37169.63764529969 0 0
37180.21383968186 0 0
37190.79162539457 0 0
37201.37098833075 0 0
37211.95195196215 0 0
37222.53448457222 0 0
37233.11862696195 0 0
37243.70433036508 0 0
37254.29165235229 0 0
37264.88053346449 0 0
37275.47103009027 0 0
37286.06309199782 0 0
37296.65676213184 0 0
37307.25200567263 0 0
37317.84885043174 0 0
37328.44727644316 0 0
37339.04729694357 0 0
37349.6489062625 0 0
37360.2521036197 0 0
37370.85689708253 0 0
37381.46327241134 0 0
37392.07125085394 0 0
37402.68080526855 0 0
37413.29196952627 0 0
37423.90470414016 0 0
37434.51905504789 0 0
37445.13497097386 0 0
37455.75250936595 0 0
37466.37161026168 0 0
37476.99233442646 0 0
37487.61462399762 0 0
37498.23853217425 0 0
37508.86401125397 0 0
37519.49110455295 0 0
37530.11977397388 0 0
37540.75005350506 0 0
37551.38191409931 0 0
37562.0153809719 0 0
37572.6504335711 0 0
37583.28708889358 0 0
37593.92533432889 0 0
37604.56517920912 0 0
37615.20661831115 0 0
37625.84965385628 0 0
37636.49428745516 0 0
37647.1405147717 0 0
37657.78834369707 0 0
37668.43776389088 0 0
37679.08878897187 0 0
37689.74140314809 0 0
37700.39562521331 0 0
37711.05143447648 0 0
37721.7088543541 0 0
37732.36785980805 0 0
37743.02847832569 0 0
37753.69068107362 0 0
37764.35449905841 0 0
37775.01990020282 0 0
37785.68691848141 0 0
37796.35551912417 0 0
37807.0257385227 0 0
37817.697539765 0 0
37828.37096110912 0 0
37839.04596405149 0 0
37849.72258816635 0 0
37860.40079390869 0 0
37871.08062161895 0 0
37881.76203126046 0 0
37892.44506339028 0 0
37903.1296780295 0 0
37913.81591540256 0 0
37924.50373613738 0 0
37935.19317957685 0 0
37945.88420750454 0 0
37956.57685783309 0 0
37967.2710940502 0 0
37977.96695209004 0 0
37988.66439769252 0 0
37999.36346426533 0 0
38010.0641203484 0 0
38020.76639627539 0 0
38031.47026393371 0 0
38042.17575003558 0 0
38052.8828303631 0 0
38063.59152746007 0 0
38074.30182155006 0 0
38085.01373046189 0 0
38095.72723940702 0 0
38106.44236095292 0 0
38117.15908584518 0 0
38127.87742084392 0 0
38138.59736277464 0 0
38149.31891204446 0 0
38160.04207210434 0 0
38170.76683646302 0 0
38181.49321574208 0 0
38192.2211960069 0 0
38202.95079559454 0 0
38213.68199258229 0 0
38224.41481356725 0 0
38235.14922809425 0 0
38245.88527156459 0 0
38256.62290444666 0 0
38267.36217148983 0 0
38278.10302354229 0 0
38288.84551524507 0 0
38299.58958852001 0 0
38310.33530473131 0 0
38321.08260437234 0 0
38331.83154184839 0 0
38342.58206894066 0 0
38353.33422849503 0 0
38364.08798412303 0 0
38374.84336656882 0 0
38385.60035181633 0 0
38396.35895796621 0 0
38407.11917391644 0 0
38417.88100458253 0 0
38428.64445231799 0 0
38439.40950831197 0 0
38450.17618891458 0 0
38460.9444710476 0 0
38471.7143855986 0 0
38482.48589468138 0 0
38493.25904426137 0 0
38504.0337813361 0 0
38514.81016679305 0 0
38525.58814059357 0 0
38536.3677550827 0 0
38547.14896668796 0 0
38557.93181101824 0 0
38568.71626150655 0 0
38579.5023364865 0 0
38590.29002693554 0 0
38601.07933337313 0 0
38611.87026485994 0 0
38622.66280356272 0 0
38633.45697716365 0 0
38644.25274893869 0 0
38655.05016572952 0 0
38665.8491746763 0 0
38676.64983243925 0 0
38687.4520862651 0 0
38698.25597917337 0 0
38709.06147895242 0 0
38719.86860781137 0 0
38730.67735461708 0 0
38741.48772023157 0 0
38752.2997151368 0 0
38763.11331831123 0 0
38773.92856238815 0 0
38784.74540392644 0 0
38795.56389824664 0 0
38806.3839887514 0 0
38817.20572458661 0 0
38828.02906701727 0 0
38838.85404328135 0 0
38849.68063870782 0 0
38860.508856203 0 0
38871.33870569459 0 0
38882.17016522258 0 0
38893.00326984798 0 0
38903.83797345121 0 0
38914.67433303728 0 0
38925.5122934524 0 0
38936.35189713074 0 0
38947.19311542475 0 0
38958.03596399542 0 0
38968.88044123475 0 0
38979.72653549729 0 0
38990.57427274773 0 0
39001.42361350128 0 0
39012.27461182797 0 0
39023.12721252663 0 0
39033.98146033863 0 0
39044.83732378612 0 0
39055.69482014178 0 0
39066.55394740161 0 0
39077.41469309835 0 0
39088.27708523344 0 0
39099.14108191035 0 0
39110.00673914086 0 0
39120.87400236206 0 0
39131.74291098199 0 0
39142.61344180878 0 0
39153.4856026139 0 0
39164.35940210694 0 0
39175.23481589252 0 0
39186.11188511189 0 0
39196.9905616438 0 0
39207.87089267781 0 0
39218.75284060057 0 0
39229.63642665785 0 0
39240.52164702991 0 0
39251.40848890408 0 0
39262.29698278325 0 0
39273.18708613445 0 0
39284.07884971093 0 0
39294.97222823028 0 0
39305.86724966219 0 0
39316.7639044059 0 0
39327.66218448515 0 0
39338.56211650885 0 0
39349.4636601595 0 0
39360.36686638559 0 0
39371.27168897376 0 0
39382.17815588149 0 0
39393.0862584612 0 0
39403.9959868408 0 0
39414.90737046542 0 0
39425.82036786739 0 0
39436.73502682905 0 0
39447.65130693001 0 0
39458.56922939359 0 0
39469.48879324534 0 0
39480.40997999942 0 0
39491.33282865316 0 0
39502.25729323013 0 0
39513.18341499218 0 0
39524.11116602175 0 0
39535.04055410007 0 0
39545.97159263181 0 0
39556.90424862906 0 0
39567.83857489628 0 0
39578.77452004384 0 0
39589.71211465001 0 0
39600.6513499959 0 0
39611.59221372682 0 0
39622.53474031841 0 0
39633.47888651371 0 0
39644.42469284351 0 0
39655.37213192922 0 0
39666.32120940225 0 0
39677.27194242418 0 0
39688.22429658652 0 0
39699.17831982792 0 0
39710.1339695687 0 0
39721.09126596873 0 0
39732.05021233219 0 0
39743.01078267387 0 0
39753.97302670364 0 0
39764.93689400434 0 0
39775.90241450857 0 0
39786.86958111439 0 0
39797.83837757144 0 0
39808.80884452444 0 0
39819.78093627957 0 0
39830.75468605728 0 0
39841.7300797959 0 0
39852.70710753468 0 0
39863.6858042973 0 0
39874.66612739099 0 0
39885.64811160383 0 0
39896.63173935538 0 0
39907.61700353443 0 0
39918.60393698282 0 0
39929.59249828885 0 0
39940.58272209064 0 0
39951.57459072492 0 0
39962.56809649513 0 0
39973.56327349504 0 0
39984.56007987692 0 0
39995.5585484138 0 0
40006.5586647903 0 0
40017.56041729477 0 0
40028.56384470171 0 0
40039.56890301269 0 0
40050.57562142304 0 0
40061.583992391 0 0
40072.59399676516 0 0
40083.60568142436 0 0
40094.61899850739 0 0
40105.63397192198 0 0
40116.65060432036 0 0
40127.66887007019 0 0
40138.68881443842 0 0
40149.71039712623 0 0
40160.73363066809 0 0
40171.75853132566 0 0
40182.78506685078 0 0
40193.81327447329 0 0
40204.84312958839 0 0
40215.87462837293 0 0
40226.90780410822 0 0
40237.94261622495 0 0
40248.97909221245 0 0
40260.01722656714 0 0
40271.05699822725 0 0
40282.0984533235 0 0
40293.1415488379 0 0
40304.1862982935 0 0
40315.23271868996 0 0
40326.28077790206 0 0
40337.3305095812 0 0
40348.38189528925 0 0
40359.43492330842 0 0
40370.48963653865 0 0
40381.54599009251 0 0
40392.6040034454 0 0
40403.66368613291 0 0
40414.72501006446 0 0
40425.78801064947 0 0
40436.85266532471 0 0
40447.91896543461 0 0
40458.98695187733 0 0
40470.05658106841 0 0
40481.12787151313 0 0
40492.20083407932 0 0
40503.27544031209 0 0
40514.35172298546 0 0
40525.42966419948 0 0
40536.50924999747 0 0
40547.59052679159 0 0
40558.67344917552 0 0
40569.75802987497 0 0
40580.84428986525 0 0
40591.9321959389 0 0
40603.02177385156 0 0
40614.11301913386 0 0
40625.20591141472 0 0
40636.30048842818 0 0
40647.39672151855 0 0
40658.49460560412 0 0
40669.59418052198 0 0
40680.69540393417 0 0
40691.7982902056 0 0
40702.90285704375 0 0
40714.00907328926 0 0
40725.11696362964 0 0
40736.22652489814 0 0
40747.33773648618 0 0
40758.45063277685 0 0
40769.56519098343 0 0
40780.68140042092 0 0
40791.79930454155 0 0
40802.91886219173 0 0
40814.04007893526 0 0
40825.16298581186 0 0
40836.28754540885 0 0
40847.41377305446 0 0
40858.54168346965 0 0
40869.67124751439 0 0
40880.80248793727 0 0
40891.93540439056 0 0
40903.06997538177 0 0
40914.20623045538 0 0
40925.34415544403 0 0
40936.48373587811 0 0
40947.62500747426 0 0
40958.76794349324 0 0
40969.91253586437 0 0
40981.05882585312 0 0
40992.20677539517 0 0
41003.35638472354 0 0
41014.50769244505 0 0
41025.66065800068 0 0
41036.81528877819 0 0
41047.97161409695 0 0
41059.12959815438 0 0
41070.28925224666 0 0
41081.45059764951 0 0
41092.61360269476 0 0
41103.77828196579 0 0
41114.94464993726 0 0
41126.11267845405 0 0
41137.28238476609 0 0
41148.45377778855 0 0
41159.62683225843 0 0
41170.80156747207 0 0
41181.97798802557 0 0
41193.15607092779 0 0
41204.33583690197 0 0
41215.51728746438 0 0
41226.70040127602 0 0
41237.88519986798 0 0
41249.07168291493 0 0
41260.25983011076 0 0
41271.44966317611 0 0
41282.64118118099 0 0
41293.83436423363 0 0
41305.02923362625 0 0
41316.22578906023 0 0
41327.42401044002 0 0
41338.62391801216 0 0
41349.82551334419 0 0
41361.02877551929 0 0
41372.23372312152 0 0
41383.44036081833 0 0
41394.64866625464 0 0
41405.8586557359 0 0
41417.070338262 0 0
41428.28368942325 0 0
41439.49872263077 0 0
41450.71545244849 0 0
41461.93385179616 0 0
41473.15393057554 0 0
41484.37571014493 0 0
41495.59916013834 0 0
41506.82428633352 0 0
41518.05111811247 0 0
41529.27962120867 0 0
41540.50979666194 0 0
41551.74168310613 0 0
41562.97524176001 0 0
41574.21047294788 0 0
41585.44741187493 0 0
41596.68602853917 0 0
41607.92631862873 0 0
41619.16831116179 0 0
41630.41198828686 0 0
41641.65733972779 0 0
41652.90438770362 0 0
41664.1531277378 0 0
41675.40354297759 0 0
41686.65564823125 0 0
41697.90945362066 0 0
41709.16493510462 0 0
41720.42209946958 0 0
41731.68097265811 0 0
41742.94152282933 0 0
41754.20375030603 0 0
41765.46769156677 0 0
41776.7333128662 0 0
41788.00061235818 0 0
41799.2696170573 0 0
41810.54031192368 0 0
41821.81268586886 0 0
41833.08675583433 0 0
41844.36252670422 0 0
41855.63997753838 0 0
41866.91911459652 0 0
41878.19996390428 0 0
41889.48249406106 0 0
41900.76670538835 0 0
41912.05263021441 0 0
41923.3402421252 0 0
41934.62953609013 0 0
41945.92053231911 0 0
41957.21322841319 0 0
41968.50760744422 0 0
41979.80367689695 0 0
41991.1014596014 0 0
42002.40092612484 0 0
42013.70207678785 0 0
42025.0049423603 0 0
42036.30949880031 0 0
42047.61574026084 0 0
42058.92368335439 0 0
42070.23333213294 0 0
42081.54466681221 0 0
42092.85768924224 0 0
42104.17243277918 0 0
42115.48886309623 0 0
42126.80698051298 0 0
42138.1268073895 0 0
42149.44833576122 0 0
42160.77155211099 0 0
42172.09646260848 0 0
42183.42309144961 0 0
42194.75140914636 0 0
42206.0814160176 0 0
42217.41313679796 0 0
42228.74655825349 0 0
42240.08166976002 0 0
42251.41847843684 0 0
42262.75700606083 0 0
42274.09722461156 0 0
42285.43913440724 0 0
42296.78275919102 0 0
42308.12808719269 0 0
42319.47510731396 0 0
42330.82382426074 0 0
42342.17426411796 0 0
42353.52639696869 0 0
42364.88022313049 0 0
42376.23576199611 0 0
42387.59300997799 0 0
42398.95195214379 0 0
42410.31258881067 0 0
42421.67495294262 0 0
42433.03901351119 0 0
42444.40476945262 0 0
42455.77223245741 0 0
42467.14141382546 0 0
42478.51229143738 0 0
42489.88486560968 0 0
42501.25915967349 0 0
42512.63516134967 0 0
42524.01286045618 0 0
42535.39225763636 0 0
42546.77338576848 0 0
42558.15621220011 0 0
42569.54073724715 0 0
42580.92697126693 0 0
42592.31492741247 0 0
42603.70458304154 0 0
42615.0959384696 0 0
42626.48901265849 0 0
42637.8838012555 0 0
42649.28029051859 0 0
42660.67848076289 0 0
42672.07839844632 0 0
42683.48002392747 0 0
42694.88335125586 0 0
42706.2883811655 0 0
42717.69514524565 0 0
42729.10361203831 0 0
42740.51378185792 0 0
42751.92566101674 0 0
42763.3392696517 0 0
42774.75458217786 0 0
42786.17159890931 0 0
42797.59033063182 0 0
42809.01078823974 0 0
42820.43295091613 0 0
42831.85681897471 0 0
42843.28240657147 0 0
42854.70971756516 0 0
42866.13873480319 0 0
42877.56945859885 0 0
42889.00190537639 0 0
42900.43607416338 0 0
42911.87195036912 0 0
42923.30953430657 0 0
42934.7488435675 0 0
42946.18987454999 0 0
42957.63261412426 0 0
42969.0770626029 0 0
42980.52323764585 0 0
42991.97113522076 0 0
43003.42074255909 0 0
43014.87205997305 0 0
43026.32510409266 0 0
43037.77987265166 0 0
43049.23635214432 0 0
43060.69454288243 0 0
43072.15445936943 0 0
43083.61610329892 0 0
43095.07945933089 0 0
43106.54452777675 0 0
43118.01131991794 0 0
43129.47984359907 0 0
43140.95008055011 0 0
43152.42203108207 0 0
43163.89570216029 0 0
43175.37110996897 0 0
43186.84823221356 0 0
43198.32706920474 0 0
43209.80762249888 0 0
43221.28991880576 0 0
43232.77393071318 0 0
43244.25965853145 0 0
43255.74710257083 0 0
43267.23628648705 0 0
43278.72719242136 0 0
43290.21981542939 0 0
43301.714155821 0 0
43313.21022937085 0 0
43324.70803369085 0 0
43336.20755624604 0 0
43347.70879734596 0 0
43359.21176379558 0 0
43370.71647085493 0 0
43382.22289730957 0 0
43393.73104346862 0 0
43405.24090964111 0 0
43416.75252022735 0 0
43428.26585492848 0 0
43439.78091049234 0 0
43451.29768722763 0 0
43462.81619810245 0 0
43474.33644539191 0 0
43485.85841470107 0 0
43497.38210633825 0 0
43508.90752075506 0 0
43520.43468496956 0 0
43531.96357235933 0 0
43543.49418323234 0 0
43555.02651789637 0 0
43566.56058991177 0 0
43578.09639971233 0 0
43589.63393414993 0 0
43601.17319353203 0 0
43612.714178166 0 0
43624.25691298584 0 0
43635.80137531166 0 0
43647.3475637341 0 0
43658.89547856012 0 0
43670.44512838638 0 0
43681.99652291891 0 0
43693.54964469879 0 0
43705.10449403261 0 0
43716.66107122692 0 0
43728.21939315383 0 0
43739.77945260312 0 0
43751.34124075536 0 0
43762.90475791673 0 0
43774.47000439328 0 0
43786.03700360482 0 0
43797.60573488099 0 0
43809.17619631353 0 0
43820.74838820819 0 0
43832.32231384252 0 0
43843.89799254299 0 0
43855.47540254574 0 0
43867.05454415615 0 0
43878.63541767947 0 0
43890.21802985571 0 0
43901.80239272262 0 0
43913.38848834137 0 0
43924.97631701683 0 0
43936.56587905381 0 0
43948.15718293431 0 0
43959.75023684886 0 0
43971.3450249626 0 0
43982.94154757998 0 0
43994.53980500533 0 0
44006.13980574463 0 0
44017.74155757774 0 0
44029.34504505523 0 0
44040.95026848106 0 0
44052.55722815913 0 0
44064.16593090415 0 0
44075.77638751637 0 0
44087.388581216 0 0
44099.00251230656 0 0
44110.61818109147 0 0
44122.2355909813 0 0
44133.85475922296 0 0
44145.4756659929 0 0
44157.09831159417 0 0
44168.72269632974 0 0
44180.34882050251 0 0
44191.97670520702 0 0
44203.60633188516 0 0
44215.2376988329 0 0
44226.87080635274 0 0
44238.50565474712 0 0
44250.14225792944 0 0
44261.78061134346 0 0
44273.4207064632 0 0
44285.06254359068 0 0
44296.70612302792 0 0
44308.35144980257 0 0
44319.99853676997 0 0
44331.64736687703 0 0
44343.29794042537 0 0
44354.9502577165 0 0
44366.60431905186 0 0
44378.26014051841 0 0
44389.91771241798 0 0
44401.57702919021 0 0
44413.23809113614 0 0
44424.90089855676 0 0
44436.56545489434 0 0
44448.23177538143 0 0
44459.89984217039 0 0
44471.56965556185 0 0
44483.24121585635 0 0
44494.91452335431 0 0
44506.5895880145 0 0
44518.26641160296 0 0
44529.94498322059 0 0
44541.62530316746 0 0
44553.30737174356 0 0
44564.99118924878 0 0
44576.67676967695 0 0
44588.36410629126 0 0
44600.05319265892 0 0
44611.74402907944 0 0
44623.43661585228 0 0
44635.1309532768 0 0
44646.82705690496 0 0
44658.52491645171 0 0
44670.22452747287 0 0
44681.92589026744 0 0
44693.62900513432 0 0
44705.33387237233 0 0
44717.04050661908 0 0
44728.74889898708 0 0
44740.45904454745 0 0
44752.17094359867 0 0
44763.88459643907 0 0
44775.60000336695 0 0
44787.31717563755 0 0
44799.03611069777 0 0
44810.75680066525 0 0
44822.47924583792 0 0
44834.2034465136 0 0
44845.92940299003 0 0
44857.65712067648 0 0
44869.3866082822 0 0
44881.11785250698 0 0
44892.85085364821 0 0
44904.5856120032 0 0
44916.32212786913 0 0
44928.06040154316 0 0
44939.80044833694 0 0
44951.54225665155 0 0
44963.28582359081 0 0
44975.0311494515 0 0
44986.77823453025 0 0
44998.52707912371 0 0
45010.27768735711 0 0
45022.03006957642 0 0
45033.78421212552 0 0
45045.54011530066 0 0
45057.29777939797 0 0
45069.05720471351 0 0
45080.81839154323 0 0
45092.58134765786 0 0
45104.34607561109 0 0
45116.11256589189 0 0
45127.88081879592 0 0
45139.65083461867 0 0
45151.42261365557 0 0
45163.19615620197 0 0
45174.97147030535 0 0
45186.74855746554 0 0
45198.52740894692 0 0
45210.3080250445 0 0
45222.09040605315 0 0
45233.87455226769 0 0
45245.66046398287 0 0
45257.44814616135 0 0
45269.23760597329 0 0
45281.02883209585 0 0
45292.82182482339 0 0
45304.61658445021 0 0
45316.4131112705 0 0
45328.21140557834 0 0
45340.01146766775 0 0
45351.81331177742 0 0
45363.61692595359 0 0
45375.42230871939 0 0
45387.22946036849 0 0
45399.03838119448 0 0
45410.8490714908 0 0
45422.66153155088 0 0
45434.47576533118 0 0
45446.29178094534 0 0
45458.10956712961 0 0
45469.92912417707 0 0
45481.75045238065 0 0
45493.57355203322 0 0
45505.39842342758 0 0
45517.22506685642 0 0
45529.05348730706 0 0
45540.88369026206 0 0
45552.71566605596 0 0
45564.54941498111 0 0
45576.38493732977 0 0
45588.22223339413 0 0
45600.06130346625 0 0
45611.90214783813 0 0
45623.74476813626 0 0
45635.58917599685 0 0
45647.43535895969 0 0
45659.28331731645 0 0
45671.13305135869 0 0
45682.98456137786 0 0
45694.83784766535 0 0
45706.69291051247 0 0
45718.54975021038 0 0
45730.40837409253 0 0
45742.26878174161 0 0
45754.13096704184 0 0
45765.99493028409 0 0
45777.86067175914 0 0
45789.72819175765 0 0
45801.59749057022 0 0
45813.46856848738 0 0
45825.34142579952 0 0
45837.21606997729 0 0
45849.09249969098 0 0
45860.97070959786 0 0
45872.85069998798 0 0
45884.73247115132 0 0
45896.61602337781 0 0
45908.50135695723 0 0
45920.38847217931 0 0
45932.27736933371 0 0
45944.16805047368 0 0
45956.06052446805 0 0
45967.95478119077 0 0
45979.85082093111 0 0
45991.7486439783 0 0
46003.64825062145 0 0
46015.54964114957 0 0
46027.45281585161 0 0
46039.35777501645 0 0
46051.26451893285 0 0
46063.17305017157 0 0
46075.08337585956 0 0
46086.99548709275 0 0
46098.90938415955 0 0
46110.82506734833 0 0
46122.74253694734 0 0
46134.66179324472 0 0
46146.58283652856 0 0
46158.50566708687 0 0
46170.43028520753 0 0
46182.35669117837 0 0
46194.28489193029 0 0
46206.21488509302 0 0
46218.14666689692 0 0
46230.08023762952 0 0
46242.01559757818 0 0
46253.95274703021 0 0
46265.89168627283 0 0
46277.83241559318 0 0
46289.77493527828 0 0
46301.71924561511 0 0
46313.6653468905 0 0
46325.6132420865 0 0
46337.5629359562 0 0
46349.51442155291 0 0
46361.46769916319 0 0
46373.42276907341 0 0
46385.37963156997 0 0
46397.33828693916 0 0
46409.29873546715 0 0
46421.26097744002 0 0
46433.2250131438 0 0
46445.19084286439 0 0
46457.15846688764 0 0
46469.12788549929 0 0
46481.09910755508 0 0
46493.07212514555 0 0
46505.04693810976 0 0
46517.02354673318 0 0
46529.00195130107 0 0
46540.98215209872 0 0
46552.96414941128 0 0
46564.9479435238 0 0
46576.93353472128 0 0
46588.92092328862 0 0
46600.91010951062 0 0
46612.90109367199 0 0
46624.89387605737 0 0
46636.88845979176 0 0
46648.88484751563 0 0
46660.88303424582 0 0
46672.88302026664 0 0
46684.88480586229 0 0
46696.88839131692 0 0
46708.89377691459 0 0
46720.90096293925 0 0
46732.90994967477 0 0
46744.92073740495 0 0
46756.93332641348 0 0
46768.94771698398 0 0
46780.96390939999 0 0
46792.98190394495 0 0
46805.00170090221 0 0
46817.02330055505 0 0
46829.04670992216 0 0
46841.07192273542 0 0
46853.09893902281 0 0
46865.12775906727 0 0
46877.15838315165 0 0
46889.19081155874 0 0
46901.22504457123 0 0
46913.26108247169 0 0
46925.29892554267 0 0
46937.33857406662 0 0
46949.38002832585 0 0
46961.42328860262 0 0
46973.46835517912 0 0
46985.51522833743 0 0
46997.56390835955 0 0
47009.6143955274 0 0
47021.66669012282 0 0
47033.72079242751 0 0
47045.776707345 0 0
47057.8344315805 0 0
47069.89396429964 0 0
47081.95530578386 0 0
47094.01845631449 0 0
47106.08341617282 0 0
47118.15018563999 0 0
47130.21876499709 0 0
47142.2891545251 0 0
47154.36135450496 0 0
47166.43536521748 0 0
47178.51118694339 0 0
47190.58881996336 0 0
47202.66826455796 0 0
47214.7495210077 0 0
47226.83258959293 0 0
47238.917470594 0 0
47251.00416429115 0 0
47263.0926709645 0 0
47275.18299089413 0 0
47287.27512435999 0 0
47299.369071642 0 0
47311.46483301997 0 0
47323.56241051364 0 0
47335.66180499436 0 0
47347.76301434005 0 0
47359.86603883023 0 0
47371.97087874429 0 0
47384.07753436154 0 0
47396.18600596121 0 0
47408.29629382247 0 0
47420.40839822441 0 0
47432.52231944598 0 0
47444.63805776608 0 0
47456.75561346354 0 0
47468.87498681705 0 0
47480.9961781053 0 0
47493.11918760686 0 0
47505.24401560015 0 0
47517.37066236362 0 0
47529.49912817555 0 0
47541.62941331417 0 0
47553.76151805762 0 0
47565.89544268396 0 0
47578.03118747118 0 0
47590.16875269713 0 0
47602.30813863967 0 0
47614.44934557649 0 0
47626.59237378522 0 0
47638.73722354342 0 0
47650.88389512859 0 0
47663.03238881807 0 0
47675.18270488922 0 0
47687.3348436192 0 0
47699.48880528517 0 0
47711.64459016419 0 0
47723.80219853324 0 0
47735.9616306692 0 0
47748.12288684885 0 0
47760.28596734892 0 0
47772.45087244607 0 0
47784.61760241683 0 0
47796.78615753766 0 0
47808.95653808497 0 0
47821.12874433506 0 0
47833.30277656413 0 0
47845.47863504834 0 0
47857.65632042816 0 0
47869.83583328484 0 0
47882.01717315561 0 0
47894.20034031629 0 0
47906.38533504261 0 0
47918.57215761024 0 0
47930.76080829476 0 0
47942.95128737165 0 0
47955.14359511634 0 0
47967.33773180414 0 0
47979.5336977103 0 0
47991.73149311 0 0
48003.93111827833 0 0
48016.13257349024 0 0
48028.33585902069 0 0
48040.5409751445 0 0
48052.74792213639 0 0
48064.95670027107 0 0
48077.16730982311 0 0
48089.37975106703 0 0
48101.59402427722 0 0
48113.81012972805 0 0
48126.02806769377 0 0
48138.24783844852 0 0
48150.46944226644 0 0
48162.69287942153 0 0
48174.91815018771 0 0
48187.14525483881 0 0
48199.37419364866 0 0
48211.60496689085 0 0
48223.83757483902 0 0
48236.0720177667 0 0
48248.30829659375 0 0
48260.54641146314 0 0
48272.78636220039 0 0
48285.02814907871 0 0
48297.27177237114 0 0
48309.51723235071 0 0
48321.76452929035 0 0
48334.01366346291 0 0
48346.26463514112 0 0
48358.51744459771 0 0
48370.77209210524 0 0
48383.02857793625 0 0
48395.28690236315 0 0
48407.54706565833 0 0
48419.80906809404 0 0
48432.07290994249 0 0
48444.33859147579 0 0
48456.60611296594 0 0
48468.87547468492 0 0
48481.14667690459 0 0
48493.41971989674 0 0
48505.69460393305 0 0
48517.9713292852 0 0
48530.24989622467 0 0
48542.53030502295 0 0
48554.81255595143 0 0
48567.09664928142 0 0
48579.3825852841 0 0
48591.67036423065 0 0
48603.9599863921 0 0
48616.25145203945 0 0
48628.54476144357 0 0
48640.83991487532 0 0
48653.13691260539 0 0
48665.43575490444 0 0
48677.73644204307 0 0
48690.03897429175 0 0
48702.34335192092 0 0
48714.64957520088 0 0
48726.9576444019 0 0
48739.26755979416 0 0
48751.57932164773 0 0
48763.89293023264 0 0
48776.20838581878 0 0
48788.52569140896 0 0
48800.84484597269 0 0
48813.16584841438 0 0
48825.48869900365 0 0
48837.81339801002 0 0
48850.13994570289 0 0
48862.46834235163 0 0
48874.79858822548 0 0
48887.13068359366 0 0
48899.46462872525 0 0
48911.80042388931 0 0
48924.1380693548 0 0
48936.47756539057 0 0
48948.81891226541 0 0
48961.16211024804 0 0
48973.50715960706 0 0
48985.85406061105 0 0
48998.2028135285 0 0
49010.55341862777 0 0
49022.90587617717 0 0
49035.26018644493 0 0
49047.61634969925 0 0
49059.97436620815 0 0
49072.3342387806 0 0
49084.6959683303 0 0
49097.05955200526 0 0
49109.42499007326 0 0
49121.79228280197 0 0
49134.16143045892 0 0
49146.53243331164 0 0
49158.90529162756 0 0
49171.28000567399 0 0
49183.65657571819 0 0
49196.03500202737 0 0
49208.4152848686 0 0
49220.79742450894 0 0
49233.18142121532 0 0
49245.56727525462 0 0
49257.95498689361 0 0
49270.344556399 0 0
49282.73598403743 0 0
49295.12927322683 0 0
49307.52442487722 0 0
49319.92143552665 0 0
49332.3203054414 0 0
49344.7210348877 0 0
49357.12362413168 0 0
49369.52807343943 0 0
49381.93438307688 0 0
49394.34255330996 0 0
49406.75258440449 0 0
49419.16447662622 0 0
49431.57823024081 0 0
49443.99384551385 0 0
49456.41132271085 0 0
49468.83066209723 0 0
49481.25186580644 0 0
49493.67493832724 0 0
49506.09987389955 0 0
49518.52667278845 0 0
49530.95533525901 0 0
49543.38586157611 0 0
49555.81825200465 0 0
49568.25250680943 0 0
49580.68862625515 0 0
49593.12661060641 0 0
49605.56646012781 0 0
49618.00817508379 0 0
49630.45175573877 0 0
49642.89720235708 0 0
49655.34452230572 0 0
49667.79371054567 0 0
49680.24476560741 0 0
49692.69768775498 0 0
49705.15247725227 0 0
49717.6091343631 0 0
49730.06765935125 0 0
49742.52805248037 0 0
49754.99031401409 0 0
49767.45444421593 0 0
49779.92044334932 0 0
49792.38831167763 0 0
49804.85805572469 0 0
49817.32967294233 0 0
49829.80316021032 0 0
49842.2785177917 0 0
49854.75574594945 0 0
49867.23484494643 0 0
49879.71581504546 0 0
49892.19865650927 0 0
49904.68336960051 0 0
49917.16995458175 0 0
49929.65841171554 0 0
49942.14874610681 0 0
49954.6409587813 0 0
49967.13504446092 0 0
49979.63100340781 0 0
49992.12883588409 0 0
50004.6285421518 0 0
50017.13012247294 0 0
50029.63357710929 0 0
50042.13890632265 0 0
50054.64611037474 0 0
50067.1551901316 0 0
50079.66615576549 0 0
50092.17899708814 0 0
50104.69371436095 0 0
50117.21030784523 0 0
50129.72877780222 0 0
50142.24912449304 0 0
50154.77134817883 0 0
50167.29544912055 0 0
50179.82142757916 0 0
50192.34928705059 0 0
50204.87903311398 0 0
50217.41065754176 0 0
50229.94416059451 0 0
50242.47954253278 0 0
50255.01680361702 0 0
50267.55594410761 0 0
50280.09696426484 0 0
50292.63986434895 0 0
50305.18464494348 0 0
50317.7313180523 0 0
50330.27987193318 0 0
50342.83030684607 0 0
50355.38262305076 0 0
50367.936820807 0 0
50380.49290037451 0 0
50393.05086201282 0 0
50405.61070598152 0 0
50418.17243551389 0 0
50430.7360579126 0 0
50443.30156348458 0 0
50455.86895248908 0 0
50468.43822518518 0 0
50481.00938183197 0 0
50493.58242268841 0 0
50506.15734801342 0 0
50518.7341580658 0 0
50531.31286427577 0 0
50543.8934581489 0 0
50556.47593759008 0 0
50569.0603028578 0 0
50581.64655421051 0 0
50594.23469190654 0 0
50606.82471620418 0 0
50619.41662736166 0 0
50632.01043641585 0 0
50644.60613618979 0 0
50657.20372366219 0 0
50669.80319909097 0 0
50682.40456273389 0 0
50695.00781484872 0 0
50707.61295569311 0 0
50720.21998571134 0 0
50732.82891937713 0 0
50745.43974260938 0 0
50758.05245566539 0 0
50770.66705880248 0 0
50783.28355227783 0 0
50795.90193634851 0 0
50808.52221127164 0 0
50821.14438533768 0 0
50833.76845785636 0 0
50846.39442206235 0 0
50859.02227821235 0 0
50871.65202656305 0 0
50884.28366737099 0 0
50896.91720089269 0 0
50909.55263205055 0 0
50922.18996735388 0 0
50934.82919620411 0 0
50947.47031885743 0 0
50960.11333556991 0 0
50972.75824659763 0 0
50985.40505219654 0 0
50998.05375728899 0 0
51010.7043688468 0 0
51023.35687580719 0 0
51036.01127842582 0 0
51048.66757695825 0 0
51061.32577166001 0 0
51073.98586278652 0 0
51086.64785862103 0 0
51099.31175987492 0 0
51111.97755838319 0 0
51124.64525440097 0 0
51137.31484818328 0 0
51149.9863399851 0 0
51162.65973006134 0 0
51175.33503341014 0 0
51188.01223777353 0 0
51200.69134123925 0 0
51213.37234406183 0 0
51226.05524649582 0 0
51238.74004879564 0 0
51251.42675864985 0 0
51264.11537881587 0 0
51276.80589967414 0 0
51289.49832147874 0 0
51302.19264448377 0 0
51314.88886894318 0 0
51327.58699771881 0 0
51340.287043617 0 0
51352.98899179449 0 0
51365.69284250496 0 0
51378.39859600197 0 0
51391.10625253907 0 0
51403.81581262971 0 0
51416.52729417176 0 0
51429.24067957731 0 0
51441.9559690996 0 0
51454.67316299175 0 0
51467.39226150681 0 0
51480.11326528375 0 0
51492.83619236344 0 0
51505.56102488803 0 0
51518.28776311025 0 0
51531.01640728279 0 0
51543.74695765824 0 0
51556.47941747052 0 0
51569.21379996395 0 0
51581.95008948078 0 0
51594.68828627332 0 0
51607.42839059377 0 0
51620.1704026943 0 0
51632.91433086879 0 0
51645.66017863426 0 0
51658.40793499879 0 0
51671.15760021425 0 0
51683.9091745324 0 0
51696.66265820497 0 0
51709.41806704641 0 0
51722.17538992447 0 0
51734.93462297451 0 0
51747.69576644788 0 0
51760.45882059588 0 0
51773.22379113816 0 0
51785.99068746086 0 0
51798.75949527453 0 0
51811.53021483017 0 0
51824.30284637872 0 0
51837.07739017107 0 0
51849.85386396338 0 0
51862.63225345935 0 0
51875.41255601396 0 0
51888.19477187776 0 0
51900.97890130129 0 0
51913.76495573292 0 0
51926.55293381945 0 0
51939.3428262793 0 0
51952.13463336264 0 0
51964.92835531963 0 0
51977.72399901575 0 0
51990.52157259071 0 0
52003.32106185169 0 0
52016.12246704851 0 0
52028.9257884309 0 0
52041.73103000366 0 0
52054.53820595456 0 0
52067.34729890223 0 0
52080.15830909609 0 0
52092.97123678551 0 0
52105.78608483416 0 0
52118.60287003818 0 0
52131.42157354773 0 0
52144.24219561188 0 0
52157.06473647962 0 0
52169.88919959047 0 0
52182.71560091449 0 0
52195.54392185084 0 0
52208.37416264821 0 0
52221.20632355523 0 0
52234.04041030179 0 0
52246.87643460237 0 0
52259.71437982014 0 0
52272.55424620339 0 0
52285.39603400042 0 0
52298.2397529433 0 0
52311.08540706676 0 0
52323.93298341029 0 0
52336.78248222185 0 0
52349.63390374932 0 0
52362.48726343634 0 0
52375.34255421873 0 0
52388.19976852216 0 0
52401.05890659421 0 0
52413.91996868236 0 0
52426.78297764858 0 0
52439.64791191579 0 0
52452.514771003 0 0
52465.38355515747 0 0
52478.2542726966 0 0
52491.12693139405 0 0
52504.00151596168 0 0
52516.87802664642 0 0
52529.7564636951 0 0
52542.63684592539 0 0
52555.51916043325 0 0
52568.40340210682 0 0
52581.28957119261 0 0
52594.17767445529 0 0
52607.06772335785 0 0
52619.9597004734 0 0
52632.85360604819 0 0
52645.74944032843 0 0
52658.64722365265 0 0
52671.546940658 0 0
52684.44858716835 0 0
52697.35216342961 0 0
52710.25768021215 0 0
52723.16514154972 0 0
52736.07453343682 0 0
52748.985856119 0 0
52761.89911190797 0 0
52774.81432201485 0 0
52787.73146371447 0 0
52800.65053725214 0 0
52813.57154287306 0 0
52826.49450089688 0 0
52839.41939683954 0 0
52852.3462256619 0 0
52865.27498760894 0 0
52878.2056970167 0 0
52891.13835162751 0 0
52904.07294015848 0 0
52917.00946285425 0 0
52929.94792917249 0 0
52942.88834687129 0 0
52955.83069952942 0 0
52968.77498739123 0 0
52981.72121613986 0 0
52994.66940134111 0 0
53007.61952253967 0 0
53020.57157997956 0 0
53033.5255766718 0 0
53046.48153378478 0 0
53059.4394279317 0 0
53072.39925935635 0 0
53085.36102949885 0 0
53098.32476292738 0 0
53111.29043442538 0 0
53124.25804423619 0 0
53137.22759332896 0 0
53150.19910747172 0 0
53163.1725607181 0 0
53176.14795331125 0 0
53189.1252868477 0 0
53202.10458609802 0 0
53215.08582548491 0 0
53228.06900525124 0 0
53241.05412871825 0 0
53254.04121746419 0 0
53267.03024737843 0 0
53280.02121870356 0 0
53293.01413758136 0 0
53306.00902020575 0 0
53319.00584502894 0 0
53332.0046122932 0 0
53345.00533205551 0 0
53358.00801293592 0 0
53371.0126370444 0 0
53384.01920462291 0 0
53397.02773073687 0 0
53410.03821424564 0 0
53423.05064201047 0 0
53436.06501427308 0 0
53449.08135219933 0 0
53462.09964270354 0 0
53475.11987849063 0 0
53488.14205980201 0 0
53501.16621499457 0 0
53514.19231685615 0 0
53527.22036502615 0 0
53540.2503671685 0 0
53553.28233765222 0 0
53566.31625522779 0 0
53579.35212013617 0 0
53592.38994915381 0 0
53605.42973867961 0 0
53618.47147632069 0 0
53631.51516231768 0 0
53644.56082364672 0 0
53657.6084365621 0 0
53670.65799861494 0 0
53683.70951838667 0 0
53696.76300911565 0 0
53709.81844976295 0 0
53722.87584056868 0 0
53735.93520222912 0 0
53748.99652400712 0 0
53762.05979672347 0 0
53775.12502414273 0 0
53788.19222958537 0 0
53801.26138674557 0 0
53814.33249586292 0 0
53827.40557472808 0 0
53840.48061886304 0 0
53853.55761573347 0 0
53866.63656765818 0 0
53879.71750129655 0 0
53892.80038844795 0 0
53905.88522935149 0 0
53918.97204225919 0 0
53932.06082221719 0 0
53945.15155670398 0 0
53958.2442499567 0 0
53971.33892524459 0 0
53984.43555583725 0 0
53997.53414197327 0 0
54010.63470572607 0 0
54023.73723494488 0 0
54036.84172048209 0 0
54049.94817185006 0 0
54063.0566022131 0 0
54076.16698966883 0 0
54089.2793344554 0 0
54102.39366582064 0 0
54115.50995770995 0 0
54128.62820770348 0 0
54141.74843393883 0 0
54154.87063277445 0 0
54167.99479048703 0 0
54181.12091473156 0 0
54194.24902302401 0 0
54207.37909096539 0 0
54220.51111879308 0 0
54233.64513661285 0 0
54246.78111729053 0 0
54259.91905862564 0 0
54273.05898168781 0 0
54286.20087760708 0 0
54299.34473495412 0 0
54312.49056638838 0 0
54325.63838005218 0 0
54338.78815591346 0 0
54351.93989884668 0 0
54365.09363275572 0 0
54378.24932963123 0 0
54391.40698970967 0 0
54404.56664384016 0 0
54417.72826422765 0 0
54430.89184858615 0 0
54444.05742142062 0 0
54457.22496781558 0 0
54470.39447894896 0 0
54483.56597360493 0 0
54496.73944850059 0 0
54509.91488890136 0 0
54523.09230849353 0 0
54536.27171438085 0 0
54549.45308653931 0 0
54562.6364341796 0 0
54575.82177354736 0 0
54589.00907995155 0 0
54602.19835874903 0 0
54615.3896340837 0 0
54628.58287721939 0 0
54641.77809028031 0 0
54654.97530406613 0 0
54668.17448641692 0 0
54681.37563756761 0 0
54694.57879156374 0 0
54707.78391561091 0 0
54720.99100922101 0 0
54734.20010463825 0 0
54747.41117286091 0 0
54760.62421140882 0 0
54773.83925134419 0 0
54787.05626621917 0 0
54800.27525218106 0 0
54813.49623972877 0 0
54826.71920373069 0 0
54839.94413958051 0 0
54853.17107783202 0 0
54866.39999343328 0 0
54879.63088164272 0 0
54892.86377368671 0 0
54906.09864335746 0 0
54919.33548639599 0 0
54932.57433531832 0 0
54945.81516152654 0 0
54959.05796186144 0 0
54972.30277074526 0 0
54985.54955595663 0 0
54998.79831671005 0 0
55012.04908797861 0 0
55025.30183465668 0 0
55038.55656058285 0 0
55051.8132950223 0 0
55065.07200562835 0 0
55078.33269980294 0 0
55091.59539987307 0 0
55104.86007686618 0 0
55118.12674236212 0 0
55131.39541052048 0 0
55144.66605635755 0 0
55157.93869624498 0 0
55171.21333494694 0 0
55184.48995208264 0 0
55197.76856942898 0 0
55211.04918112767 0 0
55224.33177201449 0 0
55237.61636988438 0 0
55250.90295703078 0 0
55264.19152411902 0 0
55277.48210557436 0 0
55290.77467061725 0 0
55304.06922028481 0 0
55317.36578445497 0 0
55330.66432984092 0 0
55343.96486826938 0 0
55357.26741447506 0 0
55370.57194264845 0 0
55383.87847289234 0 0
55397.18700357645 0 0
55410.49751697947 0 0
55423.81004209061 0 0
55437.12455969383 0 0
55450.44106082174 0 0
55463.75958379396 0 0
55477.0800907548 0 0
55490.40259190834 0 0
55503.72710592511 0 0
55517.05360467988 0 0
55530.38210890351 0 0
55543.71261639962 0 0
55557.04510938251 0 0
55570.37961971798 0 0
55583.71612312611 0 0
55597.05461725718 0 0
55610.3951322554 0 0
55623.73763400596 0 0
55637.0821393903 0 0
55650.42865441238 0 0
55663.77715693375 0 0
55677.12767660576 0 0
55690.48019407847 0 0
55703.83470320202 0 0
55717.19123678821 0 0
55730.54975913623 0 0
55743.91028767651 0 0
55757.27282781537 0 0
55770.63735746123 0 0
55784.00390844543 0 0
55797.37245755791 0 0
55810.74300363607 0 0
55824.11557337451 0 0
55837.49013387949 0 0
55850.86670751833 0 0
55864.24529032258 0 0
55877.62586463671 0 0
55891.0084688562 0 0
55904.39306714146 0 0
55917.77967208371 0 0
55931.16829549666 0 0
55944.55891167598 0 0
55957.9515523034 0 0
55971.34619527972 0 0
55984.74284016121 0 0
55998.14151108933 0 0
56011.54217603843 0 0
56024.94486170194 0 0
56038.3495562697 0 0
56051.75624971317 0 0
56065.16497505262 0 0
56078.57569566578 0 0
56091.98843498048 0 0
56105.40318802965 0 0
56118.81993864501 0 0
56132.23872528154 0 0
56145.65950844262 0 0
56159.08231001077 0 0
56172.50712842104 0 0
56185.93394480519 0 0
56199.36279961424 0 0
56212.79365219681 0 0
56226.22652460771 0 0
56239.66141524841 0 0
56253.09830598543 0 0
56266.53723583213 0 0
56279.97816469947 0 0
56293.42111652959 0 0
56306.86608625975 0 0
56320.3130599208 0 0
56333.76207165998 0 0
56347.21308366505 0 0
56360.66612347795 0 0
56374.12117914637 0 0
56387.57824428981 0 0
56401.03734476607 0 0
56414.49844675159 0 0
56427.96158309808 0 0
56441.4267315433 0 0
56454.89389671469 0 0
56468.36309276237 0 0
56481.83429156082 0 0
56495.30753297887 0 0
56508.78278102919 0 0
56522.26005476127 0 0
56535.73935320452 0 0
56549.22066067652 0 0
56562.70401065303 0 0
56576.18936512655 0 0
56589.67675593936 0 0
56603.1661635921 0 0
56616.65759162661 0 0
56630.15105359721 0 0
56643.64652130184 0 0
56657.14403770268 0 0
56670.64356136866 0 0
56684.14511846783 0 0
56697.64869923209 0 0
56711.1542984503 0 0
56724.66193744913 0 0
56738.17158392198 0 0
56751.68327857519 0 0
56765.19698492264 0 0
56778.71272516422 0 0
56792.23049252079 0 0
56805.75027976849 0 0
56819.27210926806 0 0
56832.79594797801 0 0
56846.32183771457 0 0
56859.84974020412 0 0
56873.37968040882 0 0
56886.91164781016 0 0
56900.44563989782 0 0
56913.98167334244 0 0
56927.51971872698 0 0
56941.05981934568 0 0
56954.60193140981 0 0
56968.14608836308 0 0
56981.69226923346 0 0
56995.24048293631 0 0
57008.79073374204 0 0
57022.34300560537 0 0
57035.89732747495 0 0
57049.45366251795 0 0
57063.01205297007 0 0
57076.57246070565 0 0
57090.13491276377 0 0
57103.69939431865 0 0
57117.26590939077 0 0
57130.83446589104 0 0
57144.40504538431 0 0
57157.97767795543 0 0
57171.55232592429 0 0
57185.12903304276 0 0
57198.70775870679 0 0
57212.28853368259 0 0
57225.87133816553 0 0
57239.45618240285 0 0
57253.04306682773 0 0
57266.63198172997 0 0
57280.22294721915 0 0
57293.81593418888 0 0
57307.41098186401 0 0
57321.00804765359 0 0
57334.60717328496 0 0
57348.20832287952 0 0
57361.81152400318 0 0
57375.41675852276 0 0
57389.02403653829 0 0
57402.63335710222 0 0
57416.24471340837 0 0
57429.85812113534 0 0
57443.47355713002 0 0
57457.09105313798 0 0
57470.7105702183 0 0
57484.33215562457 0 0
57497.95576234935 0 0
57511.58143110794 0 0
57525.20912884374 0 0
57538.83888209939 0 0
57552.47067196188 0 0
57566.10451110882 0 0
57579.74039421296 0 0
57593.37832064445 0 0
57607.01829810462 0 0
57620.66031321313 0 0
57634.30438614291 0 0
57647.9504913201 0 0
57661.59866083248 0 0
57675.24885746912 0 0
57688.90112467638 0 0
57702.55541688793 0 0
57716.21178017622 0 0
57729.8701716881 0 0
57743.53062983203 0 0
57757.19312175494 0 0
57770.8576761424 0 0
57784.52426958631 0 0
57798.19292160437 0 0
57811.8636176786 0 0
57825.53636871352 0 0
57839.21116852672 0 0
57852.88801996383 0 0
57866.566924624 0 0
57880.24787784791 0 0
57893.93088846233 0 0
57907.61594485676 0 0
57921.30306253209 0 0
57934.99222347992 0 0
57948.68344932215 0 0
57962.37671620546 0 0
57976.07205131989 0 0
57989.7694255199 0 0
58003.46887101121 0 0
58017.17035390829 0 0
58030.87391088042 0 0
58044.57950385419 0 0
58058.28717341049 0 0
58071.99687783966 0 0
58085.7086610828 0 0
58099.42247834527 0 0
58113.13837637725 0 0
58126.85630785012 0 0
58140.57632177228 0 0
58154.29836883181 0 0
58168.02249974479 0 0
58181.7486642343 0 0
58195.47691277023 0 0
58209.20719583926 0 0
58222.93956332256 0 0
58236.67396607021 0 0
58250.41045387427 0 0
58264.14897739892 0 0
58277.88958689632 0 0
58291.63223250407 0 0
58305.37696485825 0 0
58319.12373429286 0 0
58332.87259022806 0 0
58346.62348486001 0 0
58360.37646547231 0 0
58374.13148667129 0 0
58387.88859305608 0 0
58401.64774219092 0 0
58415.40897544296 0 0
58429.17225388169 0 0
58442.93761509507 0 0
58456.70502420489 0 0
58470.47451447306 0 0
58484.24605562037 0 0
58498.01967603609 0 0
58511.79535058647 0 0
58525.57310224188 0 0
58539.3529115601 0 0
58553.13479554669 0 0
58566.91874099664 0 0
58580.70475840524 0 0
58594.49284135009 0 0
58608.28299327084 0 0
58622.07521507289 0 0
58635.86950259535 0 0
58649.66586461605 0 0
58663.46428882909 0 0
58677.26479242918 0 0
58691.06735442099 0 0
58704.87200096032 0 0
58718.67870181851 0 0
58732.48749265612 0 0
58746.29833346758 0 0
58760.11126996179 0 0
58773.92625587298 0 0
58787.74333532096 0 0
58801.56246899994 0 0
58815.38369117596 0 0
58829.20697397886 0 0
58843.03233996753 0 0
58856.85977324978 0 0
58870.68928413508 0 0
58884.5208692512 0 0
58898.35452611647 0 0
58912.19026442023 0 0
58926.02806834813 0 0
58939.8679611925 0 0
58953.70991326506 0 0
58967.55396200217 0 0
58981.40006584042 0 0
58995.24826928198 0 0
59009.0985311147 0 0
59022.95088546322 0 0
59036.80530664053 0 0
59050.66181297576 0 0
59064.52039484692 0 0
59078.38105424798 0 0
59092.24379816148 0 0
59106.10861170684 0 0
59119.97551901037 0 0
59133.84448777782 0 0
59147.71555981826 0 0
59161.58869187099 0 0
59175.46392300845 0 0
59189.34122189166 0 0
59203.22061100279 0 0
59217.10207806131 0 0
59230.98562622162 0 0
59244.87126279949 0 0
59258.75897108395 0 0
59272.64877852444 0 0
59286.54064937882 0 0
59300.43462765284 0 0
59314.33067145773 0 0
59328.22881259998 0 0
59342.1290306966 0 0
59356.03133577973 0 0
59369.93572950848 0 0
59383.84219960451 0 0
59397.75077030504 0 0
59411.66140781184 0 0
59425.57415549643 0 0
59439.48897205728 0 0
59453.40588749148 0 0
59467.32488444396 0 0
59481.24596869753 0 0
59495.16914737844 0 0
59509.09440152048 0 0
59523.02176326586 0 0
59536.9511952008 0 0
59550.88273450993 0 0
59564.81635158599 0 0
59578.75206351298 0 0
59592.68986706414 0 0
59606.62975267581 0 0
59620.5717440353 0 0
59634.51580821864 0 0
59648.46198489816 0 0
59662.41023896213 0 0
59676.36059204997 0 0
59690.31303732576 0 0
59704.26756788656 0 0
59718.22420570459 0 0
59732.18291897519 0 0
59746.14374649222 0 0
59760.10665437303 0 0
59774.07166208092 0 0
59788.0387659003 0 0
59802.00795486147 0 0
59815.97925594706 0 0
59829.95263510845 0 0
59843.92812690188 0 0
59857.90570539312 0 0
59871.885381152 0 0
59885.86716029871 0 0
59899.85102108324 0 0
59913.83700221023 0 0
59927.8250640308 0 0
59941.81523351133 0 0
59955.80749937149 0 0
59969.80185658417 0 0
59983.79832780678 0 0
59997.79688160108 0 0
60011.79755171671 0 0
60025.80031292966 0 0
60039.80517347993 0 0
60053.81214343238 0 0
60067.82119783181 0 0
60081.83237548569 0 0
60095.84564067773 0 0
60109.86101146461 0 0
60123.87848876818 0 0
60137.89805374286 0 0
60151.91974447602 0 0
60165.94352226058 0 0
60179.96941017275 0 0
60193.99740343573 0 0
60208.02748822846 0 0
60222.05969828602 0 0
60236.0939972635 0 0
60250.13040917933 0 0
60264.16892699714 0 0
60278.20953848222 0 0
60292.25227645448 0 0
60306.29710521247 0 0
60320.34404799996 0 0
60334.39309895511 0 0
60348.44424399655 0 0
60362.49751846102 0 0
60376.55288557416 0 0
60390.61036609107 0 0
60404.6699587532 0 0
60418.73164519661 0 0
60432.795463726 0 0
60446.86137775615 0 0
60460.92940284988 0 0
60474.99954577583 0 0
60489.07178434156 0 0
60503.14615161081 0 0
60517.22262110702 0 0
60531.30119761484 0 0
60545.38189934859 0 0
60559.46469857785 0 0
60573.54962141797 0 0
60587.63665491645 0 0
60601.72578966535 0 0
60615.81705873822 0 0
60629.91042715948 0 0
60644.00591239123 0 0
60658.1035184155 0 0
60672.20322491469 0 0
60686.30506315271 0 0
60700.4090092817 0 0
60714.51506371572 0 0
60728.62325077654 0 0
60742.73354016076 0 0
60756.84595174164 0 0
60770.96048408143 0 0
60785.07711986844 0 0
60799.19589111352 0 0
60813.31677187807 0 0
60827.43976359603 0 0
60841.56489063695 0 0
60855.69212296915 0 0
60869.821478482 0 0
60883.95295910951 0 0
60898.08654614942 0 0
60912.22226796847 0 0
60926.3601053208 0 0
60940.50005187944 0 0
60954.64214083991 0 0
60968.78633805243 0 0
60982.93265503804 0 0
60997.08110587282 0 0
61011.23166607806 0 0
61025.38435599596 0 0
61039.53917183578 0 0
61053.69609816347 0 0
61067.85516351672 0 0
61082.01634748942 0 0
61096.17964344658 0 0
61110.34508635574 0 0
61124.51264158639 0 0
61138.68231708609 0 0
61152.85413326067 0 0
61167.0280628715 0 0
61181.2041204108 0 0
61195.3823129712 0 0
61209.5626200816 0 0
61223.74506215529 0 0
61237.9296342191 0 0
61252.11632194567 0 0
61266.30515104626 0 0
61280.4961057283 0 0
61294.68917718479 0 0
61308.88439580262 0 0
61323.08173621479 0 0
61337.28119451216 0 0
61351.48280513526 0 0
61365.68653438675 0 0
61379.89238625796 0 0
61394.1003877473 0 0
61408.31050894442 0 0
61422.52275690352 0 0
61436.73715233395 0 0
61450.9536685803 0 0
61465.17231510942 0 0
61479.39310758273 0 0
61493.616021979 0 0
61507.841069558 0 0
61522.06826217311 0 0
61536.2975778173 0 0
61550.52902892383 0 0
61564.7626247769 0 0
61578.99834476412 0 0
61593.23620187362 0 0
61607.47620405804 0 0
61621.71833148073 0 0
61635.96259706635 0 0
61650.2090086727 0 0
61664.45754662042 0 0
61678.70822315315 0 0
61692.96104726924 0 0
61707.21599882881 0 0
61721.47308877737 0 0
61735.73232848824 0 0
61749.99369674371 0 0
61764.25720257463 0 0
61778.52286096253 0 0
61792.79064899516 0 0
61807.06057317275 0 0
61821.33265331719 0 0
61835.6068642055 0 0
61849.88320919184 0 0
61864.16171416953 0 0
61878.44235098926 0 0
61892.72512004301 0 0
61907.01005212916 0 0
61921.29711795329 0 0
61935.58631710825 0 0
61949.87767579791 0 0
61964.17117369666 0 0
61978.46680602208 0 0
61992.76459376996 0 0
62007.0645268108 0 0
62021.36659537316 0 0
62035.67081463172 0 0
62049.97718587938 0 0
62064.28569374245 0 0
62078.59634696198 0 0
62092.90915947844 0 0
62107.22410970319 0 0
62121.5411993318 0 0
62135.86045617628 0 0
62150.181851821 0 0
62164.50538665568 0 0
62178.83108453357 0 0
62193.15892865378 0 0
62207.48891305454 0 0
62221.82105310335 0 0
62236.1553487518 0 0
62250.49178577041 0 0
62264.83037043089 0 0
62279.17112065765 0 0
62293.51401334323 0 0
62307.85904887623 0 0
62322.20625290636 0 0
62336.55560430528 0 0
62350.90709963893 0 0
62365.2607540253 0 0
62379.6165671812 0 0
62393.97452535816 0 0
62408.33463253421 0 0
62422.696910488 0 0
62437.06133454824 0 0
62451.42790510238 0 0
62465.79664273511 0 0
62480.16753571588 0 0
62494.5405762746 0 0
62508.9157724244 0 0
62523.29313736023 0 0
62537.67265095712 0 0
62552.05431360166 0 0
62566.43814797283 0 0
62580.82413763875 0 0
62595.21227743411 0 0
62609.60257603766 0 0
62623.99504480077 0 0
62638.38966477416 0 0
62652.78643634361 0 0
62667.18538091695 0 0
62681.58648409286 0 0
62695.98973994437 0 0
62710.39515445347 0 0
62724.80274385375 0 0
62739.21248700817 0 0
62753.62438430172 0 0
62768.03845251275 0 0
62782.45468598827 0 0
62796.87307468016 0 0
62811.29361897295 0 0
62825.71634533045 0 0
62840.14122843522 0 0
62854.56826821686 0 0
62868.99747347295 0 0
62883.42885400249 0 0
62897.86239228387 0 0
62912.29808870082 0 0
62926.73595981 0 0
62941.17599959936 0 0
62955.61819859801 0 0
62970.0625571892 0 0
62984.50909858137 0 0
62998.95780316631 0 0
63013.4086684162 0 0
63027.86169764034 0 0
63042.3169108135 0 0
63056.77428572309 0 0
63071.23382275158 0 0
63085.69552993993 0 0
63100.15941750754 0 0
63114.62546826421 0 0
63129.09368259193 0 0
63143.56407215981 0 0
63158.03663963939 0 0
63172.51137175894 0 0
63186.98826889995 0 0
63201.46734525733 0 0
63215.94859815982 0 0
63230.43201715138 0 0
63244.91760261308 0 0
63259.40537016466 0 0
63273.89531399432 0 0
63288.38742536046 0 0
63302.88170464365 0 0
63317.3781677888 0 0
63331.87680804332 0 0
63346.37761727997 0 0
63360.8805958789 0 0
63375.38575901173 0 0
63389.89310118217 0 0
63404.40261377868 0 0
63418.91429718095 0 0
63433.42816469031 0 0
63447.94421426121 0 0
63462.46243570036 0 0
63476.98282938699 0 0
63491.50540565651 0 0
63506.03016810575 0 0
63520.55710386373 0 0
63535.08621330922 0 0
63549.61750271719 0 0
63564.15098351618 0 0
63578.68663906265 0 0
63593.22446973493 0 0
63607.76447665447 0 0
63622.30668126801 0 0
63636.85106206607 0 0
63651.39761942652 0 0
63665.9463537271 0 0
63680.49728211192 0 0
63695.05039361813 0 0
63709.6056831216 0 0
63724.1631509996 0 0
63738.72280677371 0 0
63753.28465443815 0 0
63767.84868153298 0 0
63782.41488843506 0 0
63796.9832759545 0 0
63811.5538652207 0 0
63826.12663534874 0 0
63840.70158671497 0 0
63855.27871969574 0 0
63869.85804663569 0 0
63884.43956523226 0 0
63899.02326649631 0 0
63913.60915080368 0 0
63928.19721932829 0 0
63942.78749182224 0 0
63957.37994841124 0 0
63971.97458947074 0 0
63986.57141537595 0 0
64001.17043573283 0 0
64015.77165306752 0 0
64030.37505629809 0 0
64044.98064579934 0 0
64059.58842194602 0 0
64074.19840104819 0 0
64088.81057186236 0 0
64103.42493037049 0 0
64118.04147694692 0 0
64132.66021291186 0 0
64147.2811567157 0 0
64161.90428963516 0 0
64176.529612044 0 0
64191.15712431595 0 0
64205.78683138594 0 0
64220.41874411464 0 0
64235.05284775218 0 0
64249.68914267185 0 0
64264.32762924679 0 0
64278.96831430581 0 0
64293.61120456195 0 0
64308.25628751753 0 0
64322.90356354522 0 0
64337.55303301763 0 0
64352.20470293939 0 0
64366.85857931263 0 0
64381.51465017321 0 0
64396.17291589329 0 0
64410.83337684484 0 0
64425.49603849269 0 0
64440.16090955988 0 0
64454.82797689964 0 0
64469.49724088353 0 0
64484.16870188301 0 0
64498.8423621101 0 0
64513.51823643521 0 0
64528.1963088154 0 0
64542.87657962174 0 0
64557.5590492251 0 0
64572.24371799632 0 0
64586.93060100841 0 0
64601.61968697754 0 0
64616.31097315215 0 0
64631.00445990255 0 0
64645.70014759903 0 0
64660.39804428795 0 0
64675.09815238175 0 0
64689.80046245767 0 0
64704.5049748855 0 0
64719.21169003493 0 0
64733.92060827556 0 0
64748.63174596237 0 0
64763.34508845992 0 0
64778.06063508282 0 0
64792.77838620023 0 0
64807.4983421812 0 0
64822.22050859268 0 0
64836.94489201939 0 0
64851.67148134229 0 0
64866.40027692997 0 0
64881.1312791509 0 0
64895.86448837347 0 0
64910.59991393567 0 0
64925.33755445082 0 0
64940.07740299835 0 0
64954.81945994622 0 0
64969.56372566225 0 0
64984.31020051408 0 0
64999.05889513443 0 0
65013.80980511881 0 0
65028.56292526797 0 0
65043.31825594915 0 0
65058.07579752951 0 0
65072.83555037608 0 0
65087.59752394414 0 0
65102.36171575625 0 0
65117.12811986168 0 0
65131.89673662699 0 0
65146.66756641871 0 0
65161.4406096032 0 0
65176.21587199076 0 0
65190.99335796692 0 0
65205.77305836108 0 0
65220.55497353923 0 0
65235.33910386714 0 0
65250.12544971056 0 0
65264.91401143508 0 0
65279.70480322604 0 0
65294.49781221931 0 0
65309.29303811678 0 0
65324.09048128359 0 0
65338.89014208481 0 0
65353.69202088544 0 0
65368.49612288053 0 0
65383.30245276112 0 0
65398.11100166233 0 0
65412.92176994871 0 0
65427.73475798462 0 0
65442.5499661344 0 0
65457.36739476221 0 0
65472.18705118345 0 0
65487.00893535089 0 0
65501.83304101547 0 0
65516.65936854093 0 0
65531.48791829091 0 0
65546.31869062892 0 0
65561.15168591835 0 0
65575.98691022955 0 0
65590.8243655089 0 0
65605.66404475673 0 0
65620.50594833598 0 0
65635.35007660955 0 0
65650.19642994022 0 0
65665.04500869062 0 0
65679.89581432758 0 0
65694.74885750889 0 0
65709.60412712478 0 0
65724.46162353749 0 0
65739.32134710916 0 0
65754.18329820177 0 0
65769.04747717721 0 0
65783.91388439729 0 0
65798.78252538542 0 0
65813.65340211899 0 0
65828.52650810961 0 0
65843.40184371865 0 0
65858.27940930729 0 0
65873.15920523675 0 0
65888.04123186802 0 0
65902.92548956201 0 0
65917.81198349987 0 0
65932.70071577777 0 0
65947.59168012839 0 0
65962.48487691223 0 0
65977.38030648966 0 0
65992.27796922093 0 0
66007.17786546628 0 0
66022.07999558571 0 0
66036.98436002962 0 0
66051.89096979122 0 0
66066.79981443445 0 0
66081.71089431898 0 0
66096.62420980431 0 0
66111.53976124986 0 0
66126.45754901496 0 0
66141.37757345875 0 0
66156.29983494036 0 0
66171.22433505513 0 0
66186.1510818711 0 0
66201.08006672974 0 0
66216.01128998968 0 0
66230.94475200947 0 0
66245.88045314756 0 0
66260.8183937623 0 0
66275.75857421191 0 0
66290.70099485447 0 0
66305.645656048 0 0
66320.59256452687 0 0
66335.54171737582 0 0
66350.49311177757 0 0
66365.44674808976 0 0
66380.40262666981 0 0
66395.36074787508 0 0
66410.32111206287 0 0
66425.28371959036 0 0
66440.24857081451 0 0
66455.21566609231 0 0
66470.18501042547 0 0
66485.15660366074 0 0
66500.13044194845 0 0
66515.10652564518 0 0
66530.0848551073 0 0
66545.06543069109 0 0
66560.04825275278 0 0
66575.03332164841 0 0
66590.02063773401 0 0
66605.01020136535 0 0
66620.00201289829 0 0
66634.99607683282 0 0
66649.99239324652 0 0
66664.99095855733 0 0
66679.99177312058 0 0
66694.9948372915 0 0
66710.00015142524 0 0
66725.00771587677 0 0
66740.01753100104 0 0
66755.02959715287 0 0
66770.04391468692 0 0
66785.06048395776 0 0
66800.07930531992 0 0
66815.10038172295 0 0
66830.12371550416 0 0
66845.14930236862 0 0
66860.17714267041 0 0
66875.20723676348 0 0
66890.23958500171 0 0
66905.27418773879 0 0
66920.3110453284 0 0
66935.35015812404 0 0
66950.39152647917 0 0
66965.43515074706 0 0
66980.48103128093 0 0
66995.52916843386 0 0
67010.57956255891 0 0
67025.63221779835 0 0
67040.68713312411 0 0
67055.74430640975 0 0
67070.80373800782 0 0
67085.86542827084 0 0
67100.92937755121 0 0
67115.99558620107 0 0
67131.06405457268 0 0
67146.13478301809 0 0
67161.2077718892 0 0
67176.28302153783 0 0
67191.36053231575 0 0
67206.44030457456 0 0
67221.52233866577 0 0
67236.60663494079 0 0
67251.69319375097 0 0
67266.78201737937 0 0
67281.87310739949 0 0
67296.96646093779 0 0
67312.06207834516 0 0
67327.1599599724 0 0
67342.26010617023 0 0
67357.36251728918 0 0
67372.46719367975 0 0
67387.5741356923 0 0
67402.68334367705 0 0
67417.79481798419 0 0
67432.90855896375 0 0
67448.02456696572 0 0
67463.14284233985 0 0
67478.26338543592 0 0
67493.38619660355 0 0
67508.51127619224 0 0
67523.6386245514 0 0
67538.76824203036 0 0
67553.90012897829 0 0
67569.0342857443 0 0
67584.17071442532 0 0
67599.30941550506 0 0
67614.45038737977 0 0
67629.59363039817 0 0
67644.73914490883 0 0
67659.8869312602 0 0
67675.03698980068 0 0
67690.18932087858 0 0
67705.34392484202 0 0
67720.50080203908 0 0
67735.65995281772 0 0
67750.82137752576 0 0
67765.98507651099 0 0
67781.15105012101 0 0
67796.3192987034 0 0
67811.48982260554 0 0
67826.66262217477 0 0
67841.83769775835 0 0
67857.01504970336 0 0
67872.19467835683 0 0
67887.37658406566 0 0
67902.56076717666 0 0
67917.74722803649 0 0
67932.93596699178 0 0
67948.12698438902 0 0
67963.32028057458 0 0
67978.51585589476 0 0
67993.71371069574 0 0
68008.91384532355 0 0
68024.1162601242 0 0
68039.32095544355 0 0
68054.52793162735 0 0
68069.73718902124 0 0
68084.94872797081 0 0
68100.16254882145 0 0
68115.37865191855 0 0
68130.59703760734 0 0
68145.81770623293 0 0
68161.04065814039 0 0
68176.26589378399 0 0
68191.49341422977 0 0
68206.72321892291 0 0
68221.95530820808 0 0
68237.18968242982 0 0
68252.42634193256 0 0
68267.66528706062 0 0
68282.90651815823 0 0
68298.1500355695 0 0
68313.39583963847 0 0
68328.64393070905 0 0
68343.89430912501 0 0
68359.14697523008 0 0
68374.40192936787 0 0
68389.65917188193 0 0
68404.91870311556 0 0
68420.18052341213 0 0
68435.44463311482 0 0
68450.7110325667 0 0
68465.97972211074 0 0
68481.25070208988 0 0
68496.52397284684 0 0
68511.79953472434 0 0
68527.07738806495 0 0
68542.35753321112 0 0
68557.63997050522 0 0
68572.92470028956 0 0
68588.21172290627 0 0
68603.50103869745 0 0
68618.79264855082 0 0
68634.08655276751 0 0
68649.38275125252 0 0
68664.68124434754 0 0
68679.98203239407 0 0
68695.28511573355 0 0
68710.59049470733 0 0
68725.89816965656 0 0
68741.20814092243 0 0
68756.52040884596 0 0
68771.83497376803 0 0
68787.1518360295 0 0
68802.47099597106 0 0
68817.7924539333 0 0
68833.11621025678 0 0
68848.44226528186 0 0
68863.77061934887 0 0
68879.10127279806 0 0
68894.43422596945 0 0
68909.7694792031 0 0
68925.10703283892 0 0
68940.44688721666 0 0
68955.78904267606 0 0
68971.13349955669 0 0
68986.48025819806 0 0
69001.82931893958 0 0
69017.18068212051 0 0
69032.53434808009 0 0
69047.89031715738 0 0
69063.24858969136 0 0
69078.60916602095 0 0
69093.97204648488 0 0
69109.3372314219 0 0
69124.70472117058 0 0
69140.07451606941 0 0
69155.44661645674 0 0
69170.82102267091 0 0
69186.19773505005 0 0
69201.57675393226 0 0
69216.95808082013 0 0
69232.34171743682 0 0
69247.72766163781 0 0
69263.1159137607 0 0
69278.50647414311 0 0
69293.89934312242 0 0
69309.29452103605 0 0
69324.69200822123 0 0
69340.09180501512 0 0
69355.49391175482 0 0
69370.89832877723 0 0
69386.30505641927 0 0
69401.71409501763 0 0
69417.125444909 0 0
69432.53910642996 0 0
69447.95507991691 0 0
69463.37336570625 0 0
69478.79396413425 0 0
69494.21687553705 0 0
69509.64210025068 0 0
69525.06963861112 0 0
69540.49949374927 0 0
69555.93166555301 0 0
69571.36615207799 0 0
69586.8029536597 0 0
69602.24207063361 0 0
69617.68350333507 0 0
69633.12725209931 0 0
69648.57331726146 0 0
69664.02169915658 0 0
69679.47239811963 0 0
69694.92541448543 0 0
69710.38074858875 0 0
69725.8384007642 0 0
69741.29837134633 0 0
69756.76066066964 0 0
69772.22526906843 0 0
69787.69219967483 0 0
69803.16145345433 0 0
69818.63302737857 0 0
69834.10692178151 0 0
69849.58313699697 0 0
69865.06167335868 0 0
69880.54253120029 0 0
69896.02571085533 0 0
69911.51121265725 0 0
69926.99903693939 0 0
69942.48918403497 0 0
69957.98165427716 0 0
69973.47644799903 0 0
69988.97356553348 0 0
70004.47301313597 0 0
70019.97478646782 0 0
70035.47888467705 0 0
70050.98530809619 0 0
70066.49405705769 0 0
70082.00513189388 0 0
70097.51853293697 0 0
70113.03426051915 0 0
70128.55231497245 0 0
70144.07269662879 0 0
70159.59540582006 0 0
70175.12044287802 0 0
70190.64781456431 0 0
70206.1775163344 0 0
70221.70954703209 0 0
70237.24390698875 0 0
70252.78059653558 0 0
70268.31961600378 0 0
70283.86096572435 0 0
70299.40464602828 0 0
70314.95065724642 0 0
70330.4989997095 0 0
70346.0496737482 0 0
70361.6026877734 0 0
70377.15803468009 0 0
70392.71571421981 0 0
70408.27572672286 0 0
70423.83807251937 0 0
70439.40275193943 0 0
70454.96976531294 0 0
70470.53911296981 0 0
70486.11079523982 0 0
70501.68481245254 0 0
70517.26117355943 0 0
70532.83987104445 0 0
70548.42090452652 0 0
70564.00427433492 0 0
70579.58998079882 0 0
70595.17802424726 0 0
70610.76840500922 0 0
70626.36112341359 0 0
70641.95617978915 0 0
70657.55358047897 0 0
70673.15332378613 0 0
70688.75540611595 0 0
70704.35982779674 0 0
70719.96658915679 0 0
70735.5756905243 0 0
70751.18713222735 0 0
70766.80091459393 0 0
70782.41703795193 0 0
70798.0355115975 0 0
70813.65632852851 0 0
70829.27948749955 0 0
70844.90498883808 0 0
70860.53283287154 0 0
70876.16301992719 0 0
70891.79555033226 0 0
70907.43042441382 0 0
70923.06764882403 0 0
70938.70722238305 0 0
70954.34914066464 0 0
70969.99340399554 0 0
70985.64001270237 0 0
71001.28896711161 0 0
71016.94026754968 0 0
71032.59391434293 0 0
71048.24991589501 0 0
71063.90826805597 0 0
71079.56896761568 0 0
71095.23201490007 0 0
71110.89741023493 0 0
71126.56515394604 0 0
71142.23524635899 0 0
71157.90768986638 0 0
71173.58249280737 0 0
71189.25964549165 0 0
71204.93914824438 0 0
71220.62100139073 0 0
71236.30520525576 0 0
71251.99176016441 0 0
71267.68066644152 0 0
71283.3719364579 0 0
71299.0655591269 0 0
71314.76153420327 0 0
71330.45986201147 0 0
71346.16054287589 0 0
71361.86357712079 0 0
71377.56896523028 0 0
71393.2767202914 0 0
71408.98682976997 0 0
71424.69929398991 0 0
71440.41411327501 0 0
71456.13128794894 0 0
71471.8508183353 0 0
71487.57270900675 0 0
71503.2969653372 0 0
71519.02357841493 0 0
71534.75254856309 0 0
71550.48387610486 0 0
71566.2175613632 0 0
71581.95360466102 0 0
71597.69201801196 0 0
71613.43279237105 0 0
71629.17592580231 0 0
71644.92141862823 0 0
71660.66927117128 0 0
71676.41948375382 0 0
71692.17206476229 0 0
71707.92701280392 0 0
71723.68432191579 0 0
71739.4439924199 0 0
71755.20602463807 0 0
71770.97041889203 0 0
71786.73718241742 0 0
71802.50631652045 0 0
71818.27781368826 0 0
71834.05167424219 0 0
71849.82789850354 0 0
71865.60648679346 0 0
71881.3874476684 0 0
71897.17078018942 0 0
71912.95647776617 0 0
71928.74454071936 0 0
71944.53496936975 0 0
71960.32776403789 0 0
71976.12293706836 0 0
71991.92048034178 0 0
72007.72039065824 0 0
72023.52266833794 0 0
72039.32731370101 0 0
72055.1343294019 0 0
72070.94372703289 0 0
72086.75549337093 0 0
72102.56962873579 0 0
72118.3861334471 0 0
72134.20500782436 0 0
72150.02626283537 0 0
72165.84989384032 0 0
72181.67589553315 0 0
72197.50426823299 0 0
72213.33501225895 0 0
72229.16813267757 0 0
72245.00363698172 0 0
72260.84151363232 0 0
72276.68176294804 0 0
72292.52438524745 0 0
72308.3693814202 0 0
72324.21676764289 0 0
72340.0665278681 0 0
72355.91866241403 0 0
72371.77317159878 0 0
72387.63005574036 0 0
72403.48933060421 0 0
72419.35098300794 0 0
72435.21501138552 0 0
72451.08141605454 0 0
72466.95019733255 0 0
72482.82137057894 0 0
72498.69492375218 0 0
72514.57085454991 0 0
72530.44916328926 0 0
72546.32985028728 0 0
72562.21293221315 0 0
72578.09839473404 0 0
72593.98623652759 0 0
72609.87645791042 0 0
72625.76906025437 0 0
72641.66406008613 0 0
72657.56144051993 0 0
72673.46120187207 0 0
72689.36334445876 0 0
72705.26787405692 0 0
72721.17479871033 0 0
72737.08410560952 0 0
72752.99579507028 0 0
72768.90986740832 0 0
72784.8263345145 0 0
72800.74519253169 0 0
72816.66643443586 0 0
72832.59006054242 0 0
72848.51607131973 0 0
72864.44448601919 0 0
72880.37528592951 0 0
72896.30847136561 0 0
72912.24404264239 0 0
72928.18200942452 0 0
72944.12237289692 0 0
72960.06512321696 0 0
72976.01026069917 0 0
72991.95778607205 0 0
73007.90771865576 0 0
73023.86003940739 0 0
73039.8147486411 0 0
73055.77184667085 0 0
73071.73134649542 0 0
73087.69324321963 0 0
73103.65752974419 0 0
73119.62420638272 0 0
73135.59327967736 0 0
73151.56475790845 0 0
73167.5386272566 0 0
73183.51488803505 0 0
73199.49354143503 0 0
73215.47460670066 0 0
73231.45806439844 0 0
73247.44391484131 0 0
73263.43215834204 0 0
73279.42281279502 0 0
73295.41586436187 0 0
73311.41130998699 0 0
73327.40914998273 0 0
73343.4093993625 0 0
73359.41205031121 0 0
73375.41709662975 0 0
73391.42453863016 0 0
73407.43438954621 0 0
73423.44664538292 0 0
73439.4612978995 0 0
73455.47834740761 0 0
73471.49780646146 0 0
73487.51967268575 0 0
73503.54393689832 0 0
73519.57059941049 0 0
73535.59967319576 0 0
73551.63115530055 0 0
73567.66503670055 0 0
73583.70131770661 0 0
73599.74001280899 0 0
73615.7811162807 0 0
73631.82462035285 0 0
73647.87052533605 0 0
73663.91884833343 0 0
73679.9695786518 0 0
73696.0227108744 0 0
73712.07824531138 0 0
73728.13620277365 0 0
73744.19656541194 0 0
73760.25933125665 0 0
73776.32450287942 0 0
73792.39209910683 0 0
73808.46209953174 0 0
73824.53450446369 0 0
73840.6093221078 0 0
73856.6865602825 0 0
73872.76620395418 0 0
73888.84825343195 0 0
73904.9327236457 0 0
73921.0196092229 0 0
73937.10890159495 0 0
73953.2006010706 0 0
73969.29473039445 0 0
73985.39126882282 0 0
74001.49021534233 0 0
74017.59157758417 0 0
74033.69536522799 0 0
74049.80156194961 0 0
74065.91016805718 0 0
74082.02120091373 0 0
74098.13465099287 0 0
74114.25051144343 0 0
74130.36878597425 0 0
74146.48949256339 0 0
74162.61261050857 0 0
74178.73814011726 0 0
74194.86609674319 0 0
74210.99647533173 0 0
74227.12926656719 0 0
74243.26447360514 0 0
74259.40211598296 0 0
74275.54217199021 0 0
74291.68464193372 0 0
74307.82954252319 0 0
74323.97686644438 0 0
74340.12660528319 0 0
74356.2787650042 0 0
74372.43335997863 0 0
74388.59037085116 0 0
74404.74979792796 0 0
74420.9116626328 0 0
74437.07594867462 0 0
74453.24265190001 0 0
74469.41178443762 0 0
74485.58334878145 0 0
74501.75733128727 0 0
74517.93373541467 0 0
74534.11258119041 0 0
74550.29384610565 0 0
74566.47753046561 0 0
74582.66365591122 0 0
74598.85220636202 0 0
74615.04317723398 0 0
74631.23658294453 0 0
74647.43242205432 0 0
74663.63068256069 0 0
74679.83137228202 0 0
74696.03450317126 0 0
74712.24005643171 0 0
74728.4480339062 0 0
74744.65845969267 0 0
74760.87130882403 0 0
74777.08658160435 0 0
74793.30430158928 0 0
74809.52444970554 0 0
74825.74702244333 0 0
74841.9720388228 0 0
74858.19948903518 0 0
74874.42936484073 0 0
74890.661681346 0 0
74906.89643676287 0 0
74923.13361874374 0 0
74939.37323910263 0 0
74955.6153028296 0 0
74971.85979409049 0 0
74988.10672202753 0 0
75004.35609716737 0 0
75020.60790081018 0 0
75036.86214004652 0 0
75053.11882969925 0 0
75069.37794882309 0 0
75085.63950307651 0 0
75101.9035103393 0 0
75118.16994804052 0 0
75134.43882102544 0 0
75150.7101489927 0 0
75166.98390836485 0 0
75183.26010379239 0 0
75199.53875555577 0 0
75215.81983968958 0 0
75232.10336126745 0 0
75248.38933991578 0 0
75264.67775189922 0 0
75280.96860333192 0 0
75297.26191195127 0 0
75313.55765486957 0 0
75329.85583985812 0 0
75346.1564815318 0 0
75362.45955846738 0 0
75378.76508070961 0 0
75395.07305851812 0 0
75411.3834725506 0 0
75427.69633574091 0 0
75444.01165276198 0 0
75460.3294069683 0 0
75476.64961479785 0 0
75492.97227410649 0 0
75509.29737156077 0 0
75525.62492771738 0 0
75541.95493238582 0 0
75558.28737615942 0 0
75574.6222843276 0 0
75590.95963742533 0 0
75607.29943058686 0 0
75623.64169444778 0 0
75639.98639904153 0 0
75656.33355041425 0 0
75672.68316788848 0 0
75689.0352270422 0 0
75705.38974031222 0 0
75721.74671445132 0 0
75738.10613122629 0 0
75754.468010066 0 0
75770.83234392935 0 0
75787.19912138404 0 0
75803.56836946247 0 0
75819.94006610669 0 0
75836.31421100271 0 0
75852.69082827981 0 0
75869.06989075874 0 0
75885.45141107762 0 0
75901.83539628742 0 0
75918.2218276522 0 0
75934.61072705417 0 0
75951.00208324593 0 0
75967.39588654503 0 0
75983.7921686871 0 0
76000.19089890734 0 0
76016.59208714214 0 0
76032.99574572226 0 0
76049.40185301486 0 0
76065.81043015352 0 0
76082.22146789702 0 0
76098.63495536284 0 0
76115.05092499376 0 0
76131.46934493989 0 0
76147.89022746403 0 0
76164.31358138546 0 0
76180.73938657074 0 0
76197.16766779589 0 0
76213.59840904258 0 0
76230.03160732531 0 0
76246.46728606649 0 0
76262.90541767035 0 0
76279.34602079385 0 0
76295.78909197508 0 0
76312.23461696542 0 0
76328.68262856369 0 0
76345.13309521244 0 0
76361.58603058278 0 0
76378.0414403196 0 0
76394.49930546053 0 0
76410.95965543065 0 0
76427.42246573762 0 0
76443.88774368759 0 0
76460.35550058806 0 0
76476.82571448533 0 0
76493.29841315096 0 0
76509.77357571655 0 0
76526.25120656357 0 0
76542.73131922282 0 0
76559.21389046918 0 0
76575.69894813851 0 0
76592.18647155026 0 0
76608.67646559615 0 0
76625.16894259653 0 0
76641.66387977189 0 0
76658.16130673766 0 0
76674.66119957023 0 0
76691.16356710142 0 0
76707.66841701232 0 0
76724.17572868369 0 0
76740.68553522318 0 0
76757.1978060384 0 0
76773.71255732598 0 0
76790.22978870397 0 0
76806.74948644193 0 0
76823.27167980078 0 0
76839.79633714762 0 0
76856.32348244726 0 0
76872.85310383614 0 0
76889.38519975998 0 0
76905.91978660687 0 0
76922.45683902154 0 0
76938.99638857355 0 0
76955.53840850435 0 0
76972.08291284813 0 0
76988.62990170887 0 0
77005.1793625406 0 0
77021.73132174432 0 0
77038.28574873527 0 0
77054.84267171791 0 0
77071.40207110556 0 0
77087.96395473492 0 0
77104.52832793024 0 0
77121.0951738989 0 0
77137.66452231188 0 0
77154.23634072689 0 0
77170.81065735126 0 0
77187.38745303339 0 0
77203.96673614719 0 0
77220.54851050436 0 0
77237.13276179662 0 0
77253.71951623593 0 0
77270.30874288743 0 0
77286.90047332233 0 0
77303.49468210111 0 0
77320.09138485593 0 0
77336.69057716696 0 0
77353.29225392709 0 0
77369.89643117455 0 0
77386.50308362451 0 0
77403.11224721167 0 0
77419.72388585409 0 0
77436.33802836419 0 0
77452.95465538593 0 0
77469.57377771608 0 0
77486.19539451838 0 0
77502.81949834951 0 0
77519.44610633266 0 0
77536.07519334472 0 0
77552.70679390825 0 0
77569.34087236246 0 0
77585.97746032264 0 0
77602.6165333914 0 0
77619.25810865157 0 0
77635.90217773223 0 0
77652.54874196887 0 0
77669.19780845805 0 0
77685.84936334642 0 0
77702.50342863987 0 0
77719.15997585446 0 0
77735.81904134703 0 0
77752.48058819186 0 0
77769.14464964694 0 0
77785.81119871831 0 0
77802.48025660509 0 0
77819.15180929589 0 0
77835.82586528528 0 0
77852.50242298744 0 0
77869.18147874929 0 0
77885.86304285396 0 0
77902.54710005716 0 0
77919.23367195466 0 0
77935.92273226706 0 0
77952.61431334683 0 0
77969.3083798603 0 0
77986.00497008597 0 0
78002.70404780123 0 0
78019.40564522565 0 0
78036.10973553015 0 0
78052.81634181774 0 0
78069.52544609805 0 0
78086.23706291217 0 0
78102.951182554 0 0
78119.66781155702 0 0
78136.3869479453 0 0
78153.10859079864 0 0
78169.83274531738 0 0
78186.55940368141 0 0
78203.2885777139 0 0
78220.02025324796 0 0
78236.75444817657 0 0
78253.49114253907 0 0
78270.2303597454 0 0
78286.97207459372 0 0
78303.71631545849 0 0
78320.46305244899 0 0
78337.21231835207 0 0
78353.96407914022 0 0
78370.71837146072 0 0
78387.47515770081 0 0
78404.23447781699 0 0
78420.99629182377 0 0
78437.76064045174 0 0
78454.52748425744 0 0
78471.29686239395 0 0
78488.06873737478 0 0
78504.84314667083 0 0
78521.62005420218 0 0
78538.39949630777 0 0
78555.18143776421 0 0
78571.96591432828 0 0
78588.75289108355 0 0
78605.54240375407 0 0
78622.33441718109 0 0
78639.12896760509 0 0
78655.92601907595 0 0
78672.72560889948 0 0
78689.52769978544 0 0
78706.33233065349 0 0
78723.13946232502 0 0
78739.94913588169 0 0
78756.76131100004 0 0
78773.57602759665 0 0
78790.3932479425 0 0
78807.21300880935 0 0
78824.03527602415 0 0
78840.86008252886 0 0
78857.68739825321 0 0
78874.51725176243 0 0
78891.34961763593 0 0
78908.18451951561 0 0
78925.02193717679 0 0
78941.86188879196 0 0
78958.70435987851 0 0
78975.54936259349 0 0
78992.39688874198 0 0
79009.24694392023 0 0
79026.09952676635 0 0
79042.9546357705 0 0
79059.81227694894 0 0
79076.67244114081 0 0
79093.53514228524 0 0
79110.40036302585 0 0
79127.26812576906 0 0
79144.1384044186 0 0
79161.01123039229 0 0
79177.88656912725 0 0
79194.76445914517 0 0
79211.64486363048 0 0
79228.52781501602 0 0
79245.41328688101 0 0
79262.30130099147 0 0
79279.19184186448 0 0
79296.0849200564 0 0
79312.98053156465 0 0
79329.87867519377 0 0
79346.77935896371 0 0
79363.68256938487 0 0
79380.58832704189 0 0
79397.49660560919 0 0
79414.40743877771 0 0
79431.32079140311 0 0
79448.23669714795 0 0
79465.15512779346 0 0
79482.07610512761 0 0
79498.99961541517 0 0
79515.92566568985 0 0
79532.85425724043 0 0
79549.7853818061 0 0
79566.71905623976 0 0
79583.65525644601 0 0
79600.59401538185 0 0
79617.53529867633 0 0
79634.47913763368 0 0
79651.42550793062 0 0
79668.3744259604 0 0
79685.32588487645 0 0
79702.27988332543 0 0
79719.23643247627 0 0
79736.19551269041 0 0
79753.15715369071 0 0
79770.12132305546 0 0
79787.08805147883 0 0
79804.05731518661 0 0
79821.02912879772 0 0
79838.00348846083 0 0
79854.98038860285 0 0
79871.95984583262 0 0
79888.94183454382 0 0
79905.92639025462 0 0
79922.91347902078 0 0
79939.90312467788 0 0
79956.89531510787 0 0
79973.89005205157 0 0
79990.88734575336 0 0
80007.88717532321 0 0
80024.88957390374 0 0
80041.89450795233 0 0
80058.9020025038 0 0
80075.91204391279 0 0
80092.92463449659 0 0
80109.93978487053 0 0
80126.95747294032 0 0
80143.97773376585 0 0
80161.00053327851 0 0
80178.02589353739 0 0
80195.05380609501 0 0
80212.08426712197 0 0
80229.11729432577 0 0
80246.15286232287 0 0
80263.19100090496 0 0
80280.23168602094 0 0
80297.27492876505 0 0
80314.32073259872 0 0
80331.36908083675 0 0
80348.42000498595 0 0
80365.47347301939 0 0
80382.52950611063 0 0
80399.58809692709 0 0
80416.64923889907 0 0
80433.71295409407 0 0
80450.77921538844 0 0
80467.84804744387 0 0
80484.91943558058 0 0
80501.9933798985 0 0
80519.06989647058 0 0
80536.14896135389 0 0
80553.23060097762 0 0
80570.31479675643 0 0
80587.40155201928 0 0
80604.49088028423 0 0
80621.58275906893 0 0
80638.67721485213 0 0
80655.77422857944 0 0
80672.87380337335 0 0
80689.97595363153 0 0
80707.08065661463 0 0
80724.18793713569 0 0
80741.29777910249 0 0
80758.41018200078 0 0
80775.52516453704 0 0
80792.64270200022 0 0
80809.76281582456 0 0
80826.88549630632 0 0
80844.01073586939 0 0
80861.1385609533 0 0
80878.26894316266 0 0
80895.40189884293 0 0
80912.53742809992 0 0
80929.67551581554 0 0
80946.81619076103 0 0
80963.95942796743 0 0
80981.10523404351 0 0
80998.25362232041 0 0
81015.40457124941 0 0
81032.55810176936 0 0
81049.71420420833 0 0
81066.87286920733 0 0
81084.03412673375 0 0
81101.19794710225 0 0
81118.36434171605 0 0
81135.53331960789 0 0
81152.70486166987 0 0
81169.87898903427 0 0
81187.05569105329 0 0
81204.23495856942 0 0
81221.41682181729 0 0
81238.60125172191 0 0
81255.78825684535 0 0
81272.97785071061 0 0
81290.1700122558 0 0
81307.36475841659 0 0
81324.5620863503 0 0
81341.76198328758 0 0
81358.96447361115 0 0
81376.16953936266 0 0
81393.37717691496 0 0
81410.58741304911 0 0
81427.80022036443 0 0
81445.01560722102 0 0
81462.23358734102 0 0
81479.45413996272 0 0
81496.67727924154 0 0
81513.90300708778 0 0
81531.13130875507 0 0
81548.36221300068 0 0
81565.59570660647 0 0
81582.83177531272 0 0
81600.07041958433 0 0
81617.31163988613 0 0
81634.55543668279 0 0
81651.80186512195 0 0
81669.05087263249 0 0
81686.30245787633 0 0
81703.55662131748 0 0
81720.81336341998 0 0
81738.07269570982 0 0
81755.33465213544 0 0
81772.59918845889 0 0
81789.86630514362 0 0
81807.13600265297 0 0
81824.40828144997 0 0
81841.68316096203 0 0
81858.9606584576 0 0
81876.24073847517 0 0
81893.52340147733 0 0
81910.80864792659 0 0
81928.09647828517 0 0
81945.38691492818 0 0
81962.67996835285 0 0
81979.97560691898 0 0
81997.27383108827 0 0
82014.57464132237 0 0
82031.87803808281 0 0
82049.18404174766 0 0
82066.4926659339 0 0
82083.8038778763 0 0
82101.11767803576 0 0
82118.43406687307 0 0
82135.7530448489 0 0
82153.07462540871 0 0
82170.39883516224 0 0
82187.72563528192 0 0
82205.05502622787 0 0
82222.38700846006 0 0
82239.72158243829 0 0
82257.0587497485 0 0
82274.39855984846 0 0
82291.74096291995 0 0
82309.08595942223 0 0
82326.43354981441 0 0
82343.78373455547 0 0
82361.13651410432 0 0
82378.49192365285 0 0
82395.8499444241 0 0
82413.21056122596 0 0
82430.57377451674 0 0
82447.93958475465 0 0
82465.30799239766 0 0
82482.67901008541 0 0
82500.05266327799 0 0
82517.42891509635 0 0
82534.80776599802 0 0
82552.18921644031 0 0
82569.57326688043 0 0
82586.95991777544 0 0
82604.34920281582 0 0
82621.74110434123 0 0
82639.13560753963 0 0
82656.53271286759 0 0
82673.93242078144 0 0
82691.33473173741 0 0
82708.7396462226 0 0
82726.14721211929 0 0
82743.55738227404 0 0
82760.97015714257 0 0
82778.38553718048 0 0
82795.80352284318 0 0
82813.22411458599 0 0
82830.64732144038 0 0
82848.07317318488 0 0
82865.50163222283 0 0
82882.932699009 0 0
82900.366373998 0 0
82917.80265764431 0 0
82935.24155040224 0 0
82952.68306310794 0 0
82970.12722091802 0 0
82987.57398905054 0 0
83005.02336795934 0 0
83022.47535809802 0 0
83039.92995992012 0 0
83057.38717387902 0 0
83074.84700588971 0 0
83092.30948994063 0 0
83109.77458733662 0 0
83127.24229853057 0 0
83144.71262397518 0 0
83162.18556412302 0 0
83179.66111942646 0 0
83197.13929033779 0 0
83214.62011459238 0 0
83232.10356137852 0 0
83249.58962497795 0 0
83267.07830584249 0 0
83284.56960442367 0 0
83302.06352117303 0 0
83319.56005654181 0 0
83337.0592289315 0 0
83354.56104519234 0 0
83372.06548127554 0 0
83389.57253763193 0 0
83407.08221471212 0 0
83424.59451296665 0 0
83442.10943284597 0 0
83459.62697480031 0 0
83477.14717251397 0 0
83494.67000111715 0 0
83512.19545299525 0 0
83529.72352859812 0 0
83547.25422837528 0 0
83564.78755277621 0 0
83582.32350225023 0 0
83599.86207724648 0 0
83617.40331791711 0 0
83634.94718530517 0 0
83652.49367941254 0 0
83670.04280068791 0 0
83687.59454957978 0 0
83705.14892653652 0 0
83722.7059320064 0 0
83740.26556643746 0 0
83757.82786765568 0 0
83775.39280020774 0 0
83792.9603629152 0 0
83810.53055622568 0 0
83828.1033805866 0 0
83845.67883644531 0 0
83863.25692424885 0 0
83880.83764444431 0 0
83898.42102375872 0 0
83916.00704779071 0 0
83933.59570540595 0 0
83951.18699705106 0 0
83968.78092317231 0 0
83986.37748421592 0 0
84003.97668062801 0 0
84021.57851285454 0 0
84039.18298777158 0 0
84056.79012953643 0 0
84074.39990830426 0 0
84092.01232452049 0 0
84109.62737863038 0 0
84127.2450710791 0 0
84144.86540231176 0 0
84162.48837277319 0 0
84180.11398290815 0 0
84197.74224644549 0 0
84215.37317254784 0 0
84233.00673950902 0 0
84250.64294777327 0 0
84268.2817977847 0 0
84285.92328998724 0 0
84303.56742482475 0 0
84321.2142027409 0 0
84338.86362417924 0 0
84356.51569859446 0 0
84374.17044241204 0 0
84391.82783093385 0 0
84409.48786460308 0 0
84427.15054386253 0 0
84444.81586915496 0 0
84462.48384092303 0 0
84480.15445960927 0 0
84497.827725656 0 0
84515.50363950543 0 0
84533.18222796716 0 0
84550.86347132706 0 0
84568.54736366823 0 0
84586.23390543237 0 0
84603.92309706108 0 0
84621.61493899582 0 0
84639.30943167787 0 0
84657.00657554832 0 0
84674.70637104829 0 0
84692.40881861863 0 0
84710.11394865956 0 0
84727.82173285019 0 0
84745.53217028627 0 0
84763.24526140818 0 0
84780.96100665611 0 0
84798.6794064702 0 0
84816.40046129048 0 0
84834.12417155677 0 0
84851.85053770876 0 0
84869.57956018603 0 0
84887.31125925637 0 0
84905.04562544249 0 0
84922.78264912542 0 0
84940.52233074416 0 0
84958.26467073776 0 0
84976.00966954496 0 0
84993.75732760444 0 0
85011.50764535472 0 0
85029.26062323418 0 0
85047.01626168106 0 0
85064.7745611335 0 0
85082.53554637209 0 0
85100.29919733069 0 0
85118.06551046252 0 0
85135.83448620516 0 0
85153.60612499616 0 0
85171.38042727287 0 0
85189.15739347247 0 0
85206.93702403207 0 0
85224.71931938866 0 0
85242.50427997898 0 0
85260.29190623976 0 0
85278.08221086001 0 0
85295.87519639848 0 0
85313.67084877122 0 0
85331.46916841441 0 0
85349.27015576408 0 0
85367.07381125614 0 0
85384.88013532636 0 0
85402.68912841043 0 0
85420.50079094387 0 0
85438.315123362 0 0
85456.13212610014 0 0
85473.95179959331 0 0
85491.77415296818 0 0
85509.59919421002 0 0
85527.42690736655 0 0
85545.25729287241 0 0
85563.09035116214 0 0
85580.92608267 0 0
85598.76448783022 0 0
85616.60556707693 0 0
85634.44932084407 0 0
85652.29574956546 0 0
85670.14485367473 0 0
85687.99663360551 0 0
85705.85108979113 0 0
85723.70823131474 0 0
85741.56806441155 0 0
85759.43057491837 0 0
85777.29576326811 0 0
85795.16362989362 0 0
85813.0341752275 0 0
85830.90739970224 0 0
85848.78330375033 0 0
85866.66188780394 0 0
85884.54315229524 0 0
85902.42709765627 0 0
85920.3137243189 0 0
85938.20303271475 0 0
85956.0950232755 0 0
85973.98970315442 0 0
85991.88708047236 0 0
86009.78714110542 0 0
86027.68988548481 0 0
86045.59531404143 0 0
86063.50342720616 0 0
86081.41422540975 0 0
86099.32770908272 0 0
86117.24387865554 0 0
86135.16273455854 0 0
86153.08427722196 0 0
86171.00850707576 0 0
86188.93542454991 0 0
86206.86503007422 0 0
86224.79732407833 0 0
86242.73230699178 0 0
86260.66999538848 0 0
86278.61037629526 0 0
86296.55344725611 0 0
86314.49920870016 0 0
86332.44766105626 0 0
86350.39880475317 0 0
86368.35264021961 0 0
86386.30916788414 0 0
86404.26838817506 0 0
86422.23030152061 0 0
86440.194908349 0 0
86458.16220908819 0 0
86476.13220416609 0 0
86494.10489401045 0 0
86512.08027904881 0 0
86530.05835970867 0 0
86548.03913641733 0 0
86566.02261670315 0 0
86584.00880329951 0 0
86601.99768708361 0 0
86619.98926848243 0 0
86637.98354792263 0 0
86655.9805258308 0 0
86673.98020263347 0 0
86691.98257875697 0 0
86709.98765462753 0 0
86727.99543067122 0 0
86746.00590731396 0 0
86764.0190849816 0 0
86782.03496409983 0 0
86800.05354509424 0 0
86818.07482839028 0 0
86836.09881441321 0 0
86854.12550358826 0 0
86872.15489634043 0 0
86890.18699309467 0 0
86908.22179427574 0 0
86926.25930082756 0 0
86944.29952585394 0 0
86962.34245643938 0 0
86980.38809300803 0 0
86998.43643598419 0 0
87016.48748579188 0 0
87034.54124285505 0 0
87052.59770759748 0 0
87070.65688044284 0 0
87088.71876181474 0 0
87106.78335213648 0 0
87124.85065183138 0 0
87142.92066132261 0 0
87160.9933810332 0 0
87179.06881138605 0 0
87197.14695280392 0 0
87215.22780570941 0 0
87233.31137052507 0 0
87251.39764767326 0 0
87269.48663757629 0 0
87287.57834065626 0 0
87305.67275733517 0 0
87323.76988803491 0 0
87341.86973317717 0 0
87359.9722931836 0 0
87378.07756847568 0 0
87396.18556223877 0 0
87414.29627946684 0 0
87432.40971310392 0 0
87450.52586357098 0 0
87468.64473128892 0 0
87486.76631667855 0 0
87504.89062016044 0 0
87523.01764215517 0 0
87541.14738308311 0 0
87559.27984336451 0 0
87577.41502341942 0 0
87595.5529236679 0 0
87613.6935445298 0 0
87631.83688642489 0 0
87649.98294977281 0 0
87668.13173499299 0 0
87686.28324250481 0 0
87704.43747272754 0 0
87722.59442608025 0 0
87740.75410298193 0 0
87758.91650385146 0 0
87777.08162910755 0 0
87795.24947916885 0 0
87813.42005445376 0 0
87831.59335538067 0 0
87849.76938236778 0 0
87867.94813583324 0 0
87886.12961619497 0 0
87904.31382387088 0 0
87922.50075927854 0 0
87940.69042283567 0 0
87958.88281495971 0 0
87977.07793606799 0 0
87995.27578657775 0 0
88013.47636690605 0 0
88031.67967746989 0 0
88049.88571868603 0 0
88068.09449097123 0 0
88086.30599474207 0 0
88104.520230415 0 0
88122.73719840639 0 0
88140.95689913246 0 0
88159.17933302704 0 0
88177.40450475896 0 0
88195.63241033479 0 0
88213.8630501703 0 0
88232.09642468106 0 0
88250.33253428263 0 0
88268.5713793904 0 0
88286.81296041953 0 0
88305.05727778521 0 0
88323.3043319024 0 0
88341.55412318597 0 0
88359.80665205067 0 0
88378.06191891119 0 0
88396.31992418192 0 0
88414.58066827734 0 0
88432.84415161166 0 0
88451.11037459894 0 0
88469.37933765327 0 0
88487.65104118845 0 0
88505.92548561833 0 0
88524.20267135641 0 0
88542.48259881628 0 0
88560.76526841128 0 0
88579.05068055473 0 0
88597.33883565966 0 0
88615.62973413916 0 0
88633.92337640603 0 0
88652.21976287306 0 0
88670.51889395292 0 0
88688.82077005811 0 0
88707.12539160099 0 0
88725.43275899383 0 0
88743.74287264883 0 0
88762.05573297788 0 0
88780.37134039294 0 0
88798.68969530577 0 0
88817.01079812803 0 0
88835.33464927119 0 0
88853.66124914677 0 0
88871.99059816591 0 0
88890.32269673985 0 0
88908.65754527955 0 0
88926.99514419597 0 0
88945.33549389982 0 0
88963.67859480184 0 0
88982.02444731256 0 0
89000.37305184231 0 0
89018.72440880143 0 0
89037.07851860009 0 0
89055.43538164835 0 0
89073.7949983561 0 0
89092.15736913316 0 0
89110.52249438922 0 0
89128.8903745338 0 0
89147.26100997637 0 0
89165.63440112618 0 0
89184.01054839247 0 0
89202.38945218429 0 0
89220.77111291057 0 0
89239.15553098012 0 0
89257.54270680164 0 0
89275.93264078372 0 0
89294.32533333485 0 0
89312.72078486327 0 0
89331.11899897722 0 0
89349.51997418312 0 0
89367.92370972654 0 0
89386.33020601535 0 0
89404.73946345726 0 0
89423.15148245975 0 0
89441.5662634303 0 0
89459.98380677626 0 0
89478.40411290474 0 0
89496.82718222286 0 0
89515.25301513757 0 0
89533.68161205568 0 0
89552.11297338395 0 0
89570.54709952895 0 0
89588.98399089712 0 0
89607.4236478948 0 0
89625.8660709283 0 0
89644.31126040361 0 0
89662.7592167268 0 0
89681.20994030368 0 0
89699.66343154006 0 0
89718.11969084149 0 0
89736.57871861347 0 0
89755.04051526143 0 0
89773.50508119058 0 0
89791.97241680611 0 0
89810.44252251307 0 0
89828.91539871627 0 0
89847.39104582051 0 0
89865.86946423042 0 0
89884.35065435055 0 0
89902.8346165854 0 0
89921.32135133918 0 0
89939.81085901611 0 0
89958.30314002023 0 0
89976.79819475548 0 0
89995.29602362566 0 0
90013.79662703446 0 0
90032.30000538551 0 0
90050.8061590822 0 0
90069.3150885279 0 0
90087.82679412579 0 0
90106.34128320673 0 0
90124.85855253696 0 0
90143.37859936259 0 0
90161.90142408636 0 0
90180.4270271108 0 0
90198.95540883839 0 0
90217.4865696715 0 0
90236.02051001233 0 0
90254.55723026296 0 0
90273.09673082537 0 0
90291.63901210153 0 0
90310.18407449307 0 0
90328.73191840167 0 0
90347.2825442288 0 0
90365.83595237586 0 0
90384.39214324411 0 0
90402.95111723477 0 0
90421.51287474881 0 0
90440.07741618714 0 0
90458.64474195053 0 0
90477.21485243976 0 0
90495.78774805527 0 0
90514.36342919758 0 0
90532.94189626702 0 0
90551.52314966367 0 0
90570.10719170059 0 0
90588.69403255971 0 0
90607.28366107929 0 0
90625.87607765896 0 0
90644.47128269842 0 0
90663.069276597 0 0
90681.67005975408 0 0
90700.27363256883 0 0
90718.87999544047 0 0
90737.48914876785 0 0
90756.10109294993 0 0
90774.71582838545 0 0
90793.33335547298 0 0
90811.95367461107 0 0
90830.5767861981 0 0
90849.20269063237 0 0
90867.83138831206 0 0
90886.46287963516 0 0
90905.09716499962 0 0
90923.73424480327 0 0
90942.37411944373 0 0
90961.0168052012 0 0
90979.66228714994 0 0
90998.31056526033 0 0
91016.96163992953 0 0
91035.61551155463 0 0
91054.27218053257 0 0
91072.93164726016 0 0
91091.59391213412 0 0
91110.25897555104 0 0
91128.92683790748 0 0
91147.59749959974 0 0
91166.27096102404 0 0
91184.94722257655 0 0
91203.62628465331 0 0
91222.30814765015 0 0
91240.99281196293 0 0
91259.68027798733 0 0
91278.37056053773 0 0
91297.06364990352 0 0
91315.7595422989 0 0
91334.45823811907 0 0
91353.15973775907 0 0
91371.86404161384 0 0
91390.57115007818 0 0
91409.28106354678 0 0
91427.99378241423 0 0
91446.70930707495 0 0
91465.42763792336 0 0
91484.14877535369 0 0
91502.87271976005 0 0
91521.59947153644 0 0
91540.3290310767 0 0
91559.06140969785 0 0
91577.79660669477 0 0
91596.53461276778 0 0
91615.27542831023 0 0
91634.01905371537 0 0
91652.76548937637 0 0
91671.51473568623 0 0
91690.26679303794 0 0
91709.02166182431 0 0
91727.77934243804 0 0
91746.53983527169 0 0
91765.30314071772 0 0
91784.06925916849 0 0
91802.83819101623 0 0
91821.60995230179 0 0
91840.38453474359 0 0
91859.16193188904 0 0
91877.94214412982 0 0
91896.72517185757 0 0
91915.5110154638 0 0
91934.29967533992 0 0
91953.09115187719 0 0
91971.88544546679 0 0
91990.68255649979 0 0
92009.48248536715 0 0
92028.28523245965 0 0
92047.09079816798 0 0
92065.89920573503 0 0
92084.7104342089 0 0
92103.5244826002 0 0
92122.34135129912 0 0
92141.16104069578 0 0
92159.98355118011 0 0
92178.80888314208 0 0
92197.63703697138 0 0
92216.46801305767 0 0
92235.30181179059 0 0
92254.1384335594 0 0
92272.97788014617 0 0
92291.82017498901 0 0
92310.66529416513 0 0
92329.51323806336 0 0
92348.36400707254 0 0
92367.21760158137 0 0
92386.07402197842 0 0
92404.9332686522 0 0
92423.79534199105 0 0
92442.66024238325 0 0
92461.52797021692 0 0
92480.39852588013 0 0
92499.27193365557 0 0
92518.14817357228 0 0
92537.02724261108 0 0
92555.90914115947 0 0
92574.7938696049 0 0
92593.68142833473 0 0
92612.57181773608 0 0
92631.46503819611 0 0
92650.36109010172 0 0
92669.25997383983 0 0
92688.16169819589 0 0
92707.06627552328 0 0
92725.97368597183 0 0
92744.88392992791 0 0
92763.79700777782 0 0
92782.71291990769 0 0
92801.63166670353 0 0
92820.55324855132 0 0
92839.47766583684 0 0
92858.40491894576 0 0
92877.33501492505 0 0
92896.26797093105 0 0
92915.20376404529 0 0
92934.14239465306 0 0
92953.08386313941 0 0
92972.0281698894 0 0
92990.97531528781 0 0
93009.92529971947 0 0
93028.87812356905 0 0
93047.83378722107 0 0
93066.79230970133 0 0
93085.75368553028 0 0
93104.71790244264 0 0
93123.68496082255 0 0
93142.65486105395 0 0
93161.62760352062 0 0
93180.60318860639 0 0
93199.58161669478 0 0
93218.56288816934 0 0
93237.54701509877 0 0
93256.53400710817 0 0
93275.52384378134 0 0
93294.51652550124 0 0
93313.51205265081 0 0
93332.51042561288 0 0
93351.51164477009 0 0
93370.51571050502 0 0
93389.52262320019 0 0
93408.53239909446 0 0
93427.54504065993 0 0
93446.56053045974 0 0
93465.57886887592 0 0
93484.60005629026 0 0
93503.62409308461 0 0
93522.65097964057 0 0
93541.68071633975 0 0
93560.71330356355 0 0
93579.74877281848 0 0
93598.78709722559 0 0
93617.82827342802 0 0
93636.87230180672 0 0
93655.91918274261 0 0
93674.96891661636 0 0
93694.02150380868 0 0
93713.07694470006 0 0
93732.13526108461 0 0
93751.19644656272 0 0
93770.2604870075 0 0
93789.32738279902 0 0
93808.39713431723 0 0
93827.469741942 0 0
93846.54520605298 0 0
93865.62352702976 0 0
93884.70472575593 0 0
93903.78879870512 0 0
93922.87572978473 0 0
93941.96551937396 0 0
93961.05816785186 0 0
93980.15367559723 0 0
93999.25204298898 0 0
94018.35327040579 0 0
94037.45738660125 0 0
94056.56437335841 0 0
94075.67422140225 0 0
94094.7869311109 0 0
94113.90250286253 0 0
94133.02093703517 0 0
94152.14223400675 0 0
94171.26640008214 0 0
94190.39346286323 0 0
94209.52338970218 0 0
94228.65618097638 0 0
94247.79183706312 0 0
94266.93035833967 0 0
94286.07174518317 0 0
94305.21599797058 0 0
94324.36314732766 0 0
94343.51317325947 0 0
94362.66606639112 0 0
94381.82182709911 0 0
94400.9804557599 0 0
94420.14195274978 0 0
94439.306318445 0 0
94458.47357546673 0 0
94477.64372074658 0 0
94496.81673598498 0 0
94515.99262155776 0 0
94535.17137784045 0 0
94554.35300520869 0 0
94573.53750403784 0 0
94592.72489568329 0 0
94611.91518052363 0 0
94631.10833807556 0 0
94650.30436871397 0 0
94669.50327281377 0 0
94688.7050507497 0 0
94707.90970289639 0 0
94727.11725606814 0 0
94746.32770063922 0 0
94765.54102066906 0 0
94784.7572165318 0 0
94803.97628860155 0 0
94823.19823725228 0 0
94842.42306285775 0 0
94861.65080440188 0 0
94880.88142883158 0 0
94900.11493146142 0 0
94919.35131266486 0 0
94938.59057281516 0 0
94957.83271228553 0 0
94977.07774434466 0 0
94996.32568815543 0 0
95015.57651252943 0 0
95034.83021783931 0 0
95054.08680445768 0 0
95073.34627275709 0 0
95092.6086231099 0 0
95111.87389342301 0 0
95131.14205449105 0 0
95150.41309885307 0 0
95169.68702688096 0 0
95188.9638389466 0 0
95208.24353542167 0 0
95227.52613924531 0 0
95246.81165193046 0 0
95266.10005026335 0 0
95285.39133461527 0 0
95304.68550535737 0 0
95323.98256286071 0 0
95343.28252006292 0 0
95362.58539926122 0 0
95381.89116645683 0 0
95401.19982202034 0 0
95420.51136632226 0 0
95439.82579973293 0 0
95459.14313014605 0 0
95478.4633907268 0 0
95497.78654165016 0 0
95517.1125832861 0 0
95536.44151600437 0 0
95555.77334017483 0 0
95575.1080635953 0 0
95594.44572040091 0 0
95613.78626989028 0 0
95633.12971243265 0 0
95652.47604839721 0 0
95671.82527815297 0 0
95691.17741434173 0 0
95710.53248218806 0 0
95729.89044505497 0 0
95749.25130331115 0 0
95768.61505732506 0 0
95787.98170746509 0 0
95807.35127614757 0 0
95826.72376982374 0 0
95846.09916085326 0 0
95865.47744960405 0 0
95884.85863644395 0 0
95904.24272174072 0 0
95923.62974260702 0 0
95943.01967687563 0 0
95962.41251082614 0 0
95981.80824482578 0 0
96001.20687924178 0 0
96020.60841918812 0 0
96040.01290714594 0 0
96059.42029674318 0 0
96078.83058834671 0 0
96098.24378232304 0 0
96117.65987903869 0 0
96137.07890734753 0 0
96156.50086302283 0 0
96175.9257226585 0 0
96195.35348662054 0 0
96214.78415527503 0 0
96234.21773307995 0 0
96253.65426524886 0 0
96273.09370332929 0 0
96292.53604768672 0 0
96311.9812986866 0 0
96331.4294566943 0 0
96350.8805589211 0 0
96370.33458584326 0 0
96389.79152099011 0 0
96409.2513647265 0 0
96428.71411741724 0 0
96448.17979945595 0 0
96467.64842560113 0 0
96487.11996191573 0 0
96506.59440876407 0 0
96526.07176651043 0 0
96545.55204218646 0 0
96565.03527792024 0 0
96584.52142576537 0 0
96604.01048608548 0 0
96623.50245924431 0 0
96642.99734560541 0 0
96662.49519803486 0 0
96681.99596775755 0 0
96701.49965189367 0 0
96721.00625080637 0 0
96740.51576485859 0 0
96760.02824109612 0 0
96779.5436430281 0 0
96799.06196130891 0 0
96818.58319630116 0 0
96838.10734836737 0 0
96857.6344621723 0 0
96877.16450662965 0 0
96896.69746936842 0 0
96916.23335075064 0 0
96935.77215113821 0 0
96955.31391624926 0 0
96974.85861353266 0 0
96994.40623102714 0 0
97013.95676909416 0 0
97033.51022809508 0 0
97053.06665823038 0 0
97072.62601862501 0 0
97092.18830115753 0 0
97111.75350618878 0 0
97131.32163407964 0 0
97150.89274293676 0 0
97170.46677671248 0 0
97190.04373454988 0 0
97209.6236168094 0 0
97229.20643331883 0 0
97248.79222510733 0 0
97268.38094251859 0 0
97287.97258591255 0 0
97307.56715564907 0 0
97327.16467565499 0 0
97346.76515939951 0 0
97366.36857068539 0 0
97385.97490987214 0 0
97405.58417731903 0 0
97425.19641446148 0 0
97444.81160038861 0 0
97464.42971577297 0 0
97484.05076097345 0 0
97503.67473693789 0 0
97523.30170424742 0 0
97542.93160256867 0 0
97562.56443226009 0 0
97582.20019367998 0 0
97601.83891145162 0 0
97621.48059944081 0 0
97641.12522035233 0 0
97660.77277454411 0 0
97680.42326237395 0 0
97700.07673553568 0 0
97719.73315438838 0 0
97739.39250807116 0 0
97759.05479694145 0 0
97778.7200399642 0 0
97798.38826347097 0 0
97818.05942335581 0 0
97837.73351997565 0 0
97857.41055368744 0 0
97877.09057666767 0 0
97896.7735494575 0 0
97916.45946052797 0 0
97936.1483102356 0 0
97955.84012301097 0 0
97975.53491540055 0 0
97995.23264761464 0 0
98014.93332000924 0 0
98034.63693294025 0 0
98054.34355017432 0 0
98074.05311021683 0 0
98093.76561198136 0 0
98113.48105582345 0 0
98133.19948273302 0 0
98152.92087728078 0 0
98172.64521509016 0 0
98192.37249651625 0 0
98212.10274199587 0 0
98231.83597771754 0 0
98251.57215823875 0 0
98271.31128391398 0 0
98291.05335684742 0 0
98310.79844040368 0 0
98330.54647029539 0 0
98350.29744687666 0 0
98370.05137050168 0 0
98389.80829418061 0 0
98409.56818009367 0 0
98429.33101422999 0 0
98449.09679694321 0 0
98468.86556785511 0 0
98488.63731643233 0 0
98508.41201476472 0 0
98528.18966320537 0 0
98547.97029019953 0 0
98567.75390807571 0 0
98587.54047723702 0 0
98607.32999803619 0 0
98627.12248995129 0 0
98646.91798375333 0 0
98666.71643036857 0 0
98686.51783014934 0 0
98706.32219581322 0 0
98726.12957215989 0 0
98745.93990284603 0 0
98765.75318822368 0 0
98785.56943645391 0 0
98805.38870195614 0 0
98825.21092332233 0 0
98845.03610090405 0 0
98864.8642405073 0 0
98884.69540176811 0 0
98904.52952041542 0 0
98924.36659680049 0 0
98944.20663657306 0 0
98964.04970018739 0 0
98983.89572270913 0 0
99003.74470448897 0 0
99023.59665321658 0 0
99043.45162577159 0 0
99063.30955875303 0 0
99083.17045251113 0 0
99103.03431896886 0 0
99122.90120704386 0 0
99142.77105706242 0 0
99162.64386937435 0 0
99182.51966232686 0 0
99202.39847249315 0 0
99222.28024611837 0 0
99242.16498355191 0 0
99262.05271175333 0 0
99281.94345057447 0 0
99301.83715436803 0 0
99321.73382348299 0 0
99341.63349567706 0 0
99361.53616970859 0 0
99381.44181022431 0 0
99401.35041757282 0 0
99421.2620424927 0 0
99441.17665828252 0 0
99461.09424206642 0 0
99481.01479419254 0 0
99500.938380561 0 0
99520.86494464905 0 0
99540.79447823929 0 0
99560.72698995158 0 0
99580.66253820893 0 0
99600.60105712734 0 0
99620.54254705427 0 0
99640.48703562225 0 0
99660.43454372945 0 0
99680.38502400264 0 0
99700.33847678885 0 0
99720.29495090654 0 0
99740.25442538194 0 0
99760.21687352651 0 0
99780.18229568684 0 0
99800.15076403787 0 0
99820.12221139211 0 0
99840.09663391687 0 0
99860.07405280396 0 0
99880.05450321578 0 0
99900.03792995177 0 0
99920.02433335781 0 0
99940.0137618162 0 0
99960.00619660664 0 0
99980.00160921941 0 0
1 4 0 4
9305
9306
9307
9308
100020 0 0
100040 0 0
100060 0 0
100080 0 0
$EndNodes
$Elements
6 9309 1 9309
0 1 15 1
1 1 
0 5 15 1
2 5 
1 1 1 20
3 1 6 
4 6 7 
5 7 8 
6 8 9 
7 9 10 
8 10 11 
9 11 12 
10 12 13 
11 13 14 
12 14 15 
13 15 16 
14 16 17 
15 17 18 
16 18 19 
17 19 20 
18 20 21 
19 21 22 
20 22 23 
21 23 24 
22 24 2 
1 2 1 40
23 2 25 
24 25 26 
25 26 27 
26 27 28 
27 28 29 
28 29 30 
29 30 31 
30 31 32 
31 32 33 
32 33 34 
33 34 35 
34 35 36 
35 36 37 
36 37 38 
37 38 39 
38 39 40 
39 40 41 
40 41 42 
41 42 43 
42 43 44 
43 44 45 
44 45 46 
45 46 47 
46 47 48 
47 48 49 
48 49 50 
49 50 51 
50 51 52 
51 52 53 
52 53 54 
53 54 55 
54 55 56 
55 56 57 
56 57 58 
57 58 59 
58 59 60 
59 60 61 
60 61 62 
61 62 63 
62 63 3 
1 3 1 9242
63 3 64 
64 64 65 
65 65 66 
66 66 67 
67 67 68 
68 68 69 
69 69 70 
70 70 71 
71 71 72 
72 72 73 
73 73 74 
74 74 75 
75 75 76 
76 76 77 
77 77 78 
78 78 79 
79 79 80 
80 80 81 
81 81 82 
82 82 83 
83 83 84 
84 84 85 
85 85 86 
86 86 87 
87 87 88 
88 88 89 
89 89 90 
90 90 91 
91 91 92 
92 92 93 
93 93 94 
94 94 95 
95 95 96 
96 96 97 
97 97 98 
98 98 99 
99 99 100 
100 100 101 
101 101 102 
102 102 103 
103 103 104 
104 104 105 
105 105 106 
106 106 107 
107 107 108 
108 108 109 
109 109 110 
110 110 111 
111 111 112 
112 112 113 
113 113 114 
114 114 115 
115 115 116 
116 116 117 
117 117 118 
118 118 119 
119 119 120 
120 120 121 
121 121 122 
122 122 123 
123 123 124 
124 124 125 
125 125 126 
126 126 127 
127 127 128 
128 128 129 
129 129 130 
130 130 131 
131 131 132 
132 132 133 
133 133 134 
134 134 135 
135 135 136 
136 136 137 
137 137 138 
138 138 139 
139 139 140 
140 140 141 
141 141 142 
142 142 143 
143 143 144 
144 144 145 
145 145 146 
146 146 147 
147 147 148 
148 148 149 
149 149 150 
150 150 151 
151 151 152 
152 152 153 
153 153 154 
154 154 155 
155 155 156 
156 156 157 
157 157 158 
158 158 159 
159 159 160 
160 160 161 
161 161 162 
162 162 163 
163 163 164 
164 164 165 
165 165 166 
166 166 167 
167 167 168 
168 168 169 
169 169 170 
170 170 171 
171 171 172 
172 172 173 
173 173 174 
174 174 175 
175 175 176 
176 176 177 
177 177 178 
178 178 179 
179 179 180 
180 180 181 
181 181 182 
182 182 183 
183 183 184 
184 184 185 
185 185 186 
186 186 187 
187 187 188 
188 188 189 
189 189 190 
190 190 191 
191 191 192 
192 192 193 
193 193 194 
194 194 195 
195 195 196 
196 196 197 
197 197 198 
198 198 199 
199 199 200 
200 200 201 
201 201 202 
202 202 203 
203 203 204 
204 204 205 
205 205 206 
206 206 207 
207 207 208 
208 208 209 
209 209 210 
210 210 211 
211 211 212 
212 212 213 
213 213 214 
214 214 215 
215 215 216 
216 216 217 
217 217 218 
218 218 219 
219 219 220 
220 220 221 
221 221 222 
222 222 223 
223 223 224 
224 224 225 
225 225 226 
226 226 227 
227 227 228 
228 228 229 
229 229 230 
230 230 231 
231 231 232 
232 232 233 
233 233 234 
234 234 235 
235 235 236 
236 236 237 
237 237 238 
238 238 239 
239 239 240 
240 240 241 
241 241 242 
242 242 243 
243 243 244 
244 244 245 
245 245 246 
246 246 247 
247 247 248 
248 248 249 
249 249 250 
250 250 251 
251 251 252 
252 252 253 
253 253 254 
254 254 255 
255 255 256 
256 256 257 
257 257 258 
258 258 259 
259 259 260 
260 260 261 
261 261 262 
262 262 263 
263 263 264 
264 264 265 
265 265 266 
266 266 267 
267 267 268 
268 268 269 
269 269 270 
270 270 271 
271 271 272 
272 272 273 
273 273 274 
274 274 275 
275 275 276 
276 276 277 
277 277 278 
278 278 279 
279 279 280 
280 280 281 
281 281 282 
282 282 283 
283 283 284 
284 284 285 
285 285 286 
286 286 287 
287 287 288 
288 288 289 
289 289 290 
290 290 291 
291 291 292 
292 292 293 
293 293 294 
294 294 295 
295 295 296 
296 296 297 
297 297 298 
298 298 299 
299 299 300 
300 300 301 
301 301 302 
302 302 303 
303 303 304 
304 304 305 
305 305 306 
306 306 307 
307 307 308 
308 308 309 
309 309 310 
310 310 311 
311 311 312 
312 312 313 
313 313 314 
314 314 315 
315 315 316 
316 316 317 
317 317 318 
318 318 319 
319 319 320 
320 320 321 
321 321 322 
322 322 323 
323 323 324 
324 324 325 
325 325 326 
326 326 327 
327 327 328 
328 328 329 
329 329 330 
330 330 331 
331 331 332 
332 332 333 
333 333 334 
334 334 335 
335 335 336 
336 336 337 
337 337 338 
338 338 339 
339 339 340 
340 340 341 
341 341 342 
342 342 343 
343 343 344 
344 344 345 
345 345 346 
346 346 347 
347 347 348 
348 348 349 
349 349 350 
350 350 351 
351 351 352 
352 352 353 
353 353 354 
354 354 355 
355 355 356 
356 356 357 
357 357 358 
358 358 359 
359 359 360 
360 360 361 
361 361 362 
362 362 363 
363 363 364 
364 364 365 
365 365 366 
366 366 367 
367 367 368 
368 368 369 
369 369 370 
370 370 371 
371 371 372 
372 372 373 
373 373 374 
374 374 375 
375 375 376 
376 376 377 
377 377 378 
378 378 379 
379 379 380 
380 380 381 
381 381 382 
382 382 383 
383 383 384 
384 384 385 
385 385 386 
386 386 387 
387 387 388 
388 388 389 
389 389 390 
390 390 391 
391 391 392 
392 392 393 
393 393 394 
394 394 395 
395 395 396 
396 396 397 
397 397 398 
398 398 399 
399 399 400 
400 400 401 
401 401 402 
402 402 403 
403 403 404 
404 404 405 
405 405 406 
406 406 407 
407 407 408 
408 408 409 
409 409 410 
410 410 411 
411 411 412 
412 412 413 
413 413 414 
414 414 415 
415 415 416 
416 416 417 
417 417 418 
418 418 419 
419 419 420 
420 420 421 
421 421 422 
422 422 423 
423 423 424 
424 424 425 
425 425 426 
426 426 427 
427 427 428 
428 428 429 
429 429 430 
430 430 431 
431 431 432 
432 432 433 
433 433 434 
434 434 435 
435 435 436 
436 436 437 
437 437 438 
438 438 439 
439 439 440 
440 440 441 
441 441 442 
442 442 443 
443 443 444 
444 444 445 
445 445 446 
446 446 447 
447 447 448 
448 448 449 
449 449 450 
450 450 451 
451 451 452 
452 452 453 
453 453 454 
454 454 455 
455 455 456 
456 456 457 
457 457 458 
458 458 459 
459 459 460 
460 460 461 
461 461 462 
462 462 463 
463 463 464 
464 464 465 
465 465 466 
466 466 467 
467 467 468 
468 468 469 
469 469 470 
470 470 471 
471 471 472 
472 472 473 
473 473 474 
474 474 475 
475 475 476 
476 476 477 
477 477 478 
478 478 479 
479 479 480 
480 480 481 
481 481 482 
482 482 483 
483 483 484 
484 484 485 
485 485 486 
486 486 487 
487 487 488 
488 488 489 
489 489 490 
490 490 491 
491 491 492 
492 492 493 
493 493 494 
494 494 495 
495 495 496 
496 496 497 
497 497 498 
498 498 499 
499 499 500 
500 500 501 
501 501 502 
502 502 503 
503 503 504 
504 504 505 
505 505 506 
506 506 507 
507 507 508 
508 508 509 
509 509 510 
510 510 511 
511 511 512 
512 512 513 
513 513 514 
514 514 515 
515 515 516 
516 516 517 
517 517 518 
518 518 519 
519 519 520 
520 520 521 
521 521 522 
522 522 523 
523 523 524 
524 524 525 
525 525 526 
526 526 527 
527 527 528 
528 528 529 
529 529 530 
530 530 531 
531 531 532 
532 532 533 
533 533 534 
534 534 535 
535 535 536 
536 536 537 
537 537 538 
538 538 539 
539 539 540 
540 540 541 
541 541 542 
542 542 543 
543 543 544 
544 544 545 
545 545 546 
546 546 547 
547 547 548 
548 548 549 
549 549 550 
550 550 551 
551 551 552 
552 552 553 
553 553 554 
554 554 555 
555 555 556 
556 556 557 
557 557 558 
558 558 559 
559 559 560 
560 560 561 
561 561 562 
562 562 563 
563 563 564 
564 564 565 
565 565 566 
566 566 567 
567 567 568 
568 568 569 
569 569 570 
570 570 571 
571 571 572 
572 572 573 
573 573 574 
574 574 575 
575 575 576 
576 576 577 
577 577 578 
578 578 579 
579 579 580 
580 580 581 
581 581 582 
582 582 583 
583 583 584 
584 584 585 
585 585 586 
586 586 587 
587 587 588 
588 588 589 
589 589 590 
590 590 591 
591 591 592 
592 592 593 
593 593 594 
594 594 595 
595 595 596 
596 596 597 
597 597 598 
598 598 599 
599 599 600 
600 600 601 
601 601 602 
602 602 603 
603 603 604 
604 604 605 
605 605 606 
606 606 607 
607 607 608 
608 608 609 
609 609 610 
610 610 611 
611 611 612 
612 612 613 
613 613 614 
614 614 615 
615 615 616 
616 616 617 
617 617 618 
618 618 619 
619 619 620 
620 620 621 
621 621 622 
622 622 623 
623 623 624 
624 624 625 
625 625 626 
626 626 627 
627 627 628 
628 628 629 
629 629 630 
630 630 631 
631 631 632 
632 632 633 
633 633 634 
634 634 635 
635 635 636 
636 636 637 
637 637 638 
638 638 639 
639 639 640 
640 640 641 
641 641 642 
642 642 643 
643 643 644 
644 644 645 
645 645 646 
646 646 647 
647 647 648 
648 648 649 
649 649 650 
650 650 651 
651 651 652 
652 652 653 
653 653 654 
654 654 655 
655 655 656 
656 656 657 
657 657 658 
658 658 659 
659 659 660 
660 660 661 
661 661 662 
662 662 663 
663 663 664 
664 664 665 
665 665 666 
666 666 667 
667 667 668 
668 668 669 
669 669 670 
670 670 671 
671 671 672 
672 672 673 
673 673 674 
674 674 675 
675 675 676 
676 676 677 
677 677 678 
678 678 679 
679 679 680 
680 680 681 
681 681 682 
682 682 683 
683 683 684 
684 684 685 
685 685 686 
686 686 687 
687 687 688 
688 688 689 
689 689 690 
690 690 691 
691 691 692 
692 692 693 
693 693 694 
694 694 695 
695 695 696 
696 696 697 
697 697 698 
698 698 699 
699 699 700 
700 700 701 
701 701 702 
702 702 703 
703 703 704 
704 704 705 
705 705 706 
706 706 707 
707 707 708 
708 708 709 
709 709 710 
710 710 711 
711 711 712 
712 712 713 
713 713 714 
714 714 715 
715 715 716 
716 716 717 
717 717 718 
718 718 719 
719 719 720 
720 720 721 
721 721 722 
722 722 723 
723 723 724 
724 724 725 
725 725 726 
726 726 727 
727 727 728 
728 728 729 
729 729 730 
730 730 731 
731 731 732 
732 732 733 
733 733 734 
734 734 735 
735 735 736 
736 736 737 
737 737 738 
738 738 739 
739 739 740 
740 740 741 
741 741 742 
742 742 743 
743 743 744 
744 744 745 
745 745 746 
746 746 747 
747 747 748 
748 748 749 
749 749 750 
750 750 751 
751 751 752 
752 752 753 
753 753 754 
754 754 755 
755 755 756 
756 756 757 
757 757 758 
758 758 759 
759 759 760 
760 760 761 
761 761 762 
762 762 763 
763 763 764 
764 764 765 
765 765 766 
766 766 767 
767 767 768 
768 768 769 
769 769 770 
770 770 771 
771 771 772 
772 772 773 
773 773 774 
774 774 775 
775 775 776 
776 776 777 
777 777 778 
778 778 779 
779 779 780 
780 780 781 
781 781 782 
782 782 783 
783 783 784 
784 784 785 
785 785 786 
786 786 787 
787 787 788 
788 788 789 
789 789 790 
790 790 791 
791 791 792 
792 792 793 
793 793 794 
794 794 795 
795 795 796 
796 796 797 
797 797 798 
798 798 799 
799 799 800 
800 800 801 
801 801 802 
802 802 803 
803 803 804 
804 804 805 
805 805 806 
806 806 807 
807 807 808 
808 808 809 
809 809 810 
810 810 811 
811 811 812 
812 812 813 
813 813 814 
814 814 815 
815 815 816 
816 816 817 
817 817 818 
818 818 819 
819 819 820 
820 820 821 
821 821 822 
822 822 823 
823 823 824 
824 824 825 
825 825 826 
826 826 827 
827 827 828 
828 828 829 
829 829 830 
830 830 831 
831 831 832 
832 832 833 
833 833 834 
834 834 835 
835 835 836 
836 836 837 
837 837 838 
838 838 839 
839 839 840 
840 840 841 
841 841 842 
842 842 843 
843 843 844 
844 844 845 
845 845 846 
846 846 847 
847 847 848 
848 848 849 
849 849 850 
850 850 851 
851 851 852 
852 852 853 
853 853 854 
854 854 855 
855 855 856 
856 856 857 
857 857 858 
858 858 859 
859 859 860 
860 860 861 
861 861 862 
862 862 863 
863 863 864 
864 864 865 
865 865 866 
866 866 867 
867 867 868 
868 868 869 
869 869 870 
870 870 871 
871 871 872 
872 872 873 
873 873 874 
874 874 875 
875 875 876 
876 876 877 
877 877 878 
878 878 879 
879 879 880 
880 880 881 
881 881 882 
882 882 883 
883 883 884 
884 884 885 
885 885 886 
886 886 887 
887 887 888 
888 888 889 
889 889 890 
890 890 891 
891 891 892 
892 892 893 
893 893 894 
894 894 895 
895 895 896 
896 896 897 
897 897 898 
898 898 899 
899 899 900 
900 900 901 
901 901 902 
902 902 903 
903 903 904 
904 904 905 
905 905 906 
906 906 907 
907 907 908 
908 908 909 
909 909 910 
910 910 911 
911 911 912 
912 912 913 
913 913 914 
914 914 915 
915 915 916 
916 916 917 
917 917 918 
918 918 919 
919 919 920 
920 920 921 
921 921 922 
922 922 923 
923 923 924 
924 924 925 
925 925 926 
926 926 927 
927 927 928 
928 928 929 
929 929 930 
930 930 931 
931 931 932 
932 932 933 
933 933 934 
934 934 935 
935 935 936 
936 936 937 
937 937 938 
938 938 939 
939 939 940 
940 940 941 
941 941 942 
942 942 943 
943 943 944 
944 944 945 
945 945 946 
946 946 947 
947 947 948 
948 948 949 
949 949 950 
950 950 951 
951 951 952 
952 952 953 
953 953 954 
954 954 955 
955 955 956 
956 956 957 
957 957 958 
958 958 959 
959 959 960 
960 960 961 
961 961 962 
962 962 963 
963 963 964 
964 964 965 
965 965 966 
966 966 967 
967 967 968 
968 968 969 
969 969 970 
970 970 971 
971 971 972 
972 972 973 
973 973 974 
974 974 975 
975 975 976 
976 976 977 
977 977 978 
978 978 979 
979 979 980 
980 980 981 
981 981 982 
982 982 983 
983 983 984 
984 984 985 
985 985 986 
986 986 987 
987 987 988 
988 988 989 
989 989 990 
990 990 991 
991 991 992 
992 992 993 
993 993 994 
994 994 995 
995 995 996 
996 996 997 
997 997 998 
998 998 999 
999 999 1000 
1000 1000 1001 
1001 1001 1002 
1002 1002 1003 
1003 1003 1004 
1004 1004 1005 
1005 1005 1006 
1006 1006 1007 
1007 1007 1008 
1008 1008 1009 
1009 1009 1010 
1010 1010 1011 
1011 1011 1012 
1012 1012 1013 
1013 1013 1014 
1014 1014 1015 
1015 1015 1016 
1016 1016 1017 
1017 1017 1018 
1018 1018 1019 
1019 1019 1020 
1020 1020 1021 
1021 1021 1022 
1022 1022 1023 
1023 1023 1024 
1024 1024 1025 
1025 1025 1026 
1026 1026 1027 
1027 1027 1028 
1028 1028 1029 
1029 1029 1030 
1030 1030 1031 
1031 1031 1032 
1032 1032 1033 
1033 1033 1034 
1034 1034 1035 
1035 1035 1036 
1036 1036 1037 
1037 1037 1038 
1038 1038 1039 
1039 1039 1040 
1040 1040 1041 
1041 1041 1042 
1042 1042 1043 
1043 1043 1044 
1044 1044 1045 
1045 1045 1046 
1046 1046 1047 
1047 1047 1048 
1048 1048 1049 
1049 1049 1050 
1050 1050 1051 
1051 1051 1052 
1052 1052 1053 
1053 1053 1054 
1054 1054 1055 
1055 1055 1056 
1056 1056 1057 
1057 1057 1058 
1058 1058 1059 
1059 1059 1060 
1060 1060 1061 
1061 1061 1062 
1062 1062 1063 
1063 1063 1064 
1064 1064 1065 
1065 1065 1066 
1066 1066 1067 
1067 1067 1068 
1068 1068 1069 
1069 1069 1070 
1070 1070 1071 
1071 1071 1072 
1072 1072 1073 
1073 1073 1074 
1074 1074 1075 
1075 1075 1076 
1076 1076 1077 
1077 1077 1078 
1078 1078 1079 
1079 1079 1080 
1080 1080 1081 
1081 1081 1082 
1082 1082 1083 
1083 1083 1084 
1084 1084 1085 
1085 1085 1086 
1086 1086 1087 
1087 1087 1088 
1088 1088 1089 
1089 1089 1090 
1090 1090 1091 
1091 1091 1092 
1092 1092 1093 
1093 1093 1094 
1094 1094 1095 
1095 1095 1096 
1096 1096 1097 
1097 1097 1098 
1098 1098 1099 
1099 1099 1100 
1100 1100 1101 
1101 1101 1102 
1102 1102 1103 
1103 1103 1104 
1104 1104 1105 
1105 1105 1106 
1106 1106 1107 
1107 1107 1108 
1108 1108 1109 
1109 1109 1110 
1110 1110 1111 
1111 1111 1112 
1112 1112 1113 
1113 1113 1114 
1114 1114 1115 
1115 1115 1116 
1116 1116 1117 
1117 1117 1118 
1118 1118 1119 
1119 1119 1120 
1120 1120 1121 
1121 1121 1122 
1122 1122 1123 
1123 1123 1124 
1124 1124 1125 
1125 1125 1126 
1126 1126 1127 
1127 1127 1128 
1128 1128 1129 
1129 1129 1130 
1130 1130 1131 
1131 1131 1132 
1132 1132 1133 
1133 1133 1134 
1134 1134 1135 
1135 1135 1136 
1136 1136 1137 
1137 1137 1138 
1138 1138 1139 
1139 1139 1140 
1140 1140 1141 
1141 1141 1142 
1142 1142 1143 
1143 1143 1144 
1144 1144 1145 
1145 1145 1146 
1146 1146 1147 
1147 1147 1148 
1148 1148 1149 
1149 1149 1150 
1150 1150 1151 
1151 1151 1152 
1152 1152 1153 
1153 1153 1154 
1154 1154 1155 
1155 1155 1156 
1156 1156 1157 
1157 1157 1158 
1158 1158 1159 
1159 1159 1160 
1160 1160 1161 
1161 1161 1162 
1162 1162 1163 
1163 1163 1164 
1164 1164 1165 
1165 1165 1166 
1166 1166 1167 
1167 1167 1168 
1168 1168 1169 
1169 1169 1170 
1170 1170 1171 
1171 1171 1172 
1172 1172 1173 
1173 1173 1174 
1174 1174 1175 
1175 1175 1176 
1176 1176 1177 
1177 1177 1178 
1178 1178 1179 
1179 1179 1180 
1180 1180 1181 
1181 1181 1182 
1182 1182 1183 
1183 1183 1184 
1184 1184 1185 
1185 1185 1186 
1186 1186 1187 
1187 1187 1188 
1188 1188 1189 
1189 1189 1190 
1190 1190 1191 
1191 1191 1192 
1192 1192 1193 
1193 1193 1194 
1194 1194 1195 
1195 1195 1196 
1196 1196 1197 
1197 1197 1198 
1198 1198 1199 
1199 1199 1200 
1200 1200 1201 
1201 1201 1202 
1202 1202 1203 
1203 1203 1204 
1204 1204 1205 
1205 1205 1206 
1206 1206 1207 
1207 1207 1208 
1208 1208 1209 
1209 1209 1210 
1210 1210 1211 
1211 1211 1212 
1212 1212 1213 
1213 1213 1214 
1214 1214 1215 
1215 1215 1216 
1216 1216 1217 
1217 1217 1218 
1218 1218 1219 
1219 1219 1220 
1220 1220 1221 
1221 1221 1222 
1222 1222 1223 
1223 1223 1224 
1224 1224 1225 
1225 1225 1226 
1226 1226 1227 
1227 1227 1228 
1228 1228 1229 
1229 1229 1230 
1230 1230 1231 
1231 1231 1232 
1232 1232 1233 
1233 1233 1234 
1234 1234 1235 
1235 1235 1236 
1236 1236 1237 
1237 1237 1238 
1238 1238 1239 
1239 1239 1240 
1240 1240 1241 
1241 1241 1242 
1242 1242 1243 
1243 1243 1244 
1244 1244 1245 
1245 1245 1246 
1246 1246 1247 
1247 1247 1248 
1248 1248 1249 
1249 1249 1250 
1250 1250 1251 
1251 1251 1252 
1252 1252 1253 
1253 1253 1254 
1254 1254 1255 
1255 1255 1256 
1256 1256 1257 
1257 1257 1258 
1258 1258 1259 
1259 1259 1260 
1260 1260 1261 
1261 1261 1262 
1262 1262 1263 
1263 1263 1264 
1264 1264 1265 
1265 1265 1266 
1266 1266 1267 
1267 1267 1268 
1268 1268 1269 
1269 1269 1270 
1270 1270 1271 
1271 1271 1272 
1272 1272 1273 
1273 1273 1274 
1274 1274 1275 
1275 1275 1276 
1276 1276 1277 
1277 1277 1278 
1278 1278 1279 
1279 1279 1280 
1280 1280 1281 
1281 1281 1282 
1282 1282 1283 
1283 1283 1284 
1284 1284 1285 
1285 1285 1286 
1286 1286 1287 
1287 1287 1288 
1288 1288 1289 
1289 1289 1290 
1290 1290 1291 
1291 1291 1292 
1292 1292 1293 
1293 1293 1294 
1294 1294 1295 
1295 1295 1296 
1296 1296 1297 
1297 1297 1298 
1298 1298 1299 
1299 1299 1300 
1300 1300 1301 
1301 1301 1302 
1302 1302 1303 
1303 1303 1304 
1304 1304 1305 
1305 1305 1306 
1306 1306 1307 
1307 1307 1308 
1308 1308 1309 
1309 1309 1310 
1310 1310 1311 
1311 1311 1312 
1312 1312 1313 
1313 1313 1314 
1314 1314 1315 
1315 1315 1316 
1316 1316 1317 
1317 1317 1318 
1318 1318 1319 
1319 1319 1320 
1320 1320 1321 
1321 1321 1322 
1322 1322 1323 
1323 1323 1324 
1324 1324 1325 
1325 1325 1326 
1326 1326 1327 
1327 1327 1328 
1328 1328 1329 
1329 1329 1330 
1330 1330 1331 
1331 1331 1332 
1332 1332 1333 
1333 1333 1334 
1334 1334 1335 
1335 1335 1336 
1336 1336 1337 
1337 1337 1338 
1338 1338 1339 
1339 1339 1340 
1340 1340 1341 
1341 1341 1342 
1342 1342 1343 
1343 1343 1344 
1344 1344 1345 
1345 1345 1346 
1346 1346 1347 
1347 1347 1348 
1348 1348 1349 
1349 1349 1350 
1350 1350 1351 
1351 1351 1352 
1352 1352 1353 
1353 1353 1354 
1354 1354 1355 
1355 1355 1356 
1356 1356 1357 
1357 1357 1358 
1358 1358 1359 
1359 1359 1360 
1360 1360 1361 
1361 1361 1362 
1362 1362 1363 
1363 1363 1364 
1364 1364 1365 
1365 1365 1366 
1366 1366 1367 
1367 1367 1368 
1368 1368 1369 
1369 1369 1370 
1370 1370 1371 
1371 1371 1372 
1372 1372 1373 
1373 1373 1374 
1374 1374 1375 
1375 1375 1376 
1376 1376 1377 
1377 1377 1378 
1378 1378 1379 
1379 1379 1380 
1380 1380 1381 
1381 1381 1382 
1382 1382 1383 
1383 1383 1384 
1384 1384 1385 
1385 1385 1386 
1386 1386 1387 
1387 1387 1388 
1388 1388 1389 
1389 1389 1390 
1390 1390 1391 
1391 1391 1392 
1392 1392 1393 
1393 1393 1394 
1394 1394 1395 
1395 1395 1396 
1396 1396 1397 
1397 1397 1398 
1398 1398 1399 
1399 1399 1400 
1400 1400 1401 
1401 1401 1402 
1402 1402 1403 
1403 1403 1404 
1404 1404 1405 
1405 1405 1406 
1406 1406 1407 
1407 1407 1408 
1408 1408 1409 
1409 1409 1410 
1410 1410 1411 
1411 1411 1412 
1412 1412 1413 
1413 1413 1414 
1414 1414 1415 
1415 1415 1416 
1416 1416 1417 
1417 1417 1418 
1418 1418 1419 
1419 1419 1420 
1420 1420 1421 
1421 1421 1422 
1422 1422 1423 
1423 1423 1424 
1424 1424 1425 
1425 1425 1426 
1426 1426 1427 
1427 1427 1428 
1428 1428 1429 
1429 1429 1430 
1430 1430 1431 
1431 1431 1432 
1432 1432 1433 
1433 1433 1434 
1434 1434 1435 
1435 1435 1436 
1436 1436 1437 
1437 1437 1438 
1438 1438 1439 
1439 1439 1440 
1440 1440 1441 
1441 1441 1442 
1442 1442 1443 
1443 1443 1444 
1444 1444 1445 
1445 1445 1446 
1446 1446 1447 
1447 1447 1448 
1448 1448 1449 
1449 1449 1450 
1450 1450 1451 
1451 1451 1452 
1452 1452 1453 
1453 1453 1454 
1454 1454 1455 
1455 1455 1456 
1456 1456 1457 
1457 1457 1458 
1458 1458 1459 
1459 1459 1460 
1460 1460 1461 
1461 1461 1462 
1462 1462 1463 
1463 1463 1464 
1464 1464 1465 
1465 1465 1466 
1466 1466 1467 
1467 1467 1468 
1468 1468 1469 
1469 1469 1470 
1470 1470 1471 
1471 1471 1472 
1472 1472 1473 
1473 1473 1474 
1474 1474 1475 
1475 1475 1476 
1476 1476 1477 
1477 1477 1478 
1478 1478 1479 
1479 1479 1480 
1480 1480 1481 
1481 1481 1482 
1482 1482 1483 
1483 1483 1484 
1484 1484 1485 
1485 1485 1486 
1486 1486 1487 
1487 1487 1488 
1488 1488 1489 
1489 1489 1490 
1490 1490 1491 
1491 1491 1492 
1492 1492 1493 
1493 1493 1494 
1494 1494 1495 
1495 1495 1496 
1496 1496 1497 
1497 1497 1498 
1498 1498 1499 
1499 1499 1500 
1500 1500 1501 
1501 1501 1502 
1502 1502 1503 
1503 1503 1504 
1504 1504 1505 
1505 1505 1506 
1506 1506 1507 
1507 1507 1508 
1508 1508 1509 
1509 1509 1510 
1510 1510 1511 
1511 1511 1512 
1512 1512 1513 
1513 1513 1514 
1514 1514 1515 
1515 1515 1516 
1516 1516 1517 
1517 1517 1518 
1518 1518 1519 
1519 1519 1520 
1520 1520 1521 
1521 1521 1522 
1522 1522 1523 
1523 1523 1524 
1524 1524 1525 
1525 1525 1526 
1526 1526 1527 
1527 1527 1528 
1528 1528 1529 
1529 1529 1530 
1530 1530 1531 
1531 1531 1532 
1532 1532 1533 
1533 1533 1534 
1534 1534 1535 
1535 1535 1536 
1536 1536 1537 
1537 1537 1538 
1538 1538 1539 
1539 1539 1540 
1540 1540 1541 
1541 1541 1542 
1542 1542 1543 
1543 1543 1544 
1544 1544 1545 
1545 1545 1546 
1546 1546 1547 
1547 1547 1548 
1548 1548 1549 
1549 1549 1550 
1550 1550 1551 
1551 1551 1552 
1552 1552 1553 
1553 1553 1554 
1554 1554 1555 
1555 1555 1556 
1556 1556 1557 
1557 1557 1558 
1558 1558 1559 
1559 1559 1560 
1560 1560 1561 
1561 1561 1562 
1562 1562 1563 
1563 1563 1564 
1564 1564 1565 
1565 1565 1566 
1566 1566 1567 
1567 1567 1568 
1568 1568 1569 
1569 1569 1570 
1570 1570 1571 
1571 1571 1572 
1572 1572 1573 
1573 1573 1574 
1574 1574 1575 
1575 1575 1576 
1576 1576 1577 
1577 1577 1578 
1578 1578 1579 
1579 1579 1580 
1580 1580 1581 
1581 1581 1582 
1582 1582 1583 
1583 1583 1584 
1584 1584 1585 
1585 1585 1586 
1586 1586 1587 
1587 1587 1588 
1588 1588 1589 
1589 1589 1590 
1590 1590 1591 
1591 1591 1592 
1592 1592 1593 
1593 1593 1594 
1594 1594 1595 
1595 1595 1596 
1596 1596 1597 
1597 1597 1598 
1598 1598 1599 
1599 1599 1600 
1600 1600 1601 
1601 1601 1602 
1602 1602 1603 
1603 1603 1604 
1604 1604 1605 
1605 1605 1606 
1606 1606 1607 
1607 1607 1608 
1608 1608 1609 
1609 1609 1610 
1610 1610 1611 
1611 1611 1612 
1612 1612 1613 
1613 1613 1614 
1614 1614 1615 
1615 1615 1616 
1616 1616 1617 
1617 1617 1618 
1618 1618 1619 
1619 1619 1620 
1620 1620 1621 
1621 1621 1622 
1622 1622 1623 
1623 1623 1624 
1624 1624 1625 
1625 1625 1626 
1626 1626 1627 
1627 1627 1628 
1628 1628 1629 
1629 1629 1630 
1630 1630 1631 
1631 1631 1632 
1632 1632 1633 
1633 1633 1634 
1634 1634 1635 
1635 1635 1636 
1636 1636 1637 
1637 1637 1638 
1638 1638 1639 
1639 1639 1640 
1640 1640 1641 
1641 1641 1642 
1642 1642 1643 
1643 1643 1644 
1644 1644 1645 
1645 1645 1646 
1646 1646 1647 
1647 1647 1648 
1648 1648 1649 
1649 1649 1650 
1650 1650 1651 
1651 1651 1652 
1652 1652 1653 
1653 1653 1654 
1654 1654 1655 
1655 1655 1656 
1656 1656 1657 
1657 1657 1658 
1658 1658 1659 
1659 1659 1660 
1660 1660 1661 
1661 1661 1662 
1662 1662 1663 
1663 1663 1664 
1664 1664 1665 
1665 1665 1666 
1666 1666 1667 
1667 1667 1668 
1668 1668 1669 
1669 1669 1670 
1670 1670 1671 
1671 1671 1672 
1672 1672 1673 
1673 1673 1674 
1674 1674 1675 
1675 1675 1676 
1676 1676 1677 
1677 1677 1678 
1678 1678 1679 
1679 1679 1680 
1680 1680 1681 
1681 1681 1682 
1682 1682 1683 
1683 1683 1684 
1684 1684 1685 
1685 1685 1686 
1686 1686 1687 
1687 1687 1688 
1688 1688 1689 
1689 1689 1690 
1690 1690 1691 
1691 1691 1692 
1692 1692 1693 
1693 1693 1694 
1694 1694 1695 
1695 1695 1696 
1696 1696 1697 
1697 1697 1698 
1698 1698 1699 
1699 1699 1700 
1700 1700 1701 
1701 1701 1702 
1702 1702 1703 
1703 1703 1704 
1704 1704 1705 
1705 1705 1706 
1706 1706 1707 
1707 1707 1708 
1708 1708 1709 
1709 1709 1710 
1710 1710 1711 
1711 1711 1712 
1712 1712 1713 
1713 1713 1714 
1714 1714 1715 
1715 1715 1716 
1716 1716 1717 
1717 1717 1718 
1718 1718 1719 
1719 1719 1720 
1720 1720 1721 
1721 1721 1722 
1722 1722 1723 
1723 1723 1724 
1724 1724 1725 
1725 1725 1726 
1726 1726 1727 
1727 1727 1728 
1728 1728 1729 
1729 1729 1730 
1730 1730 1731 
1731 1731 1732 
1732 1732 1733 
1733 1733 1734 
1734 1734 1735 
1735 1735 1736 
1736 1736 1737 
1737 1737 1738 
1738 1738 1739 
1739 1739 1740 
1740 1740 1741 
1741 1741 1742 
1742 1742 1743 
1743 1743 1744 
1744 1744 1745 
1745 1745 1746 
1746 1746 1747 
1747 1747 1748 
1748 1748 1749 
1749 1749 1750 
1750 1750 1751 
1751 1751 1752 
1752 1752 1753 
1753 1753 1754 
1754 1754 1755 
1755 1755 1756 
1756 1756 1757 
1757 1757 1758 
1758 1758 1759 
1759 1759 1760 
1760 1760 1761 
1761 1761 1762 
1762 1762 1763 
1763 1763 1764 
1764 1764 1765 
1765 1765 1766 
1766 1766 1767 
1767 1767 1768 
1768 1768 1769 
1769 1769 1770 
1770 1770 1771 
1771 1771 1772 
1772 1772 1773 
1773 1773 1774 
1774 1774 1775 
1775 1775 1776 
1776 1776 1777 
1777 1777 1778 
1778 1778 1779 
1779 1779 1780 
1780 1780 1781 
1781 1781 1782 
1782 1782 1783 
1783 1783 1784 
1784 1784 1785 
1785 1785 1786 
1786 1786 1787 
1787 1787 1788 
1788 1788 1789 
1789 1789 1790 
1790 1790 1791 
1791 1791 1792 
1792 1792 1793 
1793 1793 1794 
1794 1794 1795 
1795 1795 1796 
1796 1796 1797 
1797 1797 1798 
1798 1798 1799 
1799 1799 1800 
1800 1800 1801 
1801 1801 1802 
1802 1802 1803 
1803 1803 1804 
1804 1804 1805 
1805 1805 1806 
1806 1806 1807 
1807 1807 1808 
1808 1808 1809 
1809 1809 1810 
1810 1810 1811 
1811 1811 1812 
1812 1812 1813 
1813 1813 1814 
1814 1814 1815 
1815 1815 1816 
1816 1816 1817 
1817 1817 1818 
1818 1818 1819 
1819 1819 1820 
1820 1820 1821 
1821 1821 1822 
1822 1822 1823 
1823 1823 1824 
1824 1824 1825 
1825 1825 1826 
1826 1826 1827 
1827 1827 1828 
1828 1828 1829 
1829 1829 1830 
1830 1830 1831 
1831 1831 1832 
1832 1832 1833 
1833 1833 1834 
1834 1834 1835 
1835 1835 1836 
1836 1836 1837 
1837 1837 1838 
1838 1838 1839 
1839 1839 1840 
1840 1840 1841 
1841 1841 1842 
1842 1842 1843 
1843 1843 1844 
1844 1844 1845 
1845 1845 1846 
1846 1846 1847 
1847 1847 1848 
1848 1848 1849 
1849 1849 1850 
1850 1850 1851 
1851 1851 1852 
1852 1852 1853 
1853 1853 1854 
1854 1854 1855 
1855 1855 1856 
1856 1856 1857 
1857 1857 1858 
1858 1858 1859 
1859 1859 1860 
1860 1860 1861 
1861 1861 1862 
1862 1862 1863 
1863 1863 1864 
1864 1864 1865 
1865 1865 1866 
1866 1866 1867 
1867 1867 1868 
1868 1868 1869 
1869 1869 1870 
1870 1870 1871 
1871 1871 1872 
1872 1872 1873 
1873 1873 1874 
1874 1874 1875 
1875 1875 1876 
1876 1876 1877 
1877 1877 1878 
1878 1878 1879 
1879 1879 1880 
1880 1880 1881 
1881 1881 1882 
1882 1882 1883 
1883 1883 1884 
1884 1884 1885 
1885 1885 1886 
1886 1886 1887 
1887 1887 1888 
1888 1888 1889 
1889 1889 1890 
1890 1890 1891 
1891 1891 1892 
1892 1892 1893 
1893 1893 1894 
1894 1894 1895 
1895 1895 1896 
1896 1896 1897 
1897 1897 1898 
1898 1898 1899 
1899 1899 1900 
1900 1900 1901 
1901 1901 1902 
1902 1902 1903 
1903 1903 1904 
1904 1904 1905 
1905 1905 1906 
1906 1906 1907 
1907 1907 1908 
1908 1908 1909 
1909 1909 1910 
1910 1910 1911 
1911 1911 1912 
1912 1912 1913 
1913 1913 1914 
1914 1914 1915 
1915 1915 1916 
1916 1916 1917 
1917 1917 1918 
1918 1918 1919 
1919 1919 1920 
1920 1920 1921 
1921 1921 1922 
1922 1922 1923 
1923 1923 1924 
1924 1924 1925 
1925 1925 1926 
1926 1926 1927 
1927 1927 1928 
1928 1928 1929 
1929 1929 1930 
1930 1930 1931 
1931 1931 1932 
1932 1932 1933 
1933 1933 1934 
1934 1934 1935 
1935 1935 1936 
1936 1936 1937 
1937 1937 1938 
1938 1938 1939 
1939 1939 1940 
1940 1940 1941 
1941 1941 1942 
1942 1942 1943 
1943 1943 1944 
1944 1944 1945 
1945 1945 1946 
1946 1946 1947 
1947 1947 1948 
1948 1948 1949 
1949 1949 1950 
1950 1950 1951 
1951 1951 1952 
1952 1952 1953 
1953 1953 1954 
1954 1954 1955 
1955 1955 1956 
1956 1956 1957 
1957 1957 1958 
1958 1958 1959 
1959 1959 1960 
1960 1960 1961 
1961 1961 1962 
1962 1962 1963 
1963 1963 1964 
1964 1964 1965 
1965 1965 1966 
1966 1966 1967 
1967 1967 1968 
1968 1968 1969 
1969 1969 1970 
1970 1970 1971 
1971 1971 1972 
1972 1972 1973 
1973 1973 1974 
1974 1974 1975 
1975 1975 1976 
1976 1976 1977 
1977 1977 1978 
1978 1978 1979 
1979 1979 1980 
1980 1980 1981 
1981 1981 1982 
1982 1982 1983 
1983 1983 1984 
1984 1984 1985 
1985 1985 1986 
1986 1986 1987 
1987 1987 1988 
1988 1988 1989 
1989 1989 1990 
1990 1990 1991 
1991 1991 1992 
1992 1992 1993 
1993 1993 1994 
1994 1994 1995 
1995 1995 1996 
1996 1996 1997 
1997 1997 1998 
1998 1998 1999 
1999 1999 2000 
2000 2000 2001 
2001 2001 2002 
2002 2002 2003 
2003 2003 2004 
2004 2004 2005 
2005 2005 2006 
2006 2006 2007 
2007 2007 2008 
2008 2008 2009 
2009 2009 2010 
2010 2010 2011 
2011 2011 2012 
2012 2012 2013 
2013 2013 2014 
2014 2014 2015 
2015 2015 2016 
2016 2016 2017 
2017 2017 2018 
2018 2018 2019 
2019 2019 2020 
2020 2020 2021 
2021 2021 2022 
2022 2022 2023 
2023 2023 2024 
2024 2024 2025 
2025 2025 2026 
2026 2026 2027 
2027 2027 2028 
2028 2028 2029 
2029 2029 2030 
2030 2030 2031 
2031 2031 2032 
2032 2032 2033 
2033 2033 2034 
2034 2034 2035 
2035 2035 2036 
2036 2036 2037 
2037 2037 2038 
2038 2038 2039 
2039 2039 2040 
2040 2040 2041 
2041 2041 2042 
2042 2042 2043 
2043 2043 2044 
2044 2044 2045 
2045 2045 2046 
2046 2046 2047 
2047 2047 2048 
2048 2048 2049 
2049 2049 2050 
2050 2050 2051 
2051 2051 2052 
2052 2052 2053 
2053 2053 2054 
2054 2054 2055 
2055 2055 2056 
2056 2056 2057 
2057 2057 2058 
2058 2058 2059 
2059 2059 2060 
2060 2060 2061 
2061 2061 2062 
2062 2062 2063 
2063 2063 2064 
2064 2064 2065 
2065 2065 2066 
2066 2066 2067 
2067 2067 2068 
2068 2068 2069 
2069 2069 2070 
2070 2070 2071 
2071 2071 2072 
2072 2072 2073 
2073 2073 2074 
2074 2074 2075 
2075 2075 2076 
2076 2076 2077 
2077 2077 2078 
2078 2078 2079 
2079 2079 2080 
2080 2080 2081 
2081 2081 2082 
2082 2082 2083 
2083 2083 2084 
2084 2084 2085 
2085 2085 2086 
2086 2086 2087 
2087 2087 2088 
2088 2088 2089 
2089 2089 2090 
2090 2090 2091 
2091 2091 2092 
2092 2092 2093 
2093 2093 2094 
2094 2094 2095 
2095 2095 2096 
2096 2096 2097 
2097 2097 2098 
2098 2098 2099 
2099 2099 2100 
2100 2100 2101 
2101 2101 2102 
2102 2102 2103 
2103 2103 2104 
2104 2104 2105 
2105 2105 2106 
2106 2106 2107 
2107 2107 2108 
2108 2108 2109 
2109 2109 2110 
2110 2110 2111 
2111 2111 2112 
2112 2112 2113 
2113 2113 2114 
2114 2114 2115 
2115 2115 2116 
2116 2116 2117 
2117 2117 2118 
2118 2118 2119 
2119 2119 2120 
2120 2120 2121 
2121 2121 2122 
2122 2122 2123 
2123 2123 2124 
2124 2124 2125 
2125 2125 2126 
2126 2126 2127 
2127 2127 2128 
2128 2128 2129 
2129 2129 2130 
2130 2130 2131 
2131 2131 2132 
2132 2132 2133 
2133 2133 2134 
2134 2134 2135 
2135 2135 2136 
2136 2136 2137 
2137 2137 2138 
2138 2138 2139 
2139 2139 2140 
2140 2140 2141 
2141 2141 2142 
2142 2142 2143 
2143 2143 2144 
2144 2144 2145 
2145 2145 2146 
2146 2146 2147 
2147 2147 2148 
2148 2148 2149 
2149 2149 2150 
2150 2150 2151 
2151 2151 2152 
2152 2152 2153 
2153 2153 2154 
2154 2154 2155 
2155 2155 2156 
2156 2156 2157 
2157 2157 2158 
2158 2158 2159 
2159 2159 2160 
2160 2160 2161 
2161 2161 2162 
2162 2162 2163 
2163 2163 2164 
2164 2164 2165 
2165 2165 2166 
2166 2166 2167 
2167 2167 2168 
2168 2168 2169 
2169 2169 2170 
2170 2170 2171 
2171 2171 2172 
2172 2172 2173 
2173 2173 2174 
2174 2174 2175 
2175 2175 2176 
2176 2176 2177 
2177 2177 2178 
2178 2178 2179 
2179 2179 2180 
2180 2180 2181 
2181 2181 2182 
2182 2182 2183 
2183 2183 2184 
2184 2184 2185 
2185 2185 2186 
2186 2186 2187 
2187 2187 2188 
2188 2188 2189 
2189 2189 2190 
2190 2190 2191 
2191 2191 2192 
2192 2192 2193 
2193 2193 2194 
2194 2194 2195 
2195 2195 2196 
2196 2196 2197 
2197 2197 2198 
2198 2198 2199 
2199 2199 2200 
2200 2200 2201 
2201 2201 2202 
2202 2202 2203 
2203 2203 2204 
2204 2204 2205 
2205 2205 2206 
2206 2206 2207 
2207 2207 2208 
2208 2208 2209 
2209 2209 2210 
2210 2210 2211 
2211 2211 2212 
2212 2212 2213 
2213 2213 2214 
2214 2214 2215 
2215 2215 2216 
2216 2216 2217 
2217 2217 2218 
2218 2218 2219 
2219 2219 2220 
2220 2220 2221 
2221 2221 2222 
2222 2222 2223 
2223 2223 2224 
2224 2224 2225 
2225 2225 2226 
2226 2226 2227 
2227 2227 2228 
2228 2228 2229 
2229 2229 2230 
2230 2230 2231 
2231 2231 2232 
2232 2232 2233 
2233 2233 2234 
2234 2234 2235 
2235 2235 2236 
2236 2236 2237 
2237 2237 2238 
2238 2238 2239 
2239 2239 2240 
2240 2240 2241 
2241 2241 2242 
2242 2242 2243 
2243 2243 2244 
2244 2244 2245 
2245 2245 2246 
2246 2246 2247 
2247 2247 2248 
2248 2248 2249 
2249 2249 2250 
2250 2250 2251 
2251 2251 2252 
2252 2252 2253 
2253 2253 2254 
2254 2254 2255 
2255 2255 2256 
2256 2256 2257 
2257 2257 2258 
2258 2258 2259 
2259 2259 2260 
2260 2260 2261 
2261 2261 2262 
2262 2262 2263 
2263 2263 2264 
2264 2264 2265 
2265 2265 2266 
2266 2266 2267 
2267 2267 2268 
2268 2268 2269 
2269 2269 2270 
2270 2270 2271 
2271 2271 2272 
2272 2272 2273 
2273 2273 2274 
2274 2274 2275 
2275 2275 2276 
2276 2276 2277 
2277 2277 2278 
2278 2278 2279 
2279 2279 2280 
2280 2280 2281 
2281 2281 2282 
2282 2282 2283 
2283 2283 2284 
2284 2284 2285 
2285 2285 2286 
2286 2286 2287 
2287 2287 2288 
2288 2288 2289 
2289 2289 2290 
2290 2290 2291 
2291 2291 2292 
2292 2292 2293 
2293 2293 2294 
2294 2294 2295 
2295 2295 2296 
2296 2296 2297 
2297 2297 2298 
2298 2298 2299 
2299 2299 2300 
2300 2300 2301 
2301 2301 2302 
2302 2302 2303 
2303 2303 2304 
2304 2304 2305 
2305 2305 2306 
2306 2306 2307 
2307 2307 2308 
2308 2308 2309 
2309 2309 2310 
2310 2310 2311 
2311 2311 2312 
2312 2312 2313 
2313 2313 2314 
2314 2314 2315 
2315 2315 2316 
2316 2316 2317 
2317 2317 2318 
2318 2318 2319 
2319 2319 2320 
2320 2320 2321 
2321 2321 2322 
2322 2322 2323 
2323 2323 2324 
2324 2324 2325 
2325 2325 2326 
2326 2326 2327 
2327 2327 2328 
2328 2328 2329 
2329 2329 2330 
2330 2330 2331 
2331 2331 2332 
2332 2332 2333 
2333 2333 2334 
2334 2334 2335 
2335 2335 2336 
2336 2336 2337 
2337 2337 2338 
2338 2338 2339 
2339 2339 2340 
2340 2340 2341 
2341 2341 2342 
2342 2342 2343 
2343 2343 2344 
2344 2344 2345 
2345 2345 2346 
2346 2346 2347 
2347 2347 2348 
2348 2348 2349 
2349 2349 2350 
2350 2350 2351 
2351 2351 2352 
2352 2352 2353 
2353 2353 2354 
2354 2354 2355 
2355 2355 2356 
2356 2356 2357 
2357 2357 2358 
2358 2358 2359 
2359 2359 2360 
2360 2360 2361 
2361 2361 2362 
2362 2362 2363 
2363 2363 2364 
2364 2364 2365 
2365 2365 2366 
2366 2366 2367 
2367 2367 2368 
2368 2368 2369 
2369 2369 2370 
2370 2370 2371 
2371 2371 2372 
2372 2372 2373 
2373 2373 2374 
2374 2374 2375 
2375 2375 2376 
2376 2376 2377 
2377 2377 2378 
2378 2378 2379 
2379 2379 2380 
2380 2380 2381 
2381 2381 2382 
2382 2382 2383 
2383 2383 2384 
2384 2384 2385 
2385 2385 2386 
2386 2386 2387 
2387 2387 2388 
2388 2388 2389 
2389 2389 2390 
2390 2390 2391 
2391 2391 2392 
2392 2392 2393 
2393 2393 2394 
2394 2394 2395 
2395 2395 2396 
2396 2396 2397 
2397 2397 2398 
2398 2398 2399 
2399 2399 2400 
2400 2400 2401 
2401 2401 2402 
2402 2402 2403 
2403 2403 2404 
2404 2404 2405 
2405 2405 2406 
2406 2406 2407 
2407 2407 2408 
2408 2408 2409 
2409 2409 2410 
2410 2410 2411 
2411 2411 2412 
2412 2412 2413 
2413 2413 2414 
2414 2414 2415 
2415 2415 2416 
2416 2416 2417 
2417 2417 2418 
2418 2418 2419 
2419 2419 2420 
2420 2420 2421 
2421 2421 2422 
2422 2422 2423 
2423 2423 2424 
2424 2424 2425 
2425 2425 2426 
2426 2426 2427 
2427 2427 2428 
2428 2428 2429 
2429 2429 2430 
2430 2430 2431 
2431 2431 2432 
2432 2432 2433 
2433 2433 2434 
2434 2434 2435 
2435 2435 2436 
2436 2436 2437 
2437 2437 2438 
2438 2438 2439 
2439 2439 2440 
2440 2440 2441 
2441 2441 2442 
2442 2442 2443 
2443 2443 2444 
2444 2444 2445 
2445 2445 2446 
2446 2446 2447 
2447 2447 2448 
2448 2448 2449 
2449 2449 2450 
2450 2450 2451 
2451 2451 2452 
2452 2452 2453 
2453 2453 2454 
2454 2454 2455 
2455 2455 2456 
2456 2456 2457 
2457 2457 2458 
2458 2458 2459 
2459 2459 2460 
2460 2460 2461 
2461 2461 2462 
2462 2462 2463 
2463 2463 2464 
2464 2464 2465 
2465 2465 2466 
2466 2466 2467 
2467 2467 2468 
2468 2468 2469 
2469 2469 2470 
2470 2470 2471 
2471 2471 2472 
2472 2472 2473 
2473 2473 2474 
2474 2474 2475 
2475 2475 2476 
2476 2476 2477 
2477 2477 2478 
2478 2478 2479 
2479 2479 2480 
2480 2480 2481 
2481 2481 2482 
2482 2482 2483 
2483 2483 2484 
2484 2484 2485 
2485 2485 2486 
2486 2486 2487 
2487 2487 2488 
2488 2488 2489 
2489 2489 2490 
2490 2490 2491 
2491 2491 2492 
2492 2492 2493 
2493 2493 2494 
2494 2494 2495 
2495 2495 2496 
2496 2496 2497 
2497 2497 2498 
2498 2498 2499 
2499 2499 2500 
2500 2500 2501 
2501 2501 2502 
2502 2502 2503 
2503 2503 2504 
2504 2504 2505 
2505 2505 2506 
2506 2506 2507 
2507 2507 2508 
2508 2508 2509 
2509 2509 2510 
2510 2510 2511 
2511 2511 2512 
2512 2512 2513 
2513 2513 2514 
2514 2514 2515 
2515 2515 2516 
2516 2516 2517 
2517 2517 2518 
2518 2518 2519 
2519 2519 2520 
2520 2520 2521 
2521 2521 2522 
2522 2522 2523 
2523 2523 2524 
2524 2524 2525 
2525 2525 2526 
2526 2526 2527 
2527 2527 2528 
2528 2528 2529 
2529 2529 2530 
2530 2530 2531 
2531 2531 2532 
2532 2532 2533 
2533 2533 2534 
2534 2534 2535 
2535 2535 2536 
2536 2536 2537 
2537 2537 2538 
2538 2538 2539 
2539 2539 2540 
2540 2540 2541 
2541 2541 2542 
2542 2542 2543 
2543 2543 2544 
2544 2544 2545 
2545 2545 2546 
2546 2546 2547 
2547 2547 2548 
2548 2548 2549 
2549 2549 2550 
2550 2550 2551 
2551 2551 2552 
2552 2552 2553 
2553 2553 2554 
2554 2554 2555 
2555 2555 2556 
2556 2556 2557 
2557 2557 2558 
2558 2558 2559 
2559 2559 2560 
2560 2560 2561 
2561 2561 2562 
2562 2562 2563 
2563 2563 2564 
2564 2564 2565 
2565 2565 2566 
2566 2566 2567 
2567 2567 2568 
2568 2568 2569 
2569 2569 2570 
2570 2570 2571 
2571 2571 2572 
2572 2572 2573 
2573 2573 2574 
2574 2574 2575 
2575 2575 2576 
2576 2576 2577 
2577 2577 2578 
2578 2578 2579 
2579 2579 2580 
2580 2580 2581 
2581 2581 2582 
2582 2582 2583 
2583 2583 2584 
2584 2584 2585 
2585 2585 2586 
2586 2586 2587 
2587 2587 2588 
2588 2588 2589 
2589 2589 2590 
2590 2590 2591 
2591 2591 2592 
2592 2592 2593 
2593 2593 2594 
2594 2594 2595 
2595 2595 2596 
2596 2596 2597 
2597 2597 2598 
2598 2598 2599 
2599 2599 2600 
2600 2600 2601 
2601 2601 2602 
2602 2602 2603 
2603 2603 2604 
2604 2604 2605 
2605 2605 2606 
2606 2606 2607 
2607 2607 2608 
2608 2608 2609 
2609 2609 2610 
2610 2610 2611 
2611 2611 2612 
2612 2612 2613 
2613 2613 2614 
2614 2614 2615 
2615 2615 2616 
2616 2616 2617 
2617 2617 2618 
2618 2618 2619 
2619 2619 2620 
2620 2620 2621 
2621 2621 2622 
2622 2622 2623 
2623 2623 2624 
2624 2624 2625 
2625 2625 2626 
2626 2626 2627 
2627 2627 2628 
2628 2628 2629 
2629 2629 2630 
2630 2630 2631 
2631 2631 2632 
2632 2632 2633 
2633 2633 2634 
2634 2634 2635 
2635 2635 2636 
2636 2636 2637 
2637 2637 2638 
2638 2638 2639 
2639 2639 2640 
2640 2640 2641 
2641 2641 2642 
2642 2642 2643 
2643 2643 2644 
2644 2644 2645 
2645 2645 2646 
2646 2646 2647 
2647 2647 2648 
2648 2648 2649 
2649 2649 2650 
2650 2650 2651 
2651 2651 2652 
2652 2652 2653 
2653 2653 2654 
2654 2654 2655 
2655 2655 2656 
2656 2656 2657 
2657 2657 2658 
2658 2658 2659 
2659 2659 2660 
2660 2660 2661 
2661 2661 2662 
2662 2662 2663 
2663 2663 2664 
2664 2664 2665 
2665 2665 2666 
2666 2666 2667 
2667 2667 2668 
2668 2668 2669 
2669 2669 2670 
2670 2670 2671 
2671 2671 2672 
2672 2672 2673 
2673 2673 2674 
2674 2674 2675 
2675 2675 2676 
2676 2676 2677 
2677 2677 2678 
2678 2678 2679 
2679 2679 2680 
2680 2680 2681 
2681 2681 2682 
2682 2682 2683 
2683 2683 2684 
2684 2684 2685 
2685 2685 2686 
2686 2686 2687 
2687 2687 2688 
2688 2688 2689 
2689 2689 2690 
2690 2690 2691 
2691 2691 2692 
2692 2692 2693 
2693 2693 2694 
2694 2694 2695 
2695 2695 2696 
2696 2696 2697 
2697 2697 2698 
2698 2698 2699 
2699 2699 2700 
2700 2700 2701 
2701 2701 2702 
2702 2702 2703 
2703 2703 2704 
2704 2704 2705 
2705 2705 2706 
2706 2706 2707 
2707 2707 2708 
2708 2708 2709 
2709 2709 2710 
2710 2710 2711 
2711 2711 2712 
2712 2712 2713 
2713 2713 2714 
2714 2714 2715 
2715 2715 2716 
2716 2716 2717 
2717 2717 2718 
2718 2718 2719 
2719 2719 2720 
2720 2720 2721 
2721 2721 2722 
2722 2722 2723 
2723 2723 2724 
2724 2724 2725 
2725 2725 2726 
2726 2726 2727 
2727 2727 2728 
2728 2728 2729 
2729 2729 2730 
2730 2730 2731 
2731 2731 2732 
2732 2732 2733 
2733 2733 2734 
2734 2734 2735 
2735 2735 2736 
2736 2736 2737 
2737 2737 2738 
2738 2738 2739 
2739 2739 2740 
2740 2740 2741 
2741 2741 2742 
2742 2742 2743 
2743 2743 2744 
2744 2744 2745 
2745 2745 2746 
2746 2746 2747 
2747 2747 2748 
2748 2748 2749 
2749 2749 2750 
2750 2750 2751 
2751 2751 2752 
2752 2752 2753 
2753 2753 2754 
2754 2754 2755 
2755 2755 2756 
2756 2756 2757 
2757 2757 2758 
2758 2758 2759 
2759 2759 2760 
2760 2760 2761 
2761 2761 2762 
2762 2762 2763 
2763 2763 2764 
2764 2764 2765 
2765 2765 2766 
2766 2766 2767 
2767 2767 2768 
2768 2768 2769 
2769 2769 2770 
2770 2770 2771 
2771 2771 2772 
2772 2772 2773 
2773 2773 2774 
2774 2774 2775 
2775 2775 2776 
2776 2776 2777 
2777 2777 2778 
2778 2778 2779 
2779 2779 2780 
2780 2780 2781 
2781 2781 2782 
2782 2782 2783 
2783 2783 2784 
2784 2784 2785 
2785 2785 2786 
2786 2786 2787 
2787 2787 2788 
2788 2788 2789 
2789 2789 2790 
2790 2790 2791 
2791 2791 2792 
2792 2792 2793 
2793 2793 2794 
2794 2794 2795 
2795 2795 2796 
2796 2796 2797 
2797 2797 2798 
2798 2798 2799 
2799 2799 2800 
2800 2800 2801 
2801 2801 2802 
2802 2802 2803 
2803 2803 2804 
2804 2804 2805 
2805 2805 2806 
2806 2806 2807 
2807 2807 2808 
2808 2808 2809 
2809 2809 2810 
2810 2810 2811 
2811 2811 2812 
2812 2812 2813 
2813 2813 2814 
2814 2814 2815 
2815 2815 2816 
2816 2816 2817 
2817 2817 2818 
2818 2818 2819 
2819 2819 2820 
2820 2820 2821 
2821 2821 2822 
2822 2822 2823 
2823 2823 2824 
2824 2824 2825 
2825 2825 2826 
2826 2826 2827 
2827 2827 2828 
2828 2828 2829 
2829 2829 2830 
2830 2830 2831 
2831 2831 2832 
2832 2832 2833 
2833 2833 2834 
2834 2834 2835 
2835 2835 2836 
2836 2836 2837 
2837 2837 2838 
2838 2838 2839 
2839 2839 2840 
2840 2840 2841 
2841 2841 2842 
2842 2842 2843 
2843 2843 2844 
2844 2844 2845 
2845 2845 2846 
2846 2846 2847 
2847 2847 2848 
2848 2848 2849 
2849 2849 2850 
2850 2850 2851 
2851 2851 2852 
2852 2852 2853 
2853 2853 2854 
2854 2854 2855 
2855 2855 2856 
2856 2856 2857 
2857 2857 2858 
2858 2858 2859 
2859 2859 2860 
2860 2860 2861 
2861 2861 2862 
2862 2862 2863 
2863 2863 2864 
2864 2864 2865 
2865 2865 2866 
2866 2866 2867 
2867 2867 2868 
2868 2868 2869 
2869 2869 2870 
2870 2870 2871 
2871 2871 2872 
2872 2872 2873 
2873 2873 2874 
2874 2874 2875 
2875 2875 2876 
2876 2876 2877 
2877 2877 2878 
2878 2878 2879 
2879 2879 2880 
2880 2880 2881 
2881 2881 2882 
2882 2882 2883 
2883 2883 2884 
2884 2884 2885 
2885 2885 2886 
2886 2886 2887 
2887 2887 2888 
2888 2888 2889 
2889 2889 2890 
2890 2890 2891 
2891 2891 2892 
2892 2892 2893 
2893 2893 2894 
2894 2894 2895 
2895 2895 2896 
2896 2896 2897 
2897 2897 2898 
2898 2898 2899 
2899 2899 2900 
2900 2900 2901 
2901 2901 2902 
2902 2902 2903 
2903 2903 2904 
2904 2904 2905 
2905 2905 2906 
2906 2906 2907 
2907 2907 2908 
2908 2908 2909 
2909 2909 2910 
2910 2910 2911 
2911 2911 2912 
2912 2912 2913 
2913 2913 2914 
2914 2914 2915 
2915 2915 2916 
2916 2916 2917 
2917 2917 2918 
2918 2918 2919 
2919 2919 2920 
2920 2920 2921 
2921 2921 2922 
2922 2922 2923 
2923 2923 2924 
2924 2924 2925 
2925 2925 2926 
2926 2926 2927 
2927 2927 2928 
2928 2928 2929 
2929 2929 2930 
2930 2930 2931 
2931 2931 2932 
2932 2932 2933 
2933 2933 2934 
2934 2934 2935 
2935 2935 2936 
2936 2936 2937 
2937 2937 2938 
2938 2938 2939 
2939 2939 2940 
2940 2940 2941 
2941 2941 2942 
2942 2942 2943 
2943 2943 2944 
2944 2944 2945 
2945 2945 2946 
2946 2946 2947 
2947 2947 2948 
2948 2948 2949 
2949 2949 2950 
2950 2950 2951 
2951 2951 2952 
2952 2952 2953 
2953 2953 2954 
2954 2954 2955 
2955 2955 2956 
2956 2956 2957 
2957 2957 2958 
2958 2958 2959 
2959 2959 2960 
2960 2960 2961 
2961 2961 2962 
2962 2962 2963 
2963 2963 2964 
2964 2964 2965 
2965 2965 2966 
2966 2966 2967 
2967 2967 2968 
2968 2968 2969 
2969 2969 2970 
2970 2970 2971 
2971 2971 2972 
2972 2972 2973 
2973 2973 2974 
2974 2974 2975 
2975 2975 2976 
2976 2976 2977 
2977 2977 2978 
2978 2978 2979 
2979 2979 2980 
2980 2980 2981 
2981 2981 2982 
2982 2982 2983 
2983 2983 2984 
2984 2984 2985 
2985 2985 2986 
2986 2986 2987 
2987 2987 2988 
2988 2988 2989 
2989 2989 2990 
2990 2990 2991 
2991 2991 2992 
2992 2992 2993 
2993 2993 2994 
2994 2994 2995 
2995 2995 2996 
2996 2996 2997 
2997 2997 2998 
2998 2998 2999 
2999 2999 3000 
3000 3000 3001 
3001 3001 3002 
3002 3002 3003 
3003 3003 3004 
3004 3004 3005 
3005 3005 3006 
3006 3006 3007 
3007 3007 3008 
3008 3008 3009 
3009 3009 3010 
3010 3010 3011 
3011 3011 3012 
3012 3012 3013 
3013 3013 3014 
3014 3014 3015 
3015 3015 3016 
3016 3016 3017 
3017 3017 3018 
3018 3018 3019 
3019 3019 3020 
3020 3020 3021 
3021 3021 3022 
3022 3022 3023 
3023 3023 3024 
3024 3024 3025 
3025 3025 3026 
3026 3026 3027 
3027 3027 3028 
3028 3028 3029 
3029 3029 3030 
3030 3030 3031 
3031 3031 3032 
3032 3032 3033 
3033 3033 3034 
3034 3034 3035 
3035 3035 3036 
3036 3036 3037 
3037 3037 3038 
3038 3038 3039 
3039 3039 3040 
3040 3040 3041 
3041 3041 3042 
3042 3042 3043 
3043 3043 3044 
3044 3044 3045 
3045 3045 3046 
3046 3046 3047 
3047 3047 3048 
3048 3048 3049 
3049 3049 3050 
3050 3050 3051 
3051 3051 3052 
3052 3052 3053 
3053 3053 3054 
3054 3054 3055 
3055 3055 3056 
3056 3056 3057 
3057 3057 3058 
3058 3058 3059 
3059 3059 3060 
3060 3060 3061 
3061 3061 3062 
3062 3062 3063 
3063 3063 3064 
3064 3064 3065 
3065 3065 3066 
3066 3066 3067 
3067 3067 3068 
3068 3068 3069 
3069 3069 3070 
3070 3070 3071 
3071 3071 3072 
3072 3072 3073 
3073 3073 3074 
3074 3074 3075 
3075 3075 3076 
3076 3076 3077 
3077 3077 3078 
3078 3078 3079 
3079 3079 3080 
3080 3080 3081 
3081 3081 3082 
3082 3082 3083 
3083 3083 3084 
3084 3084 3085 
3085 3085 3086 
3086 3086 3087 
3087 3087 3088 
3088 3088 3089 
3089 3089 3090 
3090 3090 3091 
3091 3091 3092 
3092 3092 3093 
3093 3093 3094 
3094 3094 3095 
3095 3095 3096 
3096 3096 3097 
3097 3097 3098 
3098 3098 3099 
3099 3099 3100 
3100 3100 3101 
3101 3101 3102 
3102 3102 3103 
3103 3103 3104 
3104 3104 3105 
3105 3105 3106 
3106 3106 3107 
3107 3107 3108 
3108 3108 3109 
3109 3109 3110 
3110 3110 3111 
3111 3111 3112 
3112 3112 3113 
3113 3113 3114 
3114 3114 3115 
3115 3115 3116 
3116 3116 3117 
3117 3117 3118 
3118 3118 3119 
3119 3119 3120 
3120 3120 3121 
3121 3121 3122 
3122 3122 3123 
3123 3123 3124 
3124 3124 3125 
3125 3125 3126 
3126 3126 3127 
3127 3127 3128 
3128 3128 3129 
3129 3129 3130 
3130 3130 3131 
3131 3131 3132 
3132 3132 3133 
3133 3133 3134 
3134 3134 3135 
3135 3135 3136 
3136 3136 3137 
3137 3137 3138 
3138 3138 3139 
3139 3139 3140 
3140 3140 3141 
3141 3141 3142 
3142 3142 3143 
3143 3143 3144 
3144 3144 3145 
3145 3145 3146 
3146 3146 3147 
3147 3147 3148 
3148 3148 3149 
3149 3149 3150 
3150 3150 3151 
3151 3151 3152 
3152 3152 3153 
3153 3153 3154 
3154 3154 3155 
3155 3155 3156 
3156 3156 3157 
3157 3157 3158 
3158 3158 3159 
3159 3159 3160 
3160 3160 3161 
3161 3161 3162 
3162 3162 3163 
3163 3163 3164 
3164 3164 3165 
3165 3165 3166 
3166 3166 3167 
3167 3167 3168 
3168 3168 3169 
3169 3169 3170 
3170 3170 3171 
3171 3171 3172 
3172 3172 3173 
3173 3173 3174 
3174 3174 3175 
3175 3175 3176 
3176 3176 3177 
3177 3177 3178 
3178 3178 3179 
3179 3179 3180 
3180 3180 3181 
3181 3181 3182 
3182 3182 3183 
3183 3183 3184 
3184 3184 3185 
3185 3185 3186 
3186 3186 3187 
3187 3187 3188 
3188 3188 3189 
3189 3189 3190 
3190 3190 3191 
3191 3191 3192 
3192 3192 3193 
3193 3193 3194 
3194 3194 3195 
3195 3195 3196 
3196 3196 3197 
3197 3197 3198 
3198 3198 3199 
3199 3199 3200 
3200 3200 3201 
3201 3201 3202 
3202 3202 3203 
3203 3203 3204 
3204 3204 3205 
3205 3205 3206 
3206 3206 3207 
3207 3207 3208 
3208 3208 3209 
3209 3209 3210 
3210 3210 3211 
3211 3211 3212 
3212 3212 3213 
3213 3213 3214 
3214 3214 3215 
3215 3215 3216 
3216 3216 3217 
3217 3217 3218 
3218 3218 3219 
3219 3219 3220 
3220 3220 3221 
3221 3221 3222 
3222 3222 3223 
3223 3223 3224 
3224 3224 3225 
3225 3225 3226 
3226 3226 3227 
3227 3227 3228 
3228 3228 3229 
3229 3229 3230 
3230 3230 3231 
3231 3231 3232 
3232 3232 3233 
3233 3233 3234 
3234 3234 3235 
3235 3235 3236 
3236 3236 3237 
3237 3237 3238 
3238 3238 3239 
3239 3239 3240 
3240 3240 3241 
3241 3241 3242 
3242 3242 3243 
3243 3243 3244 
3244 3244 3245 
3245 3245 3246 
3246 3246 3247 
3247 3247 3248 
3248 3248 3249 
3249 3249 3250 
3250 3250 3251 
3251 3251 3252 
3252 3252 3253 
3253 3253 3254 
3254 3254 3255 
3255 3255 3256 
3256 3256 3257 
3257 3257 3258 
3258 3258 3259 
3259 3259 3260 
3260 3260 3261 
3261 3261 3262 
3262 3262 3263 
3263 3263 3264 
3264 3264 3265 
3265 3265 3266 
3266 3266 3267 
3267 3267 3268 
3268 3268 3269 
3269 3269 3270 
3270 3270 3271 
3271 3271 3272 
3272 3272 3273 
3273 3273 3274 
3274 3274 3275 
3275 3275 3276 
3276 3276 3277 
3277 3277 3278 
3278 3278 3279 
3279 3279 3280 
3280 3280 3281 
3281 3281 3282 
3282 3282 3283 
3283 3283 3284 
3284 3284 3285 
3285 3285 3286 
3286 3286 3287 
3287 3287 3288 
3288 3288 3289 
3289 3289 3290 
3290 3290 3291 
3291 3291 3292 
3292 3292 3293 
3293 3293 3294 
3294 3294 3295 
3295 3295 3296 
3296 3296 3297 
3297 3297 3298 
3298 3298 3299 
3299 3299 3300 
3300 3300 3301 
3301 3301 3302 
3302 3302 3303 
3303 3303 3304 
3304 3304 3305 
3305 3305 3306 
3306 3306 3307 
3307 3307 3308 
3308 3308 3309 
3309 3309 3310 
3310 3310 3311 
3311 3311 3312 
3312 3312 3313 
3313 3313 3314 
3314 3314 3315 
3315 3315 3316 
3316 3316 3317 
3317 3317 3318 
3318 3318 3319 
3319 3319 3320 
3320 3320 3321 
3321 3321 3322 
3322 3322 3323 
3323 3323 3324 
3324 3324 3325 
3325 3325 3326 
3326 3326 3327 
3327 3327 3328 
3328 3328 3329 
3329 3329 3330 
3330 3330 3331 
3331 3331 3332 
3332 3332 3333 
3333 3333 3334 
3334 3334 3335 
3335 3335 3336 
3336 3336 3337 
3337 3337 3338 
3338 3338 3339 
3339 3339 3340 
3340 3340 3341 
3341 3341 3342 
3342 3342 3343 
3343 3343 3344 
3344 3344 3345 
3345 3345 3346 
3346 3346 3347 
3347 3347 3348 
3348 3348 3349 
3349 3349 3350 
3350 3350 3351 
3351 3351 3352 
3352 3352 3353 
3353 3353 3354 
3354 3354 3355 
3355 3355 3356 
3356 3356 3357 
3357 3357 3358 
3358 3358 3359 
3359 3359 3360 
3360 3360 3361 
3361 3361 3362 
3362 3362 3363 
3363 3363 3364 
3364 3364 3365 
3365 3365 3366 
3366 3366 3367 
3367 3367 3368 
3368 3368 3369 
3369 3369 3370 
3370 3370 3371 
3371 3371 3372 
3372 3372 3373 
3373 3373 3374 
3374 3374 3375 
3375 3375 3376 
3376 3376 3377 
3377 3377 3378 
3378 3378 3379 
3379 3379 3380 
3380 3380 3381 
3381 3381 3382 
3382 3382 3383 
3383 3383 3384 
3384 3384 3385 
3385 3385 3386 
3386 3386 3387 
3387 3387 3388 
3388 3388 3389 
3389 3389 3390 
3390 3390 3391 
3391 3391 3392 
3392 3392 3393 
3393 3393 3394 
3394 3394 3395 
3395 3395 3396 
3396 3396 3397 
3397 3397 3398 
3398 3398 3399 
3399 3399 3400 
3400 3400 3401 
3401 3401 3402 
3402 3402 3403 
3403 3403 3404 
3404 3404 3405 
3405 3405 3406 
3406 3406 3407 
3407 3407 3408 
3408 3408 3409 
3409 3409 3410 
3410 3410 3411 
3411 3411 3412 
3412 3412 3413 
3413 3413 3414 
3414 3414 3415 
3415 3415 3416 
3416 3416 3417 
3417 3417 3418 
3418 3418 3419 
3419 3419 3420 
3420 3420 3421 
3421 3421 3422 
3422 3422 3423 
3423 3423 3424 
3424 3424 3425 
3425 3425 3426 
3426 3426 3427 
3427 3427 3428 
3428 3428 3429 
3429 3429 3430 
3430 3430 3431 
3431 3431 3432 
3432 3432 3433 
3433 3433 3434 
3434 3434 3435 
3435 3435 3436 
3436 3436 3437 
3437 3437 3438 
3438 3438 3439 
3439 3439 3440 
3440 3440 3441 
3441 3441 3442 
3442 3442 3443 
3443 3443 3444 
3444 3444 3445 
3445 3445 3446 
3446 3446 3447 
3447 3447 3448 
3448 3448 3449 
3449 3449 3450 
3450 3450 3451 
3451 3451 3452 
3452 3452 3453 
3453 3453 3454 
3454 3454 3455 
3455 3455 3456 
3456 3456 3457 
3457 3457 3458 
3458 3458 3459 
3459 3459 3460 
3460 3460 3461 
3461 3461 3462 
3462 3462 3463 
3463 3463 3464 
3464 3464 3465 
3465 3465 3466 
3466 3466 3467 
3467 3467 3468 
3468 3468 3469 
3469 3469 3470 
3470 3470 3471 
3471 3471 3472 
3472 3472 3473 
3473 3473 3474 
3474 3474 3475 
3475 3475 3476 
3476 3476 3477 
3477 3477 3478 
3478 3478 3479 
3479 3479 3480 
3480 3480 3481 
3481 3481 3482 
3482 3482 3483 
3483 3483 3484 
3484 3484 3485 
3485 3485 3486 
3486 3486 3487 
3487 3487 3488 
3488 3488 3489 
3489 3489 3490 
3490 3490 3491 
3491 3491 3492 
3492 3492 3493 
3493 3493 3494 
3494 3494 3495 
3495 3495 3496 
3496 3496 3497 
3497 3497 3498 
3498 3498 3499 
3499 3499 3500 
3500 3500 3501 
3501 3501 3502 
3502 3502 3503 
3503 3503 3504 
3504 3504 3505 
3505 3505 3506 
3506 3506 3507 
3507 3507 3508 
3508 3508 3509 
3509 3509 3510 
3510 3510 3511 
3511 3511 3512 
3512 3512 3513 
3513 3513 3514 
3514 3514 3515 
3515 3515 3516 
3516 3516 3517 
3517 3517 3518 
3518 3518 3519 
3519 3519 3520 
3520 3520 3521 
3521 3521 3522 
3522 3522 3523 
3523 3523 3524 
3524 3524 3525 
3525 3525 3526 
3526 3526 3527 
3527 3527 3528 
3528 3528 3529 
3529 3529 3530 
3530 3530 3531 
3531 3531 3532 
3532 3532 3533 
3533 3533 3534 
3534 3534 3535 
3535 3535 3536 
3536 3536 3537 
3537 3537 3538 
3538 3538 3539 
3539 3539 3540 
3540 3540 3541 
3541 3541 3542 
3542 3542 3543 
3543 3543 3544 
3544 3544 3545 
3545 3545 3546 
3546 3546 3547 
3547 3547 3548 
3548 3548 3549 
3549 3549 3550 
3550 3550 3551 
3551 3551 3552 
3552 3552 3553 
3553 3553 3554 
3554 3554 3555 
3555 3555 3556 
3556 3556 3557 
3557 3557 3558 
3558 3558 3559 
3559 3559 3560 
3560 3560 3561 
3561 3561 3562 
3562 3562 3563 
3563 3563 3564 
3564 3564 3565 
3565 3565 3566 
3566 3566 3567 
3567 3567 3568 
3568 3568 3569 
3569 3569 3570 
3570 3570 3571 
3571 3571 3572 
3572 3572 3573 
3573 3573 3574 
3574 3574 3575 
3575 3575 3576 
3576 3576 3577 
3577 3577 3578 
3578 3578 3579 
3579 3579 3580 
3580 3580 3581 
3581 3581 3582 
3582 3582 3583 
3583 3583 3584 
3584 3584 3585 
3585 3585 3586 
3586 3586 3587 
3587 3587 3588 
3588 3588 3589 
3589 3589 3590 
3590 3590 3591 
3591 3591 3592 
3592 3592 3593 
3593 3593 3594 
3594 3594 3595 
3595 3595 3596 
3596 3596 3597 
3597 3597 3598 
3598 3598 3599 
3599 3599 3600 
3600 3600 3601 
3601 3601 3602 
3602 3602 3603 
3603 3603 3604 
3604 3604 3605 
3605 3605 3606 
3606 3606 3607 
3607 3607 3608 
3608 3608 3609 
3609 3609 3610 
3610 3610 3611 
3611 3611 3612 
3612 3612 3613 
3613 3613 3614 
3614 3614 3615 
3615 3615 3616 
3616 3616 3617 
3617 3617 3618 
3618 3618 3619 
3619 3619 3620 
3620 3620 3621 
3621 3621 3622 
3622 3622 3623 
3623 3623 3624 
3624 3624 3625 
3625 3625 3626 
3626 3626 3627 
3627 3627 3628 
3628 3628 3629 
3629 3629 3630 
3630 3630 3631 
3631 3631 3632 
3632 3632 3633 
3633 3633 3634 
3634 3634 3635 
3635 3635 3636 
3636 3636 3637 
3637 3637 3638 
3638 3638 3639 
3639 3639 3640 
3640 3640 3641 
3641 3641 3642 
3642 3642 3643 
3643 3643 3644 
3644 3644 3645 
3645 3645 3646 
3646 3646 3647 
3647 3647 3648 
3648 3648 3649 
3649 3649 3650 
3650 3650 3651 
3651 3651 3652 
3652 3652 3653 
3653 3653 3654 
3654 3654 3655 
3655 3655 3656 
3656 3656 3657 
3657 3657 3658 
3658 3658 3659 
3659 3659 3660 
3660 3660 3661 
3661 3661 3662 
3662 3662 3663 
3663 3663 3664 
3664 3664 3665 
3665 3665 3666 
3666 3666 3667 
3667 3667 3668 
3668 3668 3669 
3669 3669 3670 
3670 3670 3671 
3671 3671 3672 
3672 3672 3673 
3673 3673 3674 
3674 3674 3675 
3675 3675 3676 
3676 3676 3677 
3677 3677 3678 
3678 3678 3679 
3679 3679 3680 
3680 3680 3681 
3681 3681 3682 
3682 3682 3683 
3683 3683 3684 
3684 3684 3685 
3685 3685 3686 
3686 3686 3687 
3687 3687 3688 
3688 3688 3689 
3689 3689 3690 
3690 3690 3691 
3691 3691 3692 
3692 3692 3693 
3693 3693 3694 
3694 3694 3695 
3695 3695 3696 
3696 3696 3697 
3697 3697 3698 
3698 3698 3699 
3699 3699 3700 
3700 3700 3701 
3701 3701 3702 
3702 3702 3703 
3703 3703 3704 
3704 3704 3705 
3705 3705 3706 
3706 3706 3707 
3707 3707 3708 
3708 3708 3709 
3709 3709 3710 
3710 3710 3711 
3711 3711 3712 
3712 3712 3713 
3713 3713 3714 
3714 3714 3715 
3715 3715 3716 
3716 3716 3717 
3717 3717 3718 
3718 3718 3719 
3719 3719 3720 
3720 3720 3721 
3721 3721 3722 
3722 3722 3723 
3723 3723 3724 
3724 3724 3725 
3725 3725 3726 
3726 3726 3727 
3727 3727 3728 
3728 3728 3729 
3729 3729 3730 
3730 3730 3731 
3731 3731 3732 
3732 3732 3733 
3733 3733 3734 
3734 3734 3735 
3735 3735 3736 
3736 3736 3737 
3737 3737 3738 
3738 3738 3739 
3739 3739 3740 
3740 3740 3741 
3741 3741 3742 
3742 3742 3743 
3743 3743 3744 
3744 3744 3745 
3745 3745 3746 
3746 3746 3747 
3747 3747 3748 
3748 3748 3749 
3749 3749 3750 
3750 3750 3751 
3751 3751 3752 
3752 3752 3753 
3753 3753 3754 
3754 3754 3755 
3755 3755 3756 
3756 3756 3757 
3757 3757 3758 
3758 3758 3759 
3759 3759 3760 
3760 3760 3761 
3761 3761 3762 
3762 3762 3763 
3763 3763 3764 
3764 3764 3765 
3765 3765 3766 
3766 3766 3767 
3767 3767 3768 
3768 3768 3769 
3769 3769 3770 
3770 3770 3771 
3771 3771 3772 
3772 3772 3773 
3773 3773 3774 
3774 3774 3775 
3775 3775 3776 
3776 3776 3777 
3777 3777 3778 
3778 3778 3779 
3779 3779 3780 
3780 3780 3781 
3781 3781 3782 
3782 3782 3783 
3783 3783 3784 
3784 3784 3785 
3785 3785 3786 
3786 3786 3787 
3787 3787 3788 
3788 3788 3789 
3789 3789 3790 
3790 3790 3791 
3791 3791 3792 
3792 3792 3793 
3793 3793 3794 
3794 3794 3795 
3795 3795 3796 
3796 3796 3797 
3797 3797 3798 
3798 3798 3799 
3799 3799 3800 
3800 3800 3801 
3801 3801 3802 
3802 3802 3803 
3803 3803 3804 
3804 3804 3805 
3805 3805 3806 
3806 3806 3807 
3807 3807 3808 
3808 3808 3809 
3809 3809 3810 
3810 3810 3811 
3811 3811 3812 
3812 3812 3813 
3813 3813 3814 
3814 3814 3815 
3815 3815 3816 
3816 3816 3817 
3817 3817 3818 
3818 3818 3819 
3819 3819 3820 
3820 3820 3821 
3821 3821 3822 
3822 3822 3823 
3823 3823 3824 
3824 3824 3825 
3825 3825 3826 
3826 3826 3827 
3827 3827 3828 
3828 3828 3829 
3829 3829 3830 
3830 3830 3831 
3831 3831 3832 
3832 3832 3833 
3833 3833 3834 
3834 3834 3835 
3835 3835 3836 
3836 3836 3837 
3837 3837 3838 
3838 3838 3839 
3839 3839 3840 
3840 3840 3841 
3841 3841 3842 
3842 3842 3843 
3843 3843 3844 
3844 3844 3845 
3845 3845 3846 
3846 3846 3847 
3847 3847 3848 
3848 3848 3849 
3849 3849 3850 
3850 3850 3851 
3851 3851 3852 
3852 3852 3853 
3853 3853 3854 
3854 3854 3855 
3855 3855 3856 
3856 3856 3857 
3857 3857 3858 
3858 3858 3859 
3859 3859 3860 
3860 3860 3861 
3861 3861 3862 
3862 3862 3863 
3863 3863 3864 
3864 3864 3865 
3865 3865 3866 
3866 3866 3867 
3867 3867 3868 
3868 3868 3869 
3869 3869 3870 
3870 3870 3871 
3871 3871 3872 
3872 3872 3873 
3873 3873 3874 
3874 3874 3875 
3875 3875 3876 
3876 3876 3877 
3877 3877 3878 
3878 3878 3879 
3879 3879 3880 
3880 3880 3881 
3881 3881 3882 
3882 3882 3883 
3883 3883 3884 
3884 3884 3885 
3885 3885 3886 
3886 3886 3887 
3887 3887 3888 
3888 3888 3889 
3889 3889 3890 
3890 3890 3891 
3891 3891 3892 
3892 3892 3893 
3893 3893 3894 
3894 3894 3895 
3895 3895 3896 
3896 3896 3897 
3897 3897 3898 
3898 3898 3899 
3899 3899 3900 
3900 3900 3901 
3901 3901 3902 
3902 3902 3903 
3903 3903 3904 
3904 3904 3905 
3905 3905 3906 
3906 3906 3907 
3907 3907 3908 
3908 3908 3909 
3909 3909 3910 
3910 3910 3911 
3911 3911 3912 
3912 3912 3913 
3913 3913 3914 
3914 3914 3915 
3915 3915 3916 
3916 3916 3917 
3917 3917 3918 
3918 3918 3919 
3919 3919 3920 
3920 3920 3921 
3921 3921 3922 
3922 3922 3923 
3923 3923 3924 
3924 3924 3925 
3925 3925 3926 
3926 3926 3927 
3927 3927 3928 
3928 3928 3929 
3929 3929 3930 
3930 3930 3931 
3931 3931 3932 
3932 3932 3933 
3933 3933 3934 
3934 3934 3935 
3935 3935 3936 
3936 3936 3937 
3937 3937 3938 
3938 3938 3939 
3939 3939 3940 
3940 3940 3941 
3941 3941 3942 
3942 3942 3943 
3943 3943 3944 
3944 3944 3945 
3945 3945 3946 
3946 3946 3947 
3947 3947 3948 
3948 3948 3949 
3949 3949 3950 
3950 3950 3951 
3951 3951 3952 
3952 3952 3953 
3953 3953 3954 
3954 3954 3955 
3955 3955 3956 
3956 3956 3957 
3957 3957 3958 
3958 3958 3959 
3959 3959 3960 
3960 3960 3961 
3961 3961 3962 
3962 3962 3963 
3963 3963 3964 
3964 3964 3965 
3965 3965 3966 
3966 3966 3967 
3967 3967 3968 
3968 3968 3969 
3969 3969 3970 
3970 3970 3971 
3971 3971 3972 
3972 3972 3973 
3973 3973 3974 
3974 3974 3975 
3975 3975 3976 
3976 3976 3977 
3977 3977 3978 
3978 3978 3979 
3979 3979 3980 
3980 3980 3981 
3981 3981 3982 
3982 3982 3983 
3983 3983 3984 
3984 3984 3985 
3985 3985 3986 
3986 3986 3987 
3987 3987 3988 
3988 3988 3989 
3989 3989 3990 
3990 3990 3991 
3991 3991 3992 
3992 3992 3993 
3993 3993 3994 
3994 3994 3995 
3995 3995 3996 
3996 3996 3997 
3997 3997 3998 
3998 3998 3999 
3999 3999 4000 
4000 4000 4001 
4001 4001 4002 
4002 4002 4003 
4003 4003 4004 
4004 4004 4005 
4005 4005 4006 
4006 4006 4007 
4007 4007 4008 
4008 4008 4009 
4009 4009 4010 
4010 4010 4011 
4011 4011 4012 
4012 4012 4013 
4013 4013 4014 
4014 4014 4015 
4015 4015 4016 
4016 4016 4017 
4017 4017 4018 
4018 4018 4019 
4019 4019 4020 
4020 4020 4021 
4021 4021 4022 
4022 4022 4023 
4023 4023 4024 
4024 4024 4025 
4025 4025 4026 
4026 4026 4027 
4027 4027 4028 
4028 4028 4029 
4029 4029 4030 
4030 4030 4031 
4031 4031 4032 
4032 4032 4033 
4033 4033 4034 
4034 4034 4035 
4035 4035 4036 
4036 4036 4037 
4037 4037 4038 
4038 4038 4039 
4039 4039 4040 
4040 4040 4041 
4041 4041 4042 
4042 4042 4043 
4043 4043 4044 
4044 4044 4045 
4045 4045 4046 
4046 4046 4047 
4047 4047 4048 
4048 4048 4049 
4049 4049 4050 
4050 4050 4051 
4051 4051 4052 
4052 4052 4053 
4053 4053 4054 
4054 4054 4055 
4055 4055 4056 
4056 4056 4057 
4057 4057 4058 
4058 4058 4059 
4059 4059 4060 
4060 4060 4061 
4061 4061 4062 
4062 4062 4063 
4063 4063 4064 
4064 4064 4065 
4065 4065 4066 
4066 4066 4067 
4067 4067 4068 
4068 4068 4069 
4069 4069 4070 
4070 4070 4071 
4071 4071 4072 
4072 4072 4073 
4073 4073 4074 
4074 4074 4075 
4075 4075 4076 
4076 4076 4077 
4077 4077 4078 
4078 4078 4079 
4079 4079 4080 
4080 4080 4081 
4081 4081 4082 
4082 4082 4083 
4083 4083 4084 
4084 4084 4085 
4085 4085 4086 
4086 4086 4087 
4087 4087 4088 
4088 4088 4089 
4089 4089 4090 
4090 4090 4091 
4091 4091 4092 
4092 4092 4093 
4093 4093 4094 
4094 4094 4095 
4095 4095 4096 
4096 4096 4097 
4097 4097 4098 
4098 4098 4099 
4099 4099 4100 
4100 4100 4101 
4101 4101 4102 
4102 4102 4103 
4103 4103 4104 
4104 4104 4105 
4105 4105 4106 
4106 4106 4107 
4107 4107 4108 
4108 4108 4109 
4109 4109 4110 
4110 4110 4111 
4111 4111 4112 
4112 4112 4113 
4113 4113 4114 
4114 4114 4115 
4115 4115 4116 
4116 4116 4117 
4117 4117 4118 
4118 4118 4119 
4119 4119 4120 
4120 4120 4121 
4121 4121 4122 
4122 4122 4123 
4123 4123 4124 
4124 4124 4125 
4125 4125 4126 
4126 4126 4127 
4127 4127 4128 
4128 4128 4129 
4129 4129 4130 
4130 4130 4131 
4131 4131 4132 
4132 4132 4133 
4133 4133 4134 
4134 4134 4135 
4135 4135 4136 
4136 4136 4137 
4137 4137 4138 
4138 4138 4139 
4139 4139 4140 
4140 4140 4141 
4141 4141 4142 
4142 4142 4143 
4143 4143 4144 
4144 4144 4145 
4145 4145 4146 
4146 4146 4147 
4147 4147 4148 
4148 4148 4149 
4149 4149 4150 
4150 4150 4151 
4151 4151 4152 
4152 4152 4153 
4153 4153 4154 
4154 4154 4155 
4155 4155 4156 
4156 4156 4157 
4157 4157 4158 
4158 4158 4159 
4159 4159 4160 
4160 4160 4161 
4161 4161 4162 
4162 4162 4163 
4163 4163 4164 
4164 4164 4165 
4165 4165 4166 
4166 4166 4167 
4167 4167 4168 
4168 4168 4169 
4169 4169 4170 
4170 4170 4171 
4171 4171 4172 
4172 4172 4173 
4173 4173 4174 
4174 4174 4175 
4175 4175 4176 
4176 4176 4177 
4177 4177 4178 
4178 4178 4179 
4179 4179 4180 
4180 4180 4181 
4181 4181 4182 
4182 4182 4183 
4183 4183 4184 
4184 4184 4185 
4185 4185 4186 
4186 4186 4187 
4187 4187 4188 
4188 4188 4189 
4189 4189 4190 
4190 4190 4191 
4191 4191 4192 
4192 4192 4193 
4193 4193 4194 
4194 4194 4195 
4195 4195 4196 
4196 4196 4197 
4197 4197 4198 
4198 4198 4199 
4199 4199 4200 
4200 4200 4201 
4201 4201 4202 
4202 4202 4203 
4203 4203 4204 
4204 4204 4205 
4205 4205 4206 
4206 4206 4207 
4207 4207 4208 
4208 4208 4209 
4209 4209 4210 
4210 4210 4211 
4211 4211 4212 
4212 4212 4213 
4213 4213 4214 
4214 4214 4215 
4215 4215 4216 
4216 4216 4217 
4217 4217 4218 
4218 4218 4219 
4219 4219 4220 
4220 4220 4221 
4221 4221 4222 
4222 4222 4223 
4223 4223 4224 
4224 4224 4225 
4225 4225 4226 
4226 4226 4227 
4227 4227 4228 
4228 4228 4229 
4229 4229 4230 
4230 4230 4231 
4231 4231 4232 
4232 4232 4233 
4233 4233 4234 
4234 4234 4235 
4235 4235 4236 
4236 4236 4237 
4237 4237 4238 
4238 4238 4239 
4239 4239 4240 
4240 4240 4241 
4241 4241 4242 
4242 4242 4243 
4243 4243 4244 
4244 4244 4245 
4245 4245 4246 
4246 4246 4247 
4247 4247 4248 
4248 4248 4249 
4249 4249 4250 
4250 4250 4251 
4251 4251 4252 
4252 4252 4253 
4253 4253 4254 
4254 4254 4255 
4255 4255 4256 
4256 4256 4257 
4257 4257 4258 
4258 4258 4259 
4259 4259 4260 
4260 4260 4261 
4261 4261 4262 
4262 4262 4263 
4263 4263 4264 
4264 4264 4265 
4265 4265 4266 
4266 4266 4267 
4267 4267 4268 
4268 4268 4269 
4269 4269 4270 
4270 4270 4271 
4271 4271 4272 
4272 4272 4273 
4273 4273 4274 
4274 4274 4275 
4275 4275 4276 
4276 4276 4277 
4277 4277 4278 
4278 4278 4279 
4279 4279 4280 
4280 4280 4281 
4281 4281 4282 
4282 4282 4283 
4283 4283 4284 
4284 4284 4285 
4285 4285 4286 
4286 4286 4287 
4287 4287 4288 
4288 4288 4289 
4289 4289 4290 
4290 4290 4291 
4291 4291 4292 
4292 4292 4293 
4293 4293 4294 
4294 4294 4295 
4295 4295 4296 
4296 4296 4297 
4297 4297 4298 
4298 4298 4299 
4299 4299 4300 
4300 4300 4301 
4301 4301 4302 
4302 4302 4303 
4303 4303 4304 
4304 4304 4305 
4305 4305 4306 
4306 4306 4307 
4307 4307 4308 
4308 4308 4309 
4309 4309 4310 
4310 4310 4311 
4311 4311 4312 
4312 4312 4313 
4313 4313 4314 
4314 4314 4315 
4315 4315 4316 
4316 4316 4317 
4317 4317 4318 
4318 4318 4319 
4319 4319 4320 
4320 4320 4321 
4321 4321 4322 
4322 4322 4323 
4323 4323 4324 
4324 4324 4325 
4325 4325 4326 
4326 4326 4327 
4327 4327 4328 
4328 4328 4329 
4329 4329 4330 
4330 4330 4331 
4331 4331 4332 
4332 4332 4333 
4333 4333 4334 
4334 4334 4335 
4335 4335 4336 
4336 4336 4337 
4337 4337 4338 
4338 4338 4339 
4339 4339 4340 
4340 4340 4341 
4341 4341 4342 
4342 4342 4343 
4343 4343 4344 
4344 4344 4345 
4345 4345 4346 
4346 4346 4347 
4347 4347 4348 
4348 4348 4349 
4349 4349 4350 
4350 4350 4351 
4351 4351 4352 
4352 4352 4353 
4353 4353 4354 
4354 4354 4355 
4355 4355 4356 
4356 4356 4357 
4357 4357 4358 
4358 4358 4359 
4359 4359 4360 
4360 4360 4361 
4361 4361 4362 
4362 4362 4363 
4363 4363 4364 
4364 4364 4365 
4365 4365 4366 
4366 4366 4367 
4367 4367 4368 
4368 4368 4369 
4369 4369 4370 
4370 4370 4371 
4371 4371 4372 
4372 4372 4373 
4373 4373 4374 
4374 4374 4375 
4375 4375 4376 
4376 4376 4377 
4377 4377 4378 
4378 4378 4379 
4379 4379 4380 
4380 4380 4381 
4381 4381 4382 
4382 4382 4383 
4383 4383 4384 
4384 4384 4385 
4385 4385 4386 
4386 4386 4387 
4387 4387 4388 
4388 4388 4389 
4389 4389 4390 
4390 4390 4391 
4391 4391 4392 
4392 4392 4393 
4393 4393 4394 
4394 4394 4395 
4395 4395 4396 
4396 4396 4397 
4397 4397 4398 
4398 4398 4399 
4399 4399 4400 
4400 4400 4401 
4401 4401 4402 
4402 4402 4403 
4403 4403 4404 
4404 4404 4405 
4405 4405 4406 
4406 4406 4407 
4407 4407 4408 
4408 4408 4409 
4409 4409 4410 
4410 4410 4411 
4411 4411 4412 
4412 4412 4413 
4413 4413 4414 
4414 4414 4415 
4415 4415 4416 
4416 4416 4417 
4417 4417 4418 
4418 4418 4419 
4419 4419 4420 
4420 4420 4421 
4421 4421 4422 
4422 4422 4423 
4423 4423 4424 
4424 4424 4425 
4425 4425 4426 
4426 4426 4427 
4427 4427 4428 
4428 4428 4429 
4429 4429 4430 
4430 4430 4431 
4431 4431 4432 
4432 4432 4433 
4433 4433 4434 
4434 4434 4435 
4435 4435 4436 
4436 4436 4437 
4437 4437 4438 
4438 4438 4439 
4439 4439 4440 
4440 4440 4441 
4441 4441 4442 
4442 4442 4443 
4443 4443 4444 
4444 4444 4445 
4445 4445 4446 
4446 4446 4447 
4447 4447 4448 
4448 4448 4449 
4449 4449 4450 
4450 4450 4451 
4451 4451 4452 
4452 4452 4453 
4453 4453 4454 
4454 4454 4455 
4455 4455 4456 
4456 4456 4457 
4457 4457 4458 
4458 4458 4459 
4459 4459 4460 
4460 4460 4461 
4461 4461 4462 
4462 4462 4463 
4463 4463 4464 
4464 4464 4465 
4465 4465 4466 
4466 4466 4467 
4467 4467 4468 
4468 4468 4469 
4469 4469 4470 
4470 4470 4471 
4471 4471 4472 
4472 4472 4473 
4473 4473 4474 
4474 4474 4475 
4475 4475 4476 
4476 4476 4477 
4477 4477 4478 
4478 4478 4479 
4479 4479 4480 
4480 4480 4481 
4481 4481 4482 
4482 4482 4483 
4483 4483 4484 
4484 4484 4485 
4485 4485 4486 
4486 4486 4487 
4487 4487 4488 
4488 4488 4489 
4489 4489 4490 
4490 4490 4491 
4491 4491 4492 
4492 4492 4493 
4493 4493 4494 
4494 4494 4495 
4495 4495 4496 
4496 4496 4497 
4497 4497 4498 
4498 4498 4499 
4499 4499 4500 
4500 4500 4501 
4501 4501 4502 
4502 4502 4503 
4503 4503 4504 
4504 4504 4505 
4505 4505 4506 
4506 4506 4507 
4507 4507 4508 
4508 4508 4509 
4509 4509 4510 
4510 4510 4511 
4511 4511 4512 
4512 4512 4513 
4513 4513 4514 
4514 4514 4515 
4515 4515 4516 
4516 4516 4517 
4517 4517 4518 
4518 4518 4519 
4519 4519 4520 
4520 4520 4521 
4521 4521 4522 
4522 4522 4523 
4523 4523 4524 
4524 4524 4525 
4525 4525 4526 
4526 4526 4527 
4527 4527 4528 
4528 4528 4529 
4529 4529 4530 
4530 4530 4531 
4531 4531 4532 
4532 4532 4533 
4533 4533 4534 
4534 4534 4535 
4535 4535 4536 
4536 4536 4537 
4537 4537 4538 
4538 4538 4539 
4539 4539 4540 
4540 4540 4541 
4541 4541 4542 
4542 4542 4543 
4543 4543 4544 
4544 4544 4545 
4545 4545 4546 
4546 4546 4547 
4547 4547 4548 
4548 4548 4549 
4549 4549 4550 
4550 4550 4551 
4551 4551 4552 
4552 4552 4553 
4553 4553 4554 
4554 4554 4555 
4555 4555 4556 
4556 4556 4557 
4557 4557 4558 
4558 4558 4559 
4559 4559 4560 
4560 4560 4561 
4561 4561 4562 
4562 4562 4563 
4563 4563 4564 
4564 4564 4565 
4565 4565 4566 
4566 4566 4567 
4567 4567 4568 
4568 4568 4569 
4569 4569 4570 
4570 4570 4571 
4571 4571 4572 
4572 4572 4573 
4573 4573 4574 
4574 4574 4575 
4575 4575 4576 
4576 4576 4577 
4577 4577 4578 
4578 4578 4579 
4579 4579 4580 
4580 4580 4581 
4581 4581 4582 
4582 4582 4583 
4583 4583 4584 
4584 4584 4585 
4585 4585 4586 
4586 4586 4587 
4587 4587 4588 
4588 4588 4589 
4589 4589 4590 
4590 4590 4591 
4591 4591 4592 
4592 4592 4593 
4593 4593 4594 
4594 4594 4595 
4595 4595 4596 
4596 4596 4597 
4597 4597 4598 
4598 4598 4599 
4599 4599 4600 
4600 4600 4601 
4601 4601 4602 
4602 4602 4603 
4603 4603 4604 
4604 4604 4605 
4605 4605 4606 
4606 4606 4607 
4607 4607 4608 
4608 4608 4609 
4609 4609 4610 
4610 4610 4611 
4611 4611 4612 
4612 4612 4613 
4613 4613 4614 
4614 4614 4615 
4615 4615 4616 
4616 4616 4617 
4617 4617 4618 
4618 4618 4619 
4619 4619 4620 
4620 4620 4621 
4621 4621 4622 
4622 4622 4623 
4623 4623 4624 
4624 4624 4625 
4625 4625 4626 
4626 4626 4627 
4627 4627 4628 
4628 4628 4629 
4629 4629 4630 
4630 4630 4631 
4631 4631 4632 
4632 4632 4633 
4633 4633 4634 
4634 4634 4635 
4635 4635 4636 
4636 4636 4637 
4637 4637 4638 
4638 4638 4639 
4639 4639 4640 
4640 4640 4641 
4641 4641 4642 
4642 4642 4643 
4643 4643 4644 
4644 4644 4645 
4645 4645 4646 
4646 4646 4647 
4647 4647 4648 
4648 4648 4649 
4649 4649 4650 
4650 4650 4651 
4651 4651 4652 
4652 4652 4653 
4653 4653 4654 
4654 4654 4655 
4655 4655 4656 
4656 4656 4657 
4657 4657 4658 
4658 4658 4659 
4659 4659 4660 
4660 4660 4661 
4661 4661 4662 
4662 4662 4663 
4663 4663 4664 
4664 4664 4665 
4665 4665 4666 
4666 4666 4667 
4667 4667 4668 
4668 4668 4669 
4669 4669 4670 
4670 4670 4671 
4671 4671 4672 
4672 4672 4673 
4673 4673 4674 
4674 4674 4675 
4675 4675 4676 
4676 4676 4677 
4677 4677 4678 
4678 4678 4679 
4679 4679 4680 
4680 4680 4681 
4681 4681 4682 
4682 4682 4683 
4683 4683 4684 
4684 4684 4685 
4685 4685 4686 
4686 4686 4687 
4687 4687 4688 
4688 4688 4689 
4689 4689 4690 
4690 4690 4691 
4691 4691 4692 
4692 4692 4693 
4693 4693 4694 
4694 4694 4695 
4695 4695 4696 
4696 4696 4697 
4697 4697 4698 
4698 4698 4699 
4699 4699 4700 
4700 4700 4701 
4701 4701 4702 
4702 4702 4703 
4703 4703 4704 
4704 4704 4705 
4705 4705 4706 
4706 4706 4707 
4707 4707 4708 
4708 4708 4709 
4709 4709 4710 
4710 4710 4711 
4711 4711 4712 
4712 4712 4713 
4713 4713 4714 
4714 4714 4715 
4715 4715 4716 
4716 4716 4717 
4717 4717 4718 
4718 4718 4719 
4719 4719 4720 
4720 4720 4721 
4721 4721 4722 
4722 4722 4723 
4723 4723 4724 
4724 4724 4725 
4725 4725 4726 
4726 4726 4727 
4727 4727 4728 
4728 4728 4729 
4729 4729 4730 
4730 4730 4731 
4731 4731 4732 
4732 4732 4733 
4733 4733 4734 
4734 4734 4735 
4735 4735 4736 
4736 4736 4737 
4737 4737 4738 
4738 4738 4739 
4739 4739 4740 
4740 4740 4741 
4741 4741 4742 
4742 4742 4743 
4743 4743 4744 
4744 4744 4745 
4745 4745 4746 
4746 4746 4747 
4747 4747 4748 
4748 4748 4749 
4749 4749 4750 
4750 4750 4751 
4751 4751 4752 
4752 4752 4753 
4753 4753 4754 
4754 4754 4755 
4755 4755 4756 
4756 4756 4757 
4757 4757 4758 
4758 4758 4759 
4759 4759 4760 
4760 4760 4761 
4761 4761 4762 
4762 4762 4763 
4763 4763 4764 
4764 4764 4765 
4765 4765 4766 
4766 4766 4767 
4767 4767 4768 
4768 4768 4769 
4769 4769 4770 
4770 4770 4771 
4771 4771 4772 
4772 4772 4773 
4773 4773 4774 
4774 4774 4775 
4775 4775 4776 
4776 4776 4777 
4777 4777 4778 
4778 4778 4779 
4779 4779 4780 
4780 4780 4781 
4781 4781 4782 
4782 4782 4783 
4783 4783 4784 
4784 4784 4785 
4785 4785 4786 
4786 4786 4787 
4787 4787 4788 
4788 4788 4789 
4789 4789 4790 
4790 4790 4791 
4791 4791 4792 
4792 4792 4793 
4793 4793 4794 
4794 4794 4795 
4795 4795 4796 
4796 4796 4797 
4797 4797 4798 
4798 4798 4799 
4799 4799 4800 
4800 4800 4801 
4801 4801 4802 
4802 4802 4803 
4803 4803 4804 
4804 4804 4805 
4805 4805 4806 
4806 4806 4807 
4807 4807 4808 
4808 4808 4809 
4809 4809 4810 
4810 4810 4811 
4811 4811 4812 
4812 4812 4813 
4813 4813 4814 
4814 4814 4815 
4815 4815 4816 
4816 4816 4817 
4817 4817 4818 
4818 4818 4819 
4819 4819 4820 
4820 4820 4821 
4821 4821 4822 
4822 4822 4823 
4823 4823 4824 
4824 4824 4825 
4825 4825 4826 
4826 4826 4827 
4827 4827 4828 
4828 4828 4829 
4829 4829 4830 
4830 4830 4831 
4831 4831 4832 
4832 4832 4833 
4833 4833 4834 
4834 4834 4835 
4835 4835 4836 
4836 4836 4837 
4837 4837 4838 
4838 4838 4839 
4839 4839 4840 
4840 4840 4841 
4841 4841 4842 
4842 4842 4843 
4843 4843 4844 
4844 4844 4845 
4845 4845 4846 
4846 4846 4847 
4847 4847 4848 
4848 4848 4849 
4849 4849 4850 
4850 4850 4851 
4851 4851 4852 
4852 4852 4853 
4853 4853 4854 
4854 4854 4855 
4855 4855 4856 
4856 4856 4857 
4857 4857 4858 
4858 4858 4859 
4859 4859 4860 
4860 4860 4861 
4861 4861 4862 
4862 4862 4863 
4863 4863 4864 
4864 4864 4865 
4865 4865 4866 
4866 4866 4867 
4867 4867 4868 
4868 4868 4869 
4869 4869 4870 
4870 4870 4871 
4871 4871 4872 
4872 4872 4873 
4873 4873 4874 
4874 4874 4875 
4875 4875 4876 
4876 4876 4877 
4877 4877 4878 
4878 4878 4879 
4879 4879 4880 
4880 4880 4881 
4881 4881 4882 
4882 4882 4883 
4883 4883 4884 
4884 4884 4885 
4885 4885 4886 
4886 4886 4887 
4887 4887 4888 
4888 4888 4889 
4889 4889 4890 
4890 4890 4891 
4891 4891 4892 
4892 4892 4893 
4893 4893 4894 
4894 4894 4895 
4895 4895 4896 
4896 4896 4897 
4897 4897 4898 
4898 4898 4899 
4899 4899 4900 
4900 4900 4901 
4901 4901 4902 
4902 4902 4903 
4903 4903 4904 
4904 4904 4905 
4905 4905 4906 
4906 4906 4907 
4907 4907 4908 
4908 4908 4909 
4909 4909 4910 
4910 4910 4911 
4911 4911 4912 
4912 4912 4913 
4913 4913 4914 
4914 4914 4915 
4915 4915 4916 
4916 4916 4917 
4917 4917 4918 
4918 4918 4919 
4919 4919 4920 
4920 4920 4921 
4921 4921 4922 
4922 4922 4923 
4923 4923 4924 
4924 4924 4925 
4925 4925 4926 
4926 4926 4927 
4927 4927 4928 
4928 4928 4929 
4929 4929 4930 
4930 4930 4931 
4931 4931 4932 
4932 4932 4933 
4933 4933 4934 
4934 4934 4935 
4935 4935 4936 
4936 4936 4937 
4937 4937 4938 
4938 4938 4939 
4939 4939 4940 
4940 4940 4941 
4941 4941 4942 
4942 4942 4943 
4943 4943 4944 
4944 4944 4945 
4945 4945 4946 
4946 4946 4947 
4947 4947 4948 
4948 4948 4949 
4949 4949 4950 
4950 4950 4951 
4951 4951 4952 
4952 4952 4953 
4953 4953 4954 
4954 4954 4955 
4955 4955 4956 
4956 4956 4957 
4957 4957 4958 
4958 4958 4959 
4959 4959 4960 
4960 4960 4961 
4961 4961 4962 
4962 4962 4963 
4963 4963 4964 
4964 4964 4965 
4965 4965 4966 
4966 4966 4967 
4967 4967 4968 
4968 4968 4969 
4969 4969 4970 
4970 4970 4971 
4971 4971 4972 
4972 4972 4973 
4973 4973 4974 
4974 4974 4975 
4975 4975 4976 
4976 4976 4977 
4977 4977 4978 
4978 4978 4979 
4979 4979 4980 
4980 4980 4981 
4981 4981 4982 
4982 4982 4983 
4983 4983 4984 
4984 4984 4985 
4985 4985 4986 
4986 4986 4987 
4987 4987 4988 
4988 4988 4989 
4989 4989 4990 
4990 4990 4991 
4991 4991 4992 
4992 4992 4993 
4993 4993 4994 
4994 4994 4995 
4995 4995 4996 
4996 4996 4997 
4997 4997 4998 
4998 4998 4999 
4999 4999 5000 
5000 5000 5001 
5001 5001 5002 
5002 5002 5003 
5003 5003 5004 
5004 5004 5005 
5005 5005 5006 
5006 5006 5007 
5007 5007 5008 
5008 5008 5009 
5009 5009 5010 
5010 5010 5011 
5011 5011 5012 
5012 5012 5013 
5013 5013 5014 
5014 5014 5015 
5015 5015 5016 
5016 5016 5017 
5017 5017 5018 
5018 5018 5019 
5019 5019 5020 
5020 5020 5021 
5021 5021 5022 
5022 5022 5023 
5023 5023 5024 
5024 5024 5025 
5025 5025 5026 
5026 5026 5027 
5027 5027 5028 
5028 5028 5029 
5029 5029 5030 
5030 5030 5031 
5031 5031 5032 
5032 5032 5033 
5033 5033 5034 
5034 5034 5035 
5035 5035 5036 
5036 5036 5037 
5037 5037 5038 
5038 5038 5039 
5039 5039 5040 
5040 5040 5041 
5041 5041 5042 
5042 5042 5043 
5043 5043 5044 
5044 5044 5045 
5045 5045 5046 
5046 5046 5047 
5047 5047 5048 
5048 5048 5049 
5049 5049 5050 
5050 5050 5051 
5051 5051 5052 
5052 5052 5053 
5053 5053 5054 
5054 5054 5055 
5055 5055 5056 
5056 5056 5057 
5057 5057 5058 
5058 5058 5059 
5059 5059 5060 
5060 5060 5061 
5061 5061 5062 
5062 5062 5063 
5063 5063 5064 
5064 5064 5065 
5065 5065 5066 
5066 5066 5067 
5067 5067 5068 
5068 5068 5069 
5069 5069 5070 
5070 5070 5071 
5071 5071 5072 
5072 5072 5073 
5073 5073 5074 
5074 5074 5075 
5075 5075 5076 
5076 5076 5077 
5077 5077 5078 
5078 5078 5079 
5079 5079 5080 
5080 5080 5081 
5081 5081 5082 
5082 5082 5083 
5083 5083 5084 
5084 5084 5085 
5085 5085 5086 
5086 5086 5087 
5087 5087 5088 
5088 5088 5089 
5089 5089 5090 
5090 5090 5091 
5091 5091 5092 
5092 5092 5093 
5093 5093 5094 
5094 5094 5095 
5095 5095 5096 
5096 5096 5097 
5097 5097 5098 
5098 5098 5099 
5099 5099 5100 
5100 5100 5101 
5101 5101 5102 
5102 5102 5103 
5103 5103 5104 
5104 5104 5105 
5105 5105 5106 
5106 5106 5107 
5107 5107 5108 
5108 5108 5109 
5109 5109 5110 
5110 5110 5111 
5111 5111 5112 
5112 5112 5113 
5113 5113 5114 
5114 5114 5115 
5115 5115 5116 
5116 5116 5117 
5117 5117 5118 
5118 5118 5119 
5119 5119 5120 
5120 5120 5121 
5121 5121 5122 
5122 5122 5123 
5123 5123 5124 
5124 5124 5125 
5125 5125 5126 
5126 5126 5127 
5127 5127 5128 
5128 5128 5129 
5129 5129 5130 
5130 5130 5131 
5131 5131 5132 
5132 5132 5133 
5133 5133 5134 
5134 5134 5135 
5135 5135 5136 
5136 5136 5137 
5137 5137 5138 
5138 5138 5139 
5139 5139 5140 
5140 5140 5141 
5141 5141 5142 
5142 5142 5143 
5143 5143 5144 
5144 5144 5145 
5145 5145 5146 
5146 5146 5147 
5147 5147 5148 
5148 5148 5149 
5149 5149 5150 
5150 5150 5151 
5151 5151 5152 
5152 5152 5153 
5153 5153 5154 
5154 5154 5155 
5155 5155 5156 
5156 5156 5157 
5157 5157 5158 
5158 5158 5159 
5159 5159 5160 
5160 5160 5161 
5161 5161 5162 
5162 5162 5163 
5163 5163 5164 
5164 5164 5165 
5165 5165 5166 
5166 5166 5167 
5167 5167 5168 
5168 5168 5169 
5169 5169 5170 
5170 5170 5171 
5171 5171 5172 
5172 5172 5173 
5173 5173 5174 
5174 5174 5175 
5175 5175 5176 
5176 5176 5177 
5177 5177 5178 
5178 5178 5179 
5179 5179 5180 
5180 5180 5181 
5181 5181 5182 
5182 5182 5183 
5183 5183 5184 
5184 5184 5185 
5185 5185 5186 
5186 5186 5187 
5187 5187 5188 
5188 5188 5189 
5189 5189 5190 
5190 5190 5191 
5191 5191 5192 
5192 5192 5193 
5193 5193 5194 
5194 5194 5195 
5195 5195 5196 
5196 5196 5197 
5197 5197 5198 
5198 5198 5199 
5199 5199 5200 
5200 5200 5201 
5201 5201 5202 
5202 5202 5203 
5203 5203 5204 
5204 5204 5205 
5205 5205 5206 
5206 5206 5207 
5207 5207 5208 
5208 5208 5209 
5209 5209 5210 
5210 5210 5211 
5211 5211 5212 
5212 5212 5213 
5213 5213 5214 
5214 5214 5215 
5215 5215 5216 
5216 5216 5217 
5217 5217 5218 
5218 5218 5219 
5219 5219 5220 
5220 5220 5221 
5221 5221 5222 
5222 5222 5223 
5223 5223 5224 
5224 5224 5225 
5225 5225 5226 
5226 5226 5227 
5227 5227 5228 
5228 5228 5229 
5229 5229 5230 
5230 5230 5231 
5231 5231 5232 
5232 5232 5233 
5233 5233 5234 
5234 5234 5235 
5235 5235 5236 
5236 5236 5237 
5237 5237 5238 
5238 5238 5239 
5239 5239 5240 
5240 5240 5241 
5241 5241 5242 
5242 5242 5243 
5243 5243 5244 
5244 5244 5245 
5245 5245 5246 
5246 5246 5247 
5247 5247 5248 
5248 5248 5249 
5249 5249 5250 
5250 5250 5251 
5251 5251 5252 
5252 5252 5253 
5253 5253 5254 
5254 5254 5255 
5255 5255 5256 
5256 5256 5257 
5257 5257 5258 
5258 5258 5259 
5259 5259 5260 
5260 5260 5261 
5261 5261 5262 
5262 5262 5263 
5263 5263 5264 
5264 5264 5265 
5265 5265 5266 
5266 5266 5267 
5267 5267 5268 
5268 5268 5269 
5269 5269 5270 
5270 5270 5271 
5271 5271 5272 
5272 5272 5273 
5273 5273 5274 
5274 5274 5275 
5275 5275 5276 
5276 5276 5277 
5277 5277 5278 
5278 5278 5279 
5279 5279 5280 
5280 5280 5281 
5281 5281 5282 
5282 5282 5283 
5283 5283 5284 
5284 5284 5285 
5285 5285 5286 
5286 5286 5287 
5287 5287 5288 
5288 5288 5289 
5289 5289 5290 
5290 5290 5291 
5291 5291 5292 
5292 5292 5293 
5293 5293 5294 
5294 5294 5295 
5295 5295 5296 
5296 5296 5297 
5297 5297 5298 
5298 5298 5299 
5299 5299 5300 
5300 5300 5301 
5301 5301 5302 
5302 5302 5303 
5303 5303 5304 
5304 5304 5305 
5305 5305 5306 
5306 5306 5307 
5307 5307 5308 
5308 5308 5309 
5309 5309 5310 
5310 5310 5311 
5311 5311 5312 
5312 5312 5313 
5313 5313 5314 
5314 5314 5315 
5315 5315 5316 
5316 5316 5317 
5317 5317 5318 
5318 5318 5319 
5319 5319 5320 
5320 5320 5321 
5321 5321 5322 
5322 5322 5323 
5323 5323 5324 
5324 5324 5325 
5325 5325 5326 
5326 5326 5327 
5327 5327 5328 
5328 5328 5329 
5329 5329 5330 
5330 5330 5331 
5331 5331 5332 
5332 5332 5333 
5333 5333 5334 
5334 5334 5335 
5335 5335 5336 
5336 5336 5337 
5337 5337 5338 
5338 5338 5339 
5339 5339 5340 
5340 5340 5341 
5341 5341 5342 
5342 5342 5343 
5343 5343 5344 
5344 5344 5345 
5345 5345 5346 
5346 5346 5347 
5347 5347 5348 
5348 5348 5349 
5349 5349 5350 
5350 5350 5351 
5351 5351 5352 
5352 5352 5353 
5353 5353 5354 
5354 5354 5355 
5355 5355 5356 
5356 5356 5357 
5357 5357 5358 
5358 5358 5359 
5359 5359 5360 
5360 5360 5361 
5361 5361 5362 
5362 5362 5363 
5363 5363 5364 
5364 5364 5365 
5365 5365 5366 
5366 5366 5367 
5367 5367 5368 
5368 5368 5369 
5369 5369 5370 
5370 5370 5371 
5371 5371 5372 
5372 5372 5373 
5373 5373 5374 
5374 5374 5375 
5375 5375 5376 
5376 5376 5377 
5377 5377 5378 
5378 5378 5379 
5379 5379 5380 
5380 5380 5381 
5381 5381 5382 
5382 5382 5383 
5383 5383 5384 
5384 5384 5385 
5385 5385 5386 
5386 5386 5387 
5387 5387 5388 
5388 5388 5389 
5389 5389 5390 
5390 5390 5391 
5391 5391 5392 
5392 5392 5393 
5393 5393 5394 
5394 5394 5395 
5395 5395 5396 
5396 5396 5397 
5397 5397 5398 
5398 5398 5399 
5399 5399 5400 
5400 5400 5401 
5401 5401 5402 
5402 5402 5403 
5403 5403 5404 
5404 5404 5405 
5405 5405 5406 
5406 5406 5407 
5407 5407 5408 
5408 5408 5409 
5409 5409 5410 
5410 5410 5411 
5411 5411 5412 
5412 5412 5413 
5413 5413 5414 
5414 5414 5415 
5415 5415 5416 
5416 5416 5417 
5417 5417 5418 
5418 5418 5419 
5419 5419 5420 
5420 5420 5421 
5421 5421 5422 
5422 5422 5423 
5423 5423 5424 
5424 5424 5425 
5425 5425 5426 
5426 5426 5427 
5427 5427 5428 
5428 5428 5429 
5429 5429 5430 
5430 5430 5431 
5431 5431 5432 
5432 5432 5433 
5433 5433 5434 
5434 5434 5435 
5435 5435 5436 
5436 5436 5437 
5437 5437 5438 
5438 5438 5439 
5439 5439 5440 
5440 5440 5441 
5441 5441 5442 
5442 5442 5443 
5443 5443 5444 
5444 5444 5445 
5445 5445 5446 
5446 5446 5447 
5447 5447 5448 
5448 5448 5449 
5449 5449 5450 
5450 5450 5451 
5451 5451 5452 
5452 5452 5453 
5453 5453 5454 
5454 5454 5455 
5455 5455 5456 
5456 5456 5457 
5457 5457 5458 
5458 5458 5459 
5459 5459 5460 
5460 5460 5461 
5461 5461 5462 
5462 5462 5463 
5463 5463 5464 
5464 5464 5465 
5465 5465 5466 
5466 5466 5467 
5467 5467 5468 
5468 5468 5469 
5469 5469 5470 
5470 5470 5471 
5471 5471 5472 
5472 5472 5473 
5473 5473 5474 
5474 5474 5475 
5475 5475 5476 
5476 5476 5477 
5477 5477 5478 
5478 5478 5479 
5479 5479 5480 
5480 5480 5481 
5481 5481 5482 
5482 5482 5483 
5483 5483 5484 
5484 5484 5485 
5485 5485 5486 
5486 5486 5487 
5487 5487 5488 
5488 5488 5489 
5489 5489 5490 
5490 5490 5491 
5491 5491 5492 
5492 5492 5493 
5493 5493 5494 
5494 5494 5495 
5495 5495 5496 
5496 5496 5497 
5497 5497 5498 
5498 5498 5499 
5499 5499 5500 
5500 5500 5501 
5501 5501 5502 
5502 5502 5503 
5503 5503 5504 
5504 5504 5505 
5505 5505 5506 
5506 5506 5507 
5507 5507 5508 
5508 5508 5509 
5509 5509 5510 
5510 5510 5511 
5511 5511 5512 
5512 5512 5513 
5513 5513 5514 
5514 5514 5515 
5515 5515 5516 
5516 5516 5517 
5517 5517 5518 
5518 5518 5519 
5519 5519 5520 
5520 5520 5521 
5521 5521 5522 
5522 5522 5523 
5523 5523 5524 
5524 5524 5525 
5525 5525 5526 
5526 5526 5527 
5527 5527 5528 
5528 5528 5529 
5529 5529 5530 
5530 5530 5531 
5531 5531 5532 
5532 5532 5533 
5533 5533 5534 
5534 5534 5535 
5535 5535 5536 
5536 5536 5537 
5537 5537 5538 
5538 5538 5539 
5539 5539 5540 
5540 5540 5541 
5541 5541 5542 
5542 5542 5543 
5543 5543 5544 
5544 5544 5545 
5545 5545 5546 
5546 5546 5547 
5547 5547 5548 
5548 5548 5549 
5549 5549 5550 
5550 5550 5551 
5551 5551 5552 
5552 5552 5553 
5553 5553 5554 
5554 5554 5555 
5555 5555 5556 
5556 5556 5557 
5557 5557 5558 
5558 5558 5559 
5559 5559 5560 
5560 5560 5561 
5561 5561 5562 
5562 5562 5563 
5563 5563 5564 
5564 5564 5565 
5565 5565 5566 
5566 5566 5567 
5567 5567 5568 
5568 5568 5569 
5569 5569 5570 
5570 5570 5571 
5571 5571 5572 
5572 5572 5573 
5573 5573 5574 
5574 5574 5575 
5575 5575 5576 
5576 5576 5577 
5577 5577 5578 
5578 5578 5579 
5579 5579 5580 
5580 5580 5581 
5581 5581 5582 
5582 5582 5583 
5583 5583 5584 
5584 5584 5585 
5585 5585 5586 
5586 5586 5587 
5587 5587 5588 
5588 5588 5589 
5589 5589 5590 
5590 5590 5591 
5591 5591 5592 
5592 5592 5593 
5593 5593 5594 
5594 5594 5595 
5595 5595 5596 
5596 5596 5597 
5597 5597 5598 
5598 5598 5599 
5599 5599 5600 
5600 5600 5601 
5601 5601 5602 
5602 5602 5603 
5603 5603 5604 
5604 5604 5605 
5605 5605 5606 
5606 5606 5607 
5607 5607 5608 
5608 5608 5609 
5609 5609 5610 
5610 5610 5611 
5611 5611 5612 
5612 5612 5613 
5613 5613 5614 
5614 5614 5615 
5615 5615 5616 
5616 5616 5617 
5617 5617 5618 
5618 5618 5619 
5619 5619 5620 
5620 5620 5621 
5621 5621 5622 
5622 5622 5623 
5623 5623 5624 
5624 5624 5625 
5625 5625 5626 
5626 5626 5627 
5627 5627 5628 
5628 5628 5629 
5629 5629 5630 
5630 5630 5631 
5631 5631 5632 
5632 5632 5633 
5633 5633 5634 
5634 5634 5635 
5635 5635 5636 
5636 5636 5637 
5637 5637 5638 
5638 5638 5639 
5639 5639 5640 
5640 5640 5641 
5641 5641 5642 
5642 5642 5643 
5643 5643 5644 
5644 5644 5645 
5645 5645 5646 
5646 5646 5647 
5647 5647 5648 
5648 5648 5649 
5649 5649 5650 
5650 5650 5651 
5651 5651 5652 
5652 5652 5653 
5653 5653 5654 
5654 5654 5655 
5655 5655 5656 
5656 5656 5657 
5657 5657 5658 
5658 5658 5659 
5659 5659 5660 
5660 5660 5661 
5661 5661 5662 
5662 5662 5663 
5663 5663 5664 
5664 5664 5665 
5665 5665 5666 
5666 5666 5667 
5667 5667 5668 
5668 5668 5669 
5669 5669 5670 
5670 5670 5671 
5671 5671 5672 
5672 5672 5673 
5673 5673 5674 
5674 5674 5675 
5675 5675 5676 
5676 5676 5677 
5677 5677 5678 
5678 5678 5679 
5679 5679 5680 
5680 5680 5681 
5681 5681 5682 
5682 5682 5683 
5683 5683 5684 
5684 5684 5685 
5685 5685 5686 
5686 5686 5687 
5687 5687 5688 
5688 5688 5689 
5689 5689 5690 
5690 5690 5691 
5691 5691 5692 
5692 5692 5693 
5693 5693 5694 
5694 5694 5695 
5695 5695 5696 
5696 5696 5697 
5697 5697 5698 
5698 5698 5699 
5699 5699 5700 
5700 5700 5701 
5701 5701 5702 
5702 5702 5703 
5703 5703 5704 
5704 5704 5705 
5705 5705 5706 
5706 5706 5707 
5707 5707 5708 
5708 5708 5709 
5709 5709 5710 
5710 5710 5711 
5711 5711 5712 
5712 5712 5713 
5713 5713 5714 
5714 5714 5715 
5715 5715 5716 
5716 5716 5717 
5717 5717 5718 
5718 5718 5719 
5719 5719 5720 
5720 5720 5721 
5721 5721 5722 
5722 5722 5723 
5723 5723 5724 
5724 5724 5725 
5725 5725 5726 
5726 5726 5727 
5727 5727 5728 
5728 5728 5729 
5729 5729 5730 
5730 5730 5731 
5731 5731 5732 
5732 5732 5733 
5733 5733 5734 
5734 5734 5735 
5735 5735 5736 
5736 5736 5737 
5737 5737 5738 
5738 5738 5739 
5739 5739 5740 
5740 5740 5741 
5741 5741 5742 
5742 5742 5743 
5743 5743 5744 
5744 5744 5745 
5745 5745 5746 
5746 5746 5747 
5747 5747 5748 
5748 5748 5749 
5749 5749 5750 
5750 5750 5751 
5751 5751 5752 
5752 5752 5753 
5753 5753 5754 
5754 5754 5755 
5755 5755 5756 
5756 5756 5757 
5757 5757 5758 
5758 5758 5759 
5759 5759 5760 
5760 5760 5761 
5761 5761 5762 
5762 5762 5763 
5763 5763 5764 
5764 5764 5765 
5765 5765 5766 
5766 5766 5767 
5767 5767 5768 
5768 5768 5769 
5769 5769 5770 
5770 5770 5771 
5771 5771 5772 
5772 5772 5773 
5773 5773 5774 
5774 5774 5775 
5775 5775 5776 
5776 5776 5777 
5777 5777 5778 
5778 5778 5779 
5779 5779 5780 
5780 5780 5781 
5781 5781 5782 
5782 5782 5783 
5783 5783 5784 
5784 5784 5785 
5785 5785 5786 
5786 5786 5787 
5787 5787 5788 
5788 5788 5789 
5789 5789 5790 
5790 5790 5791 
5791 5791 5792 
5792 5792 5793 
5793 5793 5794 
5794 5794 5795 
5795 5795 5796 
5796 5796 5797 
5797 5797 5798 
5798 5798 5799 
5799 5799 5800 
5800 5800 5801 
5801 5801 5802 
5802 5802 5803 
5803 5803 5804 
5804 5804 5805 
5805 5805 5806 
5806 5806 5807 
5807 5807 5808 
5808 5808 5809 
5809 5809 5810 
5810 5810 5811 
5811 5811 5812 
5812 5812 5813 
5813 5813 5814 
5814 5814 5815 
5815 5815 5816 
5816 5816 5817 
5817 5817 5818 
5818 5818 5819 
5819 5819 5820 
5820 5820 5821 
5821 5821 5822 
5822 5822 5823 
5823 5823 5824 
5824 5824 5825 
5825 5825 5826 
5826 5826 5827 
5827 5827 5828 
5828 5828 5829 
5829 5829 5830 
5830 5830 5831 
5831 5831 5832 
5832 5832 5833 
5833 5833 5834 
5834 5834 5835 
5835 5835 5836 
5836 5836 5837 
5837 5837 5838 
5838 5838 5839 
5839 5839 5840 
5840 5840 5841 
5841 5841 5842 
5842 5842 5843 
5843 5843 5844 
5844 5844 5845 
5845 5845 5846 
5846 5846 5847 
5847 5847 5848 
5848 5848 5849 
5849 5849 5850 
5850 5850 5851 
5851 5851 5852 
5852 5852 5853 
5853 5853 5854 
5854 5854 5855 
5855 5855 5856 
5856 5856 5857 
5857 5857 5858 
5858 5858 5859 
5859 5859 5860 
5860 5860 5861 
5861 5861 5862 
5862 5862 5863 
5863 5863 5864 
5864 5864 5865 
5865 5865 5866 
5866 5866 5867 
5867 5867 5868 
5868 5868 5869 
5869 5869 5870 
5870 5870 5871 
5871 5871 5872 
5872 5872 5873 
5873 5873 5874 
5874 5874 5875 
5875 5875 5876 
5876 5876 5877 
5877 5877 5878 
5878 5878 5879 
5879 5879 5880 
5880 5880 5881 
5881 5881 5882 
5882 5882 5883 
5883 5883 5884 
5884 5884 5885 
5885 5885 5886 
5886 5886 5887 
5887 5887 5888 
5888 5888 5889 
5889 5889 5890 
5890 5890 5891 
5891 5891 5892 
5892 5892 5893 
5893 5893 5894 
5894 5894 5895 
5895 5895 5896 
5896 5896 5897 
5897 5897 5898 
5898 5898 5899 
5899 5899 5900 
5900 5900 5901 
5901 5901 5902 
5902 5902 5903 
5903 5903 5904 
5904 5904 5905 
5905 5905 5906 
5906 5906 5907 
5907 5907 5908 
5908 5908 5909 
5909 5909 5910 
5910 5910 5911 
5911 5911 5912 
5912 5912 5913 
5913 5913 5914 
5914 5914 5915 
5915 5915 5916 
5916 5916 5917 
5917 5917 5918 
5918 5918 5919 
5919 5919 5920 
5920 5920 5921 
5921 5921 5922 
5922 5922 5923 
5923 5923 5924 
5924 5924 5925 
5925 5925 5926 
5926 5926 5927 
5927 5927 5928 
5928 5928 5929 
5929 5929 5930 
5930 5930 5931 
5931 5931 5932 
5932 5932 5933 
5933 5933 5934 
5934 5934 5935 
5935 5935 5936 
5936 5936 5937 
5937 5937 5938 
5938 5938 5939 
5939 5939 5940 
5940 5940 5941 
5941 5941 5942 
5942 5942 5943 
5943 5943 5944 
5944 5944 5945 
5945 5945 5946 
5946 5946 5947 
5947 5947 5948 
5948 5948 5949 
5949 5949 5950 
5950 5950 5951 
5951 5951 5952 
5952 5952 5953 
5953 5953 5954 
5954 5954 5955 
5955 5955 5956 
5956 5956 5957 
5957 5957 5958 
5958 5958 5959 
5959 5959 5960 
5960 5960 5961 
5961 5961 5962 
5962 5962 5963 
5963 5963 5964 
5964 5964 5965 
5965 5965 5966 
5966 5966 5967 
5967 5967 5968 
5968 5968 5969 
5969 5969 5970 
5970 5970 5971 
5971 5971 5972 
5972 5972 5973 
5973 5973 5974 
5974 5974 5975 
5975 5975 5976 
5976 5976 5977 
5977 5977 5978 
5978 5978 5979 
5979 5979 5980 
5980 5980 5981 
5981 5981 5982 
5982 5982 5983 
5983 5983 5984 
5984 5984 5985 
5985 5985 5986 
5986 5986 5987 
5987 5987 5988 
5988 5988 5989 
5989 5989 5990 
5990 5990 5991 
5991 5991 5992 
5992 5992 5993 
5993 5993 5994 
5994 5994 5995 
5995 5995 5996 
5996 5996 5997 
5997 5997 5998 
5998 5998 5999 
5999 5999 6000 
6000 6000 6001 
6001 6001 6002 
6002 6002 6003 
6003 6003 6004 
6004 6004 6005 
6005 6005 6006 
6006 6006 6007 
6007 6007 6008 
6008 6008 6009 
6009 6009 6010 
6010 6010 6011 
6011 6011 6012 
6012 6012 6013 
6013 6013 6014 
6014 6014 6015 
6015 6015 6016 
6016 6016 6017 
6017 6017 6018 
6018 6018 6019 
6019 6019 6020 
6020 6020 6021 
6021 6021 6022 
6022 6022 6023 
6023 6023 6024 
6024 6024 6025 
6025 6025 6026 
6026 6026 6027 
6027 6027 6028 
6028 6028 6029 
6029 6029 6030 
6030 6030 6031 
6031 6031 6032 
6032 6032 6033 
6033 6033 6034 
6034 6034 6035 
6035 6035 6036 
6036 6036 6037 
6037 6037 6038 
6038 6038 6039 
6039 6039 6040 
6040 6040 6041 
6041 6041 6042 
6042 6042 6043 
6043 6043 6044 
6044 6044 6045 
6045 6045 6046 
6046 6046 6047 
6047 6047 6048 
6048 6048 6049 
6049 6049 6050 
6050 6050 6051 
6051 6051 6052 
6052 6052 6053 
6053 6053 6054 
6054 6054 6055 
6055 6055 6056 
6056 6056 6057 
6057 6057 6058 
6058 6058 6059 
6059 6059 6060 
6060 6060 6061 
6061 6061 6062 
6062 6062 6063 
6063 6063 6064 
6064 6064 6065 
6065 6065 6066 
6066 6066 6067 
6067 6067 6068 
6068 6068 6069 
6069 6069 6070 
6070 6070 6071 
6071 6071 6072 
6072 6072 6073 
6073 6073 6074 
6074 6074 6075 
6075 6075 6076 
6076 6076 6077 
6077 6077 6078 
6078 6078 6079 
6079 6079 6080 
6080 6080 6081 
6081 6081 6082 
6082 6082 6083 
6083 6083 6084 
6084 6084 6085 
6085 6085 6086 
6086 6086 6087 
6087 6087 6088 
6088 6088 6089 
6089 6089 6090 
6090 6090 6091 
6091 6091 6092 
6092 6092 6093 
6093 6093 6094 
6094 6094 6095 
6095 6095 6096 
6096 6096 6097 
6097 6097 6098 
6098 6098 6099 
6099 6099 6100 
6100 6100 6101 
6101 6101 6102 
6102 6102 6103 
6103 6103 6104 
6104 6104 6105 
6105 6105 6106 
6106 6106 6107 
6107 6107 6108 
6108 6108 6109 
6109 6109 6110 
6110 6110 6111 
6111 6111 6112 
6112 6112 6113 
6113 6113 6114 
6114 6114 6115 
6115 6115 6116 
6116 6116 6117 
6117 6117 6118 
6118 6118 6119 
6119 6119 6120 
6120 6120 6121 
6121 6121 6122 
6122 6122 6123 
6123 6123 6124 
6124 6124 6125 
6125 6125 6126 
6126 6126 6127 
6127 6127 6128 
6128 6128 6129 
6129 6129 6130 
6130 6130 6131 
6131 6131 6132 
6132 6132 6133 
6133 6133 6134 
6134 6134 6135 
6135 6135 6136 
6136 6136 6137 
6137 6137 6138 
6138 6138 6139 
6139 6139 6140 
6140 6140 6141 
6141 6141 6142 
6142 6142 6143 
6143 6143 6144 
6144 6144 6145 
6145 6145 6146 
6146 6146 6147 
6147 6147 6148 
6148 6148 6149 
6149 6149 6150 
6150 6150 6151 
6151 6151 6152 
6152 6152 6153 
6153 6153 6154 
6154 6154 6155 
6155 6155 6156 
6156 6156 6157 
6157 6157 6158 
6158 6158 6159 
6159 6159 6160 
6160 6160 6161 
6161 6161 6162 
6162 6162 6163 
6163 6163 6164 
6164 6164 6165 
6165 6165 6166 
6166 6166 6167 
6167 6167 6168 
6168 6168 6169 
6169 6169 6170 
6170 6170 6171 
6171 6171 6172 
6172 6172 6173 
6173 6173 6174 
6174 6174 6175 
6175 6175 6176 
6176 6176 6177 
6177 6177 6178 
6178 6178 6179 
6179 6179 6180 
6180 6180 6181 
6181 6181 6182 
6182 6182 6183 
6183 6183 6184 
6184 6184 6185 
6185 6185 6186 
6186 6186 6187 
6187 6187 6188 
6188 6188 6189 
6189 6189 6190 
6190 6190 6191 
6191 6191 6192 
6192 6192 6193 
6193 6193 6194 
6194 6194 6195 
6195 6195 6196 
6196 6196 6197 
6197 6197 6198 
6198 6198 6199 
6199 6199 6200 
6200 6200 6201 
6201 6201 6202 
6202 6202 6203 
6203 6203 6204 
6204 6204 6205 
6205 6205 6206 
6206 6206 6207 
6207 6207 6208 
6208 6208 6209 
6209 6209 6210 
6210 6210 6211 
6211 6211 6212 
6212 6212 6213 
6213 6213 6214 
6214 6214 6215 
6215 6215 6216 
6216 6216 6217 
6217 6217 6218 
6218 6218 6219 
6219 6219 6220 
6220 6220 6221 
6221 6221 6222 
6222 6222 6223 
6223 6223 6224 
6224 6224 6225 
6225 6225 6226 
6226 6226 6227 
6227 6227 6228 
6228 6228 6229 
6229 6229 6230 
6230 6230 6231 
6231 6231 6232 
6232 6232 6233 
6233 6233 6234 
6234 6234 6235 
6235 6235 6236 
6236 6236 6237 
6237 6237 6238 
6238 6238 6239 
6239 6239 6240 
6240 6240 6241 
6241 6241 6242 
6242 6242 6243 
6243 6243 6244 
6244 6244 6245 
6245 6245 6246 
6246 6246 6247 
6247 6247 6248 
6248 6248 6249 
6249 6249 6250 
6250 6250 6251 
6251 6251 6252 
6252 6252 6253 
6253 6253 6254 
6254 6254 6255 
6255 6255 6256 
6256 6256 6257 
6257 6257 6258 
6258 6258 6259 
6259 6259 6260 
6260 6260 6261 
6261 6261 6262 
6262 6262 6263 
6263 6263 6264 
6264 6264 6265 
6265 6265 6266 
6266 6266 6267 
6267 6267 6268 
6268 6268 6269 
6269 6269 6270 
6270 6270 6271 
6271 6271 6272 
6272 6272 6273 
6273 6273 6274 
6274 6274 6275 
6275 6275 6276 
6276 6276 6277 
6277 6277 6278 
6278 6278 6279 
6279 6279 6280 
6280 6280 6281 
6281 6281 6282 
6282 6282 6283 
6283 6283 6284 
6284 6284 6285 
6285 6285 6286 
6286 6286 6287 
6287 6287 6288 
6288 6288 6289 
6289 6289 6290 
6290 6290 6291 
6291 6291 6292 
6292 6292 6293 
6293 6293 6294 
6294 6294 6295 
6295 6295 6296 
6296 6296 6297 
6297 6297 6298 
6298 6298 6299 
6299 6299 6300 
6300 6300 6301 
6301 6301 6302 
6302 6302 6303 
6303 6303 6304 
6304 6304 6305 
6305 6305 6306 
6306 6306 6307 
6307 6307 6308 
6308 6308 6309 
6309 6309 6310 
6310 6310 6311 
6311 6311 6312 
6312 6312 6313 
6313 6313 6314 
6314 6314 6315 
6315 6315 6316 
6316 6316 6317 
6317 6317 6318 
6318 6318 6319 
6319 6319 6320 
6320 6320 6321 
6321 6321 6322 
6322 6322 6323 
6323 6323 6324 
6324 6324 6325 
6325 6325 6326 
6326 6326 6327 
6327 6327 6328 
6328 6328 6329 
6329 6329 6330 
6330 6330 6331 
6331 6331 6332 
6332 6332 6333 
6333 6333 6334 
6334 6334 6335 
6335 6335 6336 
6336 6336 6337 
6337 6337 6338 
6338 6338 6339 
6339 6339 6340 
6340 6340 6341 
6341 6341 6342 
6342 6342 6343 
6343 6343 6344 
6344 6344 6345 
6345 6345 6346 
6346 6346 6347 
6347 6347 6348 
6348 6348 6349 
6349 6349 6350 
6350 6350 6351 
6351 6351 6352 
6352 6352 6353 
6353 6353 6354 
6354 6354 6355 
6355 6355 6356 
6356 6356 6357 
6357 6357 6358 
6358 6358 6359 
6359 6359 6360 
6360 6360 6361 
6361 6361 6362 
6362 6362 6363 
6363 6363 6364 
6364 6364 6365 
6365 6365 6366 
6366 6366 6367 
6367 6367 6368 
6368 6368 6369 
6369 6369 6370 
6370 6370 6371 
6371 6371 6372 
6372 6372 6373 
6373 6373 6374 
6374 6374 6375 
6375 6375 6376 
6376 6376 6377 
6377 6377 6378 
6378 6378 6379 
6379 6379 6380 
6380 6380 6381 
6381 6381 6382 
6382 6382 6383 
6383 6383 6384 
6384 6384 6385 
6385 6385 6386 
6386 6386 6387 
6387 6387 6388 
6388 6388 6389 
6389 6389 6390 
6390 6390 6391 
6391 6391 6392 
6392 6392 6393 
6393 6393 6394 
6394 6394 6395 
6395 6395 6396 
6396 6396 6397 
6397 6397 6398 
6398 6398 6399 
6399 6399 6400 
6400 6400 6401 
6401 6401 6402 
6402 6402 6403 
6403 6403 6404 
6404 6404 6405 
6405 6405 6406 
6406 6406 6407 
6407 6407 6408 
6408 6408 6409 
6409 6409 6410 
6410 6410 6411 
6411 6411 6412 
6412 6412 6413 
6413 6413 6414 
6414 6414 6415 
6415 6415 6416 
6416 6416 6417 
6417 6417 6418 
6418 6418 6419 
6419 6419 6420 
6420 6420 6421 
6421 6421 6422 
6422 6422 6423 
6423 6423 6424 
6424 6424 6425 
6425 6425 6426 
6426 6426 6427 
6427 6427 6428 
6428 6428 6429 
6429 6429 6430 
6430 6430 6431 
6431 6431 6432 
6432 6432 6433 
6433 6433 6434 
6434 6434 6435 
6435 6435 6436 
6436 6436 6437 
6437 6437 6438 
6438 6438 6439 
6439 6439 6440 
6440 6440 6441 
6441 6441 6442 
6442 6442 6443 
6443 6443 6444 
6444 6444 6445 
6445 6445 6446 
6446 6446 6447 
6447 6447 6448 
6448 6448 6449 
6449 6449 6450 
6450 6450 6451 
6451 6451 6452 
6452 6452 6453 
6453 6453 6454 
6454 6454 6455 
6455 6455 6456 
6456 6456 6457 
6457 6457 6458 
6458 6458 6459 
6459 6459 6460 
6460 6460 6461 
6461 6461 6462 
6462 6462 6463 
6463 6463 6464 
6464 6464 6465 
6465 6465 6466 
6466 6466 6467 
6467 6467 6468 
6468 6468 6469 
6469 6469 6470 
6470 6470 6471 
6471 6471 6472 
6472 6472 6473 
6473 6473 6474 
6474 6474 6475 
6475 6475 6476 
6476 6476 6477 
6477 6477 6478 
6478 6478 6479 
6479 6479 6480 
6480 6480 6481 
6481 6481 6482 
6482 6482 6483 
6483 6483 6484 
6484 6484 6485 
6485 6485 6486 
6486 6486 6487 
6487 6487 6488 
6488 6488 6489 
6489 6489 6490 
6490 6490 6491 
6491 6491 6492 
6492 6492 6493 
6493 6493 6494 
6494 6494 6495 
6495 6495 6496 
6496 6496 6497 
6497 6497 6498 
6498 6498 6499 
6499 6499 6500 
6500 6500 6501 
6501 6501 6502 
6502 6502 6503 
6503 6503 6504 
6504 6504 6505 
6505 6505 6506 
6506 6506 6507 
6507 6507 6508 
6508 6508 6509 
6509 6509 6510 
6510 6510 6511 
6511 6511 6512 
6512 6512 6513 
6513 6513 6514 
6514 6514 6515 
6515 6515 6516 
6516 6516 6517 
6517 6517 6518 
6518 6518 6519 
6519 6519 6520 
6520 6520 6521 
6521 6521 6522 
6522 6522 6523 
6523 6523 6524 
6524 6524 6525 
6525 6525 6526 
6526 6526 6527 
6527 6527 6528 
6528 6528 6529 
6529 6529 6530 
6530 6530 6531 
6531 6531 6532 
6532 6532 6533 
6533 6533 6534 
6534 6534 6535 
6535 6535 6536 
6536 6536 6537 
6537 6537 6538 
6538 6538 6539 
6539 6539 6540 
6540 6540 6541 
6541 6541 6542 
6542 6542 6543 
6543 6543 6544 
6544 6544 6545 
6545 6545 6546 
6546 6546 6547 
6547 6547 6548 
6548 6548 6549 
6549 6549 6550 
6550 6550 6551 
6551 6551 6552 
6552 6552 6553 
6553 6553 6554 
6554 6554 6555 
6555 6555 6556 
6556 6556 6557 
6557 6557 6558 
6558 6558 6559 
6559 6559 6560 
6560 6560 6561 
6561 6561 6562 
6562 6562 6563 
6563 6563 6564 
6564 6564 6565 
6565 6565 6566 
6566 6566 6567 
6567 6567 6568 
6568 6568 6569 
6569 6569 6570 
6570 6570 6571 
6571 6571 6572 
6572 6572 6573 
6573 6573 6574 
6574 6574 6575 
6575 6575 6576 
6576 6576 6577 
6577 6577 6578 
6578 6578 6579 
6579 6579 6580 
6580 6580 6581 
6581 6581 6582 
6582 6582 6583 
6583 6583 6584 
6584 6584 6585 
6585 6585 6586 
6586 6586 6587 
6587 6587 6588 
6588 6588 6589 
6589 6589 6590 
6590 6590 6591 
6591 6591 6592 
6592 6592 6593 
6593 6593 6594 
6594 6594 6595 
6595 6595 6596 
6596 6596 6597 
6597 6597 6598 
6598 6598 6599 
6599 6599 6600 
6600 6600 6601 
6601 6601 6602 
6602 6602 6603 
6603 6603 6604 
6604 6604 6605 
6605 6605 6606 
6606 6606 6607 
6607 6607 6608 
6608 6608 6609 
6609 6609 6610 
6610 6610 6611 
6611 6611 6612 
6612 6612 6613 
6613 6613 6614 
6614 6614 6615 
6615 6615 6616 
6616 6616 6617 
6617 6617 6618 
6618 6618 6619 
6619 6619 6620 
6620 6620 6621 
6621 6621 6622 
6622 6622 6623 
6623 6623 6624 
6624 6624 6625 
6625 6625 6626 
6626 6626 6627 
6627 6627 6628 
6628 6628 6629 
6629 6629 6630 
6630 6630 6631 
6631 6631 6632 
6632 6632 6633 
6633 6633 6634 
6634 6634 6635 
6635 6635 6636 
6636 6636 6637 
6637 6637 6638 
6638 6638 6639 
6639 6639 6640 
6640 6640 6641 
6641 6641 6642 
6642 6642 6643 
6643 6643 6644 
6644 6644 6645 
6645 6645 6646 
6646 6646 6647 
6647 6647 6648 
6648 6648 6649 
6649 6649 6650 
6650 6650 6651 
6651 6651 6652 
6652 6652 6653 
6653 6653 6654 
6654 6654 6655 
6655 6655 6656 
6656 6656 6657 
6657 6657 6658 
6658 6658 6659 
6659 6659 6660 
6660 6660 6661 
6661 6661 6662 
6662 6662 6663 
6663 6663 6664 
6664 6664 6665 
6665 6665 6666 
6666 6666 6667 
6667 6667 6668 
6668 6668 6669 
6669 6669 6670 
6670 6670 6671 
6671 6671 6672 
6672 6672 6673 
6673 6673 6674 
6674 6674 6675 
6675 6675 6676 
6676 6676 6677 
6677 6677 6678 
6678 6678 6679 
6679 6679 6680 
6680 6680 6681 
6681 6681 6682 
6682 6682 6683 
6683 6683 6684 
6684 6684 6685 
6685 6685 6686 
6686 6686 6687 
6687 6687 6688 
6688 6688 6689 
6689 6689 6690 
6690 6690 6691 
6691 6691 6692 
6692 6692 6693 
6693 6693 6694 
6694 6694 6695 
6695 6695 6696 
6696 6696 6697 
6697 6697 6698 
6698 6698 6699 
6699 6699 6700 
6700 6700 6701 
6701 6701 6702 
6702 6702 6703 
6703 6703 6704 
6704 6704 6705 
6705 6705 6706 
6706 6706 6707 
6707 6707 6708 
6708 6708 6709 
6709 6709 6710 
6710 6710 6711 
6711 6711 6712 
6712 6712 6713 
6713 6713 6714 
6714 6714 6715 
6715 6715 6716 
6716 6716 6717 
6717 6717 6718 
6718 6718 6719 
6719 6719 6720 
6720 6720 6721 
6721 6721 6722 
6722 6722 6723 
6723 6723 6724 
6724 6724 6725 
6725 6725 6726 
6726 6726 6727 
6727 6727 6728 
6728 6728 6729 
6729 6729 6730 
6730 6730 6731 
6731 6731 6732 
6732 6732 6733 
6733 6733 6734 
6734 6734 6735 
6735 6735 6736 
6736 6736 6737 
6737 6737 6738 
6738 6738 6739 
6739 6739 6740 
6740 6740 6741 
6741 6741 6742 
6742 6742 6743 
6743 6743 6744 
6744 6744 6745 
6745 6745 6746 
6746 6746 6747 
6747 6747 6748 
6748 6748 6749 
6749 6749 6750 
6750 6750 6751 
6751 6751 6752 
6752 6752 6753 
6753 6753 6754 
6754 6754 6755 
6755 6755 6756 
6756 6756 6757 
6757 6757 6758 
6758 6758 6759 
6759 6759 6760 
6760 6760 6761 
6761 6761 6762 
6762 6762 6763 
6763 6763 6764 
6764 6764 6765 
6765 6765 6766 
6766 6766 6767 
6767 6767 6768 
6768 6768 6769 
6769 6769 6770 
6770 6770 6771 
6771 6771 6772 
6772 6772 6773 
6773 6773 6774 
6774 6774 6775 
6775 6775 6776 
6776 6776 6777 
6777 6777 6778 
6778 6778 6779 
6779 6779 6780 
6780 6780 6781 
6781 6781 6782 
6782 6782 6783 
6783 6783 6784 
6784 6784 6785 
6785 6785 6786 
6786 6786 6787 
6787 6787 6788 
6788 6788 6789 
6789 6789 6790 
6790 6790 6791 
6791 6791 6792 
6792 6792 6793 
6793 6793 6794 
6794 6794 6795 
6795 6795 6796 
6796 6796 6797 
6797 6797 6798 
6798 6798 6799 
6799 6799 6800 
6800 6800 6801 
6801 6801 6802 
6802 6802 6803 
6803 6803 6804 
6804 6804 6805 
6805 6805 6806 
6806 6806 6807 
6807 6807 6808 
6808 6808 6809 
6809 6809 6810 
6810 6810 6811 
6811 6811 6812 
6812 6812 6813 
6813 6813 6814 
6814 6814 6815 
6815 6815 6816 
6816 6816 6817 
6817 6817 6818 
6818 6818 6819 
6819 6819 6820 
6820 6820 6821 
6821 6821 6822 
6822 6822 6823 
6823 6823 6824 
6824 6824 6825 
6825 6825 6826 
6826 6826 6827 
6827 6827 6828 
6828 6828 6829 
6829 6829 6830 
6830 6830 6831 
6831 6831 6832 
6832 6832 6833 
6833 6833 6834 
6834 6834 6835 
6835 6835 6836 
6836 6836 6837 
6837 6837 6838 
6838 6838 6839 
6839 6839 6840 
6840 6840 6841 
6841 6841 6842 
6842 6842 6843 
6843 6843 6844 
6844 6844 6845 
6845 6845 6846 
6846 6846 6847 
6847 6847 6848 
6848 6848 6849 
6849 6849 6850 
6850 6850 6851 
6851 6851 6852 
6852 6852 6853 
6853 6853 6854 
6854 6854 6855 
6855 6855 6856 
6856 6856 6857 
6857 6857 6858 
6858 6858 6859 
6859 6859 6860 
6860 6860 6861 
6861 6861 6862 
6862 6862 6863 
6863 6863 6864 
6864 6864 6865 
6865 6865 6866 
6866 6866 6867 
6867 6867 6868 
6868 6868 6869 
6869 6869 6870 
6870 6870 6871 
6871 6871 6872 
6872 6872 6873 
6873 6873 6874 
6874 6874 6875 
6875 6875 6876 
6876 6876 6877 
6877 6877 6878 
6878 6878 6879 
6879 6879 6880 
6880 6880 6881 
6881 6881 6882 
6882 6882 6883 
6883 6883 6884 
6884 6884 6885 
6885 6885 6886 
6886 6886 6887 
6887 6887 6888 
6888 6888 6889 
6889 6889 6890 
6890 6890 6891 
6891 6891 6892 
6892 6892 6893 
6893 6893 6894 
6894 6894 6895 
6895 6895 6896 
6896 6896 6897 
6897 6897 6898 
6898 6898 6899 
6899 6899 6900 
6900 6900 6901 
6901 6901 6902 
6902 6902 6903 
6903 6903 6904 
6904 6904 6905 
6905 6905 6906 
6906 6906 6907 
6907 6907 6908 
6908 6908 6909 
6909 6909 6910 
6910 6910 6911 
6911 6911 6912 
6912 6912 6913 
6913 6913 6914 
6914 6914 6915 
6915 6915 6916 
6916 6916 6917 
6917 6917 6918 
6918 6918 6919 
6919 6919 6920 
6920 6920 6921 
6921 6921 6922 
6922 6922 6923 
6923 6923 6924 
6924 6924 6925 
6925 6925 6926 
6926 6926 6927 
6927 6927 6928 
6928 6928 6929 
6929 6929 6930 
6930 6930 6931 
6931 6931 6932 
6932 6932 6933 
6933 6933 6934 
6934 6934 6935 
6935 6935 6936 
6936 6936 6937 
6937 6937 6938 
6938 6938 6939 
6939 6939 6940 
6940 6940 6941 
6941 6941 6942 
6942 6942 6943 
6943 6943 6944 
6944 6944 6945 
6945 6945 6946 
6946 6946 6947 
6947 6947 6948 
6948 6948 6949 
6949 6949 6950 
6950 6950 6951 
6951 6951 6952 
6952 6952 6953 
6953 6953 6954 
6954 6954 6955 
6955 6955 6956 
6956 6956 6957 
6957 6957 6958 
6958 6958 6959 
6959 6959 6960 
6960 6960 6961 
6961 6961 6962 
6962 6962 6963 
6963 6963 6964 
6964 6964 6965 
6965 6965 6966 
6966 6966 6967 
6967 6967 6968 
6968 6968 6969 
6969 6969 6970 
6970 6970 6971 
6971 6971 6972 
6972 6972 6973 
6973 6973 6974 
6974 6974 6975 
6975 6975 6976 
6976 6976 6977 
6977 6977 6978 
6978 6978 6979 
6979 6979 6980 
6980 6980 6981 
6981 6981 6982 
6982 6982 6983 
6983 6983 6984 
6984 6984 6985 
6985 6985 6986 
6986 6986 6987 
6987 6987 6988 
6988 6988 6989 
6989 6989 6990 
6990 6990 6991 
6991 6991 6992 
6992 6992 6993 
6993 6993 6994 
6994 6994 6995 
6995 6995 6996 
6996 6996 6997 
6997 6997 6998 
6998 6998 6999 
6999 6999 7000 
7000 7000 7001 
7001 7001 7002 
7002 7002 7003 
7003 7003 7004 
7004 7004 7005 
7005 7005 7006 
7006 7006 7007 
7007 7007 7008 
7008 7008 7009 
7009 7009 7010 
7010 7010 7011 
7011 7011 7012 
7012 7012 7013 
7013 7013 7014 
7014 7014 7015 
7015 7015 7016 
7016 7016 7017 
7017 7017 7018 
7018 7018 7019 
7019 7019 7020 
7020 7020 7021 
7021 7021 7022 
7022 7022 7023 
7023 7023 7024 
7024 7024 7025 
7025 7025 7026 
7026 7026 7027 
7027 7027 7028 
7028 7028 7029 
7029 7029 7030 
7030 7030 7031 
7031 7031 7032 
7032 7032 7033 
7033 7033 7034 
7034 7034 7035 
7035 7035 7036 
7036 7036 7037 
7037 7037 7038 
7038 7038 7039 
7039 7039 7040 
7040 7040 7041 
7041 7041 7042 
7042 7042 7043 
7043 7043 7044 
7044 7044 7045 
7045 7045 7046 
7046 7046 7047 
7047 7047 7048 
7048 7048 7049 
7049 7049 7050 
7050 7050 7051 
7051 7051 7052 
7052 7052 7053 
7053 7053 7054 
7054 7054 7055 
7055 7055 7056 
7056 7056 7057 
7057 7057 7058 
7058 7058 7059 
7059 7059 7060 
7060 7060 7061 
7061 7061 7062 
7062 7062 7063 
7063 7063 7064 
7064 7064 7065 
7065 7065 7066 
7066 7066 7067 
7067 7067 7068 
7068 7068 7069 
7069 7069 7070 
7070 7070 7071 
7071 7071 7072 
7072 7072 7073 
7073 7073 7074 
7074 7074 7075 
7075 7075 7076 
7076 7076 7077 
7077 7077 7078 
7078 7078 7079 
7079 7079 7080 
7080 7080 7081 
7081 7081 7082 
7082 7082 7083 
7083 7083 7084 
7084 7084 7085 
7085 7085 7086 
7086 7086 7087 
7087 7087 7088 
7088 7088 7089 
7089 7089 7090 
7090 7090 7091 
7091 7091 7092 
7092 7092 7093 
7093 7093 7094 
7094 7094 7095 
7095 7095 7096 
7096 7096 7097 
7097 7097 7098 
7098 7098 7099 
7099 7099 7100 
7100 7100 7101 
7101 7101 7102 
7102 7102 7103 
7103 7103 7104 
7104 7104 7105 
7105 7105 7106 
7106 7106 7107 
7107 7107 7108 
7108 7108 7109 
7109 7109 7110 
7110 7110 7111 
7111 7111 7112 
7112 7112 7113 
7113 7113 7114 
7114 7114 7115 
7115 7115 7116 
7116 7116 7117 
7117 7117 7118 
7118 7118 7119 
7119 7119 7120 
7120 7120 7121 
7121 7121 7122 
7122 7122 7123 
7123 7123 7124 
7124 7124 7125 
7125 7125 7126 
7126 7126 7127 
7127 7127 7128 
7128 7128 7129 
7129 7129 7130 
7130 7130 7131 
7131 7131 7132 
7132 7132 7133 
7133 7133 7134 
7134 7134 7135 
7135 7135 7136 
7136 7136 7137 
7137 7137 7138 
7138 7138 7139 
7139 7139 7140 
7140 7140 7141 
7141 7141 7142 
7142 7142 7143 
7143 7143 7144 
7144 7144 7145 
7145 7145 7146 
7146 7146 7147 
7147 7147 7148 
7148 7148 7149 
7149 7149 7150 
7150 7150 7151 
7151 7151 7152 
7152 7152 7153 
7153 7153 7154 
7154 7154 7155 
7155 7155 7156 
7156 7156 7157 
7157 7157 7158 
7158 7158 7159 
7159 7159 7160 
7160 7160 7161 
7161 7161 7162 
7162 7162 7163 
7163 7163 7164 
7164 7164 7165 
7165 7165 7166 
7166 7166 7167 
7167 7167 7168 
7168 7168 7169 
7169 7169 7170 
7170 7170 7171 
7171 7171 7172 
7172 7172 7173 
7173 7173 7174 
7174 7174 7175 
7175 7175 7176 
7176 7176 7177 
7177 7177 7178 
7178 7178 7179 
7179 7179 7180 
7180 7180 7181 
7181 7181 7182 
7182 7182 7183 
7183 7183 7184 
7184 7184 7185 
7185 7185 7186 
7186 7186 7187 
7187 7187 7188 
7188 7188 7189 
7189 7189 7190 
7190 7190 7191 
7191 7191 7192 
7192 7192 7193 
7193 7193 7194 
7194 7194 7195 
7195 7195 7196 
7196 7196 7197 
7197 7197 7198 
7198 7198 7199 
7199 7199 7200 
7200 7200 7201 
7201 7201 7202 
7202 7202 7203 
7203 7203 7204 
7204 7204 7205 
7205 7205 7206 
7206 7206 7207 
7207 7207 7208 
7208 7208 7209 
7209 7209 7210 
7210 7210 7211 
7211 7211 7212 
7212 7212 7213 
7213 7213 7214 
7214 7214 7215 
7215 7215 7216 
7216 7216 7217 
7217 7217 7218 
7218 7218 7219 
7219 7219 7220 
7220 7220 7221 
7221 7221 7222 
7222 7222 7223 
7223 7223 7224 
7224 7224 7225 
7225 7225 7226 
7226 7226 7227 
7227 7227 7228 
7228 7228 7229 
7229 7229 7230 
7230 7230 7231 
7231 7231 7232 
7232 7232 7233 
7233 7233 7234 
7234 7234 7235 
7235 7235 7236 
7236 7236 7237 
7237 7237 7238 
7238 7238 7239 
7239 7239 7240 
7240 7240 7241 
7241 7241 7242 
7242 7242 7243 
7243 7243 7244 
7244 7244 7245 
7245 7245 7246 
7246 7246 7247 
7247 7247 7248 
7248 7248 7249 
7249 7249 7250 
7250 7250 7251 
7251 7251 7252 
7252 7252 7253 
7253 7253 7254 
7254 7254 7255 
7255 7255 7256 
7256 7256 7257 
7257 7257 7258 
7258 7258 7259 
7259 7259 7260 
7260 7260 7261 
7261 7261 7262 
7262 7262 7263 
7263 7263 7264 
7264 7264 7265 
7265 7265 7266 
7266 7266 7267 
7267 7267 7268 
7268 7268 7269 
7269 7269 7270 
7270 7270 7271 
7271 7271 7272 
7272 7272 7273 
7273 7273 7274 
7274 7274 7275 
7275 7275 7276 
7276 7276 7277 
7277 7277 7278 
7278 7278 7279 
7279 7279 7280 
7280 7280 7281 
7281 7281 7282 
7282 7282 7283 
7283 7283 7284 
7284 7284 7285 
7285 7285 7286 
7286 7286 7287 
7287 7287 7288 
7288 7288 7289 
7289 7289 7290 
7290 7290 7291 
7291 7291 7292 
7292 7292 7293 
7293 7293 7294 
7294 7294 7295 
7295 7295 7296 
7296 7296 7297 
7297 7297 7298 
7298 7298 7299 
7299 7299 7300 
7300 7300 7301 
7301 7301 7302 
7302 7302 7303 
7303 7303 7304 
7304 7304 7305 
7305 7305 7306 
7306 7306 7307 
7307 7307 7308 
7308 7308 7309 
7309 7309 7310 
7310 7310 7311 
7311 7311 7312 
7312 7312 7313 
7313 7313 7314 
7314 7314 7315 
7315 7315 7316 
7316 7316 7317 
7317 7317 7318 
7318 7318 7319 
7319 7319 7320 
7320 7320 7321 
7321 7321 7322 
7322 7322 7323 
7323 7323 7324 
7324 7324 7325 
7325 7325 7326 
7326 7326 7327 
7327 7327 7328 
7328 7328 7329 
7329 7329 7330 
7330 7330 7331 
7331 7331 7332 
7332 7332 7333 
7333 7333 7334 
7334 7334 7335 
7335 7335 7336 
7336 7336 7337 
7337 7337 7338 
7338 7338 7339 
7339 7339 7340 
7340 7340 7341 
7341 7341 7342 
7342 7342 7343 
7343 7343 7344 
7344 7344 7345 
7345 7345 7346 
7346 7346 7347 
7347 7347 7348 
7348 7348 7349 
7349 7349 7350 
7350 7350 7351 
7351 7351 7352 
7352 7352 7353 
7353 7353 7354 
7354 7354 7355 
7355 7355 7356 
7356 7356 7357 
7357 7357 7358 
7358 7358 7359 
7359 7359 7360 
7360 7360 7361 
7361 7361 7362 
7362 7362 7363 
7363 7363 7364 
7364 7364 7365 
7365 7365 7366 
7366 7366 7367 
7367 7367 7368 
7368 7368 7369 
7369 7369 7370 
7370 7370 7371 
7371 7371 7372 
7372 7372 7373 
7373 7373 7374 
7374 7374 7375 
7375 7375 7376 
7376 7376 7377 
7377 7377 7378 
7378 7378 7379 
7379 7379 7380 
7380 7380 7381 
7381 7381 7382 
7382 7382 7383 
7383 7383 7384 
7384 7384 7385 
7385 7385 7386 
7386 7386 7387 
7387 7387 7388 
7388 7388 7389 
7389 7389 7390 
7390 7390 7391 
7391 7391 7392 
7392 7392 7393 
7393 7393 7394 
7394 7394 7395 
7395 7395 7396 
7396 7396 7397 
7397 7397 7398 
7398 7398 7399 
7399 7399 7400 
7400 7400 7401 
7401 7401 7402 
7402 7402 7403 
7403 7403 7404 
7404 7404 7405 
7405 7405 7406 
7406 7406 7407 
7407 7407 7408 
7408 7408 7409 
7409 7409 7410 
7410 7410 7411 
7411 7411 7412 
7412 7412 7413 
7413 7413 7414 
7414 7414 7415 
7415 7415 7416 
7416 7416 7417 
7417 7417 7418 
7418 7418 7419 
7419 7419 7420 
7420 7420 7421 
7421 7421 7422 
7422 7422 7423 
7423 7423 7424 
7424 7424 7425 
7425 7425 7426 
7426 7426 7427 
7427 7427 7428 
7428 7428 7429 
7429 7429 7430 
7430 7430 7431 
7431 7431 7432 
7432 7432 7433 
7433 7433 7434 
7434 7434 7435 
7435 7435 7436 
7436 7436 7437 
7437 7437 7438 
7438 7438 7439 
7439 7439 7440 
7440 7440 7441 
7441 7441 7442 
7442 7442 7443 
7443 7443 7444 
7444 7444 7445 
7445 7445 7446 
7446 7446 7447 
7447 7447 7448 
7448 7448 7449 
7449 7449 7450 
7450 7450 7451 
7451 7451 7452 
7452 7452 7453 
7453 7453 7454 
7454 7454 7455 
7455 7455 7456 
7456 7456 7457 
7457 7457 7458 
7458 7458 7459 
7459 7459 7460 
7460 7460 7461 
7461 7461 7462 
7462 7462 7463 
7463 7463 7464 
7464 7464 7465 
7465 7465 7466 
7466 7466 7467 
7467 7467 7468 
7468 7468 7469 
7469 7469 7470 
7470 7470 7471 
7471 7471 7472 
7472 7472 7473 
7473 7473 7474 
7474 7474 7475 
7475 7475 7476 
7476 7476 7477 
7477 7477 7478 
7478 7478 7479 
7479 7479 7480 
7480 7480 7481 
7481 7481 7482 
7482 7482 7483 
7483 7483 7484 
7484 7484 7485 
7485 7485 7486 
7486 7486 7487 
7487 7487 7488 
7488 7488 7489 
7489 7489 7490 
7490 7490 7491 
7491 7491 7492 
7492 7492 7493 
7493 7493 7494 
7494 7494 7495 
7495 7495 7496 
7496 7496 7497 
7497 7497 7498 
7498 7498 7499 
7499 7499 7500 
7500 7500 7501 
7501 7501 7502 
7502 7502 7503 
7503 7503 7504 
7504 7504 7505 
7505 7505 7506 
7506 7506 7507 
7507 7507 7508 
7508 7508 7509 
7509 7509 7510 
7510 7510 7511 
7511 7511 7512 
7512 7512 7513 
7513 7513 7514 
7514 7514 7515 
7515 7515 7516 
7516 7516 7517 
7517 7517 7518 
7518 7518 7519 
7519 7519 7520 
7520 7520 7521 
7521 7521 7522 
7522 7522 7523 
7523 7523 7524 
7524 7524 7525 
7525 7525 7526 
7526 7526 7527 
7527 7527 7528 
7528 7528 7529 
7529 7529 7530 
7530 7530 7531 
7531 7531 7532 
7532 7532 7533 
7533 7533 7534 
7534 7534 7535 
7535 7535 7536 
7536 7536 7537 
7537 7537 7538 
7538 7538 7539 
7539 7539 7540 
7540 7540 7541 
7541 7541 7542 
7542 7542 7543 
7543 7543 7544 
7544 7544 7545 
7545 7545 7546 
7546 7546 7547 
7547 7547 7548 
7548 7548 7549 
7549 7549 7550 
7550 7550 7551 
7551 7551 7552 
7552 7552 7553 
7553 7553 7554 
7554 7554 7555 
7555 7555 7556 
7556 7556 7557 
7557 7557 7558 
7558 7558 7559 
7559 7559 7560 
7560 7560 7561 
7561 7561 7562 
7562 7562 7563 
7563 7563 7564 
7564 7564 7565 
7565 7565 7566 
7566 7566 7567 
7567 7567 7568 
7568 7568 7569 
7569 7569 7570 
7570 7570 7571 
7571 7571 7572 
7572 7572 7573 
7573 7573 7574 
7574 7574 7575 
7575 7575 7576 
7576 7576 7577 
7577 7577 7578 
7578 7578 7579 
7579 7579 7580 
7580 7580 7581 
7581 7581 7582 
7582 7582 7583 
7583 7583 7584 
7584 7584 7585 
7585 7585 7586 
7586 7586 7587 
7587 7587 7588 
7588 7588 7589 
7589 7589 7590 
7590 7590 7591 
7591 7591 7592 
7592 7592 7593 
7593 7593 7594 
7594 7594 7595 
7595 7595 7596 
7596 7596 7597 
7597 7597 7598 
7598 7598 7599 
7599 7599 7600 
7600 7600 7601 
7601 7601 7602 
7602 7602 7603 
7603 7603 7604 
7604 7604 7605 
7605 7605 7606 
7606 7606 7607 
7607 7607 7608 
7608 7608 7609 
7609 7609 7610 
7610 7610 7611 
7611 7611 7612 
7612 7612 7613 
7613 7613 7614 
7614 7614 7615 
7615 7615 7616 
7616 7616 7617 
7617 7617 7618 
7618 7618 7619 
7619 7619 7620 
7620 7620 7621 
7621 7621 7622 
7622 7622 7623 
7623 7623 7624 
7624 7624 7625 
7625 7625 7626 
7626 7626 7627 
7627 7627 7628 
7628 7628 7629 
7629 7629 7630 
7630 7630 7631 
7631 7631 7632 
7632 7632 7633 
7633 7633 7634 
7634 7634 7635 
7635 7635 7636 
7636 7636 7637 
7637 7637 7638 
7638 7638 7639 
7639 7639 7640 
7640 7640 7641 
7641 7641 7642 
7642 7642 7643 
7643 7643 7644 
7644 7644 7645 
7645 7645 7646 
7646 7646 7647 
7647 7647 7648 
7648 7648 7649 
7649 7649 7650 
7650 7650 7651 
7651 7651 7652 
7652 7652 7653 
7653 7653 7654 
7654 7654 7655 
7655 7655 7656 
7656 7656 7657 
7657 7657 7658 
7658 7658 7659 
7659 7659 7660 
7660 7660 7661 
7661 7661 7662 
7662 7662 7663 
7663 7663 7664 
7664 7664 7665 
7665 7665 7666 
7666 7666 7667 
7667 7667 7668 
7668 7668 7669 
7669 7669 7670 
7670 7670 7671 
7671 7671 7672 
7672 7672 7673 
7673 7673 7674 
7674 7674 7675 
7675 7675 7676 
7676 7676 7677 
7677 7677 7678 
7678 7678 7679 
7679 7679 7680 
7680 7680 7681 
7681 7681 7682 
7682 7682 7683 
7683 7683 7684 
7684 7684 7685 
7685 7685 7686 
7686 7686 7687 
7687 7687 7688 
7688 7688 7689 
7689 7689 7690 
7690 7690 7691 
7691 7691 7692 
7692 7692 7693 
7693 7693 7694 
7694 7694 7695 
7695 7695 7696 
7696 7696 7697 
7697 7697 7698 
7698 7698 7699 
7699 7699 7700 
7700 7700 7701 
7701 7701 7702 
7702 7702 7703 
7703 7703 7704 
7704 7704 7705 
7705 7705 7706 
7706 7706 7707 
7707 7707 7708 
7708 7708 7709 
7709 7709 7710 
7710 7710 7711 
7711 7711 7712 
7712 7712 7713 
7713 7713 7714 
7714 7714 7715 
7715 7715 7716 
7716 7716 7717 
7717 7717 7718 
7718 7718 7719 
7719 7719 7720 
7720 7720 7721 
7721 7721 7722 
7722 7722 7723 
7723 7723 7724 
7724 7724 7725 
7725 7725 7726 
7726 7726 7727 
7727 7727 7728 
7728 7728 7729 
7729 7729 7730 
7730 7730 7731 
7731 7731 7732 
7732 7732 7733 
7733 7733 7734 
7734 7734 7735 
7735 7735 7736 
7736 7736 7737 
7737 7737 7738 
7738 7738 7739 
7739 7739 7740 
7740 7740 7741 
7741 7741 7742 
7742 7742 7743 
7743 7743 7744 
7744 7744 7745 
7745 7745 7746 
7746 7746 7747 
7747 7747 7748 
7748 7748 7749 
7749 7749 7750 
7750 7750 7751 
7751 7751 7752 
7752 7752 7753 
7753 7753 7754 
7754 7754 7755 
7755 7755 7756 
7756 7756 7757 
7757 7757 7758 
7758 7758 7759 
7759 7759 7760 
7760 7760 7761 
7761 7761 7762 
7762 7762 7763 
7763 7763 7764 
7764 7764 7765 
7765 7765 7766 
7766 7766 7767 
7767 7767 7768 
7768 7768 7769 
7769 7769 7770 
7770 7770 7771 
7771 7771 7772 
7772 7772 7773 
7773 7773 7774 
7774 7774 7775 
7775 7775 7776 
7776 7776 7777 
7777 7777 7778 
7778 7778 7779 
7779 7779 7780 
7780 7780 7781 
7781 7781 7782 
7782 7782 7783 
7783 7783 7784 
7784 7784 7785 
7785 7785 7786 
7786 7786 7787 
7787 7787 7788 
7788 7788 7789 
7789 7789 7790 
7790 7790 7791 
7791 7791 7792 
7792 7792 7793 
7793 7793 7794 
7794 7794 7795 
7795 7795 7796 
7796 7796 7797 
7797 7797 7798 
7798 7798 7799 
7799 7799 7800 
7800 7800 7801 
7801 7801 7802 
7802 7802 7803 
7803 7803 7804 
7804 7804 7805 
7805 7805 7806 
7806 7806 7807 
7807 7807 7808 
7808 7808 7809 
7809 7809 7810 
7810 7810 7811 
7811 7811 7812 
7812 7812 7813 
7813 7813 7814 
7814 7814 7815 
7815 7815 7816 
7816 7816 7817 
7817 7817 7818 
7818 7818 7819 
7819 7819 7820 
7820 7820 7821 
7821 7821 7822 
7822 7822 7823 
7823 7823 7824 
7824 7824 7825 
7825 7825 7826 
7826 7826 7827 
7827 7827 7828 
7828 7828 7829 
7829 7829 7830 
7830 7830 7831 
7831 7831 7832 
7832 7832 7833 
7833 7833 7834 
7834 7834 7835 
7835 7835 7836 
7836 7836 7837 
7837 7837 7838 
7838 7838 7839 
7839 7839 7840 
7840 7840 7841 
7841 7841 7842 
7842 7842 7843 
7843 7843 7844 
7844 7844 7845 
7845 7845 7846 
7846 7846 7847 
7847 7847 7848 
7848 7848 7849 
7849 7849 7850 
7850 7850 7851 
7851 7851 7852 
7852 7852 7853 
7853 7853 7854 
7854 7854 7855 
7855 7855 7856 
7856 7856 7857 
7857 7857 7858 
7858 7858 7859 
7859 7859 7860 
7860 7860 7861 
7861 7861 7862 
7862 7862 7863 
7863 7863 7864 
7864 7864 7865 
7865 7865 7866 
7866 7866 7867 
7867 7867 7868 
7868 7868 7869 
7869 7869 7870 
7870 7870 7871 
7871 7871 7872 
7872 7872 7873 
7873 7873 7874 
7874 7874 7875 
7875 7875 7876 
7876 7876 7877 
7877 7877 7878 
7878 7878 7879 
7879 7879 7880 
7880 7880 7881 
7881 7881 7882 
7882 7882 7883 
7883 7883 7884 
7884 7884 7885 
7885 7885 7886 
7886 7886 7887 
7887 7887 7888 
7888 7888 7889 
7889 7889 7890 
7890 7890 7891 
7891 7891 7892 
7892 7892 7893 
7893 7893 7894 
7894 7894 7895 
7895 7895 7896 
7896 7896 7897 
7897 7897 7898 
7898 7898 7899 
7899 7899 7900 
7900 7900 7901 
7901 7901 7902 
7902 7902 7903 
7903 7903 7904 
7904 7904 7905 
7905 7905 7906 
7906 7906 7907 
7907 7907 7908 
7908 7908 7909 
7909 7909 7910 
7910 7910 7911 
7911 7911 7912 
7912 7912 7913 
7913 7913 7914 
7914 7914 7915 
7915 7915 7916 
7916 7916 7917 
7917 7917 7918 
7918 7918 7919 
7919 7919 7920 
7920 7920 7921 
7921 7921 7922 
7922 7922 7923 
7923 7923 7924 
7924 7924 7925 
7925 7925 7926 
7926 7926 7927 
7927 7927 7928 
7928 7928 7929 
7929 7929 7930 
7930 7930 7931 
7931 7931 7932 
7932 7932 7933 
7933 7933 7934 
7934 7934 7935 
7935 7935 7936 
7936 7936 7937 
7937 7937 7938 
7938 7938 7939 
7939 7939 7940 
7940 7940 7941 
7941 7941 7942 
7942 7942 7943 
7943 7943 7944 
7944 7944 7945 
7945 7945 7946 
7946 7946 7947 
7947 7947 7948 
7948 7948 7949 
7949 7949 7950 
7950 7950 7951 
7951 7951 7952 
7952 7952 7953 
7953 7953 7954 
7954 7954 7955 
7955 7955 7956 
7956 7956 7957 
7957 7957 7958 
7958 7958 7959 
7959 7959 7960 
7960 7960 7961 
7961 7961 7962 
7962 7962 7963 
7963 7963 7964 
7964 7964 7965 
7965 7965 7966 
7966 7966 7967 
7967 7967 7968 
7968 7968 7969 
7969 7969 7970 
7970 7970 7971 
7971 7971 7972 
7972 7972 7973 
7973 7973 7974 
7974 7974 7975 
7975 7975 7976 
7976 7976 7977 
7977 7977 7978 
7978 7978 7979 
7979 7979 7980 
7980 7980 7981 
7981 7981 7982 
7982 7982 7983 
7983 7983 7984 
7984 7984 7985 
7985 7985 7986 
7986 7986 7987 
7987 7987 7988 
7988 7988 7989 
7989 7989 7990 
7990 7990 7991 
7991 7991 7992 
7992 7992 7993 
7993 7993 7994 
7994 7994 7995 
7995 7995 7996 
7996 7996 7997 
7997 7997 7998 
7998 7998 7999 
7999 7999 8000 
8000 8000 8001 
8001 8001 8002 
8002 8002 8003 
8003 8003 8004 
8004 8004 8005 
8005 8005 8006 
8006 8006 8007 
8007 8007 8008 
8008 8008 8009 
8009 8009 8010 
8010 8010 8011 
8011 8011 8012 
8012 8012 8013 
8013 8013 8014 
8014 8014 8015 
8015 8015 8016 
8016 8016 8017 
8017 8017 8018 
8018 8018 8019 
8019 8019 8020 
8020 8020 8021 
8021 8021 8022 
8022 8022 8023 
8023 8023 8024 
8024 8024 8025 
8025 8025 8026 
8026 8026 8027 
8027 8027 8028 
8028 8028 8029 
8029 8029 8030 
8030 8030 8031 
8031 8031 8032 
8032 8032 8033 
8033 8033 8034 
8034 8034 8035 
8035 8035 8036 
8036 8036 8037 
8037 8037 8038 
8038 8038 8039 
8039 8039 8040 
8040 8040 8041 
8041 8041 8042 
8042 8042 8043 
8043 8043 8044 
8044 8044 8045 
8045 8045 8046 
8046 8046 8047 
8047 8047 8048 
8048 8048 8049 
8049 8049 8050 
8050 8050 8051 
8051 8051 8052 
8052 8052 8053 
8053 8053 8054 
8054 8054 8055 
8055 8055 8056 
8056 8056 8057 
8057 8057 8058 
8058 8058 8059 
8059 8059 8060 
8060 8060 8061 
8061 8061 8062 
8062 8062 8063 
8063 8063 8064 
8064 8064 8065 
8065 8065 8066 
8066 8066 8067 
8067 8067 8068 
8068 8068 8069 
8069 8069 8070 
8070 8070 8071 
8071 8071 8072 
8072 8072 8073 
8073 8073 8074 
8074 8074 8075 
8075 8075 8076 
8076 8076 8077 
8077 8077 8078 
8078 8078 8079 
8079 8079 8080 
8080 8080 8081 
8081 8081 8082 
8082 8082 8083 
8083 8083 8084 
8084 8084 8085 
8085 8085 8086 
8086 8086 8087 
8087 8087 8088 
8088 8088 8089 
8089 8089 8090 
8090 8090 8091 
8091 8091 8092 
8092 8092 8093 
8093 8093 8094 
8094 8094 8095 
8095 8095 8096 
8096 8096 8097 
8097 8097 8098 
8098 8098 8099 
8099 8099 8100 
8100 8100 8101 
8101 8101 8102 
8102 8102 8103 
8103 8103 8104 
8104 8104 8105 
8105 8105 8106 
8106 8106 8107 
8107 8107 8108 
8108 8108 8109 
8109 8109 8110 
8110 8110 8111 
8111 8111 8112 
8112 8112 8113 
8113 8113 8114 
8114 8114 8115 
8115 8115 8116 
8116 8116 8117 
8117 8117 8118 
8118 8118 8119 
8119 8119 8120 
8120 8120 8121 
8121 8121 8122 
8122 8122 8123 
8123 8123 8124 
8124 8124 8125 
8125 8125 8126 
8126 8126 8127 
8127 8127 8128 
8128 8128 8129 
8129 8129 8130 
8130 8130 8131 
8131 8131 8132 
8132 8132 8133 
8133 8133 8134 
8134 8134 8135 
8135 8135 8136 
8136 8136 8137 
8137 8137 8138 
8138 8138 8139 
8139 8139 8140 
8140 8140 8141 
8141 8141 8142 
8142 8142 8143 
8143 8143 8144 
8144 8144 8145 
8145 8145 8146 
8146 8146 8147 
8147 8147 8148 
8148 8148 8149 
8149 8149 8150 
8150 8150 8151 
8151 8151 8152 
8152 8152 8153 
8153 8153 8154 
8154 8154 8155 
8155 8155 8156 
8156 8156 8157 
8157 8157 8158 
8158 8158 8159 
8159 8159 8160 
8160 8160 8161 
8161 8161 8162 
8162 8162 8163 
8163 8163 8164 
8164 8164 8165 
8165 8165 8166 
8166 8166 8167 
8167 8167 8168 
8168 8168 8169 
8169 8169 8170 
8170 8170 8171 
8171 8171 8172 
8172 8172 8173 
8173 8173 8174 
8174 8174 8175 
8175 8175 8176 
8176 8176 8177 
8177 8177 8178 
8178 8178 8179 
8179 8179 8180 
8180 8180 8181 
8181 8181 8182 
8182 8182 8183 
8183 8183 8184 
8184 8184 8185 
8185 8185 8186 
8186 8186 8187 
8187 8187 8188 
8188 8188 8189 
8189 8189 8190 
8190 8190 8191 
8191 8191 8192 
8192 8192 8193 
8193 8193 8194 
8194 8194 8195 
8195 8195 8196 
8196 8196 8197 
8197 8197 8198 
8198 8198 8199 
8199 8199 8200 
8200 8200 8201 
8201 8201 8202 
8202 8202 8203 
8203 8203 8204 
8204 8204 8205 
8205 8205 8206 
8206 8206 8207 
8207 8207 8208 
8208 8208 8209 
8209 8209 8210 
8210 8210 8211 
8211 8211 8212 
8212 8212 8213 
8213 8213 8214 
8214 8214 8215 
8215 8215 8216 
8216 8216 8217 
8217 8217 8218 
8218 8218 8219 
8219 8219 8220 
8220 8220 8221 
8221 8221 8222 
8222 8222 8223 
8223 8223 8224 
8224 8224 8225 
8225 8225 8226 
8226 8226 8227 
8227 8227 8228 
8228 8228 8229 
8229 8229 8230 
8230 8230 8231 
8231 8231 8232 
8232 8232 8233 
8233 8233 8234 
8234 8234 8235 
8235 8235 8236 
8236 8236 8237 
8237 8237 8238 
8238 8238 8239 
8239 8239 8240 
8240 8240 8241 
8241 8241 8242 
8242 8242 8243 
8243 8243 8244 
8244 8244 8245 
8245 8245 8246 
8246 8246 8247 
8247 8247 8248 
8248 8248 8249 
8249 8249 8250 
8250 8250 8251 
8251 8251 8252 
8252 8252 8253 
8253 8253 8254 
8254 8254 8255 
8255 8255 8256 
8256 8256 8257 
8257 8257 8258 
8258 8258 8259 
8259 8259 8260 
8260 8260 8261 
8261 8261 8262 
8262 8262 8263 
8263 8263 8264 
8264 8264 8265 
8265 8265 8266 
8266 8266 8267 
8267 8267 8268 
8268 8268 8269 
8269 8269 8270 
8270 8270 8271 
8271 8271 8272 
8272 8272 8273 
8273 8273 8274 
8274 8274 8275 
8275 8275 8276 
8276 8276 8277 
8277 8277 8278 
8278 8278 8279 
8279 8279 8280 
8280 8280 8281 
8281 8281 8282 
8282 8282 8283 
8283 8283 8284 
8284 8284 8285 
8285 8285 8286 
8286 8286 8287 
8287 8287 8288 
8288 8288 8289 
8289 8289 8290 
8290 8290 8291 
8291 8291 8292 
8292 8292 8293 
8293 8293 8294 
8294 8294 8295 
8295 8295 8296 
8296 8296 8297 
8297 8297 8298 
8298 8298 8299 
8299 8299 8300 
8300 8300 8301 
8301 8301 8302 
8302 8302 8303 
8303 8303 8304 
8304 8304 8305 
8305 8305 8306 
8306 8306 8307 
8307 8307 8308 
8308 8308 8309 
8309 8309 8310 
8310 8310 8311 
8311 8311 8312 
8312 8312 8313 
8313 8313 8314 
8314 8314 8315 
8315 8315 8316 
8316 8316 8317 
8317 8317 8318 
8318 8318 8319 
8319 8319 8320 
8320 8320 8321 
8321 8321 8322 
8322 8322 8323 
8323 8323 8324 
8324 8324 8325 
8325 8325 8326 
8326 8326 8327 
8327 8327 8328 
8328 8328 8329 
8329 8329 8330 
8330 8330 8331 
8331 8331 8332 
8332 8332 8333 
8333 8333 8334 
8334 8334 8335 
8335 8335 8336 
8336 8336 8337 
8337 8337 8338 
8338 8338 8339 
8339 8339 8340 
8340 8340 8341 
8341 8341 8342 
8342 8342 8343 
8343 8343 8344 
8344 8344 8345 
8345 8345 8346 
8346 8346 8347 
8347 8347 8348 
8348 8348 8349 
8349 8349 8350 
8350 8350 8351 
8351 8351 8352 
8352 8352 8353 
8353 8353 8354 
8354 8354 8355 
8355 8355 8356 
8356 8356 8357 
8357 8357 8358 
8358 8358 8359 
8359 8359 8360 
8360 8360 8361 
8361 8361 8362 
8362 8362 8363 
8363 8363 8364 
8364 8364 8365 
8365 8365 8366 
8366 8366 8367 
8367 8367 8368 
8368 8368 8369 
8369 8369 8370 
8370 8370 8371 
8371 8371 8372 
8372 8372 8373 
8373 8373 8374 
8374 8374 8375 
8375 8375 8376 
8376 8376 8377 
8377 8377 8378 
8378 8378 8379 
8379 8379 8380 
8380 8380 8381 
8381 8381 8382 
8382 8382 8383 
8383 8383 8384 
8384 8384 8385 
8385 8385 8386 
8386 8386 8387 
8387 8387 8388 
8388 8388 8389 
8389 8389 8390 
8390 8390 8391 
8391 8391 8392 
8392 8392 8393 
8393 8393 8394 
8394 8394 8395 
8395 8395 8396 
8396 8396 8397 
8397 8397 8398 
8398 8398 8399 
8399 8399 8400 
8400 8400 8401 
8401 8401 8402 
8402 8402 8403 
8403 8403 8404 
8404 8404 8405 
8405 8405 8406 
8406 8406 8407 
8407 8407 8408 
8408 8408 8409 
8409 8409 8410 
8410 8410 8411 
8411 8411 8412 
8412 8412 8413 
8413 8413 8414 
8414 8414 8415 
8415 8415 8416 
8416 8416 8417 
8417 8417 8418 
8418 8418 8419 
8419 8419 8420 
8420 8420 8421 
8421 8421 8422 
8422 8422 8423 
8423 8423 8424 
8424 8424 8425 
8425 8425 8426 
8426 8426 8427 
8427 8427 8428 
8428 8428 8429 
8429 8429 8430 
8430 8430 8431 
8431 8431 8432 
8432 8432 8433 
8433 8433 8434 
8434 8434 8435 
8435 8435 8436 
8436 8436 8437 
8437 8437 8438 
8438 8438 8439 
8439 8439 8440 
8440 8440 8441 
8441 8441 8442 
8442 8442 8443 
8443 8443 8444 
8444 8444 8445 
8445 8445 8446 
8446 8446 8447 
8447 8447 8448 
8448 8448 8449 
8449 8449 8450 
8450 8450 8451 
8451 8451 8452 
8452 8452 8453 
8453 8453 8454 
8454 8454 8455 
8455 8455 8456 
8456 8456 8457 
8457 8457 8458 
8458 8458 8459 
8459 8459 8460 
8460 8460 8461 
8461 8461 8462 
8462 8462 8463 
8463 8463 8464 
8464 8464 8465 
8465 8465 8466 
8466 8466 8467 
8467 8467 8468 
8468 8468 8469 
8469 8469 8470 
8470 8470 8471 
8471 8471 8472 
8472 8472 8473 
8473 8473 8474 
8474 8474 8475 
8475 8475 8476 
8476 8476 8477 
8477 8477 8478 
8478 8478 8479 
8479 8479 8480 
8480 8480 8481 
8481 8481 8482 
8482 8482 8483 
8483 8483 8484 
8484 8484 8485 
8485 8485 8486 
8486 8486 8487 
8487 8487 8488 
8488 8488 8489 
8489 8489 8490 
8490 8490 8491 
8491 8491 8492 
8492 8492 8493 
8493 8493 8494 
8494 8494 8495 
8495 8495 8496 
8496 8496 8497 
8497 8497 8498 
8498 8498 8499 
8499 8499 8500 
8500 8500 8501 
8501 8501 8502 
8502 8502 8503 
8503 8503 8504 
8504 8504 8505 
8505 8505 8506 
8506 8506 8507 
8507 8507 8508 
8508 8508 8509 
8509 8509 8510 
8510 8510 8511 
8511 8511 8512 
8512 8512 8513 
8513 8513 8514 
8514 8514 8515 
8515 8515 8516 
8516 8516 8517 
8517 8517 8518 
8518 8518 8519 
8519 8519 8520 
8520 8520 8521 
8521 8521 8522 
8522 8522 8523 
8523 8523 8524 
8524 8524 8525 
8525 8525 8526 
8526 8526 8527 
8527 8527 8528 
8528 8528 8529 
8529 8529 8530 
8530 8530 8531 
8531 8531 8532 
8532 8532 8533 
8533 8533 8534 
8534 8534 8535 
8535 8535 8536 
8536 8536 8537 
8537 8537 8538 
8538 8538 8539 
8539 8539 8540 
8540 8540 8541 
8541 8541 8542 
8542 8542 8543 
8543 8543 8544 
8544 8544 8545 
8545 8545 8546 
8546 8546 8547 
8547 8547 8548 
8548 8548 8549 
8549 8549 8550 
8550 8550 8551 
8551 8551 8552 
8552 8552 8553 
8553 8553 8554 
8554 8554 8555 
8555 8555 8556 
8556 8556 8557 
8557 8557 8558 
8558 8558 8559 
8559 8559 8560 
8560 8560 8561 
8561 8561 8562 
8562 8562 8563 
8563 8563 8564 
8564 8564 8565 
8565 8565 8566 
8566 8566 8567 
8567 8567 8568 
8568 8568 8569 
8569 8569 8570 
8570 8570 8571 
8571 8571 8572 
8572 8572 8573 
8573 8573 8574 
8574 8574 8575 
8575 8575 8576 
8576 8576 8577 
8577 8577 8578 
8578 8578 8579 
8579 8579 8580 
8580 8580 8581 
8581 8581 8582 
8582 8582 8583 
8583 8583 8584 
8584 8584 8585 
8585 8585 8586 
8586 8586 8587 
8587 8587 8588 
8588 8588 8589 
8589 8589 8590 
8590 8590 8591 
8591 8591 8592 
8592 8592 8593 
8593 8593 8594 
8594 8594 8595 
8595 8595 8596 
8596 8596 8597 
8597 8597 8598 
8598 8598 8599 
8599 8599 8600 
8600 8600 8601 
8601 8601 8602 
8602 8602 8603 
8603 8603 8604 
8604 8604 8605 
8605 8605 8606 
8606 8606 8607 
8607 8607 8608 
8608 8608 8609 
8609 8609 8610 
8610 8610 8611 
8611 8611 8612 
8612 8612 8613 
8613 8613 8614 
8614 8614 8615 
8615 8615 8616 
8616 8616 8617 
8617 8617 8618 
8618 8618 8619 
8619 8619 8620 
8620 8620 8621 
8621 8621 8622 
8622 8622 8623 
8623 8623 8624 
8624 8624 8625 
8625 8625 8626 
8626 8626 8627 
8627 8627 8628 
8628 8628 8629 
8629 8629 8630 
8630 8630 8631 
8631 8631 8632 
8632 8632 8633 
8633 8633 8634 
8634 8634 8635 
8635 8635 8636 
8636 8636 8637 
8637 8637 8638 
8638 8638 8639 
8639 8639 8640 
8640 8640 8641 
8641 8641 8642 
8642 8642 8643 
8643 8643 8644 
8644 8644 8645 
8645 8645 8646 
8646 8646 8647 
8647 8647 8648 
8648 8648 8649 
8649 8649 8650 
8650 8650 8651 
8651 8651 8652 
8652 8652 8653 
8653 8653 8654 
8654 8654 8655 
8655 8655 8656 
8656 8656 8657 
8657 8657 8658 
8658 8658 8659 
8659 8659 8660 
8660 8660 8661 
8661 8661 8662 
8662 8662 8663 
8663 8663 8664 
8664 8664 8665 
8665 8665 8666 
8666 8666 8667 
8667 8667 8668 
8668 8668 8669 
8669 8669 8670 
8670 8670 8671 
8671 8671 8672 
8672 8672 8673 
8673 8673 8674 
8674 8674 8675 
8675 8675 8676 
8676 8676 8677 
8677 8677 8678 
8678 8678 8679 
8679 8679 8680 
8680 8680 8681 
8681 8681 8682 
8682 8682 8683 
8683 8683 8684 
8684 8684 8685 
8685 8685 8686 
8686 8686 8687 
8687 8687 8688 
8688 8688 8689 
8689 8689 8690 
8690 8690 8691 
8691 8691 8692 
8692 8692 8693 
8693 8693 8694 
8694 8694 8695 
8695 8695 8696 
8696 8696 8697 
8697 8697 8698 
8698 8698 8699 
8699 8699 8700 
8700 8700 8701 
8701 8701 8702 
8702 8702 8703 
8703 8703 8704 
8704 8704 8705 
8705 8705 8706 
8706 8706 8707 
8707 8707 8708 
8708 8708 8709 
8709 8709 8710 
8710 8710 8711 
8711 8711 8712 
8712 8712 8713 
8713 8713 8714 
8714 8714 8715 
8715 8715 8716 
8716 8716 8717 
8717 8717 8718 
8718 8718 8719 
8719 8719 8720 
8720 8720 8721 
8721 8721 8722 
8722 8722 8723 
8723 8723 8724 
8724 8724 8725 
8725 8725 8726 
8726 8726 8727 
8727 8727 8728 
8728 8728 8729 
8729 8729 8730 
8730 8730 8731 
8731 8731 8732 
8732 8732 8733 
8733 8733 8734 
8734 8734 8735 
8735 8735 8736 
8736 8736 8737 
8737 8737 8738 
8738 8738 8739 
8739 8739 8740 
8740 8740 8741 
8741 8741 8742 
8742 8742 8743 
8743 8743 8744 
8744 8744 8745 
8745 8745 8746 
8746 8746 8747 
8747 8747 8748 
8748 8748 8749 
8749 8749 8750 
8750 8750 8751 
8751 8751 8752 
8752 8752 8753 
8753 8753 8754 
8754 8754 8755 
8755 8755 8756 
8756 8756 8757 
8757 8757 8758 
8758 8758 8759 
8759 8759 8760 
8760 8760 8761 
8761 8761 8762 
8762 8762 8763 
8763 8763 8764 
8764 8764 8765 
8765 8765 8766 
8766 8766 8767 
8767 8767 8768 
8768 8768 8769 
8769 8769 8770 
8770 8770 8771 
8771 8771 8772 
8772 8772 8773 
8773 8773 8774 
8774 8774 8775 
8775 8775 8776 
8776 8776 8777 
8777 8777 8778 
8778 8778 8779 
8779 8779 8780 
8780 8780 8781 
8781 8781 8782 
8782 8782 8783 
8783 8783 8784 
8784 8784 8785 
8785 8785 8786 
8786 8786 8787 
8787 8787 8788 
8788 8788 8789 
8789 8789 8790 
8790 8790 8791 
8791 8791 8792 
8792 8792 8793 
8793 8793 8794 
8794 8794 8795 
8795 8795 8796 
8796 8796 8797 
8797 8797 8798 
8798 8798 8799 
8799 8799 8800 
8800 8800 8801 
8801 8801 8802 
8802 8802 8803 
8803 8803 8804 
8804 8804 8805 
8805 8805 8806 
8806 8806 8807 
8807 8807 8808 
8808 8808 8809 
8809 8809 8810 
8810 8810 8811 
8811 8811 8812 
8812 8812 8813 
8813 8813 8814 
8814 8814 8815 
8815 8815 8816 
8816 8816 8817 
8817 8817 8818 
8818 8818 8819 
8819 8819 8820 
8820 8820 8821 
8821 8821 8822 
8822 8822 8823 
8823 8823 8824 
8824 8824 8825 
8825 8825 8826 
8826 8826 8827 
8827 8827 8828 
8828 8828 8829 
8829 8829 8830 
8830 8830 8831 
8831 8831 8832 
8832 8832 8833 
8833 8833 8834 
8834 8834 8835 
8835 8835 8836 
8836 8836 8837 
8837 8837 8838 
8838 8838 8839 
8839 8839 8840 
8840 8840 8841 
8841 8841 8842 
8842 8842 8843 
8843 8843 8844 
8844 8844 8845 
8845 8845 8846 
8846 8846 8847 
8847 8847 8848 
8848 8848 8849 
8849 8849 8850 
8850 8850 8851 
8851 8851 8852 
8852 8852 8853 
8853 8853 8854 
8854 8854 8855 
8855 8855 8856 
8856 8856 8857 
8857 8857 8858 
8858 8858 8859 
8859 8859 8860 
8860 8860 8861 
8861 8861 8862 
8862 8862 8863 
8863 8863 8864 
8864 8864 8865 
8865 8865 8866 
8866 8866 8867 
8867 8867 8868 
8868 8868 8869 
8869 8869 8870 
8870 8870 8871 
8871 8871 8872 
8872 8872 8873 
8873 8873 8874 
8874 8874 8875 
8875 8875 8876 
8876 8876 8877 
8877 8877 8878 
8878 8878 8879 
8879 8879 8880 
8880 8880 8881 
8881 8881 8882 
8882 8882 8883 
8883 8883 8884 
8884 8884 8885 
8885 8885 8886 
8886 8886 8887 
8887 8887 8888 
8888 8888 8889 
8889 8889 8890 
8890 8890 8891 
8891 8891 8892 
8892 8892 8893 
8893 8893 8894 
8894 8894 8895 
8895 8895 8896 
8896 8896 8897 
8897 8897 8898 
8898 8898 8899 
8899 8899 8900 
8900 8900 8901 
8901 8901 8902 
8902 8902 8903 
8903 8903 8904 
8904 8904 8905 
8905 8905 8906 
8906 8906 8907 
8907 8907 8908 
8908 8908 8909 
8909 8909 8910 
8910 8910 8911 
8911 8911 8912 
8912 8912 8913 
8913 8913 8914 
8914 8914 8915 
8915 8915 8916 
8916 8916 8917 
8917 8917 8918 
8918 8918 8919 
8919 8919 8920 
8920 8920 8921 
8921 8921 8922 
8922 8922 8923 
8923 8923 8924 
8924 8924 8925 
8925 8925 8926 
8926 8926 8927 
8927 8927 8928 
8928 8928 8929 
8929 8929 8930 
8930 8930 8931 
8931 8931 8932 
8932 8932 8933 
8933 8933 8934 
8934 8934 8935 
8935 8935 8936 
8936 8936 8937 
8937 8937 8938 
8938 8938 8939 
8939 8939 8940 
8940 8940 8941 
8941 8941 8942 
8942 8942 8943 
8943 8943 8944 
8944 8944 8945 
8945 8945 8946 
8946 8946 8947 
8947 8947 8948 
8948 8948 8949 
8949 8949 8950 
8950 8950 8951 
8951 8951 8952 
8952 8952 8953 
8953 8953 8954 
8954 8954 8955 
8955 8955 8956 
8956 8956 8957 
8957 8957 8958 
8958 8958 8959 
8959 8959 8960 
8960 8960 8961 
8961 8961 8962 
8962 8962 8963 
8963 8963 8964 
8964 8964 8965 
8965 8965 8966 
8966 8966 8967 
8967 8967 8968 
8968 8968 8969 
8969 8969 8970 
8970 8970 8971 
8971 8971 8972 
8972 8972 8973 
8973 8973 8974 
8974 8974 8975 
8975 8975 8976 
8976 8976 8977 
8977 8977 8978 
8978 8978 8979 
8979 8979 8980 
8980 8980 8981 
8981 8981 8982 
8982 8982 8983 
8983 8983 8984 
8984 8984 8985 
8985 8985 8986 
8986 8986 8987 
8987 8987 8988 
8988 8988 8989 
8989 8989 8990 
8990 8990 8991 
8991 8991 8992 
8992 8992 8993 
8993 8993 8994 
8994 8994 8995 
8995 8995 8996 
8996 8996 8997 
8997 8997 8998 
8998 8998 8999 
8999 8999 9000 
9000 9000 9001 
9001 9001 9002 
9002 9002 9003 
9003 9003 9004 
9004 9004 9005 
9005 9005 9006 
9006 9006 9007 
9007 9007 9008 
9008 9008 9009 
9009 9009 9010 
9010 9010 9011 
9011 9011 9012 
9012 9012 9013 
9013 9013 9014 
9014 9014 9015 
9015 9015 9016 
9016 9016 9017 
9017 9017 9018 
9018 9018 9019 
9019 9019 9020 
9020 9020 9021 
9021 9021 9022 
9022 9022 9023 
9023 9023 9024 
9024 9024 9025 
9025 9025 9026 
9026 9026 9027 
9027 9027 9028 
9028 9028 9029 
9029 9029 9030 
9030 9030 9031 
9031 9031 9032 
9032 9032 9033 
9033 9033 9034 
9034 9034 9035 
9035 9035 9036 
9036 9036 9037 
9037 9037 9038 
9038 9038 9039 
9039 9039 9040 
9040 9040 9041 
9041 9041 9042 
9042 9042 9043 
9043 9043 9044 
9044 9044 9045 
9045 9045 9046 
9046 9046 9047 
9047 9047 9048 
9048 9048 9049 
9049 9049 9050 
9050 9050 9051 
9051 9051 9052 
9052 9052 9053 
9053 9053 9054 
9054 9054 9055 
9055 9055 9056 
9056 9056 9057 
9057 9057 9058 
9058 9058 9059 
9059 9059 9060 
9060 9060 9061 
9061 9061 9062 
9062 9062 9063 
9063 9063 9064 
9064 9064 9065 
9065 9065 9066 
9066 9066 9067 
9067 9067 9068 
9068 9068 9069 
9069 9069 9070 
9070 9070 9071 
9071 9071 9072 
9072 9072 9073 
9073 9073 9074 
9074 9074 9075 
9075 9075 9076 
9076 9076 9077 
9077 9077 9078 
9078 9078 9079 
9079 9079 9080 
9080 9080 9081 
9081 9081 9082 
9082 9082 9083 
9083 9083 9084 
9084 9084 9085 
9085 9085 9086 
9086 9086 9087 
9087 9087 9088 
9088 9088 9089 
9089 9089 9090 
9090 9090 9091 
9091 9091 9092 
9092 9092 9093 
9093 9093 9094 
9094 9094 9095 
9095 9095 9096 
9096 9096 9097 
9097 9097 9098 
9098 9098 9099 
9099 9099 9100 
9100 9100 9101 
9101 9101 9102 
9102 9102 9103 
9103 9103 9104 
9104 9104 9105 
9105 9105 9106 
9106 9106 9107 
9107 9107 9108 
9108 9108 9109 
9109 9109 9110 
9110 9110 9111 
9111 9111 9112 
9112 9112 9113 
9113 9113 9114 
9114 9114 9115 
9115 9115 9116 
9116 9116 9117 
9117 9117 9118 
9118 9118 9119 
9119 9119 9120 
9120 9120 9121 
9121 9121 9122 
9122 9122 9123 
9123 9123 9124 
9124 9124 9125 
9125 9125 9126 
9126 9126 9127 
9127 9127 9128 
9128 9128 9129 
9129 9129 9130 
9130 9130 9131 
9131 9131 9132 
9132 9132 9133 
9133 9133 9134 
9134 9134 9135 
9135 9135 9136 
9136 9136 9137 
9137 9137 9138 
9138 9138 9139 
9139 9139 9140 
9140 9140 9141 
9141 9141 9142 
9142 9142 9143 
9143 9143 9144 
9144 9144 9145 
9145 9145 9146 
9146 9146 9147 
9147 9147 9148 
9148 9148 9149 
9149 9149 9150 
9150 9150 9151 
9151 9151 9152 
9152 9152 9153 
9153 9153 9154 
9154 9154 9155 
9155 9155 9156 
9156 9156 9157 
9157 9157 9158 
9158 9158 9159 
9159 9159 9160 
9160 9160 9161 
9161 9161 9162 
9162 9162 9163 
9163 9163 9164 
9164 9164 9165 
9165 9165 9166 
9166 9166 9167 
9167 9167 9168 
9168 9168 9169 
9169 9169 9170 
9170 9170 9171 
9171 9171 9172 
9172 9172 9173 
9173 9173 9174 
9174 9174 9175 
9175 9175 9176 
9176 9176 9177 
9177 9177 9178 
9178 9178 9179 
9179 9179 9180 
9180 9180 9181 
9181 9181 9182 
9182 9182 9183 
9183 9183 9184 
9184 9184 9185 
9185 9185 9186 
9186 9186 9187 
9187 9187 9188 
9188 9188 9189 
9189 9189 9190 
9190 9190 9191 
9191 9191 9192 
9192 9192 9193 
9193 9193 9194 
9194 9194 9195 
9195 9195 9196 
9196 9196 9197 
9197 9197 9198 
9198 9198 9199 
9199 9199 9200 
9200 9200 9201 
9201 9201 9202 
9202 9202 9203 
9203 9203 9204 
9204 9204 9205 
9205 9205 9206 
9206 9206 9207 
9207 9207 9208 
9208 9208 9209 
9209 9209 9210 
9210 9210 9211 
9211 9211 9212 
9212 9212 9213 
9213 9213 9214 
9214 9214 9215 
9215 9215 9216 
9216 9216 9217 
9217 9217 9218 
9218 9218 9219 
9219 9219 9220 
9220 9220 9221 
9221 9221 9222 
9222 9222 9223 
9223 9223 9224 
9224 9224 9225 
9225 9225 9226 
9226 9226 9227 
9227 9227 9228 
9228 9228 9229 
9229 9229 9230 
9230 9230 9231 
9231 9231 9232 
9232 9232 9233 
9233 9233 9234 
9234 9234 9235 
9235 9235 9236 
9236 9236 9237 
9237 9237 9238 
9238 9238 9239 
9239 9239 9240 
9240 9240 9241 
9241 9241 9242 
9242 9242 9243 
9243 9243 9244 
9244 9244 9245 
9245 9245 9246 
9246 9246 9247 
9247 9247 9248 
9248 9248 9249 
9249 9249 9250 
9250 9250 9251 
9251 9251 9252 
9252 9252 9253 
9253 9253 9254 
9254 9254 9255 
9255 9255 9256 
9256 9256 9257 
9257 9257 9258 
9258 9258 9259 
9259 9259 9260 
9260 9260 9261 
9261 9261 9262 
9262 9262 9263 
9263 9263 9264 
9264 9264 9265 
9265 9265 9266 
9266 9266 9267 
9267 9267 9268 
9268 9268 9269 
9269 9269 9270 
9270 9270 9271 
9271 9271 9272 
9272 9272 9273 
9273 9273 9274 
9274 9274 9275 
9275 9275 9276 
9276 9276 9277 
9277 9277 9278 
9278 9278 9279 
9279 9279 9280 
9280 9280 9281 
9281 9281 9282 
9282 9282 9283 
9283 9283 9284 
9284 9284 9285 
9285 9285 9286 
9286 9286 9287 
9287 9287 9288 
9288 9288 9289 
9289 9289 9290 
9290 9290 9291 
9291 9291 9292 
9292 9292 9293 
9293 9293 9294 
9294 9294 9295 
9295 9295 9296 
9296 9296 9297 
9297 9297 9298 
9298 9298 9299 
9299 9299 9300 
9300 9300 9301 
9301 9301 9302 
9302 9302 9303 
9303 9303 9304 
9304 9304 4 
1 4 1 5
9305 4 9305 
9306 9305 9306 
9307 9306 9307 
9308 9307 9308 
9309 9308 5 
$EndElements
