# ASCII 1D datafile generated by TiberCAD
# 1 x
# 2 GenerationRate
# 3 Intensity
# 4 External_Source_ElectricField
# x GenerationRate Intensity External_Source_ElectricField 
-300 0 1.68433 1.13486 
-295 0 1.65596 1.12906 
-290 0 1.59624 1.11531 
-285 0 1.53093 1.09729 
-280 0 1.46072 1.07506 
-275 0 1.38646 1.04868 
-270 0 1.30907 1.01827 
-265 0 1.22956 0.983931 
-260 0 1.149 0.945814 
-255 0 1.06853 0.90408 
-250 0 0.989292 0.858912 
-245 0 0.91246 0.810512 
-240 0 0.839176 0.759098 
-235 0 0.770551 0.704904 
-230 0 0.707638 0.648181 
-225 0 0.65141 0.589191 
-220 0 0.602743 0.528208 
-215 0 0.562394 0.465515 
-210 0 0.530995 0.401404 
-205 0 0.509029 0.336172 
-200 0 0.500456 0.303313 
-200 6.89368e+20 1.00161 0.236928 
-195 6.78038e+20 0.996696 0.204119 
-190 6.52697e+20 0.986197 0.138918 
-185 6.23203e+20 0.974696 0.0751216 
-180 5.9244e+20 0.96289 0.0137959 
-175 5.63992e+20 0.951539 -0.0441536 
-170 5.41606e+20 0.94139 -0.0979934 
-165 5.28568e+20 0.933108 -0.147167 
-160 5.271e+20 0.927232 -0.191296 
-155 5.37887e+20 0.924151 -0.230167 
-150 5.59813e+20 0.924123 -0.263724 
-145 5.89985e+20 0.927307 -0.292045 
-140 6.24048e+20 0.933829 -0.315324 
-135 6.56774e+20 0.943839 -0.333849 
-130 6.82832e+20 0.957565 -0.347975 
-125 6.97635e+20 0.975327 -0.358102 
-120 6.98114e+20 0.99752 -0.364654 
-115 6.83296e+20 1.02454 -0.368057 
-110 6.54572e+20 1.05666 -0.368722 
-105 6.15588e+20 1.0939 -0.367033 
-100 5.71767e+20 1.1358 -0.363334 
-95 5.29502e+20 1.18134 -0.357923 
-90 4.95159e+20 1.22879 -0.351048 
-85 4.74025e+20 1.27565 -0.34291 
-80 4.69385e+20 1.31875 -0.33366 
-75 4.81879e+20 1.35441 -0.323408 
-70 5.0926e+20 1.37866 -0.312226 
-65 5.46612e+20 1.38769 -0.300162 
-60 5.87005e+20 1.37816 -0.28724 
-55 6.22509e+20 1.34772 -0.273476 
-50 6.45408e+20 1.2953 -0.258881 
-45 6.4943e+20 1.22148 -0.243472 
-40 6.30798e+20 1.12859 -0.227272 
-35 5.8893e+20 1.02071 -0.210324 
-30 5.2666e+20 0.903449 -0.192683 
-25 4.49953e+20 0.783612 -0.174427 
-20 3.67123e+20 0.66865 -0.155648 
-15 2.87685e+20 0.56606 -0.136458 
-10 2.2101e+20 0.482742 -0.116979 
-5 1.74983e+20 0.424386 -0.097345 
0 1.57984e+20 0.402066 -0.0875057 
0 2.21965e+21 0.779665 -0.0678762 
5.00036 2.01768e+21 0.775987 -0.0579631 
10.0015 1.68544e+21 0.769323 -0.0387221 
15.0033 1.46892e+21 0.763797 -0.0205093 
20.0059 1.32367e+21 0.759013 -0.00309389 
25.0093 1.22286e+21 0.754727 0.013613 
30.0134 1.15021e+21 0.750787 0.0295422 
35.0182 1.09571e+21 0.747096 0.0445017 
40.0239 1.05318e+21 0.743594 0.0582358 
45.0302 1.01873e+21 0.740241 0.070484 
50.0373 9.89899e+20 0.73701 0.0810277 
55.0452 9.6508e+20 0.733884 0.0897181 
60.0538 9.43225e+20 0.730849 0.0964837 
65.0632 9.23627e+20 0.727897 0.101324 
70.0733 9.05799e+20 0.725022 0.104295 
75.0841 8.89399e+20 0.722217 0.105488 
80.0958 8.74175e+20 0.719478 0.105015 
85.1081 8.59945e+20 0.716801 0.102996 
90.1212 8.46567e+20 0.714182 0.0995513 
95.1351 8.3393e+20 0.711616 0.0948021 
100.15 8.21948e+20 0.709099 0.0888691 
105.165 8.10549e+20 0.706628 0.0818767 
110.181 7.99674e+20 0.704198 0.0739551 
115.198 7.89273e+20 0.701807 0.0652418 
120.216 7.79305e+20 0.699449 0.0558816 
125.234 7.69732e+20 0.697122 0.0460245 
130.253 7.60523e+20 0.694823 0.0358237 
135.273 7.5165e+20 0.69255 0.0254325 
140.294 7.4309e+20 0.690299 0.0150021 
145.315 7.3482e+20 0.688071 0.00467923 
150.337 7.26821e+20 0.685863 -0.00539567 
155.36 7.19077e+20 0.683675 -0.0150894 
160.384 7.1157e+20 0.681508 -0.0242773 
165.408 7.04288e+20 0.679362 -0.0328442 
170.434 6.97218e+20 0.677237 -0.0406858 
175.459 6.90348e+20 0.675135 -0.0477093 
180.486 6.83666e+20 0.673057 -0.0538355 
185.514 6.77164e+20 0.671004 -0.0589987 
190.542 6.70833e+20 0.668977 -0.0631486 
195.571 6.64664e+20 0.666977 -0.0662503 
200.6 6.58649e+20 0.665004 -0.0682845 
205.631 6.52782e+20 0.663059 -0.0692478 
210.662 6.47055e+20 0.661141 -0.0691521 
215.694 6.41463e+20 0.659249 -0.0680249 
220.727 6.35999e+20 0.657384 -0.0659082 
225.76 6.30658e+20 0.655542 -0.0628582 
230.794 6.25435e+20 0.653722 -0.0589446 
235.829 6.20325e+20 0.651923 -0.0542492 
240.865 6.15323e+20 0.650141 -0.0488645 
245.902 6.10425e+20 0.648376 -0.0428919 
250.939 6.05627e+20 0.646623 -0.0364392 
255.977 6.00924e+20 0.644883 -0.0296179 
261.016 5.96314e+20 0.643152 -0.0225412 
266.055 5.91793e+20 0.641429 -0.0153207 
271.095 5.87358e+20 0.639714 -0.00806489 
276.136 5.83005e+20 0.638006 -0.00087738 
281.178 5.78733e+20 0.636305 0.00614443 
286.221 5.74537e+20 0.634612 0.0129097 
291.264 5.70416e+20 0.632927 0.0193341 
296.308 5.66368e+20 0.631251 0.0253404 
301.353 5.6239e+20 0.629586 0.0308575 
306.398 5.5848e+20 0.627934 0.0358208 
311.445 5.54635e+20 0.626295 0.0401726 
316.492 5.50855e+20 0.624672 0.0438625 
321.54 5.47138e+20 0.623066 0.0468483 
326.588 5.4348e+20 0.621478 0.049097 
331.638 5.39882e+20 0.619908 0.0505861 
336.688 5.36341e+20 0.618357 0.0513042 
341.739 5.32855e+20 0.616825 0.0512518 
346.79 5.29423e+20 0.615311 0.0504418 
351.843 5.26044e+20 0.613814 0.0488988 
356.896 5.22715e+20 0.612333 0.046659 
361.95 5.19436e+20 0.610866 0.0437686 
367.004 5.16204e+20 0.609412 0.0402836 
372.06 5.1302e+20 0.607968 0.0362675 
377.116 5.0988e+20 0.606533 0.0317905 
382.173 5.06785e+20 0.605104 0.026928 
387.23 5.03733e+20 0.603681 0.0217595 
392.289 5.00722e+20 0.602261 0.016367 
397.348 4.97751e+20 0.600844 0.0108345 
402.408 4.9482e+20 0.599429 0.00524624 
407.469 4.91928e+20 0.598017 -0.000314298 
412.53 4.89074e+20 0.596607 -0.00576553 
417.592 4.86256e+20 0.595201 -0.0110291 
422.655 4.83475e+20 0.593798 -0.016031 
427.719 4.80728e+20 0.592402 -0.020703 
432.784 4.78017e+20 0.591013 -0.0249833 
437.849 4.75339e+20 0.589632 -0.0288176 
442.915 4.72695e+20 0.588262 -0.0321598 
447.982 4.70083e+20 0.586904 -0.0349721 
453.049 4.67504e+20 0.585559 -0.0372253 
458.118 4.64955e+20 0.584228 -0.0388988 
463.187 4.62438e+20 0.582912 -0.0399803 
468.257 4.59951e+20 0.581611 -0.0404658 
473.327 4.57493e+20 0.580324 -0.040359 
478.399 4.55064e+20 0.579051 -0.0396715 
483.471 4.52663e+20 0.577792 -0.0384219 
488.544 4.50289e+20 0.576543 -0.0366361 
493.617 4.47943e+20 0.575305 -0.0343467 
498.692 4.45623e+20 0.574075 -0.031593 
503.767 4.43328e+20 0.572851 -0.02842 
508.843 4.41058e+20 0.571632 -0.0248787 
513.919 4.38813e+20 0.570416 -0.0210247 
518.997 4.36591e+20 0.569203 -0.0169178 
524.075 4.34393e+20 0.56799 -0.0126208 
529.154 4.32218e+20 0.566777 -0.00819905 
534.234 4.30066e+20 0.565564 -0.00371866 
539.314 4.27935e+20 0.564352 0.000754043 
544.395 4.25826e+20 0.56314 0.0051537 
549.478 4.23739e+20 0.56193 0.00941688 
554.56 4.21672e+20 0.560723 0.013483 
559.644 4.19627e+20 0.55952 0.0172949 
564.728 4.17602e+20 0.558323 0.0207999 
569.813 4.15597e+20 0.557133 0.0239502 
574.899 4.13612e+20 0.555952 0.0267036 
579.986 4.11647e+20 0.554781 0.0290238 
585.073 4.09702e+20 0.553622 0.0308814 
590.161 4.07775e+20 0.552474 0.032254 
595.25 4.05868e+20 0.551339 0.0331267 
600.34 4.03979e+20 0.550216 0.0334928 
605.43 4.02108e+20 0.549105 0.0333535 
610.521 4.00255e+20 0.548005 0.0327184 
615.613 3.9842e+20 0.546915 0.031605 
620.706 3.96602e+20 0.545834 0.0300386 
625.799 3.948e+20 0.54476 0.0280517 
630.894 3.93015e+20 0.543691 0.025683 
635.989 3.91246e+20 0.542626 0.0229764 
641.084 3.89493e+20 0.541563 0.01998 
646.181 3.87755e+20 0.540502 0.0167447 
651.278 3.86033e+20 0.53944 0.0133231 
656.376 3.84325e+20 0.538378 0.00976846 
661.475 3.82632e+20 0.537315 0.00613347 
666.575 3.80953e+20 0.536251 0.00246966 
671.675 3.79288e+20 0.535186 -0.00117324 
676.776 3.77638e+20 0.534122 -0.00474769 
681.878 3.76001e+20 0.533058 -0.00820849 
686.981 3.74378e+20 0.531998 -0.0115129 
692.084 3.72769e+20 0.53094 -0.0146205 
697.188 3.71174e+20 0.529889 -0.0174934 
702.293 3.69592e+20 0.528844 -0.020096 
707.399 3.68023e+20 0.527807 -0.0223954 
712.505 3.66468e+20 0.526779 -0.0243615 
717.613 3.64926e+20 0.525761 -0.0259673 
722.721 3.63397e+20 0.524753 -0.0271899 
727.829 3.6188e+20 0.523756 -0.0280105 
732.939 3.60376e+20 0.522769 -0.0284158 
738.049 3.58885e+20 0.521792 -0.0283981 
743.16 3.57405e+20 0.520824 -0.0279563 
748.272 3.55938e+20 0.519864 -0.027096 
753.385 3.54482e+20 0.51891 -0.0258303 
758.498 3.53037e+20 0.517961 -0.0241794 
763.612 3.51604e+20 0.517015 -0.0221708 
768.727 3.50182e+20 0.516072 -0.0198385 
773.843 3.4877e+20 0.515129 -0.0172227 
778.959 3.47369e+20 0.514186 -0.0143686 
784.076 3.45979e+20 0.513242 -0.0113254 
789.194 3.44598e+20 0.512296 -0.00814514 
794.313 3.43228e+20 0.511349 -0.00488146 
799.433 3.41868e+20 0.510401 -0.00158811 
804.553 3.40518e+20 0.509452 0.00168217 
809.674 3.39177e+20 0.508503 0.00487881 
814.796 3.37847e+20 0.507555 0.00795435 
819.918 3.36526e+20 0.506609 0.0108653 
825.042 3.35215e+20 0.505668 0.0135726 
830.166 3.33913e+20 0.504732 0.016042 
835.291 3.32622e+20 0.503802 0.018244 
840.416 3.3134e+20 0.502879 0.0201541 
845.543 3.30067e+20 0.501965 0.0217523 
850.67 3.28804e+20 0.50106 0.0230227 
855.798 3.2755e+20 0.500164 0.0239537 
860.927 3.26305e+20 0.499277 0.0245369 
866.056 3.2507e+20 0.498398 0.024768 
871.186 3.23843e+20 0.497528 0.0246456 
876.317 3.22625e+20 0.496665 0.0241721 
881.449 3.21416e+20 0.495807 0.0233535 
886.582 3.20215e+20 0.494954 0.0222 
891.715 3.19023e+20 0.494104 0.0207259 
896.849 3.17838e+20 0.493256 0.0189506 
901.984 3.16661e+20 0.492409 0.0168982 
907.12 3.15492e+20 0.491561 0.0145978 
912.256 3.14331e+20 0.490713 0.0120838 
917.394 3.13177e+20 0.489863 0.00939489 
922.532 3.12031e+20 0.489011 0.00657409 
927.67 3.10893e+20 0.488157 0.00366748 
932.81 3.09761e+20 0.487302 0.00072332 
937.95 3.08637e+20 0.486447 -0.00220913 
943.091 3.0752e+20 0.485592 -0.00508091 
948.233 3.06411e+20 0.484739 -0.00784464 
953.376 3.05309e+20 0.483888 -0.0104557 
958.519 3.04214e+20 0.483042 -0.0128732 
963.663 3.03126e+20 0.4822 -0.0150612 
968.808 3.02046e+20 0.481365 -0.0169887 
973.954 3.00973e+20 0.480536 -0.0186308 
979.1 2.99907e+20 0.479716 -0.0199682 
984.247 2.98848e+20 0.478903 -0.0209876 
989.395 2.97797e+20 0.478098 -0.0216809 
994.544 2.96752e+20 0.477301 -0.0220455 
999.694 2.95714e+20 0.476511 -0.0220834 
1004.84 2.94683e+20 0.475727 -0.0218007 
1010 2.93658e+20 0.474949 -0.0212073 
1015.15 2.9264e+20 0.474175 -0.0203164 
1020.3 2.91628e+20 0.473404 -0.019144 
1025.45 2.90622e+20 0.472635 -0.0177089 
1030.61 2.89622e+20 0.471867 -0.0160322 
1035.76 2.88629e+20 0.471098 -0.0141375 
1040.92 2.87641e+20 0.470329 -0.0120507 
1046.07 2.86659e+20 0.469558 -0.00979982 
1051.23 2.85683e+20 0.468785 -0.00741542 
1056.39 2.84712e+20 0.46801 -0.00493009 
1061.55 2.83747e+20 0.467234 -0.00237853 
1066.71 2.82788e+20 0.466457 0.00020271 
1071.87 2.81834e+20 0.465681 0.00277566 
1077.03 2.80886e+20 0.464904 0.00530139 
1082.19 2.79944e+20 0.46413 0.00774064 
1087.35 2.79007e+20 0.463359 0.0100546 
1092.52 2.78076e+20 0.462592 0.0122058 
1097.68 2.77151e+20 0.46183 0.014159 
1102.85 2.76231e+20 0.461074 0.0158819 
1108.01 2.75317e+20 0.460325 0.0173463 
1113.18 2.74409e+20 0.459583 0.0185286 
1118.35 2.73506e+20 0.458847 0.0194108 
1123.51 2.72609e+20 0.458119 0.0199803 
1128.68 2.71717e+20 0.457397 0.0202308 
1133.85 2.7083e+20 0.45668 0.020162 
1139.02 2.69948e+20 0.455969 0.0197791 
1144.2 2.69072e+20 0.455261 0.0190932 
1149.37 2.682e+20 0.454557 0.01812 
1154.54 2.67334e+20 0.453854 0.0168799 
1159.71 2.66472e+20 0.453152 0.0153965 
1164.89 2.65615e+20 0.45245 0.0136968 
1170.06 2.64763e+20 0.451747 0.0118098 
1175.24 2.63915e+20 0.451043 0.00976641 
1180.42 2.63071e+20 0.450337 0.00759865 
1185.59 2.62232e+20 0.449629 0.00533937 
1190.77 2.61398e+20 0.44892 0.00302184 
1195.95 2.60568e+20 0.44821 0.000679483 
1201.13 2.59743e+20 0.447499 -0.00165436 
1206.31 2.58922e+20 0.446789 -0.00394667 
1211.49 2.58105e+20 0.44608 -0.00616499 
1216.67 2.57294e+20 0.445373 -0.00827773 
1221.86 2.56486e+20 0.44467 -0.0102544 
1227.04 2.55683e+20 0.443971 -0.0120662 
1232.22 2.54885e+20 0.443278 -0.0136863 
1237.41 2.54091e+20 0.442589 -0.0150903 
1242.6 2.53302e+20 0.441907 -0.0162568 
1247.78 2.52517e+20 0.441231 -0.0171679 
1252.97 2.51737e+20 0.440562 -0.0178097 
1258.16 2.50961e+20 0.439898 -0.0181727 
1263.35 2.50189e+20 0.439239 -0.0182518 
1268.54 2.49422e+20 0.438585 -0.0180468 
1273.73 2.48658e+20 0.437934 -0.0175625 
1278.92 2.47899e+20 0.437286 -0.0168084 
1284.11 2.47144e+20 0.43664 -0.0157986 
1289.3 2.46392e+20 0.435995 -0.0145514 
1294.5 2.45644e+20 0.435349 -0.013089 
1299.69 2.449e+20 0.434703 -0.011437 
1304.89 2.4416e+20 0.434056 -0.00962348 
1310.08 2.43423e+20 0.433407 -0.00767905 
1315.28 2.4269e+20 0.432757 -0.00563562 
1320.48 2.41961e+20 0.432105 -0.0035261 
1325.68 2.41235e+20 0.431452 -0.00138376 
1330.88 2.40512e+20 0.430799 0.000758328 
1336.08 2.39794e+20 0.430145 0.00286778 
1341.28 2.39079e+20 0.429493 0.00491334 
1346.48 2.38368e+20 0.428842 0.00686529 
1351.68 2.3766e+20 0.428195 0.00869578 
1356.88 2.36956e+20 0.42755 0.0103791 
1362.09 2.36256e+20 0.426911 0.0118922 
1367.29 2.3556e+20 0.426276 0.0132142 
1372.5 2.34867e+20 0.425646 0.0143277 
1377.7 2.34178e+20 0.425022 0.0152179 
1382.91 2.33493e+20 0.424403 0.0158733 
1388.12 2.32811e+20 0.423789 0.0162858 
1393.33 2.32132e+20 0.42318 0.0164506 
1398.54 2.31458e+20 0.422576 0.0163663 
1403.75 2.30786e+20 0.421974 0.0160353 
1408.96 2.30118e+20 0.421376 0.0154633 
1414.17 2.29453e+20 0.420778 0.0146596 
1419.38 2.28791e+20 0.420182 0.013637 
1424.6 2.28133e+20 0.419586 0.0124117 
1429.81 2.27477e+20 0.418989 0.0110028 
1435.02 2.26825e+20 0.418391 0.00943249 
1440.24 2.26175e+20 0.417792 0.0077255 
1445.46 2.25528e+20 0.417191 0.00590879 
1450.67 2.24885e+20 0.416589 0.00401111 
1455.89 2.24244e+20 0.415986 0.00206252 
1461.11 2.23607e+20 0.415382 9.38948e-05 
1466.33 2.22972e+20 0.414778 -0.00186366 
1471.55 2.22341e+20 0.414175 -0.00377936 
1476.77 2.21712e+20 0.413574 -0.00562328 
1481.99 2.21086e+20 0.412974 -0.00736692 
1487.22 2.20464e+20 0.412378 -0.00898367 
1492.44 2.19845e+20 0.411786 -0.0104493 
1497.66 2.19228e+20 0.411197 -0.0117423 
1502.89 2.18615e+20 0.410614 -0.0128443 
1508.11 2.18005e+20 0.410035 -0.01374 
1513.34 2.17398e+20 0.409461 -0.0144178 
1518.57 2.16794e+20 0.408892 -0.0148694 
1523.8 2.16193e+20 0.408326 -0.0150903 
1529.03 2.15595e+20 0.407765 -0.0150793 
1534.26 2.14999e+20 0.407207 -0.0148386 
1539.49 2.14406e+20 0.406651 -0.0143739 
1544.72 2.13816e+20 0.406097 -0.0136938 
1549.95 2.13229e+20 0.405543 -0.0128101 
1555.18 2.12644e+20 0.40499 -0.0117373 
1560.42 2.12062e+20 0.404436 -0.0104923 
1565.65 2.11482e+20 0.403881 -0.00909455 
1570.89 2.10905e+20 0.403325 -0.0075656 
1576.12 2.10331e+20 0.402768 -0.00592881 
1581.36 2.09758e+20 0.402209 -0.0042091 
1586.6 2.09189e+20 0.40165 -0.00243267 
1591.83 2.08622e+20 0.401089 -0.000626624 
1597.07 2.08057e+20 0.400529 0.00118139 
1602.31 2.07495e+20 0.399969 0.00296359 
1607.55 2.06935e+20 0.399411 0.00469249 
1612.8 2.06378e+20 0.398854 0.00634133 
1618.04 2.05824e+20 0.3983 0.00788455 
1623.28 2.05272e+20 0.39775 0.00929816 
1628.52 2.04722e+20 0.397203 0.0105603 
1633.77 2.04176e+20 0.39666 0.0116513 
1639.02 2.03632e+20 0.396121 0.0125547 
1644.26 2.0309e+20 0.395587 0.0132566 
1649.51 2.02551e+20 0.395057 0.0137468 
1654.76 2.02014e+20 0.394531 0.0140183 
1660 2.0148e+20 0.394008 0.0140679 
1665.25 2.00949e+20 0.393488 0.0138958 
1670.5 2.00419e+20 0.39297 0.013506 
1675.76 1.99892e+20 0.392453 0.0129057 
1681.01 1.99367e+20 0.391937 0.0121059 
1686.26 1.98845e+20 0.391421 0.0111202 
1691.51 1.98324e+20 0.390905 0.00996551 
1696.77 1.97806e+20 0.390389 0.00866118 
1702.02 1.97289e+20 0.389871 0.00722886 
1707.28 1.96775e+20 0.389352 0.00569212 
1712.53 1.96263e+20 0.388832 0.00407607 
1717.79 1.95753e+20 0.38831 0.00240691 
1723.05 1.95245e+20 0.387789 0.000711579 
1728.31 1.9474e+20 0.387267 -0.000982769 
1733.57 1.94236e+20 0.386746 -0.00264916 
1738.83 1.93734e+20 0.386225 -0.00426128 
1744.09 1.93235e+20 0.385707 -0.00579386 
1749.35 1.92738e+20 0.385191 -0.0072232 
1754.61 1.92243e+20 0.384677 -0.00852742 
1759.88 1.91751e+20 0.384167 -0.00968695 
1765.14 1.9126e+20 0.383661 -0.0106848 
1770.41 1.90772e+20 0.383158 -0.0115067 
1775.67 1.90286e+20 0.382659 -0.0121416 
1780.94 1.89802e+20 0.382164 -0.0125814 
1786.21 1.8932e+20 0.381672 -0.0128215 
1791.48 1.8884e+20 0.381183 -0.0128604 
1796.74 1.88363e+20 0.380697 -0.0126998 
1802.01 1.87887e+20 0.380213 -0.0123445 
1807.29 1.87413e+20 0.37973 -0.0118023 
1812.56 1.86941e+20 0.379247 -0.0110836 
1817.83 1.86471e+20 0.378765 -0.0102015 
1823.1 1.86003e+20 0.378283 -0.00917107 
1828.38 1.85537e+20 0.377799 -0.00800943 
1833.65 1.85072e+20 0.377315 -0.0067353 
1838.93 1.8461e+20 0.37683 -0.00536875 
1844.2 1.84149e+20 0.376344 -0.00393084 
1849.48 1.8369e+20 0.375857 -0.00244339 
1854.76 1.83232e+20 0.37537 -0.000928639 
1860.04 1.82777e+20 0.374882 0.000591019 
1865.31 1.82323e+20 0.374395 0.00209332 
1870.59 1.81871e+20 0.373909 0.00355639 
1875.88 1.81421e+20 0.373425 0.004959 
1881.16 1.80973e+20 0.372942 0.00628083 
1886.44 1.80527e+20 0.372462 0.00750274 
1891.72 1.80083e+20 0.371985 0.00860695 
1897.01 1.7964e+20 0.371512 0.00957732 
1902.29 1.792e+20 0.371041 0.0103995 
1907.58 1.78761e+20 0.370574 0.0110613 
1912.86 1.78325e+20 0.37011 0.0115527 
1918.15 1.7789e+20 0.369649 0.0118659 
1923.44 1.77456e+20 0.369191 0.0119959 
1928.73 1.77025e+20 0.368735 0.0119402 
1934.02 1.76595e+20 0.368281 0.0116991 
1939.31 1.76167e+20 0.367827 0.0112758 
1944.6 1.75741e+20 0.367375 0.0106761 
1949.89 1.75316e+20 0.366923 0.00990873 
1955.19 1.74893e+20 0.36647 0.00898507 
1960.48 1.74471e+20 0.366017 0.00791916 
1965.77 1.74051e+20 0.365563 0.00672743 
1971.07 1.73632e+20 0.365108 0.00542856 
1976.36 1.73215e+20 0.364653 0.00404318 
1981.66 1.728e+20 0.364197 0.00259355 
1986.96 1.72386e+20 0.36374 0.00110323 
1992.26 1.71974e+20 0.363283 -0.000403316 
1997.56 1.71563e+20 0.362827 -0.00190118 
2002.86 1.71154e+20 0.362372 -0.00336544 
2008.16 1.70747e+20 0.361918 -0.00477159 
2013.46 1.70341e+20 0.361466 -0.00609609 
2018.76 1.69936e+20 0.361016 -0.00731672 
2024.06 1.69534e+20 0.360569 -0.00841309 
2029.37 1.69133e+20 0.360124 -0.00936701 
2034.67 1.68734e+20 0.359683 -0.0101628 
2039.98 1.68336e+20 0.359244 -0.0107878 
2045.29 1.6794e+20 0.358808 -0.0112322 
2050.59 1.67545e+20 0.358375 -0.0114895 
2055.9 1.67152e+20 0.357945 -0.0115566 
2061.21 1.66761e+20 0.357516 -0.0114339 
2066.52 1.66371e+20 0.357088 -0.0111248 
2071.83 1.65982e+20 0.356662 -0.0106361 
2077.14 1.65595e+20 0.356237 -0.0099776 
2082.45 1.65209e+20 0.355811 -0.00916182 
2087.77 1.64825e+20 0.355386 -0.00820381 
2093.08 1.64442e+20 0.35496 -0.00712078 
2098.39 1.6406e+20 0.354533 -0.00593179 
2103.71 1.6368e+20 0.354106 -0.00465735 
2109.02 1.63301e+20 0.353678 -0.00331907 
2114.34 1.62923e+20 0.353249 -0.00193925 
2119.66 1.62547e+20 0.35282 -0.000540524 
2124.98 1.62172e+20 0.352391 0.000854528 
2130.3 1.61799e+20 0.351963 0.00222372 
2135.62 1.61427e+20 0.351535 0.0035456 
2140.94 1.61056e+20 0.351109 0.00479979 
2146.26 1.60687e+20 0.350684 0.00596724 
2151.58 1.60319e+20 0.350261 0.00703052 
2156.9 1.59953e+20 0.349841 0.00797405 
2162.23 1.59588e+20 0.349423 0.00878429 
2167.55 1.59224e+20 0.349008 0.00944993 
2172.88 1.58862e+20 0.348595 0.00996198 
2178.2 1.58501e+20 0.348185 0.0103139 
2183.53 1.58142e+20 0.347777 0.0105018 
2188.86 1.57784e+20 0.347371 0.010524 
2194.19 1.57427e+20 0.346967 0.0103817 
2199.52 1.57072e+20 0.346564 0.0100784 
2204.85 1.56717e+20 0.346162 0.00961994 
2210.18 1.56364e+20 0.345761 0.00901449 
2215.51 1.56013e+20 0.34536 0.00827234 
2220.84 1.55662e+20 0.344959 0.00740575 
2226.18 1.55313e+20 0.344557 0.00642872 
2231.51 1.54965e+20 0.344155 0.00535679 
2236.85 1.54618e+20 0.343753 0.00420686 
2242.18 1.54272e+20 0.343349 0.00299685 
2247.52 1.53928e+20 0.342946 0.00174554 
2252.86 1.53584e+20 0.342542 0.000472247 
2258.19 1.53242e+20 0.342139 -0.000803392 
2263.53 1.52901e+20 0.341735 -0.00206174 
2268.87 1.52562e+20 0.341333 -0.00328341 
2274.21 1.52223e+20 0.340931 -0.00444955 
2279.56 1.51886e+20 0.340531 -0.00554209 
2284.9 1.5155e+20 0.340133 -0.00654406 
2290.24 1.51215e+20 0.339737 -0.00743982 
2295.59 1.50882e+20 0.339343 -0.00821532 
2300.93 1.50549e+20 0.338951 -0.00885834 
2306.28 1.50218e+20 0.338562 -0.00935871 
2311.62 1.49888e+20 0.338174 -0.00970847 
2316.97 1.4956e+20 0.337789 -0.00990209 
2322.32 1.49232e+20 0.337406 -0.00993652 
2327.67 1.48906e+20 0.337024 -0.00981133 
2333.02 1.48581e+20 0.336644 -0.00952872 
2338.37 1.48257e+20 0.336264 -0.00909348 
2343.72 1.47934e+20 0.335885 -0.00851296 
2349.07 1.47612e+20 0.335506 -0.00779696 
2354.42 1.47291e+20 0.335127 -0.00695752 
2359.77 1.46971e+20 0.334748 -0.00600876 
2365.13 1.46653e+20 0.334369 -0.00496658 
2370.48 1.46335e+20 0.333989 -0.00384842 
2375.84 1.46018e+20 0.333609 -0.00267291 
2381.2 1.45703e+20 0.333228 -0.00145954 
2386.55 1.45388e+20 0.332847 -0.000228314 
2391.91 1.45075e+20 0.332466 0.0010006 
2397.27 1.44763e+20 0.332086 0.00220721 
2402.63 1.44451e+20 0.331706 0.0033721 
2407.99 1.44141e+20 0.331327 0.00447666 
2413.35 1.43832e+20 0.33095 0.00550346 
2418.72 1.43524e+20 0.330574 0.00643649 
2424.08 1.43217e+20 0.330199 0.0072614 
2429.44 1.42911e+20 0.329827 0.00796573 
2434.81 1.42607e+20 0.329457 0.00853903 
2440.17 1.42303e+20 0.329088 0.00897304 
2445.54 1.42e+20 0.328722 0.00926176 
2450.91 1.41699e+20 0.328358 0.00940152 
2456.28 1.41398e+20 0.327995 0.00939098 
2461.64 1.41099e+20 0.327634 0.00923117 
2467.01 1.408e+20 0.327274 0.00892536 
2472.38 1.40503e+20 0.326915 0.00847909 
2477.76 1.40206e+20 0.326556 0.00789996 
2483.13 1.39911e+20 0.326198 0.00719761 
2488.5 1.39616e+20 0.325839 0.00638347 
2493.87 1.39323e+20 0.325481 0.00547064 
2499.25 1.3903e+20 0.325122 0.00447368 
2504.62 1.38738e+20 0.324763 0.00340838 
2510 1.38447e+20 0.324403 0.00229158 
2515.38 1.38157e+20 0.324043 0.00114084 
2520.76 1.37868e+20 0.323683 -2.57271e-05 
2526.13 1.3758e+20 0.323323 -0.00118977 
2531.51 1.37293e+20 0.322963 -0.00233296 
2536.89 1.37007e+20 0.322604 -0.00343724 
2542.27 1.36722e+20 0.322246 -0.00448513 
2547.66 1.36438e+20 0.321888 -0.00545996 
2553.04 1.36154e+20 0.321533 -0.00634616 
2558.42 1.35872e+20 0.321178 -0.00712948 
2563.81 1.35591e+20 0.320826 -0.00779721 
2569.19 1.3531e+20 0.320475 -0.00833843 
2574.58 1.35031e+20 0.320126 -0.00874418 
2579.96 1.34752e+20 0.319779 -0.00900761 
2585.35 1.34475e+20 0.319434 -0.00912413 
2590.74 1.34198e+20 0.31909 -0.00909151 
2596.13 1.33922e+20 0.318748 -0.00890993 
2601.52 1.33648e+20 0.318407 -0.00858201 
2606.91 1.33374e+20 0.318066 -0.00811283 
2612.3 1.33101e+20 0.317727 -0.00750984 
2617.69 1.32828e+20 0.317387 -0.00678276 
2623.08 1.32557e+20 0.317048 -0.00594349 
2628.48 1.32287e+20 0.316708 -0.00500587 
2633.87 1.32017e+20 0.316368 -0.00398552 
2639.27 1.31748e+20 0.316028 -0.00289954 
2644.66 1.3148e+20 0.315687 -0.00176625 
2650.06 1.31213e+20 0.315346 -0.000604844 
2655.46 1.30947e+20 0.315005 0.000564908 
2660.86 1.30681e+20 0.314664 0.00172305 
2666.26 1.30416e+20 0.314323 0.0028498 
2671.66 1.30153e+20 0.313982 0.0039259 
2677.06 1.2989e+20 0.313642 0.00493299 
2682.46 1.29628e+20 0.313304 0.00585395 
2687.86 1.29366e+20 0.312966 0.00667319 
2693.27 1.29106e+20 0.31263 0.007377 
2698.67 1.28846e+20 0.312295 0.00795372 
2704.08 1.28587e+20 0.311962 0.00839401 
2709.48 1.2833e+20 0.311631 0.00869098 
2714.89 1.28072e+20 0.311302 0.00884029 
2720.3 1.27816e+20 0.310975 0.00884023 
2725.71 1.27561e+20 0.310649 0.00869169 
2731.12 1.27306e+20 0.310324 0.00839815 
2736.53 1.27053e+20 0.31 0.00796555 
2741.94 1.268e+20 0.309678 0.00740215 
2747.35 1.26548e+20 0.309355 0.0067184 
2752.76 1.26296e+20 0.309033 0.00592665 
2758.17 1.26046e+20 0.308711 0.00504096 
2763.59 1.25796e+20 0.308389 0.00407682 
2769 1.25547e+20 0.308067 0.00305087 
2774.42 1.25298e+20 0.307744 0.00198059 
2779.83 1.25051e+20 0.307421 0.00088403 
2785.25 1.24804e+20 0.307097 -0.000220532 
2790.67 1.24558e+20 0.306773 -0.00131485 
2796.09 1.24312e+20 0.306448 -0.00238101 
2801.51 1.24067e+20 0.306124 -0.00340174 
2806.93 1.23823e+20 0.305801 -0.00436062 
2812.35 1.2358e+20 0.305478 -0.00524238 
2817.77 1.23338e+20 0.305156 -0.00603312 
2823.2 1.23096e+20 0.304835 -0.00672049 
2828.62 1.22855e+20 0.304515 -0.00729389 
2834.05 1.22615e+20 0.304197 -0.00774464 
2839.47 1.22376e+20 0.303881 -0.00806607 
2844.9 1.22137e+20 0.303567 -0.00825365 
2850.32 1.21899e+20 0.303254 -0.00830503 
2855.75 1.21662e+20 0.302943 -0.00822008 
2861.18 1.21426e+20 0.302633 -0.00800087 
2866.61 1.2119e+20 0.302325 -0.00765163 
2872.04 1.20955e+20 0.302018 -0.00717869 
2877.47 1.20721e+20 0.301712 -0.00659033 
2882.9 1.20488e+20 0.301406 -0.00589669 
2888.34 1.20255e+20 0.3011 -0.00510955 
2893.77 1.20023e+20 0.300794 -0.00424213 
2899.2 1.19792e+20 0.300488 -0.00330892 
2904.64 1.19561e+20 0.300182 -0.00232537 
2910.08 1.19331e+20 0.299874 -0.00130767 
2915.51 1.19101e+20 0.299567 -0.000272492 
2920.95 1.18873e+20 0.299259 0.000763294 
2926.39 1.18644e+20 0.29895 0.00178289 
2931.83 1.18417e+20 0.298641 0.00276983 
2937.27 1.1819e+20 0.298332 0.00370824 
2942.71 1.17964e+20 0.298024 0.00458307 
2948.15 1.17739e+20 0.297716 0.00538034 
2953.59 1.17514e+20 0.297409 0.00608735 
2959.04 1.1729e+20 0.297104 0.00669285 
2964.48 1.17066e+20 0.2968 0.00718725 
2969.93 1.16843e+20 0.296497 0.00756271 
2975.37 1.16621e+20 0.296197 0.00781333 
2980.82 1.164e+20 0.295898 0.00793518 
2986.27 1.16179e+20 0.295601 0.00792638 
2991.72 1.1596e+20 0.295306 0.00778718 
2997.16 1.1574e+20 0.295012 0.00751989 
3002.61 1.15522e+20 0.294719 0.00712892 
3008.07 1.15304e+20 0.294428 0.00662068 
3013.52 1.15087e+20 0.294137 0.00600351 
3018.97 1.1487e+20 0.293846 0.00528754 
3024.42 1.14654e+20 0.293555 0.00448454 
3029.88 1.14439e+20 0.293264 0.00360774 
3035.33 1.14224e+20 0.292972 0.00267165 
3040.79 1.1401e+20 0.29268 0.00169175 
3046.24 1.13796e+20 0.292387 0.00068431 
3051.7 1.13583e+20 0.292094 -0.000333898 
3057.16 1.13371e+20 0.291799 -0.0013459 
3062.62 1.13159e+20 0.291505 -0.00233479 
3068.08 1.12947e+20 0.29121 -0.003284 
3073.54 1.12737e+20 0.290915 -0.0041776 
3079 1.12526e+20 0.29062 -0.00500055 
3084.46 1.12317e+20 0.290327 -0.00573899 
3089.93 1.12108e+20 0.290034 -0.0063804 
3095.39 1.119e+20 0.289743 -0.00691391 
3100.85 1.11692e+20 0.289454 -0.00733039 
3106.32 1.11485e+20 0.289166 -0.00762268 
3111.79 1.11279e+20 0.28888 -0.00778569 
3117.25 1.11073e+20 0.288596 -0.00781649 
3122.72 1.10868e+20 0.288314 -0.00771438 
3128.19 1.10663e+20 0.288034 -0.0074809 
3133.66 1.1046e+20 0.287755 -0.00711985 
3139.13 1.10256e+20 0.287477 -0.00663722 
3144.6 1.10054e+20 0.287199 -0.0060411 
3150.07 1.09852e+20 0.286922 -0.00534159 
3155.55 1.0965e+20 0.286646 -0.00455062 
3161.02 1.0945e+20 0.286368 -0.00368176 
3166.49 1.09249e+20 0.286091 -0.00275002 
3171.97 1.09049e+20 0.285812 -0.00177156 
3177.45 1.0885e+20 0.285533 -0.000763458 
3182.92 1.08651e+20 0.285253 0.000256636 
3188.4 1.08453e+20 0.284972 0.00127079 
3193.88 1.08255e+20 0.28469 0.00226113 
3199.36 1.08058e+20 0.284408 0.00321015 
3204.84 1.07861e+20 0.284125 0.00410109 
3210.32 1.07665e+20 0.283843 0.0049182 
3215.8 1.07469e+20 0.283562 0.00564708 
3221.28 1.07274e+20 0.283282 0.00627494 
3226.77 1.07079e+20 0.283003 0.00679086 
3232.25 1.06885e+20 0.282725 0.00718599 
3237.74 1.06692e+20 0.28245 0.00745371 
3243.22 1.06499e+20 0.282176 0.00758978 
3248.71 1.06307e+20 0.281905 0.00759239 
3254.2 1.06115e+20 0.281635 0.00746217 
3259.69 1.05924e+20 0.281367 0.0072022 
3265.18 1.05734e+20 0.281101 0.00681791 
3270.67 1.05544e+20 0.280836 0.00631694 
3276.16 1.05355e+20 0.280571 0.00570901 
3281.65 1.05166e+20 0.280307 0.00500568 
3287.14 1.04978e+20 0.280043 0.00422012 
3292.64 1.0479e+20 0.279779 0.00336684 
3298.13 1.04603e+20 0.279514 0.0024614 
3303.62 1.04416e+20 0.279248 0.00152012 
3309.12 1.0423e+20 0.278981 0.000559732 
3314.62 1.04044e+20 0.278713 -0.000402901 
3320.11 1.03858e+20 0.278444 -0.00135111 
3325.61 1.03673e+20 0.278174 -0.00226869 
3331.11 1.03489e+20 0.277904 -0.00314023 
3336.61 1.03305e+20 0.277633 -0.00395131 
3342.11 1.03121e+20 0.277363 -0.00468876 
3347.62 1.02938e+20 0.277093 -0.00534086 
3353.12 1.02755e+20 0.276824 -0.00589749 
3358.62 1.02573e+20 0.276556 -0.00635031 
3364.13 1.02392e+20 0.27629 -0.00669279 
3369.63 1.02211e+20 0.276026 -0.00692034 
3375.14 1.0203e+20 0.275764 -0.00703031 
3380.64 1.0185e+20 0.275504 -0.007022 
3386.15 1.01671e+20 0.275247 -0.00689665 
3391.66 1.01492e+20 0.274991 -0.00665734 
3397.17 1.01314e+20 0.274736 -0.00630896 
3402.68 1.01137e+20 0.274483 -0.00585806 
3408.19 1.00959e+20 0.274231 -0.00531276 
3413.7 1.00783e+20 0.273979 -0.0046826 
3419.21 1.00607e+20 0.273727 -0.00397834 
3424.73 1.00431e+20 0.273474 -0.00321185 
3430.24 1.00256e+20 0.273221 -0.00239588 
3435.75 1.00081e+20 0.272967 -0.00154388 
3441.27 9.99061e+19 0.272711 -0.000669781 
3446.79 9.9732e+19 0.272454 0.000212169 
3452.3 9.95582e+19 0.272196 0.00108766 
3457.82 9.93848e+19 0.271938 0.00194252 
3463.34 9.92119e+19 0.271678 0.00276291 
3468.86 9.90393e+19 0.271418 0.00353556 
3474.38 9.88672e+19 0.271158 0.00424792 
3479.9 9.86956e+19 0.270899 0.00488842 
3485.43 9.85244e+19 0.270641 0.0054466 
3490.95 9.83537e+19 0.270384 0.00591331 
3496.47 9.81835e+19 0.270129 0.00628083 
3502 9.80138e+19 0.269876 0.00654302 
3507.52 9.78447e+19 0.269625 0.00669544 
3513.05 9.76761e+19 0.269377 0.00673541 
3518.58 9.75081e+19 0.26913 0.00666209 
3524.11 9.73406e+19 0.268885 0.00647649 
3529.64 9.71735e+19 0.268642 0.00618149 
3535.17 9.7007e+19 0.2684 0.0057818 
3540.7 9.68409e+19 0.268159 0.00528392 
3546.23 9.66753e+19 0.267918 0.004696 
3551.76 9.65101e+19 0.267677 0.00402777 
3557.29 9.63453e+19 0.267436 0.00329039 
3562.83 9.61809e+19 0.267193 0.00249623 
3568.36 9.60168e+19 0.266949 0.00165873 
3573.9 9.5853e+19 0.266704 0.000792109 
3579.43 9.56896e+19 0.266458 -8.87925e-05 
3584.97 9.55266e+19 0.26621 -0.000968827 
3590.51 9.53638e+19 0.265961 -0.00183277 
3596.05 9.52015e+19 0.265711 -0.0026656 
3601.59 9.50395e+19 0.265462 -0.00345275 
3607.13 9.48779e+19 0.265212 -0.00418038 
3612.67 9.47168e+19 0.264963 -0.00483565 
3618.21 9.4556e+19 0.264715 -0.0054069 
3623.76 9.43958e+19 0.264468 -0.00588394 
3629.3 9.4236e+19 0.264224 -0.00625817 
3634.84 9.40767e+19 0.263981 -0.00652282 
3640.39 9.3918e+19 0.263741 -0.00667304 
3645.94 9.37597e+19 0.263503 -0.00670601 
3651.48 9.3602e+19 0.263267 -0.00662101 
3657.03 9.34447e+19 0.263033 -0.00641943 
3662.58 9.32879e+19 0.262801 -0.00610479 
3668.13 9.31315e+19 0.26257 -0.00568261 
3673.68 9.29756e+19 0.262339 -0.00516042 
3679.23 9.28201e+19 0.262108 -0.00454752 
3684.78 9.26649e+19 0.261878 -0.00385488 
3690.34 9.25101e+19 0.261646 -0.00309491 
3695.89 9.23556e+19 0.261413 -0.00228125 
3701.45 9.22014e+19 0.261179 -0.00142849 
3707 9.20475e+19 0.260943 -0.000551905 
3712.56 9.1894e+19 0.260706 0.000332805 
3718.12 9.17407e+19 0.260467 0.00120983 
3723.67 9.15877e+19 0.260228 0.00206354 
3729.23 9.1435e+19 0.259987 0.00287874 
3734.79 9.12827e+19 0.259747 0.00364101 
3740.35 9.11308e+19 0.259507 0.00433688 
3745.91 9.09793e+19 0.259267 0.00495414 
3751.48 9.08282e+19 0.259029 0.00548201 
3757.04 9.06775e+19 0.258792 0.00591137 
3762.6 9.05273e+19 0.258558 0.00623485 
3768.17 9.03776e+19 0.258325 0.00644702 
3773.73 9.02283e+19 0.258095 0.00654443 
3779.3 9.00796e+19 0.257868 0.00652568 
3784.87 8.99313e+19 0.257642 0.00639143 
3790.44 8.97834e+19 0.257419 0.00614438 
3796.01 8.9636e+19 0.257196 0.00578924 
3801.58 8.9489e+19 0.256975 0.00533258 
3807.15 8.93423e+19 0.256754 0.00478279 
3812.72 8.91961e+19 0.256533 0.00414987 
3818.29 8.90501e+19 0.256311 0.00344525 
3823.86 8.89045e+19 0.256089 0.00268163 
3829.44 8.87591e+19 0.255865 0.00187271 
3835.01 8.8614e+19 0.255639 0.001033 
3840.59 8.84691e+19 0.255412 0.000177489 
3846.16 8.83245e+19 0.255183 -0.000678558 
3851.74 8.81802e+19 0.254953 -0.0015199 
3857.32 8.80362e+19 0.254722 -0.00233159 
3862.9 8.78925e+19 0.25449 -0.00309924 
3868.48 8.77491e+19 0.254259 -0.00380928 
3874.06 8.7606e+19 0.254027 -0.00444919 
3879.64 8.74633e+19 0.253797 -0.00500776 
3885.22 8.73211e+19 0.253568 -0.00547523 
3890.81 8.71792e+19 0.253341 -0.00584354 
3896.39 8.70378e+19 0.253116 -0.00610639 
3901.97 8.68969e+19 0.252894 -0.00625942 
3907.56 8.67564e+19 0.252674 -0.00630024 
3913.15 8.66164e+19 0.252456 -0.00622849 
3918.73 8.64768e+19 0.252241 -0.00604582 
3924.32 8.63376e+19 0.252027 -0.00575588 
3929.91 8.61988e+19 0.251814 -0.00536423 
3935.5 8.60604e+19 0.251602 -0.00487823 
3941.09 8.59223e+19 0.25139 -0.00430691 
3946.68 8.57845e+19 0.251178 -0.00366081 
3952.28 8.5647e+19 0.250964 -0.00295178 
3957.87 8.55097e+19 0.25075 -0.00219276 
3963.46 8.53727e+19 0.250534 -0.00139755 
3969.06 8.5236e+19 0.250316 -0.000580562 
3974.65 8.50994e+19 0.250097 0.000243446 
3980.25 8.49631e+19 0.249876 0.00105962 
3985.85 8.4827e+19 0.249653 0.0018533 
3991.45 8.46912e+19 0.24943 0.00261026 
3997.05 8.45557e+19 0.249207 0.00331697 
4002.65 8.44205e+19 0.248983 0.00396086 
4008.25 8.42856e+19 0.24876 0.00453054 
4013.85 8.41511e+19 0.248539 0.00501599 
4019.45 8.4017e+19 0.248319 0.00540874 
4025.05 8.38833e+19 0.248102 0.00570209 
4030.66 8.37501e+19 0.247886 0.00589115 
4036.26 8.36172e+19 0.247674 0.00597296 
4041.87 8.34848e+19 0.247463 0.00594658 
4047.48 8.33529e+19 0.247255 0.00581304 
4053.08 8.32213e+19 0.247049 0.00557538 
4058.69 8.30901e+19 0.246844 0.00523855 
4064.3 8.29592e+19 0.24664 0.0048093 
4069.91 8.28287e+19 0.246437 0.00429608 
4075.52 8.26985e+19 0.246233 0.00370886 
4081.13 8.25685e+19 0.246029 0.00305889 
4086.75 8.24388e+19 0.245823 0.00235854 
4092.36 8.23093e+19 0.245616 0.00162102 
4097.97 8.218e+19 0.245407 0.000860079 
4103.59 8.20508e+19 0.245196 8.98148e-05 
4109.2 8.19219e+19 0.244984 -0.000675664 
4114.82 8.17932e+19 0.24477 -0.00142249 
4120.44 8.16648e+19 0.244555 -0.00213731 
4126.06 8.15366e+19 0.244339 -0.0028075 
4131.68 8.14086e+19 0.244123 -0.00342147 
4137.3 8.1281e+19 0.243908 -0.00396879 
4142.92 8.11537e+19 0.243693 -0.00444041 
4148.54 8.10267e+19 0.243481 -0.0048288 
4154.16 8.09002e+19 0.24327 -0.00512805 
4159.79 8.0774e+19 0.243061 -0.00533398 
4165.41 8.06483e+19 0.242855 -0.00544412 
4171.04 8.0523e+19 0.242652 -0.00545778 
4176.66 8.03981e+19 0.242451 -0.00537598 
4182.29 8.02735e+19 0.242252 -0.00520141 
4187.92 8.01493e+19 0.242055 -0.00493831 
4193.54 8.00255e+19 0.241858 -0.0045924 
4199.17 7.9902e+19 0.241663 -0.00417071 
4204.8 7.97788e+19 0.241467 -0.00368144 
4210.44 7.96558e+19 0.241271 -0.00313377 
4216.07 7.9533e+19 0.241073 -0.0025377 
4221.7 7.94104e+19 0.240874 -0.00190386 
4227.33 7.9288e+19 0.240674 -0.00124333 
4232.97 7.91658e+19 0.240471 -0.00056741 
4238.6 7.90438e+19 0.240267 0.000112503 
4244.24 7.89219e+19 0.240061 0.000785137 
4249.88 7.88002e+19 0.239853 0.0014395 
4255.51 7.86788e+19 0.239645 0.00206504 
4261.15 7.85576e+19 0.239437 0.00265178 
4266.79 7.84367e+19 0.239228 0.0031905 
4272.43 7.8316e+19 0.239021 0.0036728 
4278.07 7.81958e+19 0.238815 0.00409124 
4283.72 7.80758e+19 0.238611 0.00443942 
4289.36 7.79563e+19 0.238409 0.00471207 
4295 7.78371e+19 0.238209 0.00490514 
4300.65 7.77184e+19 0.238013 0.00501577 
4306.29 7.76e+19 0.237818 0.00504241 
4311.94 7.7482e+19 0.237626 0.0049848 
4317.59 7.73644e+19 0.237436 0.00484396 
4323.24 7.7247e+19 0.237247 0.00462221 
4328.88 7.713e+19 0.237058 0.00432312 
4334.53 7.70133e+19 0.23687 0.00395147 
4340.18 7.68967e+19 0.236681 0.00351321 
4345.84 7.67804e+19 0.236491 0.00301536 
4351.49 7.66643e+19 0.2363 0.00246591 
4357.14 7.65483e+19 0.236107 0.00187376 
4362.8 7.64325e+19 0.235912 0.00124854 
4368.45 7.63168e+19 0.235715 0.000600508 
4374.11 7.62013e+19 0.235517 -5.95932e-05 
4379.76 7.60859e+19 0.235317 -0.000720724 
4385.42 7.59708e+19 0.235115 -0.0013717 
4391.08 7.58558e+19 0.234914 -0.00200139 
4396.74 7.57412e+19 0.234712 -0.00259886 
4402.4 7.56267e+19 0.234511 -0.00315361 
4408.06 7.55127e+19 0.234312 -0.00365572 
4413.72 7.53989e+19 0.234114 -0.00409607 
4419.38 7.52855e+19 0.233919 -0.00446646 
4425.04 7.51725e+19 0.233726 -0.00475982 
4430.71 7.50598e+19 0.233535 -0.00497035 
4436.37 7.49475e+19 0.233347 -0.00509361 
4442.04 7.48356e+19 0.233162 -0.00512669 
4447.71 7.4724e+19 0.232978 -0.00506823 
4453.37 7.46128e+19 0.232796 -0.00491854 
4459.04 7.45018e+19 0.232614 -0.00467957 
4464.71 7.43911e+19 0.232433 -0.00435492 
4470.38 7.42805e+19 0.232251 -0.00394982 
4476.05 7.41702e+19 0.232068 -0.00347106 
4481.72 7.40601e+19 0.231884 -0.00292686 
4487.4 7.395e+19 0.231698 -0.00232677 
4493.07 7.38401e+19 0.231511 -0.00168149 
4498.75 7.37304e+19 0.231321 -0.0010027 
4504.42 7.36208e+19 0.231129 -0.000302806 
4510.1 7.35113e+19 0.230935 0.000405228 
4515.77 7.3402e+19 0.230741 0.00110817 
4521.45 7.32929e+19 0.230546 0.00179278 
4527.13 7.3184e+19 0.230351 0.00244602 
4532.81 7.30753e+19 0.230156 0.00305541 
4538.49 7.2967e+19 0.229963 0.00360917 
4544.17 7.2859e+19 0.229771 0.00409655 
4549.85 7.27513e+19 0.229582 0.00450804 
4555.54 7.2644e+19 0.229395 0.00483552 
4561.22 7.2537e+19 0.229211 0.00507252 
4566.9 7.24304e+19 0.229029 0.00521431 
4572.59 7.23242e+19 0.22885 0.00525799 
4578.28 7.22182e+19 0.228673 0.00520263 
4583.96 7.21126e+19 0.228497 0.00504923 
4589.65 7.20073e+19 0.228322 0.00480073 
4595.34 7.19021e+19 0.228147 0.00446196 
4601.03 7.17972e+19 0.227972 0.00403953 
4606.72 7.16925e+19 0.227796 0.0035417 
4612.41 7.15879e+19 0.227618 0.00297819 
4618.1 7.14834e+19 0.227439 0.00236 
4623.8 7.1379e+19 0.227258 0.00169917 
4629.49 7.12748e+19 0.227074 0.00100851 
4635.19 7.11706e+19 0.226889 0.000301343 
4640.88 7.10666e+19 0.226702 -0.000408753 
4646.58 7.09627e+19 0.226513 -0.00110825 
4652.28 7.0859e+19 0.226324 -0.00178391 
4657.97 7.07556e+19 0.226135 -0.0024231 
4663.67 7.06523e+19 0.225947 -0.00301398 
4669.37 7.05494e+19 0.22576 -0.00354576 
4675.07 7.04467e+19 0.225574 -0.00400887 
4680.78 7.03444e+19 0.225391 -0.00439517 
4686.48 7.02424e+19 0.22521 -0.00469804 
4692.18 7.01407e+19 0.225032 -0.00491251 
4697.89 7.00394e+19 0.224857 -0.00503532 
4703.59 6.99385e+19 0.224683 -0.00506494 
4709.3 6.98378e+19 0.224512 -0.00500158 
4715 6.97375e+19 0.224343 -0.00484715 
4720.71 6.96373e+19 0.224174 -0.0046052 
4726.42 6.95374e+19 0.224005 -0.00428081 
4732.13 6.94377e+19 0.223836 -0.0038805 
4737.84 6.93382e+19 0.223666 -0.00341206 
4743.55 6.92388e+19 0.223495 -0.00288441 
4749.26 6.91394e+19 0.223321 -0.00230743 
4754.97 6.90402e+19 0.223146 -0.00169174 
4760.69 6.89411e+19 0.222968 -0.00104857 
4766.4 6.8842e+19 0.222788 -0.000389499 
4772.12 6.87431e+19 0.222607 0.000273705 
4777.83 6.86443e+19 0.222425 0.000929295 
4783.55 6.85457e+19 0.222242 0.00156574 
4789.27 6.84472e+19 0.222058 0.00217192 
4794.99 6.8349e+19 0.221876 0.00273729 
4800.71 6.82511e+19 0.221695 0.00325204 
4806.43 6.81534e+19 0.221515 0.0037073 
4812.15 6.80561e+19 0.221338 0.00409522 
4817.87 6.79591e+19 0.221163 0.00440913 
4823.59 6.78624e+19 0.220991 0.00464362 
4829.32 6.77661e+19 0.220821 0.00479467 
4835.04 6.76701e+19 0.220654 0.00485967 
4840.77 6.75744e+19 0.220489 0.00483751 
4846.5 6.74789e+19 0.220325 0.00472854 
4852.22 6.73837e+19 0.220162 0.00453465 
4857.95 6.72887e+19 0.219999 0.00425917 
4863.68 6.71938e+19 0.219836 0.00390688 
4869.41 6.70991e+19 0.219672 0.00348393 
4875.14 6.70045e+19 0.219506 0.00299769 
4880.87 6.691e+19 0.219338 0.00245671 
4886.61 6.68155e+19 0.219168 0.00187056 
4892.34 6.67212e+19 0.218995 0.00124963 
4898.07 6.66269e+19 0.218821 0.000605009 
4903.81 6.65327e+19 0.218645 -5.17149e-05 
4909.54 6.64386e+19 0.218468 -0.000708675 
4915.28 6.63447e+19 0.218291 -0.00135392 
4921.02 6.6251e+19 0.218113 -0.00197562 
4926.76 6.61575e+19 0.217936 -0.00256232 
4932.5 6.60643e+19 0.217761 -0.0031031 
4938.24 6.59713e+19 0.217587 -0.00358783 
4943.98 6.58787e+19 0.217416 -0.00400731 
4949.72 6.57863e+19 0.217247 -0.00435351 
4955.46 6.56943e+19 0.217081 -0.0046197 
4961.21 6.56026e+19 0.216917 -0.00480059 
4966.95 6.55113e+19 0.216756 -0.00489244 
4972.7 6.54202e+19 0.216596 -0.00489316 
4978.44 6.53293e+19 0.216438 -0.00480234 
4984.19 6.52387e+19 0.21628 -0.00462132 
4989.94 6.51482e+19 0.216123 -0.00435311 
4995.69 6.50579e+19 0.215965 -0.00400243 
5001.44 6.49677e+19 0.215805 -0.00357556 
5007.19 6.48776e+19 0.215644 -0.00308029 
5012.94 6.47875e+19 0.215482 -0.00252573 
5018.69 6.46975e+19 0.215316 -0.00192221 
5024.44 6.46076e+19 0.215149 -0.00128103 
5030.2 6.45178e+19 0.21498 -0.000614295 
5035.95 6.4428e+19 0.214809 6.53384e-05 
5041.71 6.43384e+19 0.214637 0.000744896 
5047.47 6.42489e+19 0.214465 0.00141133 
5053.22 6.41596e+19 0.214293 0.0020518 
5058.98 6.40705e+19 0.214121 0.00265387 
5064.74 6.39817e+19 0.213951 0.00320581 
5070.5 6.38931e+19 0.213784 0.00369683 
5076.26 6.38049e+19 0.213618 0.00411726 
5082.02 6.3717e+19 0.213455 0.00445878 
5087.79 6.36293e+19 0.213295 0.00471459 
5093.55 6.3542e+19 0.213137 0.00487955 
5099.32 6.3455e+19 0.212981 0.00495031 
5105.08 6.33682e+19 0.212827 0.00492537 
5110.85 6.32816e+19 0.212674 0.0048051 
5116.61 6.31953e+19 0.212522 0.0045918 
5122.38 6.31091e+19 0.212369 0.0042896 
5128.15 6.3023e+19 0.212216 0.00390441 
5133.92 6.2937e+19 0.212061 0.00344381 
5139.69 6.28511e+19 0.211905 0.00291689 
5145.46 6.27652e+19 0.211746 0.00233406 
5151.23 6.26794e+19 0.211586 0.00170685 
5157.01 6.25936e+19 0.211423 0.00104766 
5162.78 6.25079e+19 0.211258 0.000369511 
5168.56 6.24223e+19 0.211092 -0.000314201 
5174.33 6.23368e+19 0.210925 -0.000990014 
5180.11 6.22515e+19 0.210758 -0.00164466 
5185.89 6.21663e+19 0.210591 -0.00226533 
5191.66 6.20814e+19 0.210425 -0.00283995 
5197.44 6.19967e+19 0.210261 -0.0033574 
5203.22 6.19123e+19 0.210099 -0.00380777 
5209 6.18282e+19 0.209939 -0.0041825 
5214.79 6.17444e+19 0.209782 -0.00447461 
5220.57 6.16609e+19 0.209627 -0.00467878 
5226.35 6.15776e+19 0.209475 -0.00479147 
5232.14 6.14947e+19 0.209325 -0.00481096 
5237.92 6.14119e+19 0.209176 -0.00473738 
5243.71 6.13294e+19 0.209028 -0.00457269 
5249.49 6.12471e+19 0.208881 -0.00432062 
5255.28 6.11648e+19 0.208733 -0.00398658 
5261.07 6.10827e+19 0.208584 -0.00357755 
5266.86 6.10006e+19 0.208433 -0.00310189 
5272.65 6.09186e+19 0.208281 -0.0025692 
5278.44 6.08367e+19 0.208126 -0.00199011 
5284.23 6.07547e+19 0.20797 -0.00137604 
5290.03 6.06729e+19 0.207811 -0.00073901 
5295.82 6.05911e+19 0.20765 -9.13597e-05 
5301.62 6.05093e+19 0.207489 0.000554456 
5307.41 6.04277e+19 0.207326 0.00118612 
5313.21 6.03463e+19 0.207164 0.0017917 
5319.01 6.0265e+19 0.207002 0.00235982 
5324.8 6.0184e+19 0.206842 0.00287995 
5330.6 6.01032e+19 0.206683 0.0033425 
5336.4 6.00227e+19 0.206527 0.00373907 
5342.2 5.99425e+19 0.206373 0.00406255 
5348.01 5.98626e+19 0.206222 0.00430724 
5353.81 5.97829e+19 0.206073 0.00446898 
5359.61 5.97035e+19 0.205926 0.00454517 
5365.42 5.96244e+19 0.205781 0.00453483 
5371.22 5.95455e+19 0.205637 0.00443862 
5377.03 5.94667e+19 0.205494 0.00425879 
5382.83 5.93881e+19 0.205351 0.00399913 
5388.64 5.93096e+19 0.205207 0.00366492 
5394.45 5.92312e+19 0.205062 0.0032628 
5400.26 5.91528e+19 0.204915 0.00280067 
5406.07 5.90744e+19 0.204766 0.00228749 
5411.88 5.89961e+19 0.204615 0.00173317 
5417.69 5.89178e+19 0.204462 0.00114833 
5423.51 5.88396e+19 0.204307 0.000544146 
5429.32 5.87614e+19 0.204151 -6.79006e-05 
5435.14 5.86834e+19 0.203994 -0.000676209 
5440.95 5.86054e+19 0.203836 -0.00126929 
5446.77 5.85276e+19 0.203678 -0.00183598 
5452.59 5.84501e+19 0.203522 -0.00236565 
5458.4 5.83727e+19 0.203367 -0.00284841 
5464.22 5.82956e+19 0.203214 -0.00327527 
5470.04 5.82188e+19 0.203063 -0.00363835 
5475.86 5.81423e+19 0.202915 -0.003931 
5481.69 5.8066e+19 0.202769 -0.00414791 
5487.51 5.799e+19 0.202626 -0.00428522 
5493.33 5.79142e+19 0.202484 -0.00434062 
5499.16 5.78387e+19 0.202344 -0.00431334 
5504.98 5.77633e+19 0.202205 -0.00420415 
5510.81 5.76881e+19 0.202066 -0.00401543 
5516.64 5.76129e+19 0.201927 -0.00375099 
5522.46 5.75379e+19 0.201787 -0.00341611 
5528.29 5.74629e+19 0.201645 -0.00301735 
5534.12 5.7388e+19 0.201501 -0.00256249 
5539.95 5.7313e+19 0.201356 -0.00206032 
5545.78 5.72381e+19 0.201208 -0.00152051 
5551.62 5.71633e+19 0.201058 -0.000953409 
5557.45 5.70885e+19 0.200907 -0.000369863 
5563.28 5.70137e+19 0.200755 0.000219003 
5569.12 5.69391e+19 0.200601 0.000801986 
5574.95 5.68646e+19 0.200448 0.00136802 
5580.79 5.67903e+19 0.200296 0.00190637 
5586.63 5.67162e+19 0.200145 0.00240685 
5592.47 5.66423e+19 0.199995 0.00286 
5598.31 5.65687e+19 0.199848 0.00325729 
5604.15 5.64954e+19 0.199703 0.00359123 
5609.99 5.64223e+19 0.19956 0.00385555 
5615.83 5.63495e+19 0.19942 0.00404532 
5621.67 5.62769e+19 0.199282 0.00415702 
5627.52 5.62045e+19 0.199145 0.00418864 
5633.36 5.61323e+19 0.19901 0.00413969 
5639.21 5.60603e+19 0.198875 0.00401123 
5645.05 5.59884e+19 0.19874 0.00380583 
5650.9 5.59165e+19 0.198604 0.00352758 
5656.75 5.58447e+19 0.198467 0.00318193 
5662.6 5.5773e+19 0.198328 0.00277567 
5668.45 5.57012e+19 0.198187 0.00231673 
5674.3 5.56295e+19 0.198044 0.00181409 
5680.15 5.55578e+19 0.1979 0.00127756 
5686 5.54862e+19 0.197753 0.000717619 
5691.85 5.54146e+19 0.197605 0.000145193 
5697.71 5.53431e+19 0.197457 -0.000428549 
5703.56 5.52717e+19 0.197308 -0.000992418 
5709.42 5.52005e+19 0.19716 -0.00153543 
5715.28 5.51295e+19 0.197012 -0.00204701 
5721.13 5.50587e+19 0.196866 -0.00251722 
5726.99 5.49881e+19 0.196722 -0.00293695 
5732.85 5.49178e+19 0.196581 -0.0032981 
5738.71 5.48477e+19 0.196441 -0.00359374 
5744.57 5.47779e+19 0.196304 -0.00381825 
5750.44 5.47083e+19 0.196169 -0.00396742 
5756.3 5.46389e+19 0.196036 -0.00403856 
5762.16 5.45697e+19 0.195904 -0.00403053 
5768.03 5.45007e+19 0.195772 -0.00394377 
5773.89 5.44318e+19 0.195641 -0.00378028 
5779.76 5.43629e+19 0.195509 -0.00354357 
5785.63 5.42941e+19 0.195376 -0.0032386 
5791.49 5.42254e+19 0.195242 -0.00287168 
5797.36 5.41566e+19 0.195105 -0.0024503 
5803.23 5.40879e+19 0.194967 -0.00198301 
5809.1 5.40192e+19 0.194827 -0.00147922 
5814.98 5.39505e+19 0.194685 -0.000949037 
5820.85 5.38819e+19 0.194542 -0.000403005 
5826.72 5.38134e+19 0.194398 0.000148065 
5832.6 5.3745e+19 0.194253 0.000693331 
5838.47 5.36767e+19 0.194109 0.00122214 
5844.35 5.36086e+19 0.193966 0.00172422 
5850.23 5.35407e+19 0.193823 0.00218992 
5856.1 5.3473e+19 0.193683 0.00261036 
5861.98 5.34055e+19 0.193544 0.00297762 
5867.86 5.33383e+19 0.193408 0.00328488 
5873.74 5.32713e+19 0.193274 0.00352655 
5879.62 5.32046e+19 0.193142 0.00369835 
5885.51 5.3138e+19 0.193012 0.00379741 
5891.39 5.30717e+19 0.192883 0.00382231 
5897.27 5.30054e+19 0.192755 0.00377306 
5903.16 5.29393e+19 0.192627 0.00365112 
5909.04 5.28733e+19 0.192499 0.00345934 
5914.93 5.28073e+19 0.19237 0.00320191 
5920.82 5.27414e+19 0.19224 0.00288425 
5926.71 5.26755e+19 0.192107 0.00251288 
5932.6 5.26096e+19 0.191973 0.00209532 
5938.49 5.25437e+19 0.191838 0.00163992 
5944.38 5.24779e+19 0.1917 0.00115567 
5950.27 5.24121e+19 0.191561 0.000652056 
5956.16 5.23463e+19 0.191421 0.000138873 
5962.06 5.22807e+19 0.191281 -0.000373989 
5967.95 5.22152e+19 0.191141 -0.000876717 
5973.85 5.21499e+19 0.191001 -0.00135976 
5979.74 5.20847e+19 0.190862 -0.00181401 
5985.64 5.20198e+19 0.190725 -0.00223098 
5991.54 5.1955e+19 0.19059 -0.00260294 
5997.44 5.18905e+19 0.190457 -0.00292307 
6003.34 5.18262e+19 0.190327 -0.00318558 
6009.24 5.17622e+19 0.190198 -0.00338579 
6015.14 5.16983e+19 0.190071 -0.00352027 
6021.04 5.16346e+19 0.189945 -0.00358681 
6026.95 5.1571e+19 0.18982 -0.00358453 
6032.85 5.15076e+19 0.189695 -0.00351382 
6038.76 5.14442e+19 0.18957 -0.00337638 
6044.66 5.13809e+19 0.189445 -0.00317516 
6050.57 5.13177e+19 0.189318 -0.00291428 
6056.48 5.12544e+19 0.189189 -0.00259896 
6062.39 5.11912e+19 0.189059 -0.00223543 
6068.3 5.1128e+19 0.188927 -0.00183078 
6074.21 5.10648e+19 0.188794 -0.00139286 
6080.12 5.10016e+19 0.188659 -0.000930101 
6086.03 5.09385e+19 0.188523 -0.000451356 
6091.95 5.08755e+19 0.188387 3.42433e-05 
6097.86 5.08127e+19 0.188251 0.000517471 
6103.78 5.075e+19 0.188115 0.000989177 
6109.69 5.06874e+19 0.18798 0.00144046 
6115.61 5.0625e+19 0.187847 0.00186281 
6121.53 5.05629e+19 0.187715 0.00224831 
6127.44 5.0501e+19 0.187585 0.00258974 
6133.36 5.04392e+19 0.187458 0.00288072 
6139.28 5.03777e+19 0.187332 0.00311583 
6145.21 5.03164e+19 0.187208 0.00329073 
6151.13 5.02552e+19 0.187085 0.00340222 
6157.05 5.01941e+19 0.186963 0.00344828 
6162.97 5.01332e+19 0.186841 0.00342816 
6168.9 5.00724e+19 0.186719 0.00334234 
6174.83 5.00116e+19 0.186597 0.00319257 
6180.75 4.99508e+19 0.186473 0.00298179 
6186.68 4.98901e+19 0.186348 0.00271411 
6192.61 4.98294e+19 0.186222 0.00239474 
6198.54 4.97687e+19 0.186094 0.00202984 
6204.47 4.9708e+19 0.185964 0.00162647 
6210.4 4.96474e+19 0.185833 0.00119242 
6216.33 4.95868e+19 0.185701 0.000736046 
6222.26 4.95263e+19 0.185569 0.000266165 
6228.2 4.94659e+19 0.185436 -0.000208163 
6234.13 4.94057e+19 0.185304 -0.000677787 
6240.07 4.93456e+19 0.185173 -0.00113364 
6246 4.92857e+19 0.185043 -0.00156694 
6251.94 4.9226e+19 0.184915 -0.0019693 
6257.88 4.91665e+19 0.184788 -0.00233296 
6263.82 4.91072e+19 0.184664 -0.00265091 
6269.76 4.90481e+19 0.184541 -0.00291701 
6275.7 4.89891e+19 0.18442 -0.00312613 
6281.64 4.89304e+19 0.1843 -0.00327425 
6287.58 4.88717e+19 0.18418 -0.00335854 
6293.53 4.88131e+19 0.184062 -0.00337742 
6299.47 4.87547e+19 0.183943 -0.00333056 
6305.42 4.86962e+19 0.183823 -0.00321893 
6311.36 4.86379e+19 0.183703 -0.00304478 
6317.31 4.85795e+19 0.183581 -0.00281154 
6323.26 4.85212e+19 0.183458 -0.00252384 
6329.21 4.84628e+19 0.183333 -0.00218732 
6335.16 4.84045e+19 0.183207 -0.00180861 
6341.11 4.83463e+19 0.18308 -0.00139515 
6347.06 4.82881e+19 0.182951 -0.000955037 
6353.01 4.823e+19 0.182823 -0.000496893 
6358.97 4.8172e+19 0.182694 -2.96771e-05 
6364.92 4.81141e+19 0.182566 0.000437485 
6370.88 4.80564e+19 0.182438 0.000895483 
6376.83 4.79988e+19 0.182311 0.0013354 
6382.79 4.79414e+19 0.182187 0.00174868 
6388.75 4.78843e+19 0.182063 0.00212731 
6394.7 4.78272e+19 0.181942 0.00246396 
6400.66 4.77704e+19 0.181822 0.00275212 
6406.62 4.77137e+19 0.181704 0.00298625 
6412.59 4.76572e+19 0.181586 0.00316187 
6418.55 4.76008e+19 0.18147 0.00327562 
6424.51 4.75445e+19 0.181354 0.00332537 
6430.48 4.74883e+19 0.181237 0.00331021 
6436.44 4.74321e+19 0.181121 0.0032305 
6442.41 4.7376e+19 0.181003 0.00308784 
6448.37 4.73198e+19 0.180884 0.00288505 
6454.34 4.72638e+19 0.180764 0.00262611 
6460.31 4.72077e+19 0.180643 0.00231606 
6466.28 4.71516e+19 0.18052 0.00196095 
6472.25 4.70956e+19 0.180396 0.00156766 
6478.22 4.70397e+19 0.180272 0.00114384 
6484.19 4.69838e+19 0.180146 0.000697702 
6490.17 4.69281e+19 0.180021 0.000237911 
6496.14 4.68725e+19 0.179896 -0.00022661 
6502.11 4.6817e+19 0.179772 -0.000686836 
6508.09 4.67616e+19 0.179649 -0.00113381 
6514.07 4.67065e+19 0.179528 -0.00155882 
6520.04 4.66515e+19 0.179408 -0.00195357 
6526.02 4.65966e+19 0.179289 -0.0023103 
6532 4.6542e+19 0.179172 -0.00262201 
6537.98 4.64875e+19 0.179056 -0.00288253 
6543.96 4.64331e+19 0.178942 -0.00308666 
6549.95 4.63788e+19 0.178828 -0.00323031 
6555.93 4.63246e+19 0.178714 -0.00331051 
6561.91 4.62705e+19 0.178601 -0.00332556 
6567.9 4.62165e+19 0.178487 -0.00327501 
6573.88 4.61625e+19 0.178372 -0.00315969 
6579.87 4.61085e+19 0.178256 -0.00298171 
6585.86 4.60545e+19 0.178139 -0.00274441 
6591.85 4.60006e+19 0.17802 -0.00245233 
6597.83 4.59467e+19 0.177901 -0.0021111 
6603.82 4.58928e+19 0.17778 -0.00172734 
6609.82 4.5839e+19 0.177659 -0.00130854 
6615.81 4.57853e+19 0.177537 -0.000862925 
6621.8 4.57317e+19 0.177415 -0.000399275 
6627.79 4.56782e+19 0.177294 7.32279e-05 
6633.79 4.56248e+19 0.177173 0.000545188 
6639.78 4.55716e+19 0.177054 0.00100719 
6645.78 4.55185e+19 0.176935 0.00144996 
6651.78 4.54656e+19 0.176818 0.00186459 
6657.78 4.54128e+19 0.176703 0.00224271 
6663.77 4.53602e+19 0.176588 0.00257661 
6669.77 4.53078e+19 0.176475 0.00285949 
6675.78 4.52554e+19 0.176363 0.0030855 
6681.78 4.52032e+19 0.176252 0.00324995 
6687.78 4.5151e+19 0.176141 0.00334935 
6693.78 4.50989e+19 0.17603 0.00338152 
6699.79 4.50469e+19 0.175918 0.00334561 
6705.79 4.49949e+19 0.175806 0.00324218 
6711.8 4.4943e+19 0.175693 0.00307312 
6717.81 4.4891e+19 0.175578 0.00284167 
6723.82 4.48391e+19 0.175463 0.00255234 
6729.82 4.47872e+19 0.175346 0.00221083 
6735.83 4.47354e+19 0.175229 0.00182393 
6741.84 4.46836e+19 0.175111 0.00139936 
6747.86 4.46319e+19 0.174992 0.000945625 
6753.87 4.45803e+19 0.174874 0.000471866 
6759.88 4.45288e+19 0.174756 -1.2346e-05 
6765.9 4.44775e+19 0.174638 -0.000497198 
6771.91 4.44263e+19 0.174522 -0.000972833 
6777.93 4.43752e+19 0.174406 -0.00142955 
6783.95 4.43243e+19 0.174292 -0.00185801 
6789.96 4.42735e+19 0.17418 -0.00224941 
6795.98 4.42228e+19 0.174068 -0.0025957 
6802 4.41723e+19 0.173958 -0.00288971 
6808.02 4.41219e+19 0.173848 -0.00312531 
6814.04 4.40716e+19 0.17374 -0.00329758 
6820.07 4.40213e+19 0.173631 -0.00340284 
6826.09 4.39712e+19 0.173522 -0.0034388 
6832.12 4.39211e+19 0.173413 -0.00340457 
6838.14 4.3871e+19 0.173303 -0.00330069 
6844.17 4.38209e+19 0.173192 -0.00312912 
6850.19 4.37709e+19 0.17308 -0.00289322 
6856.22 4.37209e+19 0.172968 -0.00259769 
6862.25 4.3671e+19 0.172854 -0.00224842 
6868.28 4.36211e+19 0.17274 -0.00185245 
6874.31 4.35712e+19 0.172624 -0.0014178 
6880.34 4.35215e+19 0.172509 -0.000953277 
6886.38 4.34718e+19 0.172394 -0.000468346 
6892.41 4.34222e+19 0.172279 2.7087e-05 
6898.44 4.33728e+19 0.172165 0.000522871 
6904.48 4.33234e+19 0.172051 0.00100882 
6910.51 4.32743e+19 0.171939 0.0014749 
6916.55 4.32252e+19 0.171828 0.00191148 
6922.59 4.31763e+19 0.171718 0.00230948 
6928.63 4.31275e+19 0.171609 0.0026606 
6934.67 4.30788e+19 0.171502 0.00295746 
6940.71 4.30303e+19 0.171394 0.00319378 
6946.75 4.29818e+19 0.171288 0.00336452 
6952.79 4.29334e+19 0.171182 0.00346596 
6958.84 4.2885e+19 0.171075 0.0034958 
6964.88 4.28367e+19 0.170968 0.00345322 
6970.92 4.27885e+19 0.170861 0.0033389 
6976.97 4.27403e+19 0.170752 0.00315503 
6983.02 4.26921e+19 0.170643 0.00290521 
6989.07 4.26439e+19 0.170533 0.00259448 
6995.11 4.25958e+19 0.170422 0.00222913 
7001.16 4.25477e+19 0.17031 0.00181663 
7007.21 4.24997e+19 0.170198 0.00136548 
7013.27 4.24518e+19 0.170086 0.000884992 
7019.32 4.24039e+19 0.169974 0.000385148 
7025.37 4.23562e+19 0.169862 -0.000123631 
7031.43 4.23085e+19 0.16975 -0.0006307 
7037.48 4.2261e+19 0.16964 -0.00112541 
7043.54 4.22136e+19 0.169531 -0.00159733 
7049.59 4.21664e+19 0.169422 -0.00203648 
7055.65 4.21192e+19 0.169315 -0.00243354 
7061.71 4.20722e+19 0.169209 -0.00278003 
7067.77 4.20253e+19 0.169104 -0.00306853 
7073.83 4.19785e+19 0.168999 -0.00329282 
7079.89 4.19318e+19 0.168895 -0.00344802 
7085.96 4.18851e+19 0.168791 -0.0035307 
7092.02 4.18385e+19 0.168686 -0.00353896 
7098.08 4.17919e+19 0.168582 -0.00347248 
7104.15 4.17454e+19 0.168476 -0.00333252 
7110.21 4.16989e+19 0.16837 -0.00312194 
7116.28 4.16524e+19 0.168263 -0.00284508 
7122.35 4.1606e+19 0.168156 -0.00250773 
7128.42 4.15596e+19 0.168047 -0.00211697 
7134.49 4.15133e+19 0.167938 -0.00168106 
7140.56 4.1467e+19 0.167829 -0.00120923 
7146.63 4.14208e+19 0.16772 -0.000711515 
7152.7 4.13747e+19 0.16761 -0.000198512 
7158.78 4.13287e+19 0.167501 0.000318826 
7164.85 4.12828e+19 0.167393 0.000829436 
7170.92 4.1237e+19 0.167286 0.00132239 
7177 4.11913e+19 0.167179 0.00178711 
7183.08 4.11458e+19 0.167074 0.00221363 
7189.16 4.11003e+19 0.166969 0.0025928 
7195.23 4.1055e+19 0.166865 0.00291647 
7201.31 4.10098e+19 0.166762 0.00317772 
7207.39 4.09646e+19 0.16666 0.00337095 
7213.48 4.09195e+19 0.166558 0.00349204 
7219.56 4.08745e+19 0.166456 0.00353842 
7225.64 4.08296e+19 0.166354 0.00350918 
7231.73 4.07847e+19 0.166251 0.00340499 
7237.81 4.07398e+19 0.166148 0.0032282 
7243.9 4.06949e+19 0.166044 0.00298268 
7249.98 4.06501e+19 0.16594 0.00267383 
7256.07 4.06054e+19 0.165834 0.00230837 
7262.16 4.05606e+19 0.165728 0.00189427 
7268.25 4.0516e+19 0.165622 0.0014405 
7274.34 4.04713e+19 0.165515 0.000956898 
7280.43 4.04268e+19 0.165409 0.00045391 
7286.53 4.03823e+19 0.165302 -5.76239e-05 
7292.62 4.0338e+19 0.165196 -0.00056671 
7298.71 4.02937e+19 0.165091 -0.00106244 
7304.81 4.02496e+19 0.164986 -0.00153422 
7310.91 4.02055e+19 0.164882 -0.00197201 
7317 4.01616e+19 0.164779 -0.00236655 
7323.1 4.01178e+19 0.164677 -0.00270951 
7329.2 4.0074e+19 0.164576 -0.00299372 
7335.3 4.00304e+19 0.164476 -0.0032133 
7341.4 3.99868e+19 0.164375 -0.00336376 
7347.5 3.99433e+19 0.164275 -0.00344213 
7353.6 3.98999e+19 0.164176 -0.00344697 
7359.71 3.98565e+19 0.164075 -0.00337845 
7365.81 3.98132e+19 0.163975 -0.00323827 
7371.92 3.97699e+19 0.163874 -0.00302969 
7378.02 3.97266e+19 0.163772 -0.0027574 
7384.13 3.96833e+19 0.16367 -0.00242741 
7390.24 3.96401e+19 0.163567 -0.00204696 
7396.35 3.9597e+19 0.163463 -0.00162433 
7402.46 3.95539e+19 0.163359 -0.00116865 
7408.57 3.95109e+19 0.163255 -0.000689712 
7414.68 3.94679e+19 0.163151 -0.000197776 
7420.79 3.9425e+19 0.163047 0.000296678 
7426.91 3.93822e+19 0.162944 0.000783159 
7433.02 3.93395e+19 0.162841 0.00125139 
7439.14 3.92969e+19 0.162739 0.00169151 
7445.25 3.92544e+19 0.162638 0.00209433 
7451.37 3.92121e+19 0.162538 0.00245143 
7457.49 3.91698e+19 0.162438 0.00275544 
7463.61 3.91276e+19 0.162339 0.00300012 
7469.73 3.90855e+19 0.162241 0.0031805 
7475.85 3.90434e+19 0.162143 0.00329298 
7481.97 3.90014e+19 0.162045 0.00333543 
7488.09 3.89595e+19 0.161947 0.00330717 
7494.22 3.89176e+19 0.161849 0.00320905 
7500.34 3.88757e+19 0.16175 0.00304334 
7506.47 3.88339e+19 0.161651 0.00281375 
7512.59 3.87921e+19 0.161552 0.00252534 
7518.72 3.87504e+19 0.161451 0.00218436 
7524.85 3.87087e+19 0.161351 0.00179817 
7530.98 3.8667e+19 0.161249 0.00137504 
7537.11 3.86254e+19 0.161148 0.000924018 
7543.24 3.85839e+19 0.161046 0.000454699 
7549.37 3.85425e+19 0.160945 -2.29529e-05 
7555.5 3.85011e+19 0.160844 -0.000498824 
7561.64 3.84598e+19 0.160743 -0.000962862 
7567.77 3.84186e+19 0.160643 -0.00140528 
7573.91 3.83775e+19 0.160544 -0.00181679 
7580.04 3.83365e+19 0.160445 -0.00218873 
7586.18 3.82956e+19 0.160347 -0.00251334 
7592.32 3.82547e+19 0.16025 -0.00278385 
7598.46 3.8214e+19 0.160153 -0.00299464 
7604.6 3.81733e+19 0.160057 -0.00314137 
7610.74 3.81327e+19 0.159961 -0.00322107 
7616.88 3.80922e+19 0.159865 -0.00323219 
7623.02 3.80517e+19 0.159769 -0.00317462 
7629.17 3.80112e+19 0.159673 -0.00304974 
7635.31 3.79708e+19 0.159576 -0.00286031 
7641.46 3.79304e+19 0.159479 -0.0026105 
7647.61 3.789e+19 0.159381 -0.00230574 
7653.75 3.78497e+19 0.159283 -0.0019526 
7659.9 3.78094e+19 0.159184 -0.00155869 
7666.05 3.77692e+19 0.159085 -0.00113247 
7672.2 3.77291e+19 0.158986 -0.000683087 
7678.35 3.7689e+19 0.158887 -0.000220148 
7684.51 3.76489e+19 0.158788 0.000246454 
7690.66 3.7609e+19 0.15869 0.000706762 
7696.81 3.75691e+19 0.158592 0.00115097 
7702.97 3.75294e+19 0.158494 0.00156963 
7709.12 3.74897e+19 0.158397 0.00195385 
7715.28 3.74501e+19 0.158301 0.00229549 
7721.44 3.74106e+19 0.158205 0.00258733 
7727.6 3.73712e+19 0.15811 0.00282321 
7733.76 3.73318e+19 0.158016 0.0029982 
7739.92 3.72925e+19 0.157922 0.00310867 
7746.08 3.72533e+19 0.157828 0.00315237 
7752.24 3.72141e+19 0.157733 0.00312849 
7758.4 3.71749e+19 0.157639 0.00303767 
7764.57 3.71358e+19 0.157545 0.00288198 
7770.73 3.70968e+19 0.15745 0.00266488 
7776.9 3.70577e+19 0.157354 0.00239115 
7783.07 3.70187e+19 0.157259 0.00206678 
7789.23 3.69798e+19 0.157162 0.00169882 
7795.4 3.69409e+19 0.157066 0.00129527 
7801.57 3.6902e+19 0.156969 0.000864877 
7807.74 3.68632e+19 0.156873 0.000416952 
7813.91 3.68245e+19 0.156776 -3.88322e-05 
7820.09 3.67859e+19 0.156679 -0.000492652 
7826.26 3.67473e+19 0.156583 -0.00093474 
7832.43 3.67088e+19 0.156488 -0.0013556 
7838.61 3.66704e+19 0.156393 -0.00174622 
7844.79 3.66321e+19 0.156298 -0.00209825 
7850.96 3.65938e+19 0.156204 -0.0024042 
7857.14 3.65556e+19 0.156111 -0.00265758 
7863.32 3.65175e+19 0.156018 -0.00285307 
7869.5 3.64795e+19 0.155926 -0.0029866 
7875.68 3.64415e+19 0.155833 -0.00305546 
7881.86 3.64036e+19 0.155741 -0.00305835 
7888.05 3.63657e+19 0.155648 -0.00299538 
7894.23 3.63279e+19 0.155556 -0.00286812 
7900.41 3.62901e+19 0.155463 -0.00267948 
7906.6 3.62523e+19 0.15537 -0.00243374 
7912.79 3.62146e+19 0.155276 -0.00213635 
7918.97 3.61769e+19 0.155183 -0.0017939 
7925.16 3.61392e+19 0.155089 -0.00141391 
7931.35 3.61016e+19 0.154994 -0.00100469 
7937.54 3.60641e+19 0.1549 -0.000575148 
7943.73 3.60266e+19 0.154805 -0.0001346 
7949.92 3.59892e+19 0.154711 0.000307433 
7956.12 3.59519e+19 0.154617 0.000741431 
7962.31 3.59146e+19 0.154523 0.00115809 
7968.51 3.58774e+19 0.15443 0.0015485 
7974.7 3.58403e+19 0.154337 0.00190436 
7980.9 3.58033e+19 0.154245 0.00221814 
7987.1 3.57663e+19 0.154153 0.00248324 
7993.29 3.57294e+19 0.154062 0.00269414 
7999.49 3.56925e+19 0.153971 0.00284648 
8005.69 3.56558e+19 0.15388 0.00293719 
8011.9 3.5619e+19 0.15379 0.00296452 
8018.1 3.55823e+19 0.153699 0.0029281 
8024.3 3.55457e+19 0.153608 0.00282892 
8030.5 3.55091e+19 0.153518 0.00266929 
8036.71 3.54725e+19 0.153427 0.00245283 
8042.92 3.5436e+19 0.153335 0.00218436 
8049.12 3.53995e+19 0.153244 0.00186977 
8055.33 3.53631e+19 0.153152 0.00151596 
8061.54 3.53267e+19 0.15306 0.0011306 
8067.75 3.52903e+19 0.152967 0.000722052 
8073.96 3.52541e+19 0.152875 0.000299118 
8080.17 3.52178e+19 0.152783 -0.000129103 
8086.38 3.51817e+19 0.152691 -0.000553429 
8092.6 3.51456e+19 0.152599 -0.000964784 
8098.81 3.51096e+19 0.152508 -0.00135439 
8105.03 3.50736e+19 0.152417 -0.00171397 
8111.24 3.50378e+19 0.152326 -0.00203588 
8117.46 3.50019e+19 0.152236 -0.00231332 
8123.68 3.49662e+19 0.152146 -0.00254044 
8129.9 3.49305e+19 0.152057 -0.00271248 
8136.12 3.48949e+19 0.151968 -0.00282587 
8142.34 3.48593e+19 0.151879 -0.00287828 
8148.56 3.48237e+19 0.15179 -0.00286872 
8154.78 3.47882e+19 0.151701 -0.00279747 
8161.01 3.47528e+19 0.151612 -0.00266618 
8167.23 3.47174e+19 0.151523 -0.00247776 
8173.46 3.4682e+19 0.151433 -0.00223631 
8179.68 3.46467e+19 0.151344 -0.00194711 
8185.91 3.46114e+19 0.151254 -0.00161642 
8192.14 3.45761e+19 0.151164 -0.00125139 
8198.37 3.45409e+19 0.151074 -0.000859899 
8204.6 3.45058e+19 0.150984 -0.000450398 
8210.83 3.44707e+19 0.150894 -3.17121e-05 
8217.06 3.44357e+19 0.150804 0.000387138 
8223.29 3.44008e+19 0.150714 0.000797129 
8229.53 3.43659e+19 0.150625 0.00118943 
8235.76 3.4331e+19 0.150535 0.00155559 
8242 3.42963e+19 0.150446 0.00188771 
8248.23 3.42616e+19 0.150358 0.00217863 
8254.47 3.42269e+19 0.150269 0.00242209 
8260.71 3.41923e+19 0.150181 0.00261282 
8266.95 3.41578e+19 0.150094 0.00274671 
8273.19 3.41233e+19 0.150006 0.00282087 
8279.43 3.40888e+19 0.149919 0.00283369 
8285.68 3.40544e+19 0.149832 0.0027849 
8291.92 3.40201e+19 0.149744 0.00267557 
8298.16 3.39857e+19 0.149657 0.00250807 
8304.41 3.39515e+19 0.14957 0.00228603 
8310.65 3.39172e+19 0.149482 0.00201431 
8316.9 3.38831e+19 0.149395 0.0016988 
8323.15 3.38489e+19 0.149307 0.00134639 
8329.4 3.38149e+19 0.149219 0.000964777 
8335.65 3.37808e+19 0.149131 0.000562291 
8341.9 3.37469e+19 0.149043 0.000147735 
8348.15 3.37129e+19 0.148955 -0.000269817 
8354.4 3.36791e+19 0.148867 -0.000681216 
8360.66 3.36452e+19 0.148779 -0.00107744 
8366.91 3.36115e+19 0.148692 -0.00144979 
8373.17 3.35778e+19 0.148604 -0.00179008 
8379.42 3.35441e+19 0.148517 -0.00209083 
8385.68 3.35105e+19 0.14843 -0.00234543 
8391.94 3.3477e+19 0.148344 -0.00254828 
8398.2 3.34435e+19 0.148257 -0.0026949 
8404.46 3.341e+19 0.148171 -0.00278206 
8410.72 3.33766e+19 0.148086 -0.00280787 
8416.98 3.33433e+19 0.148 -0.00277177 
8423.24 3.331e+19 0.147914 -0.00267456 
8429.51 3.32767e+19 0.147829 -0.00251843 
8435.77 3.32435e+19 0.147743 -0.00230686 
8442.04 3.32103e+19 0.147658 -0.00204455 
8448.31 3.31772e+19 0.147572 -0.00173735 
8454.57 3.31441e+19 0.147487 -0.00139211 
8460.84 3.31111e+19 0.147401 -0.00101649 
8467.11 3.30782e+19 0.147315 -0.000618855 
8473.38 3.30452e+19 0.147229 -0.000208052 
8479.65 3.30124e+19 0.147143 0.000206791 
8485.93 3.29795e+19 0.147056 0.000616461 
8492.2 3.29467e+19 0.14697 0.00101187 
8498.47 3.2914e+19 0.146884 0.00138425 
8504.75 3.28813e+19 0.146798 0.00172537 
8511.02 3.28487e+19 0.146713 0.0020277 
8517.3 3.28161e+19 0.146627 0.00228459 
8523.58 3.27835e+19 0.146542 0.0024904 
8529.86 3.2751e+19 0.146457 0.00264066 
8536.14 3.27186e+19 0.146373 0.00273214 
8542.42 3.26862e+19 0.146288 0.00276291 
8548.7 3.26538e+19 0.146204 0.00273241 
8554.98 3.26215e+19 0.14612 0.00264145 
8561.27 3.25893e+19 0.146037 0.00249218 
8567.55 3.25571e+19 0.145953 0.00228802 
8573.84 3.2525e+19 0.145869 0.00203363 
8580.12 3.24929e+19 0.145786 0.00173475 
8586.41 3.24608e+19 0.145702 0.0013981 
8592.7 3.24288e+19 0.145618 0.00103123 
8598.99 3.23969e+19 0.145534 0.000642309 
8605.28 3.23649e+19 0.14545 0.000240002 
8611.57 3.23331e+19 0.145366 -0.000166771 
8617.86 3.23012e+19 0.145281 -0.00056901 
8624.16 3.22694e+19 0.145197 -0.00095784 
8630.45 3.22377e+19 0.145112 -0.0013247 
8636.75 3.2206e+19 0.145028 -0.00166155 
8643.04 3.21743e+19 0.144944 -0.001961 
8649.34 3.21427e+19 0.144859 -0.00221652 
8655.64 3.21111e+19 0.144776 -0.00242256 
8661.94 3.20795e+19 0.144692 -0.00257466 
8668.23 3.2048e+19 0.144609 -0.00266957 
8674.54 3.20166e+19 0.144526 -0.00270527 
8680.84 3.19852e+19 0.144444 -0.00268109 
8687.14 3.19539e+19 0.144361 -0.00259763 
8693.44 3.19226e+19 0.144279 -0.00245682 
8699.75 3.18914e+19 0.144198 -0.00226185 
8706.05 3.18603e+19 0.144116 -0.00201709 
8712.36 3.18291e+19 0.144034 -0.001728 
8718.67 3.17981e+19 0.143952 -0.00140102 
8724.98 3.17671e+19 0.14387 -0.00104342 
8731.28 3.17361e+19 0.143788 -0.00066314 
8737.59 3.17051e+19 0.143706 -0.000268614 
8743.91 3.16742e+19 0.143623 0.000131406 
8750.22 3.16433e+19 0.14354 0.000528051 
8756.53 3.16125e+19 0.143458 0.000912527 
8762.84 3.15816e+19 0.143374 0.00127631 
8769.16 3.15509e+19 0.143291 0.00161135 
8775.48 3.15201e+19 0.143208 0.00191021 
8781.79 3.14894e+19 0.143126 0.00216628 
8788.11 3.14587e+19 0.143043 0.0023739 
8794.43 3.14281e+19 0.142961 0.00252848 
8800.75 3.13976e+19 0.142879 0.00262661 
8807.07 3.13671e+19 0.142798 0.00266616 
8813.39 3.13366e+19 0.142717 0.00264627 
8819.71 3.13062e+19 0.142636 0.00256743 
8826.04 3.12759e+19 0.142556 0.00243145 
8832.36 3.12456e+19 0.142476 0.00224139 
8838.69 3.12154e+19 0.142396 0.00200152 
8845.01 3.11852e+19 0.142317 0.00171725 
8851.34 3.11551e+19 0.142237 0.00139493 
8857.67 3.1125e+19 0.142156 0.00104178 
8864 3.1095e+19 0.142076 0.000665709 
8870.33 3.10649e+19 0.141995 0.000275113 
8876.66 3.10349e+19 0.141914 -0.000121282 
8882.99 3.1005e+19 0.141833 -0.00051463 
8889.32 3.0975e+19 0.141751 -0.000896157 
8895.66 3.09451e+19 0.14167 -0.00125736 
8901.99 3.09152e+19 0.141588 -0.0015902 
8908.33 3.08853e+19 0.141506 -0.00188725 
8914.66 3.08555e+19 0.141425 -0.00214192 
8921 3.08257e+19 0.141343 -0.00234854 
8927.34 3.0796e+19 0.141263 -0.00250253 
8933.68 3.07663e+19 0.141182 -0.00260045 
8940.02 3.07367e+19 0.141103 -0.00264015 
8946.36 3.07072e+19 0.141023 -0.00262076 
8952.7 3.06777e+19 0.140944 -0.00254271 
8959.05 3.06483e+19 0.140866 -0.00240775 
8965.39 3.06189e+19 0.140788 -0.00221891 
8971.74 3.05896e+19 0.14071 -0.0019804 
8978.08 3.05603e+19 0.140632 -0.00169755 
8984.43 3.05311e+19 0.140553 -0.00137668 
8990.78 3.05019e+19 0.140475 -0.00102496 
8997.13 3.04728e+19 0.140396 -0.000650244 
9003.48 3.04436e+19 0.140317 -0.00026093 
9009.83 3.04145e+19 0.140237 0.000134266 
9016.18 3.03854e+19 0.140157 0.000526483 
9022.53 3.03563e+19 0.140077 0.000906919 
9028.89 3.03272e+19 0.139997 0.00126702 
9035.24 3.02982e+19 0.139916 0.00159869 
9041.6 3.02691e+19 0.139836 0.00189443 
9047.95 3.02402e+19 0.139755 0.00214758 
9054.31 3.02113e+19 0.139676 0.00235238 
9060.67 3.01824e+19 0.139596 0.00250418 
9067.03 3.01536e+19 0.139518 0.00259951 
9073.39 3.01248e+19 0.139439 0.00263615 
9079.75 3.00962e+19 0.139362 0.00261323 
9086.11 3.00676e+19 0.139285 0.00253119 
9092.48 3.0039e+19 0.139208 0.00239183 
9098.84 3.00105e+19 0.139131 0.00219823 
9105.21 2.99821e+19 0.139055 0.00195471 
9111.57 2.99537e+19 0.138979 0.00166674 
9117.94 2.99253e+19 0.138902 0.00134079 
9124.31 2.9897e+19 0.138825 0.000984211 
9130.68 2.98687e+19 0.138748 0.000605059 
9137.05 2.98404e+19 0.13867 0.00021192 
9143.42 2.98121e+19 0.138592 -0.000186289 
9149.79 2.97838e+19 0.138513 -0.000580515 
9156.16 2.97555e+19 0.138434 -0.000961784 
9162.54 2.97273e+19 0.138355 -0.0013214 
9168.91 2.9699e+19 0.138275 -0.00165113 
9175.29 2.96708e+19 0.138196 -0.00194344 
9181.66 2.96427e+19 0.138117 -0.00219161 
9188.04 2.96146e+19 0.138039 -0.00238991 
9194.42 2.95866e+19 0.137961 -0.00253377 
9200.8 2.95586e+19 0.137884 -0.00261982 
9207.18 2.95307e+19 0.137807 -0.00264604 
9213.56 2.95029e+19 0.137731 -0.00261175 
9219.95 2.94751e+19 0.137656 -0.00251766 
9226.33 2.94474e+19 0.137581 -0.00236587 
9232.71 2.94198e+19 0.137506 -0.00215979 
9239.1 2.93922e+19 0.137432 -0.00190407 
9245.48 2.93646e+19 0.137357 -0.00160454 
9251.87 2.9337e+19 0.137282 -0.00126802 
9258.26 2.93095e+19 0.137206 -0.0009022 
9264.65 2.9282e+19 0.13713 -0.000515452 
9271.04 2.92545e+19 0.137053 -0.000116647 
9277.43 2.9227e+19 0.136976 0.000285058 
9283.82 2.91995e+19 0.136899 0.000680424 
9290.22 2.9172e+19 0.136821 0.00106035 
9296.61 2.91445e+19 0.136743 0.00141607 
9303 2.91171e+19 0.136664 0.00173937 
9309.4 2.90897e+19 0.136587 0.00202277 
9315.8 2.90624e+19 0.136509 0.00225972 
9322.2 2.90351e+19 0.136432 0.0024447 
9328.59 2.90078e+19 0.136356 0.00257342 
9334.99 2.89807e+19 0.13628 0.00264286 
9341.39 2.89536e+19 0.136205 0.00265136 
9347.8 2.89266e+19 0.136131 0.00259869 
9354.2 2.88996e+19 0.136058 0.00248602 
9360.6 2.88728e+19 0.135984 0.0023159 
9367.01 2.88459e+19 0.135911 0.00209221 
9373.41 2.88191e+19 0.135838 0.00182007 
9379.82 2.87923e+19 0.135765 0.00150574 
9386.23 2.87656e+19 0.135691 0.00115645 
9392.63 2.87388e+19 0.135617 0.000780233 
9399.04 2.87121e+19 0.135542 0.000385772 
9405.45 2.86853e+19 0.135466 -1.78278e-05 
9411.87 2.86586e+19 0.13539 -0.000421238 
9418.28 2.86318e+19 0.135314 -0.000815123 
9424.69 2.86051e+19 0.135237 -0.00119035 
9431.11 2.85784e+19 0.13516 -0.00153822 
9437.52 2.85517e+19 0.135083 -0.00185062 
9443.94 2.85251e+19 0.135006 -0.0021203 
9450.35 2.84985e+19 0.13493 -0.00234092 
9456.77 2.8472e+19 0.134855 -0.00250733 
9463.19 2.84456e+19 0.13478 -0.00261559 
9469.61 2.84192e+19 0.134706 -0.0026631 
9476.03 2.83929e+19 0.134633 -0.00264869 
9482.45 2.83667e+19 0.134561 -0.00257261 
9488.88 2.83405e+19 0.134489 -0.00243655 
9495.3 2.83144e+19 0.134417 -0.00224358 
9501.72 2.82883e+19 0.134346 -0.00199814 
9508.15 2.82623e+19 0.134274 -0.00170587 
9514.58 2.82363e+19 0.134202 -0.00137354 
9521 2.82102e+19 0.134129 -0.00100885 
9527.43 2.81842e+19 0.134056 -0.000620288 
9533.86 2.81582e+19 0.133982 -0.000216912 
9540.29 2.81322e+19 0.133907 0.000191849 
9546.72 2.81062e+19 0.133832 0.000596421 
9553.16 2.80802e+19 0.133757 0.000987309 
9559.59 2.80542e+19 0.133681 0.00135532 
9566.03 2.80282e+19 0.133605 0.00169178 
9572.46 2.80022e+19 0.133529 0.00198874 
9578.9 2.79764e+19 0.133454 0.00223917 
9585.33 2.79505e+19 0.13338 0.00243713 
9591.77 2.79248e+19 0.133306 0.00257789 
9598.21 2.78991e+19 0.133233 0.00265808 
9604.65 2.78735e+19 0.133161 0.00267574 
9611.09 2.7848e+19 0.13309 0.00263041 
9617.54 2.78225e+19 0.133019 0.0025231 
9623.98 2.77971e+19 0.132949 0.00235628 
9630.42 2.77717e+19 0.132878 0.00213384 
9636.87 2.77464e+19 0.132808 0.00186101 
9643.31 2.77211e+19 0.132738 0.00154419 
9649.76 2.76958e+19 0.132667 0.00119083 
9656.21 2.76705e+19 0.132595 0.000809283 
9662.66 2.76451e+19 0.132523 0.00040854 
9669.11 2.76198e+19 0.13245 -1.92483e-06 
9675.56 2.75945e+19 0.132376 -0.000412403 
9682.01 2.75692e+19 0.132302 -0.00081318 
9688.46 2.75439e+19 0.132227 -0.00119476 
9694.92 2.75186e+19 0.132152 -0.0015481 
9701.37 2.74933e+19 0.132078 -0.00186482 
9707.83 2.74681e+19 0.132003 -0.0021374 
9714.28 2.74429e+19 0.13193 -0.00235936 
9720.74 2.74178e+19 0.131857 -0.00252543 
9727.2 2.73928e+19 0.131785 -0.00263163 
9733.66 2.73679e+19 0.131714 -0.00267544 
9740.12 2.7343e+19 0.131644 -0.00265579 
9746.58 2.73182e+19 0.131574 -0.00257313 
9753.04 2.72935e+19 0.131505 -0.00242941 
9759.51 2.72688e+19 0.131436 -0.00222801 
9765.97 2.72441e+19 0.131367 -0.00197373 
9772.44 2.72195e+19 0.131298 -0.00167258 
9778.9 2.71949e+19 0.131229 -0.00133172 
9785.37 2.71702e+19 0.131159 -0.000959264 
9791.84 2.71456e+19 0.131088 -0.000564063 
9798.31 2.71209e+19 0.131016 -0.000155529 
9804.78 2.70963e+19 0.130944 0.000256602 
9811.25 2.70716e+19 0.130871 0.000662507 
9817.72 2.7047e+19 0.130798 0.0010525 
9824.19 2.70223e+19 0.130724 0.00141729 
9830.67 2.69977e+19 0.130651 0.00174815 
9837.14 2.69732e+19 0.130577 0.0020372 
9843.62 2.69487e+19 0.130505 0.00227752 
9850.1 2.69242e+19 0.130433 0.00246339 
9856.57 2.68998e+19 0.130361 0.00259037 
9863.05 2.68755e+19 0.130291 0.00265542 
9869.53 2.68513e+19 0.130222 0.00265702 
9876.01 2.68272e+19 0.130153 0.00259513 
9882.5 2.68031e+19 0.130086 0.00247126 
9888.98 2.6779e+19 0.130018 0.0022884 
9895.46 2.6755e+19 0.129951 0.00205093 
9901.95 2.6731e+19 0.129883 0.00176456 
9908.43 2.6707e+19 0.129815 0.00143617 
9914.92 2.66831e+19 0.129747 0.00107365 
9921.41 2.66591e+19 0.129677 0.000685696 
9927.9 2.66351e+19 0.129607 0.000281607 
9934.39 2.66111e+19 0.129536 -0.000128923 
9940.88 2.65871e+19 0.129464 -0.000536052 
9947.37 2.65631e+19 0.129392 -0.000930022 
9953.86 2.65391e+19 0.12932 -0.0013014 
9960.35 2.65151e+19 0.129247 -0.00164128 
9966.85 2.64912e+19 0.129175 -0.00194153 
9973.34 2.64673e+19 0.129103 -0.00219498 
9979.84 2.64434e+19 0.129032 -0.00239555 
9986.34 2.64197e+19 0.128962 -0.00253847 
9992.84 2.6396e+19 0.128893 -0.00262033 
9999.34 2.63724e+19 0.128824 -0.00263918 
10005.8 2.63489e+19 0.128757 -0.00259462 
10012.3 2.63254e+19 0.12869 -0.00248773 
10018.8 2.6302e+19 0.128624 -0.00232112 
10025.3 2.62786e+19 0.128557 -0.00209883 
10031.8 2.62552e+19 0.128491 -0.00182623 
10038.4 2.62319e+19 0.128425 -0.00150991 
10044.9 2.62085e+19 0.128357 -0.00115752 
10051.4 2.61852e+19 0.12829 -0.000777572 
10057.9 2.61618e+19 0.128221 -0.000379244 
10064.4 2.61384e+19 0.128151 2.784e-05 
10070.9 2.61151e+19 0.128081 0.000433844 
10077.4 2.60917e+19 0.12801 0.000828962 
10083.9 2.60683e+19 0.127939 0.00120365 
10090.4 2.60449e+19 0.127867 0.00154886 
10096.9 2.60216e+19 0.127796 0.00185626 
10103.5 2.59983e+19 0.127725 0.00211844 
10110 2.59751e+19 0.127655 0.00232909 
10116.5 2.59519e+19 0.127585 0.00248316 
10123 2.59288e+19 0.127517 0.00257697 
10129.5 2.59058e+19 0.12745 0.00260831 
10136 2.58829e+19 0.127383 0.00257649 
10142.6 2.586e+19 0.127317 0.00248234 
10149.1 2.58372e+19 0.127252 0.00232824 
10155.6 2.58144e+19 0.127187 0.002118 
10162.1 2.57916e+19 0.127122 0.00185679 
10168.7 2.57689e+19 0.127057 0.00155103 
10175.2 2.57462e+19 0.126991 0.00120819 
10181.7 2.57234e+19 0.126925 0.000836654 
10188.2 2.57007e+19 0.126857 0.000445478 
10194.8 2.56779e+19 0.126789 4.41827e-05 
10201.3 2.56551e+19 0.12672 -0.00035748 
10207.8 2.56323e+19 0.12665 -0.000749767 
10214.4 2.56095e+19 0.12658 -0.00112318 
10220.9 2.55867e+19 0.126509 -0.00146869 
10227.4 2.5564e+19 0.126439 -0.00177797 
10234 2.55413e+19 0.126369 -0.00204358 
10240.5 2.55186e+19 0.1263 -0.00225915 
10247 2.5496e+19 0.126231 -0.00241954 
10253.6 2.54735e+19 0.126164 -0.00252097 
10260.1 2.54511e+19 0.126097 -0.00256105 
10266.7 2.54287e+19 0.126032 -0.00253894 
10273.2 2.54064e+19 0.125967 -0.00245526 
10279.7 2.53842e+19 0.125903 -0.00231214 
10286.3 2.5362e+19 0.125839 -0.00211316 
10292.8 2.53398e+19 0.125776 -0.00186323 
10299.4 2.53177e+19 0.125712 -0.0015685 
10305.9 2.52955e+19 0.125647 -0.00123618 
10312.5 2.52734e+19 0.125582 -0.000874413 
10319 2.52512e+19 0.125516 -0.000492028 
10325.6 2.5229e+19 0.125449 -9.83506e-05 
10332.1 2.52068e+19 0.125381 0.000297031 
10338.7 2.51846e+19 0.125312 0.000684494 
10345.2 2.51624e+19 0.125243 0.00105462 
10351.8 2.51402e+19 0.125174 0.00139841 
10358.3 2.5118e+19 0.125104 0.00170754 
10364.9 2.50958e+19 0.125035 0.00197452 
10371.4 2.50738e+19 0.124967 0.00219288 
10378 2.50517e+19 0.124899 0.00235738 
10384.5 2.50298e+19 0.124833 0.00246406 
10391.1 2.50079e+19 0.124767 0.00251041 
10397.6 2.49861e+19 0.124703 0.00249538 
10404.2 2.49644e+19 0.124639 0.00241942 
10410.8 2.49427e+19 0.124576 0.00228449 
10417.3 2.4921e+19 0.124513 0.00209398 
10423.9 2.48994e+19 0.124451 0.00185263 
10430.5 2.48779e+19 0.124388 0.00156645 
10437 2.48563e+19 0.124325 0.00124251 
10443.6 2.48347e+19 0.124261 0.00088883 
10450.2 2.48131e+19 0.124196 0.000514124 
10456.7 2.47914e+19 0.12413 0.000127625 
10463.3 2.47698e+19 0.124063 -0.000261165 
10469.9 2.47481e+19 0.123995 -0.000642698 
10476.4 2.47265e+19 0.123927 -0.00100762 
10483 2.47048e+19 0.123859 -0.00134701 
10489.6 2.46832e+19 0.123791 -0.00165259 
10496.2 2.46616e+19 0.123723 -0.00191691 
10502.7 2.464e+19 0.123655 -0.00213358 
10509.3 2.46185e+19 0.123588 -0.00229738 
10515.9 2.45971e+19 0.123523 -0.00240441 
10522.5 2.45758e+19 0.123458 -0.00245217 
10529 2.45545e+19 0.123395 -0.00243963 
10535.6 2.45333e+19 0.123332 -0.00236725 
10542.2 2.45122e+19 0.12327 -0.00223695 
10548.8 2.44911e+19 0.123209 -0.00205208 
10555.4 2.447e+19 0.123147 -0.00181734 
10561.9 2.4449e+19 0.123085 -0.00153862 
10568.5 2.4428e+19 0.123023 -0.0012229 
10575.1 2.44069e+19 0.12296 -0.000878029 
10581.7 2.43858e+19 0.122897 -0.000512571 
10588.3 2.43648e+19 0.122832 -0.000135567 
10594.9 2.43436e+19 0.122766 0.000243683 
10601.5 2.43225e+19 0.1227 0.00061585 
10608.1 2.43014e+19 0.122633 0.000971807 
10614.7 2.42802e+19 0.122565 0.00130285 
10621.2 2.42591e+19 0.122498 0.00160092 
10627.8 2.42381e+19 0.12243 0.00185878 
10634.4 2.4217e+19 0.122364 0.00207021 
10641 2.41961e+19 0.122298 0.00223017 
10647.6 2.41752e+19 0.122234 0.00233487 
10654.2 2.41544e+19 0.12217 0.0023819 
10660.8 2.41336e+19 0.122107 0.00237029 
10667.4 2.4113e+19 0.122046 0.0023005 
10674 2.40924e+19 0.121985 0.00217442 
10680.6 2.40718e+19 0.121925 0.00199533 
10687.2 2.40513e+19 0.121864 0.00176778 
10693.8 2.40308e+19 0.121804 0.00149752 
10700.4 2.40102e+19 0.121743 0.00119131 
10707 2.39897e+19 0.121681 0.00085678 
10713.6 2.39692e+19 0.121618 0.000502236 
10720.3 2.39486e+19 0.121554 0.000136443 
10726.9 2.3928e+19 0.12149 -0.000231587 
10733.5 2.39074e+19 0.121424 -0.000592814 
10740.1 2.38868e+19 0.121358 -0.000938392 
10746.7 2.38661e+19 0.121291 -0.00125989 
10753.3 2.38455e+19 0.121225 -0.00154949 
10759.9 2.3825e+19 0.121159 -0.00180018 
10766.5 2.38045e+19 0.121093 -0.00200593 
10773.1 2.3784e+19 0.121028 -0.00216182 
10779.8 2.37636e+19 0.120965 -0.00226417 
10786.4 2.37433e+19 0.120902 -0.00231062 
10793 2.37231e+19 0.120841 -0.00230018 
10799.6 2.37029e+19 0.12078 -0.00223327 
10806.2 2.36828e+19 0.12072 -0.00211168 
10812.9 2.36628e+19 0.120661 -0.00193853 
10819.5 2.36428e+19 0.120602 -0.00171821 
10826.1 2.36228e+19 0.120542 -0.00145624 
10832.7 2.36028e+19 0.120482 -0.00115914 
10839.4 2.35827e+19 0.120421 -0.000834302 
10846 2.35627e+19 0.12036 -0.000489759 
10852.6 2.35426e+19 0.120297 -0.000134019 
10859.2 2.35225e+19 0.120233 0.000224154 
10865.9 2.35024e+19 0.120168 0.000575953 
10872.5 2.34823e+19 0.120103 0.000912741 
10879.1 2.34621e+19 0.120037 0.00122627 
10885.8 2.3442e+19 0.119972 0.00150886 
10892.4 2.34219e+19 0.119906 0.00175362 
10899 2.34019e+19 0.119842 0.0019546 
10905.7 2.3382e+19 0.119778 0.00210693 
10912.3 2.33621e+19 0.119715 0.00220693 
10918.9 2.33423e+19 0.119654 0.00225224 
10925.6 2.33226e+19 0.119593 0.00224184 
10932.2 2.33029e+19 0.119534 0.00217608 
10938.9 2.32833e+19 0.119475 0.00205669 
10945.5 2.32637e+19 0.119417 0.00188671 
10952.1 2.32442e+19 0.119359 0.00167043 
10958.8 2.32247e+19 0.119301 0.00141329 
10965.4 2.32052e+19 0.119241 0.00112172 
10972.1 2.31856e+19 0.119182 0.000803003 
10978.7 2.31661e+19 0.119121 0.000465085 
10985.4 2.31465e+19 0.119059 0.000116372 
10992 2.31269e+19 0.118996 -0.000234473 
10998.7 2.31072e+19 0.118932 -0.000578746 
11005.3 2.30875e+19 0.118867 -0.000907925 
11012 2.30679e+19 0.118802 -0.00121387 
11018.6 2.30483e+19 0.118737 -0.00148904 
11025.3 2.30287e+19 0.118673 -0.00172667 
11031.9 2.30091e+19 0.118609 -0.00192093 
11038.6 2.29896e+19 0.118547 -0.0020671 
11045.2 2.29702e+19 0.118485 -0.00216164 
11051.9 2.29509e+19 0.118425 -0.00220231 
11058.6 2.29317e+19 0.118366 -0.00218823 
11065.2 2.29125e+19 0.118307 -0.00211984 
11071.9 2.28934e+19 0.11825 -0.00199897 
11078.5 2.28743e+19 0.118193 -0.00182872 
11085.2 2.28553e+19 0.118136 -0.00161343 
11091.9 2.28362e+19 0.118078 -0.00135854 
11098.5 2.28172e+19 0.11802 -0.00107045 
11105.2 2.27981e+19 0.117961 -0.000756393 
11111.9 2.2779e+19 0.117901 -0.000424215 
11118.5 2.27599e+19 0.117839 -8.22014e-05 
11125.2 2.27407e+19 0.117777 0.000261135 
11131.9 2.27215e+19 0.117714 0.000597267 
11138.5 2.27023e+19 0.11765 0.00091786 
11145.2 2.26831e+19 0.117586 0.00121498 
11151.9 2.26639e+19 0.117522 0.00148129 
11158.5 2.26448e+19 0.117458 0.00171024 
11165.2 2.26257e+19 0.117396 0.00189619 
11171.9 2.26067e+19 0.117334 0.0020346 
11178.6 2.25878e+19 0.117274 0.00212212 
11185.3 2.25689e+19 0.117215 0.00215664 
11191.9 2.25502e+19 0.117157 0.0021374 
11198.6 2.25315e+19 0.1171 0.00206496 
11205.3 2.25128e+19 0.117043 0.00194119 
11212 2.24942e+19 0.116987 0.00176925 
11218.7 2.24756e+19 0.116931 0.0015535 
11225.3 2.2457e+19 0.116874 0.00129936 
11232 2.24384e+19 0.116817 0.00101321 
11238.7 2.24198e+19 0.116759 0.000702229 
11245.4 2.24011e+19 0.116699 0.000374195 
11252.1 2.23824e+19 0.116638 3.731e-05 
11258.8 2.23637e+19 0.116576 -0.000300013 
11265.5 2.23449e+19 0.116514 -0.000629357 
11272.1 2.23261e+19 0.116451 -0.000942509 
11278.8 2.23074e+19 0.116387 -0.00123167 
11285.5 2.22887e+19 0.116324 -0.00148963 
11292.2 2.227e+19 0.116262 -0.00170999 
11298.9 2.22514e+19 0.1162 -0.00188727 
11305.6 2.22328e+19 0.11614 -0.00201707 
11312.3 2.22144e+19 0.116081 -0.0020962 
11319 2.2196e+19 0.116023 -0.00212272 
11325.7 2.21777e+19 0.115967 -0.002096 
11332.4 2.21594e+19 0.115911 -0.00201677 
11339.1 2.21413e+19 0.115855 -0.00188704 
11345.8 2.21231e+19 0.1158 -0.00171011 
11352.5 2.2105e+19 0.115745 -0.00149044 
11359.2 2.20868e+19 0.115689 -0.00123358 
11365.9 2.20686e+19 0.115632 -0.00094599 
11372.6 2.20504e+19 0.115574 -0.000634912 
11379.3 2.20322e+19 0.115515 -0.00030817 
11386 2.20139e+19 0.115455 2.60181e-05 
11392.7 2.19956e+19 0.115393 0.000359251 
11399.5 2.19772e+19 0.115331 0.000683149 
11406.2 2.19589e+19 0.115269 0.000989569 
11412.9 2.19405e+19 0.115207 0.00127081 
11419.6 2.19222e+19 0.115144 0.00151979 
11426.3 2.1904e+19 0.115083 0.00173026 
11433 2.18858e+19 0.115023 0.00189692 
11439.7 2.18677e+19 0.114964 0.00201557 
11446.4 2.18497e+19 0.114906 0.00208325 
11453.2 2.18318e+19 0.11485 0.00209824 
11459.9 2.1814e+19 0.114794 0.00206019 
11466.6 2.17962e+19 0.11474 0.00197005 
11473.3 2.17785e+19 0.114686 0.00183013 
11480 2.17607e+19 0.114631 0.00164396 
11486.8 2.1743e+19 0.114577 0.00141627 
11493.5 2.17253e+19 0.114521 0.00115282 
11500.2 2.17075e+19 0.114465 0.000860307 
11506.9 2.16897e+19 0.114407 0.000546148 
11513.7 2.16718e+19 0.114349 0.00021832 
11520.4 2.16539e+19 0.114289 -0.000114848 
11527.1 2.1636e+19 0.114228 -0.000444891 
11533.9 2.16181e+19 0.114166 -0.000763415 
11540.6 2.16001e+19 0.114105 -0.00106232 
11547.3 2.15822e+19 0.114043 -0.001334 
11554 2.15644e+19 0.113982 -0.00157153 
11560.8 2.15466e+19 0.113922 -0.00176889 
11567.5 2.15288e+19 0.113863 -0.00192103 
11574.3 2.15112e+19 0.113806 -0.0020241 
11581 2.14937e+19 0.113749 -0.00207549 
11587.7 2.14762e+19 0.113694 -0.00207389 
11594.5 2.14588e+19 0.11364 -0.00201938 
11601.2 2.14414e+19 0.113587 -0.00191336 
11607.9 2.14241e+19 0.113534 -0.00175857 
11614.7 2.14068e+19 0.11348 -0.001559 
11621.4 2.13895e+19 0.113426 -0.00131978 
11628.2 2.13721e+19 0.113371 -0.00104703 
11634.9 2.13547e+19 0.113315 -0.000747771 
11641.7 2.13373e+19 0.113258 -0.000429667 
11648.4 2.13198e+19 0.113199 -0.000100876 
11655.2 2.13023e+19 0.113139 0.000230181 
11661.9 2.12848e+19 0.113079 0.000555026 
11668.7 2.12672e+19 0.113018 0.000865346 
11675.4 2.12497e+19 0.112957 0.00115321 
11682.2 2.12322e+19 0.112897 0.00141125 
11688.9 2.12148e+19 0.112837 0.0016329 
11695.7 2.11974e+19 0.112778 0.0018125 
11702.4 2.11801e+19 0.112721 0.00194549 
11709.2 2.11629e+19 0.112665 0.00202849 
11715.9 2.11458e+19 0.11261 0.00205941 
11722.7 2.11288e+19 0.112556 0.00203751 
11729.4 2.11118e+19 0.112503 0.00196339 
11736.2 2.10949e+19 0.112451 0.00183898 
11743 2.10779e+19 0.112399 0.00166752 
11749.7 2.1061e+19 0.112346 0.00145342 
11756.5 2.10441e+19 0.112292 0.00120221 
11763.3 2.10271e+19 0.112237 0.000920354 
11770 2.10101e+19 0.112181 0.000615105 
11776.8 2.0993e+19 0.112124 0.00029431 
11783.6 2.09759e+19 0.112066 -3.37889e-05 
11790.3 2.09587e+19 0.112006 -0.000360763 
11797.1 2.09416e+19 0.111946 -0.000678213 
11803.9 2.09244e+19 0.111886 -0.000977987 
11810.6 2.09073e+19 0.111826 -0.00125238 
11817.4 2.08902e+19 0.111767 -0.00149436 
11824.2 2.08732e+19 0.111708 -0.00169769 
11831 2.08563e+19 0.111651 -0.00185717 
11837.7 2.08394e+19 0.111595 -0.00196868 
11844.5 2.08226e+19 0.111541 -0.00202937 
11851.3 2.0806e+19 0.111488 -0.00203767 
11858.1 2.07893e+19 0.111435 -0.00199339 
11864.8 2.07728e+19 0.111384 -0.00189766 
11871.6 2.07562e+19 0.111332 -0.00175296 
11878.4 2.07397e+19 0.11128 -0.00156302 
11885.2 2.07231e+19 0.111228 -0.00133276 
11892 2.07065e+19 0.111174 -0.00106811 
11898.8 2.06899e+19 0.11112 -0.000775938 
11905.5 2.06732e+19 0.111064 -0.000463788 
11912.3 2.06565e+19 0.111007 -0.000139748 
11919.1 2.06397e+19 0.110948 0.000187787 
11925.9 2.06229e+19 0.110889 0.000510321 
11932.7 2.06062e+19 0.11083 0.000819484 
11939.5 2.05894e+19 0.110771 0.00110725 
11946.3 2.05727e+19 0.110712 0.00136613 
11953.1 2.0556e+19 0.110654 0.00158939 
11959.9 2.05394e+19 0.110597 0.00177122 
11966.6 2.05229e+19 0.110541 0.00190688 
11973.4 2.05065e+19 0.110487 0.00199283 
11980.2 2.04901e+19 0.110434 0.00202681 
11987 2.04739e+19 0.110382 0.00200795 
11993.8 2.04576e+19 0.110331 0.00193672 
12000.6 2.04415e+19 0.11028 0.00181499 
12007.4 2.04253e+19 0.110229 0.00164593 
12014.2 2.04091e+19 0.110178 0.00143397 
12021 2.03929e+19 0.110126 0.00118466 
12027.8 2.03766e+19 0.110072 0.000904525 
12034.7 2.03603e+19 0.110017 0.000600913 
12041.5 2.0344e+19 0.109961 0.000281787 
12048.3 2.03276e+19 0.109904 -4.44796e-05 
12055.1 2.03112e+19 0.109846 -0.000369323 
12061.9 2.02947e+19 0.109788 -0.000684215 
12068.7 2.02783e+19 0.109729 -0.00098089 
12075.5 2.02619e+19 0.109671 -0.00125156 
12082.3 2.02456e+19 0.109613 -0.00148912 
12089.1 2.02294e+19 0.109557 -0.00168736 
12095.9 2.02132e+19 0.109502 -0.00184107 
12102.8 2.01971e+19 0.109448 -0.00194626 
12109.6 2.01811e+19 0.109395 -0.0020002 
12116.4 2.01651e+19 0.109344 -0.0020015 
12123.2 2.01493e+19 0.109293 -0.00195021 
12130 2.01334e+19 0.109243 -0.00184771 
12136.8 2.01176e+19 0.109193 -0.00169678 
12143.7 2.01018e+19 0.109142 -0.00150144 
12150.5 2.00859e+19 0.109091 -0.00126691 
12157.3 2.007e+19 0.109039 -0.000999424 
12164.1 2.00541e+19 0.108985 -0.000706072 
12171 2.00381e+19 0.10893 -0.000394628 
12177.8 2.00221e+19 0.108874 -7.33267e-05 
12184.6 2.0006e+19 0.108817 0.000249349 
12191.4 1.99899e+19 0.10876 0.000564893 
12198.3 1.99739e+19 0.108702 0.000865007 
12205.1 1.99578e+19 0.108644 0.00114181 
12211.9 1.99418e+19 0.108587 0.00138806 
12218.8 1.99259e+19 0.108531 0.00159732 
12225.6 1.99101e+19 0.108476 0.00176415 
12232.4 1.98943e+19 0.108423 0.00188425 
12239.3 1.98786e+19 0.10837 0.00195455 
12246.1 1.9863e+19 0.108319 0.00197329 
12252.9 1.98474e+19 0.108269 0.00194008 
12259.8 1.98319e+19 0.10822 0.00185589 
12266.6 1.98164e+19 0.10817 0.00172305 
12273.5 1.9801e+19 0.108121 0.00154513 
12280.3 1.97854e+19 0.10807 0.00132691 
12287.1 1.97699e+19 0.108019 0.0010742 
12294 1.97543e+19 0.107967 0.000793697 
12300.8 1.97387e+19 0.107913 0.000492834 
12307.7 1.9723e+19 0.107858 0.00017955 
12314.5 1.97073e+19 0.107802 -0.000137902 
12321.4 1.96916e+19 0.107745 -0.000451174 
12328.2 1.96758e+19 0.107688 -0.000752042 
12335.1 1.96601e+19 0.107631 -0.00103262 
12341.9 1.96445e+19 0.107575 -0.00128557 
12348.8 1.96289e+19 0.107519 -0.00150428 
12355.6 1.96133e+19 0.107465 -0.00168306 
12362.5 1.95979e+19 0.107412 -0.00181725 
12369.3 1.95825e+19 0.10736 -0.00190337 
12376.2 1.95672e+19 0.107309 -0.00193922 
12383 1.9552e+19 0.10726 -0.00192392 
12389.9 1.95368e+19 0.107211 -0.00185789 
12396.8 1.95216e+19 0.107162 -0.00174294 
12403.6 1.95065e+19 0.107113 -0.00158213 
12410.5 1.94913e+19 0.107063 -0.00137972 
12417.3 1.94761e+19 0.107013 -0.00114108 
12424.2 1.94608e+19 0.106962 -0.000872526 
12431.1 1.94455e+19 0.106909 -0.00058116 
12437.9 1.94302e+19 0.106855 -0.000274689 
12444.8 1.94148e+19 0.1068 3.87823e-05 
12451.7 1.93994e+19 0.106744 0.00035096 
12458.5 1.9384e+19 0.106688 0.00065358 
12465.4 1.93687e+19 0.106632 0.00093863 
12472.3 1.93533e+19 0.106576 0.00119855 
12479.1 1.9338e+19 0.106521 0.00142646 
12486 1.93228e+19 0.106467 0.0016163 
12492.9 1.93077e+19 0.106414 0.00176303 
12499.8 1.92926e+19 0.106363 0.00186276 
12506.6 1.92776e+19 0.106312 0.00191284 
12513.5 1.92627e+19 0.106263 0.00191193 
12520.4 1.92478e+19 0.106215 0.00186007 
12527.3 1.9233e+19 0.106167 0.00175865 
12534.2 1.92181e+19 0.106119 0.00161039 
12541 1.92033e+19 0.10607 0.00141926 
12547.9 1.91884e+19 0.10602 0.00119038 
12554.8 1.91735e+19 0.10597 0.000929896 
12561.7 1.91585e+19 0.105918 0.000644789 
12568.6 1.91435e+19 0.105865 0.000342711 
12575.5 1.91285e+19 0.105811 3.17726e-05 
12582.3 1.91134e+19 0.105756 -0.00027968 
12589.2 1.90983e+19 0.1057 -0.000583285 
12596.1 1.90832e+19 0.105645 -0.000870893 
12603 1.90682e+19 0.10559 -0.00113479 
12609.9 1.90532e+19 0.105535 -0.0013679 
12616.8 1.90383e+19 0.105482 -0.00156399 
12623.7 1.90235e+19 0.10543 -0.00171782 
12630.6 1.90087e+19 0.105379 -0.0018253 
12637.5 1.8994e+19 0.105329 -0.00188359 
12644.4 1.89794e+19 0.10528 -0.0018912 
12651.3 1.89648e+19 0.105233 -0.00184798 
12658.2 1.89503e+19 0.105185 -0.00175518 
12665.1 1.89358e+19 0.105138 -0.00161537 
12672 1.89212e+19 0.10509 -0.00143241 
12678.9 1.89067e+19 0.105041 -0.00121128 
12685.8 1.8892e+19 0.104991 -0.000958029 
12692.7 1.88774e+19 0.10494 -0.000679525 
12699.6 1.88627e+19 0.104888 -0.000383321 
12706.5 1.8848e+19 0.104835 -7.74299e-05 
12713.4 1.88332e+19 0.104781 0.000229893 
12720.3 1.88185e+19 0.104726 0.000530373 
12727.2 1.88037e+19 0.104671 0.000815937 
12734.1 1.8789e+19 0.104617 0.00107894 
12741 1.87743e+19 0.104563 0.00131234 
12747.9 1.87597e+19 0.10451 0.00150995 
12754.8 1.87452e+19 0.104458 0.00166654 
12761.8 1.87307e+19 0.104408 0.00177798 
12768.7 1.87163e+19 0.104359 0.00184139 
12775.6 1.8702e+19 0.104311 0.00185519 
12782.5 1.86877e+19 0.104263 0.00181911 
12789.4 1.86734e+19 0.104216 0.00173426 
12796.3 1.86592e+19 0.104169 0.00160301 
12803.3 1.8645e+19 0.104122 0.001429 
12810.2 1.86307e+19 0.104074 0.001217 
12817.1 1.86164e+19 0.104025 0.000972784 
12824 1.8602e+19 0.103975 0.000702975 
12831 1.85877e+19 0.103924 0.000414866 
12837.9 1.85732e+19 0.103871 0.000116223 
12844.8 1.85588e+19 0.103818 -0.000184922 
12851.7 1.85443e+19 0.103764 -0.000480487 
12858.7 1.85299e+19 0.10371 -0.000762556 
12865.6 1.85155e+19 0.103656 -0.00102359 
12872.5 1.85011e+19 0.103603 -0.00125662 
12879.5 1.84868e+19 0.103551 -0.00145546 
12886.4 1.84725e+19 0.103499 -0.00161481 
12893.3 1.84583e+19 0.10345 -0.00173047 
12900.3 1.84442e+19 0.103401 -0.00179939 
12907.2 1.84302e+19 0.103353 -0.00181979 
12914.1 1.84162e+19 0.103307 -0.0017912 
12921.1 1.84022e+19 0.10326 -0.00171443 
12928 1.83883e+19 0.103214 -0.00159161 
12934.9 1.83743e+19 0.103167 -0.0014261 
12941.9 1.83604e+19 0.10312 -0.00122238 
12948.8 1.83463e+19 0.103072 -0.000985987 
12955.8 1.83323e+19 0.103022 -0.000723308 
12962.7 1.83182e+19 0.102972 -0.000441444 
12969.7 1.83041e+19 0.10292 -0.000148008 
12976.6 1.82899e+19 0.102867 0.000149076 
12983.6 1.82758e+19 0.102814 0.000441787 
12990.5 1.82616e+19 0.102761 0.000722223 
12997.4 1.82475e+19 0.102708 0.000982814 
13004.4 1.82334e+19 0.102655 0.00121653 
13011.3 1.82194e+19 0.102604 0.00141705 
13018.3 1.82054e+19 0.102553 0.00157898 
13025.3 1.81915e+19 0.102504 0.00169794 
13032.2 1.81777e+19 0.102456 0.00177073 
13039.2 1.81639e+19 0.102409 0.00179541 
13046.1 1.81502e+19 0.102362 0.00177132 
13053.1 1.81365e+19 0.102317 0.00169916 
13060 1.81228e+19 0.102271 0.0015809 
13067 1.81092e+19 0.102225 0.00141978 
13074 1.80955e+19 0.102178 0.00122022 
13080.9 1.80818e+19 0.102131 0.000987669 
13087.9 1.8068e+19 0.102082 0.00072848 
13094.8 1.80542e+19 0.102032 0.000449734 
13101.8 1.80404e+19 0.101981 0.000159042 
13108.8 1.80265e+19 0.101929 -0.000135656 
13115.7 1.80126e+19 0.101877 -0.000426318 
13122.7 1.79987e+19 0.101824 -0.000705011 
13129.7 1.79849e+19 0.101771 -0.000964134 
13136.6 1.79711e+19 0.10172 -0.00119662 
13143.6 1.79573e+19 0.101668 -0.00139615 
13150.6 1.79436e+19 0.101619 -0.00155729 
13157.6 1.793e+19 0.10157 -0.00167568 
13164.5 1.79165e+19 0.101522 -0.00174811 
13171.5 1.7903e+19 0.101476 -0.00177265 
13178.5 1.78895e+19 0.10143 -0.00174869 
13185.5 1.78761e+19 0.101385 -0.00167693 
13192.4 1.78627e+19 0.10134 -0.00155939 
13199.4 1.78493e+19 0.101295 -0.00139935 
13206.4 1.78359e+19 0.101249 -0.00120123 
13213.4 1.78225e+19 0.101202 -0.000970518 
13220.4 1.7809e+19 0.101154 -0.00071357 
13227.4 1.77955e+19 0.101104 -0.000437459 
13234.3 1.77819e+19 0.101054 -0.000149779 
13241.3 1.77683e+19 0.101003 0.000141571 
13248.3 1.77547e+19 0.100951 0.0004286 
13255.3 1.77411e+19 0.100899 0.000703444 
13262.3 1.77275e+19 0.100847 0.000958585 
13269.3 1.7714e+19 0.100796 0.00118705 
13276.3 1.77005e+19 0.100745 0.00138262 
13283.3 1.76871e+19 0.100696 0.00153996 
13290.3 1.76738e+19 0.100648 0.00165481 
13297.2 1.76605e+19 0.100601 0.00172409 
13304.2 1.76473e+19 0.100555 0.00174595 
13311.2 1.76341e+19 0.10051 0.00171985 
13318.2 1.76209e+19 0.100466 0.00164657 
13325.2 1.76078e+19 0.100421 0.0015282 
13332.2 1.75947e+19 0.100377 0.00136803 
13339.2 1.75816e+19 0.100331 0.00117052 
13346.2 1.75684e+19 0.100285 0.000941138 
13353.2 1.75552e+19 0.100237 0.000686233 
13360.2 1.75419e+19 0.100188 0.000412837 
13367.2 1.75286e+19 0.100138 0.000128489 
13374.2 1.75153e+19 0.100088 -0.000158983 
13381.3 1.75019e+19 0.100036 -0.000441669 
13388.3 1.74886e+19 0.0999849 -0.000711799 
13395.3 1.74753e+19 0.0999337 -0.000961956 
13402.3 1.7462e+19 0.0998831 -0.00118528 
13409.3 1.74488e+19 0.0998334 -0.00137565 
13416.3 1.74356e+19 0.0997848 -0.00152787 
13423.3 1.74226e+19 0.0997375 -0.00163777 
13430.3 1.74095e+19 0.0996915 -0.00170239 
13437.3 1.73966e+19 0.0996464 -0.00171999 
13444.4 1.73837e+19 0.0996022 -0.00169014 
13451.4 1.73708e+19 0.0995583 -0.00161371 
13458.4 1.7358e+19 0.0995145 -0.00149285 
13465.4 1.73451e+19 0.0994702 -0.00133096 
13472.4 1.73322e+19 0.0994253 -0.00113253 
13479.5 1.73193e+19 0.0993793 -0.000903092 
13486.5 1.73063e+19 0.0993321 -0.000649005 
13493.5 1.72933e+19 0.0992838 -0.000377314 
13500.5 1.72803e+19 0.0992344 -9.55426e-05 
13507.6 1.72672e+19 0.0991841 0.000188513 
13514.6 1.72541e+19 0.0991333 0.000467001 
13521.6 1.7241e+19 0.0990824 0.000732226 
13528.6 1.7228e+19 0.0990318 0.000976869 
13535.7 1.7215e+19 0.0989818 0.00119418 
13542.7 1.7202e+19 0.0989328 0.00137818 
13549.7 1.71891e+19 0.0988851 0.0015238 
13556.8 1.71763e+19 0.0988386 0.00162705 
13563.8 1.71636e+19 0.0987933 0.00168511 
13570.8 1.71509e+19 0.098749 0.00169641 
13577.9 1.71382e+19 0.0987055 0.00166067 
13584.9 1.71256e+19 0.0986623 0.00157893 
13591.9 1.7113e+19 0.0986191 0.00145349 
13599 1.71004e+19 0.0985754 0.00128786 
13606 1.70878e+19 0.0985308 0.00108666 
13613.1 1.70751e+19 0.0984853 0.000855497 
13620.1 1.70624e+19 0.0984385 0.00060081 
13627.2 1.70496e+19 0.0983905 0.000329682 
13634.2 1.70368e+19 0.0983414 4.96527e-05 
13641.2 1.7024e+19 0.0982915 -0.000231492 
13648.3 1.70111e+19 0.0982412 -0.00050594 
13655.3 1.69983e+19 0.0981908 -0.000766064 
13662.4 1.69855e+19 0.0981408 -0.00100464 
13669.4 1.69727e+19 0.0980916 -0.00121503 
13676.5 1.696e+19 0.0980434 -0.00139139 
13683.5 1.69474e+19 0.0979965 -0.00152884 
13690.6 1.69349e+19 0.0979508 -0.00162355 
13697.6 1.69224e+19 0.0979064 -0.00167291 
13704.7 1.69099e+19 0.097863 -0.00167555 
13711.8 1.68976e+19 0.0978202 -0.00163142 
13718.8 1.68852e+19 0.0977777 -0.00154177 
13725.9 1.68728e+19 0.097735 -0.00140911 
13732.9 1.68605e+19 0.0976918 -0.00123718 
13740 1.68481e+19 0.0976476 -0.00103079 
13747.1 1.68357e+19 0.0976023 -0.00079573 
13754.1 1.68232e+19 0.0975558 -0.000538585 
13761.2 1.68106e+19 0.097508 -0.000266565 
13768.2 1.67981e+19 0.0974592 1.27063e-05 
13775.3 1.67855e+19 0.0974097 0.000291399 
13782.4 1.67729e+19 0.0973598 0.0005617 
13789.4 1.67603e+19 0.09731 0.00081603 
13796.5 1.67477e+19 0.0972606 0.00104726 
13803.6 1.67352e+19 0.0972122 0.00124891 
13810.7 1.67228e+19 0.0971649 0.00141533 
13817.7 1.67104e+19 0.0971189 0.00154186 
13824.8 1.66981e+19 0.0970742 0.00162496 
13831.9 1.66859e+19 0.0970308 0.00166233 
13838.9 1.66737e+19 0.0969882 0.00165292 
13846 1.66616e+19 0.0969462 0.00159704 
13853.1 1.66495e+19 0.0969043 0.00149628 
13860.2 1.66374e+19 0.0968622 0.0013535 
13867.3 1.66252e+19 0.0968193 0.00117276 
13874.3 1.66131e+19 0.0967754 0.000959161 
13881.4 1.66008e+19 0.0967302 0.000718756 
13888.5 1.65886e+19 0.0966838 0.000458335 
13895.6 1.65763e+19 0.0966362 0.000185258 
13902.7 1.65639e+19 0.0965876 -9.27631e-05 
13909.8 1.65515e+19 0.0965383 -0.00036788 
13916.8 1.65392e+19 0.0964889 -0.00063233 
13923.9 1.65268e+19 0.0964396 -0.000878654 
13931 1.65145e+19 0.0963911 -0.00109991 
13938.1 1.65022e+19 0.0963435 -0.00128987 
13945.2 1.649e+19 0.0962972 -0.00144319 
13952.3 1.64779e+19 0.0962523 -0.00155558 
13959.4 1.64659e+19 0.0962086 -0.00162388 
13966.5 1.64539e+19 0.0961662 -0.00164621 
13973.6 1.6442e+19 0.0961245 -0.00162198 
13980.7 1.64301e+19 0.0960832 -0.00155191 
13987.8 1.64183e+19 0.0960419 -0.00143804 
13994.9 1.64064e+19 0.0960002 -0.00128363 
14002 1.63945e+19 0.0959575 -0.00109308 
14009.1 1.63825e+19 0.0959137 -0.000871833 
14016.2 1.63705e+19 0.0958686 -0.000626177 
14023.3 1.63585e+19 0.0958222 -0.000363095 
14030.4 1.63464e+19 0.0957746 -9.00553e-05 
14037.5 1.63342e+19 0.0957261 0.000185199 
14044.6 1.63221e+19 0.0956772 0.000454867 
14051.7 1.63099e+19 0.0956282 0.000711315 
14058.8 1.62978e+19 0.0955797 0.000947291 
14065.9 1.62857e+19 0.095532 0.00115613 
14073 1.62737e+19 0.0954854 0.00133194 
14080.1 1.62618e+19 0.0954403 0.00146977 
14087.3 1.62499e+19 0.0953965 0.00156575 
14094.4 1.62382e+19 0.095354 0.00161721 
14101.5 1.62264e+19 0.0953125 0.00162273 
14108.6 1.62148e+19 0.0952717 0.0015822 
14115.7 1.62031e+19 0.0952312 0.00149681 
14122.8 1.61915e+19 0.0951903 0.00136902 
14130 1.61798e+19 0.0951488 0.00120251 
14137.1 1.61681e+19 0.0951062 0.00100203 
14144.2 1.61564e+19 0.0950623 0.0007733 
14151.3 1.61446e+19 0.0950171 0.000522841 
14158.4 1.61327e+19 0.0949706 0.000257781 
14165.6 1.61208e+19 0.094923 -1.43361e-05 
14172.7 1.61089e+19 0.0948747 -0.000285773 
14179.8 1.60969e+19 0.0948261 -0.000548815 
14186.9 1.6085e+19 0.0947777 -0.000795986 
14194.1 1.60731e+19 0.09473 -0.00102027 
14201.2 1.60613e+19 0.0946834 -0.00121529 
14208.3 1.60495e+19 0.094638 -0.00137552 
14215.5 1.60379e+19 0.0945941 -0.00149641 
14222.6 1.60263e+19 0.0945515 -0.00157454 
14229.7 1.60148e+19 0.0945102 -0.0016077 
14236.9 1.60033e+19 0.0944697 -0.00159498 
14244 1.59919e+19 0.0944297 -0.00153674 
14251.1 1.59805e+19 0.0943896 -0.00143469 
14258.3 1.5969e+19 0.0943491 -0.00129174 
14265.4 1.59576e+19 0.0943076 -0.00111199 
14272.6 1.59461e+19 0.0942649 -0.000900609 
14279.7 1.59345e+19 0.0942208 -0.000663635 
14286.8 1.59229e+19 0.0941753 -0.000407858 
14294 1.59112e+19 0.0941286 -0.000140601 
14301.1 1.58995e+19 0.094081 0.000130483 
14308.3 1.58877e+19 0.094033 0.000397632 
14315.4 1.5876e+19 0.0939849 0.000653197 
14322.6 1.58643e+19 0.0939373 0.000889861 
14329.7 1.58527e+19 0.0938906 0.00110085 
14336.9 1.58411e+19 0.0938452 0.00128012 
14344 1.58296e+19 0.0938012 0.00142254 
14351.2 1.58182e+19 0.0937586 0.00152404 
14358.3 1.58069e+19 0.0937173 0.00158172 
14365.5 1.57956e+19 0.0936771 0.00159394 
14372.6 1.57844e+19 0.0936375 0.00156036 
14379.8 1.57732e+19 0.0935981 0.00148196 
14386.9 1.5762e+19 0.0935584 0.00136102 
14394.1 1.57508e+19 0.0935178 0.00120101 
14401.3 1.57395e+19 0.0934762 0.00100657 
14408.4 1.57281e+19 0.0934331 0.000783276 
14415.6 1.57167e+19 0.0933887 0.000537583 
14422.7 1.57053e+19 0.0933429 0.000276567 
14429.9 1.56938e+19 0.0932961 7.75131e-06 
14437.1 1.56822e+19 0.0932486 -0.000261115 
14444.2 1.56707e+19 0.093201 -0.00052228 
14451.4 1.56592e+19 0.0931536 -0.000768212 
14458.6 1.56477e+19 0.093107 -0.000991819 
14465.7 1.56364e+19 0.0930616 -0.00118665 
14472.9 1.56251e+19 0.0930175 -0.00134708 
14480.1 1.56138e+19 0.0929749 -0.00146849 
14487.3 1.56027e+19 0.0929338 -0.00154737 
14494.4 1.55916e+19 0.0928937 -0.00158145 
14501.6 1.55806e+19 0.0928545 -0.00156975 
14508.8 1.55696e+19 0.0928157 -0.00151263 
14516 1.55586e+19 0.0927766 -0.00141175 
14523.1 1.55476e+19 0.0927369 -0.00127005 
14530.3 1.55365e+19 0.0926962 -0.00109164 
14537.5 1.55254e+19 0.0926541 -0.000881718 
14544.7 1.55142e+19 0.0926106 -0.000646377 
14551.9 1.5503e+19 0.0925658 -0.000392461 
14559 1.54917e+19 0.0925197 -0.000127351 
14566.2 1.54804e+19 0.0924729 0.000141243 
14573.4 1.5469e+19 0.0924257 0.000405514 
14580.6 1.54577e+19 0.0923787 0.000657779 
14587.8 1.54465e+19 0.0923323 0.000890706 
14595 1.54352e+19 0.0922869 0.00109753 
14602.2 1.54241e+19 0.0922429 0.00127224 
14609.4 1.54131e+19 0.0922003 0.00140977 
14616.6 1.54021e+19 0.0921593 0.00150614 
14623.7 1.53912e+19 0.0921195 0.00155858 
14630.9 1.53804e+19 0.0920806 0.00156559 
14638.1 1.53696e+19 0.0920421 0.00152699 
14645.3 1.53588e+19 0.0920037 0.00144396 
14652.5 1.5348e+19 0.0919647 0.00131895 
14659.7 1.53371e+19 0.0919248 0.00115566 
14666.9 1.53262e+19 0.0918836 0.000958867 
14674.1 1.53153e+19 0.091841 0.000734361 
14681.3 1.53042e+19 0.091797 0.000488716 
14688.5 1.52932e+19 0.0917518 0.000229125 
14695.7 1.5282e+19 0.0917056 -3.68224e-05 
14702.9 1.52709e+19 0.0916589 -0.000301356 
14710.1 1.52598e+19 0.0916123 -0.000556757 
14717.4 1.52487e+19 0.0915661 -0.000795579 
14724.6 1.52377e+19 0.0915209 -0.00101087 
14731.8 1.52267e+19 0.0914771 -0.00119638 
14739 1.52158e+19 0.0914346 -0.00134671 
14746.2 1.5205e+19 0.0913937 -0.00145753 
14753.4 1.51943e+19 0.0913541 -0.00152566 
14760.6 1.51837e+19 0.0913155 -0.00154914 
14767.8 1.51731e+19 0.0912774 -0.00152736 
14775 1.51625e+19 0.0912395 -0.00146099 
14782.3 1.51519e+19 0.0912012 -0.00135205 
14789.5 1.51412e+19 0.091162 -0.00120374 
14796.7 1.51305e+19 0.0911216 -0.00102047 
14803.9 1.51198e+19 0.0910798 -0.000807607 
14811.1 1.51089e+19 0.0910366 -0.000571414 
14818.4 1.50981e+19 0.0909921 -0.000318812 
14825.6 1.50871e+19 0.0909465 -5.71982e-05 
14832.8 1.50762e+19 0.0909004 0.000205777 
14840 1.50653e+19 0.0908542 0.000462429 
14847.3 1.50544e+19 0.0908084 0.000705264 
14854.5 1.50435e+19 0.0907635 0.0009272 
14861.7 1.50327e+19 0.0907198 0.00112177 
14869 1.5022e+19 0.0906776 0.0012833 
14876.2 1.50114e+19 0.0906368 0.0014071 
14883.4 1.50009e+19 0.0905974 0.00148958 
14890.6 1.49904e+19 0.0905591 0.00152834 
14897.9 1.498e+19 0.0905214 0.00152229 
14905.1 1.49696e+19 0.090484 0.00147162 
14912.4 1.49592e+19 0.0904462 0.00137783 
14919.6 1.49487e+19 0.0904076 0.0012437 
14926.8 1.49382e+19 0.090368 0.00107317 
14934.1 1.49276e+19 0.0903269 0.000871249 
14941.3 1.4917e+19 0.0902844 0.000643872 
14948.5 1.49063e+19 0.0902405 0.000397717 
14955.8 1.48956e+19 0.0901957 0.000140015 
14963 1.48848e+19 0.0901501 -0.00012166 
14970.3 1.48741e+19 0.0901044 -0.000379615 
14977.5 1.48634e+19 0.090059 -0.00062626 
14984.8 1.48527e+19 0.0900144 -0.000854336 
14992 1.48421e+19 0.089971 -0.00105712 
14999.3 1.48316e+19 0.089929 -0.00122864 
15006.5 1.48211e+19 0.0898884 -0.00136383 
15013.8 1.48108e+19 0.0898493 -0.0014587 
15021 1.48005e+19 0.0898112 -0.00151043 
15028.3 1.47902e+19 0.0897739 -0.00151751 
15035.5 1.478e+19 0.0897369 -0.0014797 
15042.8 1.47698e+19 0.0896996 -0.00139813 
15050 1.47595e+19 0.0896616 -0.00127522 
15057.3 1.47492e+19 0.0896225 -0.00111459 
15064.6 1.47388e+19 0.0895821 -0.000921008 
15071.8 1.47284e+19 0.0895403 -0.000700226 
15079.1 1.47179e+19 0.0894971 -0.000458795 
15086.3 1.47073e+19 0.0894528 -0.000203892 
15093.6 1.46968e+19 0.0894078 5.69076e-05 
15100.9 1.46862e+19 0.0893626 0.000315845 
15108.1 1.46757e+19 0.0893177 0.000565215 
15115.4 1.46652e+19 0.0892734 0.000797599 
15122.7 1.46548e+19 0.0892304 0.00100608 
15129.9 1.46444e+19 0.0891886 0.00118446 
15137.2 1.46341e+19 0.0891484 0.00132744 
15144.5 1.4624e+19 0.0891095 0.00143077 
15151.8 1.46138e+19 0.0890718 0.00149139 
15159 1.46038e+19 0.0890349 0.00150753 
15166.3 1.45937e+19 0.0889982 0.00147874 
15173.6 1.45836e+19 0.0889614 0.00140592 
15180.9 1.45736e+19 0.0889238 0.00129127 
15188.1 1.45634e+19 0.0888853 0.00113827 
15195.4 1.45532e+19 0.0888454 0.000951512 
15202.7 1.4543e+19 0.0888041 0.000736616 
15210 1.45327e+19 0.0887615 0.000500028 
15217.3 1.45223e+19 0.0887178 0.00024884 
15224.5 1.45119e+19 0.0886734 -9.43158e-06 
15231.8 1.45015e+19 0.0886287 -0.000267064 
15239.1 1.44912e+19 0.0885842 -0.000516364 
15246.4 1.44809e+19 0.0885405 -0.000749901 
15253.7 1.44706e+19 0.0884978 -0.000960723 
15261 1.44604e+19 0.0884564 -0.00114257 
15268.3 1.44503e+19 0.0884165 -0.00129005 
15275.6 1.44403e+19 0.088378 -0.00139881 
15282.8 1.44304e+19 0.0883406 -0.00146566 
15290.1 1.44205e+19 0.088304 -0.00148867 
15297.4 1.44106e+19 0.0882677 -0.00146722 
15304.7 1.44007e+19 0.0882313 -0.00140201 
15312 1.43908e+19 0.0881942 -0.00129505 
15319.3 1.43808e+19 0.0881561 -0.00114959 
15326.6 1.43708e+19 0.0881167 -0.000970028 
15333.9 1.43607e+19 0.0880759 -0.000761769 
15341.2 1.43506e+19 0.0880338 -0.000531065 
15348.5 1.43404e+19 0.0879907 -0.000284828 
15355.8 1.43302e+19 0.0879468 -3.04248e-05 
15363.1 1.432e+19 0.0879026 0.000224546 
15370.4 1.43098e+19 0.0878586 0.000472476 
15377.7 1.42996e+19 0.0878153 0.000705977 
15385 1.42896e+19 0.0877731 0.000918099 
15392.4 1.42796e+19 0.0877322 0.00110253 
15399.7 1.42696e+19 0.0876927 0.00125381 
15407 1.42598e+19 0.0876545 0.00136743 
15414.3 1.425e+19 0.0876175 0.00144005 
15421.6 1.42403e+19 0.0875812 0.00146953 
15428.9 1.42305e+19 0.0875453 0.00145502 
15436.2 1.42208e+19 0.0875092 0.00139698 
15443.5 1.42111e+19 0.0874725 0.00129717 
15450.9 1.42013e+19 0.0874347 0.00115859 
15458.2 1.41914e+19 0.0873958 0.00098542 
15465.5 1.41815e+19 0.0873555 0.000782839 
15472.8 1.41715e+19 0.0873138 0.000556923 
15480.1 1.41615e+19 0.0872712 0.000314444 
15487.5 1.41515e+19 0.0872278 6.26711e-05 
15494.8 1.41415e+19 0.0871841 -0.000190847 
15502.1 1.41315e+19 0.0871407 -0.000438503 
15509.4 1.41215e+19 0.0870979 -0.000672864 
15516.8 1.41116e+19 0.0870562 -0.000886888 
15524.1 1.41018e+19 0.0870157 -0.00107414 
15531.4 1.4092e+19 0.0869767 -0.00122898 
15538.8 1.40823e+19 0.0869389 -0.00134675 
15546.1 1.40727e+19 0.0869023 -0.00142389 
15553.4 1.40631e+19 0.0868664 -0.00145807 
15560.7 1.40535e+19 0.0868308 -0.00144824 
15568.1 1.4044e+19 0.086795 -0.00139469 
15575.4 1.40344e+19 0.0867586 -0.00129903 
15582.8 1.40248e+19 0.0867212 -0.00116415 
15590.1 1.40151e+19 0.0866826 -0.000994105 
15597.4 1.40053e+19 0.0866427 -0.000794048 
15604.8 1.39955e+19 0.0866015 -0.000570032 
15612.1 1.39857e+19 0.0865592 -0.000328843 
15619.5 1.39758e+19 0.0865164 -7.77954e-05 
15626.8 1.39659e+19 0.0864732 0.000175494 
15634.1 1.39561e+19 0.0864303 0.000423334 
15641.5 1.39463e+19 0.0863881 0.000658198 
15648.8 1.39366e+19 0.0863469 0.000872949 
15656.2 1.39269e+19 0.086307 0.00106106 
15663.5 1.39173e+19 0.0862684 0.00121682 
15670.9 1.39078e+19 0.0862311 0.0013355 
15678.2 1.38983e+19 0.0861948 0.0014135 
15685.6 1.38889e+19 0.0861593 0.00144846 
15692.9 1.38795e+19 0.086124 0.00143934 
15700.3 1.38701e+19 0.0860885 0.00138643 
15707.6 1.38607e+19 0.0860524 0.00129139 
15715 1.38512e+19 0.0860153 0.00115712 
15722.4 1.38417e+19 0.085977 0.000987758 
15729.7 1.38321e+19 0.0859374 0.000788478 
15737.1 1.38224e+19 0.0858966 0.00056538 
15744.4 1.38127e+19 0.0858548 0.000325284 
15751.8 1.3803e+19 0.0858123 7.55228e-05 
15759.2 1.37933e+19 0.0857697 -0.000176282 
15766.5 1.37837e+19 0.0857274 -0.000422453 
15773.9 1.3774e+19 0.0856857 -0.00065549 
15781.3 1.37645e+19 0.0856451 -0.000868301 
15788.6 1.3755e+19 0.0856058 -0.00105441 
15796 1.37456e+19 0.0855677 -0.00120818 
15803.4 1.37362e+19 0.0855309 -0.00132494 
15810.7 1.37269e+19 0.0854951 -0.00140117 
15818.1 1.37176e+19 0.0854599 -0.00143457 
15825.5 1.37084e+19 0.0854249 -0.00142417 
15832.9 1.36991e+19 0.0853897 -0.00137033 
15840.2 1.36898e+19 0.0853538 -0.00127471 
15847.6 1.36805e+19 0.0853169 -0.00114027 
15855 1.36711e+19 0.0852789 -0.000971157 
15862.4 1.36617e+19 0.0852395 -0.000772545 
15869.8 1.36522e+19 0.085199 -0.000550525 
15877.1 1.36427e+19 0.0851576 -0.000311895 
15884.5 1.36331e+19 0.0851157 -6.39561e-05 
15891.9 1.36236e+19 0.0850736 0.000185709 
15899.3 1.36141e+19 0.0850318 0.000429469 
15906.7 1.36046e+19 0.0849907 0.000659872 
15914.1 1.35952e+19 0.0849507 0.00086988 
15921.4 1.35859e+19 0.084912 0.00105308 
15928.8 1.35766e+19 0.0848745 0.00120388 
15936.2 1.35674e+19 0.0848382 0.00131767 
15943.6 1.35583e+19 0.0848028 0.001391 
15951 1.35492e+19 0.084768 0.00142164 
15958.4 1.35401e+19 0.0847333 0.00140866 
15965.8 1.35309e+19 0.0846983 0.00135249 
15973.2 1.35218e+19 0.0846626 0.00125486 
15980.6 1.35126e+19 0.0846259 0.0011188 
15988 1.35034e+19 0.0845881 0.000948496 
15995.4 1.34941e+19 0.0845489 0.000749191 
16002.8 1.34847e+19 0.0845087 0.000527022 
16010.2 1.34754e+19 0.0844677 0.000288826 
16017.6 1.3466e+19 0.0844262 4.19301e-05 
16025 1.34566e+19 0.0843846 -0.000206068 
16032.4 1.34473e+19 0.0843434 -0.000447541 
16039.8 1.3438e+19 0.084303 -0.000675059 
16047.2 1.34287e+19 0.0842637 -0.000881627 
16054.6 1.34196e+19 0.0842255 -0.00106089 
16062 1.34105e+19 0.0841887 -0.00120734 
16069.4 1.34014e+19 0.0841529 -0.00131648 
16076.8 1.33924e+19 0.0841179 -0.00138496 
16084.2 1.33835e+19 0.0840835 -0.00141068 
16091.7 1.33745e+19 0.0840491 -0.00139287 
16099.1 1.33655e+19 0.0840143 -0.0013321 
16106.5 1.33565e+19 0.0839788 -0.00123026 
16113.9 1.33475e+19 0.0839422 -0.00109051 
16121.3 1.33384e+19 0.0839044 -0.000917192 
16128.7 1.33292e+19 0.0838655 -0.000715665 
16136.2 1.332e+19 0.0838256 -0.00049217 
16143.6 1.33108e+19 0.0837849 -0.000253627 
16151 1.33016e+19 0.0837438 -7.41947e-06 
16158.4 1.32924e+19 0.0837028 0.000238834 
16165.9 1.32832e+19 0.0836622 0.000477514 
16173.3 1.32741e+19 0.0836224 0.000701235 
16180.7 1.3265e+19 0.0835838 0.000903078 
16188.1 1.3256e+19 0.0835463 0.0010768 
16195.6 1.3247e+19 0.0835101 0.00121703 
16203 1.32382e+19 0.0834749 0.00131944 
16210.4 1.32293e+19 0.0834404 0.00138087 
16217.9 1.32205e+19 0.0834063 0.00139943 
16225.3 1.32117e+19 0.0833721 0.00137458 
16232.7 1.32028e+19 0.0833375 0.00130709 
16240.2 1.3194e+19 0.083302 0.00119909 
16247.6 1.3185e+19 0.0832655 0.00105395 
16255 1.31761e+19 0.0832279 0.000876184 
16262.5 1.31671e+19 0.0831891 0.000671341 
16269.9 1.3158e+19 0.0831494 0.000445795 
16277.4 1.31489e+19 0.083109 0.000206566 
16284.8 1.31398e+19 0.0830684 -3.89032e-05 
16292.2 1.31308e+19 0.0830279 -0.000282975 
16299.7 1.31218e+19 0.082988 -0.00051806 
16307.1 1.31128e+19 0.082949 -0.000736847 
16314.6 1.31039e+19 0.082911 -0.000932536 
16322 1.3095e+19 0.0828743 -0.00109905 
16329.5 1.30863e+19 0.0828387 -0.0012312 
16336.9 1.30775e+19 0.082804 -0.00132491 
16344.4 1.30688e+19 0.08277 -0.00137727 
16351.8 1.30602e+19 0.0827362 -0.00138665 
16359.3 1.30515e+19 0.0827022 -0.0013528 
16366.7 1.30428e+19 0.0826677 -0.00127677 
16374.2 1.3034e+19 0.0826323 -0.00116097 
16381.6 1.30252e+19 0.0825958 -0.00100901 
16389.1 1.30164e+19 0.0825582 -0.000825652 
16396.6 1.30075e+19 0.0825195 -0.000616637 
16404 1.29986e+19 0.08248 -0.000388498 
16411.5 1.29896e+19 0.08244 -0.000148369 
16418.9 1.29807e+19 0.0823999 9.62414e-05 
16426.4 1.29718e+19 0.08236 0.000337684 
16433.9 1.29629e+19 0.0823208 0.000568408 
16441.3 1.29541e+19 0.0822825 0.000781197 
16448.8 1.29454e+19 0.0822453 0.000969397 
16456.3 1.29367e+19 0.0822093 0.00112712 
16463.7 1.29281e+19 0.0821744 0.00124944 
16471.2 1.29195e+19 0.0821402 0.00133252 
16478.7 1.29109e+19 0.0821066 0.00137378 
16486.2 1.29024e+19 0.0820731 0.00137193 
16493.6 1.28938e+19 0.0820392 0.00132703 
16501.1 1.28853e+19 0.0820047 0.00124052 
16508.6 1.28766e+19 0.0819693 0.00111511 
16516.1 1.2868e+19 0.0819328 0.000954757 
16523.5 1.28592e+19 0.0818953 0.000764506 
16531 1.28505e+19 0.0818567 0.000550347 
16538.5 1.28417e+19 0.0818175 0.00031902 
16546 1.28329e+19 0.0817778 7.78096e-05 
16553.5 1.28241e+19 0.0817382 -0.000165692 
16560.9 1.28154e+19 0.081699 -0.000403817 
16568.4 1.28067e+19 0.0816605 -0.000629068 
16575.9 1.2798e+19 0.081623 -0.000834352 
16583.4 1.27895e+19 0.0815867 -0.00101321 
16590.9 1.27809e+19 0.0815514 -0.00116 
16598.4 1.27725e+19 0.0815171 -0.00127011 
16605.9 1.2764e+19 0.0814834 -0.00134009 
16613.4 1.27556e+19 0.0814502 -0.00136774 
16620.8 1.27472e+19 0.0814168 -0.0013522 
16628.3 1.27387e+19 0.0813831 -0.00129398 
16635.8 1.27303e+19 0.0813485 -0.00119495 
16643.3 1.27218e+19 0.0813131 -0.00105824 
16650.8 1.27132e+19 0.0812765 -0.000888208 
16658.3 1.27046e+19 0.0812389 -0.000690237 
16665.8 1.2696e+19 0.0812005 -0.000470607 
16673.3 1.26873e+19 0.0811615 -0.000236279 
16680.8 1.26787e+19 0.0811223 5.32352e-06 
16688.3 1.26701e+19 0.0810833 0.000246546 
16695.8 1.26615e+19 0.0810448 0.00047975 
16703.3 1.26529e+19 0.0810071 0.000697554 
16710.8 1.26444e+19 0.0809705 0.000893066 
16718.4 1.2636e+19 0.0809349 0.00106011 
16725.9 1.26276e+19 0.0809004 0.0011934 
16733.4 1.26193e+19 0.0808667 0.00128874 
16740.9 1.2611e+19 0.0808335 0.00134313 
16748.4 1.26027e+19 0.0808005 0.00135488 
16755.9 1.25944e+19 0.0807673 0.00132366 
16763.4 1.25861e+19 0.0807335 0.00125047 
16770.9 1.25778e+19 0.0806989 0.00113769 
16778.5 1.25694e+19 0.0806633 0.000988925 
16786 1.25609e+19 0.0806267 0.000808926 
16793.5 1.25524e+19 0.0805891 0.000603437 
16801 1.25439e+19 0.0805509 0.000379007 
16808.5 1.25354e+19 0.0805122 0.00014278 
16816.1 1.25269e+19 0.0804735 -9.77286e-05 
16823.6 1.25184e+19 0.0804351 -0.000334875 
16831.1 1.251e+19 0.0803974 -0.000561128 
16838.6 1.25016e+19 0.0803605 -0.000769307 
16846.1 1.24933e+19 0.0803247 -0.000952814 
16853.7 1.2485e+19 0.08029 -0.00110584 
16861.2 1.24768e+19 0.0802562 -0.00122354 
16868.7 1.24686e+19 0.080223 -0.00130222 
16876.3 1.24604e+19 0.0801902 -0.0013394 
16883.8 1.24523e+19 0.0801574 -0.00133393 
16891.3 1.24441e+19 0.0801242 -0.00128602 
16898.9 1.24359e+19 0.0800903 -0.00119724 
16906.4 1.24276e+19 0.0800556 -0.00107044 
16913.9 1.24193e+19 0.0800199 -0.000909668 
16921.5 1.2411e+19 0.0799832 -0.000720077 
16929 1.24026e+19 0.0799457 -0.000507715 
16936.6 1.23943e+19 0.0799076 -0.000279357 
16944.1 1.23859e+19 0.0798694 -4.22803e-05 
16951.6 1.23775e+19 0.0798312 0.000195959 
16959.2 1.23692e+19 0.0797936 0.000427771 
16966.7 1.23609e+19 0.0797567 0.000645773 
16974.3 1.23527e+19 0.0797208 0.000843021 
16981.8 1.23445e+19 0.0796858 0.00101323 
16989.4 1.23364e+19 0.0796519 0.00115099 
16996.9 1.23283e+19 0.0796187 0.0012519 
17004.5 1.23203e+19 0.079586 0.00131275 
17012 1.23122e+19 0.0795534 0.0013316 
17019.6 1.23042e+19 0.0795207 0.00130785 
17027.1 1.22961e+19 0.0794875 0.00124228 
17034.7 1.2288e+19 0.0794535 0.00113697 
17042.2 1.22798e+19 0.0794186 0.000995287 
17049.8 1.22717e+19 0.0793827 0.000821777 
17057.3 1.22634e+19 0.079346 0.00062199 
17064.9 1.22552e+19 0.0793086 0.000402329 
17072.5 1.22469e+19 0.0792708 0.000169836 
17080 1.22387e+19 0.0792331 -6.80306e-05 
17087.6 1.22305e+19 0.0791956 -0.000303633 
17095.2 1.22223e+19 0.0791588 -0.000529402 
17102.7 1.22142e+19 0.0791228 -0.000738077 
17110.3 1.22061e+19 0.0790877 -0.000922941 
17117.9 1.21981e+19 0.0790536 -0.00107804 
17125.4 1.21901e+19 0.0790204 -0.00119838 
17133 1.21822e+19 0.0789877 -0.00128006 
17140.6 1.21742e+19 0.0789554 -0.00132046 
17148.1 1.21663e+19 0.078923 -0.00131827 
17155.7 1.21584e+19 0.0788903 -0.00127354 
17163.3 1.21504e+19 0.0788569 -0.00118773 
17170.9 1.21424e+19 0.0788227 -0.0010636 
17178.4 1.21344e+19 0.0787876 -0.000905176 
17186 1.21263e+19 0.0787516 -0.000717575 
17193.6 1.21182e+19 0.0787149 -0.000506874 
17201.2 1.211e+19 0.0786778 -0.000279897 
17208.7 1.21019e+19 0.0786404 -4.40002e-05 
17216.3 1.20938e+19 0.0786033 0.000193171 
17223.9 1.20858e+19 0.0785666 0.000423927 
17231.5 1.20777e+19 0.0785306 0.000640789 
17239.1 1.20698e+19 0.0784955 0.000836727 
17246.7 1.20619e+19 0.0784613 0.00100539 
17254.3 1.2054e+19 0.078428 0.00114133 
17261.8 1.20461e+19 0.0783954 0.00124014 
17269.4 1.20383e+19 0.0783631 0.00129863 
17277 1.20305e+19 0.078331 0.00131495 
17284.6 1.20227e+19 0.0782987 0.00128858 
17292.2 1.20148e+19 0.0782659 0.00122041 
17299.8 1.2007e+19 0.0782323 0.00111271 
17307.4 1.19991e+19 0.0781979 0.000968989 
17315 1.19911e+19 0.0781626 0.000793968 
17322.6 1.19831e+19 0.0781266 0.00059336 
17330.2 1.19751e+19 0.0780901 0.000373712 
17337.8 1.19672e+19 0.0780532 0.000142184 
17345.4 1.19592e+19 0.0780164 -9.36871e-05 
17353 1.19512e+19 0.07798 -0.000326228 
17360.6 1.19433e+19 0.0779441 -0.000547882 
17368.2 1.19354e+19 0.077909 -0.000751459 
17375.8 1.19276e+19 0.0778748 -0.00093036 
17383.4 1.19198e+19 0.0778415 -0.0010788 
17391 1.19121e+19 0.0778088 -0.00119199 
17398.6 1.19044e+19 0.0777767 -0.00126629 
17406.2 1.18967e+19 0.0777448 -0.00129933 
17413.9 1.1889e+19 0.0777128 -0.00129008 
17421.5 1.18813e+19 0.0776804 -0.0012389 
17429.1 1.18735e+19 0.0776473 -0.00114749 
17436.7 1.18657e+19 0.0776136 -0.00101887 
17444.3 1.18579e+19 0.077579 -0.000857258 
17451.9 1.18501e+19 0.0775436 -0.000667945 
17459.5 1.18422e+19 0.0775077 -0.000457113 
17467.2 1.18343e+19 0.0774714 -0.000231635 
17474.8 1.18265e+19 0.077435 1.14115e-06 
17482.4 1.18186e+19 0.0773989 0.000233641 
17490 1.18108e+19 0.0773632 0.000458301 
17497.7 1.18031e+19 0.0773282 0.000667818 
17505.3 1.17953e+19 0.077294 0.000855385 
17512.9 1.17877e+19 0.0772606 0.00101491 
17520.5 1.178e+19 0.077228 0.00114122 
17528.2 1.17724e+19 0.0771959 0.00123021 
17535.8 1.17648e+19 0.0771641 0.00127901 
17543.4 1.17572e+19 0.0771324 0.00128604 
17551.1 1.17496e+19 0.0771003 0.00125108 
17558.7 1.1742e+19 0.0770678 0.00117529 
17566.3 1.17343e+19 0.0770346 0.00106115 
17574 1.17266e+19 0.0770006 0.000912401 
17581.6 1.17189e+19 0.0769659 0.000733898 
17589.2 1.17112e+19 0.0769306 0.000531481 
17596.9 1.17034e+19 0.0768948 0.000311772 
17604.5 1.16957e+19 0.0768589 8.19597e-05 
17612.2 1.1688e+19 0.0768231 -0.000150431 
17619.8 1.16803e+19 0.0767877 -0.000377787 
17627.4 1.16726e+19 0.0767528 -0.000592657 
17635.1 1.1665e+19 0.0767187 -0.00078799 
17642.7 1.16574e+19 0.0766854 -0.000957376 
17650.4 1.16499e+19 0.0766528 -0.00109525 
17658 1.16424e+19 0.0766207 -0.00119707 
17665.7 1.16349e+19 0.076589 -0.0012595 
17673.3 1.16274e+19 0.0765575 -0.00128048 
17681 1.16199e+19 0.0765258 -0.0012593 
17688.6 1.16124e+19 0.0764936 -0.00119668 
17696.3 1.16048e+19 0.0764609 -0.00109467 
17703.9 1.15972e+19 0.0764275 -0.000956637 
17711.6 1.15897e+19 0.0763934 -0.000787136 
17719.3 1.1582e+19 0.0763587 -0.000591765 
17726.9 1.15744e+19 0.0763235 -0.00037698 
17734.6 1.15668e+19 0.076288 -0.000149879 
17742.2 1.15592e+19 0.0762526 8.20282e-05 
17749.9 1.15516e+19 0.0762175 0.000311073 
17757.6 1.1544e+19 0.0761828 0.00052968 
17765.2 1.15365e+19 0.0761489 0.00073062 
17772.9 1.1529e+19 0.0761156 0.000907248 
17780.6 1.15216e+19 0.076083 0.00105373 
17788.2 1.15142e+19 0.076051 0.00116523 
17795.9 1.15068e+19 0.0760194 0.00123807 
17803.6 1.14994e+19 0.075988 0.00126986 
17811.2 1.1492e+19 0.0759565 0.00125958 
17818.9 1.14846e+19 0.0759248 0.00120759 
17826.6 1.14772e+19 0.0758925 0.00111566 
17834.2 1.14697e+19 0.0758596 0.000986852 
17841.9 1.14622e+19 0.0758261 0.000825479 
17849.6 1.14548e+19 0.0757919 0.000636917 
17857.3 1.14473e+19 0.0757573 0.000427445 
17865 1.14397e+19 0.0757224 0.000204031 
17872.6 1.14323e+19 0.0756874 -2.58988e-05 
17880.3 1.14248e+19 0.0756526 -0.00025471 
17888 1.14173e+19 0.0756181 -0.000474811 
17895.7 1.14099e+19 0.0755843 -0.000678905 
17903.4 1.14025e+19 0.0755511 -0.000860237 
17911.1 1.13952e+19 0.0755186 -0.00101281 
17918.7 1.13878e+19 0.0754866 -0.00113159 
17926.4 1.13805e+19 0.0754551 -0.00121266 
17934.1 1.13732e+19 0.0754239 -0.00125339 
17941.8 1.1366e+19 0.0753926 -0.00125244 
17949.5 1.13587e+19 0.0753612 -0.00120991 
17957.2 1.13513e+19 0.0753293 -0.00112723 
17964.9 1.1344e+19 0.0752969 -0.00100721 
17972.6 1.13367e+19 0.0752639 -0.000853856 
17980.3 1.13293e+19 0.0752303 -0.000672305 
17988 1.13219e+19 0.0751962 -0.000468613 
17995.7 1.13145e+19 0.0751618 -0.000249571 
18003.4 1.13071e+19 0.0751272 -2.24722e-05 
18011.1 1.12998e+19 0.0750928 0.000205126 
18018.8 1.12924e+19 0.0750586 0.000425656 
18026.5 1.12851e+19 0.0750249 0.00063179 
18034.2 1.12778e+19 0.0749918 0.000816684 
18041.9 1.12705e+19 0.0749594 0.000974204 
18049.6 1.12633e+19 0.0749275 0.00109913 
18057.3 1.12561e+19 0.0748961 0.00118733 
18065 1.12489e+19 0.074865 0.00123589 
18072.7 1.12417e+19 0.074834 0.00124323 
18080.4 1.12345e+19 0.0748028 0.00120912 
18088.2 1.12273e+19 0.0747714 0.00113473 
18095.9 1.12201e+19 0.0747394 0.00102257 
18103.6 1.12128e+19 0.0747069 0.000876389 
18111.3 1.12056e+19 0.0746739 0.000701089 
18119 1.11983e+19 0.0746403 0.000502529 
18126.7 1.11911e+19 0.0746063 0.000287346 
18134.5 1.11838e+19 0.0745722 6.27306e-05 
18142.2 1.11765e+19 0.0745381 -0.000163814 
18149.9 1.11693e+19 0.0745042 -0.00038472 
18157.6 1.1162e+19 0.0744707 -0.000592608 
18165.3 1.11548e+19 0.0744377 -0.000780536 
18173.1 1.11477e+19 0.0744053 -0.000942226 
18180.8 1.11405e+19 0.0743735 -0.00107228 
18188.5 1.11334e+19 0.0743422 -0.00116635 
18196.3 1.11263e+19 0.0743113 -0.00122129 
18204 1.11192e+19 0.0742805 -0.00123529 
18211.7 1.11121e+19 0.0742496 -0.00120786 
18219.4 1.1105e+19 0.0742185 -0.00113995 
18227.2 1.10979e+19 0.074187 -0.00103384 
18234.9 1.10908e+19 0.074155 -0.000893081 
18242.6 1.10837e+19 0.0741224 -0.000722411 
18250.4 1.10765e+19 0.0740894 -0.000527561 
18258.1 1.10693e+19 0.0740559 -0.000315077 
18265.9 1.10622e+19 0.0740221 -9.21031e-05 
18273.6 1.1055e+19 0.0739883 0.000133865 
18281.3 1.10479e+19 0.0739547 0.000355224 
18289.1 1.10407e+19 0.0739214 0.000564525 
18296.8 1.10336e+19 0.0738886 0.000754721 
18304.6 1.10265e+19 0.0738563 0.000919404 
18312.3 1.10195e+19 0.0738246 0.00105302 
18320.1 1.10125e+19 0.0737934 0.00115108 
18327.8 1.10055e+19 0.0737626 0.00121025 
18335.6 1.09985e+19 0.0737321 0.00122856 
18343.3 1.09915e+19 0.0737015 0.00120538 
18351.1 1.09845e+19 0.0736708 0.00114149 
18358.8 1.09775e+19 0.0736397 0.00103906 
18366.6 1.09705e+19 0.0736082 0.000901566 
18374.3 1.09634e+19 0.0735761 0.000733651 
18382.1 1.09564e+19 0.0735435 0.000541008 
18389.9 1.09493e+19 0.0735104 0.000330165 
18397.6 1.09423e+19 0.073477 0.000108269 
18405.4 1.09352e+19 0.0734435 -0.000117157 
18413.1 1.09282e+19 0.0734101 -0.000338469 
18420.9 1.09211e+19 0.073377 -0.000548159 
18428.7 1.09141e+19 0.0733443 -0.000739117 
18436.4 1.09071e+19 0.0733122 -0.000904868 
18444.2 1.09001e+19 0.0732806 -0.00103979 
18452 1.08932e+19 0.0732496 -0.00113932 
18459.7 1.08863e+19 0.073219 -0.0012001 
18467.5 1.08794e+19 0.0731887 -0.00122007 
18475.3 1.08725e+19 0.0731585 -0.00119858 
18483 1.08656e+19 0.0731281 -0.00113639 
18490.8 1.08587e+19 0.0730975 -0.00103564 
18498.6 1.08518e+19 0.0730663 -0.000899782 
18506.4 1.08449e+19 0.0730347 -0.000733469 
18514.1 1.0838e+19 0.0730025 -0.000542381 
18521.9 1.0831e+19 0.0729698 -0.000333044 
18529.7 1.0824e+19 0.0729367 -0.000112596 
18537.5 1.08171e+19 0.0729035 0.000111447 
18545.3 1.08101e+19 0.0728704 0.000331454 
18553 1.08032e+19 0.0728374 0.000539938 
18560.8 1.07962e+19 0.0728049 0.000729811 
18568.6 1.07893e+19 0.0727729 0.000894624 
18576.4 1.07825e+19 0.0727416 0.00102879 
18584.2 1.07756e+19 0.0727107 0.00112777 
18592 1.07688e+19 0.0726804 0.00118822 
18599.8 1.0762e+19 0.0726504 0.00120813 
18607.5 1.07552e+19 0.0726205 0.00118686 
18615.3 1.07484e+19 0.0725905 0.00112518 
18623.1 1.07416e+19 0.0725602 0.00102522 
18630.9 1.07348e+19 0.0725295 0.000890436 
18638.7 1.0728e+19 0.0724982 0.000725452 
18646.5 1.07212e+19 0.0724664 0.00053592 
18654.3 1.07143e+19 0.072434 0.000328324 
18662.1 1.07075e+19 0.0724012 0.000109757 
18669.9 1.07006e+19 0.0723683 -0.000112319 
18677.7 1.06937e+19 0.0723353 -0.00033033 
18685.5 1.06869e+19 0.0723026 -0.000536843 
18693.3 1.068e+19 0.0722703 -0.000724824 
18701.1 1.06732e+19 0.0722385 -0.000887876 
18708.9 1.06664e+19 0.0722073 -0.00102045 
18716.7 1.06597e+19 0.0721768 -0.00111806 
18724.5 1.06529e+19 0.0721467 -0.00117737 
18732.4 1.06462e+19 0.072117 -0.00119641 
18740.2 1.06396e+19 0.0720875 -0.00117453 
18748 1.06329e+19 0.0720578 -0.00111251 
18755.8 1.06262e+19 0.0720279 -0.00101249 
18763.6 1.06195e+19 0.0719975 -0.000877903 
18771.4 1.06128e+19 0.0719666 -0.000713372 
18779.2 1.0606e+19 0.071935 -0.000524533 
18787 1.05993e+19 0.0719029 -0.000317858 
18794.9 1.05925e+19 0.0718704 -0.000100427 
18802.7 1.05857e+19 0.0718377 0.000120311 
18810.5 1.05789e+19 0.0718049 0.000336793 
18818.3 1.05721e+19 0.0717724 0.000541598 
18826.2 1.05654e+19 0.0717403 0.000727706 
18834 1.05587e+19 0.0717088 0.000888733 
18841.8 1.0552e+19 0.0716779 0.00101916 
18849.6 1.05453e+19 0.0716476 0.0011145 
18857.5 1.05387e+19 0.0716179 0.00117148 
18865.3 1.05321e+19 0.0715885 0.00118815 
18873.1 1.05255e+19 0.0715593 0.00116394 
18880.9 1.05189e+19 0.0715301 0.00109967 
18888.8 1.05123e+19 0.0715005 0.000997565 
18896.6 1.05057e+19 0.0714704 0.000861136 
18904.5 1.04991e+19 0.0714397 0.000695087 
18912.3 1.04925e+19 0.0714084 0.000505144 
18920.1 1.04858e+19 0.0713765 0.00029786 
18928 1.04791e+19 0.0713442 8.03915e-05 
18935.8 1.04724e+19 0.0713116 -0.000139752 
18943.6 1.04657e+19 0.0712791 -0.000354963 
18951.5 1.0459e+19 0.0712468 -0.000557802 
18959.3 1.04523e+19 0.071215 -0.000741256 
18967.2 1.04457e+19 0.0711837 -0.000898979 
18975 1.04391e+19 0.0711532 -0.00102552 
18982.9 1.04326e+19 0.0711233 -0.00111649 
18990.7 1.0426e+19 0.0710939 -0.00116875 
18998.6 1.04195e+19 0.0710649 -0.00118051 
19006.4 1.0413e+19 0.0710361 -0.00115136 
19014.3 1.04066e+19 0.0710071 -0.00108232 
19022.1 1.04001e+19 0.0709778 -0.000975809 
19030 1.03935e+19 0.0709479 -0.00083553 
19037.8 1.0387e+19 0.0709174 -0.000666366 
19045.7 1.03804e+19 0.0708863 -0.000474203 
19053.5 1.03738e+19 0.0708546 -0.000265725 
19061.4 1.03672e+19 0.0708224 -4.81821e-05 
19069.3 1.03606e+19 0.0707901 0.000170863 
19077.1 1.0354e+19 0.0707578 0.000383797 
19085 1.03474e+19 0.0707258 0.000583221 
19092.8 1.03408e+19 0.0706943 0.000762209 
19100.7 1.03343e+19 0.0706634 0.000914549 
19108.6 1.03278e+19 0.0706333 0.00103496 
19116.4 1.03213e+19 0.0706038 0.00111927 
19124.3 1.03149e+19 0.0705748 0.00116458 
19132.2 1.03085e+19 0.0705462 0.00116932 
19140 1.03021e+19 0.0705176 0.00113337 
19147.9 1.02957e+19 0.0704889 0.001058 
19155.8 1.02893e+19 0.0704598 0.000945859 
19163.7 1.02829e+19 0.0704301 0.000800888 
19171.5 1.02764e+19 0.0703998 0.000628155 
19179.4 1.02699e+19 0.0703687 0.000433699 
19187.3 1.02634e+19 0.0703372 0.00022431 
19195.2 1.02569e+19 0.0703052 7.29893e-06 
19203.1 1.02504e+19 0.070273 -0.000209765 
19210.9 1.02438e+19 0.070241 -0.000419312 
19218.8 1.02373e+19 0.0702093 -0.000614039 
19226.7 1.02309e+19 0.0701782 -0.000787164 
19234.6 1.02244e+19 0.0701477 -0.000932661 
19242.5 1.0218e+19 0.070118 -0.00104547 
19250.4 1.02117e+19 0.0700889 -0.00112167 
19258.2 1.02053e+19 0.0700604 -0.00115864 
19266.1 1.0199e+19 0.0700321 -0.0011551 
19274 1.01927e+19 0.0700038 -0.00111121 
19281.9 1.01864e+19 0.0699753 -0.00102851 
19289.8 1.01801e+19 0.0699464 -0.000909942 
19297.7 1.01737e+19 0.0699168 -0.000759655 
19305.6 1.01673e+19 0.0698865 -0.000582927 
19313.5 1.01609e+19 0.0698556 -0.000385956 
19321.4 1.01545e+19 0.0698241 -0.000175644 
19329.3 1.0148e+19 0.0697923 4.06405e-05 
19337.2 1.01416e+19 0.0697604 0.000255324 
19345.1 1.01352e+19 0.0697287 0.000460889 
19353 1.01287e+19 0.0696974 0.000650142 
19360.9 1.01224e+19 0.0696667 0.00081646 
19368.8 1.0116e+19 0.0696367 0.000954025 
19376.7 1.01097e+19 0.0696075 0.00105803 
19384.6 1.01035e+19 0.0695788 0.00112484 
19392.5 1.00972e+19 0.0695506 0.00115213 
19400.4 1.0091e+19 0.0695227 0.00113896 
19408.3 1.00848e+19 0.0694946 0.00108581 
19416.3 1.00786e+19 0.0694663 0.000994568 
19424.2 1.00723e+19 0.0694374 0.000868444 
19432.1 1.0066e+19 0.0694079 0.000711889 
19440 1.00597e+19 0.0693777 0.000530416 
19447.9 1.00534e+19 0.0693468 0.000330415 
19455.8 1.0047e+19 0.0693154 0.000118928 
19463.8 1.00406e+19 0.0692838 -9.65993e-05 
19471.7 1.00343e+19 0.0692522 -0.00030858 
19479.6 1.00279e+19 0.0692209 -0.000509551 
19487.5 1.00216e+19 0.06919 -0.000692438 
19495.4 1.00154e+19 0.0691598 -0.000850802 
19503.4 1.00091e+19 0.0691303 -0.00097907 
19511.3 1.00029e+19 0.0691015 -0.00107273 
19519.2 9.99675e+18 0.0690733 -0.00112848 
19527.1 9.9906e+18 0.0690455 -0.00114438 
19535.1 9.98446e+18 0.0690178 -0.00111988 
19543 9.97832e+18 0.0689899 -0.00105584 
19550.9 9.97216e+18 0.0689616 -0.000954553 
19558.9 9.96598e+18 0.0689328 -0.000819602 
19566.8 9.95977e+18 0.0689033 -0.000655769 
19574.7 9.95353e+18 0.0688731 -0.000468856 
19582.7 9.94726e+18 0.0688423 -0.000265481 
19590.6 9.94099e+18 0.0688111 -5.28441e-05 
19598.6 9.9347e+18 0.0687797 0.000161525 
19606.5 9.92843e+18 0.0687484 0.000370036 
19614.4 9.92218e+18 0.0687175 0.000565306 
19622.4 9.91597e+18 0.0686871 0.000740422 
19630.3 9.90979e+18 0.0686575 0.000889182 
19638.3 9.90365e+18 0.0686285 0.00100632 
19646.2 9.89754e+18 0.0686002 0.0010877 
19654.2 9.89147e+18 0.0685724 0.00113043 
19662.1 9.8854e+18 0.0685448 0.00113302 
19670.1 9.87934e+18 0.0685173 0.00109539 
19678 9.87328e+18 0.0684895 0.00101888 
19686 9.86719e+18 0.0684613 0.000906224 
19693.9 9.86107e+18 0.0684324 0.000761442 
19701.9 9.85493e+18 0.0684029 0.00058969 
19709.8 9.84876e+18 0.0683727 0.000397085 
19717.8 9.84257e+18 0.068342 0.000190487 
19725.7 9.83637e+18 0.068311 -2.2746e-05 
19733.7 9.83018e+18 0.06828 -0.00023502 
19741.7 9.824e+18 0.0682491 -0.000438775 
19749.6 9.81785e+18 0.0682186 -0.000626755 
19757.6 9.81173e+18 0.0681888 -0.000792265 
19765.6 9.80565e+18 0.0681596 -0.000929415 
19773.5 9.7996e+18 0.0681312 -0.00103332 
19781.5 9.79359e+18 0.0681033 -0.0011003 
19789.5 9.78759e+18 0.0680758 -0.00112797 
19797.4 9.78161e+18 0.0680485 -0.00111536 
19805.4 9.77562e+18 0.0680211 -0.00106294 
19813.4 9.76963e+18 0.0679934 -0.000972616 
19821.3 9.7636e+18 0.0679652 -0.000847621 
19829.3 9.75756e+18 0.0679363 -0.000692447 
19837.3 9.75148e+18 0.0679068 -0.000512657 
19845.3 9.74538e+18 0.0678766 -0.000314697 
19853.2 9.73927e+18 0.0678461 -0.00010566 
19861.2 9.73316e+18 0.0678153 0.00010697 
19869.2 9.72705e+18 0.0677846 0.000315578 
19877.2 9.72097e+18 0.0677542 0.0005127 
19885.2 9.71491e+18 0.0677242 0.000691286 
19893.1 9.70889e+18 0.0676949 0.000844952 
19901.1 9.7029e+18 0.0676663 0.000968212 
19909.1 9.69694e+18 0.0676383 0.00105667 
19917.1 9.69102e+18 0.0676108 0.00110718 
19925.1 9.6851e+18 0.0675836 0.00111797 
19933.1 9.67919e+18 0.0675565 0.00108868 
19941.1 9.67328e+18 0.0675292 0.00102038 
19949.1 9.66734e+18 0.0675015 0.000915559 
19957.1 9.66139e+18 0.0674732 0.000778007 
19965 9.65541e+18 0.0674443 0.000612683 
19973 9.6494e+18 0.0674148 0.000425543 
19981 9.64338e+18 0.0673847 0.000223321 
19989 9.63735e+18 0.0673544 1.32872e-05 
19997 9.63132e+18 0.0673239 -0.00019701 
20005 9.6253e+18 0.0672936 -0.000400019 
20013 9.61931e+18 0.0672636 -0.000588454 
20021 9.61335e+18 0.0672342 -0.000755557 
20029 9.60742e+18 0.0672054 -0.000895341 
20037.1 9.60152e+18 0.0671773 -0.0010028 
20045.1 9.59565e+18 0.0671497 -0.00107411 
20053.1 9.5898e+18 0.0671226 -0.00110671 
20061.1 9.58396e+18 0.0670956 -0.00109948 
20069.1 9.57812e+18 0.0670686 -0.0010527 
20077.1 9.57227e+18 0.0670413 -0.000968076 
20085.1 9.56641e+18 0.0670136 -0.000848687 
20093.1 9.56052e+18 0.0669853 -0.000698852 
20101.1 9.5546e+18 0.0669564 -0.000523984 
20109.1 9.54867e+18 0.0669269 -0.000330396 
20117.2 9.54272e+18 0.066897 -0.000125073 
20125.2 9.53677e+18 0.0668669 8.45818e-05 
20133.2 9.53083e+18 0.0668368 0.00029101 
20141.2 9.5249e+18 0.0668069 0.000486772 
20149.2 9.519e+18 0.0667774 0.000664816 
20157.3 9.51313e+18 0.0667485 0.000818729 
20165.3 9.50729e+18 0.0667202 0.000942971 
20173.3 9.50148e+18 0.0666926 0.00103307 
20181.3 9.49569e+18 0.0666654 0.00108579 
20189.4 9.48992e+18 0.0666385 0.00109924 
20197.4 9.48415e+18 0.0666118 0.00107296 
20205.4 9.47838e+18 0.0665848 0.0010079 
20213.5 9.4726e+18 0.0665576 0.000906437 
20221.5 9.46679e+18 0.0665299 0.000772246 
20229.5 9.46097e+18 0.0665015 0.000610195 
20237.6 9.45512e+18 0.0664726 0.000426156 
20245.6 9.44926e+18 0.0664432 0.000226799 
20253.6 9.4434e+18 0.0664135 1.93482e-05 
20261.7 9.43753e+18 0.0663836 -0.000188678 
20269.7 9.43167e+18 0.0663539 -0.000389739 
20277.8 9.42583e+18 0.0663244 -0.000576545 
20285.8 9.42002e+18 0.0662954 -0.000742323 
20293.8 9.41423e+18 0.0662671 -0.000881061 
20301.9 9.40848e+18 0.0662393 -0.000987727 
20309.9 9.40275e+18 0.066212 -0.00105845 
20318 9.39704e+18 0.0661852 -0.00109068 
20326 9.39134e+18 0.0661586 -0.00108323 
20334.1 9.38564e+18 0.066132 -0.0010364 
20342.1 9.37994e+18 0.0661051 -0.000951897 
20350.2 9.37422e+18 0.0660779 -0.000832796 
20358.2 9.36848e+18 0.0660502 -0.000683444 
20366.3 9.36273e+18 0.0660218 -0.000509288 
20374.3 9.35695e+18 0.065993 -0.000316679 
20382.4 9.35117e+18 0.0659637 -0.000112642 
20390.5 9.34538e+18 0.0659341 9.53809e-05 
20398.5 9.33959e+18 0.0659046 0.0002998 
20406.6 9.33381e+18 0.0658752 0.000493157 
20414.6 9.32806e+18 0.0658462 0.000668396 
20422.7 9.32233e+18 0.0658177 0.000819123 
20430.8 9.31663e+18 0.0657898 0.000939838 
20438.8 9.31096e+18 0.0657624 0.00102614 
20446.9 9.3053e+18 0.0657356 0.00107489 
20455 9.29967e+18 0.0657091 0.00108431 
20463 9.29404e+18 0.0656827 0.00105407 
20471.1 9.28841e+18 0.0656562 0.000985297 
20479.2 9.28278e+18 0.0656295 0.000880521 
20487.2 9.27713e+18 0.0656023 0.000743593 
20495.3 9.27146e+18 0.0655745 0.000579541 
20503.4 9.26577e+18 0.0655462 0.000394388 
20511.5 9.26007e+18 0.0655173 0.000194928 
20519.6 9.25435e+18 0.0654882 -1.15198e-05 
20527.6 9.24864e+18 0.0654588 -0.000217384 
20535.7 9.24293e+18 0.0654296 -0.000415114 
20543.8 9.23723e+18 0.0654006 -0.000597462 
20551.9 9.23156e+18 0.065372 -0.000757745 
20560 9.22591e+18 0.065344 -0.000890094 
20568 9.22029e+18 0.0653166 -0.000989668 
20576.1 9.2147e+18 0.0652897 -0.00105283 
20584.2 9.20913e+18 0.0652633 -0.00107728 
20592.3 9.20357e+18 0.0652371 -0.00106215 
20600.4 9.19801e+18 0.0652109 -0.00100802 
20608.5 9.19245e+18 0.0651846 -0.000916904 
20616.6 9.18689e+18 0.0651578 -0.000792172 
20624.7 9.1813e+18 0.0651306 -0.000638433 
20632.8 9.1757e+18 0.0651028 -0.000461359 
20640.9 9.17008e+18 0.0650745 -0.000267475 
20649 9.16444e+18 0.0650457 -6.39234e-05 
20657 9.1588e+18 0.0650166 0.000141803 
20665.1 9.15315e+18 0.0649875 0.000342136 
20673.2 9.14752e+18 0.0649585 0.000529706 
20681.4 9.1419e+18 0.06493 0.00069762 
20689.5 9.13631e+18 0.0649019 0.000839709 
20697.6 9.13074e+18 0.0648744 0.000950758 
20705.7 9.1252e+18 0.0648475 0.0010267 
20713.8 9.11969e+18 0.0648211 0.00106474 
20721.9 9.11419e+18 0.064795 0.00106352 
20730 9.10871e+18 0.0647691 0.0010231 
20738.1 9.10323e+18 0.0647432 0.000944971 
20746.2 9.09774e+18 0.0647169 0.000832045 
20754.3 9.09224e+18 0.0646902 0.000688497 
20762.4 9.08672e+18 0.0646629 0.000519633 
20770.5 9.08118e+18 0.064635 0.000331691 
20778.7 9.07562e+18 0.0646066 0.000131615 
20786.8 9.07005e+18 0.0645779 -7.32055e-05 
20794.9 9.06447e+18 0.0645489 -0.000275204 
20803 9.0589e+18 0.0645201 -0.000466916 
20811.1 9.05333e+18 0.0644915 -0.000641259 
20819.3 9.04779e+18 0.0644633 -0.000791786 
20827.4 9.04228e+18 0.0644358 -0.000912933 
20835.5 9.0368e+18 0.0644088 -0.00100022 
20843.6 9.03134e+18 0.0643825 -0.00105041 
20851.8 9.02591e+18 0.0643566 -0.00106165 
20859.9 9.0205e+18 0.0643309 -0.00103353 
20868 9.01509e+18 0.0643053 -0.000967086 
20876.2 9.00968e+18 0.0642794 -0.000864784 
20884.3 9.00426e+18 0.0642532 -0.000730422 
20892.4 8.99882e+18 0.0642264 -0.000568989 
20900.6 8.99336e+18 0.064199 -0.000386482 
20908.7 8.98787e+18 0.064171 -0.000189686 
20916.8 8.98237e+18 0.0641425 1.40811e-05 
20925 8.97686e+18 0.0641138 0.000217237 
20933.1 8.97134e+18 0.064085 0.000412219 
20941.2 8.96584e+18 0.0640564 0.000591765 
20949.4 8.96035e+18 0.0640283 0.000749187 
20957.5 8.95489e+18 0.0640007 0.000878616 
20965.7 8.94947e+18 0.0639737 0.000975229 
20973.8 8.94407e+18 0.0639474 0.00103542 
20982 8.9387e+18 0.0639216 0.00105696 
20990.1 8.93335e+18 0.0638962 0.00103904 
20998.3 8.92802e+18 0.0638709 0.000982345 
21006.4 8.92268e+18 0.0638454 0.000888998 
21014.6 8.91734e+18 0.0638196 0.0007625 
21022.7 8.91198e+18 0.0637933 0.000607591 
21030.9 8.90659e+18 0.0637663 0.000430077 
21039 8.90118e+18 0.0637387 0.000236607 
21047.2 8.89575e+18 0.0637105 3.44289e-05 
21055.3 8.8903e+18 0.063682 -0.000168885 
21063.5 8.88485e+18 0.0636534 -0.00036572 
21071.7 8.8794e+18 0.0636248 -0.00054871 
21079.8 8.87397e+18 0.0635967 -0.000711007 
21088 8.86856e+18 0.063569 -0.000846544 
21096.1 8.86319e+18 0.0635421 -0.000950258 
21104.3 8.85785e+18 0.0635159 -0.00101828 
21112.5 8.85254e+18 0.0634902 -0.00104809 
21120.6 8.84726e+18 0.063465 -0.0010386 
21128.8 8.842e+18 0.06344 -0.000990188 
21137 8.83674e+18 0.0634149 -0.000904701 
21145.2 8.83147e+18 0.0633895 -0.000785373 
21153.3 8.82618e+18 0.0633636 -0.000636706 
21161.5 8.82087e+18 0.063337 -0.0004643 
21169.7 8.81553e+18 0.0633097 -0.00027464 
21177.9 8.81016e+18 0.0632819 -7.48567e-05 
21186 8.80478e+18 0.0632536 0.000127547 
21194.2 8.79938e+18 0.063225 0.000324973 
21202.4 8.79399e+18 0.0631966 0.000510015 
21210.6 8.78861e+18 0.0631684 0.000675737 
21218.7 8.78326e+18 0.0631408 0.000815931 
21226.9 8.77795e+18 0.0631139 0.000925351 
21235.1 8.77267e+18 0.0630878 0.000999909 
21243.3 8.76742e+18 0.0630623 0.00103683 
21251.5 8.76221e+18 0.0630373 0.00103474 
21259.7 8.75701e+18 0.0630125 0.000993743 
21267.9 8.75182e+18 0.0629878 0.000915407 
21276.1 8.74663e+18 0.0629628 0.000802691 
21284.3 8.74141e+18 0.0629372 0.000659851 
21292.4 8.73617e+18 0.062911 0.000492273 
21300.6 8.7309e+18 0.0628841 0.000306273 
21308.8 8.7256e+18 0.0628565 0.000108858 
21317 8.72027e+18 0.0628284 -9.25316e-05 
21325.2 8.71494e+18 0.0628 -0.000290309 
21333.4 8.7096e+18 0.0627716 -0.000477019 
21341.6 8.70428e+18 0.0627435 -0.000645625 
21349.8 8.69899e+18 0.062716 -0.000789769 
21358 8.69373e+18 0.0626891 -0.000904015 
21366.2 8.68851e+18 0.0626631 -0.000984052 
21374.4 8.68333e+18 0.0626377 -0.00102686 
21382.7 8.67818e+18 0.062613 -0.00103083 
21390.9 8.67305e+18 0.0625885 -0.000995811 
21399.1 8.66793e+18 0.0625641 -0.000923132 
21407.3 8.6628e+18 0.0625394 -0.000815548 
21415.5 8.65765e+18 0.0625142 -0.000677138 
21423.7 8.65248e+18 0.0624883 -0.000513148 
21431.9 8.64727e+18 0.0624617 -0.000329799 
21440.1 8.64204e+18 0.0624343 -0.000134046 
21448.3 8.63677e+18 0.0624064 6.66811e-05 
21456.6 8.6315e+18 0.0623781 0.000264762 
21464.8 8.62622e+18 0.0623499 0.000452676 
21473 8.62095e+18 0.0623219 0.000623285 
21481.2 8.61572e+18 0.0622944 0.000770111 
21489.5 8.61051e+18 0.0622677 0.000887579 
21497.7 8.60535e+18 0.0622418 0.000971229 
21505.9 8.60023e+18 0.0622166 0.00101789 
21514.1 8.59515e+18 0.0621921 0.00102581 
21522.4 8.59008e+18 0.0621679 0.000994695 
21530.6 8.58503e+18 0.0621438 0.00092575 
21538.8 8.57997e+18 0.0621194 0.000821622 
21547 8.57489e+18 0.0620945 0.000686296 
21555.3 8.56978e+18 0.0620689 0.000524945 
21563.5 8.56464e+18 0.0620425 0.000343736 
21571.7 8.55946e+18 0.0620154 0.000149588 
21580 8.55426e+18 0.0619876 -5.00892e-05 
21588.2 8.54904e+18 0.0619595 -0.000247677 
21596.5 8.54382e+18 0.0619314 -0.000435641 
21604.7 8.53861e+18 0.0619035 -0.000606819 
21612.9 8.53343e+18 0.0618761 -0.000754693 
21621.2 8.52829e+18 0.0618495 -0.000873638 
21629.4 8.52319e+18 0.0618238 -0.000959136 
21637.7 8.51813e+18 0.0617988 -0.00100795 
21645.9 8.51311e+18 0.0617745 -0.00101824 
21654.2 8.50811e+18 0.0617506 -0.000989649 
21662.4 8.50312e+18 0.0617268 -0.000923293 
21670.7 8.49812e+18 0.0617027 -0.000821734 
21678.9 8.49311e+18 0.0616781 -0.000688878 
21687.2 8.48806e+18 0.0616528 -0.000529822 
21695.4 8.48298e+18 0.0616266 -0.000350662 
21703.7 8.47786e+18 0.0615996 -0.000158259 
21711.9 8.47272e+18 0.061572 4.00226e-05 
21720.2 8.46756e+18 0.0615441 0.000236599 
21728.4 8.46239e+18 0.061516 0.000423953 
21736.7 8.45724e+18 0.0614883 0.000594923 
21745 8.45212e+18 0.0614611 0.000742978 
21753.2 8.44704e+18 0.0614347 0.000862462 
21761.5 8.442e+18 0.0614091 0.000948818 
21769.8 8.437e+18 0.0613844 0.000998755 
21778 8.43204e+18 0.0613603 0.00101038 
21786.3 8.42711e+18 0.0613367 0.000983259 
21794.6 8.42218e+18 0.0613131 0.000918457 
21802.8 8.41725e+18 0.0612893 0.00081847 
21811.1 8.41229e+18 0.0612649 0.00068715 
21819.4 8.4073e+18 0.0612398 0.000529548 
21827.6 8.40228e+18 0.0612138 0.000351723 
21835.9 8.39722e+18 0.061187 0.00016051 
21844.2 8.39213e+18 0.0611596 -3.67392e-05 
21852.5 8.38703e+18 0.0611317 -0.000232443 
21860.8 8.38192e+18 0.0611038 -0.000419078 
21869 8.37683e+18 0.0610762 -0.000589468 
21877.3 8.37176e+18 0.0610492 -0.000737062 
21885.6 8.36674e+18 0.061023 -0.000856187 
21893.9 8.36176e+18 0.0609977 -0.000942262 
21902.2 8.35683e+18 0.0609732 -0.000991982 
21910.5 8.35193e+18 0.0609494 -0.00100344 
21918.7 8.34706e+18 0.060926 -0.00097621 
21927 8.34219e+18 0.0609027 -0.000911349 
21935.3 8.33732e+18 0.0608791 -0.000811373 
21943.6 8.33242e+18 0.0608549 -0.000680154 
21951.9 8.32749e+18 0.06083 -0.000522767 
21960.2 8.32253e+18 0.0608042 -0.000345302 
21968.5 8.31752e+18 0.0607775 -0.000154624 
21976.8 8.31249e+18 0.0607502 4.18911e-05 
21985.1 8.30744e+18 0.0607225 0.000236642 
21993.4 8.30239e+18 0.0606948 0.000422095 
22001.7 8.29735e+18 0.0606673 0.000591079 
22010 8.29235e+18 0.0606405 0.00073706 
22018.3 8.28739e+18 0.0606145 0.000854397 
22026.6 8.28247e+18 0.0605894 0.000938562 
22034.9 8.2776e+18 0.0605652 0.00098631 
22043.2 8.27276e+18 0.0605417 0.000995813 
22051.5 8.26795e+18 0.0605186 0.000966725 
22059.8 8.26314e+18 0.0604955 0.000900198 
22068.1 8.25833e+18 0.0604721 0.000798834 
22076.4 8.25349e+18 0.0604482 0.00066659 
22084.7 8.24862e+18 0.0604234 0.000508615 
22093.1 8.24371e+18 0.0603977 0.000331059 
22101.4 8.23876e+18 0.0603711 0.000140825 
22109.7 8.23378e+18 0.0603439 -5.46924e-05 
22118 8.22878e+18 0.0603163 -0.0002479 
22126.3 8.22379e+18 0.0602887 -0.000431296 
22134.6 8.21881e+18 0.0602614 -0.000597769 
22143 8.21386e+18 0.0602348 -0.000740864 
22151.3 8.20896e+18 0.0602091 -0.000855042 
22159.6 8.2041e+18 0.0601843 -0.000935889 
22167.9 8.19929e+18 0.0601604 -0.000980291 
22176.3 8.19452e+18 0.0601372 -0.000986549 
22184.6 8.18977e+18 0.0601144 -0.000954451 
22192.9 8.18502e+18 0.0600915 -0.000885271 
22201.2 8.18026e+18 0.0600684 -0.000781728 
22209.6 8.17548e+18 0.0600446 -0.000647873 
22217.9 8.17066e+18 0.0600199 -0.000488932 
22226.2 8.1658e+18 0.0599943 -0.000311106 
22234.6 8.1609e+18 0.0599678 -0.000121326 
22242.9 8.15598e+18 0.0599406 7.30161e-05 
22251.2 8.15103e+18 0.0599131 0.000264353 
22259.6 8.14609e+18 0.0598857 0.000445236 
22267.9 8.14117e+18 0.0598586 0.000608629 
22276.3 8.13628e+18 0.0598323 0.000748175 
22284.6 8.13144e+18 0.0598068 0.00085845 
22293 8.12665e+18 0.0597824 0.000935168 
22301.3 8.1219e+18 0.0597588 0.000975354 
22309.6 8.11719e+18 0.0597359 0.000977454 
22318 8.1125e+18 0.0597134 0.0009414 
22326.3 8.10781e+18 0.0596908 0.000868611 
22334.7 8.10311e+18 0.0596678 0.00076194 
22343 8.09838e+18 0.0596441 0.00062556 
22351.4 8.09361e+18 0.0596195 0.000464807 
22359.7 8.0888e+18 0.0595939 0.000285968 
22368.1 8.08395e+18 0.0595674 9.60371e-05 
22376.5 8.07907e+18 0.0595403 -9.75551e-05 
22384.8 8.07418e+18 0.0595129 -0.000287233 
22393.2 8.06929e+18 0.0594856 -0.000465574 
22401.5 8.06443e+18 0.0594588 -0.000625594 
22409.9 8.0596e+18 0.0594327 -0.000761025 
22418.2 8.05482e+18 0.0594076 -0.000866561 
22426.6 8.05009e+18 0.0593836 -0.000938066 
22435 8.04541e+18 0.0593604 -0.000972734 
22443.3 8.04076e+18 0.0593378 -0.000969206 
22451.7 8.03613e+18 0.0593156 -0.000927621 
22460.1 8.0315e+18 0.0592932 -0.000849613 
22468.4 8.02685e+18 0.0592703 -0.000738247 
22476.8 8.02218e+18 0.0592467 -0.000597902 
22485.2 8.01745e+18 0.0592221 -0.000434096 
22493.6 8.01269e+18 0.0591965 -0.000253277 
22501.9 8.00788e+18 0.05917 -6.25623e-05 
22510.3 8.00305e+18 0.0591429 0.000130538 
22518.7 7.99821e+18 0.0591156 0.000318415 
22527.1 7.99337e+18 0.0590885 0.000493665 
22535.5 7.98857e+18 0.0590619 0.000649379 
22543.8 7.9838e+18 0.0590362 0.000779414 
22552.2 7.97908e+18 0.0590115 0.000878643 
22560.6 7.97442e+18 0.0589879 0.000943151 
22569 7.9698e+18 0.0589651 0.000970395 
22577.4 7.96522e+18 0.0589429 0.000959304 
22585.8 7.96065e+18 0.0589209 0.000910324 
22594.1 7.95608e+18 0.0588987 0.000825396 
22602.5 7.95148e+18 0.0588759 0.000707887 
22610.9 7.94685e+18 0.0588523 0.000562452 
22619.3 7.94217e+18 0.0588276 0.000394854 
22627.7 7.93745e+18 0.058802 0.000211731 
22636.1 7.93269e+18 0.0587754 2.03388e-05 
22644.5 7.9279e+18 0.0587484 -0.000171741 
22652.9 7.92311e+18 0.0587212 -0.000356901 
22661.3 7.91832e+18 0.0586943 -0.000527806 
22669.7 7.91358e+18 0.058668 -0.000677689 
22678.1 7.90887e+18 0.0586427 -0.000800618 
22686.5 7.90422e+18 0.0586185 -0.00089173 
22694.9 7.89963e+18 0.0585953 -0.000947426 
22703.3 7.89508e+18 0.058573 -0.000965512 
22711.7 7.89055e+18 0.0585511 -0.000945288 
22720.1 7.88604e+18 0.0585294 -0.000887575 
22728.5 7.88152e+18 0.0585074 -0.000794679 
22736.9 7.87698e+18 0.0584846 -0.000670305 
22745.4 7.87239e+18 0.0584609 -0.000519406 
22753.8 7.86775e+18 0.0584361 -0.000347985 
22762.2 7.86307e+18 0.0584103 -0.00016286 
22770.6 7.85834e+18 0.0583837 2.86089e-05 
22779 7.8536e+18 0.0583566 0.000218812 
22787.4 7.84885e+18 0.0583296 0.000400191 
22795.8 7.84413e+18 0.0583029 0.000565541 
22804.3 7.83944e+18 0.0582771 0.000708294 
22812.7 7.8348e+18 0.0582522 0.000822782 
22821.1 7.83022e+18 0.0582285 0.000904461 
22829.5 7.8257e+18 0.0582059 0.000950093 
22838 7.82121e+18 0.058184 0.000957872 
22846.4 7.81675e+18 0.0581625 0.000927498 
22854.8 7.8123e+18 0.058141 0.000860192 
22863.2 7.80783e+18 0.058119 0.00075864 
22871.7 7.80333e+18 0.0580962 0.000626896 
22880.1 7.79878e+18 0.0580724 0.000470216 
22888.5 7.79417e+18 0.0580474 0.00029485 
22897 7.78952e+18 0.0580214 0.000107793 
22905.4 7.78484e+18 0.0579947 -8.3488e-05 
22913.8 7.78014e+18 0.0579677 -0.000271359 
22922.3 7.77544e+18 0.0579408 -0.000448316 
22930.7 7.77078e+18 0.0579145 -0.000607289 
22939.2 7.76615e+18 0.0578891 -0.000741924 
22947.6 7.76158e+18 0.0578648 -0.000846835 
22956 7.75708e+18 0.0578417 -0.000917822 
22964.5 7.75262e+18 0.0578196 -0.000952041 
22972.9 7.7482e+18 0.0577982 -0.000948116 
22981.4 7.74381e+18 0.057777 -0.000906201 
22989.8 7.73941e+18 0.0577557 -0.00082797 
22998.3 7.73498e+18 0.0577337 -0.000716556 
23006.7 7.73052e+18 0.0577107 -0.000576426 
23015.2 7.726e+18 0.0576866 -0.000413201 
23023.6 7.72143e+18 0.0576614 -0.000233434 
23032.1 7.71681e+18 0.0576352 -4.43497e-05 
23040.5 7.71216e+18 0.0576084 0.000146452 
23049 7.7075e+18 0.0575814 0.000331294 
23057.5 7.70286e+18 0.0575548 0.000502738 
23065.9 7.69825e+18 0.0575289 0.000653878 
23074.4 7.6937e+18 0.0575041 0.000778626 
23082.8 7.6892e+18 0.0574805 0.000871955 
23091.3 7.68477e+18 0.057458 0.000930104 
23099.8 7.68039e+18 0.0574365 0.000950729 
23108.2 7.67604e+18 0.0574155 0.000933005 
23116.7 7.6717e+18 0.0573946 0.000877653 
23125.2 7.66735e+18 0.0573733 0.000786919 
23133.6 7.66296e+18 0.0573512 0.000664479 
23142.1 7.65853e+18 0.057328 0.00051529 
23150.6 7.65404e+18 0.0573035 0.000345396 
23159 7.64949e+18 0.057278 0.000161674 
23167.5 7.6449e+18 0.0572516 -2.84352e-05 
23176 7.64029e+18 0.0572247 -0.000217238 
23184.5 7.63568e+18 0.0571979 -0.000397094 
23193 7.63109e+18 0.0571716 -0.000560729 
23201.4 7.62655e+18 0.0571463 -0.000701529 
23209.9 7.62207e+18 0.0571222 -0.00081381 
23218.4 7.61766e+18 0.0570993 -0.000893046 
23226.9 7.6133e+18 0.0570775 -0.000936057 
23235.4 7.60899e+18 0.0570566 -0.00094113 
23243.8 7.60471e+18 0.057036 -0.000908094 
23252.3 7.60042e+18 0.0570152 -0.000838324 
23260.8 7.59611e+18 0.0569939 -0.000734681 
23269.3 7.59176e+18 0.0569715 -0.0006014 
23277.8 7.58735e+18 0.0569479 -0.00044391 
23286.3 7.58287e+18 0.056923 -0.00026862 
23294.8 7.57835e+18 0.0568971 -8.26524e-05 
23303.3 7.57379e+18 0.0568705 0.000106443 
23311.8 7.56921e+18 0.0568436 0.000291 
23320.3 7.56465e+18 0.0568171 0.000463539 
23328.8 7.56013e+18 0.0567914 0.00061708 
23337.3 7.55567e+18 0.0567667 0.000745417 
23345.8 7.55127e+18 0.0567434 0.000843372 
23354.3 7.54694e+18 0.0567213 0.000907005 
23362.8 7.54266e+18 0.0567003 0.000933769 
23371.3 7.53843e+18 0.0566799 0.000922615 
23379.8 7.5342e+18 0.0566595 0.000874033 
23388.3 7.52996e+18 0.0566388 0.000790029 
23396.8 7.52568e+18 0.0566172 0.000674045 
23405.3 7.52134e+18 0.0565944 0.000530816 
23413.8 7.51695e+18 0.0565702 0.000366181 
23422.3 7.51249e+18 0.0565449 0.000186843 
23430.9 7.50798e+18 0.0565186 9.62159e-08 
23439.4 7.50345e+18 0.0564919 -0.000186466 
23447.9 7.49893e+18 0.0564652 -0.000365262 
23456.4 7.49443e+18 0.0564392 -0.000529031 
23464.9 7.48998e+18 0.0564141 -0.000671123 
23473.4 7.4856e+18 0.0563903 -0.000785774 
23482 7.48129e+18 0.0563679 -0.000868336 
23490.5 7.47704e+18 0.0563467 -0.000915469 
23499 7.47285e+18 0.0563263 -0.000925273 
23507.5 7.46867e+18 0.0563062 -0.000897371 
23516.1 7.46449e+18 0.056286 -0.000832919 
23524.6 7.46028e+18 0.0562651 -0.000734562 
23533.1 7.45602e+18 0.056243 -0.000606329 
23541.7 7.4517e+18 0.0562196 -0.000453464 
23550.2 7.44731e+18 0.0561949 -0.000282217 
23558.7 7.44286e+18 0.0561691 -9.95842e-05 
23567.3 7.43838e+18 0.0561426 8.69698e-05 
23575.8 7.43389e+18 0.0561159 0.000269824 
23584.3 7.42942e+18 0.0560896 0.000441507 
23592.9 7.42499e+18 0.0560642 0.000595007 
23601.4 7.42063e+18 0.05604 0.000724054 
23609.9 7.41634e+18 0.0560172 0.000823382 
23618.5 7.41212e+18 0.0559957 0.000888939 
23627 7.40796e+18 0.0559753 0.000918058 
23635.6 7.40383e+18 0.0559554 0.000909563 
23644.1 7.39971e+18 0.0559356 0.00086382 
23652.7 7.39557e+18 0.0559152 0.000782722 
23661.2 7.39138e+18 0.0558938 0.00066961 
23669.8 7.38713e+18 0.0558712 0.000529138 
23678.3 7.3828e+18 0.0558471 0.00036708 
23686.9 7.37842e+18 0.0558218 0.000190095 
23695.4 7.37399e+18 0.0557956 5.45314e-06 
23704 7.36954e+18 0.055769 -0.000179262 
23712.5 7.3651e+18 0.0557426 -0.000356467 
23721.1 7.3607e+18 0.0557169 -0.000518889 
23729.7 7.35636e+18 0.0556924 -0.000659863 
23738.2 7.35209e+18 0.0556692 -0.000773608 
23746.8 7.34789e+18 0.0556475 -0.000855466 
23755.3 7.34376e+18 0.0556269 -0.000902087 
23763.9 7.33968e+18 0.0556071 -0.000911574 
23772.5 7.33561e+18 0.0555876 -0.000883558 
23781 7.33152e+18 0.0555677 -0.00081921 
23789.6 7.3274e+18 0.0555469 -0.000721201 
23798.2 7.32321e+18 0.0555249 -0.000593581 
23806.7 7.31896e+18 0.0555015 -0.000441622 
23815.3 7.31464e+18 0.0554767 -0.000271595 
23823.9 7.31026e+18 0.0554509 -9.05148e-05 
23832.5 7.30586e+18 0.0554244 9.41507e-05 
23841 7.30146e+18 0.055398 0.000274788 
23849.6 7.29708e+18 0.0553721 0.000443951 
23858.2 7.29277e+18 0.0553473 0.000594669 
23866.8 7.28852e+18 0.0553239 0.000720733 
23875.4 7.28435e+18 0.0553018 0.000816953 
23883.9 7.28025e+18 0.0552811 0.000879373 
23892.5 7.2762e+18 0.0552614 0.000905431 
23901.1 7.27217e+18 0.055242 0.00089407 
23909.7 7.26814e+18 0.0552225 0.000845775 
23918.3 7.26408e+18 0.0552022 0.000762562 
23926.9 7.25996e+18 0.0551808 0.000647887 
23935.5 7.25577e+18 0.055158 0.000506506 
23944 7.25151e+18 0.0551338 0.00034428 
23952.6 7.24719e+18 0.0551083 0.000167931 
23961.2 7.24284e+18 0.0550822 -1.52372e-05 
23969.8 7.23848e+18 0.0550558 -0.000197638 
23978.4 7.23413e+18 0.0550298 -0.000371718 
23987 7.22984e+18 0.0550048 -0.000530273 
23995.6 7.22562e+18 0.0549811 -0.000666739 
24004.2 7.22147e+18 0.0549588 -0.000775472 
24012.8 7.2174e+18 0.0549379 -0.000851978 
24021.4 7.21339e+18 0.0549181 -0.000893098 
24030 7.2094e+18 0.0548989 -0.000897143 
24038.6 7.20542e+18 0.0548797 -0.000863962 
24047.2 7.20142e+18 0.0548599 -0.00079495 
24055.8 7.19736e+18 0.054839 -0.000692984 
24064.5 7.19323e+18 0.0548167 -0.000562314 
24073.1 7.18903e+18 0.054793 -0.000408378 
24081.7 7.18477e+18 0.054768 -0.000237579 
24090.3 7.18047e+18 0.0547421 -5.70206e-05 
24098.9 7.17614e+18 0.0547159 0.00012579 
24107.5 7.17184e+18 0.0546899 0.000303253 
24116.1 7.16758e+18 0.0546648 0.000467992 
24124.7 7.16338e+18 0.0546408 0.000613159 
24133.4 7.15926e+18 0.0546183 0.000732722 
24142 7.15522e+18 0.0545973 0.000821716 
24150.6 7.15123e+18 0.0545774 0.000876444 
24159.2 7.14729e+18 0.0545583 0.000894637 
24167.9 7.14336e+18 0.0545393 0.000875549 
24176.5 7.1394e+18 0.0545198 0.000819981 
24185.1 7.1354e+18 0.0544994 0.000730259 
24193.7 7.13133e+18 0.0544776 0.000610127 
24202.4 7.12719e+18 0.0544544 0.0004646 
24211 7.12299e+18 0.0544299 0.00029975 
24219.6 7.11873e+18 0.0544043 0.000122457 
24228.3 7.11446e+18 0.0543783 -5.9879e-05 
24236.9 7.11019e+18 0.0543524 -0.000239644 
24245.5 7.10596e+18 0.0543271 -0.000409332 
24254.2 7.10179e+18 0.054303 -0.000561853 
24262.8 7.0977e+18 0.0542803 -0.000690831 
24271.5 7.09368e+18 0.0542591 -0.000790871 
24280.1 7.08973e+18 0.0542392 -0.000857787 
24288.7 7.08582e+18 0.0542201 -0.000888774 
24297.4 7.08193e+18 0.0542012 -0.00088253 
24306 7.07803e+18 0.0541821 -0.00083931 
24314.7 7.07408e+18 0.0541621 -0.000760919 
24323.3 7.07007e+18 0.0541408 -0.000650635 
24332 7.06598e+18 0.054118 -0.000513076 
24340.6 7.06183e+18 0.0540939 -0.000354009 
24349.3 7.05763e+18 0.0540687 -0.000180105 
24357.9 7.0534e+18 0.0540429 1.33477e-06 
24366.6 7.04917e+18 0.0540171 0.000182689 
24375.2 7.04498e+18 0.0539918 0.000356331 
24383.9 7.04084e+18 0.0539676 0.000514957 
24392.6 7.03678e+18 0.0539448 0.000651887 
24401.2 7.03279e+18 0.0539235 0.000761349 
24409.9 7.02887e+18 0.0539034 0.000838726 
24418.5 7.025e+18 0.0538843 0.00088075 
24427.2 7.02114e+18 0.0538656 0.000885639 
24435.9 7.01728e+18 0.0538467 0.000853182 
24444.5 7.01338e+18 0.053827 0.00078474 
24453.2 7.00943e+18 0.0538062 0.000683198 
24461.9 7.0054e+18 0.0537838 0.000552841 
24470.5 7.0013e+18 0.0537601 0.000399175 
24479.2 6.99715e+18 0.0537353 0.000228693 
24487.9 6.99297e+18 0.0537097 4.86054e-05 
24496.6 6.98878e+18 0.053684 -0.00013347 
24505.2 6.98462e+18 0.0536588 -0.00030983 
24513.9 6.98052e+18 0.0536345 -0.000473007 
24522.6 6.97649e+18 0.0536116 -0.000616094 
24531.3 6.97253e+18 0.0535902 -0.000733034 
24539.9 6.96864e+18 0.0535701 -0.000818877 
24548.6 6.9648e+18 0.053551 -0.000869991 
24557.3 6.96098e+18 0.0535324 -0.00088422 
24566 6.95717e+18 0.0535137 -0.000860971 
24574.7 6.95331e+18 0.0534943 -0.000801242 
24583.4 6.94941e+18 0.0534738 -0.000707578 
24592 6.94543e+18 0.0534518 -0.000583968 
24600.7 6.94139e+18 0.0534285 -0.000435668 
24609.4 6.93729e+18 0.053404 -0.000268982 
24618.1 6.93315e+18 0.0533786 -9.09928e-05 
24626.8 6.92901e+18 0.0533531 9.0737e-05 
24635.5 6.92489e+18 0.053328 0.00026849 
24644.2 6.92082e+18 0.0533037 0.000434718 
24652.9 6.91681e+18 0.0532808 0.000582368 
24661.6 6.91289e+18 0.0532593 0.000705177 
24670.3 6.90903e+18 0.0532391 0.000797937 
24679 6.90522e+18 0.05322 0.000856724 
24687.7 6.90144e+18 0.0532015 0.000879053 
24696.4 6.89767e+18 0.053183 0.000863994 
24705.1 6.89386e+18 0.0531639 0.000812203 
24713.8 6.89e+18 0.0531436 0.0007259 
24722.5 6.88607e+18 0.0531221 0.000608771 
24731.2 6.88208e+18 0.0530991 0.000465811 
24739.9 6.87803e+18 0.0530748 0.000303115 
24748.7 6.87394e+18 0.0530498 0.000127614 
24757.4 6.86984e+18 0.0530244 -5.32147e-05 
24766.1 6.86576e+18 0.0529994 -0.000231669 
24774.8 6.86172e+18 0.0529752 -0.000400146 
24783.5 6.85775e+18 0.0529522 -0.000551472 
24792.2 6.85386e+18 0.0529307 -0.000679201 
24801 6.85003e+18 0.0529105 -0.000777891 
24809.7 6.84626e+18 0.0528915 -0.000843339 
24818.4 6.84252e+18 0.052873 -0.000872759 
24827.1 6.83878e+18 0.0528546 -0.000864902 
24835.8 6.83501e+18 0.0528357 -0.000820106 
24844.6 6.8312e+18 0.0528158 -0.00074029 
24853.3 6.82732e+18 0.0527945 -0.000628867 
24862 6.82338e+18 0.0527718 -0.000490602 
24870.8 6.81937e+18 0.0527478 -0.00033141 
24879.5 6.81533e+18 0.052723 -0.000158101 
24888.2 6.81127e+18 0.0526978 2.19053e-05 
24897 6.80723e+18 0.0526729 0.000200903 
24905.7 6.80323e+18 0.0526488 0.000371223 
24914.4 6.79929e+18 0.0526259 0.000525567 
24923.2 6.79543e+18 0.0526043 0.000657318 
24931.9 6.79164e+18 0.0525842 0.000760824 
24940.6 6.7879e+18 0.0525652 0.000831644 
24949.4 6.78419e+18 0.0525468 0.000866736 
24958.1 6.78049e+18 0.0525286 0.000864594 
24966.9 6.77677e+18 0.0525098 0.00082531 
24975.6 6.773e+18 0.0524901 0.000750574 
24984.4 6.76917e+18 0.0524691 0.000643601 
24993.1 6.76527e+18 0.0524467 0.000508995 
25001.9 6.76131e+18 0.052423 0.000352551 
25010.6 6.75731e+18 0.0523984 0.000181007 
25019.4 6.75329e+18 0.0523734 1.7541e-06 
25028.1 6.74929e+18 0.0523486 -0.000177483 
25036.9 6.74533e+18 0.0523246 -0.000348978 
25045.6 6.74143e+18 0.0523017 -0.000505337 
25054.4 6.7376e+18 0.0522803 -0.00063982 
25063.1 6.73384e+18 0.0522602 -0.000746628 
25071.9 6.73013e+18 0.0522412 -0.000821159 
25080.7 6.72646e+18 0.052223 -0.000860206 
25089.4 6.7228e+18 0.0522049 -0.000862092 
25098.2 6.71912e+18 0.0521863 -0.000826752 
25107 6.71539e+18 0.0521667 -0.000755728 
25115.7 6.7116e+18 0.0521459 -0.000652105 
25124.5 6.70774e+18 0.0521237 -0.000520378 
25133.3 6.70383e+18 0.0521002 -0.00036626 
25142 6.69987e+18 0.0520758 -0.000196428 
25150.8 6.6959e+18 0.052051 -1.82406e-05 
25159.6 6.69193e+18 0.0520264 0.000160587 
25168.4 6.68801e+18 0.0520025 0.000332313 
25177.1 6.68414e+18 0.0519797 0.000489508 
25185.9 6.68035e+18 0.0519584 0.000625374 
25194.7 6.67663e+18 0.0519384 0.000734041 
25203.5 6.67296e+18 0.0519196 0.00081082 
25212.2 6.66933e+18 0.0519014 0.000852408 
25221 6.6657e+18 0.0518834 0.000857029 
25229.8 6.66206e+18 0.051865 0.000824509 
25238.6 6.65837e+18 0.0518456 0.000756286 
25247.4 6.65462e+18 0.0518249 0.000655344 
25256.2 6.6508e+18 0.0518029 0.000526087 
25265 6.64693e+18 0.0517796 0.000374141 
25273.8 6.64301e+18 0.0517554 0.000206115 
25282.5 6.63907e+18 0.0517307 2.93102e-05 
25291.3 6.63515e+18 0.0517062 -0.000148595 
25300.1 6.63126e+18 0.0516825 -0.00031988 
25308.9 6.62744e+18 0.0516599 -0.000477114 
25317.7 6.62368e+18 0.0516387 -0.000613482 
25326.5 6.61999e+18 0.0516189 -0.000723079 
25335.3 6.61636e+18 0.0516002 -0.000801164 
25344.1 6.61277e+18 0.0515822 -0.000844367 
25352.9 6.60918e+18 0.0515643 -0.000850835 
25361.7 6.60558e+18 0.051546 -0.000820311 
25370.5 6.60192e+18 0.0515267 -0.000754146 
25379.3 6.59821e+18 0.0515061 -0.000655239 
25388.1 6.59443e+18 0.0514842 -0.000527911 
25397 6.59059e+18 0.051461 -0.000377716 
25405.8 6.58671e+18 0.0514369 -0.000211203 
25414.6 6.58281e+18 0.0514124 -3.56275e-05 
25423.4 6.57893e+18 0.0513881 0.000141362 
25432.2 6.57508e+18 0.0513646 0.000312055 
25441 6.5713e+18 0.0513422 0.000469019 
25449.8 6.56758e+18 0.0513212 0.000605419 
25458.7 6.56393e+18 0.0513015 0.000715316 
25467.5 6.56034e+18 0.051283 0.000793928 
25476.3 6.55679e+18 0.0512652 0.000837836 
25485.1 6.55324e+18 0.0512474 0.000845136 
25493.9 6.54967e+18 0.0512292 0.000815522 
25502.8 6.54605e+18 0.05121 0.000750298 
25511.6 6.54237e+18 0.0511895 0.000652326 
25520.4 6.53862e+18 0.0511676 0.000525899 
25529.2 6.53482e+18 0.0511445 0.000376555 
25538.1 6.53097e+18 0.0511205 0.000210835 
25546.9 6.52711e+18 0.0510962 3.59971e-05 
25555.7 6.52327e+18 0.0510721 -0.0001403 
25564.6 6.51946e+18 0.0510487 -0.000310332 
25573.4 6.51572e+18 0.0510266 -0.000466652 
25582.2 6.51204e+18 0.0510058 -0.000602408 
25591.1 6.50844e+18 0.0509864 -0.000711655 
25599.9 6.50489e+18 0.0509681 -0.000789609 
25608.8 6.50137e+18 0.0509504 -0.000832859 
25617.6 6.49786e+18 0.0509328 -0.000839522 
25626.5 6.49432e+18 0.0509146 -0.00080932 
25635.3 6.49074e+18 0.0508954 -0.000743596 
25644.1 6.48709e+18 0.0508749 -0.000645255 
25653 6.48337e+18 0.0508531 -0.000518637 
25661.8 6.4796e+18 0.05083 -0.000369326 
25670.7 6.47579e+18 0.0508061 -0.000203901 
25679.5 6.47196e+18 0.0507819 -2.96509e-05 
25688.4 6.46816e+18 0.050758 0.00014575 
25697.2 6.46439e+18 0.0507349 0.00031458 
25706.1 6.46069e+18 0.0507131 0.000469409 
25715 6.45707e+18 0.0506927 0.000603428 
25723.8 6.45351e+18 0.0506735 0.000710748 
25732.7 6.45e+18 0.0506555 0.000786659 
25741.5 6.44652e+18 0.0506379 0.000827842 
25750.4 6.44304e+18 0.0506204 0.000832506 
25759.3 6.43954e+18 0.0506022 0.000800474 
25768.1 6.43598e+18 0.050583 0.000733188 
25777 6.43236e+18 0.0505624 0.000633643 
25785.9 6.42867e+18 0.0505405 0.000506254 
25794.7 6.42492e+18 0.0505175 0.000356665 
25803.6 6.42114e+18 0.0504936 0.000191491 
25812.5 6.41735e+18 0.0504696 1.80341e-05 
25821.3 6.41359e+18 0.050446 -0.000156045 
25830.2 6.40987e+18 0.0504232 -0.000323063 
25839.1 6.40622e+18 0.0504017 -0.000475651 
25848 6.40264e+18 0.0503817 -0.000607085 
25856.8 6.39913e+18 0.0503629 -0.000711576 
25865.7 6.39566e+18 0.050345 -0.000784528 
25874.6 6.39222e+18 0.0503276 -0.000822743 
25883.5 6.38878e+18 0.0503101 -0.000824555 
25892.4 6.3853e+18 0.0502919 -0.00078991 
25901.3 6.38177e+18 0.0502726 -0.000720363 
25910.1 6.37817e+18 0.050252 -0.000619011 
25919 6.3745e+18 0.05023 -0.000490356 
25927.9 6.37078e+18 0.0502069 -0.000340106 
25936.8 6.36703e+18 0.0501831 -0.000174922 
25945.7 6.36328e+18 0.0501593 -2.12417e-06 
25954.6 6.35956e+18 0.0501359 0.000170633 
25963.5 6.35589e+18 0.0501136 0.000335696 
25972.4 6.35229e+18 0.0500925 0.000485756 
25981.3 6.34876e+18 0.0500728 0.000614167 
25990.2 6.3453e+18 0.0500544 0.000715245 
25999.1 6.34188e+18 0.0500368 0.000784515 
26008 6.33847e+18 0.0500196 0.000818917 
26016.9 6.33506e+18 0.0500021 0.000816934 
26025.8 6.3316e+18 0.0499838 0.000778667 
26034.7 6.32809e+18 0.0499643 0.000705827 
26043.6 6.32451e+18 0.0499435 0.000601661 
26052.5 6.32086e+18 0.0499213 0.000470809 
26061.4 6.31717e+18 0.0498982 0.000319099 
26070.3 6.31345e+18 0.0498746 0.000153285 
26079.2 6.30974e+18 0.049851 -1.92474e-05 
26088.1 6.30607e+18 0.049828 -0.000190816 
26097 6.30245e+18 0.049806 -0.000353778 
26106 6.2989e+18 0.0497855 -0.000500875 
26114.9 6.29543e+18 0.0497662 -0.000625555 
26123.8 6.29201e+18 0.0497481 -0.000722265 
26132.7 6.28863e+18 0.0497308 -0.0007867 
26141.6 6.28526e+18 0.0497136 -0.000815995 
26150.6 6.28187e+18 0.0496961 -0.000808853 
26159.5 6.27843e+18 0.0496776 -0.000765606 
26168.4 6.27493e+18 0.0496579 -0.000688196 
26177.3 6.27137e+18 0.0496369 -0.000580094 
26186.3 6.26774e+18 0.0496146 -0.000446142 
26195.2 6.26408e+18 0.0495915 -0.000292338 
26204.1 6.2604e+18 0.0495679 -0.000125567 
26213 6.25673e+18 0.0495446 4.67082e-05 
26222 6.25311e+18 0.0495221 0.000216777 
26230.9 6.24954e+18 0.0495007 0.00037703 
26239.9 6.24605e+18 0.0494806 0.000520297 
26248.8 6.24263e+18 0.0494618 0.000640171 
26257.7 6.23926e+18 0.0494441 0.000731293 
26266.7 6.23592e+18 0.0494269 0.000789591 
26275.6 6.23258e+18 0.0494098 0.000812468 
26284.5 6.22921e+18 0.0493921 0.000798912 
26293.5 6.22578e+18 0.0493734 0.000749546 
26302.4 6.2223e+18 0.0493534 0.000666597 
26311.4 6.21874e+18 0.0493321 0.000553799 
26320.3 6.21514e+18 0.0493097 0.000416226 
26329.3 6.2115e+18 0.0492866 0.00026006 
26338.2 6.20786e+18 0.0492633 9.23191e-05 
26347.2 6.20424e+18 0.0492404 -7.94595e-05 
26356.1 6.20067e+18 0.0492183 -0.000247558 
26365.1 6.19717e+18 0.0491974 -0.000404426 
26374 6.19373e+18 0.0491779 -0.000543015 
26383 6.19036e+18 0.0491596 -0.000657101 
26392 6.18704e+18 0.0491422 -0.00074156 
26400.9 6.18373e+18 0.0491251 -0.000792601 
26409.9 6.18041e+18 0.0491079 -0.000807937 
26418.8 6.17705e+18 0.04909 -0.000786888 
26427.8 6.17364e+18 0.049071 -0.000730412 
26436.8 6.17016e+18 0.0490507 -0.000641062 
26445.7 6.16663e+18 0.0490292 -0.000522873 
26454.7 6.16304e+18 0.0490067 -0.000381181 
26463.7 6.15944e+18 0.0489837 -0.000222381 
26472.6 6.15584e+18 0.0489606 -5.36396e-05 
26481.6 6.15227e+18 0.0489382 0.000117425 
26490.6 6.14876e+18 0.0489167 0.000283091 
26499.6 6.14532e+18 0.0488964 0.000435878 
26508.5 6.14194e+18 0.0488774 0.00056889 
26517.5 6.13862e+18 0.0488595 0.000676119 
26526.5 6.13533e+18 0.0488424 0.000752726 
26535.5 6.13205e+18 0.0488253 0.000795256 
26544.4 6.12875e+18 0.048808 0.000801794 
26553.4 6.1254e+18 0.0487898 0.000772054 
26562.4 6.122e+18 0.0487704 0.000707392 
26571.4 6.11853e+18 0.0487498 0.000610747 
26580.4 6.11501e+18 0.0487281 0.000486504 
26589.4 6.11145e+18 0.0487056 0.0003403 
26598.4 6.10788e+18 0.0486827 0.000178769 
26607.4 6.10433e+18 0.0486601 9.23546e-06 
26616.3 6.10082e+18 0.0486381 -0.00016061 
26625.3 6.09737e+18 0.0486172 -0.000323065 
26634.3 6.09399e+18 0.0485976 -0.000470763 
26643.3 6.09067e+18 0.0485791 -0.000597007 
26652.3 6.08739e+18 0.0485616 -0.000696075 
26661.3 6.08414e+18 0.0485446 -0.000763481 
26670.3 6.08088e+18 0.0485275 -0.000796175 
26679.3 6.07759e+18 0.0485099 -0.000792686 
26688.3 6.07425e+18 0.0484914 -0.000753188 
26697.3 6.07085e+18 0.0484716 -0.000679488 
26706.3 6.06739e+18 0.0484507 -0.00057495 
26715.3 6.06389e+18 0.0484289 -0.000444339 
26724.4 6.06036e+18 0.0484064 -0.000293604 
26733.4 6.05684e+18 0.0483838 -0.000129608 
26742.4 6.05334e+18 0.0483616 4.01838e-05 
26751.4 6.04989e+18 0.0483402 0.000208042 
26760.4 6.0465e+18 0.04832 0.000366328 
26769.4 6.04318e+18 0.048301 0.000507838 
26778.4 6.03991e+18 0.048283 0.000626135 
26787.4 6.03667e+18 0.0482657 0.000715837 
26796.5 6.03344e+18 0.0482487 0.000772864 
26805.5 6.03019e+18 0.0482315 0.000794628 
26814.5 6.02691e+18 0.0482136 0.000780144 
26823.5 6.02357e+18 0.0481946 0.000730082 
26832.6 6.02018e+18 0.0481746 0.000646732 
26841.6 6.01674e+18 0.0481534 0.000533902 
26850.6 6.01326e+18 0.0481315 0.000396748 
26859.6 6.00977e+18 0.0481091 0.000241534 
26868.7 6.0063e+18 0.0480869 7.53508e-05 
26877.7 6.00286e+18 0.0480653 -9.42076e-05 
26886.7 5.99947e+18 0.0480446 -0.000259392 
26895.8 5.99615e+18 0.048025 -0.000412649 
26904.8 5.99287e+18 0.0480065 -0.000546971 
26913.8 5.98965e+18 0.0479889 -0.000656211 
26922.9 5.98644e+18 0.0479718 -0.000735369 
26931.9 5.98323e+18 0.0479547 -0.000780818 
26940.9 5.97999e+18 0.0479372 -0.000790476 
26950 5.97671e+18 0.0479189 -0.000763897 
26959 5.97338e+18 0.0478996 -0.000702297 
26968.1 5.96999e+18 0.0478792 -0.0006085 
26977.1 5.96657e+18 0.0478579 -0.000486806 
26986.2 5.96313e+18 0.047836 -0.000342799 
26995.2 5.95968e+18 0.047814 -0.00018309 
27004.3 5.95626e+18 0.0477922 -1.50157e-05 
27013.3 5.95288e+18 0.0477712 0.0001537 
27022.4 5.94956e+18 0.0477511 0.000315298 
27031.4 5.94629e+18 0.0477321 0.000462346 
27040.5 5.94306e+18 0.0477141 0.000588075 
27049.5 5.93987e+18 0.0476967 0.000686696 
27058.6 5.93669e+18 0.0476797 0.000753664 
27067.7 5.93349e+18 0.0476624 0.000785893 
27076.7 5.93026e+18 0.0476447 0.000781897 
27085.8 5.92698e+18 0.047626 0.00074186 
27094.8 5.92366e+18 0.0476063 0.000667627 
27103.9 5.92029e+18 0.0475857 0.000562625 
27113 5.91689e+18 0.0475643 0.000431701 
27122 5.91349e+18 0.0475426 0.000280903 
27131.1 5.91009e+18 0.0475209 0.000117196 
27140.2 5.90673e+18 0.0474997 -5.18531e-05 
27149.3 5.90341e+18 0.0474793 -0.000218432 
27158.3 5.90014e+18 0.0474598 -0.000374839 
27167.4 5.89692e+18 0.0474414 -0.000513842 
27176.5 5.89374e+18 0.0474237 -0.000629014 
27185.6 5.89057e+18 0.0474065 -0.00071503 
27194.6 5.8874e+18 0.0473893 -0.000767915 
27203.7 5.88422e+18 0.0473719 -0.000785228 
27212.8 5.88099e+18 0.0473537 -0.000766176 
27221.9 5.87772e+18 0.0473347 -0.000711653 
27231 5.87441e+18 0.0473147 -0.000624193 
27240 5.87106e+18 0.047294 -0.000507862 
27249.1 5.8677e+18 0.0472727 -0.000368061 
27258.2 5.86434e+18 0.0472512 -0.000211281 
27267.3 5.861e+18 0.04723 -4.47985e-05 
27276.4 5.85769e+18 0.0472093 0.000123658 
27285.5 5.85443e+18 0.0471895 0.000286273 
27294.6 5.85121e+18 0.0471706 0.000435499 
27303.7 5.84804e+18 0.0471526 0.000564416 
27312.8 5.84489e+18 0.0471351 0.000667044 
27321.9 5.84174e+18 0.047118 0.000738629 
27331 5.83858e+18 0.0471007 0.000775857 
27340.1 5.8354e+18 0.0470829 0.000777012 
27349.2 5.83218e+18 0.0470645 0.000742055 
27358.3 5.82892e+18 0.0470451 0.000672625 
27367.4 5.82563e+18 0.0470249 0.000571964 
27376.5 5.82231e+18 0.0470041 0.000444764 
27385.6 5.81899e+18 0.046983 0.000296953 
27394.7 5.81568e+18 0.0469619 0.000135414 
27403.8 5.81239e+18 0.0469412 -3.23288e-05 
27412.9 5.80914e+18 0.0469211 -0.000198466 
27422 5.80593e+18 0.0469018 -0.000355263 
27431.1 5.80276e+18 0.0468834 -0.000495419 
27440.3 5.79962e+18 0.0468657 -0.000612411 
27449.4 5.79649e+18 0.0468484 -0.000700792 
27458.5 5.79336e+18 0.0468312 -0.000756451 
27467.6 5.79022e+18 0.0468137 -0.0007768 
27476.7 5.78705e+18 0.0467956 -0.000760898 
27485.9 5.78384e+18 0.0467769 -0.000709494 
27495 5.78059e+18 0.0467573 -0.000624992 
27504.1 5.77733e+18 0.046737 -0.000511344 
27513.2 5.77405e+18 0.0467163 -0.000373861 
27522.4 5.77077e+18 0.0466954 -0.000218968 
27531.5 5.7675e+18 0.0466747 -5.39083e-05 
27540.6 5.76427e+18 0.0466545 0.000113602 
27549.8 5.76107e+18 0.0466349 0.000275727 
27558.9 5.7579e+18 0.0466162 0.000424881 
27568 5.75477e+18 0.0465981 0.000554084 
27577.2 5.75166e+18 0.0465806 0.000657286 
27586.3 5.74855e+18 0.0465634 0.000729653 
27595.4 5.74544e+18 0.046546 0.000767794 
27604.6 5.7423e+18 0.0465283 0.000769921 
27613.7 5.73914e+18 0.04651 0.000735934 
27622.9 5.73595e+18 0.046491 0.00066743 
27632 5.73273e+18 0.0464713 0.000567623 
27641.1 5.72949e+18 0.046451 0.000441203 
27650.3 5.72625e+18 0.0464305 0.000294107 
27659.4 5.72302e+18 0.0464099 0.000133251 
27668.6 5.7198e+18 0.0463896 -3.38007e-05 
27677.7 5.71661e+18 0.0463699 -0.000199191 
27686.9 5.71346e+18 0.0463508 -0.000355137 
27696 5.71034e+18 0.0463324 -0.000494297 
27705.2 5.70724e+18 0.0463147 -0.000610121 
27714.4 5.70415e+18 0.0462973 -0.000697153 
27723.5 5.70106e+18 0.04628 -0.000751298 
27732.7 5.69796e+18 0.0462625 -0.000770007 
27741.8 5.69484e+18 0.0462446 -0.000752405 
27751 5.6917e+18 0.0462261 -0.000699332 
27760.2 5.68852e+18 0.0462069 -0.0006133 
27769.3 5.68533e+18 0.0461872 -0.000498381 
27778.5 5.68213e+18 0.046167 -0.00036001 
27787.7 5.67893e+18 0.0461466 -0.000204733 
27796.8 5.67574e+18 0.0461264 -3.98923e-05 
27806 5.67257e+18 0.0461065 0.000126717 
27815.2 5.66942e+18 0.0460872 0.000287217 
27824.3 5.66631e+18 0.0460686 0.000434022 
27833.5 5.66322e+18 0.0460505 0.000560195 
27842.7 5.66014e+18 0.046033 0.000659777 
27851.9 5.65708e+18 0.0460157 0.000728072 
27861.1 5.65401e+18 0.0459984 0.000761865 
27870.2 5.65093e+18 0.0459808 0.000759578 
27879.4 5.64783e+18 0.0459627 0.000721343 
27888.6 5.6447e+18 0.045944 0.000648994 
27897.8 5.64156e+18 0.0459247 0.00054598 
27907 5.6384e+18 0.0459049 0.000417201 
27916.2 5.63523e+18 0.0458849 0.000268778 
27925.3 5.63206e+18 0.0458647 0.000107757 
27934.5 5.62891e+18 0.0458448 -5.82216e-05 
27943.7 5.62578e+18 0.0458253 -0.000221288 
27952.9 5.62268e+18 0.0458064 -0.000373715 
27962.1 5.6196e+18 0.0457881 -0.000508282 
27971.3 5.61654e+18 0.0457704 -0.000618622 
27980.5 5.61349e+18 0.045753 -0.000699518 
27989.7 5.61045e+18 0.0457358 -0.000747155 
27998.9 5.6074e+18 0.0457184 -0.000759295 
28008.1 5.60434e+18 0.0457007 -0.000735385 
28017.3 5.60126e+18 0.0456825 -0.000676584 
28026.5 5.59816e+18 0.0456637 -0.000585706 
28035.7 5.59505e+18 0.0456443 -0.000467084 
28044.9 5.59192e+18 0.0456246 -0.000326368 
28054.1 5.58878e+18 0.0456046 -0.000170256 
28063.3 5.58565e+18 0.0455847 -6.17314e-06 
28072.5 5.58254e+18 0.0455651 0.000158078 
28081.7 5.57944e+18 0.045546 0.000314687 
28091 5.57637e+18 0.0455275 0.000456211 
28100.2 5.57333e+18 0.0455096 0.000575922 
28109.4 5.5703e+18 0.0454921 0.000668132 
28118.6 5.56728e+18 0.0454749 0.000728461 
28127.8 5.56427e+18 0.0454577 0.000754047 
28137 5.56124e+18 0.0454403 0.000743682 
28146.3 5.55821e+18 0.0454225 0.000697871 
28155.5 5.55515e+18 0.0454041 0.000618807 
28164.7 5.55207e+18 0.0453852 0.000510269 
28173.9 5.54898e+18 0.0453658 0.000377444 
28183.2 5.54588e+18 0.045346 0.000226678 
28192.4 5.54277e+18 0.0453262 6.51736e-05 
28201.6 5.53968e+18 0.0453066 -9.93503e-05 
28210.9 5.5366e+18 0.0452873 -0.00025903 
28220.1 5.53354e+18 0.0452685 -0.000406232 
28229.3 5.5305e+18 0.0452504 -0.000533918 
28238.6 5.52749e+18 0.0452328 -0.000635981 
28247.8 5.5245e+18 0.0452156 -0.000707541 
28257 5.52151e+18 0.0451985 -0.000745178 
28266.3 5.51852e+18 0.0451814 -0.000747097 
28275.5 5.51553e+18 0.0451639 -0.000713216 
28284.8 5.51251e+18 0.045146 -0.000645168 
28294 5.50948e+18 0.0451275 -0.000546228 
28303.2 5.50642e+18 0.0451084 -0.000421153 
28312.5 5.50335e+18 0.0450889 -0.000275954 
28321.7 5.50027e+18 0.0450692 -0.000117612 
28331 5.4972e+18 0.0450496 4.62643e-05 
28340.2 5.49413e+18 0.0450302 0.000207798 
28349.5 5.49109e+18 0.0450112 0.000359228 
28358.7 5.48807e+18 0.0449929 0.000493277 
28368 5.48507e+18 0.0449752 0.000603509 
28377.2 5.48209e+18 0.0449579 0.000684634 
28386.5 5.47913e+18 0.0449409 0.000732764 
28395.8 5.47618e+18 0.044924 0.000745603 
28405 5.47322e+18 0.0449069 0.000722553 
28414.3 5.47025e+18 0.0448893 0.000664747 
28423.5 5.46725e+18 0.0448712 0.000574991 
28432.8 5.46424e+18 0.0448525 0.000457631 
28442.1 5.4612e+18 0.0448333 0.000318339 
28451.3 5.45815e+18 0.0448137 0.000163844 
28460.6 5.45509e+18 0.0447941 1.60263e-06 
28469.9 5.45204e+18 0.0447746 -0.000160559 
28479.2 5.44901e+18 0.0447555 -0.000314822 
28488.4 5.446e+18 0.0447371 -0.000453754 
28497.7 5.44302e+18 0.0447192 -0.000570668 
28507 5.44007e+18 0.0447019 -0.00065994 
28516.3 5.43713e+18 0.044685 -0.000717287 
28525.5 5.43421e+18 0.0446682 -0.000739968 
28534.8 5.43129e+18 0.0446514 -0.000726915 
28544.1 5.42835e+18 0.0446342 -0.000678787 
28553.4 5.4254e+18 0.0446164 -0.000597937 
28562.7 5.42242e+18 0.044598 -0.000488294 
28571.9 5.41941e+18 0.0445791 -0.000355175 
28581.2 5.41639e+18 0.0445597 -0.000205028 
28590.5 5.41336e+18 0.0445401 -4.51189e-05 
28599.8 5.41033e+18 0.0445206 0.000116819 
28609.1 5.40731e+18 0.0445014 0.000272958 
28618.4 5.40432e+18 0.0444828 0.000415755 
28627.7 5.40135e+18 0.0444648 0.000538318 
28637 5.39842e+18 0.0444475 0.000634732 
28646.3 5.39551e+18 0.0444306 0.000700352 
28655.6 5.39261e+18 0.044414 0.000732022 
28664.9 5.38972e+18 0.0443974 0.00072823 
28674.2 5.38682e+18 0.0443805 0.00068918 
28683.5 5.3839e+18 0.0443631 0.00061678 
28692.8 5.38096e+18 0.044345 0.000514554 
28702.1 5.37799e+18 0.0443263 0.000387466 
28711.4 5.37499e+18 0.0443071 0.000241688 
28720.7 5.37198e+18 0.0442876 8.42902e-05 
28730 5.36897e+18 0.0442681 -7.70898e-05 
28739.3 5.36597e+18 0.0442488 -0.000234624 
28748.6 5.363e+18 0.0442301 -0.000380671 
28757.9 5.36005e+18 0.044212 -0.000508146 
28767.2 5.35714e+18 0.0441947 -0.000610865 
28776.6 5.35425e+18 0.0441778 -0.000683844 
28785.9 5.35138e+18 0.0441614 -0.000723545 
28795.2 5.34852e+18 0.044145 -0.000728045 
28804.5 5.34566e+18 0.0441283 -0.000697129 
28813.8 5.34278e+18 0.0441112 -0.000632309 
28823.2 5.33986e+18 0.0440935 -0.000536742 
28832.5 5.33692e+18 0.044075 -0.000415085 
28841.8 5.33396e+18 0.044056 -0.000273266 
28851.1 5.33097e+18 0.0440366 -0.000118196 
28860.5 5.32798e+18 0.044017 4.25644e-05 
28869.8 5.325e+18 0.0439978 0.000201176 
28879.1 5.32204e+18 0.043979 0.000349902 
28888.5 5.31911e+18 0.0439608 0.000481484 
28897.8 5.31622e+18 0.0439434 0.0005895 
28907.1 5.31336e+18 0.0439267 0.000668676 
28916.5 5.31052e+18 0.0439103 0.000715146 
28925.8 5.30769e+18 0.0438941 0.000726643 
28935.1 5.30486e+18 0.0438777 0.000702607 
28944.5 5.302e+18 0.0438609 0.000644219 
28953.8 5.29913e+18 0.0438433 0.00055434 
28963.2 5.29622e+18 0.0438251 0.000437375 
28972.5 5.29328e+18 0.0438063 0.000299056 
28981.9 5.29032e+18 0.0437869 0.000146162 
28991.2 5.28735e+18 0.0437675 -1.38136e-05 
29000.6 5.28439e+18 0.0437482 -0.000173027 
29009.9 5.28145e+18 0.0437293 -0.000323672 
29019.3 5.27854e+18 0.0437112 -0.000458362 
29028.6 5.27566e+18 0.0436938 -0.000570496 
29038 5.27282e+18 0.043677 -0.000654575 
29047.3 5.27001e+18 0.0436608 -0.000706482 
29056.7 5.26721e+18 0.0436447 -0.000723678 
29066 5.26441e+18 0.0436286 -0.000705331 
29075.4 5.26159e+18 0.043612 -0.000652353 
29084.8 5.25874e+18 0.0435947 -0.000567359 
29094.1 5.25586e+18 0.0435767 -0.000454539 
29103.5 5.25295e+18 0.043558 -0.000319449 
29112.9 5.25001e+18 0.0435388 -0.000168738 
29122.2 5.24707e+18 0.0435193 -9.82442e-06 
29131.6 5.24413e+18 0.0435001 0.000149472 
29141 5.2412e+18 0.0434812 0.000301315 
29150.3 5.23832e+18 0.043463 0.000438233 
29159.7 5.23546e+18 0.0434456 0.000553495 
29169.1 5.23265e+18 0.0434289 0.000641434 
29178.5 5.22986e+18 0.0434128 0.000697729 
29187.8 5.22709e+18 0.0433969 0.000719619 
29197.2 5.22431e+18 0.0433809 0.000706037 
29206.6 5.22153e+18 0.0433645 0.000657665 
29216 5.21871e+18 0.0433475 0.000576897 
29225.4 5.21586e+18 0.0433297 0.000467724 
29234.8 5.21297e+18 0.0433111 0.00033554 
29244.1 5.21006e+18 0.043292 0.000186869 
29253.5 5.20713e+18 0.0432726 2.90514e-05 
29262.9 5.20421e+18 0.0432534 -0.000130121 
29272.3 5.20131e+18 0.0432345 -0.000282791 
29281.7 5.19844e+18 0.0432164 -0.000421419 
29291.1 5.19561e+18 0.043199 -0.000539159 
29300.5 5.19282e+18 0.0431824 -0.000630195 
29309.9 5.19006e+18 0.0431664 -0.000690031 
29319.3 5.18732e+18 0.0431506 -0.000715709 
29328.7 5.18457e+18 0.0431348 -0.000705962 
29338.1 5.18181e+18 0.0431186 -0.000661275 
29347.5 5.17902e+18 0.0431017 -0.00058386 
29356.9 5.1762e+18 0.0430841 -0.000477553 
29366.3 5.17334e+18 0.0430657 -0.000347618 
29375.7 5.17045e+18 0.0430466 -0.000200496 
29385.1 5.16755e+18 0.0430273 -4.34799e-05 
29394.5 5.16465e+18 0.0430081 0.000115643 
29403.9 5.16177e+18 0.0429893 0.000268977 
29413.3 5.15892e+18 0.0429712 0.000408913 
29422.7 5.15611e+18 0.0429539 0.0005285 
29432.2 5.15335e+18 0.0429373 0.000621797 
29441.6 5.15061e+18 0.0429214 0.000684166 
29451 5.14789e+18 0.0429058 0.000712505 
29460.4 5.14517e+18 0.0428902 0.000705402 
29469.8 5.14244e+18 0.0428742 0.000663209 
29479.2 5.13968e+18 0.0428575 0.000588023 
29488.7 5.13688e+18 0.0428399 0.000483586 
29498.1 5.13404e+18 0.0428216 0.000355098 
29507.5 5.13118e+18 0.0428027 0.00020896 
29516.9 5.1283e+18 0.0427834 5.2453e-05 
29526.4 5.12542e+18 0.0427643 -0.000106619 
29535.8 5.12256e+18 0.0427455 -0.000260322 
29545.2 5.11974e+18 0.0427274 -0.000400988 
29554.7 5.11695e+18 0.0427102 -0.000521597 
29564.1 5.11421e+18 0.0426938 -0.000616127 
29573.5 5.1115e+18 0.042678 -0.000679858 
29583 5.10881e+18 0.0426626 -0.000709607 
29592.4 5.10612e+18 0.0426471 -0.000703888 
29601.8 5.10341e+18 0.0426312 -0.000662988 
29611.3 5.10068e+18 0.0426146 -0.000588956 
29620.7 5.0979e+18 0.0425972 -0.000485495 
29630.2 5.09509e+18 0.042579 -0.000357786 
29639.6 5.09224e+18 0.0425601 -0.000212221 
29649.1 5.08939e+18 0.0425409 -5.60914e-05 
29658.5 5.08653e+18 0.0425218 0.000102783 
29668 5.08369e+18 0.0425031 0.000256443 
29677.4 5.08089e+18 0.0424851 0.000397189 
29686.9 5.07814e+18 0.042468 0.000517967 
29696.3 5.07542e+18 0.0424518 0.000612724 
29705.8 5.07274e+18 0.0424361 0.00067671 
29715.2 5.07007e+18 0.0424208 0.000706719 
29724.7 5.06741e+18 0.0424055 0.000701251 
29734.1 5.06472e+18 0.0423897 0.000660586 
29743.6 5.06201e+18 0.0423732 0.00058677 
29753.1 5.05926e+18 0.0423559 0.000483518 
29762.5 5.05647e+18 0.0423377 0.000356023 
29772 5.05364e+18 0.0423189 0.000210696 
29781.5 5.05081e+18 0.0422998 5.48474e-05 
29790.9 5.04797e+18 0.0422807 -0.000103684 
29800.4 5.04516e+18 0.0422621 -0.000256922 
29809.9 5.04239e+18 0.0422443 -0.000397159 
29819.3 5.03965e+18 0.0422273 -0.000517338 
29828.8 5.03696e+18 0.0422112 -0.000611413 
29838.3 5.03431e+18 0.0421957 -0.000674653 
29847.8 5.03167e+18 0.0421806 -0.000703877 
29857.3 5.02903e+18 0.0421653 -0.000697622 
29866.7 5.02637e+18 0.0421497 -0.000656211 
29876.2 5.02368e+18 0.0421332 -0.000581739 
29885.7 5.02095e+18 0.0421159 -0.00047797 
29895.2 5.01817e+18 0.0420978 -0.000350146 
29904.7 5.01537e+18 0.042079 -0.000204721 
29914.1 5.01256e+18 0.04206 -4.90401e-05 
29923.6 5.00975e+18 0.042041 0.000109035 
29933.1 5.00696e+18 0.0420226 0.000261522 
29942.6 5.00421e+18 0.0420048 0.000400719 
29952.1 5.0015e+18 0.041988 0.000519597 
29961.6 4.99884e+18 0.0419721 0.000612153 
29971.1 4.99621e+18 0.0419568 0.000673715 
29980.6 4.9936e+18 0.0419418 0.000701177 
29990.1 4.99098e+18 0.0419267 0.000693159 
29999.6 4.98835e+18 0.041911 0.000650073 
30009.1 4.98567e+18 0.0418947 0.00057411 
30018.6 4.98296e+18 0.0418774 0.00046912 
30028.1 4.98021e+18 0.0418593 0.000340426 
30037.6 4.97743e+18 0.0418405 0.00019455 
30047.1 4.97463e+18 0.0418215 3.88854e-05 
30056.6 4.97184e+18 0.0418027 -0.000118677 
30066.1 4.96908e+18 0.0417843 -0.000270151 
30075.6 4.96636e+18 0.0417668 -0.000407857 
30085.1 4.96368e+18 0.0417502 -0.000524811 
30094.7 4.96105e+18 0.0417345 -0.000615084 
30104.2 4.95845e+18 0.0417194 -0.000674095 
30113.7 4.95586e+18 0.0417045 -0.000698853 
30123.2 4.95327e+18 0.0416894 -0.000688102 
30132.7 4.95065e+18 0.0416739 -0.000642391 
30142.2 4.948e+18 0.0416575 -0.000564045 
30151.8 4.9453e+18 0.0416402 -0.000457048 
30161.3 4.94256e+18 0.0416221 -0.000326843 
30170.8 4.9398e+18 0.0416033 -0.000180053 
30180.3 4.93703e+18 0.0415844 -2.41506e-05 
30189.9 4.93426e+18 0.0415657 0.000132927 
30199.4 4.93153e+18 0.0415475 0.000283178 
30208.9 4.92883e+18 0.0415302 0.000418947 
30218.5 4.92619e+18 0.0415139 0.000533312 
30228 4.92358e+18 0.0414983 0.000620442 
30237.5 4.92101e+18 0.0414834 0.00067589 
30247.1 4.91845e+18 0.0414686 0.000696826 
30256.6 4.91588e+18 0.0414537 0.000682182 
30266.1 4.91328e+18 0.0414381 0.000632704 
30275.7 4.91064e+18 0.0414217 0.000550923 
30285.2 4.90796e+18 0.0414043 0.000441018 
30294.8 4.90524e+18 0.0413862 0.000308613 
30304.3 4.90249e+18 0.0413675 0.00016048 
30313.9 4.89974e+18 0.0413486 4.20292e-06 
30323.4 4.897e+18 0.04133 -0.000152219 
30333 4.8943e+18 0.0413121 -0.000300775 
30342.5 4.89163e+18 0.041295 -0.000433856 
30352.1 4.88902e+18 0.0412789 -0.000544647 
30361.6 4.88644e+18 0.0412636 -0.000627473 
30371.2 4.8839e+18 0.0412489 -0.000678094 
30380.7 4.88136e+18 0.0412343 -0.000693922 
30390.3 4.87881e+18 0.0412193 -0.000674157 
30399.8 4.87622e+18 0.0412037 -0.000619823 
30409.4 4.8736e+18 0.0411872 -0.00053372 
30419 4.87093e+18 0.0411698 -0.000420282 
30428.5 4.86823e+18 0.0411516 -0.000285344 
30438.1 4.8655e+18 0.0411329 -0.000135846 
30447.7 4.86277e+18 0.0411141 2.05278e-05 
30457.2 4.86006e+18 0.0410957 0.000175738 
30466.8 4.85738e+18 0.041078 0.000321809 
30476.4 4.85475e+18 0.0410613 0.000451237 
30485.9 4.85217e+18 0.0410455 0.000557377 
30495.5 4.84962e+18 0.0410304 0.000634783 
30505.1 4.8471e+18 0.0410158 0.000679488 
30514.7 4.84459e+18 0.0410013 0.000689211 
30524.2 4.84205e+18 0.0409864 0.000663468 
30533.8 4.83949e+18 0.0409707 0.000603603 
30543.4 4.83687e+18 0.0409541 0.000512714 
30553 4.83422e+18 0.0409366 0.000395496 
30562.6 4.83153e+18 0.0409183 0.000257995 
30572.2 4.82882e+18 0.0408996 0.000107303 
30581.7 4.82611e+18 0.040881 -4.88123e-05 
30591.3 4.82343e+18 0.0408628 -0.000202306 
30600.9 4.82078e+18 0.0408454 -0.00034527 
30610.5 4.81819e+18 0.040829 -0.000470339 
30620.1 4.81564e+18 0.0408135 -0.000571072 
30629.7 4.81312e+18 0.0407987 -0.000642283 
30639.3 4.81063e+18 0.0407842 -0.000680308 
30648.9 4.80813e+18 0.0407697 -0.000683197 
30658.5 4.80561e+18 0.0407548 -0.000650809 
30668.1 4.80306e+18 0.040739 -0.000584827 
30677.7 4.80045e+18 0.0407222 -0.000488666 
30687.3 4.79781e+18 0.0407046 -0.000367301 
30696.9 4.79513e+18 0.0406863 -0.000227009 
30706.5 4.79244e+18 0.0406676 -7.50474e-05 
30716.1 4.78976e+18 0.0406492 8.0723e-05 
30725.7 4.78711e+18 0.0406313 0.000232242 
30735.3 4.7845e+18 0.0406142 0.000371669 
30744.9 4.78194e+18 0.0405981 0.000491784 
30754.5 4.77942e+18 0.0405829 0.000586367 
30764.2 4.77694e+18 0.0405684 0.000650521 
30773.8 4.77447e+18 0.0405541 0.00068092 
30783.4 4.77199e+18 0.0405396 0.000675991 
30793 4.76948e+18 0.0405245 0.000635993 
30802.6 4.76693e+18 0.0405085 0.000563002 
30812.2 4.76434e+18 0.0404916 0.000460813 
30821.9 4.7617e+18 0.0404738 0.000334734 
30831.5 4.75904e+18 0.0404555 0.000191318 
30841.1 4.75637e+18 0.040437 3.80239e-05 
30850.7 4.75372e+18 0.0404187 -0.000117178 
30860.4 4.7511e+18 0.0404011 -0.000266212 
30870 4.74853e+18 0.0403844 -0.000401324 
30879.6 4.746e+18 0.0403687 -0.000515483 
30889.3 4.74352e+18 0.0403538 -0.000602746 
30898.9 4.74106e+18 0.0403395 -0.000658572 
30908.5 4.73861e+18 0.0403253 -0.00068006 
30918.2 4.73615e+18 0.0403107 -0.000666095 
30927.8 4.73365e+18 0.0402955 -0.000617416 
30937.5 4.73111e+18 0.0402793 -0.00053657 
30947.1 4.72852e+18 0.0402622 -0.000427784 
30956.7 4.7259e+18 0.0402443 -0.000296744 
30966.4 4.72325e+18 0.040226 -0.000150299 
30976 4.72061e+18 0.0402076 3.8994e-06 
30985.7 4.71799e+18 0.0401896 0.000157795 
30995.3 4.7154e+18 0.0401724 0.000303347 
31005 4.71287e+18 0.0401561 0.000432953 
31014.6 4.71038e+18 0.0401408 0.000539847 
31024.3 4.70793e+18 0.0401262 0.000618449 
31033.9 4.7055e+18 0.040112 0.000664662 
31043.6 4.70306e+18 0.0400978 0.000676084 
31053.2 4.70061e+18 0.0400832 0.000652135 
31062.9 4.69812e+18 0.0400677 0.000594084 
31072.6 4.69558e+18 0.0400514 0.000504986 
31082.2 4.693e+18 0.0400341 0.000389522 
31091.9 4.69039e+18 0.0400161 0.000253748 
31101.6 4.68776e+18 0.0399977 0.000104786 
31111.2 4.68515e+18 0.0399796 -4.95558e-05 
31120.9 4.68256e+18 0.0399619 -0.000201189 
31130.6 4.68001e+18 0.0399451 -0.000342169 
31140.2 4.67751e+18 0.0399292 -0.000465112 
31149.9 4.67506e+18 0.0399143 -0.000563583 
31159.6 4.67264e+18 0.0399 -0.00063243 
31169.2 4.67023e+18 0.0398859 -0.000668054 
31178.9 4.66781e+18 0.0398717 -0.000668603 
31188.6 4.66536e+18 0.0398569 -0.000634062 
31198.3 4.66288e+18 0.0398412 -0.000566258 
31208 4.66034e+18 0.0398246 -0.000468763 
31217.6 4.65777e+18 0.0398071 -0.000346709 
31227.3 4.65518e+18 0.039789 -0.000206514 
31237 4.65257e+18 0.0397708 -5.55504e-05 
31246.7 4.64999e+18 0.0397529 9.82451e-05 
31256.4 4.64744e+18 0.0397356 0.000246787 
31266.1 4.64493e+18 0.0397193 0.000382264 
31275.8 4.64247e+18 0.0397039 0.000497555 
31285.5 4.64005e+18 0.0396893 0.000586595 
31295.1 4.63765e+18 0.0396752 0.000644705 
31304.8 4.63526e+18 0.0396612 0.000668829 
31314.5 4.63285e+18 0.0396468 0.000657702 
31324.2 4.63041e+18 0.0396318 0.000611916 
31333.9 4.62792e+18 0.0396158 0.000533888 
31343.6 4.6254e+18 0.0395989 0.000427737 
31353.3 4.62284e+18 0.0395813 0.000299065 
31363 4.62026e+18 0.0395633 0.000154665 
31372.7 4.61768e+18 0.0395453 2.15937e-06 
31382.5 4.61513e+18 0.0395277 -0.000150395 
31392.2 4.61261e+18 0.0395108 -0.00029494 
31401.9 4.61015e+18 0.0394949 -0.000423836 
31411.6 4.60772e+18 0.0394799 -0.000530268 
31421.3 4.60533e+18 0.0394656 -0.000608609 
31431 4.60296e+18 0.0394517 -0.000654715 
31440.7 4.60058e+18 0.0394376 -0.000666148 
31450.4 4.59818e+18 0.0394231 -0.000642304 
31460.2 4.59574e+18 0.0394078 -0.000584451 
31469.9 4.59326e+18 0.0393916 -0.000495655 
31479.6 4.59074e+18 0.0393745 -0.000380628 
31489.3 4.58819e+18 0.0393568 -0.000245472 
31499 4.58563e+18 0.0393388 -9.7358e-05 
31508.8 4.58309e+18 0.039321 5.58516e-05 
31518.5 4.58057e+18 0.0393038 0.000206024 
31528.2 4.57809e+18 0.0392874 0.000345186 
31538 4.57566e+18 0.039272 0.000465949 
31547.7 4.57327e+18 0.0392574 0.000561899 
31557.4 4.57091e+18 0.0392433 0.000627943 
31567.2 4.56855e+18 0.0392295 0.000660576 
31576.9 4.56619e+18 0.0392154 0.000658073 
31586.6 4.56379e+18 0.0392006 0.000620574 
31596.4 4.56135e+18 0.039185 0.000550084 
31606.1 4.55888e+18 0.0391685 0.000450364 
31615.9 4.55637e+18 0.0391513 0.00032673 
31625.6 4.55383e+18 0.0391335 0.000185772 
31635.3 4.5513e+18 0.0391157 3.50028e-05 
31645.1 4.54879e+18 0.0390982 -0.000117544 
31654.8 4.54631e+18 0.0390814 -0.000263739 
31664.6 4.54387e+18 0.0390655 -0.000395793 
31674.3 4.54148e+18 0.0390505 -0.000506671 
31684.1 4.53912e+18 0.0390362 -0.000590469 
31693.8 4.53678e+18 0.0390224 -0.000642724 
31703.6 4.53444e+18 0.0390085 -0.000660659 
31713.3 4.53208e+18 0.0389943 -0.000643327 
31723.1 4.52968e+18 0.0389793 -0.000591665 
31732.9 4.52725e+18 0.0389634 -0.000508438 
31742.6 4.52478e+18 0.0389466 -0.000398102 
31752.4 4.52228e+18 0.0389292 -0.000266556 
31762.2 4.51977e+18 0.0389115 -0.000120835 
31771.9 4.51726e+18 0.0388939 3.12701e-05 
31781.7 4.51478e+18 0.0388767 0.000181625 
31791.5 4.51234e+18 0.0388604 0.00032219 
31801.2 4.50994e+18 0.038845 0.000445445 
31811 4.50758e+18 0.0388304 0.000544799 
31820.8 4.50525e+18 0.0388165 0.000614935 
31830.5 4.50293e+18 0.0388028 0.000652103 
31840.3 4.5006e+18 0.0387889 0.000654316 
31850.1 4.49825e+18 0.0387744 0.000621459 
31859.9 4.49586e+18 0.0387591 0.000555297 
31869.6 4.49343e+18 0.0387429 0.000459382 
31879.4 4.49096e+18 0.0387259 0.000338862 
31889.2 4.48847e+18 0.0387084 0.000200208 
31899 4.48598e+18 0.0386907 5.08649e-05 
31908.8 4.4835e+18 0.0386734 -0.000101145 
31918.6 4.48106e+18 0.0386567 -0.000247653 
31928.4 4.47865e+18 0.0386409 -0.000380787 
31938.1 4.47629e+18 0.038626 -0.000493389 
31947.9 4.47397e+18 0.0386118 -0.000579403 
31957.7 4.47166e+18 0.0385981 -0.000634205 
31967.5 4.46936e+18 0.0385844 -0.000654849 
31977.3 4.46704e+18 0.0385704 -0.000640227 
31987.1 4.4647e+18 0.0385556 -0.000591133 
31996.9 4.46231e+18 0.03854 -0.000510217 
32006.7 4.45988e+18 0.0385234 -0.000401847 
32016.5 4.45742e+18 0.0385062 -0.000271872 
32026.3 4.45495e+18 0.0384887 -0.000127305 
32036.1 4.45248e+18 0.0384712 2.4048e-05 
32045.9 4.45003e+18 0.0384543 0.000174019 
32055.7 4.44762e+18 0.0384381 0.000314511 
32065.5 4.44526e+18 0.0384228 0.000437942 
32075.4 4.44294e+18 0.0384084 0.00053765 
32085.2 4.44064e+18 0.0383946 0.000608255 
32095 4.43836e+18 0.038381 0.000645952 
32104.8 4.43608e+18 0.0383673 0.000648715 
32114.6 4.43376e+18 0.038353 0.000616408 
32124.4 4.43142e+18 0.0383379 0.000550792 
32134.3 4.42903e+18 0.0383219 0.000455428 
32144.1 4.4266e+18 0.0383051 0.00033549 
32153.9 4.42415e+18 0.0382877 0.000197477 
32163.7 4.42169e+18 0.0382703 4.88668e-05 
32173.5 4.41925e+18 0.0382531 -0.000102289 
32183.4 4.41685e+18 0.0382366 -0.000247803 
32193.2 4.41448e+18 0.0382209 -0.000379796 
32203 4.41216e+18 0.0382062 -0.000491123 
32212.9 4.40987e+18 0.0381922 -0.000575759 
32222.7 4.4076e+18 0.0381787 -0.000629126 
32232.5 4.40534e+18 0.0381652 -0.000648343 
32242.4 4.40306e+18 0.0381513 -0.000632382 
32252.2 4.40075e+18 0.0381367 -0.000582121 
32262 4.3984e+18 0.0381212 -0.000500299 
32271.9 4.39601e+18 0.0381048 -0.000391371 
32281.7 4.39359e+18 0.0380878 -0.000261258 
32291.6 4.39115e+18 0.0380704 -0.000117034 
32301.4 4.38872e+18 0.0380531 3.34606e-05 
32311.3 4.38631e+18 0.0380363 0.000182046 
32321.1 4.38394e+18 0.0380203 0.000320644 
32330.9 4.38162e+18 0.0380053 0.000441723 
32340.8 4.37934e+18 0.0379911 0.000538699 
32350.7 4.37708e+18 0.0379776 0.000606303 
32360.5 4.37484e+18 0.0379642 0.000640861 
32370.4 4.37259e+18 0.0379506 0.000640501 
32380.2 4.37032e+18 0.0379365 0.00060525 
32390.1 4.368e+18 0.0379214 0.000537038 
32399.9 4.36565e+18 0.0379055 0.000439592 
32409.8 4.36325e+18 0.0378888 0.000318232 
32419.7 4.36084e+18 0.0378715 0.000179584 
32429.5 4.35842e+18 0.0378542 3.12186e-05 
32439.4 4.35602e+18 0.0378373 -0.000118763 
32449.3 4.35365e+18 0.037821 -0.000262171 
32459.1 4.35133e+18 0.0378057 -0.000391174 
32469 4.34905e+18 0.0377912 -0.000498727 
32478.9 4.3468e+18 0.0377775 -0.000578959 
32488.7 4.34458e+18 0.0377643 -0.000627491 
32498.6 4.34236e+18 0.0377509 -0.00064168 
32508.5 4.34011e+18 0.0377371 -0.000620762 
32518.4 4.33783e+18 0.0377226 -0.000565894 
32528.2 4.33551e+18 0.0377071 -0.000480093 
32538.1 4.33315e+18 0.0376907 -0.000368068 
32548 4.33076e+18 0.0376737 -0.000235966 
32557.9 4.32836e+18 0.0376564 -9.10304e-05 
32567.8 4.32596e+18 0.0376394 5.87899e-05 
32577.7 4.3236e+18 0.0376229 0.000205282 
32587.5 4.32127e+18 0.0376072 0.000340417 
32597.4 4.319e+18 0.0375926 0.000456791 
32607.3 4.31676e+18 0.0375787 0.000548029 
32617.2 4.31455e+18 0.0375654 0.000609138 
32627.1 4.31235e+18 0.0375522 0.000636781 
32637 4.31013e+18 0.0375388 0.000629455 
32646.9 4.30789e+18 0.0375246 0.000587579 
32656.8 4.3056e+18 0.0375096 0.00051347 
32666.7 4.30327e+18 0.0374936 0.000411211 
32676.6 4.3009e+18 0.0374768 0.000286434 
32686.5 4.29852e+18 0.0374597 0.000146005 
32696.4 4.29614e+18 0.0374426 -2.35168e-06 
32706.3 4.29378e+18 0.0374259 -0.000150477 
32716.2 4.29146e+18 0.03741 -0.000290227 
32726.1 4.28918e+18 0.0373951 -0.000413917 
32736 4.28695e+18 0.037381 -0.000514749 
32745.9 4.28475e+18 0.0373677 -0.000587182 
32755.9 4.28257e+18 0.0373546 -0.00062724 
32765.8 4.28038e+18 0.0373414 -0.000632726 
32775.7 4.27816e+18 0.0373276 -0.00060335 
32785.6 4.27591e+18 0.037313 -0.000540742 
32795.5 4.27361e+18 0.0372974 -0.00044836 
32805.4 4.27128e+18 0.0372809 -0.000331308 
32815.4 4.26891e+18 0.0372639 -0.000196046 
32825.3 4.26655e+18 0.0372468 -5.00422e-05 
32835.2 4.26419e+18 0.03723 9.86435e-05 
32845.1 4.26188e+18 0.0372139 0.000241802 
32855.1 4.2596e+18 0.0371987 0.000371526 
32865 4.25737e+18 0.0371845 0.000480654 
32874.9 4.25518e+18 0.0371711 0.000563157 
32884.9 4.25302e+18 0.0371581 0.000614478 
32894.8 4.25085e+18 0.0371451 0.000631785 
32904.7 4.24866e+18 0.0371316 0.000614127 
32914.7 4.24644e+18 0.0371173 0.000562486 
32924.6 4.24418e+18 0.0371021 0.000479729 
32934.5 4.24187e+18 0.037086 0.000370445 
32944.5 4.23953e+18 0.0370692 0.000240693 
32954.4 4.23718e+18 0.0370521 9.76692e-05 
32964.4 4.23484e+18 0.0370352 -5.06935e-05 
32974.3 4.23252e+18 0.0370189 -0.000196165 
32984.3 4.23025e+18 0.0370035 -0.000330675 
32994.2 4.22803e+18 0.0369891 -0.00044676 
33004.2 4.22585e+18 0.0369756 -0.000537978 
33014.1 4.22369e+18 0.0369626 -0.000599271 
33024.1 4.22155e+18 0.0369498 -0.000627239 
33034 4.21939e+18 0.0369366 -0.000620339 
33044 4.2172e+18 0.0369227 -0.000578962 
33053.9 4.21496e+18 0.0369078 -0.000505421 
33063.9 4.21269e+18 0.036892 -0.000403815 
33073.8 4.21037e+18 0.0368754 -0.000279807 
33083.8 4.20804e+18 0.0368584 -0.000140307 
33093.8 4.2057e+18 0.0368415 6.91474e-06 
33103.7 4.2034e+18 0.0368251 0.000153656 
33113.7 4.20113e+18 0.0368095 0.000291744 
33123.7 4.19891e+18 0.0367949 0.000413488 
33133.6 4.19673e+18 0.0367812 0.000512109 
33143.6 4.19459e+18 0.0367682 0.000582119 
33153.6 4.19247e+18 0.0367555 0.000619627 
33163.6 4.19034e+18 0.0367426 0.000622553 
33173.5 4.18817e+18 0.036729 0.000590749 
33183.5 4.18597e+18 0.0367145 0.000526005 
33193.5 4.18372e+18 0.036699 0.000431948 
33203.5 4.18143e+18 0.0366826 0.000313842 
33213.4 4.17911e+18 0.0366657 0.000178293 
33223.4 4.17679e+18 0.0366488 3.28783e-05 
33233.4 4.17449e+18 0.0366322 -0.000114272 
33243.4 4.17223e+18 0.0366165 -0.000254936 
33253.4 4.17001e+18 0.0366017 -0.000381252 
33263.4 4.16785e+18 0.036588 -0.000486165 
33273.4 4.16572e+18 0.036575 -0.000563815 
33283.4 4.16361e+18 0.0365623 -0.000609871 
33293.3 4.1615e+18 0.0365496 -0.000621767 
33303.3 4.15937e+18 0.0365363 -0.000598851 
33313.3 4.15719e+18 0.0365221 -0.000542418 
33323.3 4.15497e+18 0.0365069 -0.000455642 
33333.3 4.1527e+18 0.0364907 -0.000343393 
33343.3 4.15041e+18 0.036474 -0.000211971 
33353.3 4.1481e+18 0.036457 -6.87462e-05 
33363.3 4.14581e+18 0.0364404 7.82461e-05 
33373.3 4.14355e+18 0.0364245 0.000220761 
33383.4 4.14134e+18 0.0364096 0.000350805 
33393.4 4.13918e+18 0.0363958 0.000461084 
33403.4 4.13707e+18 0.0363828 0.000545413 
33413.4 4.13498e+18 0.0363702 0.000599062 
33423.4 4.13289e+18 0.0363577 0.000619026 
33433.4 4.13078e+18 0.0363446 0.00060419 
33443.4 4.12864e+18 0.0363307 0.000555398 
33453.4 4.12644e+18 0.0363158 0.0004754 
33463.5 4.1242e+18 0.0362998 0.000368702 
33473.5 4.12192e+18 0.0362832 0.000241313 
33483.5 4.11962e+18 0.0362663 0.000100408 
33493.5 4.11734e+18 0.0362496 -4.60768e-05 
33503.5 4.11509e+18 0.0362336 -0.00018989 
33513.6 4.11289e+18 0.0362186 -0.000322928 
33523.6 4.11074e+18 0.0362047 -0.000437694 
33533.6 4.10864e+18 0.0361917 -0.000527722 
33543.7 4.10656e+18 0.0361792 -0.000587939 
33553.7 4.1045e+18 0.0361668 -0.000614951 
33563.7 4.10242e+18 0.036154 -0.000607241 
33573.8 4.10029e+18 0.0361404 -0.000565251 
33583.8 4.09812e+18 0.0361256 -0.00049136 
33593.8 4.0959e+18 0.0361099 -0.000389748 
33603.9 4.09364e+18 0.0360934 -0.000266166 
33613.9 4.09136e+18 0.0360765 -0.000127604 
33624 4.08909e+18 0.0360598 1.80962e-05 
33634 4.08684e+18 0.0360437 0.000162691 
33644.1 4.08465e+18 0.0360286 0.000297999 
33654.1 4.08251e+18 0.0360146 0.00041636 
33664.2 4.08042e+18 0.0360017 0.000511077 
33674.2 4.07837e+18 0.0359893 0.000576793 
33684.3 4.07633e+18 0.0359771 0.00060979 
33694.3 4.07427e+18 0.0359644 0.00060821 
33704.4 4.07217e+18 0.035951 0.000572151 
33714.4 4.07002e+18 0.0359365 0.000503672 
33724.5 4.06782e+18 0.0359209 0.000406666 
33734.5 4.06557e+18 0.0359044 0.00028665 
33744.6 4.0633e+18 0.0358876 0.000150444 
33754.7 4.06104e+18 0.0358709 5.78582e-06 
33764.7 4.05881e+18 0.0358548 -0.000139104 
33774.8 4.05663e+18 0.0358396 -0.000275995 
33784.9 4.0545e+18 0.0358257 -0.000397112 
33794.9 4.05243e+18 0.0358127 -0.000495577 
33805 4.05039e+18 0.0358004 -0.000565802 
33815.1 4.04837e+18 0.0357883 -0.000603804 
33825.1 4.04633e+18 0.0357759 -0.000607437 
33835.2 4.04426e+18 0.0357626 -0.000576507 
33845.3 4.04213e+18 0.0357483 -0.000512791 
33855.4 4.03994e+18 0.0357328 -0.000419931 
33865.4 4.03771e+18 0.0357164 -0.000303226 
33875.5 4.03546e+18 0.0356996 -0.000169334 
33885.6 4.0332e+18 0.0356829 -2.58909e-05 
33895.7 4.03098e+18 0.0356668 0.000118924 
33905.8 4.02881e+18 0.0356517 0.000256858 
33915.9 4.0267e+18 0.0356377 0.000380048 
33925.9 4.02465e+18 0.0356249 0.000481475 
33936 4.02263e+18 0.0356127 0.000555364 
33946.1 4.02063e+18 0.0356007 0.00059751 
33956.2 4.01861e+18 0.0355884 0.000605522 
33966.3 4.01655e+18 0.0355753 0.000578958 
33976.4 4.01444e+18 0.035561 0.000519348 
33986.5 4.01227e+18 0.0355456 0.000430113 
33996.6 4.01006e+18 0.0355293 0.000316363 
34006.7 4.00781e+18 0.0355126 0.000184609 
34016.8 4.00557e+18 0.0354959 4.2391e-05 
34026.9 4.00337e+18 0.0354798 -0.000102154 
34037 4.00121e+18 0.0354647 -0.000240758 
34047.1 3.99912e+18 0.0354509 -0.000365492 
34057.2 3.99708e+18 0.0354381 -0.000469223 
34067.3 3.99508e+18 0.035426 -0.00054602 
34077.5 3.9931e+18 0.0354142 -0.000591496 
34087.6 3.9911e+18 0.035402 -0.000603057 
34097.7 3.98906e+18 0.0353889 -0.000580052 
34107.8 3.98697e+18 0.0353748 -0.000523813 
34117.9 3.98481e+18 0.0353594 -0.000437574 
34128 3.9826e+18 0.0353431 -0.000326292 
34138.1 3.98037e+18 0.0353264 -0.000196358 
34148.3 3.97815e+18 0.0353097 -5.52347e-05 
34158.4 3.97595e+18 0.0352937 8.89735e-05 
34168.5 3.97382e+18 0.0352788 0.000227986 
34178.6 3.97174e+18 0.035265 0.000353819 
34188.8 3.96973e+18 0.0352524 0.000459247 
34198.9 3.96775e+18 0.0352404 0.000538215 
34209 3.96579e+18 0.0352287 0.000586192 
34219.2 3.9638e+18 0.0352166 0.000600425 
34229.3 3.96178e+18 0.0352036 0.000580104 
34239.4 3.95969e+18 0.0351894 0.000526408 
34249.6 3.95755e+18 0.0351741 0.000442436 
34259.7 3.95535e+18 0.0351578 0.00033303 
34269.8 3.95313e+18 0.0351411 0.0002045 
34280 3.95092e+18 0.0351245 6.42565e-05 
34290.1 3.94875e+18 0.0351087 -7.96131e-05 
34300.3 3.94663e+18 0.0350938 -0.000218812 
34310.4 3.94458e+18 0.0350802 -0.00034531 
34320.6 3.94258e+18 0.0350677 -0.000451812 
34330.7 3.94063e+18 0.0350559 -0.000532174 
34340.9 3.93868e+18 0.0350443 -0.000581762 
34351 3.93671e+18 0.0350322 -0.000597719 
34361.2 3.9347e+18 0.0350192 -0.000579132 
34371.3 3.93262e+18 0.035005 -0.000527082 
34381.5 3.93048e+18 0.0349896 -0.00044459 
34391.6 3.9283e+18 0.0349734 -0.000336435 
34401.8 3.92609e+18 0.0349567 -0.000208882 
34412 3.9239e+18 0.0349403 -6.9319e-05 
34422.1 3.92174e+18 0.0349245 7.41696e-05 
34432.3 3.91965e+18 0.0349099 0.000213273 
34442.5 3.91762e+18 0.0348965 0.000339933 
34452.6 3.91565e+18 0.0348842 0.000446816 
34462.8 3.91372e+18 0.0348725 0.000527734 
34473 3.91179e+18 0.0348609 0.000578005 
34483.1 3.90983e+18 0.0348488 0.000594726 
34493.3 3.90782e+18 0.0348357 0.00057694 
34503.5 3.90575e+18 0.0348214 0.000525695 
34513.7 3.90362e+18 0.034806 0.00044398 
34523.8 3.90144e+18 0.0347898 0.000336552 
34534 3.89925e+18 0.0347732 0.000209662 
34544.2 3.89708e+18 0.0347569 7.06891e-05 
34554.4 3.89495e+18 0.0347414 -7.2288e-05 
34564.6 3.89288e+18 0.034727 -0.000210959 
34574.7 3.89088e+18 0.0347139 -0.000337267 
34584.9 3.88893e+18 0.0347017 -0.000443876 
34595.1 3.88701e+18 0.0346901 -0.000524596 
34605.3 3.88509e+18 0.0346785 -0.000574747 
34615.5 3.88314e+18 0.0346663 -0.000591427 
34625.7 3.88114e+18 0.0346531 -0.000573683 
34635.9 3.87907e+18 0.0346388 -0.000522562 
34646.1 3.87694e+18 0.0346233 -0.000441058 
34656.3 3.87478e+18 0.0346071 -0.00033393 
34666.5 3.8726e+18 0.0345906 -0.000207427 
34676.7 3.87045e+18 0.0345745 -6.89258e-05 
34686.9 3.86835e+18 0.0345593 7.34991e-05 
34697.1 3.86631e+18 0.0345452 0.000211547 
34707.3 3.86434e+18 0.0345323 0.000337173 
34717.5 3.86241e+18 0.0345203 0.000443056 
34727.7 3.86051e+18 0.0345087 0.000523029 
34737.9 3.8586e+18 0.0344971 0.000572434 
34748.1 3.85665e+18 0.0344848 0.000588396 
34758.3 3.85465e+18 0.0344715 0.000569992 
34768.6 3.85258e+18 0.034457 0.000518305 
34778.8 3.85046e+18 0.0344414 0.00043636 
34789 3.84831e+18 0.0344253 0.00032895 
34799.2 3.84616e+18 0.034409 0.000202358 
34809.4 3.84403e+18 0.0343931 6.39875e-05 
34819.7 3.84196e+18 0.0343782 -7.80664e-05 
34829.9 3.83995e+18 0.0343644 -0.000215491 
34840.1 3.838e+18 0.0343517 -0.000340241 
34850.3 3.8361e+18 0.0343399 -0.000445012 
34860.6 3.83421e+18 0.0343284 -0.000523667 
34870.8 3.8323e+18 0.0343166 -0.000571595 
34881 3.83035e+18 0.0343042 -0.000585987 
34891.3 3.82835e+18 0.0342907 -0.000565998 
34901.5 3.82628e+18 0.034276 -0.000512801 
34911.7 3.82417e+18 0.0342604 -0.000429519 
34922 3.82204e+18 0.0342444 -0.000321043 
34932.2 3.81991e+18 0.0342283 -0.000193746 
34942.4 3.81781e+18 0.0342127 -5.51115e-05 
34952.7 3.81577e+18 0.0341982 8.67097e-05 
34962.9 3.8138e+18 0.0341847 0.000223374 
34973.2 3.81187e+18 0.0341722 0.00034684 
34983.4 3.80999e+18 0.0341605 0.00044984 
34993.7 3.8081e+18 0.0341489 0.00052631 
35003.9 3.8062e+18 0.0341371 0.000571749 
35014.2 3.80425e+18 0.0341244 0.000583481 
35024.4 3.80224e+18 0.0341107 0.000560822 
35034.7 3.80018e+18 0.0340959 0.000505113 
35044.9 3.79807e+18 0.0340803 0.000419647 
35055.2 3.79596e+18 0.0340644 0.000309474 
35065.4 3.79386e+18 0.0340486 0.000181101 
35075.7 3.7918e+18 0.0340334 4.21124e-05 
35086 3.78979e+18 0.0340192 -9.9281e-05 
35096.2 3.78784e+18 0.034006 -0.000234728 
35106.5 3.78594e+18 0.0339937 -0.000356228 
35116.8 3.78407e+18 0.033982 -0.000456606 
35127 3.78219e+18 0.0339704 -0.000529938 
35137.3 3.78028e+18 0.0339583 -0.000571898 
35147.6 3.77832e+18 0.0339454 -0.000580018 
35157.8 3.77631e+18 0.0339315 -0.000553832 
35168.1 3.77426e+18 0.0339167 -0.000494903 
35178.4 3.77217e+18 0.0339012 -0.00040673 
35188.7 3.77008e+18 0.0338854 -0.000294545 
35199 3.76801e+18 0.0338699 -0.000164999 
35209.2 3.76598e+18 0.0338551 -2.57671e-05 
35219.5 3.76401e+18 0.0338412 0.0001149 
35229.8 3.76209e+18 0.0338283 0.000248669 
35240.1 3.7602e+18 0.0338162 0.000367619 
35250.4 3.75834e+18 0.0338045 0.000464706 
35260.7 3.75646e+18 0.0337927 0.000534182 
35270.9 3.75455e+18 0.0337804 0.000571939 
35281.2 3.75259e+18 0.0337673 0.000575746 
35291.5 3.75058e+18 0.0337532 0.000545389 
35301.8 3.74853e+18 0.0337383 0.000482679 
35312.1 3.74646e+18 0.0337229 0.000391347 
35322.4 3.7444e+18 0.0337074 0.000276823 
35332.7 3.74236e+18 0.0336923 0.000145914 
35343 3.74037e+18 0.0336778 6.40132e-06 
35353.3 3.73843e+18 0.0336643 -0.000133422 
35363.6 3.73653e+18 0.0336517 -0.000265242 
35373.9 3.73466e+18 0.0336396 -0.000381222 
35384.2 3.73279e+18 0.0336279 -0.000474462 
35394.5 3.73091e+18 0.0336159 -0.000539416 
35404.9 3.72899e+18 0.0336034 -0.000572221 
35415.2 3.72703e+18 0.03359 -0.000570926 
35425.5 3.72503e+18 0.0335758 -0.00053561 
35435.8 3.72299e+18 0.0335609 -0.000468383 
35446.1 3.72095e+18 0.0335457 -0.000373256 
35456.4 3.71891e+18 0.0335305 -0.000255904 
35466.7 3.71691e+18 0.0335157 -0.000123334 
35477.1 3.71495e+18 0.0335016 1.65403e-05 
35487.4 3.71304e+18 0.0334884 0.000155365 
35497.7 3.71116e+18 0.0334759 0.000284847 
35508 3.70929e+18 0.0334639 0.000397249 
35518.4 3.70743e+18 0.033452 0.000485853 
35528.7 3.70554e+18 0.0334398 0.000545364 
35539 3.70362e+18 0.0334271 0.000572226 
35549.4 3.70166e+18 0.0334136 0.000564835 
35559.7 3.69966e+18 0.0333993 0.000523641 
35570 3.69765e+18 0.0333845 0.000451116 
35580.4 3.69563e+18 0.0333695 0.000351612 
35590.7 3.69363e+18 0.0333546 0.000231095 
35601 3.69166e+18 0.0333402 9.6796e-05 
35611.4 3.68973e+18 0.0333264 -4.32301e-05 
35621.7 3.68784e+18 0.0333134 -0.000180584 
35632.1 3.68597e+18 0.033301 -0.000307026 
35642.4 3.68411e+18 0.033289 -0.000414972 
35652.8 3.68224e+18 0.0332769 -0.000497948 
35663.1 3.68035e+18 0.0332646 -0.000550981 
35673.5 3.67843e+18 0.0332516 -0.000570897 
35683.8 3.67648e+18 0.033238 -0.00055651 
35694.2 3.67449e+18 0.0332238 -0.000508699 
35704.5 3.6725e+18 0.0332091 -0.00043035 
35714.9 3.67051e+18 0.0331943 -0.000326184 
35725.2 3.66854e+18 0.0331798 -0.000202477 
35735.6 3.6666e+18 0.0331657 -6.66767e-05 
35746 3.6647e+18 0.0331522 7.30421e-05 
35756.3 3.66282e+18 0.0331394 0.00020827 
35766.7 3.66096e+18 0.033127 0.00033087 
35777 3.6591e+18 0.0331149 0.000433467 
35787.4 3.65723e+18 0.0331027 0.00050989 
35797.8 3.65534e+18 0.0330901 0.000555548 
35808.2 3.65342e+18 0.0330771 0.000567705 
35818.5 3.65148e+18 0.0330634 0.000545641 
35828.9 3.64952e+18 0.0330492 0.000490702 
35839.3 3.64755e+18 0.0330347 0.000406213 
35849.7 3.64559e+18 0.0330202 0.000297282 
35860 3.64365e+18 0.033006 0.000170491 
35870.4 3.64174e+18 0.0329921 3.34964e-05 
35880.8 3.63985e+18 0.0329789 -0.00010543 
35891.2 3.63798e+18 0.0329661 -0.000237899 
35901.6 3.63612e+18 0.0329538 -0.000355915 
35911.9 3.63427e+18 0.0329415 -0.000452354 
35922.3 3.6324e+18 0.0329292 -0.000521398 
35932.7 3.63051e+18 0.0329165 -0.000558883 
35943.1 3.6286e+18 0.0329034 -0.000562553 
35953.5 3.62667e+18 0.0328897 -0.000532197 
35963.9 3.62473e+18 0.0328757 -0.000469662 
35974.3 3.62279e+18 0.0328614 -0.000378742 
35984.7 3.62086e+18 0.0328471 -0.000264947 
35995.1 3.61894e+18 0.0328331 -0.000135175 
36005.5 3.61705e+18 0.0328195 2.71177e-06 
36015.9 3.61518e+18 0.0328064 0.000140356 
36026.3 3.61332e+18 0.0327937 0.000269416 
36036.7 3.61146e+18 0.0327813 0.00038207 
36047.1 3.60961e+18 0.032769 0.000471489 
36057.5 3.60774e+18 0.0327566 0.000532256 
36067.9 3.60586e+18 0.0327438 0.000560687 
36078.3 3.60397e+18 0.0327307 0.000555066 
36088.7 3.60206e+18 0.0327171 0.00051574 
36099.2 3.60014e+18 0.0327032 0.000445106 
36109.6 3.59823e+18 0.0326891 0.000347462 
36120 3.59632e+18 0.032675 0.00022875 
36130.4 3.59442e+18 0.0326612 9.61927e-05 
36140.8 3.59254e+18 0.0326477 -4.21446e-05 
36151.3 3.59068e+18 0.0326347 -0.000177843 
36161.7 3.58882e+18 0.032622 -0.000302645 
36172.1 3.58698e+18 0.0326096 -0.000408954 
36182.5 3.58513e+18 0.0325973 -0.0004903 
36193 3.58327e+18 0.0325848 -0.000541735 
36203.4 3.5814e+18 0.032572 -0.000560129 
36213.8 3.57953e+18 0.0325589 -0.000544371 
36224.2 3.57764e+18 0.0325454 -0.000495431 
36234.7 3.57574e+18 0.0325317 -0.000416301 
36245.1 3.57385e+18 0.0325177 -0.000311817 
36255.6 3.57195e+18 0.0325038 -0.000188364 
36266 3.57007e+18 0.0324901 -5.34821e-05 
36276.4 3.5682e+18 0.0324768 8.45883e-05 
36286.9 3.56635e+18 0.0324638 0.000217413 
36297.3 3.5645e+18 0.0324512 0.000336879 
36307.8 3.56266e+18 0.0324388 0.000435687 
36318.2 3.56082e+18 0.0324264 0.000507804 
36328.7 3.55898e+18 0.032414 0.000548828 
36339.1 3.55713e+18 0.0324013 0.000556258 
36349.6 3.55527e+18 0.0323882 0.000529649 
36360 3.5534e+18 0.0323748 0.00047064 
36370.5 3.55152e+18 0.0323611 0.000382852 
36380.9 3.54964e+18 0.0323473 0.00027167 
36391.4 3.54777e+18 0.0323335 0.000143911 
36401.8 3.5459e+18 0.0323199 7.40572e-06 
36412.3 3.54404e+18 0.0323066 -0.000129476 
36422.8 3.54219e+18 0.0322937 -0.000258342 
36433.2 3.54035e+18 0.0322811 -0.000371294 
36443.7 3.53853e+18 0.0322688 -0.000461405 
36454.2 3.5367e+18 0.0322565 -0.000523154 
36464.6 3.53488e+18 0.0322441 -0.000552757 
36475.1 3.53304e+18 0.0322315 -0.000548405 
36485.6 3.5312e+18 0.0322184 -0.000510373 
36496.1 3.52935e+18 0.0322051 -0.000441007 
36506.5 3.52749e+18 0.0321914 -0.000344575 
36517 3.52562e+18 0.0321777 -0.000227013 
36527.5 3.52375e+18 0.0321639 -9.55539e-05 
36538 3.52189e+18 0.0321504 4.17134e-05 
36548.4 3.52004e+18 0.0321373 0.000176341 
36558.9 3.5182e+18 0.0321245 0.000300045 
36569.4 3.51638e+18 0.032112 0.00040521 
36579.9 3.51457e+18 0.0320998 0.000485365 
36590.4 3.51277e+18 0.0320876 0.000535576 
36600.9 3.51096e+18 0.0320752 0.000552757 
36611.4 3.50914e+18 0.0320626 0.000535854 
36621.9 3.50732e+18 0.0320496 0.000485918 
36632.3 3.50547e+18 0.0320363 0.000406037 
36642.8 3.50362e+18 0.0320226 0.000301144 
36653.3 3.50176e+18 0.0320089 0.000177721 
36663.8 3.4999e+18 0.0319952 4.33902e-05 
36674.3 3.49805e+18 0.0319818 -9.35498e-05 
36684.8 3.49621e+18 0.0319687 -0.000224639 
36695.3 3.49439e+18 0.0319561 -0.000341778 
36705.9 3.49259e+18 0.0319438 -0.000437729 
36716.4 3.4908e+18 0.0319317 -0.000506566 
36726.9 3.48902e+18 0.0319196 -0.000544037 
36737.4 3.48722e+18 0.0319073 -0.000547831 
36747.9 3.48542e+18 0.0318947 -0.000517721 
36758.4 3.4836e+18 0.0318817 -0.000455578 
36768.9 3.48177e+18 0.0318682 -0.000365259 
36779.4 3.47992e+18 0.0318545 -0.000252364 
36789.9 3.47806e+18 0.0318408 -0.000123892 
36800.5 3.47621e+18 0.0318272 1.21916e-05 
36811 3.47438e+18 0.0318139 0.000147448 
36821.5 3.47256e+18 0.0318011 0.000273492 
36832 3.47076e+18 0.0317887 0.000382506 
36842.6 3.46898e+18 0.0317766 0.00046773 
36853.1 3.46722e+18 0.0317647 0.000523879 
36863.6 3.46545e+18 0.0317526 0.000547475 
36874.1 3.46367e+18 0.0317403 0.000537058 
36884.7 3.46187e+18 0.0317276 0.000493282 
36895.2 3.46006e+18 0.0317145 0.000418873 
36905.7 3.45822e+18 0.0317009 0.000318464 
36916.3 3.45638e+18 0.0316872 0.000198301 
36926.8 3.45453e+18 0.0316735 6.58625e-05 
36937.4 3.4527e+18 0.0316601 -7.06097e-05 
36947.9 3.45088e+18 0.031647 -0.000202621 
36958.4 3.44909e+18 0.0316345 -0.000321954 
36969 3.44732e+18 0.0316223 -0.000421178 
36979.5 3.44556e+18 0.0316104 -0.000494117 
36990.1 3.44381e+18 0.0315986 -0.000536227 
37000.6 3.44205e+18 0.0315866 -0.000544891 
37011.2 3.44028e+18 0.0315742 -0.000519572 
37021.7 3.43849e+18 0.0315613 -0.000461856 
37032.3 3.43667e+18 0.031548 -0.00037535 
37042.8 3.43484e+18 0.0315344 -0.000265458 
37053.4 3.433e+18 0.0315206 -0.000139045 
37064 3.43117e+18 0.0315071 -4.01031e-06 
37074.5 3.42935e+18 0.0314939 0.000131208 
37085.1 3.42756e+18 0.0314811 0.00025816 
37095.6 3.4258e+18 0.0314688 0.000368909 
37106.2 3.42405e+18 0.0314569 0.000456534 
37116.8 3.42232e+18 0.0314452 0.000515558 
37127.3 3.42058e+18 0.0314334 0.000542293 
37137.9 3.41883e+18 0.0314213 0.000535073 
37148.5 3.41705e+18 0.0314087 0.000494358 
37159.1 3.41526e+18 0.0313956 0.000422707 
37169.6 3.41344e+18 0.0313822 0.000324614 
37180.2 3.41161e+18 0.0313685 0.000206235 
37190.8 3.40979e+18 0.0313549 7.49929e-05 
37201.4 3.40798e+18 0.0313416 -6.08783e-05 
37212 3.40619e+18 0.0313287 -0.000192857 
37222.5 3.40443e+18 0.0313162 -0.000312664 
37233.1 3.40269e+18 0.0313043 -0.000412787 
37243.7 3.40097e+18 0.0312926 -0.000486944 
37254.3 3.39925e+18 0.0312809 -0.000530489 
37264.9 3.39751e+18 0.031269 -0.000540696 
37275.5 3.39576e+18 0.0312567 -0.000516932 
37286.1 3.39398e+18 0.0312439 -0.0004607 
37296.7 3.39218e+18 0.0312307 -0.000375543 
37307.3 3.39037e+18 0.0312171 -0.000266823 
37317.8 3.38856e+18 0.0312035 -0.000141382 
37328.4 3.38675e+18 0.0311901 -7.11578e-06 
37339 3.38497e+18 0.0311771 0.000127527 
37349.6 3.38321e+18 0.0311645 0.000254072 
37360.3 3.38148e+18 0.0311524 0.000364555 
37370.9 3.37976e+18 0.0311407 0.000452022 
37381.5 3.37805e+18 0.0311291 0.000510969 
37392.1 3.37634e+18 0.0311173 0.000537688 
37402.7 3.3746e+18 0.0311053 0.000530501 
37413.3 3.37285e+18 0.0310928 0.000489868 
37423.9 3.37107e+18 0.0310798 0.000418356 
37434.5 3.36927e+18 0.0310664 0.000320483 
37445.1 3.36747e+18 0.0310529 0.000202428 
37455.8 3.36568e+18 0.0310395 7.16475e-05 
37466.4 3.3639e+18 0.0310263 -6.35989e-05 
37477 3.36214e+18 0.0310136 -0.000194768 
37487.6 3.36041e+18 0.0310014 -0.000313571 
37498.2 3.3587e+18 0.0309896 -0.000412499 
37508.9 3.357e+18 0.030978 -0.0004853 
37519.5 3.3553e+18 0.0309663 -0.000527371 
37530.1 3.35358e+18 0.0309545 -0.000536053 
37540.8 3.35184e+18 0.0309422 -0.000510798 
37551.4 3.35009e+18 0.0309295 -0.00045321 
37562 3.34831e+18 0.0309164 -0.000366939 
37572.7 3.34652e+18 0.030903 -0.000257453 
37583.3 3.34474e+18 0.0308896 -0.000131696 
37593.9 3.34297e+18 0.0308764 2.35679e-06 
37604.6 3.34122e+18 0.0308636 0.000136202 
37615.2 3.33949e+18 0.0308512 0.000261347 
37625.8 3.33779e+18 0.0308393 0.000369848 
37636.5 3.33609e+18 0.0308276 0.000454818 
37647.1 3.3344e+18 0.030816 0.000510864 
37657.8 3.3327e+18 0.0308043 0.000534428 
37668.4 3.33098e+18 0.0307923 0.000524018 
37679.1 3.32924e+18 0.0307798 0.000480301 
37689.7 3.32748e+18 0.0307669 0.000406064 
37700.4 3.32572e+18 0.0307537 0.000306036 
37711.1 3.32395e+18 0.0307404 0.000186587 
37721.7 3.32219e+18 0.0307272 5.53266e-05 
37732.4 3.32044e+18 0.0307143 -7.93848e-05 
37743 3.31872e+18 0.0307019 -0.000208966 
37753.7 3.31702e+18 0.0306898 -0.000325162 
37764.4 3.31533e+18 0.030678 -0.000420573 
37775 3.31364e+18 0.0306665 -0.000489122 
37785.7 3.31195e+18 0.0306548 -0.000526446 
37796.4 3.31025e+18 0.030643 -0.000530177 
37807 3.30853e+18 0.0306307 -0.000500087 
37817.7 3.30679e+18 0.0306181 -0.000438108 
37828.4 3.30504e+18 0.0306051 -0.000348209 
37839 3.30329e+18 0.030592 -0.00023614 
37849.7 3.30154e+18 0.0305788 -0.000109064 
37860.4 3.29981e+18 0.0305659 2.48951e-05 
37871.1 3.29809e+18 0.0305533 0.000157177 
37881.8 3.29639e+18 0.0305411 0.000279329 
37892.4 3.2947e+18 0.0305292 0.000383549 
37903.1 3.29302e+18 0.0305176 0.00046318 
37913.8 3.29134e+18 0.030506 0.000513141 
37924.5 3.28965e+18 0.0304943 0.000530248 
37935.2 3.28795e+18 0.0304823 0.000513419 
37945.9 3.28624e+18 0.0304699 0.000463744 
37956.6 3.28451e+18 0.0304572 0.000384414 
37967.3 3.28277e+18 0.0304442 0.00028052 
37978 3.28104e+18 0.0304312 0.000158722 
37988.7 3.27931e+18 0.0304182 2.68282e-05 
37999.4 3.2776e+18 0.0304055 -0.000106708 
38010.1 3.2759e+18 0.0303932 -0.000233328 
38020.8 3.27421e+18 0.0303812 -0.000344917 
38031.5 3.27254e+18 0.0303695 -0.000434323 
38042.2 3.27087e+18 0.030358 -0.000495817 
38052.9 3.2692e+18 0.0303463 -0.00052546 
38063.6 3.26751e+18 0.0303345 -0.000521356 
38074.3 3.26582e+18 0.0303224 -0.000483774 
38085 3.26411e+18 0.0303099 -0.000415133 
38095.7 3.26239e+18 0.0302971 -0.00031985 
38106.4 3.26067e+18 0.0302842 -0.00020405 
38117.2 3.25895e+18 0.0302713 -7.51808e-05 
38127.9 3.25725e+18 0.0302585 5.84678e-05 
38138.6 3.25555e+18 0.0302461 0.000188297 
38149.3 3.25387e+18 0.030234 0.000305952 
38160 3.2522e+18 0.0302222 0.000403858 
38170.8 3.25053e+18 0.0302106 0.00047571 
38181.5 3.24887e+18 0.0301991 0.000516881 
38192.2 3.24721e+18 0.0301874 0.000524719 
38203 3.24553e+18 0.0301755 0.000498721 
38213.7 3.24384e+18 0.0301632 0.000440565 
38224.4 3.24214e+18 0.0301507 0.000354006 
38235.1 3.24044e+18 0.0301379 0.000244634 
38245.9 3.23873e+18 0.030125 0.000119512 
38256.6 3.23703e+18 0.0301122 -1.32737e-05 
38267.4 3.23534e+18 0.0300997 -0.000145144 
38278.1 3.23366e+18 0.0300875 -0.000267574 
38288.8 3.23199e+18 0.0300756 -0.000372648 
38299.6 3.23034e+18 0.030064 -0.000453573 
38310.3 3.22868e+18 0.0300525 -0.000505117 
38321.1 3.22703e+18 0.0300409 -0.000523948 
38331.8 3.22538e+18 0.0300292 -0.000508856 
38342.6 3.22371e+18 0.0300172 -0.000460823 
38353.3 3.22203e+18 0.0300049 -0.000382971 
38364.1 3.22034e+18 0.0299922 -0.000280351 
38374.8 3.21864e+18 0.0299794 -0.00015962 
38385.6 3.21695e+18 0.0299667 -2.86119e-05 
38396.4 3.21526e+18 0.029954 0.000104177 
38407.1 3.21359e+18 0.0299417 0.000230132 
38417.9 3.21192e+18 0.0299297 0.000341086 
38428.6 3.21027e+18 0.0299181 0.000429844 
38439.4 3.20863e+18 0.0299066 0.000490652 
38450.2 3.20699e+18 0.0298952 0.000519573 
38460.9 3.20535e+18 0.0298836 0.00051474 
38471.7 3.2037e+18 0.0298718 0.000476478 
38482.5 3.20204e+18 0.0298597 0.000407286 
38493.3 3.20037e+18 0.0298472 0.000311667 
38504 3.19869e+18 0.0298346 0.000195846 
38514.8 3.197e+18 0.0298218 6.73573e-05 
38525.6 3.19532e+18 0.0298091 -6.54406e-05 
38536.4 3.19365e+18 0.0297967 -0.00019391 
38547.1 3.19199e+18 0.0297846 -0.000309695 
38557.9 3.19035e+18 0.0297729 -0.000405264 
38568.7 3.18871e+18 0.0297614 -0.000474401 
38579.5 3.18709e+18 0.0297501 -0.00051261 
38590.3 3.18546e+18 0.0297387 -0.000517409 
38601.1 3.18383e+18 0.0297271 -0.000488489 
38611.9 3.18219e+18 0.0297152 -0.000427741 
38622.7 3.18053e+18 0.0297029 -0.000339126 
38633.5 3.17887e+18 0.0296903 -0.000228428 
38644.3 3.17719e+18 0.0296776 -0.000102867 
38655.1 3.17551e+18 0.0296649 2.93614e-05 
38665.8 3.17385e+18 0.0296524 0.000159625 
38676.6 3.17219e+18 0.0296403 0.000279418 
38687.5 3.17055e+18 0.0296285 0.000380912 
38698.3 3.16893e+18 0.029617 0.000457476 
38709.1 3.16732e+18 0.0296057 0.000504102 
38719.9 3.16571e+18 0.0295945 0.000517738 
38730.7 3.16409e+18 0.029583 0.000497491 
38741.5 3.16247e+18 0.0295713 0.000444683 
38752.3 3.16083e+18 0.0295592 0.000362772 
38763.1 3.15917e+18 0.0295468 0.000257121 
38773.9 3.15751e+18 0.0295341 0.000134652 
38784.7 3.15584e+18 0.0295214 3.39438e-06 
38795.6 3.15418e+18 0.0295089 -0.000128044 
38806.4 3.15253e+18 0.0294966 -0.000251038 
38817.2 3.15089e+18 0.0294848 -0.000357516 
38828 3.14928e+18 0.0294733 -0.000440485 
38838.9 3.14767e+18 0.029462 -0.000494496 
38849.7 3.14608e+18 0.0294509 -0.000516 
38860.5 3.14448e+18 0.0294396 -0.000503585 
38871.3 3.14287e+18 0.0294281 -0.00045807 
38882.2 3.14125e+18 0.0294162 -0.000382451 
38893 3.13961e+18 0.0294039 -0.000281707 
38903.8 3.13795e+18 0.0293913 -0.000162472 
38914.7 3.13629e+18 0.0293786 -3.25983e-05 
38925.5 3.13464e+18 0.029366 9.93582e-05 
38936.4 3.13299e+18 0.0293537 0.000224705 
38947.2 3.13137e+18 0.0293418 0.000335183 
38958 3.12976e+18 0.0293303 0.000423514 
38968.9 3.12817e+18 0.0293191 0.000483881 
38979.7 3.12658e+18 0.029308 0.00051231 
38990.6 3.125e+18 0.0292969 0.000506934 
39001.4 3.12341e+18 0.0292855 0.00046812 
39012.3 3.1218e+18 0.0292738 0.000398439 
39023.1 3.12017e+18 0.0292616 0.000302503 
39034 3.11853e+18 0.0292491 0.000186655 
39044.8 3.11688e+18 0.0292364 5.85533e-05 
39055.7 3.11523e+18 0.0292238 -7.33342e-05 
39066.6 3.11359e+18 0.0292115 -0.000200292 
39077.4 3.11197e+18 0.0291995 -0.000313929 
39088.3 3.11037e+18 0.029188 -0.00040674 
39099.1 3.10879e+18 0.0291768 -0.000472595 
39110 3.10721e+18 0.0291658 -0.000507148 
39120.9 3.10565e+18 0.0291549 -0.000508128 
39131.7 3.10407e+18 0.0291436 -0.000475481 
39142.6 3.10247e+18 0.029132 -0.000411383 
39153.5 3.10086e+18 0.02912 -0.000320089 
39164.4 3.09923e+18 0.0291076 -0.000207658 
39175.2 3.09759e+18 0.0290949 -8.15454e-05 
39186.1 3.09595e+18 0.0290823 4.98873e-05 
39197 3.09431e+18 0.0290699 0.000177926 
39207.9 3.0927e+18 0.0290579 0.000294084 
39218.8 3.09111e+18 0.0290464 0.000390662 
39229.6 3.08954e+18 0.0290353 0.000461261 
39240.5 3.08798e+18 0.0290244 0.000501206 
39251.4 3.08642e+18 0.0290135 0.000507858 
39262.3 3.08486e+18 0.0290024 0.000480787 
39273.2 3.08328e+18 0.0289909 0.000421804 
39284.1 3.08168e+18 0.028979 0.000334838 
39295 3.08006e+18 0.0289667 0.000225678 
39305.9 3.07843e+18 0.0289541 0.000101587 
39316.8 3.07679e+18 0.0289415 -2.91779e-05 
39327.7 3.07517e+18 0.0289291 -0.000157918 
39338.6 3.07356e+18 0.0289171 -0.000276071 
39349.5 3.07198e+18 0.0289055 -0.000375776 
39360.4 3.07041e+18 0.0288944 -0.000450404 
39371.3 3.06887e+18 0.0288836 -0.000494994 
39382.2 3.06732e+18 0.0288728 -0.000506587 
39393.1 3.06577e+18 0.0288618 -0.00048442 
39404 3.06421e+18 0.0288505 -0.000429985 
39414.9 3.06262e+18 0.0288387 -0.000346919 
39425.8 3.06101e+18 0.0288264 -0.000240773 
39436.7 3.05939e+18 0.0288139 -0.000118633 
39447.7 3.05776e+18 0.0288013 1.1344e-05 
39458.6 3.05615e+18 0.0287889 0.000140482 
39469.5 3.05455e+18 0.0287769 0.000260159 
39480.4 3.05297e+18 0.0287653 0.000362386 
39491.3 3.05142e+18 0.0287542 0.000440342 
39502.3 3.04988e+18 0.0287435 0.000488824 
39513.2 3.04835e+18 0.0287328 0.000504603 
39524.1 3.04681e+18 0.0287219 0.000486636 
39535 3.04526e+18 0.0287107 0.000436135 
39546 3.04368e+18 0.028699 0.00035649 
39556.9 3.04209e+18 0.0286868 0.000253043 
39567.8 3.04048e+18 0.0286743 0.000132724 
39578.8 3.03886e+18 0.0286618 3.5973e-06 
39589.7 3.03725e+18 0.0286494 -0.000125687 
39600.7 3.03566e+18 0.0286374 -0.000246468 
39611.6 3.03409e+18 0.0286258 -0.000350655 
39622.5 3.03255e+18 0.0286148 -0.00043127 
39633.5 3.03102e+18 0.028604 -0.000482917 
39644.4 3.0295e+18 0.0285934 -0.000502143 
39655.4 3.02798e+18 0.0285826 -0.000487671 
39666.3 3.02644e+18 0.0285715 -0.000440484 
39677.3 3.02487e+18 0.0285599 -0.000363762 
39688.2 3.02329e+18 0.0285478 -0.000262667 
39699.2 3.02169e+18 0.0285354 -0.000143997 
39710.1 3.02008e+18 0.0285229 -1.57311e-05 
39721.1 3.01848e+18 0.0285105 0.000113509 
39732.1 3.0169e+18 0.0284985 0.000235037 
39743 3.01534e+18 0.028487 0.000340686 
39754 3.01381e+18 0.028476 0.000423357 
39764.9 3.01229e+18 0.0284653 0.000477497 
39775.9 3.01078e+18 0.0284547 0.000499475 
39786.9 3.00927e+18 0.0284441 0.000487821 
39797.8 3.00774e+18 0.028433 0.000443333 
39808.8 3.00619e+18 0.0284215 0.000369017 
39819.8 3.00461e+18 0.0284095 0.000269889 
39830.8 3.00302e+18 0.0283972 0.000152633 
39841.7 3.00142e+18 0.0283847 2.51591e-05 
39852.7 2.99983e+18 0.0283723 -0.000103938 
39863.7 2.99826e+18 0.0283604 -0.000225953 
39874.7 2.99671e+18 0.0283489 -0.000332657 
39885.6 2.99519e+18 0.0283379 -0.000416857 
39896.6 2.99368e+18 0.0283272 -0.000472875 
39907.6 2.99218e+18 0.0283168 -0.000496936 
39918.6 2.99068e+18 0.0283062 -0.000487423 
39929.6 2.98916e+18 0.0282952 -0.000444987 
39940.6 2.98762e+18 0.0282837 -0.000372499 
39951.6 2.98606e+18 0.0282718 -0.000274867 
39962.6 2.98448e+18 0.0282595 -0.000158695 
39973.6 2.98289e+18 0.0282471 -3.18416e-05 
39984.6 2.98131e+18 0.0282348 9.71081e-05 
39995.6 2.97975e+18 0.0282228 0.000219428 
40006.6 2.97821e+18 0.0282114 0.000326838 
40017.6 2.97669e+18 0.0282004 0.000412067 
40028.6 2.9752e+18 0.0281899 0.000469343 
40039.6 2.97371e+18 0.0281794 0.000494787 
40050.6 2.97222e+18 0.0281689 0.000486678 
40061.6 2.97071e+18 0.028158 0.000445567 
40072.6 2.96918e+18 0.0281466 0.000374245 
40083.6 2.96762e+18 0.0281347 0.000277553 
40094.6 2.96605e+18 0.0281225 0.000162055 
40105.6 2.96447e+18 0.0281101 3.55958e-05 
40116.7 2.9629e+18 0.0280979 -9.32359e-05 
40127.7 2.96135e+18 0.028086 -0.000215685 
40138.7 2.95982e+18 0.0280746 -0.000323429 
40149.7 2.95832e+18 0.0280637 -0.000409142 
40160.7 2.95684e+18 0.0280532 -0.000466994 
40171.8 2.95536e+18 0.0280428 -0.000493048 
40182.8 2.95388e+18 0.0280323 -0.000485533 
40193.8 2.95238e+18 0.0280214 -0.000444961 
40204.8 2.95085e+18 0.0280101 -0.000374096 
40215.9 2.94931e+18 0.0279983 -0.000277768 
40226.9 2.94775e+18 0.0279861 -0.000162543 
40237.9 2.94618e+18 0.0279738 -3.62789e-05 
40249 2.94462e+18 0.0279616 9.24119e-05 
40260 2.94308e+18 0.0279498 0.000214749 
40271.1 2.94156e+18 0.0279385 0.000322383 
40282.1 2.94007e+18 0.0279276 0.000407967 
40293.1 2.9386e+18 0.0279172 0.000465658 
40304.2 2.93713e+18 0.0279068 0.000491517 
40315.2 2.93565e+18 0.0278963 0.000483781 
40326.3 2.93416e+18 0.0278855 0.000442981 
40337.3 2.93265e+18 0.0278742 0.000371912 
40348.4 2.93111e+18 0.0278624 0.000275439 
40359.4 2.92956e+18 0.0278503 0.000160166 
40370.5 2.928e+18 0.0278381 3.39835e-05 
40381.5 2.92646e+18 0.027826 -9.44681e-05 
40392.6 2.92493e+18 0.0278142 -0.000216393 
40403.7 2.92342e+18 0.027803 -0.000323442 
40414.7 2.92194e+18 0.0277922 -0.000408283 
40425.8 2.92048e+18 0.0277818 -0.000465107 
40436.9 2.91902e+18 0.0277715 -0.000490023 
40447.9 2.91755e+18 0.027761 -0.00048133 
40459 2.91606e+18 0.0277502 -0.00043963 
40470.1 2.91456e+18 0.027739 -0.00036779 
40481.1 2.91303e+18 0.0277272 -0.000270745 
40492.2 2.91149e+18 0.0277152 -0.000155161 
40503.3 2.90994e+18 0.027703 -2.89767e-05 
40514.4 2.90841e+18 0.027691 9.91413e-05 
40525.4 2.9069e+18 0.0276794 0.000220392 
40536.5 2.9054e+18 0.0276682 0.000326444 
40547.6 2.90393e+18 0.0276575 0.000410012 
40558.7 2.90248e+18 0.0276471 0.000465354 
40569.8 2.90102e+18 0.0276368 0.000488666 
40580.8 2.89956e+18 0.0276264 0.000478348 
40591.9 2.89808e+18 0.0276156 0.000435113 
40603 2.89659e+18 0.0276043 0.00036194 
40614.1 2.89507e+18 0.0275926 0.000263868 
40625.2 2.89354e+18 0.0275807 0.000147654 
40636.3 2.89201e+18 0.0275686 2.13048e-05 
40647.4 2.89049e+18 0.0275567 -0.000106471 
40658.5 2.88898e+18 0.0275451 -0.000226862 
40669.6 2.8875e+18 0.027534 -0.000331565 
40680.7 2.88604e+18 0.0275234 -0.000413355 
40691.8 2.8846e+18 0.027513 -0.000466586 
40702.9 2.88315e+18 0.0275027 -0.000487579 
40714 2.88169e+18 0.0274923 -0.000474884 
40725.1 2.88022e+18 0.0274815 -0.000429374 
40736.2 2.87873e+18 0.0274703 -0.000354196 
40747.3 2.87722e+18 0.0274587 -0.000254545 
40758.5 2.8757e+18 0.0274468 -0.000137315 
40769.6 2.87419e+18 0.0274348 -1.06196e-05 
40780.7 2.87268e+18 0.027423 0.00011677 
40791.8 2.87119e+18 0.0274116 0.00023603 
40802.9 2.86972e+18 0.0274005 0.000338896 
40814 2.86827e+18 0.0273899 0.000418239 
40825.2 2.86683e+18 0.0273795 0.000468556 
40836.3 2.86539e+18 0.0273693 0.000486359 
40847.4 2.86393e+18 0.0273588 0.000470414 
40858.5 2.86247e+18 0.0273481 0.000421832 
40869.7 2.86099e+18 0.0273369 0.000343989 
40880.8 2.85949e+18 0.0273254 0.000242297 
40891.9 2.85799e+18 0.0273136 0.000123824 
40903.1 2.85649e+18 0.0273018 -3.18999e-06 
40914.2 2.855e+18 0.0272901 -0.000129915 
40925.3 2.85352e+18 0.0272787 -0.000247539 
40936.5 2.85206e+18 0.0272677 -0.000347883 
40947.6 2.85061e+18 0.027257 -0.00042397 
40958.8 2.84917e+18 0.0272467 -0.000470515 
40969.9 2.84774e+18 0.0272364 -0.000484288 
40981.1 2.84629e+18 0.027226 -0.000464343 
40992.2 2.84483e+18 0.0272153 -0.000412083 
41003.4 2.84336e+18 0.0272042 -0.000331161 
41014.5 2.84188e+18 0.0271928 -0.000227228 
41025.7 2.84039e+18 0.0271811 -0.000107535 
41036.8 2.83891e+18 0.0271693 1.95675e-05 
41048 2.83743e+18 0.0271577 0.000145217 
41059.1 2.83596e+18 0.0271464 0.000260654 
41070.3 2.83451e+18 0.0271354 0.000357832 
41081.5 2.83306e+18 0.0271248 0.000429983 
41092.6 2.83163e+18 0.0271144 0.000472085 
41103.8 2.8302e+18 0.0271041 0.000481213 
41114.9 2.82876e+18 0.0270937 0.000456747 
41126.1 2.82731e+18 0.0270831 0.000400408 
41137.3 2.82586e+18 0.0270721 0.000316145 
41148.5 2.82439e+18 0.0270608 0.000209855 
41159.6 2.82292e+18 0.0270492 8.89724e-05 
41170.8 2.82144e+18 0.0270375 -3.80503e-05 
41182 2.81997e+18 0.027026 -0.000162332 
41193.2 2.81851e+18 0.0270147 -0.000275184 
41204.3 2.81706e+18 0.0270037 -0.000368717 
41215.5 2.81563e+18 0.0269931 -0.000436394 
41226.7 2.8142e+18 0.0269827 -0.000473486 
41237.9 2.81277e+18 0.0269725 -0.000477407 
41249.1 2.81134e+18 0.0269622 -0.000447889 
41260.3 2.80991e+18 0.0269516 -0.00038701 
41271.4 2.80847e+18 0.0269407 -0.000299043 
41282.6 2.80702e+18 0.0269295 -0.000190161 
41293.8 2.80556e+18 0.026918 -6.80036e-05 
41305 2.8041e+18 0.0269064 5.8858e-05 
41316.2 2.80263e+18 0.0268948 0.000181521 
41327.4 2.80118e+18 0.0268835 0.000291377 
41338.6 2.79973e+18 0.0268725 0.000380714 
41349.8 2.7983e+18 0.0268619 0.000443262 
41361 2.79687e+18 0.0268516 0.000474632 
41372.2 2.79546e+18 0.0268414 0.000472626 
41383.4 2.79404e+18 0.0268312 0.000437394 
41394.6 2.79262e+18 0.0268208 0.000371421 
41405.9 2.7912e+18 0.0268101 0.000279357 
41417.1 2.78976e+18 0.0267989 0.000167686 
41428.3 2.78832e+18 0.0267875 4.42768e-05 
41439.5 2.78686e+18 0.0267758 -8.2178e-05 
41450.7 2.7854e+18 0.0267642 -0.00020277 
41461.9 2.78395e+18 0.0267529 -0.000309005 
41473.2 2.7825e+18 0.0267419 -0.0003934 
41484.4 2.78107e+18 0.0267313 -0.000450013 
41495.6 2.77966e+18 0.0267211 -0.000474861 
41506.8 2.77826e+18 0.0267111 -0.000466204 
41518.1 2.77686e+18 0.026701 -0.000424663 
41529.3 2.77546e+18 0.0266908 -0.000353183 
41540.5 2.77405e+18 0.0266801 -0.000256821 
41551.7 2.77263e+18 0.026669 -0.000142388 
41563 2.77119e+18 0.0266575 -1.79726e-05 
41574.2 2.76973e+18 0.0266458 0.000107633 
41585.4 2.76827e+18 0.0266342 0.000225554 
41596.7 2.76682e+18 0.0266228 0.00032746 
41607.9 2.76538e+18 0.0266118 0.000406154 
41619.2 2.76396e+18 0.0266013 0.000456081 
41630.4 2.76256e+18 0.0265913 0.000473721 
41641.7 2.76117e+18 0.0265815 0.000457835 
41652.9 2.7598e+18 0.0265716 0.000409561 
41664.2 2.75842e+18 0.0265614 0.000332325 
41675.4 2.75702e+18 0.0265508 0.000231603 
41686.7 2.7556e+18 0.0265397 0.000114535 
41697.9 2.75417e+18 0.0265281 -1.05836e-05 
41709.2 2.75271e+18 0.0265163 -0.000134885 
41720.4 2.75125e+18 0.0265045 -0.000249559 
41731.7 2.74979e+18 0.0264931 -0.00034648 
41742.9 2.74836e+18 0.0264823 -0.000418778 
41754.2 2.74695e+18 0.026472 -0.000461329 
41765.5 2.74557e+18 0.0264622 -0.000471119 
41776.7 2.74421e+18 0.0264526 -0.000447457 
41788 2.74286e+18 0.0264429 -0.000392029 
41799.3 2.74149e+18 0.0264328 -0.000308775 
41810.5 2.7401e+18 0.0264222 -0.000203613 
41821.8 2.73869e+18 0.0264109 -8.40208e-05 
41833.1 2.73725e+18 0.0263991 4.14986e-05 
41844.4 2.73578e+18 0.0263872 0.000164017 
41855.6 2.73432e+18 0.0263754 0.000274817 
41866.9 2.73287e+18 0.0263641 0.000366013 
41878.2 2.73145e+18 0.0263534 0.000431112 
41889.5 2.73006e+18 0.0263434 0.000465479 
41900.8 2.72871e+18 0.0263338 0.000466667 
41912.1 2.72737e+18 0.0263245 0.00043459 
41923.3 2.72604e+18 0.0263149 0.000371538 
41934.6 2.72468e+18 0.0263049 0.000282008 
41945.9 2.7233e+18 0.0262941 0.00017239 
41957.2 2.72188e+18 0.0262826 5.05059e-05 
41968.5 2.72042e+18 0.0262706 -7.49394e-05 
41979.8 2.71896e+18 0.0262585 -0.000194987 
41991.1 2.71749e+18 0.0262467 -0.00030106 
42002.4 2.71605e+18 0.0262355 -0.000385578 
42013.7 2.71465e+18 0.0262252 -0.000442499 
42025 2.71329e+18 0.0262155 -0.000467755 
42036.3 2.71197e+18 0.0262063 -0.000459541 
42047.6 2.71065e+18 0.0261972 -0.000418447 
42058.9 2.70933e+18 0.0261877 -0.000347416 
42070.2 2.70798e+18 0.0261775 -0.000251539 
42081.5 2.70659e+18 0.0261665 -0.000137683 
42092.9 2.70516e+18 0.0261547 -1.40096e-05 
42104.2 2.7037e+18 0.0261425 0.000110618 
42115.5 2.70222e+18 0.0261303 0.000227265 
42126.8 2.70077e+18 0.0261186 0.000327566 
42138.1 2.69935e+18 0.0261077 0.000404329 
42149.4 2.69798e+18 0.0260977 0.000452049 
42160.8 2.69665e+18 0.0260885 0.000467304 
42172.1 2.69535e+18 0.0260796 0.000449002 
42183.4 2.69406e+18 0.0260706 0.000398463 
42194.8 2.69274e+18 0.0260611 0.00031932 
42206.1 2.69139e+18 0.0260506 0.000217267 
42217.4 2.68998e+18 0.0260392 9.96394e-05 
42228.7 2.68853e+18 0.0260271 -2.51015e-05 
42240.1 2.68706e+18 0.0260147 -0.000147983 
42251.4 2.68559e+18 0.0260025 -0.000260166 
42262.8 2.68415e+18 0.0259911 -0.000353578 
42274.1 2.68276e+18 0.0259806 -0.000421497 
42285.4 2.68142e+18 0.0259712 -0.000459037 
42296.8 2.68013e+18 0.0259624 -0.000463496 
42308.1 2.67886e+18 0.0259538 -0.000434558 
42319.5 2.67758e+18 0.0259448 -0.000374313 
42330.8 2.67626e+18 0.025935 -0.000287108 
42342.2 2.67489e+18 0.0259241 -0.000179234 
42353.5 2.67346e+18 0.0259123 -5.84768e-05 
42364.9 2.67199e+18 0.0258998 6.64492e-05 
42376.2 2.67052e+18 0.0258873 0.000186526 
42387.6 2.66906e+18 0.0258754 0.000293085 
42399 2.66764e+18 0.0258644 0.000378431 
42410.3 2.66629e+18 0.0258545 0.0004364 
42421.7 2.665e+18 0.0258455 0.000462807 
42433 2.66374e+18 0.0258371 0.000455745 
42444.4 2.66248e+18 0.0258286 0.00041573 
42455.8 2.6612e+18 0.0258195 0.000345659 
42467.1 2.65987e+18 0.0258092 0.000250607 
42478.5 2.65847e+18 0.0257979 0.000137455 
42489.9 2.65702e+18 0.0257856 1.43988e-05 
42501.3 2.65554e+18 0.0257729 -0.000109649 
42512.6 2.65407e+18 0.0257605 -0.000225701 
42524 2.65264e+18 0.0257489 -0.000325348 
42535.4 2.65126e+18 0.0257385 -0.000401369 
42546.8 2.64995e+18 0.0257292 -0.000448254 
42558.2 2.6487e+18 0.0257208 -0.000462605 
42569.5 2.64746e+18 0.0257127 -0.000443386 
42580.9 2.64621e+18 0.0257041 -0.000391995 
42592.3 2.64492e+18 0.0256946 -0.000312167 
42603.7 2.64356e+18 0.0256838 -0.000209701 
42615.1 2.64214e+18 0.0256719 -9.2045e-05 
42626.5 2.64067e+18 0.0256592 3.22508e-05 
42637.9 2.63919e+18 0.0256465 0.000154151 
42649.3 2.63774e+18 0.0256343 0.000264792 
42660.7 2.63634e+18 0.0256233 0.000356127 
42672.1 2.63501e+18 0.0256136 0.000421515 
42683.5 2.63375e+18 0.025605 0.000456198 
42694.9 2.63252e+18 0.025597 0.000457655 
42706.3 2.6313e+18 0.0255889 0.000425783 
42717.7 2.63005e+18 0.02558 0.000362906 
42729.1 2.62873e+18 0.0255699 0.00027361 
42740.5 2.62734e+18 0.0255585 0.000164407 
42751.9 2.62589e+18 0.025546 4.32603e-05 
42763.3 2.62441e+18 0.0255332 -8.09918e-05 
42774.8 2.62294e+18 0.0255206 -0.000199283 
42786.2 2.62152e+18 0.025509 -0.00030298 
42797.6 2.62017e+18 0.0254987 -0.000384513 
42809 2.61889e+18 0.0254897 -0.000437929 
42820.4 2.61767e+18 0.0254817 -0.000459328 
42831.9 2.61647e+18 0.0254739 -0.000447151 
42843.3 2.61524e+18 0.0254656 -0.000402291 
42854.7 2.61396e+18 0.0254562 -0.000328032 
42866.1 2.61261e+18 0.0254454 -0.000229811 
42877.6 2.61119e+18 0.0254333 -0.00011482 
42889 2.60972e+18 0.0254205 8.52208e-06 
42900.4 2.60824e+18 0.0254076 0.000131182 
42911.9 2.6068e+18 0.0253955 0.000244174 
42923.3 2.60543e+18 0.0253846 0.000339221 
42934.7 2.60413e+18 0.0253752 0.00040936 
42946.2 2.6029e+18 0.0253669 0.000449455 
42957.6 2.60171e+18 0.0253592 0.000456572 
42969.1 2.60051e+18 0.0253514 0.000430195 
42980.5 2.59927e+18 0.0253426 0.000372271 
42992 2.59796e+18 0.0253325 0.000287058 
43003.4 2.59656e+18 0.025321 0.000180821 
43014.9 2.59512e+18 0.0253084 6.13686e-05 
43026.3 2.59364e+18 0.0252954 -6.25205e-05 
43037.8 2.59219e+18 0.0252828 -0.000181742 
43049.2 2.59079e+18 0.0252713 -0.000287534 
43060.7 2.58947e+18 0.0252613 -0.000372126 
43072.2 2.58823e+18 0.0252527 -0.000429303 
43083.6 2.58704e+18 0.025245 -0.000454871 
43095.1 2.58586e+18 0.0252374 -0.00044696 
43106.5 2.58465e+18 0.0252292 -0.000406165 
43118 2.58337e+18 0.0252198 -0.000335502 
43129.5 2.58202e+18 0.0252089 -0.000240184 
43141 2.5806e+18 0.0251967 -0.000127241 
43152.4 2.57913e+18 0.0251837 -4.9971e-06 
43163.9 2.57767e+18 0.0251709 0.000117536 
43175.4 2.57626e+18 0.0251589 0.000231329 
43186.8 2.57491e+18 0.0251483 0.000327997 
43198.3 2.57365e+18 0.0251392 0.000400417 
43209.8 2.57245e+18 0.0251312 0.000443259 
43221.3 2.57128e+18 0.0251238 0.000453371 
43232.8 2.5701e+18 0.0251161 0.00043002 
43244.3 2.56886e+18 0.0251073 0.00037494 
43255.7 2.56755e+18 0.025097 0.000292207 
43267.2 2.56615e+18 0.0250853 0.000187942 
43278.7 2.56471e+18 0.0250726 6.9853e-05 
43290.2 2.56325e+18 0.0250596 -5.33292e-05 
43301.7 2.56182e+18 0.0250472 -0.000172498 
43313.2 2.56046e+18 0.025036 -0.000278842 
43324.7 2.55917e+18 0.0250263 -0.000364501 
43336.2 2.55796e+18 0.025018 -0.000423143 
43347.7 2.55679e+18 0.0250106 -0.000450433 
43359.2 2.55563e+18 0.0250032 -0.000444361 
43370.7 2.55442e+18 0.0249949 -0.000405384 
43382.2 2.55314e+18 0.0249854 -0.000336396 
43393.7 2.55179e+18 0.0249742 -0.000242519 
43405.2 2.55037e+18 0.0249619 -0.000130714 
43416.8 2.54892e+18 0.0249489 -9.27773e-06 
43428.3 2.54748e+18 0.0249362 0.000112783 
43439.8 2.5461e+18 0.0249245 0.00022641 
43451.3 2.54479e+18 0.0249143 0.000323175 
43462.8 2.54356e+18 0.0249055 0.000395897 
43474.3 2.54239e+18 0.0248979 0.000439181 
43485.9 2.54123e+18 0.0248906 0.000449818 
43497.4 2.54005e+18 0.0248828 0.000427026 
43508.9 2.53881e+18 0.0248739 0.000372507 
43520.4 2.53749e+18 0.0248634 0.00029032 
43532 2.53611e+18 0.0248516 0.000186585 
43543.5 2.53467e+18 0.0248388 6.90228e-05 
43555 2.53324e+18 0.0248259 -5.36137e-05 
43566.6 2.53184e+18 0.0248138 -0.000172195 
43578.1 2.53051e+18 0.0248029 -0.000277893 
43589.6 2.52926e+18 0.0247937 -0.000362839 
43601.2 2.52807e+18 0.0247857 -0.000420707 
43612.7 2.52692e+18 0.0247784 -0.000447191 
43624.3 2.52576e+18 0.024771 -0.000440325 
43635.8 2.52455e+18 0.0247626 -0.000400627 
43647.3 2.52327e+18 0.0247529 -0.000331066 
43658.9 2.52192e+18 0.0247415 -0.000236839 
43670.4 2.52051e+18 0.0247291 -0.000124983 
43682 2.51908e+18 0.0247162 -3.85348e-06 
43693.5 2.51767e+18 0.0247037 0.000117503 
43705.1 2.51632e+18 0.0246924 0.00023002 
43716.7 2.51504e+18 0.0246825 0.000325292 
43728.2 2.51384e+18 0.0246741 0.000396202 
43739.8 2.51269e+18 0.0246667 0.000437453 
43751.3 2.51154e+18 0.0246595 0.000445965 
43762.9 2.51036e+18 0.0246517 0.000421109 
43774.5 2.50912e+18 0.0246425 0.000364751 
43786 2.50781e+18 0.0246318 0.000281116 
43797.6 2.50643e+18 0.0246198 0.00017647 
43809.2 2.50501e+18 0.024607 5.8658e-05 
43820.7 2.5036e+18 0.0245943 -6.34922e-05 
43832.3 2.50223e+18 0.0245825 -0.000180825 
43843.9 2.50093e+18 0.0245721 -0.000284544 
43855.5 2.49971e+18 0.0245632 -0.000366874 
43867.1 2.49854e+18 0.0245556 -0.000421643 
43878.6 2.4974e+18 0.0245484 -0.000444747 
43890.2 2.49625e+18 0.024541 -0.000434456 
43901.8 2.49505e+18 0.0245324 -0.000391549 
43913.4 2.49377e+18 0.0245224 -0.000319254 
43925 2.49242e+18 0.0245108 -0.000223008 
43936.6 2.49102e+18 0.0244983 -0.000110048 
43948.2 2.48961e+18 0.0244855 1.11321e-05 
43959.8 2.48823e+18 0.0244733 0.000131419 
43971.3 2.48691e+18 0.0244623 0.000241765 
43982.9 2.48566e+18 0.024453 0.00033387 
43994.5 2.48449e+18 0.024445 0.000400804 
44006.1 2.48335e+18 0.0244378 0.000437532 
44017.7 2.48222e+18 0.0244306 0.000441293 
44029.3 2.48104e+18 0.0244226 0.000411808 
44041 2.4798e+18 0.0244132 0.000351304 
44052.6 2.47849e+18 0.0244022 0.000264345 
44064.2 2.47711e+18 0.02439 0.000157492 
44075.8 2.4757e+18 0.0243772 3.88063e-05 
44087.4 2.47431e+18 0.0243647 -8.27562e-05 
44099 2.47297e+18 0.0243533 -0.000198021 
44110.6 2.47171e+18 0.0243434 -0.000298286 
44122.2 2.47052e+18 0.024335 -0.000375982 
44133.9 2.46938e+18 0.0243277 -0.000425242 
44145.5 2.46826e+18 0.0243207 -0.000442346 
44157.1 2.46711e+18 0.0243131 -0.000426005 
44168.7 2.46591e+18 0.0243043 -0.000377457 
44180.3 2.46463e+18 0.0242938 -0.000300379 
44192 2.46328e+18 0.024282 -0.000200605 
44203.6 2.46188e+18 0.0242693 -8.56897e-05 
44215.2 2.46049e+18 0.0242567 3.56651e-05 
44226.9 2.45913e+18 0.0242448 0.000154267 
44238.5 2.45785e+18 0.0242344 0.000261131 
44250.1 2.45664e+18 0.0242256 0.00034816 
44261.8 2.4555e+18 0.0242181 0.000408757 
44273.4 2.45438e+18 0.0242111 0.000438331 
44285.1 2.45326e+18 0.0242039 0.000434642 
44296.7 2.45209e+18 0.0241956 0.000397974 
44308.4 2.45084e+18 0.0241858 0.000331117 
44320 2.44952e+18 0.0241744 0.00023915 
44331.6 2.44814e+18 0.0241619 0.000129062 
44343.3 2.44674e+18 0.0241492 9.22226e-06 
44355 2.44538e+18 0.024137 -0.000111261 
44366.6 2.44407e+18 0.0241261 -0.000223229 
44378.3 2.44285e+18 0.0241168 -0.000318167 
44389.9 2.4417e+18 0.024109 -0.000388859 
44401.6 2.44059e+18 0.0241021 -0.00042993 
44413.2 2.43949e+18 0.0240952 -0.000438261 
44424.9 2.43834e+18 0.0240874 -0.000413226 
44436.6 2.43713e+18 0.0240781 -0.000356738 
44448.2 2.43583e+18 0.0240672 -0.000273109 
44459.9 2.43447e+18 0.024055 -0.000168716 
44471.6 2.43308e+18 0.0240422 -5.15205e-05 
44483.2 2.43171e+18 0.0240297 6.95396e-05 
44494.9 2.43039e+18 0.0240184 0.000185232 
44506.6 2.42915e+18 0.0240087 0.000286735 
44518.3 2.42798e+18 0.0240006 0.000366308 
44529.9 2.42688e+18 0.0239936 0.000417884 
44541.6 2.42579e+18 0.0239868 0.000437533 
44553.3 2.42467e+18 0.0239794 0.000423764 
44565 2.42349e+18 0.0239707 0.000377636 
44576.7 2.42222e+18 0.0239602 0.00030268 
44588.4 2.42088e+18 0.0239483 0.000204633 
44600.1 2.4195e+18 0.0239356 9.09936e-05 
44611.7 2.41812e+18 0.023923 -2.95456e-05 
44623.4 2.41679e+18 0.0239113 -0.000147764 
44635.1 2.41553e+18 0.0239012 -0.000254618 
44646.8 2.41436e+18 0.0238927 -0.000341933 
44658.5 2.41325e+18 0.0238856 -0.000403029 
44670.2 2.41217e+18 0.0238789 -0.000433233 
44681.9 2.41108e+18 0.0238719 -0.000430236 
44693.6 2.40992e+18 0.0238636 -0.000394273 
44705.3 2.40868e+18 0.0238536 -0.000328107 
44717 2.40736e+18 0.0238421 -0.000236815 
44728.7 2.40599e+18 0.0238295 -0.000127401 
44740.5 2.40462e+18 0.0238168 -8.2616e-06 
44752.2 2.40327e+18 0.0238048 0.000111459 
44763.9 2.402e+18 0.0237943 0.00022257 
44775.6 2.40082e+18 0.0237855 0.000316541 
44787.3 2.39971e+18 0.0237781 0.000386154 
44799 2.39864e+18 0.0237715 0.000426064 
44810.8 2.39756e+18 0.0237647 0.000433206 
44822.5 2.39642e+18 0.0237568 0.000407034 
44834.2 2.39521e+18 0.0237473 0.000349566 
44845.9 2.39392e+18 0.0237362 0.000265226 
44857.7 2.39257e+18 0.0237238 0.000160511 
44869.4 2.39119e+18 0.023711 4.34841e-05 
44881.1 2.38984e+18 0.0236988 -7.6839e-05 
44892.9 2.38856e+18 0.0236879 -0.000191188 
44904.6 2.38737e+18 0.0236788 -0.000290751 
44916.3 2.38625e+18 0.0236712 -0.000367854 
44928.1 2.38518e+18 0.0236646 -0.000416556 
44939.8 2.38411e+18 0.023658 -0.000433105 
44951.5 2.383e+18 0.0236504 -0.00041623 
44963.3 2.38182e+18 0.0236414 -0.00036724 
44975 2.38055e+18 0.0236306 -0.000289923 
44986.8 2.37921e+18 0.0236185 -0.000190257 
44998.5 2.37784e+18 0.0236057 -7.59459e-05 
45010.3 2.37649e+18 0.0235933 4.41739e-05 
45022 2.3752e+18 0.0235822 0.000160817 
45033.8 2.374e+18 0.0235727 0.000264967 
45045.5 2.37287e+18 0.0235649 0.000348571 
45057.3 2.37181e+18 0.0235581 0.000405169 
45069.1 2.37075e+18 0.0235517 0.000430388 
45080.8 2.36966e+18 0.0235445 0.000422285 
45092.6 2.3685e+18 0.0235358 0.000381496 
45104.3 2.36725e+18 0.0235254 0.000311188 
45116.1 2.36593e+18 0.0235135 0.000216814 
45127.9 2.36457e+18 0.0235009 0.000105692 
45139.7 2.36322e+18 0.0234884 -1.35627e-05 
45151.4 2.36193e+18 0.0234769 -0.000131704 
45163.2 2.36071e+18 0.0234671 -0.000239573 
45175 2.35958e+18 0.023459 -0.000328805 
45186.7 2.35851e+18 0.0234522 -0.000392482 
45198.5 2.35746e+18 0.0234458 -0.00042567 
45210.3 2.35639e+18 0.0234389 -0.000425796 
45222.1 2.35525e+18 0.0234306 -0.000392858 
45233.9 2.35402e+18 0.0234206 -0.000329418 
45245.7 2.35272e+18 0.023409 -0.000240411 
45257.4 2.35138e+18 0.0233964 -0.000132757 
45269.2 2.35003e+18 0.0233839 -1.48259e-05 
45281 2.34873e+18 0.0233722 0.000104209 
45292.8 2.34751e+18 0.0233621 0.000215088 
45304.6 2.34637e+18 0.0233538 0.000309183 
45316.4 2.3453e+18 0.0233468 0.00037917 
45328.2 2.34425e+18 0.0233404 0.000419602 
45340 2.34319e+18 0.0233337 0.000427328 
45351.8 2.34207e+18 0.0233258 0.000401749 
45363.6 2.34087e+18 0.0233161 0.000344859 
45375.4 2.33959e+18 0.0233048 0.000261095 
45387.2 2.33826e+18 0.0232924 0.000156994 
45399 2.33692e+18 0.0232798 4.06794e-05 
45410.8 2.33562e+18 0.023268 -7.87671e-05 
45422.7 2.33438e+18 0.0232576 -0.000192017 
45434.5 2.33324e+18 0.023249 -0.000290222 
45446.3 2.33216e+18 0.0232419 -0.000365709 
45458.1 2.33112e+18 0.0232355 -0.000412577 
45469.9 2.33007e+18 0.023229 -0.000427163 
45481.8 2.32897e+18 0.0232213 -0.000408328 
45493.6 2.32779e+18 0.023212 -0.00035755 
45505.4 2.32653e+18 0.0232011 -0.000278809 
45517.2 2.32522e+18 0.0231888 -0.000178274 
45529.1 2.32388e+18 0.0231762 -6.38246e-05 
45540.9 2.32258e+18 0.0231642 5.55689e-05 
45552.7 2.32134e+18 0.0231536 0.000170547 
45564.5 2.32018e+18 0.0231448 0.000272096 
45576.4 2.3191e+18 0.0231375 0.000352255 
45588.2 2.31806e+18 0.0231311 0.000404741 
45600.1 2.31703e+18 0.0231247 0.000425443 
45611.9 2.31595e+18 0.0231173 0.000412747 
45623.7 2.31479e+18 0.0231084 0.000367658 
45635.6 2.31355e+18 0.0230977 0.000293728 
45647.4 2.31225e+18 0.0230857 0.000196775 
45659.3 2.31093e+18 0.0230731 8.44236e-05 
45671.1 2.30962e+18 0.0230609 -3.44914e-05 
45683 2.30837e+18 0.0230501 -0.00015062 
45694.8 2.30721e+18 0.023041 -0.000254834 
45706.7 2.30612e+18 0.0230335 -0.000338942 
45718.5 2.30508e+18 0.0230271 -0.000396336 
45730.4 2.30406e+18 0.0230209 -0.00042251 
45742.3 2.30299e+18 0.0230138 -0.000415418 
45754.1 2.30186e+18 0.0230052 -0.00037563 
45766 2.30064e+18 0.0229948 -0.000306291 
45777.9 2.29936e+18 0.0229829 -0.000212873 
45789.7 2.29804e+18 0.0229703 -0.000102743 
45801.6 2.29673e+18 0.0229581 1.54147e-05 
45813.5 2.29548e+18 0.022947 0.000132285 
45825.3 2.29431e+18 0.0229377 0.000238655 
45837.2 2.29321e+18 0.02293 0.00032614 
45849.1 2.29218e+18 0.0229236 0.000387845 
45861 2.29117e+18 0.0229175 0.000418909 
45872.9 2.29012e+18 0.0229107 0.000416889 
45884.7 2.28901e+18 0.0229024 0.000381953 
45896.6 2.28781e+18 0.0228923 0.00031687 
45908.5 2.28654e+18 0.0228806 0.000226787 
45920.4 2.28523e+18 0.022868 0.000118829 
45932.3 2.28392e+18 0.0228556 1.53453e-06 
45944.2 2.28266e+18 0.0228443 -0.00011582 
45956.1 2.28148e+18 0.0228348 -0.000223952 
45968 2.28038e+18 0.0228271 -0.000314307 
45979.9 2.27935e+18 0.0228206 -0.000379737 
45991.7 2.27835e+18 0.0228147 -0.000415067 
46003.6 2.27732e+18 0.0228081 -0.000417504 
46015.5 2.27623e+18 0.0228001 -0.000386861 
46027.5 2.27506e+18 0.0227902 -0.000325572 
46039.4 2.2738e+18 0.0227786 -0.000238502 
46051.3 2.27249e+18 0.0227661 -0.000132561 
46063.2 2.27118e+18 0.0227535 -1.61568e-05 
46075.1 2.26991e+18 0.0227421 0.000101471 
46087 2.26872e+18 0.0227324 0.000210983 
46098.9 2.26763e+18 0.0227245 0.000303687 
46110.8 2.2666e+18 0.0227182 0.00037222 
46122.7 2.26561e+18 0.0227123 0.000411144 
46134.7 2.26461e+18 0.022706 0.00041737 
46146.6 2.26354e+18 0.0226982 0.000390411 
46158.5 2.26238e+18 0.0226885 0.000332418 
46170.4 2.26113e+18 0.0226771 0.000248013 
46182.4 2.25982e+18 0.0226645 0.00014392 
46194.3 2.25851e+18 0.0226518 2.84288e-05 
46206.2 2.25723e+18 0.0226402 -8.9261e-05 
46218.1 2.25604e+18 0.0226304 -0.000199775 
46230.1 2.25494e+18 0.0226225 -0.000294312 
46242 2.25393e+18 0.0226162 -0.000365341 
46254 2.25296e+18 0.0226105 -0.000407208 
46265.9 2.25197e+18 0.0226044 -0.000416584 
46277.8 2.25092e+18 0.0225969 -0.00039273 
46289.8 2.24977e+18 0.0225873 -0.00033756 
46301.7 2.24853e+18 0.0225759 -0.000255487 
46313.7 2.24722e+18 0.0225632 -0.00015307 
46325.6 2.2459e+18 0.0225505 -3.84919e-05 
46337.6 2.24462e+18 0.0225387 7.90918e-05 
46349.5 2.24343e+18 0.0225288 0.000190287 
46361.5 2.24234e+18 0.0225209 0.000286212 
46373.4 2.24134e+18 0.0225148 0.000359202 
46385.4 2.24038e+18 0.0225093 0.000403431 
46397.3 2.23941e+18 0.0225034 0.00041537 
46409.3 2.23837e+18 0.022496 0.000394074 
46421.3 2.23724e+18 0.0224865 0.000341257 
46433.2 2.236e+18 0.022475 0.000261156 
46445.2 2.23469e+18 0.0224623 0.000160192 
46457.2 2.23336e+18 0.0224494 4.64556e-05 
46469.1 2.23208e+18 0.0224376 -7.09378e-05 
46481.1 2.23089e+18 0.0224276 -0.000182581 
46493.1 2.22981e+18 0.0224199 -0.000279528 
46505 2.22882e+18 0.0224139 -0.000354009 
46517 2.22789e+18 0.0224086 -0.000400056 
46529 2.22693e+18 0.0224029 -0.000413983 
46541 2.22591e+18 0.0223956 -0.00039468 
46553 2.22477e+18 0.0223861 -0.000343704 
46564.9 2.22353e+18 0.0223745 -0.000265155 
46576.9 2.22221e+18 0.0223617 -0.000165347 
46588.9 2.22088e+18 0.0223487 -5.23056e-05 
46600.9 2.2196e+18 0.0223368 6.48827e-05 
46612.9 2.21842e+18 0.0223269 0.000176795 
46624.9 2.21736e+18 0.0223193 0.000274433 
46636.9 2.21639e+18 0.0223136 0.000349944 
46648.9 2.21547e+18 0.0223085 0.000397256 
46660.9 2.21453e+18 0.0223029 0.000412567 
46672.9 2.21351e+18 0.0222956 0.000394648 
46684.9 2.21238e+18 0.0222861 0.000344951 
46696.9 2.21113e+18 0.0222744 0.000267485 
46708.9 2.20981e+18 0.0222613 0.000168499 
46720.9 2.20847e+18 0.0222483 5.59775e-05 
46732.9 2.2072e+18 0.0222364 -6.10021e-05 
46744.9 2.20603e+18 0.0222267 -0.000173002 
46756.9 2.20498e+18 0.0222194 -0.000270986 
46768.9 2.20404e+18 0.0222138 -0.000347048 
46781 2.20314e+18 0.022209 -0.00039505 
46793 2.20221e+18 0.0222034 -0.000411122 
46805 2.20119e+18 0.0221961 -0.000393971 
46817 2.20005e+18 0.0221864 -0.00034499 
46829 2.19879e+18 0.0221745 -0.000268147 
46841.1 2.19746e+18 0.0221613 -0.00016966 
46853.1 2.19613e+18 0.0221482 -5.74998e-05 
46865.1 2.19486e+18 0.0221365 5.92552e-05 
46877.2 2.19371e+18 0.022127 0.000171155 
46889.2 2.19269e+18 0.0221199 0.000269143 
46901.2 2.19177e+18 0.0221147 0.000345285 
46913.3 2.19088e+18 0.02211 0.000393421 
46925.3 2.18996e+18 0.0221044 0.000409656 
46937.3 2.18894e+18 0.0220969 0.000392681 
46949.4 2.18778e+18 0.022087 0.000343879 
46961.4 2.18651e+18 0.0220748 0.000267215 
46973.5 2.18518e+18 0.0220615 0.000168914 
46985.5 2.18385e+18 0.0220485 5.69553e-05 
46997.6 2.1826e+18 0.022037 -5.95708e-05 
47009.6 2.18148e+18 0.0220278 -0.000171203 
47021.7 2.18048e+18 0.0220211 -0.000268878 
47033.7 2.17958e+18 0.0220161 -0.000344662 
47045.8 2.17871e+18 0.0220115 -0.000392404 
47057.8 2.17778e+18 0.0220059 -0.000408226 
47069.9 2.17675e+18 0.0219981 -0.000390849 
47082 2.17558e+18 0.0219879 -0.000341691 
47094 2.1743e+18 0.0219755 -0.000264758 
47106.1 2.17296e+18 0.0219621 -0.000166313 
47118.2 2.17164e+18 0.0219491 -5.43747e-05 
47130.2 2.17041e+18 0.0219379 6.19409e-05 
47142.3 2.16932e+18 0.0219292 0.000173159 
47154.4 2.16835e+18 0.0219229 0.000270219 
47166.4 2.16747e+18 0.0219181 0.000345213 
47178.5 2.16661e+18 0.0219135 0.00039203 
47190.6 2.16567e+18 0.0219077 0.000406856 
47202.7 2.16462e+18 0.0218996 0.000388487 
47214.7 2.16343e+18 0.021889 0.000338424 
47226.8 2.16214e+18 0.0218764 0.000260759 
47238.9 2.1608e+18 0.021863 0.000161835 
47251 2.1595e+18 0.0218503 4.97344e-05 
47263.1 2.1583e+18 0.0218394 -6.63842e-05 
47275.2 2.15724e+18 0.0218312 -0.000177031 
47287.3 2.15631e+18 0.0218252 -0.000273163 
47299.4 2.15544e+18 0.0218206 -0.00034692 
47311.5 2.15457e+18 0.021816 -0.000392272 
47323.6 2.15363e+18 0.0218099 -0.00040551 
47335.7 2.15255e+18 0.0218014 -0.000385553 
47347.8 2.15135e+18 0.0217904 -0.000334036 
47359.9 2.15004e+18 0.0217776 -0.00025518 
47372 2.14872e+18 0.0217643 -0.000155445 
47384.1 2.14744e+18 0.0217518 -4.30044e-05 
47396.2 2.14628e+18 0.0217415 7.29236e-05 
47408.3 2.14525e+18 0.0217337 0.000182833 
47420.4 2.14434e+18 0.0217281 0.00027771 
47432.5 2.14348e+18 0.0217237 0.000349767 
47444.6 2.14261e+18 0.0217188 0.000393091 
47456.8 2.14164e+18 0.0217124 0.000404124 
47468.9 2.14054e+18 0.0217034 0.000381958 
47481 2.13932e+18 0.0216921 0.000328415 
47493.1 2.13801e+18 0.0216792 0.000247895 
47505.2 2.1367e+18 0.021666 0.000147015 
47517.4 2.13546e+18 0.021654 3.40747e-05 
47529.5 2.13433e+18 0.0216442 -8.16356e-05 
47541.6 2.13334e+18 0.0216369 -0.000190592 
47553.8 2.13245e+18 0.0216316 -0.000283824 
47565.9 2.13159e+18 0.0216271 -0.000353651 
47578 2.1307e+18 0.021622 -0.000394321 
47590.2 2.12971e+18 0.0216151 -0.000402481 
47602.3 2.12859e+18 0.0216057 -0.000377458 
47614.4 2.12735e+18 0.0215941 -0.000321315 
47626.6 2.12605e+18 0.0215811 -0.000238685 
47638.7 2.12476e+18 0.0215682 -0.000136388 
47650.9 2.12355e+18 0.0215566 -2.2868e-05 
47663 2.12246e+18 0.0215474 9.24988e-05 
47675.2 2.1215e+18 0.0215406 0.000200183 
47687.3 2.12062e+18 0.0215355 0.000291287 
47699.5 2.11977e+18 0.021531 0.000358281 
47711.6 2.11886e+18 0.0215255 0.00039563 
47723.8 2.11784e+18 0.0215181 0.000400248 
47736 2.1167e+18 0.0215083 0.000371756 
47748.1 2.11546e+18 0.0214964 0.000312516 
47760.3 2.11417e+18 0.0214835 0.000227436 
47772.5 2.1129e+18 0.0214709 0.000123564 
47784.6 2.11173e+18 0.0214599 9.506e-06 
47796.8 2.11067e+18 0.0214512 -0.000105289 
47809 2.10974e+18 0.0214448 -0.000211308 
47821.1 2.10887e+18 0.0214398 -0.000299766 
47833.3 2.108e+18 0.0214351 -0.000363331 
47845.5 2.10707e+18 0.0214293 -0.000396738 
47857.7 2.10603e+18 0.0214214 -0.000397218 
47869.8 2.10487e+18 0.0214112 -0.000364739 
47882 2.10363e+18 0.0213991 -0.000302002 
47894.2 2.10235e+18 0.0213864 -0.000214219 
47906.4 2.10112e+18 0.0213742 -0.000108686 
47918.6 2.09998e+18 0.0213637 5.82969e-06 
47930.8 2.09896e+18 0.0213555 0.00011981 
47943 2.09804e+18 0.0213494 0.000223781 
47955.1 2.09717e+18 0.0213446 0.000309099 
47967.3 2.09629e+18 0.0213396 0.000368672 
47979.5 2.09534e+18 0.0213333 0.000397545 
47991.7 2.09428e+18 0.021325 0.000393321 
48003.9 2.09311e+18 0.0213144 0.000356354 
48016.1 2.09187e+18 0.0213023 0.000289727 
48028.3 2.09062e+18 0.0212897 0.000198993 
48040.5 2.08942e+18 0.021278 9.17164e-05 
48052.7 2.08831e+18 0.0212681 -2.31595e-05 
48065 2.08732e+18 0.0212604 -0.000136055 
48077.2 2.08641e+18 0.0212545 -0.000237553 
48089.4 2.08554e+18 0.0212496 -0.000319187 
48101.6 2.08464e+18 0.0212444 -0.000374144 
48113.8 2.08367e+18 0.0212377 -0.000397841 
48126 2.08259e+18 0.0212289 -0.0003883 
48138.2 2.08142e+18 0.0212181 -0.000346325 
48150.5 2.08019e+18 0.021206 -0.000275428 
48162.7 2.07896e+18 0.0211936 -0.00018154 
48174.9 2.07779e+18 0.0211823 -7.25178e-05 
48187.1 2.07672e+18 0.0211729 4.25163e-05 
48199.4 2.07574e+18 0.0211656 0.000153935 
48211.6 2.07484e+18 0.02116 0.000252412 
48223.8 2.07396e+18 0.021155 0.000329706 
48236.1 2.07305e+18 0.0211494 0.000379347 
48248.3 2.07206e+18 0.0211424 0.000397184 
48260.5 2.07097e+18 0.0211332 0.000381731 
48272.8 2.0698e+18 0.0211222 0.000334293 
48285 2.06858e+18 0.0211101 0.000258857 
48297.3 2.06738e+18 0.021098 0.00016176 
48309.5 2.06624e+18 0.0210872 5.1153e-05 
48321.8 2.06519e+18 0.0210782 -6.36773e-05 
48334 2.06423e+18 0.0210713 -0.000173092 
48346.3 2.06333e+18 0.0210658 -0.000267907 
48358.5 2.06244e+18 0.0210607 -0.000340166 
48370.8 2.06152e+18 0.0210549 -0.00038381 
48383 2.06052e+18 0.0210474 -0.000395181 
48395.3 2.05942e+18 0.0210379 -0.000373338 
48407.5 2.05825e+18 0.0210267 -0.00032013 
48419.8 2.05705e+18 0.0210147 -0.000240041 
48432.1 2.05587e+18 0.0210029 -0.000139819 
48444.3 2.05475e+18 0.0209925 -2.79e-05 
48456.6 2.05372e+18 0.020984 8.62942e-05 
48468.9 2.05277e+18 0.0209774 0.000193153 
48481.1 2.05188e+18 0.020972 0.000283684 
48493.4 2.05099e+18 0.0209668 0.00035027 
48505.7 2.05006e+18 0.0209607 0.000387313 
48518 2.04905e+18 0.0209528 0.000391702 
48530.2 2.04795e+18 0.020943 0.000363078 
48542.5 2.04678e+18 0.0209316 0.000303864 
48554.8 2.04559e+18 0.0209197 0.000219063 
48567.1 2.04442e+18 0.0209082 0.000115835 
48579.4 2.04332e+18 0.0208982 2.89103e-06 
48591.7 2.04231e+18 0.0208901 -0.000110234 
48604 2.04138e+18 0.0208839 -0.000213991 
48616.3 2.04049e+18 0.0208786 -0.000299621 
48628.5 2.0396e+18 0.0208733 -0.000359898 
48640.8 2.03867e+18 0.0208669 -0.000389732 
48653.1 2.03765e+18 0.0208587 -0.000386609 
48665.4 2.03654e+18 0.0208485 -0.000350799 
48677.7 2.03537e+18 0.020837 -0.000285336 
48690 2.03419e+18 0.020825 -0.000195765 
48702.3 2.03303e+18 0.0208139 -8.96691e-05 
48714.6 2.03195e+18 0.0208043 2.39668e-05 
48727 2.03096e+18 0.0207967 0.000135518 
48739.3 2.03005e+18 0.0207908 0.000235535 
48751.6 2.02918e+18 0.0207857 0.000315544 
48763.9 2.02829e+18 0.0207803 0.000368767 
48776.2 2.02735e+18 0.0207735 0.000390694 
48788.5 2.02631e+18 0.0207649 0.000379471 
48800.8 2.0252e+18 0.0207543 0.000336057 
48813.2 2.02402e+18 0.0207426 0.000264143 
48825.5 2.02284e+18 0.0207308 0.000169839 
48837.8 2.02171e+18 0.0207199 6.1161e-05 
48850.1 2.02065e+18 0.0207109 -5.2657e-05 
48862.5 2.01968e+18 0.0207038 -0.000161942 
48874.8 2.01879e+18 0.0206983 -0.000257405 
48887.1 2.01793e+18 0.0206933 -0.000330932 
48899.5 2.01705e+18 0.0206877 -0.000376277 
48911.8 2.01609e+18 0.0206805 -0.000389588 
48924.1 2.01505e+18 0.0206714 -0.000369741 
48936.5 2.01391e+18 0.0206604 -0.000318433 
48948.8 2.01273e+18 0.0206485 -0.000240042 
48961.2 2.01156e+18 0.0206368 -0.000141251 
48973.5 2.01044e+18 0.0206264 -3.048e-05 
48985.9 2.00941e+18 0.020618 8.28286e-05 
48998.2 2.00848e+18 0.0206115 0.000189017 
49010.6 2.00761e+18 0.0206063 0.000279034 
49022.9 2.00677e+18 0.0206014 0.000345207 
49035.3 2.00588e+18 0.0205955 0.000381899 
49047.6 2.00491e+18 0.0205878 0.000385984 
49060 2.00383e+18 0.0205781 0.000357124 
49072.3 2.00268e+18 0.0205667 0.000297787 
49084.7 2.00149e+18 0.0205547 0.000213049 
49097.1 2.00033e+18 0.0205432 0.000110152 
49109.4 1.99924e+18 0.0205334 -2.10971e-06 
49121.8 1.99825e+18 0.0205257 -0.000114139 
49134.2 1.99735e+18 0.0205198 -0.000216358 
49146.5 1.99651e+18 0.020515 -0.000300027 
49158.9 1.99567e+18 0.02051 -0.000357991 
49171.3 1.99477e+18 0.0205037 -0.000385293 
49183.7 1.99377e+18 0.0204953 -0.000379599 
49196 1.99267e+18 0.0204849 -0.000341399 
49208.4 1.9915e+18 0.0204731 -0.000273967 
49220.8 1.99031e+18 0.0204611 -0.000183084 
49233.2 1.98916e+18 0.0204501 -7.65419e-05 
49245.6 1.98811e+18 0.020441 3.65242e-05 
49258 1.98717e+18 0.0204341 0.000146415 
49270.3 1.98631e+18 0.0204288 0.000243702 
49282.7 1.98549e+18 0.0204242 0.000320034 
49295.1 1.98465e+18 0.0204189 0.000368859 
49307.5 1.98372e+18 0.020412 0.000385983 
49319.9 1.98268e+18 0.0204028 0.000369936 
49332.3 1.98155e+18 0.0203918 0.000322099 
49344.7 1.98036e+18 0.0203797 0.000246587 
49357.1 1.97918e+18 0.0203679 0.000149896 
49369.5 1.97807e+18 0.0203576 4.03461e-05 
49381.9 1.97707e+18 0.0203494 -7.26328e-05 
49394.3 1.97617e+18 0.0203433 -0.000179314 
49406.8 1.97535e+18 0.0203385 -0.000270511 
49419.2 1.97454e+18 0.0203339 -0.000338368 
49431.6 1.97368e+18 0.0203281 -0.000377041 
49444 1.97271e+18 0.0203204 -0.0003832 
49456.4 1.97163e+18 0.0203104 -0.000356317 
49468.8 1.97047e+18 0.0202988 -0.000298716 
49481.3 1.96927e+18 0.0202866 -0.00021537 
49493.7 1.96812e+18 0.0202753 -0.000113476 
49506.1 1.96706e+18 0.0202658 -1.83351e-06 
49518.5 1.96611e+18 0.0202586 0.000109916 
49531 1.96527e+18 0.0202532 0.000212119 
49543.4 1.96447e+18 0.0202488 0.000295947 
49555.8 1.96365e+18 0.0202439 0.00035416 
49568.3 1.96275e+18 0.0202374 0.000381729 
49580.7 1.96174e+18 0.0202287 0.000376277 
49593.1 1.96062e+18 0.0202179 0.000338283 
49605.6 1.95944e+18 0.0202059 0.000271041 
49618 1.95825e+18 0.0201939 0.000180376 
49630.5 1.95714e+18 0.0201833 7.41427e-05 
49642.9 1.95614e+18 0.0201749 -3.84572e-05 
49655.3 1.95525e+18 0.0201686 -0.000147669 
49667.8 1.95444e+18 0.0201639 -0.000244033 
49680.2 1.95365e+18 0.0201595 -0.0003192 
49692.7 1.95281e+18 0.020154 -0.000366659 
49705.2 1.95186e+18 0.0201466 -0.000382301 
49717.6 1.9508e+18 0.0201369 -0.000364777 
49730.1 1.94965e+18 0.0201254 -0.000315613 
49742.5 1.94846e+18 0.0201133 -0.000239082 
49755 1.94731e+18 0.0201019 -0.000141835 
49767.5 1.94625e+18 0.0200922 -3.2318e-05 
49779.9 1.94531e+18 0.0200849 7.99531e-05 
49792.4 1.94448e+18 0.0200795 0.000185224 
49804.9 1.94369e+18 0.0200751 0.000274346 
49817.3 1.94289e+18 0.0200704 0.000339576 
49829.8 1.942e+18 0.0200641 0.000375245 
49842.3 1.941e+18 0.0200556 0.000378255 
49854.8 1.9399e+18 0.020045 0.000348349 
49867.2 1.93872e+18 0.0200332 0.000288137 
49879.7 1.93755e+18 0.0200213 0.000202865 
49892.2 1.93645e+18 0.0200106 9.99635e-05 
49904.7 1.93546e+18 0.0200021 -1.16016e-05 
49917.2 1.93458e+18 0.0199958 -0.000122107 
49929.7 1.93378e+18 0.019991 -0.000221919 
49942.1 1.933e+18 0.0199866 -0.000302338 
49954.6 1.93216e+18 0.0199813 -0.000356351 
49967.1 1.93123e+18 0.019974 -0.000379248 
49979.6 1.93018e+18 0.0199645 -0.000369035 
49992.1 1.92903e+18 0.0199532 -0.000326606 
50004.6 1.92786e+18 0.0199412 -0.00025567 
50017.1 1.92673e+18 0.0199299 -0.000162427 
50029.6 1.92569e+18 0.0199203 -5.50274e-05 
50042.1 1.92476e+18 0.0199129 5.71391e-05 
50054.6 1.92393e+18 0.0199075 0.000164263 
50067.2 1.92315e+18 0.0199031 0.000256974 
50079.7 1.92235e+18 0.0198983 0.000327162 
50092.2 1.92147e+18 0.0198921 0.000368683 
50104.7 1.92048e+18 0.0198837 0.000377906 
50117.2 1.91938e+18 0.0198733 0.000354025 
50129.7 1.91823e+18 0.0198616 0.000299138 
50142.2 1.91708e+18 0.0198499 0.000218059 
50154.8 1.91599e+18 0.0198394 0.000117899 
50167.3 1.91502e+18 0.019831 7.44526e-06 
50179.8 1.91415e+18 0.0198247 -0.000103611 
50192.3 1.91336e+18 0.0198199 -0.000205524 
50204.9 1.91257e+18 0.0198154 -0.000289351 
50217.4 1.91174e+18 0.01981 -0.000347734 
50229.9 1.9108e+18 0.0198027 -0.000375551 
50242.5 1.90976e+18 0.0197933 -0.000370365 
50255 1.90864e+18 0.0197822 -0.000332637 
50267.6 1.90749e+18 0.0197704 -0.000265692 
50280.1 1.90638e+18 0.0197594 -0.000175422 
50292.6 1.90536e+18 0.0197499 -6.97707e-05 
50305.2 1.90445e+18 0.0197426 4.19634e-05 
50317.7 1.90362e+18 0.0197372 0.000149947 
50330.3 1.90284e+18 0.0197326 0.000244678 
50342.8 1.90204e+18 0.0197277 0.000317819 
50355.4 1.90115e+18 0.0197214 0.000362934 
50367.9 1.90016e+18 0.0197131 0.000376057 
50380.5 1.89908e+18 0.0197028 0.000356039 
50393.1 1.89795e+18 0.0196913 0.000304654 
50405.6 1.89683e+18 0.0196799 0.000226437 
50418.2 1.89577e+18 0.0196697 0.000128293 
50430.7 1.89481e+18 0.0196615 1.88812e-05 
50443.3 1.89396e+18 0.0196552 -9.21424e-05 
50455.9 1.89316e+18 0.0196503 -0.00019498 
50468.4 1.89237e+18 0.0196456 -0.000280557 
50481 1.89153e+18 0.01964 -0.00034132 
50493.6 1.89059e+18 0.0196326 -0.000371907 
50506.2 1.88956e+18 0.0196233 -0.000369619 
50518.7 1.88846e+18 0.0196124 -0.000334665 
50531.3 1.88733e+18 0.019601 -0.000270137 
50543.9 1.88625e+18 0.0195902 -0.000181745 
50556.5 1.88526e+18 0.0195811 -7.73093e-05 
50569.1 1.88436e+18 0.0195739 3.39276e-05 
50581.6 1.88354e+18 0.0195684 0.00014212 
50594.2 1.88275e+18 0.0195637 0.000237687 
50606.8 1.88194e+18 0.0195586 0.000312165 
50619.4 1.88105e+18 0.0195521 0.000358956 
50632 1.88007e+18 0.0195437 0.000373911 
50644.6 1.879e+18 0.0195335 0.000355706 
50657.2 1.87789e+18 0.0195224 0.000305956 
50669.8 1.8768e+18 0.0195113 0.000229074 
50682.4 1.87577e+18 0.0195015 0.000131886 
50695 1.87483e+18 0.0194934 2.30208e-05 
50707.6 1.87398e+18 0.0194872 -8.78515e-05 
50720.2 1.87318e+18 0.0194821 -0.000190879 
50732.8 1.87239e+18 0.0194772 -0.000276905 
50745.4 1.87154e+18 0.0194714 -0.000338281 
50758.1 1.8706e+18 0.0194639 -0.000369549 
50770.7 1.86958e+18 0.0194546 -0.000367929 
50783.3 1.8685e+18 0.019444 -0.000333567 
50795.9 1.8674e+18 0.0194329 -0.000269525 
50808.5 1.86635e+18 0.0194225 -0.000181508 
50821.1 1.86538e+18 0.0194137 -7.73608e-05 
50833.8 1.86449e+18 0.0194066 3.36354e-05 
50846.4 1.86367e+18 0.0194011 0.000141586 
50859 1.86288e+18 0.0193962 0.000236865 
50871.7 1.86206e+18 0.0193908 0.000310979 
50884.3 1.86116e+18 0.0193841 0.000357319 
50896.9 1.86019e+18 0.0193757 0.000371754 
50909.6 1.85914e+18 0.0193656 0.000353003 
50922.2 1.85806e+18 0.0193548 0.000302747 
50934.8 1.85699e+18 0.0193441 0.00022548 
50947.5 1.85599e+18 0.0193346 0.000128112 
50960.1 1.85507e+18 0.0193268 1.9346e-05 
50972.8 1.85423e+18 0.0193206 -9.10935e-05 
50985.4 1.85342e+18 0.0193154 -0.000193334 
50998.1 1.85262e+18 0.0193103 -0.000278235 
51010.7 1.85176e+18 0.0193043 -0.000338208 
51023.4 1.85083e+18 0.0192966 -0.000367893 
51036 1.84982e+18 0.0192873 -0.000364641 
51048.7 1.84876e+18 0.0192769 -0.000328752 
51061.3 1.84769e+18 0.0192661 -0.000263444 
51074 1.84666e+18 0.0192562 -0.000174572 
51086.6 1.84571e+18 0.0192476 -7.0102e-05 
51099.3 1.84484e+18 0.0192408 4.06028e-05 
51112 1.84402e+18 0.0192352 0.000147619 
51124.6 1.84323e+18 0.0192301 0.000241352 
51137.3 1.8424e+18 0.0192245 0.000313398 
51150 1.8415e+18 0.0192176 0.000357295 
51162.7 1.84053e+18 0.019209 0.000369107 
51175.3 1.83949e+18 0.0191991 0.000347776 
51188 1.83844e+18 0.0191885 0.00029522 
51200.7 1.8374e+18 0.0191782 0.000216161 
51213.4 1.83642e+18 0.0191691 0.000117705 
51226.1 1.83552e+18 0.0191615 8.70297e-06 
51238.7 1.83468e+18 0.0191554 -0.000101042 
51251.4 1.83388e+18 0.0191502 -0.000201659 
51264.1 1.83307e+18 0.0191448 -0.000284093 
51276.8 1.83221e+18 0.0191385 -0.000340924 
51289.5 1.83127e+18 0.0191307 -0.000367036 
51302.2 1.83027e+18 0.0191214 -0.000360078 
51314.9 1.82923e+18 0.0191111 -0.000320676 
51327.6 1.82819e+18 0.0191007 -0.000252385 
51340.3 1.82719e+18 0.0190912 -0.000161362 
51353 1.82626e+18 0.019083 -5.582e-05 
51365.7 1.8254e+18 0.0190763 5.47179e-05 
51378.4 1.82459e+18 0.0190707 0.000160274 
51391.1 1.82379e+18 0.0190654 0.000251319 
51403.8 1.82295e+18 0.0190595 0.000319631 
51416.5 1.82205e+18 0.0190524 0.00035904 
51429.2 1.82108e+18 0.0190437 0.00036599 
51442 1.82006e+18 0.0190339 0.000339854 
51454.7 1.81902e+18 0.0190236 0.000283003 
51467.4 1.81802e+18 0.0190137 0.000200583 
51480.1 1.81707e+18 0.019005 0.000100055 
51492.8 1.81618e+18 0.0189977 -9.47909e-06 
51505.6 1.81536e+18 0.0189917 -0.000118102 
51518.3 1.81456e+18 0.0189863 -0.000215977 
51531 1.81374e+18 0.0189807 -0.000294244 
51543.7 1.81286e+18 0.0189741 -0.000345814 
51556.5 1.81193e+18 0.0189661 -0.000366022 
51569.2 1.81093e+18 0.0189568 -0.000353043 
51582 1.80991e+18 0.0189467 -0.000308063 
51594.7 1.8089e+18 0.0189367 -0.000235169 
51607.4 1.80793e+18 0.0189276 -0.000140979 
51620.2 1.80703e+18 0.0189197 -3.40471e-05 
51632.9 1.80618e+18 0.0189132 7.59202e-05 
51645.7 1.80537e+18 0.0189076 0.000178939 
51658.4 1.80456e+18 0.0189021 0.000265655 
51671.2 1.80371e+18 0.0188959 0.000328195 
51683.9 1.80281e+18 0.0188885 0.000360883 
51696.7 1.80184e+18 0.0188798 0.000360753 
51709.4 1.80084e+18 0.0188701 0.000327825 
51722.2 1.79983e+18 0.0188601 0.000265098 
51734.9 1.79885e+18 0.0188507 0.000178285 
51747.7 1.79793e+18 0.0188423 7.52897e-05 
51760.5 1.79707e+18 0.0188353 -3.45102e-05 
51773.2 1.79625e+18 0.0188293 -0.000141116 
51786 1.79544e+18 0.0188238 -0.000234819 
51798.8 1.7946e+18 0.0188179 -0.000307083 
51811.5 1.79372e+18 0.018811 -0.000351326 
51824.3 1.79278e+18 0.0188028 -0.000363519 
51837.1 1.7918e+18 0.0187936 -0.000342557 
51849.9 1.79081e+18 0.0187838 -0.000290355 
51862.6 1.78983e+18 0.0187742 -0.000211684 
51875.4 1.78889e+18 0.0187654 -0.000113728 
51888.2 1.78801e+18 0.0187579 -5.43532e-06 
51901 1.78717e+18 0.0187515 0.000103303 
51913.8 1.78636e+18 0.0187457 0.000202551 
51926.6 1.78553e+18 0.01874 0.000283242 
51939.3 1.78467e+18 0.0187335 0.000338003 
51952.1 1.78376e+18 0.018726 0.000361831 
51964.9 1.78281e+18 0.0187173 0.000352552 
51977.7 1.78183e+18 0.0187078 0.000311023 
51990.5 1.78086e+18 0.0186982 0.00024105 
52003.3 1.77991e+18 0.0186891 0.000149045 
52016.1 1.77901e+18 0.018681 4.34372e-05 
52028.9 1.77815e+18 0.0186741 -6.60961e-05 
52041.7 1.77732e+18 0.0186681 -0.000169518 
52054.5 1.7765e+18 0.0186623 -0.000257353 
52067.3 1.77566e+18 0.0186562 -0.00032155 
52080.2 1.77478e+18 0.0186492 -0.000356229 
52093 1.77386e+18 0.0186411 -0.000358216 
52105.8 1.7729e+18 0.018632 -0.000327335 
52118.6 1.77194e+18 0.0186225 -0.000266429 
52131.4 1.77099e+18 0.0186132 -0.000181095 
52144.2 1.77007e+18 0.0186047 -7.91751e-05 
52157.1 1.76919e+18 0.0185972 2.99669e-05 
52169.9 1.76834e+18 0.0185908 0.000136302 
52182.7 1.76752e+18 0.0185849 0.000230059 
52195.5 1.76669e+18 0.0185791 0.000302621 
52208.4 1.76583e+18 0.0185725 0.000347322 
52221.2 1.76494e+18 0.018565 0.000360055 
52234 1.76402e+18 0.0185564 0.000339655 
52246.9 1.76307e+18 0.0185471 0.000288003 
52259.7 1.76212e+18 0.0185377 0.00020986 
52272.6 1.76118e+18 0.0185288 0.000112425 
52285.4 1.76028e+18 0.0185208 4.67621e-06 
52298.2 1.75941e+18 0.0185139 -0.000103459 
52311.1 1.75858e+18 0.0185079 -0.000202013 
52323.9 1.75776e+18 0.0185021 -0.000281902 
52336.8 1.75692e+18 0.018496 -0.000335759 
52349.6 1.75607e+18 0.0184891 -0.000358619 
52362.5 1.75517e+18 0.018481 -0.000348375 
52375.3 1.75424e+18 0.018472 -0.000305975 
52388.2 1.75329e+18 0.0184626 -0.000235336 
52401.1 1.75235e+18 0.0184533 -0.000142984 
52413.9 1.75142e+18 0.0184448 -3.74534e-05 
52426.8 1.75053e+18 0.0184374 7.15019e-05 
52439.6 1.74969e+18 0.0184311 0.000173809 
52452.5 1.74887e+18 0.0184254 0.000260006 
52465.4 1.74806e+18 0.0184197 0.000322119 
52478.3 1.74723e+18 0.0184133 0.000354402 
52491.1 1.74637e+18 0.0184059 0.000353865 
52504 1.74546e+18 0.0183972 0.000320558 
52516.9 1.74452e+18 0.0183878 0.000257567 
52529.8 1.74356e+18 0.0183782 0.000170728 
52542.6 1.74262e+18 0.0183692 6.80886e-05 
52555.5 1.7417e+18 0.0183613 -4.08333e-05 
52568.4 1.74084e+18 0.0183547 -0.000145935 
52581.3 1.74002e+18 0.018349 -0.000237465 
52594.2 1.73923e+18 0.0183436 -0.000306927 
52607.1 1.73844e+18 0.0183378 -0.000347872 
52620 1.73761e+18 0.0183309 -0.000356494 
52632.9 1.73673e+18 0.0183227 -0.000331994 
52645.7 1.7358e+18 0.0183134 -0.000276646 
52658.6 1.73483e+18 0.0183036 -0.000195596 
52671.5 1.73386e+18 0.0182941 -9.63816e-05 
52684.4 1.73292e+18 0.0182856 1.17677e-05 
52697.4 1.73204e+18 0.0182786 0.000118788 
52710.3 1.73122e+18 0.0182729 0.000214716 
52723.2 1.73045e+18 0.0182678 0.000290621 
52736.1 1.72968e+18 0.0182625 0.000339432 
52749 1.72889e+18 0.0182562 0.000356602 
52761.9 1.72804e+18 0.0182484 0.000340532 
52774.8 1.72712e+18 0.0182392 0.000292721 
52787.7 1.72614e+18 0.0182292 0.000217629 
52800.7 1.72515e+18 0.0182193 0.000122263 
52813.6 1.72419e+18 0.0182103 1.5521e-05 
52826.5 1.72329e+18 0.0182029 -9.26313e-05 
52839.4 1.72247e+18 0.018197 -0.000192096 
52852.3 1.72171e+18 0.0181922 -0.000273584 
52865.3 1.72098e+18 0.0181874 -0.000329482 
52878.2 1.72022e+18 0.0181817 -0.00035457 
52891.1 1.71939e+18 0.0181743 -0.000346504 
52904.1 1.71848e+18 0.0181653 -0.00030604 
52917 1.7175e+18 0.0181552 -0.000236967 
52929.9 1.71649e+18 0.0181448 -0.00014575 
52942.9 1.7155e+18 0.0181353 -4.09271e-05 
52955.8 1.71458e+18 0.0181275 6.76861e-05 
52968.8 1.71376e+18 0.0181216 0.000169918 
52981.7 1.71302e+18 0.0181169 0.000256194 
52994.7 1.71231e+18 0.0181126 0.000318431 
53007.6 1.71159e+18 0.0181074 0.000350799 
53020.6 1.71079e+18 0.0181005 0.000350266 
53033.5 1.70989e+18 0.0180917 0.000316884 
53046.5 1.7089e+18 0.0180814 0.000253789 
53059.4 1.70787e+18 0.0180706 0.000166904 
53072.4 1.70686e+18 0.0180607 6.43857e-05 
53085.4 1.70593e+18 0.0180525 -4.41385e-05 
53098.3 1.7051e+18 0.0180465 -0.000148476 
53111.3 1.70437e+18 0.018042 -0.000238824 
53124.3 1.7037e+18 0.0180381 -0.000306693 
53137.2 1.703e+18 0.0180334 -0.000345704 
53150.2 1.70223e+18 0.018027 -0.000352191 
53163.2 1.70134e+18 0.0180183 -0.000325545 
53176.1 1.70034e+18 0.0180078 -0.000268276 
53189.1 1.69929e+18 0.0179967 -0.000185776 
53202.1 1.69826e+18 0.0179864 -8.58158e-05 
53215.1 1.69732e+18 0.0179779 2.21887e-05 
53228.1 1.69649e+18 0.0179717 0.000128061 
53241.1 1.69578e+18 0.0179674 0.000221822 
53254 1.69513e+18 0.0179639 0.000294633 
53267 1.69446e+18 0.0179597 0.00033963 
53280 1.69371e+18 0.0179536 0.000352571 
53293 1.69283e+18 0.0179451 0.000332237 
53306 1.69183e+18 0.0179345 0.000280552 
53319 1.69076e+18 0.0179231 0.000202399 
53332 1.68971e+18 0.0179124 0.000105164 
53345 1.68875e+18 0.0179036 -1.96418e-06 
53358 1.68793e+18 0.0178973 -0.000108859 
53371 1.68723e+18 0.0178933 -0.000205415 
53384 1.68661e+18 0.0178901 -0.000282502 
53397 1.68597e+18 0.0178863 -0.000332832 
53410 1.68523e+18 0.0178805 -0.000351646 
53423.1 1.68435e+18 0.0178721 -0.000337171 
53436.1 1.68334e+18 0.0178614 -0.000290782 
53449.1 1.68226e+18 0.0178497 -0.000216879 
53462.1 1.6812e+18 0.0178386 -0.00012247 
53475.1 1.68023e+18 0.0178296 -1.65058e-05 
53488.1 1.67942e+18 0.0178234 9.09675e-05 
53501.2 1.67874e+18 0.0178195 0.000189759 
53514.2 1.67814e+18 0.0178167 0.000270503 
53527.2 1.67752e+18 0.0178132 0.000325543 
53540.3 1.6768e+18 0.0178077 0.000349665 
53553.3 1.67592e+18 0.0177993 0.000340587 
53566.3 1.6749e+18 0.0177885 0.000299181 
53579.4 1.67381e+18 0.0177765 0.000229389 
53592.4 1.67273e+18 0.0177652 0.000137848 
53605.4 1.67177e+18 0.017756 3.32629e-05 
53618.5 1.67096e+18 0.0177498 -7.44238e-05 
53631.5 1.6703e+18 0.0177461 -0.000174974 
53644.6 1.66972e+18 0.0177436 -0.000258829 
53657.6 1.66912e+18 0.0177404 -0.000318019 
53670.7 1.6684e+18 0.017735 -0.00034692 
53683.7 1.66752e+18 0.0177266 -0.00034279 
53696.8 1.66649e+18 0.0177157 -0.000306032 
53709.8 1.66539e+18 0.0177035 -0.000240154 
53722.9 1.66431e+18 0.017692 -0.00015144 
53735.9 1.66334e+18 0.0176828 -4.83468e-05 
53749 1.66255e+18 0.0176766 5.92978e-05 
53762.1 1.66191e+18 0.0176731 0.000161231 
53775.1 1.66135e+18 0.0176709 0.000247736 
53788.2 1.66076e+18 0.0176679 0.000310566 
53801.3 1.66004e+18 0.0176626 0.000343732 
53814.3 1.65916e+18 0.0176542 0.000344077 
53827.4 1.65812e+18 0.0176431 0.000311574 
53840.5 1.65701e+18 0.0176308 0.000249337 
53853.6 1.65593e+18 0.0176192 0.000163314 
53866.6 1.65497e+18 0.0176099 6.17315e-05 
53879.7 1.65419e+18 0.0176039 -4.57007e-05 
53892.8 1.65357e+18 0.0176006 -0.000148711 
53905.9 1.65302e+18 0.0175985 -0.000237449 
53919 1.65244e+18 0.0175957 -0.000303431 
53932.1 1.65173e+18 0.0175904 -0.000340346 
53945.2 1.65083e+18 0.0175819 -0.000344667 
53958.2 1.64979e+18 0.0175707 -0.000315986 
53971.3 1.64867e+18 0.0175582 -0.000257054 
53984.4 1.64759e+18 0.0175466 -0.000173521 
53997.5 1.64665e+18 0.0175375 -7.33966e-05 
54010.6 1.64589e+18 0.0175316 3.37198e-05 
54023.7 1.64528e+18 0.0175284 0.000137556 
54036.8 1.64474e+18 0.0175265 0.000228152 
54049.9 1.64416e+18 0.0175237 0.000296817 
54063.1 1.64344e+18 0.0175184 0.000336962 
54076.2 1.64254e+18 0.0175098 0.000344738 
54089.3 1.64149e+18 0.0174984 0.000319401 
54102.4 1.64037e+18 0.0174859 0.000263388 
54115.5 1.6393e+18 0.0174743 0.000182086 
54128.6 1.63838e+18 0.0174653 8.3314e-05 
54141.7 1.63763e+18 0.0174597 -2.34288e-05 
54154.9 1.63704e+18 0.0174567 -0.000127874 
54168 1.63651e+18 0.0174548 -0.00021997 
54181.1 1.63593e+18 0.017452 -0.000290856 
54194.2 1.6352e+18 0.0174466 -0.000333708 
54207.4 1.63429e+18 0.0174378 -0.000344401 
54220.5 1.63323e+18 0.0174264 -0.000321909 
54233.6 1.63212e+18 0.0174139 -0.000268403 
54246.8 1.63106e+18 0.0174024 -0.000189044 
54259.9 1.63015e+18 0.0173936 -9.14879e-05 
54273.1 1.62943e+18 0.0173881 1.48522e-05 
54286.2 1.62885e+18 0.0173853 0.000119714 
54299.3 1.62832e+18 0.0173835 0.000212975 
54312.5 1.62773e+18 0.0173806 0.000285632 
54325.6 1.62699e+18 0.0173749 0.00033067 
54338.8 1.62607e+18 0.017366 0.000343741 
54351.9 1.62501e+18 0.0173545 0.000323586 
54365.1 1.6239e+18 0.0173421 0.00027216 
54378.2 1.62286e+18 0.0173308 0.00019444 
54391.4 1.62198e+18 0.0173223 9.7949e-05 
54404.6 1.62127e+18 0.017317 -7.97347e-06 
54417.7 1.6207e+18 0.0173143 -0.000113074 
54430.9 1.62017e+18 0.0173124 -0.000207176 
54444.1 1.61957e+18 0.0173094 -0.00028117 
54457.2 1.61881e+18 0.0173035 -0.000327893 
54470.4 1.61788e+18 0.0172944 -0.000342822 
54483.6 1.61683e+18 0.0172829 -0.000324517 
54496.7 1.61573e+18 0.0172706 -0.000274759 
54509.9 1.61472e+18 0.0172595 -0.000198381 
54523.1 1.61385e+18 0.0172513 -0.000102797 
54536.3 1.61316e+18 0.0172462 2.7154e-06 
54549.5 1.6126e+18 0.0172436 0.000107912 
54562.6 1.61206e+18 0.0172417 0.000202581 
54575.8 1.61145e+18 0.0172384 0.000277529 
54589 1.61068e+18 0.0172323 0.000325479 
54602.2 1.60974e+18 0.0172231 0.000341777 
54615.4 1.60869e+18 0.0172115 0.000324844 
54628.6 1.60761e+18 0.0171994 0.000276333 
54641.8 1.60661e+18 0.0171886 0.000200969 
54655 1.60577e+18 0.0171807 0.000106087 
54668.2 1.6051e+18 0.0171758 9.2702e-07 
54681.4 1.60453e+18 0.0171732 -0.000104272 
54694.6 1.60399e+18 0.0171711 -0.000199267 
54707.8 1.60336e+18 0.0171676 -0.000274804 
54721 1.60258e+18 0.0171613 -0.000323526 
54734.2 1.60164e+18 0.0171519 -0.000340691 
54747.4 1.60059e+18 0.0171404 -0.00032463 
54760.6 1.59953e+18 0.0171285 -0.000276916 
54773.8 1.59856e+18 0.017118 -0.00020221 
54787.1 1.59774e+18 0.0171104 -0.000107808 
54800.3 1.59708e+18 0.0171057 -2.93022e-06 
54813.5 1.59651e+18 0.0171032 0.00010218 
54826.7 1.59596e+18 0.0171009 0.000197256 
54839.9 1.59531e+18 0.0170971 0.00027301 
54853.2 1.59452e+18 0.0170906 0.000322042 
54866.4 1.59358e+18 0.0170811 0.000339565 
54879.6 1.59254e+18 0.0170696 0.000323872 
54892.9 1.5915e+18 0.0170579 0.000276507 
54906.1 1.59055e+18 0.0170478 0.000202113 
54919.3 1.58975e+18 0.0170404 0.000107979 
54932.6 1.5891e+18 0.0170359 3.32622e-06 
54945.8 1.58853e+18 0.0170334 -0.000101593 
54959.1 1.58797e+18 0.0170309 -0.000196501 
54972.3 1.58731e+18 0.0170269 -0.000272101 
54985.5 1.5865e+18 0.01702 -0.000320989 
54998.8 1.58556e+18 0.0170104 -0.000338381 
55012 1.58453e+18 0.016999 -0.000322581 
55025.3 1.58351e+18 0.0169876 -0.000275149 
55038.6 1.58258e+18 0.0169778 -0.000200749 
55051.8 1.5818e+18 0.0169708 -0.00010669 
55065.1 1.58116e+18 0.0169665 -2.21107e-06 
55078.3 1.58059e+18 0.0169638 0.000102425 
55091.6 1.58001e+18 0.0169612 0.000196942 
55104.9 1.57934e+18 0.0169568 0.000272057 
55118.1 1.57852e+18 0.0169498 0.000320393 
55131.4 1.57758e+18 0.0169401 0.000337206 
55144.7 1.57656e+18 0.0169288 0.000320851 
55157.9 1.57556e+18 0.0169176 0.000272945 
55171.2 1.57466e+18 0.0169082 0.000198207 
55184.5 1.5739e+18 0.0169014 0.000104001 
55197.8 1.57326e+18 0.0168973 -3.96239e-07 
55211 1.57269e+18 0.0168946 -0.000104701 
55224.3 1.5721e+18 0.0168917 -0.000198639 
55237.6 1.57141e+18 0.0168871 -0.000272956 
55250.9 1.57059e+18 0.0168798 -0.00032033 
55264.2 1.56964e+18 0.01687 -0.000336095 
55277.5 1.56864e+18 0.0168588 -0.000318702 
55290.8 1.56766e+18 0.0168479 -0.000269874 
55304.1 1.56678e+18 0.0168388 -0.000194434 
55317.4 1.56603e+18 0.0168324 -9.9836e-05 
55330.7 1.5654e+18 0.0168284 4.57564e-06 
55344 1.56483e+18 0.0168256 0.000108485 
55357.3 1.56422e+18 0.0168225 0.000201624 
55370.6 1.56352e+18 0.0168176 0.000274789 
55383.9 1.56269e+18 0.01681 0.000320748 
55397.2 1.56175e+18 0.0168002 0.000334961 
55410.5 1.56076e+18 0.0167891 0.000316028 
55423.8 1.5598e+18 0.0167785 0.000265828 
55437.1 1.55894e+18 0.0167698 0.000189336 
55450.4 1.55821e+18 0.0167636 9.41329e-05 
55463.8 1.55758e+18 0.0167597 -1.03469e-05 
55477.1 1.557e+18 0.0167569 -0.000113749 
55490.4 1.55639e+18 0.0167536 -0.000205823 
55503.7 1.55568e+18 0.0167483 -0.000277444 
55517.1 1.55484e+18 0.0167406 -0.000321513 
55530.4 1.5539e+18 0.0167306 -0.000333664 
55543.7 1.55292e+18 0.0167197 -0.000312701 
55557 1.55198e+18 0.0167094 -0.000260712 
55570.4 1.55114e+18 0.0167011 -0.000182867 
55583.7 1.55042e+18 0.0166952 -8.69041e-05 
55597.1 1.5498e+18 0.0166914 1.76381e-05 
55610.4 1.54922e+18 0.0166885 0.00012037 
55623.7 1.54859e+18 0.0166849 0.000211082 
55637.1 1.54787e+18 0.0166793 0.00028076 
55650.4 1.54702e+18 0.0166713 0.00032248 
55663.8 1.54609e+18 0.0166613 0.000332101 
55677.1 1.54512e+18 0.0166506 0.000308674 
55690.5 1.5442e+18 0.0166406 0.00025454 
55703.8 1.54338e+18 0.0166326 0.000175094 
55717.2 1.54268e+18 0.016627 7.82531e-05 
55730.5 1.54207e+18 0.0166234 -2.63333e-05 
55743.9 1.54148e+18 0.0166203 -0.000128244 
55757.3 1.54084e+18 0.0166165 -0.000217324 
55770.6 1.5401e+18 0.0166106 -0.000284696 
55784 1.53925e+18 0.0166024 -0.000323645 
55797.4 1.53832e+18 0.0165923 -0.000330291 
55810.7 1.53736e+18 0.0165818 -0.000303977 
55824.1 1.53646e+18 0.0165721 -0.000247332 
55837.5 1.53566e+18 0.0165645 -0.000166017 
55850.9 1.53498e+18 0.0165592 -6.81548e-05 
55864.2 1.53437e+18 0.0165556 3.64764e-05 
55877.6 1.53377e+18 0.0165524 0.00013742 
55891 1.53313e+18 0.0165483 0.000224585 
55904.4 1.53237e+18 0.0165421 0.000289258 
55917.8 1.53152e+18 0.0165336 0.000324971 
55931.2 1.53058e+18 0.0165236 0.000328152 
55944.6 1.52965e+18 0.0165132 0.000298484 
55958 1.52877e+18 0.0165039 0.00023894 
55971.3 1.52799e+18 0.0164967 0.000155484 
55984.7 1.52732e+18 0.0164916 5.64798e-05 
55998.1 1.52671e+18 0.0164881 -4.8151e-05 
56011.5 1.52611e+18 0.0164848 -0.000147917 
56024.9 1.52545e+18 0.0164803 -0.000232814 
56038.3 1.52469e+18 0.0164738 -0.000294324 
56051.8 1.52382e+18 0.0164652 -0.000326275 
56065.2 1.52289e+18 0.0164551 -0.00032546 
56078.6 1.52197e+18 0.016445 -0.000291963 
56092 1.52111e+18 0.016436 -0.000229149 
56105.4 1.52035e+18 0.0164292 -0.000143332 
56118.8 1.5197e+18 0.0164244 -4.31405e-05 
56132.2 1.51909e+18 0.0164209 6.13516e-05 
56145.7 1.51849e+18 0.0164174 0.000159634 
56159.1 1.51781e+18 0.0164126 0.000241818 
56172.5 1.51703e+18 0.0164058 0.000299636 
56185.9 1.51616e+18 0.016397 0.000327269 
56199.4 1.51524e+18 0.0163869 0.000321939 
56212.8 1.51433e+18 0.016377 0.000284184 
56226.2 1.5135e+18 0.0163685 0.000217812 
56239.7 1.51276e+18 0.016362 0.000129515 
56253.1 1.51212e+18 0.0163574 2.81958e-05 
56266.5 1.51152e+18 0.016354 -7.5928e-05 
56280 1.5109e+18 0.0163503 -0.000172354 
56293.4 1.51021e+18 0.0163452 -0.000251353 
56306.9 1.50942e+18 0.016338 -0.000304955 
56320.3 1.50855e+18 0.016329 -0.000327748 
56333.8 1.50763e+18 0.016319 -0.000317434 
56347.2 1.50674e+18 0.0163094 -0.000275054 
56360.7 1.50593e+18 0.0163012 -0.000204894 
56374.1 1.50521e+18 0.0162951 -0.000114045 
56387.6 1.50458e+18 0.0162908 -1.16953e-05 
56401 1.50398e+18 0.0162873 9.18033e-05 
56414.5 1.50335e+18 0.0162834 0.000185978 
56428 1.50264e+18 0.0162779 0.000261297 
56441.4 1.50184e+18 0.0162704 0.000310133 
56454.9 1.50097e+18 0.0162612 0.000327543 
56468.4 1.50006e+18 0.0162514 0.000311761 
56481.8 1.49919e+18 0.016242 0.000264388 
56495.3 1.4984e+18 0.0162343 0.000190228 
56508.8 1.4977e+18 0.0162286 9.68022e-05 
56522.3 1.49708e+18 0.0162244 -6.41133e-06 
56535.7 1.49647e+18 0.0162209 -0.000108938 
56549.2 1.49583e+18 0.0162167 -0.000200369 
56562.7 1.49511e+18 0.0162108 -0.000271422 
56576.2 1.4943e+18 0.0162031 -0.00031488 
56589.7 1.49343e+18 0.0161938 -0.000326327 
56603.2 1.49253e+18 0.016184 -0.000304604 
56616.7 1.49168e+18 0.0161751 -0.00025192 
56630.2 1.49091e+18 0.0161677 -0.000173637 
56643.6 1.49023e+18 0.0161623 -7.77214e-05 
56657.1 1.48962e+18 0.0161583 2.60635e-05 
56670.6 1.48901e+18 0.0161547 0.000127151 
56684.1 1.48835e+18 0.0161502 0.000215246 
56697.6 1.48762e+18 0.016144 0.000281378 
56711.2 1.4868e+18 0.0161359 0.000318812 
56724.7 1.48593e+18 0.0161266 0.000323737 
56738.2 1.48505e+18 0.016117 0.000295657 
56751.7 1.48422e+18 0.0161084 0.000237444 
56765.2 1.48347e+18 0.0161015 0.000155042 
56778.7 1.48281e+18 0.0160964 5.68648e-05 
56792.2 1.48219e+18 0.0160925 -4.70628e-05 
56805.8 1.48158e+18 0.0160887 -0.00014613 
56819.3 1.48091e+18 0.0160839 -0.000230222 
56832.8 1.48016e+18 0.0160774 -0.000290755 
56846.3 1.47934e+18 0.0160691 -0.000321551 
56859.8 1.47847e+18 0.0160597 -0.000319472 
56873.4 1.4776e+18 0.0160503 -0.00028474 
56886.9 1.47679e+18 0.0160421 -0.000220915 
56900.4 1.47607e+18 0.0160356 -0.000134535 
56914 1.47541e+18 0.0160308 -3.44398e-05 
56927.5 1.4748e+18 0.0160269 6.91229e-05 
56941.1 1.47418e+18 0.016023 0.000165553 
56954.6 1.4735e+18 0.0160179 0.000244981 
56968.1 1.47275e+18 0.016011 0.000299277 
56981.7 1.47192e+18 0.0160024 0.000322885 
56995.2 1.47105e+18 0.015993 0.000313397 
57008.8 1.4702e+18 0.0159839 0.000271791 
57022.3 1.46941e+18 0.015976 0.000202344 
57035.9 1.4687e+18 0.0159699 0.000112183 
57049.5 1.46806e+18 0.0159654 1.05625e-05 
57063 1.46745e+18 0.0159616 -9.20873e-05 
57076.6 1.46682e+18 0.0159575 -0.000185231 
57090.1 1.46613e+18 0.015952 -0.000259307 
57103.7 1.46537e+18 0.0159448 -0.000306715 
57117.3 1.46453e+18 0.015936 -0.00032259 
57130.8 1.46367e+18 0.0159267 -0.000305309 
57144.4 1.46284e+18 0.0159178 -0.000256656 
57158 1.46207e+18 0.0159103 -0.000181639 
57171.6 1.46137e+18 0.0159046 -8.79783e-05 
57185.1 1.46074e+18 0.0159004 1.46874e-05 
57198.7 1.46014e+18 0.0158966 0.000115792 
57212.3 1.4595e+18 0.0158922 0.00020493 
57225.9 1.4588e+18 0.0158864 0.000272924 
57239.5 1.45802e+18 0.0158788 0.000312776 
57253 1.45719e+18 0.0158699 0.000320384 
57266.6 1.45633e+18 0.0158606 0.000294969 
57280.2 1.45551e+18 0.015852 0.000239155 
57293.8 1.45476e+18 0.0158449 0.000158704 
57307.4 1.45409e+18 0.0158397 6.19168e-05 
57321 1.45347e+18 0.0158356 -4.12163e-05 
57334.6 1.45286e+18 0.0158318 -0.00014005 
57348.2 1.45222e+18 0.0158272 -0.000224379 
57361.8 1.45151e+18 0.015821 -0.000285496 
57375.4 1.45072e+18 0.015813 -0.000317091 
57389 1.44988e+18 0.0158039 -0.000315903 
57402.6 1.44903e+18 0.0157947 -0.00028206 
57416.2 1.44822e+18 0.0157865 -0.000219065 
57429.9 1.44749e+18 0.0157799 -0.000133439 
57443.5 1.44684e+18 0.015775 -3.40432e-05 
57457.1 1.44623e+18 0.0157712 6.88329e-05 
57470.7 1.44563e+18 0.0157673 0.000164539 
57484.3 1.44498e+18 0.0157624 0.000243166 
57498 1.44425e+18 0.0157557 0.00029657 
57511.6 1.44345e+18 0.0157474 0.000319223 
57525.2 1.4426e+18 0.0157382 0.000308778 
57538.8 1.44176e+18 0.0157291 0.000266322 
57552.5 1.44097e+18 0.0157213 0.000196262 
57566.1 1.44026e+18 0.0157152 0.000105868 
57579.7 1.43963e+18 0.0157108 4.52335e-06 
57593.4 1.43904e+18 0.0157071 -9.72509e-05 
57607 1.43844e+18 0.0157031 -0.000188886 
57620.7 1.43777e+18 0.0156978 -0.000260865 
57634.3 1.43702e+18 0.0156906 -0.000305709 
57648 1.4362e+18 0.0156819 -0.000318762 
57661.6 1.43535e+18 0.0156726 -0.000298668 
57675.2 1.43452e+18 0.0156638 -0.00024752 
57688.9 1.43376e+18 0.0156565 -0.000170644 
57702.6 1.43308e+18 0.015651 -7.60406e-05 
57716.2 1.43247e+18 0.015647 2.644e-05 
57729.9 1.43189e+18 0.0156434 0.000126127 
57743.5 1.43128e+18 0.0156391 0.000212638 
57757.2 1.4306e+18 0.0156333 0.000276962 
57770.9 1.42983e+18 0.0156256 0.000312398 
57784.5 1.42899e+18 0.0156165 0.000315255 
57798.2 1.42814e+18 0.0156072 0.000285238 
57811.9 1.42733e+18 0.0155988 0.00022548 
57825.5 1.42659e+18 0.0155921 0.000142218 
57839.2 1.42595e+18 0.0155872 4.41428e-05 
57852.9 1.42536e+18 0.0155835 -5.85061e-05 
57866.6 1.42479e+18 0.0155799 -0.000155009 
57880.2 1.42416e+18 0.0155753 -0.000235285 
57893.9 1.42345e+18 0.0155688 -0.000290947 
57907.6 1.42265e+18 0.0155606 -0.000316176 
57921.3 1.42181e+18 0.0155513 -0.000308335 
57935 1.42096e+18 0.0155422 -0.000268245 
57948.7 1.42018e+18 0.0155343 -0.000200101 
57962.4 1.41948e+18 0.0155283 -0.000111036 
57976.1 1.41887e+18 0.0155239 -1.03746e-05 
57989.8 1.4183e+18 0.0155205 9.13395e-05 
58003.5 1.41772e+18 0.0155167 0.000183451 
58017.2 1.41707e+18 0.0155115 0.000256306 
58030.9 1.41632e+18 0.0155043 0.000302268 
58044.6 1.4155e+18 0.0154956 0.000316519 
58058.3 1.41465e+18 0.0154862 0.000297563 
58072 1.41382e+18 0.0154774 0.000247392 
58085.7 1.41307e+18 0.0154702 0.000171271 
58099.4 1.41242e+18 0.0154649 7.71942e-05 
58113.1 1.41183e+18 0.0154611 -2.49577e-05 
58126.9 1.41127e+18 0.0154577 -0.000124452 
58140.6 1.41067e+18 0.0154535 -0.000210833 
58154.3 1.40999e+18 0.0154476 -0.00027502 
58168 1.40922e+18 0.0154398 -0.000310265 
58181.7 1.40838e+18 0.0154307 -0.000312861 
58195.5 1.40753e+18 0.0154215 -0.000282538 
58209.2 1.40674e+18 0.0154132 -0.000222488 
58222.9 1.40603e+18 0.0154068 -0.000139037 
58236.7 1.40541e+18 0.0154022 -4.09756e-05 
58250.4 1.40485e+18 0.0153987 6.13642e-05 
58264.1 1.40428e+18 0.0153951 0.000157197 
58277.9 1.40365e+18 0.0153904 0.000236422 
58291.6 1.40294e+18 0.0153837 0.000290687 
58305.4 1.40213e+18 0.0153754 0.000314273 
58319.1 1.40129e+18 0.015366 0.000304695 
58332.9 1.40046e+18 0.0153571 0.000262969 
58346.6 1.3997e+18 0.0153495 0.000193503 
58360.4 1.39904e+18 0.0153439 0.000103636 
58374.1 1.39845e+18 0.0153399 2.86035e-06 
58387.9 1.3979e+18 0.0153365 -9.81763e-05 
58401.6 1.39731e+18 0.0153326 -0.000188798 
58415.4 1.39665e+18 0.0153272 -0.000259426 
58429.2 1.3959e+18 0.0153198 -0.000302597 
58442.9 1.39508e+18 0.0153109 -0.000313747 
58456.7 1.39424e+18 0.0153016 -0.000291698 
58470.5 1.39344e+18 0.0152932 -0.000238786 
58484.2 1.39272e+18 0.0152864 -0.000160614 
58498 1.3921e+18 0.0152816 -6.54606e-05 
58511.8 1.39153e+18 0.015278 3.65935e-05 
58525.6 1.39098e+18 0.0152746 0.000134734 
58539.4 1.39037e+18 0.0152701 0.000218559 
58553.1 1.38967e+18 0.0152639 0.000279179 
58566.9 1.38889e+18 0.0152558 0.000310165 
58580.7 1.38805e+18 0.0152467 0.000308229 
58594.5 1.38723e+18 0.0152377 0.000273578 
58608.3 1.38647e+18 0.0152299 0.000209893 
58622.1 1.3858e+18 0.015224 0.000123938 
58635.9 1.38521e+18 0.0152197 2.48474e-05 
58649.7 1.38465e+18 0.0152164 -7.68461e-05 
58663.5 1.38408e+18 0.0152126 -0.000170331 
58677.3 1.38343e+18 0.0152075 -0.000245666 
58691.1 1.3827e+18 0.0152005 -0.000294838 
58704.9 1.3819e+18 0.0151919 -0.000312617 
58718.7 1.38107e+18 0.0151827 -0.000297114 
58732.5 1.38028e+18 0.0151742 -0.000249984 
58746.3 1.37956e+18 0.0151672 -0.000176251 
58760.1 1.37892e+18 0.015162 -8.37749e-05 
58773.9 1.37836e+18 0.0151583 1.75863e-05 
58787.7 1.3778e+18 0.0151549 0.000117025 
58801.6 1.3772e+18 0.0151507 0.000203939 
58815.4 1.37652e+18 0.0151448 0.000269058 
58829.2 1.37576e+18 0.0151371 0.00030544 
58843 1.37495e+18 0.0151282 0.000309207 
58856.9 1.37414e+18 0.0151192 0.000279966 
58870.7 1.37338e+18 0.0151113 0.000220847 
58884.5 1.3727e+18 0.0151051 0.000138173 
58898.4 1.3721e+18 0.0151006 4.07837e-05 
58912.2 1.37154e+18 0.0150972 -6.09089e-05 
58926 1.37097e+18 0.0150935 -0.000156033 
58939.9 1.37034e+18 0.0150886 -0.000234421 
58953.7 1.36963e+18 0.015082 -0.000287693 
58967.6 1.36885e+18 0.0150737 -0.00031016 
58981.4 1.36804e+18 0.0150647 -0.000299429 
58995.2 1.36725e+18 0.0150561 -0.000256657 
59009.1 1.36653e+18 0.0150489 -0.000186435 
59023 1.36588e+18 0.0150435 -9.62902e-05 
59036.8 1.36531e+18 0.0150396 4.11704e-06 
59050.7 1.36475e+18 0.0150362 0.000104027 
59064.5 1.36416e+18 0.0150322 0.000192733 
59078.4 1.3635e+18 0.0150266 0.000260731 
59092.2 1.36277e+18 0.0150192 0.000300736 
59106.1 1.36198e+18 0.0150105 0.000308463 
59120 1.36117e+18 0.0150016 0.000283091 
59133.8 1.36041e+18 0.0149935 0.000227351 
59147.7 1.35972e+18 0.0149871 0.000147233 
59161.6 1.35911e+18 0.0149825 5.1343e-05 
59175.5 1.35855e+18 0.0149789 -5.0015e-05 
59189.3 1.35799e+18 0.0149754 -0.00014595 
59203.2 1.35738e+18 0.0149708 -0.000226152 
59217.1 1.35669e+18 0.0149644 -0.000282001 
59231 1.35593e+18 0.0149564 -0.000307496 
59244.9 1.35514e+18 0.0149475 -0.000299899 
59258.8 1.35435e+18 0.0149389 -0.000260032 
59272.6 1.35362e+18 0.0149315 -0.000192193 
59286.5 1.35297e+18 0.0149259 -0.000103691 
59300.4 1.35238e+18 0.0149219 -4.06001e-06 
59314.3 1.35183e+18 0.0149185 9.59629e-05 
59328.2 1.35126e+18 0.0149147 0.000185599 
59342.1 1.35062e+18 0.0149094 0.000255187 
59356 1.34991e+18 0.0149023 0.000297225 
59369.9 1.34913e+18 0.0148937 0.000307183 
59383.8 1.34833e+18 0.0148848 0.000283991 
59397.8 1.34757e+18 0.0148766 0.000230156 
59411.7 1.34687e+18 0.01487 0.000151495 
59425.6 1.34625e+18 0.0148652 5.65058e-05 
59439.5 1.34569e+18 0.0148617 -4.4548e-05 
59453.4 1.34514e+18 0.0148583 -0.000140745 
59467.3 1.34455e+18 0.014854 -0.000221687 
59481.2 1.34389e+18 0.0148479 -0.000278623 
59495.2 1.34315e+18 0.01484 -0.000305398 
59509.1 1.34236e+18 0.0148312 -0.000299118 
59523 1.34157e+18 0.0148224 -0.000260467 
59537 1.34083e+18 0.0148148 -0.000193633 
59550.9 1.34017e+18 0.0148091 -0.000105859 
59564.8 1.33958e+18 0.0148051 -6.6535e-06 
59578.8 1.33904e+18 0.0148019 9.32307e-05 
59592.7 1.33849e+18 0.0147983 0.000182968 
59606.6 1.33788e+18 0.0147932 0.00025283 
59620.6 1.33718e+18 0.0147863 0.000295243 
59634.5 1.33641e+18 0.0147778 0.00030561 
59648.5 1.33561e+18 0.0147687 0.000282808 
59662.4 1.33483e+18 0.0147603 0.000229317 
59676.4 1.33413e+18 0.0147536 0.000150947 
59690.3 1.33351e+18 0.0147489 5.62129e-05 
59704.3 1.33297e+18 0.0147455 -4.45926e-05 
59718.2 1.33244e+18 0.0147424 -0.000140514 
59732.2 1.33187e+18 0.0147383 -0.000221123 
59746.1 1.33123e+18 0.0147324 -0.000277657 
59760.1 1.33049e+18 0.0147245 -0.000303964 
59774.1 1.32969e+18 0.0147154 -0.000297186 
59788 1.32889e+18 0.0147065 -0.00025806 
59802 1.32814e+18 0.0146988 -0.000190849 
59816 1.32749e+18 0.0146932 -0.000102873 
59830 1.32692e+18 0.0146894 -3.72033e-06 
59843.9 1.3264e+18 0.0146865 9.58033e-05 
59857.9 1.32587e+18 0.0146832 0.000184847 
59871.9 1.32528e+18 0.0146782 0.000253699 
59885.9 1.32458e+18 0.0146712 0.000294851 
59899.9 1.3238e+18 0.0146624 0.000303811 
59913.8 1.32299e+18 0.0146531 0.000279605 
59927.8 1.3222e+18 0.0146447 0.000224876 
59941.8 1.3215e+18 0.0146381 0.000145605 
59955.8 1.32091e+18 0.0146336 5.04534e-05 
59969.8 1.32039e+18 0.0146306 -5.01778e-05 
59983.8 1.31989e+18 0.0146278 -0.000145287 
59997.8 1.31934e+18 0.0146238 -0.000224472 
60011.8 1.31869e+18 0.0146177 -0.000279073 
60025.8 1.31794e+18 0.0146096 -0.000303115 
60039.8 1.31713e+18 0.0146002 -0.000293968 
60053.8 1.31631e+18 0.0145911 -0.000252635 
60067.8 1.31557e+18 0.0145836 -0.000183645 
60081.8 1.31494e+18 0.0145783 -9.45601e-05 
60095.8 1.3144e+18 0.014575 4.85528e-06 
60109.9 1.31391e+18 0.0145724 0.0001037 
60123.9 1.3134e+18 0.0145692 0.000191133 
60137.9 1.31281e+18 0.0145641 0.000257563 
60151.9 1.3121e+18 0.0145567 0.000295701 
60165.9 1.31129e+18 0.0145476 0.000301364 
60180 1.31047e+18 0.0145381 0.000273935 
60194 1.30969e+18 0.0145297 0.000216429 
60208 1.30901e+18 0.0145235 0.000135172 
60222.1 1.30845e+18 0.0145196 3.9096e-05 
60236.1 1.30796e+18 0.0145171 -6.12329e-05 
60250.1 1.30748e+18 0.0145145 -0.000154781 
60264.2 1.30693e+18 0.0145103 -0.000231261 
60278.2 1.30626e+18 0.0145038 -0.000282259 
60292.3 1.30549e+18 0.0144951 -0.00030217 
60306.3 1.30466e+18 0.0144855 -0.000288808 
60320.3 1.30385e+18 0.0144764 -0.000243652 
60334.4 1.30313e+18 0.0144693 -0.000171681 
60348.4 1.30253e+18 0.0144646 -8.08307e-05 
60362.5 1.30204e+18 0.0144619 1.88823e-05 
60376.6 1.30157e+18 0.0144596 0.000116464 
60390.6 1.30106e+18 0.0144563 0.000201155 
60404.7 1.30045e+18 0.0144507 0.000263617 
60418.7 1.2997e+18 0.0144427 0.000296962 
60432.8 1.29888e+18 0.0144332 0.000297517 
60446.9 1.29805e+18 0.0144236 0.000265226 
60460.9 1.29729e+18 0.0144156 0.000203663 
60475 1.29666e+18 0.0144101 0.000119633 
60489.1 1.29614e+18 0.0144069 2.24265e-05 
60503.1 1.29569e+18 0.0144048 -7.72106e-05 
60517.2 1.29521e+18 0.0144022 -0.000168262 
60531.3 1.29464e+18 0.0143975 -0.000240659 
60545.4 1.29394e+18 0.0143903 -0.000286397 
60559.5 1.29313e+18 0.0143811 -0.000300421 
60573.5 1.29229e+18 0.0143712 -0.000281185 
60587.6 1.2915e+18 0.0143625 -0.000230826 
60601.7 1.29082e+18 0.0143562 -0.000154928 
60615.8 1.29028e+18 0.0143523 -6.19043e-05 
60629.9 1.28982e+18 0.0143502 3.7932e-05 
60644 1.28937e+18 0.014348 0.000133513 
60658.1 1.28884e+18 0.0143442 0.00021424 
60672.2 1.28818e+18 0.0143379 0.000271164 
60686.3 1.2874e+18 0.0143291 0.000297973 
60700.4 1.28656e+18 0.0143192 0.000291699 
60714.5 1.28575e+18 0.0143099 0.000253046 
60728.6 1.28503e+18 0.0143027 0.000186314 
60742.7 1.28445e+18 0.0142981 9.89225e-05 
60756.8 1.28398e+18 0.0142957 5.87286e-07 
60771 1.28355e+18 0.0142938 -9.77596e-05 
60785.1 1.28305e+18 0.0142908 -0.000185184 
60799.2 1.28244e+18 0.0142853 -0.000251968 
60813.3 1.2817e+18 0.0142772 -0.000290687 
60827.4 1.28087e+18 0.0142675 -0.000297043 
60841.6 1.28004e+18 0.0142577 -0.000270338 
60855.7 1.27928e+18 0.0142497 -0.000213554 
60869.8 1.27867e+18 0.0142444 -0.000133025 
60884 1.27817e+18 0.0142414 -3.77252e-05 
60898.1 1.27774e+18 0.0142397 6.17233e-05 
60912.2 1.27728e+18 0.0142372 0.000154238 
60926.4 1.27672e+18 0.0142327 0.00022951 
60940.5 1.27601e+18 0.0142253 0.000279153 
60954.6 1.2752e+18 0.0142159 0.000297637 
60968.8 1.27436e+18 0.0142059 0.000282909 
60982.9 1.27358e+18 0.0141972 0.00023662 
60997.1 1.27292e+18 0.014191 0.000163942 
61011.2 1.2724e+18 0.0141875 7.29949e-05 
61025.4 1.27197e+18 0.0141857 -2.60627e-05 
61039.5 1.27153e+18 0.0141837 -0.000122164 
61053.7 1.271e+18 0.0141799 -0.000204572 
61067.9 1.27034e+18 0.0141734 -0.000264076 
61082 1.26956e+18 0.0141645 -0.000294025 
61096.2 1.26871e+18 0.0141544 -0.000291073 
61110.3 1.26791e+18 0.0141452 -0.000255552 
61124.5 1.26721e+18 0.0141382 -0.00019144 
61138.7 1.26666e+18 0.014134 -0.000105917 
61152.9 1.26622e+18 0.0141319 -8.56115e-06 
61167 1.2658e+18 0.0141302 8.9718e-05 
61181.2 1.26531e+18 0.0141272 0.000177906 
61195.4 1.26469e+18 0.0141215 0.000246117 
61209.6 1.26393e+18 0.0141131 0.000286702 
61223.7 1.2631e+18 0.0141032 0.000295108 
61237.9 1.26227e+18 0.0140935 0.000270393 
61252.1 1.26155e+18 0.0140858 0.000215334 
61266.3 1.26096e+18 0.0140809 0.000136113 
61280.5 1.2605e+18 0.0140784 4.1631e-05 
61294.7 1.26008e+18 0.0140768 -5.74949e-05 
61308.9 1.25963e+18 0.0140744 -0.000150123 
61323.1 1.25905e+18 0.0140695 -0.000225838 
61337.3 1.25833e+18 0.0140618 -0.000276125 
61351.5 1.25751e+18 0.0140521 -0.000295329 
61365.7 1.25667e+18 0.0140422 -0.000281289 
61379.9 1.25592e+18 0.0140338 -0.000235589 
61394.1 1.2553e+18 0.0140282 -0.000163378 
61408.3 1.25481e+18 0.0140252 -7.27923e-05 
61422.5 1.2544e+18 0.0140236 2.59589e-05 
61436.7 1.25396e+18 0.0140216 0.000121745 
61451 1.25342e+18 0.0140175 0.000203766 
61465.2 1.25274e+18 0.0140105 0.000262774 
61479.4 1.25194e+18 0.0140012 0.000292116 
61493.6 1.2511e+18 0.0139911 0.000288485 
61507.8 1.25032e+18 0.0139822 0.000252296 
61522.1 1.24967e+18 0.0139759 0.000187639 
61536.3 1.24916e+18 0.0139723 0.00010182 
61550.5 1.24874e+18 0.0139706 4.5347e-06 
61564.8 1.24832e+18 0.0139689 -9.32222e-05 
61579 1.24782e+18 0.0139654 -0.000180403 
61593.2 1.24717e+18 0.0139592 -0.000247153 
61607.5 1.24639e+18 0.0139503 -0.000285926 
61621.7 1.24556e+18 0.0139403 -0.00029234 
61636 1.24476e+18 0.013931 -0.000265672 
61650.2 1.24408e+18 0.0139239 -0.000208941 
61664.5 1.24354e+18 0.0139198 -0.000128574 
61678.7 1.24311e+18 0.0139178 -3.36717e-05 
61693 1.2427e+18 0.0139163 6.5013e-05 
61707.2 1.24223e+18 0.0139134 0.000156296 
61721.5 1.24162e+18 0.0139079 0.00022983 
61735.7 1.24087e+18 0.0138996 0.000277276 
61750 1.24004e+18 0.0138897 0.00029325 
61764.3 1.23923e+18 0.01388 0.000275941 
61778.5 1.23852e+18 0.0138724 0.000227313 
61792.8 1.23795e+18 0.0138676 0.000152887 
61807.1 1.23751e+18 0.0138653 6.11193e-05 
61821.3 1.23711e+18 0.0138639 -3.75638e-05 
61835.6 1.23665e+18 0.0138615 -0.000131945 
61849.9 1.23608e+18 0.0138566 -0.000211291 
61864.2 1.23536e+18 0.0138488 -0.00026658 
61878.4 1.23455e+18 0.0138392 -0.00029152 
61892.7 1.23373e+18 0.0138294 -0.000283275 
61907 1.233e+18 0.0138212 -0.000242785 
61921.3 1.2324e+18 0.0138159 -0.000174661 
61935.6 1.23194e+18 0.0138131 -8.66675e-05 
61949.9 1.23154e+18 0.0138116 1.1169e-05 
61964.2 1.2311e+18 0.0138096 0.000107695 
61978.5 1.23056e+18 0.0138053 0.000191906 
61992.8 1.22987e+18 0.0137982 0.000254198 
62007.1 1.22908e+18 0.0137889 0.000287465 
62021.4 1.22826e+18 0.013779 0.000287915 
62035.7 1.22751e+18 0.0137704 0.0002555 
62050 1.22689e+18 0.0137644 0.000193925 
62064.3 1.2264e+18 0.0137612 0.000110226 
62078.6 1.226e+18 0.0137596 1.39706e-05 
62092.9 1.22558e+18 0.0137578 -8.38402e-05 
62107.2 1.22506e+18 0.0137541 -0.000172024 
62121.5 1.22441e+18 0.0137476 -0.000240498 
62135.9 1.22363e+18 0.0137386 -0.000281433 
62150.2 1.22282e+18 0.0137288 -0.000290151 
62164.5 1.22205e+18 0.0137198 -0.00026566 
62178.8 1.22141e+18 0.0137133 -0.000210768 
62193.2 1.2209e+18 0.0137096 -0.000131768 
62207.5 1.22048e+18 0.0137078 -3.77128e-05 
62221.8 1.22007e+18 0.0137062 6.06203e-05 
62236.2 1.21958e+18 0.0137029 0.000151961 
62250.5 1.21896e+18 0.013697 0.00022584 
62264.8 1.21821e+18 0.0136885 0.000273789 
62279.2 1.2174e+18 0.0136788 0.000290313 
62293.5 1.21662e+18 0.0136696 0.00027352 
62307.9 1.21596e+18 0.0136625 0.000225343 
62322.2 1.21542e+18 0.0136583 0.000151318 
62336.6 1.215e+18 0.0136562 5.99465e-05 
62350.9 1.21459e+18 0.0136547 -3.82714e-05 
62365.3 1.21412e+18 0.0136519 -0.00013205 
62379.6 1.21353e+18 0.0136465 -0.000210609 
62394 1.2128e+18 0.0136385 -0.00026492 
62408.3 1.21201e+18 0.0136289 -0.000288738 
62422.7 1.21122e+18 0.0136195 -0.000279326 
62437.1 1.21054e+18 0.013612 -0.000237771 
62451.4 1.20998e+18 0.0136073 -0.000168863 
62465.8 1.20954e+18 0.0136049 -8.054e-05 
62480.2 1.20914e+18 0.0136034 1.70215e-05 
62494.5 1.20869e+18 0.0136009 0.000112578 
62508.9 1.20812e+18 0.0135961 0.000195116 
62523.3 1.20742e+18 0.0135886 0.000255121 
62537.7 1.20664e+18 0.0135792 0.000285677 
62552.1 1.20585e+18 0.0135697 0.000283264 
62566.4 1.20515e+18 0.0135618 0.000248166 
62580.8 1.20457e+18 0.0135566 0.00018444 
62595.2 1.20411e+18 0.0135539 9.9449e-05 
62609.6 1.20371e+18 0.0135523 3.01291e-06 
62624 1.20327e+18 0.0135501 -9.37254e-05 
62638.4 1.20273e+18 0.0135458 -0.000179587 
62652.8 1.20206e+18 0.0135388 -0.000244648 
62667.2 1.20129e+18 0.0135297 -0.00028139 
62681.6 1.20051e+18 0.0135201 -0.000285569 
62696 1.19979e+18 0.0135119 -0.000256707 
62710.4 1.19919e+18 0.0135062 -0.000198152 
62724.8 1.19871e+18 0.0135031 -0.000116689 
62739.2 1.19831e+18 0.0135014 -2.17541e-05 
62753.6 1.19788e+18 0.0134995 7.56518e-05 
62768 1.19736e+18 0.0134956 0.000164243 
62782.5 1.19672e+18 0.013489 0.000233755 
62796.9 1.19597e+18 0.0134803 0.000276133 
62811.3 1.19519e+18 0.0134707 0.000286471 
62825.7 1.19446e+18 0.0134622 0.000263578 
62840.1 1.19384e+18 0.0134561 0.000210118 
62854.6 1.19334e+18 0.0134526 0.000132302 
62869 1.19293e+18 0.0134508 3.91706e-05 
62883.4 1.19251e+18 0.013449 -5.84609e-05 
62897.9 1.19202e+18 0.0134455 -0.000149253 
62912.3 1.1914e+18 0.0134394 -0.000222659 
62926.7 1.19067e+18 0.013431 -0.000270156 
62941.2 1.18989e+18 0.0134215 -0.000286227 
62955.6 1.18915e+18 0.0134127 -0.000269011 
62970.1 1.18851e+18 0.0134062 -0.000220517 
62984.5 1.188e+18 0.0134023 -0.000146392 
62999 1.18758e+18 0.0134003 -5.52635e-05 
63013.4 1.18717e+18 0.0133987 4.22572e-05 
63027.9 1.18669e+18 0.0133956 0.000134815 
63042.3 1.1861e+18 0.01339 0.000211631 
63056.8 1.18539e+18 0.0133819 0.000263757 
63071.2 1.18462e+18 0.0133724 0.000285121 
63085.7 1.18387e+18 0.0133634 0.000273236 
63100.2 1.18322e+18 0.0133565 0.00022949 
63114.6 1.18269e+18 0.0133522 0.000158991 
63129.1 1.18225e+18 0.0133501 6.99658e-05 
63143.6 1.18185e+18 0.0133486 -2.71915e-05 
63158 1.1814e+18 0.0133459 -0.000121136 
63172.5 1.18083e+18 0.0133407 -0.000200896 
63187 1.18014e+18 0.0133329 -0.000257154 
63201.5 1.17938e+18 0.0133235 -0.000283337 
63215.9 1.17862e+18 0.0133143 -0.000276387 
63230.4 1.17794e+18 0.013307 -0.000237119 
63244.9 1.1774e+18 0.0133024 -0.000170129 
63259.4 1.17696e+18 0.0133001 -8.32566e-05 
63273.9 1.17656e+18 0.0132987 1.33288e-05 
63288.4 1.17613e+18 0.0132963 0.000108319 
63302.9 1.17558e+18 0.0132915 0.000190589 
63317.4 1.17491e+18 0.013284 0.000250503 
63331.9 1.17415e+18 0.0132747 0.000281041 
63346.4 1.17339e+18 0.0132654 0.000278623 
63360.9 1.1727e+18 0.0132577 0.000243536 
63375.4 1.17213e+18 0.0132528 0.000179895 
63389.9 1.17169e+18 0.0132504 9.51681e-05 
63404.4 1.1713e+18 0.0132491 -7.00122e-07 
63418.9 1.17088e+18 0.013247 -9.64546e-05 
63433.4 1.17036e+18 0.0132426 -0.000180851 
63447.9 1.16971e+18 0.0132354 -0.000243974 
63462.5 1.16895e+18 0.0132261 -0.000278409 
63477 1.16818e+18 0.0132166 -0.000280107 
63491.5 1.16747e+18 0.0132086 -0.00024887 
63506 1.16689e+18 0.0132034 -0.000188373 
63520.6 1.16644e+18 0.0132009 -0.000105731 
63535.1 1.16606e+18 0.0131997 -1.06711e-05 
63549.6 1.16566e+18 0.0131979 8.56173e-05 
63564.2 1.16516e+18 0.0131938 0.000171796 
63578.7 1.16452e+18 0.0131868 0.000237714 
63593.2 1.16377e+18 0.0131776 0.000275604 
63607.8 1.16299e+18 0.0131679 0.000280999 
63622.3 1.16227e+18 0.0131597 0.00025326 
63636.9 1.16168e+18 0.0131542 0.000195657 
63651.4 1.16123e+18 0.0131516 0.000114983 
63665.9 1.16086e+18 0.0131505 2.07578e-05 
63680.5 1.16047e+18 0.013149 -7.58957e-05 
63695.1 1.15999e+18 0.0131452 -0.000163563 
63709.6 1.15937e+18 0.0131384 -0.000231886 
63724.2 1.15862e+18 0.0131292 -0.000272788 
63738.7 1.15783e+18 0.0131194 -0.00028143 
63753.3 1.15709e+18 0.0131109 -0.000256789 
63767.8 1.15649e+18 0.0131053 -0.000201776 
63782.4 1.15604e+18 0.0131026 -0.0001229 
63797 1.15568e+18 0.0131016 -2.94965e-05 
63811.6 1.15531e+18 0.0131003 6.73738e-05 
63826.1 1.15485e+18 0.0130968 0.000156236 
63840.7 1.15423e+18 0.0130902 0.000226561 
63855.3 1.15348e+18 0.0130809 0.000270011 
63869.9 1.15268e+18 0.0130709 0.000281437 
63884.4 1.15193e+18 0.0130623 0.000259483 
63899 1.15133e+18 0.0130565 0.000206754 
63913.6 1.15088e+18 0.0130538 0.00012951 
63928.2 1.15053e+18 0.013053 3.69194e-05 
63942.8 1.15018e+18 0.013052 -6.0022e-05 
63957.4 1.14973e+18 0.0130486 -0.0001498 
63972 1.14912e+18 0.013042 -0.000221749 
63986.6 1.14836e+18 0.0130327 -0.000267319 
64001.2 1.14755e+18 0.0130226 -0.000281095 
64015.8 1.1468e+18 0.0130137 -0.000261442 
64030.4 1.14619e+18 0.0130079 -0.0002107 
64045 1.14575e+18 0.0130053 -0.000134911 
64059.6 1.14541e+18 0.0130047 -4.30956e-05 
64074.2 1.14508e+18 0.0130038 5.3812e-05 
64088.8 1.14464e+18 0.0130006 0.000144271 
64103.4 1.14402e+18 0.012994 0.000217507 
64118 1.14326e+18 0.0129846 0.000264796 
64132.7 1.14244e+18 0.0129743 0.000280506 
64147.3 1.14168e+18 0.0129654 0.000262769 
64161.9 1.14108e+18 0.0129596 0.000213706 
64176.5 1.14065e+18 0.0129571 0.000139175 
64191.2 1.14033e+18 0.0129567 4.80726e-05 
64205.8 1.14001e+18 0.012956 -4.87243e-05 
64220.4 1.13957e+18 0.0129528 -0.00013966 
64235.1 1.13895e+18 0.0129461 -0.000213877 
64249.7 1.13817e+18 0.0129366 -0.000262514 
64264.3 1.13735e+18 0.0129261 -0.000279764 
64279 1.13659e+18 0.0129172 -0.000263572 
64293.6 1.13599e+18 0.0129115 -0.00021588 
64308.3 1.13558e+18 0.0129092 -0.000142394 
64322.9 1.13527e+18 0.012909 -5.19089e-05 
64337.6 1.13496e+18 0.0129083 4.47471e-05 
64352.2 1.13452e+18 0.0129051 0.000136005 
64366.9 1.13389e+18 0.0128983 0.000210942 
64381.5 1.13311e+18 0.0128886 0.000260584 
64396.2 1.13227e+18 0.012878 0.00027899 
64410.8 1.13152e+18 0.0128692 0.000263958 
64425.5 1.13094e+18 0.0128636 0.000217293 
64440.2 1.13054e+18 0.0128616 0.000144596 
64454.8 1.13025e+18 0.0128615 5.4588e-05 
64469.5 1.12994e+18 0.0128609 -4.19298e-05 
64484.2 1.12949e+18 0.0128576 -0.000133374 
64498.8 1.12885e+18 0.0128505 -0.000208769 
64513.5 1.12805e+18 0.0128406 -0.000259064 
64528.2 1.12722e+18 0.0128301 -0.000278222 
64542.9 1.12647e+18 0.0128213 -0.000263945 
64557.6 1.12591e+18 0.0128161 -0.000217954 
64572.2 1.12554e+18 0.0128143 -0.000145783 
64586.9 1.12526e+18 0.0128144 -5.6112e-05 
64601.6 1.12495e+18 0.0128137 4.02707e-05 
64616.3 1.12449e+18 0.0128102 0.000131768 
64631 1.12383e+18 0.0128029 0.000207369 
64645.7 1.12302e+18 0.0127928 0.000257975 
64660.4 1.12218e+18 0.0127822 0.000277493 
64675.1 1.12146e+18 0.0127737 0.000263576 
64689.8 1.12092e+18 0.0127688 0.000217904 
64704.5 1.12056e+18 0.0127673 0.000145983 
64719.2 1.12029e+18 0.0127675 5.64886e-05 
64733.9 1.11997e+18 0.0127667 -3.97843e-05 
64748.6 1.1195e+18 0.0127628 -0.00013122 
64763.3 1.11882e+18 0.0127552 -0.000206783 
64778.1 1.118e+18 0.012745 -0.000257354 
64792.8 1.11718e+18 0.0127346 -0.000276826 
64807.5 1.11647e+18 0.0127263 -0.00026285 
64822.2 1.11596e+18 0.0127218 -0.000217119 
64836.9 1.11562e+18 0.0127206 -0.000145164 
64851.7 1.11535e+18 0.0127208 -5.56876e-05 
64866.4 1.11502e+18 0.0127198 4.04868e-05 
64881.1 1.11452e+18 0.0127156 0.000131723 
64895.9 1.11383e+18 0.0127077 0.000206982 
64910.6 1.11301e+18 0.0126974 0.000257156 
64925.3 1.11219e+18 0.0126871 0.000276173 
64940.1 1.11151e+18 0.0126792 0.000261734 
64954.8 1.11102e+18 0.0126751 0.000215592 
64969.6 1.1107e+18 0.0126741 0.000143342 
64984.3 1.11044e+18 0.0126743 5.37468e-05 
64999.1 1.11009e+18 0.0126731 -4.23297e-05 
65013.8 1.10957e+18 0.0126685 -0.000133233 
65028.6 1.10885e+18 0.0126602 -0.000207936 
65043.3 1.10803e+18 0.0126499 -0.000257373 
65058.1 1.10724e+18 0.0126398 -0.000275545 
65072.8 1.10658e+18 0.0126324 -0.000260248 
65087.6 1.10612e+18 0.0126287 -0.000213343 
65102.4 1.10581e+18 0.0126279 -0.000140532 
65117.1 1.10554e+18 0.012628 -5.06676e-05 
65131.9 1.10517e+18 0.0126264 4.53224e-05 
65146.7 1.10463e+18 0.0126214 0.000135763 
65161.4 1.1039e+18 0.0126129 0.000209651 
65176.2 1.10308e+18 0.0126025 0.000257996 
65191 1.10231e+18 0.0125928 0.000274916 
65205.8 1.10168e+18 0.0125858 0.000258352 
65220.6 1.10125e+18 0.0125825 0.000210326 
65235.3 1.10095e+18 0.0125819 0.000136691 
65250.1 1.10067e+18 0.0125819 4.64245e-05 
65264.9 1.10028e+18 0.0125799 -4.94668e-05 
65279.7 1.09971e+18 0.0125744 -0.000139288 
65294.5 1.09897e+18 0.0125656 -0.000212083 
65309.3 1.09816e+18 0.0125553 -0.000258968 
65324.1 1.09741e+18 0.012546 -0.000274224 
65338.9 1.09682e+18 0.0125395 -0.00025599 
65353.7 1.0964e+18 0.0125366 -0.000206495 
65368.5 1.09611e+18 0.0125362 -0.000131789 
65383.3 1.09581e+18 0.0125358 -4.10063e-05 
65398.1 1.0954e+18 0.0125334 5.47534e-05 
65412.9 1.0948e+18 0.0125275 0.000143778 
65427.7 1.09406e+18 0.0125186 0.000215176 
65442.5 1.09326e+18 0.0125084 0.000260214 
65457.4 1.09254e+18 0.0124994 0.00027338 
65472.2 1.09198e+18 0.0124935 0.000253068 
65487 1.09158e+18 0.012491 0.000201771 
65501.8 1.09129e+18 0.0124905 0.000125778 
65516.7 1.09097e+18 0.0124899 3.44079e-05 
65531.5 1.09053e+18 0.012487 -6.11362e-05 
65546.3 1.08992e+18 0.0124807 -0.000149138 
65561.2 1.08917e+18 0.0124716 -0.000218806 
65576 1.08839e+18 0.0124617 -0.000261597 
65590.8 1.0877e+18 0.0124532 -0.000272267 
65605.7 1.08716e+18 0.0124477 -0.000249512 
65620.5 1.08678e+18 0.0124455 -0.000196134 
65635.4 1.08648e+18 0.012445 -0.000118695 
65650.2 1.08615e+18 0.0124441 -2.67112e-05 
65665 1.08569e+18 0.0124408 6.85105e-05 
65679.9 1.08506e+18 0.0124341 0.000155266 
65694.7 1.08431e+18 0.0124249 0.000222891 
65709.6 1.08355e+18 0.0124152 0.000263072 
65724.5 1.08289e+18 0.0124071 0.000270869 
65739.3 1.08238e+18 0.0124022 0.000245329 
65754.2 1.08201e+18 0.0124002 0.0001896 
65769 1.0817e+18 0.0123997 0.000110549 
65783.9 1.08135e+18 0.0123984 1.79153e-05 
65798.8 1.08086e+18 0.0123946 -7.68844e-05 
65813.7 1.08022e+18 0.0123876 -0.000162166 
65828.5 1.07948e+18 0.0123784 -0.000227416 
65843.4 1.07874e+18 0.0123689 -0.00026459 
65858.3 1.0781e+18 0.0123614 -0.000269107 
65873.2 1.07761e+18 0.0123568 -0.000240414 
65888 1.07725e+18 0.0123551 -0.000182058 
65902.9 1.07694e+18 0.0123545 -0.00010125 
65917.8 1.07656e+18 0.0123529 -7.97457e-06 
65932.7 1.07606e+18 0.0123486 8.62429e-05 
65947.6 1.07541e+18 0.0123413 0.000169758 
65962.5 1.07468e+18 0.0123321 0.00023225 
65977.4 1.07396e+18 0.0123229 0.000265994 
65992.3 1.07334e+18 0.0123158 0.000266822 
66007.2 1.07287e+18 0.0123117 0.000234637 
66022.1 1.07251e+18 0.0123101 0.00017343 
66037 1.07219e+18 0.0123094 9.07814e-05 
66051.9 1.0718e+18 0.0123075 -3.06941e-06 
66066.8 1.07128e+18 0.0123028 -9.64953e-05 
66081.7 1.07063e+18 0.0122952 -0.00017792 
66096.6 1.0699e+18 0.0122859 -0.000237255 
66111.5 1.06919e+18 0.0122771 -0.000267147 
66126.5 1.0686e+18 0.0122704 -0.000263896 
66141.4 1.06814e+18 0.0122667 -0.000227911 
66156.3 1.0678e+18 0.0122654 -0.000163664 
66171.2 1.06747e+18 0.0122645 -7.91357e-05 
66186.2 1.06707e+18 0.0122622 1.51754e-05 
66201.1 1.06653e+18 0.0122571 0.000107555 
66216 1.06586e+18 0.0122492 0.000186529 
66230.9 1.06514e+18 0.01224 0.000242288 
66245.9 1.06445e+18 0.0122314 0.000267906 
66260.8 1.06388e+18 0.0122253 0.000260206 
66275.8 1.06344e+18 0.012222 0.000220152 
66290.7 1.0631e+18 0.0122208 0.000152732 
66305.6 1.06277e+18 0.0122198 6.63394e-05 
66320.6 1.06235e+18 0.0122171 -2.82717e-05 
66335.5 1.0618e+18 0.0122115 -0.000119322 
66350.5 1.06112e+18 0.0122034 -0.000195474 
66365.4 1.0604e+18 0.0121942 -0.000247244 
66380.4 1.05973e+18 0.012186 -0.000268184 
66395.4 1.05918e+18 0.0121803 -0.000255685 
66410.3 1.05877e+18 0.0121775 -0.000211309 
66425.3 1.05844e+18 0.0121764 -0.000140592 
66440.2 1.0581e+18 0.0121752 -5.23584e-05 
66455.2 1.05766e+18 0.0121721 4.23785e-05 
66470.2 1.05709e+18 0.012166 0.00013179 
66485.2 1.0564e+18 0.0121576 0.00020471 
66500.1 1.05569e+18 0.0121486 0.000252026 
66515.1 1.05503e+18 0.0121408 0.000267828 
66530.1 1.05451e+18 0.0121356 0.000250141 
66545.1 1.05412e+18 0.0121332 0.000201179 
66560 1.05379e+18 0.0121323 0.00012707 
66575 1.05345e+18 0.0121309 3.70893e-05 
66590 1.05299e+18 0.0121272 -5.74975e-05 
66605 1.05239e+18 0.0121207 -0.000144847 
66620 1.0517e+18 0.012112 -0.000214019 
66635 1.05099e+18 0.0121031 -0.000256351 
66650 1.05036e+18 0.0120958 -0.000266541 
66665 1.04987e+18 0.0120912 -0.000243317 
66680 1.0495e+18 0.0120892 -0.000189595 
66695 1.04918e+18 0.0120884 -0.000112118 
66710 1.04882e+18 0.0120866 -2.06079e-05 
66725 1.04834e+18 0.0120824 7.34488e-05 
66740 1.04772e+18 0.0120753 0.000158246 
66755 1.04701e+18 0.0120665 0.000223137 
66770 1.04632e+18 0.0120578 0.000259975 
66785.1 1.04571e+18 0.012051 0.000264136 
66800.1 1.04525e+18 0.0120471 0.0002351 
66815.1 1.0449e+18 0.0120455 0.000176522 
66830.1 1.04459e+18 0.0120446 9.57719e-05 
66845.1 1.04421e+18 0.0120424 3.00852e-06 
66860.2 1.0437e+18 0.0120376 -9.00949e-05 
66875.2 1.04306e+18 0.0120301 -0.000171821 
66890.2 1.04235e+18 0.0120211 -0.000231882 
66905.3 1.04167e+18 0.0120127 -0.000262717 
66920.3 1.0411e+18 0.0120066 -0.000260447 
66935.4 1.04067e+18 0.0120033 -0.00022536 
66950.4 1.04034e+18 0.0120021 -0.000161883 
66965.4 1.04002e+18 0.0120011 -7.80225e-05 
66980.5 1.03961e+18 0.0119983 1.56451e-05 
66995.5 1.03907e+18 0.0119928 0.000107303 
67010.6 1.03841e+18 0.0119848 0.000185386 
67025.6 1.0377e+18 0.0119759 0.000240039 
67040.7 1.03704e+18 0.0119679 0.000264364 
67055.7 1.03651e+18 0.0119625 0.00025529 
67070.8 1.03612e+18 0.0119599 0.000213966 
67085.9 1.0358e+18 0.0119589 0.000145615 
67100.9 1.03547e+18 0.0119576 5.88774e-05 
67116 1.03504e+18 0.0119542 -3.52767e-05 
67131.1 1.03446e+18 0.0119481 -0.000124937 
67146.1 1.03378e+18 0.0119397 -0.000198757 
67161.2 1.03308e+18 0.0119308 -0.000247394 
67176.3 1.03245e+18 0.0119235 -0.000264688 
67191.4 1.03196e+18 0.0119188 -0.00024845 
67206.4 1.03159e+18 0.0119168 -0.000200738 
67221.5 1.03129e+18 0.0119159 -0.0001276 
67236.6 1.03094e+18 0.0119142 -3.8311e-05 
67251.7 1.03047e+18 0.0119101 5.58049e-05 
67266.8 1.02986e+18 0.0119033 0.000142807 
67281.9 1.02917e+18 0.0118946 0.000211656 
67297 1.02848e+18 0.011886 0.000253614 
67312.1 1.02789e+18 0.0118794 0.000263355 
67327.2 1.02744e+18 0.0118755 0.000239646 
67342.3 1.0271e+18 0.0118739 0.000185502 
67357.4 1.02679e+18 0.011873 0.000107805 
67372.5 1.02642e+18 0.0118708 1.64337e-05 
67387.6 1.02591e+18 0.0118659 -7.69926e-05 
67402.7 1.02527e+18 0.0118585 -0.000160592 
67417.8 1.02457e+18 0.0118497 -0.000223729 
67432.9 1.02391e+18 0.0118415 -0.00025837 
67448 1.02336e+18 0.0118357 -0.000260108 
67463.1 1.02295e+18 0.0118326 -0.000228723 
67478.3 1.02263e+18 0.0118314 -0.000168214 
67493.4 1.02232e+18 0.0118302 -8.62919e-05 
67508.5 1.0219e+18 0.0118273 6.59981e-06 
67523.6 1.02136e+18 0.0118217 9.86172e-05 
67538.8 1.0207e+18 0.0118137 0.000178024 
67553.9 1.02e+18 0.011805 0.00023469 
67569 1.01937e+18 0.0117974 0.000261385 
67584.2 1.01887e+18 0.0117924 0.000254702 
67599.3 1.0185e+18 0.01179 0.000215498 
67614.5 1.01819e+18 0.011789 0.000148783 
67629.6 1.01785e+18 0.0117875 6.3084e-05 
67644.7 1.0174e+18 0.0117838 -3.06442e-05 
67659.9 1.01682e+18 0.0117773 -0.000120418 
67675 1.01614e+18 0.011769 -0.000194757 
67690.2 1.01546e+18 0.0117605 -0.000244154 
67705.3 1.01487e+18 0.0117537 -0.000262291 
67720.5 1.01442e+18 0.0117496 -0.000246851 
67735.7 1.01407e+18 0.0117478 -0.000199814 
67750.8 1.01376e+18 0.0117468 -0.000127207 
67766 1.0134e+18 0.0117446 -3.8333e-05 
67781.2 1.0129e+18 0.0117401 5.54188e-05 
67796.3 1.01228e+18 0.011733 0.000142031 
67811.5 1.0116e+18 0.0117245 0.0002104 
67826.7 1.01095e+18 0.0117165 0.000251758 
67841.8 1.01041e+18 0.0117105 0.000260802 
67857 1.01e+18 0.0117072 0.000236371 
67872.2 1.00967e+18 0.0117058 0.000181606 
67887.4 1.00935e+18 0.0117045 0.000103541 
67902.6 1.00895e+18 0.0117017 1.22047e-05 
67917.7 1.00841e+18 0.0116963 -8.06641e-05 
67932.9 1.00777e+18 0.0116886 -0.000163129 
67948.1 1.0071e+18 0.0116802 -0.000224587 
67963.3 1.00648e+18 0.0116728 -0.000257136 
67978.5 1.00599e+18 0.0116678 -0.000256593 
67993.7 1.00561e+18 0.0116652 -0.000223031 
68008.9 1.00529e+18 0.0116639 -0.000160775 
68024.1 1.00495e+18 0.0116623 -7.78454e-05 
68039.3 1.0045e+18 0.0116586 1.50742e-05 
68054.5 1.00393e+18 0.0116524 0.000106011 
68069.7 1.00328e+18 0.0116444 0.000183248 
68084.9 1.00262e+18 0.0116363 0.000236831 
68100.2 1.00205e+18 0.0116297 0.000259855 
68115.4 1.0016e+18 0.0116255 0.000249355 
68130.6 1.00125e+18 0.0116234 0.000206691 
68145.8 1.00093e+18 0.0116222 0.000137372 
68161 1.00055e+18 0.0116199 5.03494e-05 
68176.3 1.00006e+18 0.0116154 -4.31379e-05 
68191.5 9.99463e+17 0.0116086 -0.000131015 
68206.7 9.98808e+17 0.0116004 -0.000201928 
68222 9.98181e+17 0.0115927 -0.000246716 
68237.2 9.97652e+17 0.0115869 -0.00025959 
68252.4 9.97239e+17 0.0115836 -0.00023889 
68267.7 9.96905e+17 0.0115819 -0.000187298 
68282.9 9.9657e+17 0.0115804 -0.000111492 
68298.2 9.96159e+17 0.0115774 -2.12868e-05 
68313.4 9.95633e+17 0.0115721 7.16362e-05 
68328.6 9.95014e+17 0.0115648 0.000155243 
68343.9 9.94368e+17 0.0115567 0.000218704 
68359.1 9.93776e+17 0.0115496 0.0002538 
68374.4 9.9329e+17 0.0115447 0.000255985 
68389.7 9.92909e+17 0.011542 0.000224981 
68404.9 9.9258e+17 0.0115405 0.000164812 
68420.2 9.92223e+17 0.0115386 8.32875e-05 
68435.4 9.91775e+17 0.0115348 -9.01205e-06 
68450.7 9.91217e+17 0.0115288 -0.000100106 
68466 9.90587e+17 0.0115211 -0.000178167 
68481.3 9.8996e+17 0.0115133 -0.000233059 
68496.5 9.89406e+17 0.011507 -0.000257653 
68511.8 9.8896e+17 0.0115029 -0.000248754 
68527.1 9.88602e+17 0.0115007 -0.00020752 
68542.4 9.88269e+17 0.0114991 -0.000139314 
68557.6 9.87884e+17 0.0114966 -5.30085e-05 
68572.9 9.87399e+17 0.0114921 4.01656e-05 
68588.2 9.86816e+17 0.0114854 0.00012808 
68603.5 9.86186e+17 0.0114777 0.000199288 
68618.8 9.85584e+17 0.0114703 0.000244514 
68634.1 9.8507e+17 0.0114648 0.000257867 
68649.4 9.8466e+17 0.0114614 0.000237607 
68664.7 9.84317e+17 0.0114596 0.000186377 
68680 9.8397e+17 0.0114578 0.000110861 
68695.3 9.83553e+17 0.0114546 2.09124e-05 
68710.6 9.83034e+17 0.0114493 -7.17303e-05 
68725.9 9.82433e+17 0.0114422 -0.000154974 
68741.2 9.81812e+17 0.0114345 -0.000217952 
68756.5 9.81242e+17 0.0114277 -0.000252442 
68771.8 9.80769e+17 0.011423 -0.000253943 
68787.2 9.80387e+17 0.0114203 -0.000222261 
68802.5 9.80049e+17 0.0114186 -0.000161544 
68817.8 9.79681e+17 0.0114164 -7.97307e-05 
68833.1 9.79229e+17 0.0114125 1.24772e-05 
68848.4 9.78681e+17 0.0114065 0.000103018 
68863.8 9.78071e+17 0.011399 0.000180046 
68879.1 9.77468e+17 0.0113916 0.000233481 
68894.4 9.76935e+17 0.0113856 0.000256329 
68909.8 9.76499e+17 0.0113817 0.000245599 
68925.1 9.76138e+17 0.0113794 0.000202698 
68940.4 9.75795e+17 0.0113777 0.000133247 
68955.8 9.754e+17 0.0113749 4.63498e-05 
68971.1 9.74915e+17 0.0113702 -4.65988e-05 
68986.5 9.74343e+17 0.0113636 -0.000133407 
69001.8 9.73735e+17 0.0113561 -0.000202685 
69017.2 9.73157e+17 0.0113492 -0.000245338 
69032.5 9.72661e+17 0.0113439 -0.000255765 
69047.9 9.72257e+17 0.0113407 -0.000232596 
69063.2 9.71909e+17 0.0113388 -0.000178875 
69078.6 9.71552e+17 0.0113367 -0.00010166 
69094 9.71128e+17 0.0113333 -1.11038e-05 
69109.3 9.70611e+17 0.0113279 8.08854e-05 
69124.7 9.70025e+17 0.0113209 0.000162206 
69140.1 9.69426e+17 0.0113135 0.000222158 
69155.4 9.68879e+17 0.0113071 0.000252849 
69170.8 9.68419e+17 0.0113027 0.000250238 
69186.2 9.68041e+17 0.0113001 0.00021467 
69201.6 9.67696e+17 0.0112982 0.00015083 
69217 9.6732e+17 0.0112958 6.71316e-05 
69232.3 9.66864e+17 0.0112916 -2.53907e-05 
69247.7 9.66322e+17 0.0112855 -0.000114536 
69263.1 9.65728e+17 0.0112783 -0.000188544 
69278.5 9.65147e+17 0.0112712 -0.000237649 
69293.9 9.64632e+17 0.0112655 -0.00025537 
69309.3 9.64207e+17 0.0112619 -0.000239366 
69324.7 9.63848e+17 0.0112597 -0.000191751 
69340.1 9.63499e+17 0.0112578 -0.000118819 
69355.5 9.63098e+17 0.0112547 -3.02098e-05 
69370.9 9.62612e+17 0.0112498 6.23614e-05 
69386.3 9.62048e+17 0.0112432 0.000146651 
69401.7 9.61455e+17 0.0112358 0.00021151 
69417.1 9.60896e+17 0.0112292 0.000248357 
69432.5 9.60417e+17 0.0112244 0.000252318 
69448 9.60023e+17 0.0112214 0.000222873 
69463.4 9.59677e+17 0.0112195 0.000163927 
69478.8 9.59316e+17 0.0112173 8.32917e-05 
69494.2 9.58887e+17 0.0112136 -8.34395e-06 
69509.6 9.5837e+17 0.0112079 -9.88336e-05 
69525.1 9.57791e+17 0.0112008 -0.000176181 
69540.5 9.57206e+17 0.0111937 -0.000230132 
69555.9 9.56676e+17 0.0111877 -0.000253535 
69571.4 9.56233e+17 0.0111837 -0.000243288 
69586.8 9.55867e+17 0.0111813 -0.000200757 
69602.2 9.55526e+17 0.0111795 -0.000131591 
69617.7 9.55147e+17 0.0111768 -4.49796e-05 
69633.1 9.54685e+17 0.0111723 4.7572e-05 
69648.6 9.5414e+17 0.0111659 0.000133765 
69664 9.5355e+17 0.0111586 0.000202144 
69679.5 9.52982e+17 0.0111518 0.000243618 
69694.9 9.52487e+17 0.0111467 0.000252675 
69710.4 9.52082e+17 0.0111435 0.00022811 
69725.8 9.51738e+17 0.0111415 0.000173197 
69741.3 9.51394e+17 0.0111395 9.52493e-05 
69756.8 9.50987e+17 0.0111361 4.649e-06 
69772.2 9.5049e+17 0.0111308 -8.6533e-05 
69787.7 9.49919e+17 0.0111239 -0.000166146 
69803.2 9.49329e+17 0.0111166 -0.00022358 
69818.6 9.48787e+17 0.0111104 -0.000251179 
69834.1 9.48333e+17 0.0111062 -0.000245268 
69849.6 9.47966e+17 0.0111037 -0.000206641 
69865.1 9.47636e+17 0.011102 -0.000140456 
69880.5 9.47276e+17 0.0110995 -5.55544e-05 
69896 9.46833e+17 0.0110953 3.67254e-05 
69911.5 9.46298e+17 0.0110891 0.000124058 
69927 9.45708e+17 0.0110818 0.000194776 
69942.5 9.45131e+17 0.0110749 0.000239434 
69958 9.44627e+17 0.0110695 0.000252066 
69973.5 9.4422e+17 0.0110662 0.000230989 
69989 9.43884e+17 0.0110643 0.000179027 
70004.5 9.43555e+17 0.0110625 0.000103137 
70020 9.43165e+17 0.0110594 1.34808e-05 
70035.5 9.42678e+17 0.0110542 -7.79384e-05 
70051 9.42109e+17 0.0110473 -0.000158878 
70066.5 9.41513e+17 0.0110399 -0.000218496 
70082 9.40964e+17 0.0110336 -0.00024881 
70097.5 9.40509e+17 0.0110293 -0.000245761 
70113 9.40148e+17 0.0110269 -0.000209766 
70128.6 9.39832e+17 0.0110253 -0.000145658 
70144.1 9.39486e+17 0.011023 -6.20457e-05 
70159.6 9.39053e+17 0.0110189 2.98473e-05 
70175.1 9.38519e+17 0.0110127 0.000117684 
70190.6 9.37925e+17 0.0110054 0.000189674 
70206.2 9.37342e+17 0.0109984 0.000236153 
70221.7 9.36838e+17 0.010993 0.000250887 
70237.2 9.36439e+17 0.0109897 0.000231905 
70252.8 9.36116e+17 0.010988 0.000181769 
70268.3 9.358e+17 0.0109863 0.000107228 
70283.9 9.35418e+17 0.0109832 1.8311e-05 
70299.4 9.34932e+17 0.010978 -7.30201e-05 
70315 9.34357e+17 0.010971 -0.000154479 
70330.5 9.33756e+17 0.0109636 -0.000215107 
70346 9.33208e+17 0.0109573 -0.00024675 
70361.6 9.32763e+17 0.0109531 -0.000245155 
70377.2 9.32417e+17 0.0109508 -0.000210543 
70392.7 9.32114e+17 0.0109494 -0.000147584 
70408.3 9.31775e+17 0.0109471 -6.47651e-05 
70423.8 9.3134e+17 0.010943 2.67457e-05 
70439.4 9.30799e+17 0.0109367 0.000114609 
70455 9.30198e+17 0.0109293 0.000186974 
70470.5 9.29617e+17 0.0109223 0.000234079 
70486.1 9.29124e+17 0.0109171 0.000249571 
70501.7 9.28742e+17 0.010914 0.000231361 
70517.3 9.28435e+17 0.0109124 0.000181915 
70532.8 9.28127e+17 0.0109108 0.000107914 
70548.4 9.27742e+17 0.0109076 1.93634e-05 
70564 9.27245e+17 0.0109022 -7.17667e-05 
70579.6 9.2666e+17 0.0108951 -0.000153154 
70595.2 9.2606e+17 0.0108877 -0.000213793 
70610.8 9.25524e+17 0.0108816 -0.000245483 
70626.4 9.25099e+17 0.0108777 -0.000243939 
70642 9.24773e+17 0.0108757 -0.000209376 
70657.6 9.2448e+17 0.0108743 -0.000146476 
70673.2 9.24137e+17 0.0108719 -6.37625e-05 
70688.8 9.23689e+17 0.0108675 2.75576e-05 
70704.4 9.23134e+17 0.010861 0.000115108 
70720 9.2253e+17 0.0108535 0.000187022 
70735.6 9.21961e+17 0.0108467 0.000233548 
70751.2 9.21491e+17 0.0108418 0.000248377 
70766.8 9.21133e+17 0.0108392 0.000229499 
70782.4 9.2084e+17 0.0108377 0.000179476 
70798 9.20529e+17 0.010836 0.000105101 
70813.7 9.20129e+17 0.0108325 1.64751e-05 
70829.3 9.19613e+17 0.0108267 -7.4361e-05 
70844.9 9.19021e+17 0.0108195 -0.000155062 
70860.5 9.1843e+17 0.0108123 -0.000214657 
70876.2 9.17919e+17 0.0108066 -0.000245042 
70891.8 9.17522e+17 0.0108031 -0.000242084 
70907.4 9.17215e+17 0.0108013 -0.000206184 
70923.1 9.16923e+17 0.0107999 -0.00014223 
70938.7 9.16564e+17 0.0107972 -5.89306e-05 
70954.3 9.16094e+17 0.0107923 3.237e-05 
70970 9.15525e+17 0.0107856 0.000119233 
70985.6 9.14927e+17 0.0107782 0.00018982 
71001.3 9.14381e+17 0.0107718 0.00023451 
71016.9 9.13943e+17 0.0107674 0.000247207 
71032.6 9.1361e+17 0.0107651 0.000226179 
71048.2 9.13323e+17 0.0107637 0.000174294 
71063.9 9.12999e+17 0.0107617 9.86322e-05 
71079.6 9.12573e+17 0.0107577 9.52234e-06 
71095.2 9.12038e+17 0.0107516 -8.08656e-05 
71110.9 9.11444e+17 0.0107443 -0.000160182 
71126.6 9.10874e+17 0.0107374 -0.000217585 
71142.2 9.10396e+17 0.0107323 -0.000245223 
71157.9 9.10031e+17 0.0107293 -0.000239315 
71173.6 9.09737e+17 0.0107277 -0.000200664 
71189.3 9.09435e+17 0.010726 -0.00013456 
71204.9 9.0905e+17 0.0107228 -5.0051e-05 
71220.6 9.08554e+17 0.0107175 4.12874e-05 
71236.3 9.07977e+17 0.0107106 0.000126941 
71252 9.07393e+17 0.0107035 0.000195168 
71267.7 9.06882e+17 0.0106976 0.000236617 
71283.4 9.0648e+17 0.0106938 0.000245605 
71299.1 9.06169e+17 0.0106918 0.000220901 
71314.8 9.05878e+17 0.0106903 0.000165899 
71330.5 9.05528e+17 0.0106878 8.81551e-05 
71346.2 9.05072e+17 0.0106833 -1.65491e-06 
71361.9 9.0452e+17 0.0106769 -9.11953e-05 
71377.6 9.03935e+17 0.0106697 -0.000168168 
71393.3 9.03397e+17 0.0106633 -0.000222 
71409 9.0296e+17 0.0106588 -0.000245302 
71424.7 9.02623e+17 0.0106563 -0.000234876 
71440.4 9.02333e+17 0.0106547 -0.000192165 
71456.1 9.02008e+17 0.0106526 -0.00012305 
71471.9 9.0159e+17 0.0106488 -3.70423e-05 
71487.6 9.0107e+17 0.0106431 5.40207e-05 
71503.3 9.00493e+17 0.0106361 0.000137606 
71519 8.99938e+17 0.0106294 0.000202209 
71534.8 8.99469e+17 0.0106242 0.000238936 
71550.5 8.99104e+17 0.010621 0.000242733 
71566.2 8.98804e+17 0.0106192 0.000213083 
71582 8.98495e+17 0.0106174 0.000154075 
71597.7 8.98111e+17 0.0106142 7.38506e-05 
71613.4 8.97624e+17 0.0106092 -1.65242e-05 
71629.2 8.97064e+17 0.0106026 -0.00010458 
71644.9 8.96502e+17 0.0105957 -0.000178165 
71660.7 8.96006e+17 0.01059 -0.000227123 
71676.4 8.95611e+17 0.0105862 -0.000244699 
71692.2 8.95294e+17 0.010584 -0.000228468 
71707.9 8.94992e+17 0.0105822 -0.00018068 
71723.7 8.94634e+17 0.0105795 -0.000107943 
71739.4 8.94181e+17 0.0105751 -2.03183e-05 
71755.2 8.93645e+17 0.010569 7.00765e-05 
71771 8.93084e+17 0.0105622 0.000150738 
71786.7 8.9257e+17 0.0105562 0.000210507 
71802.5 8.92146e+17 0.0105517 0.000241117 
71818.3 8.91808e+17 0.010549 0.000238334 
71834.1 8.91503e+17 0.0105471 0.000202549 
71849.8 8.91164e+17 0.0105448 0.000138724 
71865.6 8.90741e+17 0.0105409 5.57048e-05 
71881.4 8.90232e+17 0.0105354 -3.50001e-05 
71897.2 8.89682e+17 0.0105289 -0.000120815 
71913 8.89156e+17 0.0105226 -0.000189839 
71928.7 8.88708e+17 0.0105176 -0.000232499 
71944.5 8.88345e+17 0.0105144 -0.000242878 
71960.3 8.88031e+17 0.0105122 -0.000219539 
71976.1 8.87703e+17 0.01051 -0.000165725 
71991.9 8.87306e+17 0.0105067 -8.89154e-05 
72007.7 8.86825e+17 0.0105017 2.15178e-07 
72023.5 8.86291e+17 0.0104955 8.92775e-05 
72039.3 8.85763e+17 0.0104892 0.00016589 
72055.1 8.85294e+17 0.0104839 0.000219401 
72070.9 8.84907e+17 0.0104801 0.00024237 
72086.8 8.84579e+17 0.0104776 0.000231608 
72102.6 8.84254e+17 0.0104754 0.000188617 
72118.4 8.83877e+17 0.0104724 0.00011939 
72134.2 8.83424e+17 0.0104679 3.3569e-05 
72150 8.82911e+17 0.0104622 -5.68895e-05 
72165.8 8.82386e+17 0.0104559 -0.000139383 
72181.7 8.81904e+17 0.0104503 -0.000202417 
72197.5 8.81494e+17 0.0104461 -0.000237209 
72213.3 8.81147e+17 0.0104432 -0.00023891 
72229.2 8.80819e+17 0.0104408 -0.000207288 
72245 8.80458e+17 0.0104381 -0.000146756 
72260.8 8.8003e+17 0.0104341 -6.57629e-05 
72276.7 8.79539e+17 0.0104288 2.43838e-05 
72292.5 8.79023e+17 0.0104228 0.000111096 
72308.4 8.78533e+17 0.010417 0.00018226 
72324.2 8.78104e+17 0.0104124 0.000227931 
72340.1 8.77738e+17 0.010409 0.000241725 
72355.9 8.77402e+17 0.0104065 0.000221711 
72371.8 8.77049e+17 0.0104039 0.000170688 
72387.6 8.76643e+17 0.0104003 9.57951e-05 
72403.5 8.76175e+17 0.0103954 7.51601e-06 
72419.4 8.75672e+17 0.0103897 -8.17879e-05 
72435.2 8.7518e+17 0.0103839 -0.000159607 
72451.1 8.74735e+17 0.010379 -0.000215038 
72467 8.7435e+17 0.0103752 -0.000240312 
72482.8 8.74004e+17 0.0103724 -0.000231886 
72498.7 8.73655e+17 0.0103697 -0.000190945 
72514.6 8.73265e+17 0.0103664 -0.000123233 
72530.4 8.72819e+17 0.010362 -3.82545e-05 
72546.3 8.72332e+17 0.0103566 5.20626e-05 
72562.2 8.71842e+17 0.0103509 0.000135037 
72578.1 8.71387e+17 0.0103458 0.000199017 
72594 8.70985e+17 0.0103416 0.000235017 
72609.9 8.70625e+17 0.0103385 0.000237979 
72625.8 8.70276e+17 0.0103357 0.00020749 
72641.7 8.69898e+17 0.0103326 0.000147837 
72657.6 8.69471e+17 0.0103286 6.74136e-05 
72673.5 8.69002e+17 0.0103235 -2.24667e-05 
72689.4 8.68518e+17 0.010318 -0.000109154 
72705.3 8.68056e+17 0.0103127 -0.000180446 
72721.2 8.6764e+17 0.0103083 -0.000226302 
72737.1 8.67268e+17 0.0103048 -0.000240265 
72753 8.66914e+17 0.0103019 -0.000220368 
72768.9 8.66544e+17 0.0102989 -0.000169417 
72784.8 8.66133e+17 0.0102951 -9.45981e-05 
72800.7 8.6568e+17 0.0102904 -6.46462e-06 
72816.7 8.65205e+17 0.0102851 8.25481e-05 
72832.6 8.64742e+17 0.0102799 0.000159878 
72848.5 8.64316e+17 0.0102752 0.00021461 
72864.4 8.63931e+17 0.0102714 0.000239019 
72880.4 8.63571e+17 0.0102683 0.000229659 
72896.3 8.63204e+17 0.0102653 0.000187857 
72912.2 8.62806e+17 0.0102617 0.000119524 
72928.2 8.62368e+17 0.0102573 3.43222e-05 
72944.1 8.61904e+17 0.0102523 -5.57e-05 
72960.1 8.61443e+17 0.0102471 -0.00013781 
72976 8.6101e+17 0.0102423 -0.00020039 
72992 8.60615e+17 0.0102383 -0.000234588 
73007.9 8.60247e+17 0.0102349 -0.000235562 
73023.9 8.5988e+17 0.0102318 -0.000203178 
73039.8 8.5949e+17 0.0102284 -0.000142023 
73055.8 8.59065e+17 0.0102243 -6.0765e-05 
73071.7 8.58612e+17 0.0102195 2.90778e-05 
73087.7 8.58156e+17 0.0102144 0.000114766 
73103.7 8.57721e+17 0.0102096 0.000184144 
73119.6 8.57318e+17 0.0102054 0.00022737 
73135.6 8.56942e+17 0.0102018 0.000238308 
73151.6 8.56572e+17 0.0101985 0.000215409 
73167.5 8.56187e+17 0.0101951 0.000161927 
73183.5 8.55772e+17 0.0101912 8.5464e-05 
73199.5 8.55331e+17 0.0101867 -3.10977e-06 
73215.5 8.54883e+17 0.0101818 -9.12014e-05 
73231.5 8.54448e+17 0.010177 -0.000166285 
73247.4 8.5404e+17 0.0101727 -0.000217683 
73263.4 8.53656e+17 0.0101689 -0.00023809 
73279.4 8.53282e+17 0.0101654 -0.000224609 
73295.4 8.52898e+17 0.010162 -0.000179168 
73311.4 8.5249e+17 0.0101582 -0.000108244 
73327.4 8.5206e+17 0.0101539 -2.19443e-05 
73343.4 8.51621e+17 0.0101493 6.74358e-05 
73359.4 8.5119e+17 0.0101446 0.000147162 
73375.4 8.5078e+17 0.0101401 0.000205876 
73391.4 8.5039e+17 0.0101361 0.000235214 
73407.4 8.5001e+17 0.0101325 0.000231 
73423.4 8.49624e+17 0.010129 0.000193844 
73439.5 8.49221e+17 0.0101253 0.000129052 
73455.5 8.488e+17 0.0101212 4.58744e-05 
73471.5 8.48371e+17 0.0101168 -4.38132e-05 
73487.5 8.47947e+17 0.0101122 -0.000127205 
73503.5 8.47536e+17 0.0101077 -0.000192391 
73519.6 8.47142e+17 0.0101036 -0.000230063 
73535.6 8.46755e+17 0.0100998 -0.000234839 
73551.6 8.46365e+17 0.0100962 -0.000206042 
73567.7 8.45965e+17 0.0100925 -0.000147794 
73583.7 8.45551e+17 0.0100885 -6.84289e-05 
73599.7 8.45132e+17 0.0100843 2.06942e-05 
73615.8 8.44716e+17 0.0100799 0.000106819 
73631.8 8.44308e+17 0.0100755 0.000177616 
73647.9 8.43911e+17 0.0100713 0.000222948 
73663.9 8.43518e+17 0.0100673 0.000236326 
73680 8.43124e+17 0.0100635 0.000215836 
73696 8.42722e+17 0.0100597 0.000164418 
73712.1 8.42314e+17 0.0100559 8.94472e-05 
73728.1 8.41904e+17 0.0100519 1.67595e-06 
73744.2 8.41497e+17 0.0100477 -8.63043e-05 
73760.3 8.41095e+17 0.0100434 -0.00016187 
73776.3 8.40698e+17 0.0100391 -0.000214175 
73792.4 8.403e+17 0.010035 -0.000235711 
73808.5 8.39898e+17 0.010031 -0.000223386 
73824.5 8.39494e+17 0.0100271 -0.000178969 
73840.6 8.39089e+17 0.0100234 -0.000108843 
73856.7 8.38688e+17 0.0100195 -2.30887e-05 
73872.8 8.38291e+17 0.0100156 6.59629e-05 
73888.8 8.37897e+17 0.0100114 0.000145501 
73904.9 8.37501e+17 0.0100071 0.00020408 
73921 8.37098e+17 0.0100028 0.000233266 
73937.1 8.3669e+17 0.00999864 0.000228854 
73953.2 8.36281e+17 0.00999467 0.000191478 
73969.3 8.35877e+17 0.00999091 0.000126522 
73985.4 8.35483e+17 0.00998725 4.33471e-05 
74001.5 8.35097e+17 0.0099835 -4.60557e-05 
74017.6 8.34712e+17 0.00997953 -0.000128793 
74033.7 8.3432e+17 0.00997529 -0.000192929 
74049.8 8.33915e+17 0.00997087 -0.000229207 
74065.9 8.33499e+17 0.00996649 -0.00023239 
74082 8.33083e+17 0.00996235 -0.000202017 
74098.1 8.32678e+17 0.00995856 -0.000142473 
74114.3 8.32289e+17 0.00995502 -6.2359e-05 
74130.4 8.31915e+17 0.00995151 2.67498e-05 
74146.5 8.31541e+17 0.00994774 0.000111972 
74162.6 8.31155e+17 0.00994358 0.000180984 
74178.7 8.30748e+17 0.00993908 0.000223801 
74194.9 8.30324e+17 0.0099345 0.000234223 
74211 8.299e+17 0.00993018 0.000210736 
74227.1 8.29492e+17 0.00992631 0.000156737 
74243.3 8.29108e+17 0.00992288 8.00418e-05 
74259.4 8.28745e+17 0.00991958 -8.23969e-06 
74275.5 8.28384e+17 0.00991605 -9.53117e-05 
74291.7 8.28005e+17 0.009912 -0.000168547 
74307.8 8.27596e+17 0.00990744 -0.00021732 
74324 8.27165e+17 0.00990268 -0.000234548 
74340.1 8.26732e+17 0.00989815 -0.000217726 
74356.3 8.26319e+17 0.00989419 -0.000169293 
74372.4 8.25941e+17 0.00989083 -9.62818e-05 
74388.6 8.25589e+17 0.00988775 -9.29974e-06 
74404.7 8.25241e+17 0.00988445 7.90103e-05 
74420.9 8.2487e+17 0.00988054 0.000155808 
74437.1 8.2446e+17 0.00987594 0.000209924 
74453.2 8.24021e+17 0.009871 0.000233486 
74469.4 8.23578e+17 0.00986626 0.000223066 
74485.6 8.23161e+17 0.00986219 0.000180183 
74501.8 8.22787e+17 0.00985889 0.000111083 
74517.9 8.22447e+17 0.00985601 2.58307e-05 
74534.1 8.22112e+17 0.00985295 -6.31521e-05 
74550.3 8.21748e+17 0.00984918 -0.000142899 
74566.5 8.21338e+17 0.00984456 -0.000201787 
74582.7 8.20891e+17 0.00983946 -0.000231232 
74598.9 8.20439e+17 0.00983452 -0.000226943 
74615 8.20018e+17 0.00983034 -0.00018955 
74631.2 8.19648e+17 0.00982708 -0.000124512 
74647.4 8.19319e+17 0.00982438 -4.13282e-05 
74663.6 8.18996e+17 0.00982154 4.78543e-05 
74679.8 8.1864e+17 0.00981792 0.000130008 
74696 8.1823e+17 0.0098133 0.000193133 
74712.2 8.17775e+17 0.00980805 0.000228005 
74728.4 8.17315e+17 0.00980293 0.000229533 
74744.7 8.1689e+17 0.00979863 0.0001975 
74760.9 8.16524e+17 0.0097954 0.000136599 
74777.1 8.16205e+17 0.00979286 5.57461e-05 
74793.3 8.15894e+17 0.00979023 -3.3222e-05 
74809.5 8.15545e+17 0.00978675 -0.000117281 
74825.7 8.15134e+17 0.00978213 -0.000184125 
74842 8.14673e+17 0.00977676 -0.000223971 
74858.2 8.14205e+17 0.00977147 -0.00023099 
74874.4 8.13778e+17 0.00976707 -0.000204162 
74890.7 8.13416e+17 0.00976386 -0.000147429 
74906.9 8.13107e+17 0.00976146 -6.91149e-05 
74923.1 8.12805e+17 0.00975902 1.9293e-05 
74939.4 8.12462e+17 0.00975566 0.000104826 
74955.6 8.1205e+17 0.00975106 0.000174939 
74971.9 8.11584e+17 0.0097456 0.000219345 
74988.1 8.11111e+17 0.00974017 0.000231533 
75004.4 8.10682e+17 0.00973567 0.000209719 
75020.6 8.10325e+17 0.00973247 0.000157111 
75036.9 8.10023e+17 0.00973019 8.14444e-05 
75053.1 8.0973e+17 0.0097279 -6.1588e-06 
75069.4 8.09391e+17 0.00972466 -9.28186e-05 
75085.6 8.08978e+17 0.00972008 -0.000165792 
75101.9 8.08509e+17 0.00971454 -0.000214347 
75118.2 8.08032e+17 0.009709 -0.000231342 
75134.4 8.07603e+17 0.00970443 -0.00021428 
75150.7 8.07249e+17 0.00970124 -0.000165677 
75167 8.06955e+17 0.00969904 -9.26958e-05 
75183.3 8.06667e+17 0.00969687 -6.08954e-06 
75199.5 8.0633e+17 0.00969373 8.13784e-05 
75215.8 8.05918e+17 0.00968918 0.000156816 
75232.1 8.05446e+17 0.0096836 0.000209103 
75248.4 8.04968e+17 0.00967799 0.000230531 
75264.7 8.04541e+17 0.00967335 0.000217942 
75281 8.04191e+17 0.00967016 0.000173198 
75297.3 8.039e+17 0.00966801 0.000102904 
75313.6 8.03616e+17 0.00966593 1.74398e-05 
75329.9 8.03281e+17 0.00966287 -7.05714e-05 
75346.2 8.02869e+17 0.00965836 -0.000148128 
75362.5 8.02398e+17 0.00965277 -0.000203768 
75378.8 8.01921e+17 0.00964712 -0.000229266 
75395.1 8.01495e+17 0.00964244 -0.000220851 
75411.4 8.01148e+17 0.00963923 -0.000179766 
75427.7 8.0086e+17 0.00963711 -0.000112089 
75444 8.00577e+17 0.00963509 -2.78376e-05 
75460.3 8.00244e+17 0.00963209 6.05127e-05 
75476.6 7.99833e+17 0.00962763 0.000139874 
75493 7.99363e+17 0.00962206 0.000198487 
75509.3 7.98889e+17 0.00961639 0.000227662 
75525.6 7.98466e+17 0.00961168 0.000223073 
75542 7.98121e+17 0.00960845 0.0001854 
75558.3 7.97833e+17 0.00960633 0.000120233 
75574.6 7.9755e+17 0.00960433 3.7244e-05 
75591 7.97217e+17 0.00960139 -5.12475e-05 
75607.3 7.96809e+17 0.00959699 -0.000132101 
75623.6 7.96343e+17 0.00959147 -0.000193308 
75640 7.95873e+17 0.00958582 -0.000225776 
75656.3 7.95454e+17 0.00958109 -0.000224681 
75672.7 7.95109e+17 0.00957781 -0.000190185 
75689 7.9482e+17 0.00957566 -0.000127419 
75705.4 7.94536e+17 0.00957366 -4.57173e-05 
75721.7 7.94203e+17 0.00957077 4.27647e-05 
75738.1 7.93797e+17 0.00956645 0.000124858 
75754.5 7.93337e+17 0.009561 0.000188341 
75770.8 7.92873e+17 0.00955539 0.000223757 
75787.2 7.92457e+17 0.00955064 0.000225827 
75803.6 7.92112e+17 0.0095473 0.00019424 
75819.9 7.9182e+17 0.0095451 0.0001337 
75836.3 7.91532e+17 0.00954309 5.32339e-05 
75852.7 7.912e+17 0.00954024 -3.51542e-05 
75869.1 7.90799e+17 0.00953601 -0.000118273 
75885.5 7.90346e+17 0.00953066 -0.000183712 
75901.8 7.89889e+17 0.0095251 -0.000221698 
75918.2 7.89476e+17 0.00952034 -0.000226554 
75934.6 7.89129e+17 0.00951693 -0.000197555 
75951 7.88832e+17 0.00951464 -0.000139037 
75967.4 7.88541e+17 0.0095126 -5.9753e-05 
75983.8 7.88209e+17 0.0095098 2.84377e-05 
76000.2 7.87814e+17 0.00950569 0.00011234 
76016.6 7.87371e+17 0.00950046 0.000179399 
76033 7.86922e+17 0.00949496 0.00021958 
76049.4 7.86511e+17 0.00949018 0.000226872 
76065.8 7.8616e+17 0.00948668 0.000200187 
76082.2 7.85856e+17 0.00948429 0.000143528 
76098.6 7.8556e+17 0.00948221 6.53871e-05 
76115.1 7.8523e+17 0.00947947 -2.25222e-05 
76131.5 7.84843e+17 0.00947548 -0.000107021 
76147.9 7.84411e+17 0.00947039 -0.00017544 
76164.3 7.83969e+17 0.00946496 -0.000217517 
76180.7 7.83559e+17 0.00946014 -0.000226941 
76197.2 7.83203e+17 0.00945653 -0.000202298 
76213.6 7.82892e+17 0.00945403 -0.000147289 
76230 7.82592e+17 0.00945191 -7.01774e-05 
76246.5 7.82265e+17 0.00944925 1.7452e-05 
76262.9 7.81888e+17 0.00944541 0.000102428 
76279.3 7.81467e+17 0.00944047 0.000171975 
76295.8 7.81033e+17 0.00943509 0.000215634 
76312.2 7.80622e+17 0.00943022 0.000226838 
76328.7 7.80258e+17 0.00942647 0.000203903 
76345.1 7.79939e+17 0.00942386 0.000150285 
76361.6 7.79636e+17 0.00942172 7.40613e-05 
76378 7.79314e+17 0.00941915 -1.32841e-05 
76394.5 7.78949e+17 0.00941549 -9.85899e-05 
76411 7.7854e+17 0.00941069 -0.000169001 
76427.4 7.78111e+17 0.00940535 -0.000213907 
76443.9 7.77697e+17 0.00940039 -0.000226541 
76460.4 7.77324e+17 0.0093965 -0.000205005 
76476.8 7.76996e+17 0.00939378 -0.000152554 
76493.3 7.76692e+17 0.00939164 -7.71086e-05 
76509.8 7.76378e+17 0.0093892 9.94154e-06 
76526.3 7.76026e+17 0.00938572 9.54522e-05 
76542.7 7.75628e+17 0.00938105 0.00016651 
76559.2 7.75203e+17 0.00937573 0.000212384 
76575.7 7.74783e+17 0.00937065 0.000226145 
76592.2 7.744e+17 0.00936661 0.000205716 
76608.7 7.74065e+17 0.00936379 0.000154189 
76625.2 7.73762e+17 0.00936169 7.93625e-05 
76641.7 7.73459e+17 0.00935941 -7.44061e-06 
76658.2 7.73121e+17 0.00935611 -9.30807e-05 
76674.7 7.72733e+17 0.00935155 -0.000164591 
76691.2 7.72308e+17 0.00934619 -0.000211144 
76707.7 7.71879e+17 0.00934098 -0.000225691 
76724.2 7.71485e+17 0.00933678 -0.000206032 
76740.7 7.71145e+17 0.0093339 -0.000155156 
76757.2 7.70848e+17 0.00933189 -8.0782e-05 
76773.7 7.70558e+17 0.00932979 5.80364e-06 
76790.2 7.70234e+17 0.00932667 9.14639e-05 
76806.7 7.69853e+17 0.00932217 0.000163202 
76823.3 7.69424e+17 0.00931674 0.000210136 
76839.8 7.68984e+17 0.00931136 0.000225149 
76856.3 7.6858e+17 0.00930702 0.000205969 
76872.9 7.68238e+17 0.00930413 0.000155518 
76889.4 7.6795e+17 0.00930226 8.1466e-05 
76905.9 7.67676e+17 0.00930036 -4.93121e-06 
76922.5 7.67364e+17 0.00929739 -9.05416e-05 
76939 7.66985e+17 0.0092929 -0.000162351 
76955.5 7.66548e+17 0.00928733 -0.000209441 
76972.1 7.66096e+17 0.00928178 -0.000224648 
76988.6 7.65685e+17 0.00927734 -0.00020566 
77005.2 7.65346e+17 0.0092745 -0.000155367 
77021.7 7.65071e+17 0.00927281 -8.14263e-05 
77038.3 7.64812e+17 0.00927111 4.89772e-06 
77054.8 7.64509e+17 0.00926825 9.0449e-05 
77071.4 7.64129e+17 0.00926371 0.000162183 
77088 7.63681e+17 0.00925797 0.000209159 
77104.5 7.63218e+17 0.00925225 0.000224207 
77121.1 7.62802e+17 0.00924776 0.000205032 
77137.7 7.62471e+17 0.00924503 0.000154563 
77154.2 7.62211e+17 0.00924355 8.05106e-05 
77170.8 7.61966e+17 0.00924205 -5.80822e-06 
77187.4 7.61669e+17 0.00923923 -9.12012e-05 
77204 7.61282e+17 0.00923458 -0.000162616 
77220.5 7.60822e+17 0.00922864 -0.000209138 
77237.1 7.60348e+17 0.00922277 -0.000223659 
77253.7 7.59933e+17 0.00921829 -0.000203966 
77270.3 7.59612e+17 0.00921574 -0.000153081 
77286.9 7.59369e+17 0.0092145 -7.87969e-05 
77303.5 7.59137e+17 0.00921316 7.512e-06 
77320.1 7.58842e+17 0.00921033 9.26314e-05 
77336.7 7.58445e+17 0.0092055 0.000163528 
77353.3 7.5797e+17 0.00919934 0.000209347 
77369.9 7.57488e+17 0.00919335 0.00022307 
77386.5 7.57077e+17 0.00918895 0.000202597 
77403.1 7.56772e+17 0.00918664 0.000151067 
77419.7 7.56547e+17 0.00918566 7.63845e-05 
77436.3 7.56325e+17 0.00918444 -9.99447e-06 
77453 7.56027e+17 0.00918152 -9.48128e-05 
77469.6 7.55616e+17 0.00917645 -0.000165048 
77486.2 7.55126e+17 0.00917006 -0.000209911 
77502.8 7.54639e+17 0.009164 -0.000222508 
77519.4 7.54236e+17 0.00915976 -0.000200902 
77536.1 7.53951e+17 0.00915775 -0.000148415 
77552.7 7.53745e+17 0.00915702 -7.31216e-05 
77569.3 7.53529e+17 0.00915586 1.3392e-05 
77586 7.53221e+17 0.00915277 9.78099e-05 
77602.6 7.52793e+17 0.00914741 0.000167137 
77619.3 7.52289e+17 0.0091408 0.0002107 
77635.9 7.51801e+17 0.00913475 0.000221795 
77652.5 7.51414e+17 0.00913076 0.00019872 
77669.2 7.51151e+17 0.00912908 0.000145037 
77685.8 7.50961e+17 0.00912858 6.90251e-05 
77702.5 7.50746e+17 0.0091274 -1.75927e-05 
77719.2 7.50424e+17 0.00912406 -0.00010146 
77735.8 7.49975e+17 0.00911837 -0.000169643 
77752.5 7.4946e+17 0.00911159 -0.000211626 
77769.1 7.48978e+17 0.00910564 -0.000220933 
77785.8 7.48611e+17 0.00910196 -0.000196129 
77802.5 7.48371e+17 0.00910063 -0.000141046 
77819.2 7.48193e+17 0.00910032 -6.41904e-05 
77835.8 7.47973e+17 0.00909903 2.2562e-05 
77852.5 7.47632e+17 0.00909536 0.000105801 
77869.2 7.47165e+17 0.00908935 0.000172655 
77885.9 7.46643e+17 0.00908245 0.000212779 
77902.5 7.46172e+17 0.00907667 0.000219962 
77919.2 7.45828e+17 0.00907337 0.000193089 
77935.9 7.4561e+17 0.0090724 0.000136322 
77952.6 7.4544e+17 0.0090722 5.8457e-05 
77969.3 7.4521e+17 0.00907072 -2.84376e-05 
77986 7.44848e+17 0.00906668 -0.000110889 
78002.7 7.44363e+17 0.00906035 -0.000176111 
78019.4 7.43838e+17 0.0090534 -0.00021399 
78036.1 7.43383e+17 0.00904788 -0.000218654 
78052.8 7.43064e+17 0.009045 -0.000189389 
78069.5 7.42867e+17 0.00904437 -0.000130745 
78086.2 7.427e+17 0.0090442 -5.18362e-05 
78103 7.42456e+17 0.00904245 3.50801e-05 
78119.7 7.42071e+17 0.009038 0.000116503 
78136.4 7.41569e+17 0.00903139 0.000179786 
78153.1 7.41046e+17 0.00902446 0.000215101 
78169.8 7.40612e+17 0.00901929 0.000216967 
78186.6 7.4032e+17 0.00901686 0.000185099 
78203.3 7.40141e+17 0.00901652 0.000124459 
78220 7.39973e+17 0.00901631 4.44804e-05 
78236.8 7.39709e+17 0.00901421 -4.23892e-05 
78253.5 7.39299e+17 0.00900932 -0.000122628 
78270.2 7.38785e+17 0.00900247 -0.000183741 
78287 7.3827e+17 0.00899567 -0.000216208 
78303.7 7.3786e+17 0.00899091 -0.00021497 
78320.5 7.37596e+17 0.00898895 -0.000180219 
78337.2 7.37431e+17 0.00898884 -0.000117376 
78354 7.37256e+17 0.0089885 -3.62465e-05 
78370.7 7.36967e+17 0.00898597 5.05061e-05 
78387.5 7.36534e+17 0.00898065 0.000129337 
78404.2 7.36011e+17 0.00897363 0.000187935 
78421 7.3551e+17 0.00896704 0.000217152 
78437.8 7.35129e+17 0.00896276 0.000212429 
78454.5 7.34892e+17 0.00896125 0.000174514 
78471.3 7.34735e+17 0.0089613 0.000109344 
78488.1 7.34545e+17 0.00896072 2.7118e-05 
78504.8 7.34231e+17 0.00895773 -5.92997e-05 
78521.6 7.33776e+17 0.008952 -0.000136392 
78538.4 7.33252e+17 0.0089449 -0.000192102 
78555.2 7.32771e+17 0.00893861 -0.000217721 
78572 7.32419e+17 0.00893484 -0.000209249 
78588.8 7.32204e+17 0.00893374 -0.000168024 
78605.5 7.32048e+17 0.00893386 -0.000100508 
78622.3 7.31841e+17 0.00893297 -1.72808e-05 
78639.1 7.31501e+17 0.00892949 6.86152e-05 
78655.9 7.3103e+17 0.00892341 0.000143718 
78672.7 7.3051e+17 0.0089163 0.000196255 
78689.5 7.30051e+17 0.00891038 0.000217988 
78706.3 7.29727e+17 0.00890713 0.00020551 
78723.1 7.29528e+17 0.00890639 0.000160781 
78739.9 7.2937e+17 0.0089065 9.08262e-05 
78756.8 7.29144e+17 0.00890525 6.63465e-06 
78773.6 7.28781e+17 0.00890128 -7.85635e-05 
78790.4 7.28298e+17 0.00889489 -0.000151377 
78807.2 7.27785e+17 0.00888786 -0.000200359 
78824 7.27348e+17 0.00888235 -0.000217811 
78840.9 7.27049e+17 0.00887962 -0.000200995 
78857.7 7.26865e+17 0.00887919 -0.000152565 
78874.5 7.26703e+17 0.00887922 -8.01531e-05 
78891.3 7.26457e+17 0.00887756 4.83508e-06 
78908.2 7.26073e+17 0.0088731 8.90149e-05 
78925 7.25579e+17 0.00886645 0.000159131 
78941.9 7.25073e+17 0.00885955 0.000204145 
78958.7 7.2466e+17 0.00885452 0.000216973 
78975.5 7.24386e+17 0.0088523 0.000195603 
78992.4 7.24216e+17 0.00885214 0.000143412 
79009.2 7.24048e+17 0.00885202 6.86323e-05 
79026.1 7.23781e+17 0.00884989 -1.69415e-05 
79043 7.23373e+17 0.00884494 -9.98107e-05 
79059.8 7.2287e+17 0.00883807 -0.0001669 
79076.7 7.22375e+17 0.00883139 -0.000207619 
79093.5 7.21987e+17 0.00882688 -0.000215536 
79110.4 7.21741e+17 0.0088252 -0.000189399 
79127.3 7.21583e+17 0.00882525 -0.000133333 
79144.1 7.21406e+17 0.0088249 -5.62006e-05 
79161 7.21114e+17 0.00882224 2.98022e-05 
79177.9 7.20681e+17 0.00881679 0.000111067 
79194.8 7.20171e+17 0.00880977 0.000174729 
79211.6 7.19691e+17 0.0088034 0.000210707 
79228.5 7.19334e+17 0.00879948 0.000213301 
79245.4 7.19115e+17 0.00879831 0.000182101 
79262.3 7.18965e+17 0.0087985 0.000122055 
79279.2 7.18773e+17 0.00879782 4.26871e-05 
79296.1 7.18452e+17 0.00879457 -4.34147e-05 
79313 7.17996e+17 0.00878864 -0.000122593 
79329.9 7.17483e+17 0.00878157 -0.00018229 
79346.8 7.17024e+17 0.00877561 -0.000213038 
79363.7 7.167e+17 0.00877234 -0.000209965 
79380.6 7.16507e+17 0.00877165 -0.000173567 
79397.5 7.16361e+17 0.00877187 -0.000109628 
79414.4 7.16148e+17 0.00877074 -2.83045e-05 
79431.3 7.15796e+17 0.00876686 5.74863e-05 
79448.2 7.15319e+17 0.0087605 0.000134116 
79465.2 7.14807e+17 0.00875349 0.000189407 
79482.1 7.14375e+17 0.00874806 0.000214569 
79499 7.14086e+17 0.00874546 0.000205598 
79515.9 7.13917e+17 0.0087452 0.000163914 
79532.9 7.13769e+17 0.00874532 9.61463e-05 
79549.8 7.1353e+17 0.00874364 1.3077e-05 
79566.7 7.13145e+17 0.00873909 -7.20655e-05 
79583.7 7.12648e+17 0.00873237 -0.000145713 
79600.6 7.12145e+17 0.00872556 -0.000196121 
79617.5 7.11745e+17 0.00872077 -0.000215244 
79634.5 7.11494e+17 0.00871888 -0.000200024 
79651.4 7.11346e+17 0.00871895 -0.000152884 
79668.4 7.11189e+17 0.00871882 -8.1348e-05 
79685.3 7.10917e+17 0.00871647 3.16099e-06 
79702.3 7.10495e+17 0.00871124 8.71412e-05 
79719.2 7.09983e+17 0.00870429 0.000157172 
79736.2 7.09497e+17 0.00869784 0.000202061 
79753.2 7.09139e+17 0.00869381 0.000214634 
79770.1 7.08929e+17 0.0086926 0.000192884 
79787.1 7.08795e+17 0.00869286 0.000140295 
79804.1 7.08617e+17 0.0086923 6.52825e-05 
79821 7.08302e+17 0.00868917 -2.01484e-05 
79838 7.07844e+17 0.00868331 -0.000102326 
79855 7.07326e+17 0.0086763 -0.000168096 
79872 7.06872e+17 0.00867041 -0.00020693 
79888.9 7.06563e+17 0.00866723 -0.000212607 
79905.9 7.06389e+17 0.00866662 -0.000184216 
79922.9 7.06256e+17 0.00866685 -0.000126303 
79939.9 7.06043e+17 0.00866566 -4.81488e-05 
79956.9 7.0568e+17 0.00866169 3.77159e-05 
79973.9 7.05193e+17 0.00865535 0.000117516 
79990.9 7.04687e+17 0.00864852 0.000178439 
80007.9 7.04277e+17 0.00864338 0.0002107 
80024.9 7.04019e+17 0.00864104 0.000209107 
80041.9 7.0387e+17 0.00864084 0.000173911 
80058.9 7.0372e+17 0.00864079 0.000110765 
80075.9 7.0346e+17 0.00863882 2.98214e-05 
80092.9 7.03052e+17 0.00863407 -5.58981e-05 
80109.9 7.02552e+17 0.00862746 -0.000132598 
80127 7.02075e+17 0.00862106 -0.000187933 
80144 7.01718e+17 0.00861677 -0.000212993 
80161 7.01503e+17 0.00861518 -0.000203747 
80178 7.01361e+17 0.00861515 -0.000161689 
80195.1 7.01178e+17 0.00861459 -9.36012e-05 
80212.1 7.00868e+17 0.00861177 -1.04596e-05 
80229.1 7.00427e+17 0.00860639 7.43338e-05 
80246.2 6.99933e+17 0.00859978 0.000147111 
80263.2 6.99496e+17 0.008594 0.000196139 
80280.2 6.9919e+17 0.00859058 0.000213517 
80297.3 6.99004e+17 0.00858954 0.000196442 
80314.3 6.98851e+17 0.00858942 0.00014767 
80331.4 6.98627e+17 0.00858819 7.50731e-05 
80348.4 6.98273e+17 0.00858457 -9.63079e-06 
80365.5 6.97814e+17 0.00857877 -9.27621e-05 
80382.5 6.9734e+17 0.00857239 -0.000160889 
80399.6 6.96949e+17 0.00856736 -0.000202994 
80416.6 6.96686e+17 0.00856472 -0.000212265 
80433.7 6.96514e+17 0.00856401 -0.000187192 
80450.8 6.96338e+17 0.00856357 -0.000131825 
80467.8 6.96071e+17 0.0085616 -5.51244e-05 
80484.9 6.95682e+17 0.00855729 3.04907e-05 
80502 6.9522e+17 0.00855132 0.000111147 
80519.1 6.94777e+17 0.00854538 0.000173769 
80536.1 6.94432e+17 0.00854112 0.000208202 
80553.2 6.94201e+17 0.00853911 0.000208858 
80570.3 6.94028e+17 0.00853849 0.000175635 
80587.4 6.93821e+17 0.00853757 0.000113927 
80604.5 6.93512e+17 0.00853486 3.37558e-05 
80621.6 6.931e+17 0.00853004 -5.18603e-05 
80638.7 6.92648e+17 0.00852412 -0.000129018 
80655.8 6.92243e+17 0.00851875 -0.000185187 
80672.9 6.9194e+17 0.00851523 -0.00021125 
80690 6.91729e+17 0.00851365 -0.000202979 
80707.1 6.91542e+17 0.0085129 -0.000161726 
80724.2 6.91298e+17 0.00851139 -9.42008e-05 
80741.3 6.90955e+17 0.00850802 -1.13854e-05 
80758.4 6.90533e+17 0.00850292 7.32514e-05 
80775.5 6.90104e+17 0.00849724 0.000145942 
80792.6 6.8974e+17 0.00849252 0.000194858 
80809.8 6.89469e+17 0.0084896 0.000212036 
80826.9 6.89263e+17 0.00848823 0.000194678 
80844 6.89051e+17 0.00848718 0.000145607 
80861.1 6.88771e+17 0.00848506 7.28183e-05 
80878.3 6.88404e+17 0.0084812 -1.18243e-05 
80895.4 6.87989e+17 0.00847601 -9.45163e-05 
80912.5 6.87591e+17 0.00847074 -0.000161765 
80929.7 6.87263e+17 0.00846662 -0.000202593 
80946.8 6.87011e+17 0.00846414 -0.000210333 
80964 6.86796e+17 0.00846277 -0.000183722 
80981.1 6.86554e+17 0.0084613 -0.000127108 
80998.3 6.86245e+17 0.00845865 -4.9747e-05 
81015.4 6.85871e+17 0.00845449 3.57116e-05 
81032.6 6.85473e+17 0.00844942 0.000115294 
81049.7 6.85107e+17 0.00844459 0.000175985 
81066.9 6.84805e+17 0.00844096 0.000207864 
81084 6.84558e+17 0.00843872 0.000205721 
81101.2 6.84324e+17 0.0084372 0.000169915 
81118.4 6.84056e+17 0.00843533 0.000106316 
81135.5 6.83731e+17 0.00843228 2.53416e-05 
81152.7 6.83361e+17 0.008428 -5.97456e-05 
81169.9 6.82986e+17 0.00842315 -0.000135009 
81187.1 6.82645e+17 0.00841873 -0.000188119 
81204.2 6.82356e+17 0.00841544 -0.000210375 
81221.4 6.82103e+17 0.00841327 -0.000198131 
81238.6 6.81849e+17 0.00841154 -0.000153397 
81255.8 6.81564e+17 0.00840933 -8.3513e-05 
81273 6.81234e+17 0.00840606 5.3377e-08 
81290.2 6.80877e+17 0.00840178 8.35825e-05 
81307.4 6.80523e+17 0.00839716 0.000153357 
81324.6 6.80198e+17 0.00839304 0.000197912 
81341.8 6.79911e+17 0.00838995 0.000209928 
81359 6.79646e+17 0.00838776 0.00018743 
81376.2 6.79378e+17 0.00838585 0.00013412 
81393.4 6.79085e+17 0.00838343 5.87719e-05 
81410.6 6.78761e+17 0.00838004 -2.62126e-05 
81427.8 6.78418e+17 0.00837582 -0.000106844 
81445 6.78078e+17 0.00837138 -0.000169849 
81462.2 6.77759e+17 0.00836745 -0.000204857 
81479.5 6.77466e+17 0.00836444 -0.000206109 
81496.7 6.7719e+17 0.00836223 -0.000173409 
81513.9 6.76916e+17 0.00836022 -0.000112152 
81531.1 6.76626e+17 0.00835769 -3.24421e-05 
81548.4 6.76313e+17 0.00835426 5.2578e-05 
81565.6 6.75981e+17 0.00835007 0.00012889 
81582.8 6.75645e+17 0.00834571 0.00018391 
81600.1 6.75321e+17 0.00834186 0.000208565 
81617.3 6.7502e+17 0.00833893 0.00019879 
81634.6 6.74742e+17 0.00833676 0.0001562 
81651.8 6.74472e+17 0.00833475 8.78283e-05 
81669.1 6.74193e+17 0.00833219 4.9673e-06 
81686.3 6.73888e+17 0.00832869 -7.8691e-05 
81703.6 6.73556e+17 0.00832444 -0.000149317 
81720.8 6.73213e+17 0.00832005 -0.000195229 
81738.1 6.72881e+17 0.00831627 -0.000208829 
81755.3 6.72579e+17 0.00831347 -0.000187863 
81772.6 6.7231e+17 0.00831145 -0.000135801 
81789.9 6.72054e+17 0.00830951 -6.12649e-05 
81807.1 6.71783e+17 0.00830689 2.33952e-05 
81824.4 6.71476e+17 0.00830323 0.000104146 
81841.7 6.71134e+17 0.0082988 0.000167601 
81859 6.70779e+17 0.00829436 0.000203239 
81876.2 6.70445e+17 0.00829072 0.000205153 
81893.5 6.70155e+17 0.00828819 0.000173034 
81910.8 6.69904e+17 0.0082864 0.000112219 
81928.1 6.69661e+17 0.00828451 3.28116e-05 
81945.4 6.69389e+17 0.00828171 -5.20013e-05 
81962.7 6.69067e+17 0.00827775 -0.000128136 
81980 6.68708e+17 0.00827311 -0.000182952 
81997.3 6.68347e+17 0.0082687 -0.000207349 
82014.6 6.68025e+17 0.00826534 -0.000197282 
82031.9 6.67757e+17 0.00826318 -0.000154431 
82049.2 6.67524e+17 0.00826161 -8.59238e-05 
82066.5 6.67284e+17 0.00825965 -3.15493e-06 
82083.8 6.66998e+17 0.00825653 8.01083e-05 
82101.1 6.66656e+17 0.0082522 0.000150012 
82118.4 6.66284e+17 0.0082474 0.000194923 
82135.8 6.6593e+17 0.00824318 0.000207361 
82153.1 6.65629e+17 0.00824023 0.000185253 
82170.4 6.65384e+17 0.00823846 0.000132281 
82187.7 6.65161e+17 0.00823701 5.7273e-05 
82205.1 6.64913e+17 0.00823482 -2.72649e-05 
82222.4 6.64606e+17 0.00823127 -0.00010723 
82239.7 6.64247e+17 0.00822659 -0.000169277 
82257.1 6.63873e+17 0.00822177 -0.000203048 
82274.4 6.63533e+17 0.00821787 -0.000202905 
82291.7 6.63255e+17 0.00821541 -0.000168872 
82309.1 6.63027e+17 0.00821398 -0.00010664 
82326.4 6.62807e+17 0.00821253 -2.66124e-05 
82343.8 6.62546e+17 0.00820997 5.78302e-05 
82361.1 6.6222e+17 0.00820594 0.000132568 
82378.5 6.61848e+17 0.00820098 0.000185104 
82395.8 6.61475e+17 0.00819626 0.000206654 
82413.2 6.61152e+17 0.00819282 0.000193617 
82430.6 6.60898e+17 0.00819088 0.000148181 
82447.9 6.60686e+17 0.00818972 7.79569e-05 
82465.3 6.60466e+17 0.00818811 -5.29563e-06 
82482.7 6.60189e+17 0.00818506 -8.76315e-05 
82500.1 6.5984e+17 0.00818052 -0.000155257 
82517.4 6.59453e+17 0.00817537 -0.000196837 
82534.8 6.59087e+17 0.00817093 -0.000205402 
82552.2 6.58788e+17 0.00816807 -0.000179514 
82569.6 6.58563e+17 0.00816668 -0.000123513 
82587 6.58368e+17 0.00816567 -4.67956e-05 
82604.3 6.5814e+17 0.00816369 3.77581e-05 
82621.7 6.57834e+17 0.00816001 0.000115947 
82639.1 6.57455e+17 0.00815497 0.000174632 
82656.5 6.57059e+17 0.0081498 0.000203949 
82673.9 6.56713e+17 0.00814587 0.000198968 
82691.3 6.56453e+17 0.00814374 0.000160527 
82708.7 6.56261e+17 0.00814282 9.50957e-05 
82726.1 6.5607e+17 0.00814171 1.36884e-05 
82743.6 6.55814e+17 0.00813913 -6.99894e-05 
82761 6.55466e+17 0.00813472 -0.000141848 
82778.4 6.55063e+17 0.00812933 -0.000189788 
82795.8 6.54678e+17 0.00812445 -0.00020574 
82813.2 6.54373e+17 0.00812127 -0.000187022 
82830.6 6.54158e+17 0.00811987 -0.000136797 
82848.1 6.53983e+17 0.00811918 -6.35358e-05 
82865.5 6.53771e+17 0.00811765 2.04069e-05 
82882.9 6.5347e+17 0.00811427 0.000100874 
82900.4 6.53086e+17 0.00810923 0.000164295 
82917.8 6.52682e+17 0.0081038 0.000199969 
82935.2 6.52333e+17 0.00809953 0.000201877 
82952.7 6.52076e+17 0.00809719 0.000169697 
82970.1 6.51889e+17 0.00809633 0.000108862 
82987.6 6.51703e+17 0.00809552 2.96471e-05 
83005 6.51452e+17 0.00809331 -5.45597e-05 
83022.5 6.51112e+17 0.00808915 -0.000129521 
83039.9 6.50717e+17 0.00808374 -0.000182554 
83057.4 6.50337e+17 0.00807861 -0.000204683 
83074.8 6.50029e+17 0.0080751 -0.000192157 
83092.3 6.49803e+17 0.0080735 -0.000147095 
83109.8 6.49619e+17 0.00807289 -7.71289e-05 
83127.2 6.49409e+17 0.0080717 5.88256e-06 
83144.7 6.49127e+17 0.00806875 8.78663e-05 
83162.2 6.48769e+17 0.00806396 0.00015492 
83179.7 6.48381e+17 0.00805845 0.000195672 
83197.1 6.48025e+17 0.00805379 0.000203214 
83214.6 6.47742e+17 0.00805103 0.000176274 
83232.1 6.47529e+17 0.00805001 0.000119432 
83249.6 6.47342e+17 0.00804945 4.2348e-05 
83267.1 6.47119e+17 0.00804778 -4.18858e-05 
83284.6 6.46821e+17 0.0080441 -0.000118963 
83302.1 6.46453e+17 0.0080388 -0.000175795 
83319.6 6.46063e+17 0.00803332 -0.000202733 
83337.1 6.45716e+17 0.00802922 -0.000195206 
83354.6 6.45452e+17 0.00802724 -0.000154501 
83372.1 6.45262e+17 0.00802675 -8.75415e-05 
83389.6 6.45088e+17 0.00802614 -5.71773e-06 
83407.1 6.44859e+17 0.00802384 7.70507e-05 
83424.6 6.44535e+17 0.00801934 0.000146679 
83442.1 6.44136e+17 0.00801354 0.000191312 
83459.6 6.43732e+17 0.00800823 0.000203349 
83477.1 6.43403e+17 0.00800494 0.000180734 
83494.7 6.43184e+17 0.00800391 0.000127319 
83512.2 6.43036e+17 0.0080039 5.22083e-05 
83529.7 6.42873e+17 0.00800296 -3.17861e-05 
83547.3 6.42611e+17 0.00799969 -0.000110331 
83564.8 6.4223e+17 0.00799419 -0.000170018 
83582.3 6.4179e+17 0.00798806 -0.000200654 
83599.9 6.41396e+17 0.00798337 -0.000197008 
83617.4 6.41125e+17 0.00798129 -0.000159706 
83634.9 6.40976e+17 0.00798127 -9.513e-05 
83652.5 6.40861e+17 0.00798138 -1.43254e-05 
83670 6.40666e+17 0.00797955 6.88869e-05 
83687.6 6.40328e+17 0.00797494 0.000140275 
83705.1 6.39881e+17 0.00796857 0.000187631 
83722.7 6.39435e+17 0.00796267 0.000202862 
83740.3 6.39103e+17 0.00795921 0.000183372 
83757.8 6.38922e+17 0.00795855 0.000132509 
83775.4 6.38826e+17 0.00795919 5.89872e-05 
83793 6.3869e+17 0.00795872 -2.45977e-05 
83810.5 6.38414e+17 0.00795543 -0.000103929 
83828.1 6.37993e+17 0.00794949 -0.000165418 
83845.7 6.3752e+17 0.00794284 -0.000198532 
83863.3 6.37127e+17 0.00793793 -0.000197597 
83880.8 6.36889e+17 0.00793609 -0.000162776 
83898.4 6.36779e+17 0.00793659 -0.000100044 
83916 6.36682e+17 0.00793714 -2.01646e-05 
83933.6 6.36476e+17 0.00793539 6.31498e-05 
83951.2 6.36111e+17 0.00793049 0.000135592 
83968.8 6.35645e+17 0.0079237 0.000184717 
83986.4 6.35202e+17 0.00791756 0.000202083 
84004 6.34891e+17 0.0079142 0.000184705 
84021.6 6.34733e+17 0.0079139 0.000135573 
84039.2 6.34648e+17 0.00791493 6.31421e-05 
84056.8 6.34507e+17 0.00791464 -2.01214e-05 
84074.4 6.34221e+17 0.00791124 -9.98851e-05 
84092 6.33795e+17 0.007905 -0.000162418 
84109.6 6.33325e+17 0.00789807 -0.000196957 
84127.2 6.32937e+17 0.00789309 -0.00019756 
84144.9 6.32704e+17 0.00789144 -0.000164133 
84162.5 6.32598e+17 0.0078923 -0.000102444 
84180.1 6.32508e+17 0.00789316 -2.3129e-05 
84197.7 6.32312e+17 0.00789149 6.01374e-05 
84215.4 6.31955e+17 0.0078864 0.000133 
84233 6.31486e+17 0.00787927 0.000182898 
84250.6 6.3103e+17 0.00787286 0.000201226 
84268.3 6.30705e+17 0.00786951 0.000184823 
84285.9 6.30549e+17 0.00786956 0.00013652 
84303.6 6.30486e+17 0.00787106 6.46539e-05 
84321.2 6.30377e+17 0.00787107 -1.83671e-05 
84338.9 6.30109e+17 0.00786758 -9.82e-05 
84356.5 6.2967e+17 0.00786089 -0.000161044 
84374.2 6.29164e+17 0.00785347 -0.000196028 
84391.8 6.28746e+17 0.00784834 -0.000197091 
84409.5 6.28517e+17 0.00784705 -0.000164042 
84427.2 6.28453e+17 0.00784857 -0.000102594 
84444.8 6.28417e+17 0.00784995 -2.33876e-05 
84462.5 6.28244e+17 0.00784826 5.98556e-05 
84480.2 6.27859e+17 0.0078426 0.000132705 
84497.8 6.27331e+17 0.00783475 0.000182528 
84515.5 6.26832e+17 0.00782804 0.000200682 
84533.2 6.2652e+17 0.00782509 0.000184019 
84550.9 6.26427e+17 0.00782599 0.000135433 
84568.5 6.26435e+17 0.00782822 6.3363e-05 
84586.2 6.2635e+17 0.00782827 -1.96774e-05 
84603.9 6.26037e+17 0.00782407 -9.92676e-05 
84621.6 6.25519e+17 0.00781645 -0.000161587 
84639.3 6.24963e+17 0.00780859 -0.000195816 
84657 6.24568e+17 0.0078039 -0.000196012 
84674.7 6.24422e+17 0.00780364 -0.000162145 
84692.4 6.24441e+17 0.00780606 -0.000100104 
84710.1 6.24423e+17 0.00780753 -2.06725e-05 
84727.8 6.2419e+17 0.00780504 6.23368e-05 
84745.5 6.23713e+17 0.00779829 0.000134485 
84763.2 6.23134e+17 0.00778988 0.000183216 
84781 6.22669e+17 0.00778361 0.000200039 
84798.7 6.22452e+17 0.0077818 0.000182016 
84816.4 6.22447e+17 0.00778372 0.000132274 
84834.1 6.22467e+17 0.0077861 5.94742e-05 
84851.9 6.2231e+17 0.00778533 -2.36952e-05 
84869.6 6.219e+17 0.00777996 -0.000102725 
84887.3 6.21336e+17 0.0077717 -0.000163818 
84905 6.20822e+17 0.00776423 -0.000196299 
84922.8 6.20527e+17 0.00776068 -0.000194486 
84940.5 6.20463e+17 0.0077615 -0.00015869 
84958.3 6.20487e+17 0.00776415 -9.5166e-05 
84976 6.20395e+17 0.00776487 -1.50233e-05 
84993.8 6.20071e+17 0.00776124 6.77181e-05 
85011.5 6.19556e+17 0.00775379 0.000138581 
85029.3 6.19023e+17 0.00774566 0.000185168 
85047 6.18649e+17 0.00774041 0.00019933 
85064.8 6.18502e+17 0.00773964 0.0001786 
85082.5 6.18494e+17 0.0077419 0.000126616 
85100.3 6.18449e+17 0.00774372 5.2491e-05 
85118.1 6.18219e+17 0.00774195 -3.07894e-05 
85135.8 6.17784e+17 0.00773587 -0.000108637 
85153.6 6.1726e+17 0.00772769 -0.000167418 
85171.4 6.16818e+17 0.00772099 -0.000196836 
85189.2 6.16571e+17 0.00771836 -0.00019174 
85206.9 6.16503e+17 0.00771964 -0.000153026 
85224.7 6.16481e+17 0.00772203 -8.74819e-05 
85242.5 6.16344e+17 0.00772202 -6.60466e-06 
85260.3 6.16008e+17 0.0077177 7.54142e-05 
85278.1 6.1552e+17 0.00771006 0.000144175 
85295.9 6.15026e+17 0.00770233 0.000187596 
85313.7 6.14677e+17 0.0076978 0.000198043 
85331.5 6.14528e+17 0.00769762 0.000173671 
85349.3 6.14504e+17 0.00770002 0.000118761 
85367.1 6.14446e+17 0.00770147 4.29686e-05 
85384.9 6.14216e+17 0.00769907 -4.03658e-05 
85402.7 6.13786e+17 0.0076925 -0.000116568 
85420.5 6.13264e+17 0.00768426 -0.000172216 
85438.3 6.12821e+17 0.00767801 -0.000197507 
85456.1 6.12581e+17 0.0076761 -0.000187989 
85474 6.12532e+17 0.00767795 -0.000145346 
85491.8 6.12534e+17 0.0076804 -7.71072e-05 
85509.6 6.12403e+17 0.00767986 4.68806e-06 
85527.4 6.12045e+17 0.00767474 8.56111e-05 
85545.3 6.11519e+17 0.00766656 0.000151391 
85563.1 6.11003e+17 0.00765898 0.000190431 
85580.9 6.10673e+17 0.00765527 0.000195855 
85598.8 6.10581e+17 0.00765609 0.000166717 
85616.6 6.10613e+17 0.00765898 0.000108167 
85634.4 6.10565e+17 0.00766003 3.0545e-05 
85652.3 6.10285e+17 0.00765656 -5.24426e-05 
85670.1 6.09781e+17 0.007649 -0.000126141 
85688 6.09219e+17 0.00764059 -0.00017753 
85705.9 6.08811e+17 0.00763521 -0.000197525 
85723.7 6.08661e+17 0.00763466 -0.000182586 
85741.6 6.08693e+17 0.00763739 -0.000135345 
85759.4 6.08701e+17 0.0076396 -6.4155e-05 
85777.3 6.08496e+17 0.00763782 1.83884e-05 
85795.2 6.08038e+17 0.00763134 9.76666e-05 
85813 6.07465e+17 0.00762271 0.000159628 
85830.9 6.06997e+17 0.00761597 0.000193283 
85848.8 6.0678e+17 0.00761384 0.000192653 
85866.7 6.06781e+17 0.00761585 0.000157846 
85884.5 6.06815e+17 0.00761867 9.50359e-05 
85902.4 6.06676e+17 0.00761844 1.53755e-05 
85920.3 6.06283e+17 0.0076134 -6.69862e-05 
85938.2 6.05732e+17 0.00760516 -0.000137418 
85956.1 6.0523e+17 0.00759748 -0.000183408 
85974 6.04943e+17 0.00759373 -0.00019679 
85991.9 6.04886e+17 0.00759454 -0.000175197 
86009.8 6.04913e+17 0.0075974 -0.000122477 
86027.7 6.04827e+17 0.00759843 -4.80127e-05 
86045.6 6.04511e+17 0.00759506 3.49509e-05 
86063.5 6.04014e+17 0.00758774 0.00011166 
86081.4 6.03502e+17 0.00757963 0.000168476 
86099.3 6.03148e+17 0.00757437 0.000195296 
86117.2 6.03012e+17 0.00757362 0.000187352 
86135.2 6.03004e+17 0.00757597 0.000146058 
86153.1 6.02953e+17 0.0075779 7.87638e-05 
86171 6.02722e+17 0.00757623 -2.55025e-06 
86188.9 6.02302e+17 0.00757028 -8.34001e-05 
86206.9 6.01805e+17 0.00756223 -0.000149374 
86224.8 6.01393e+17 0.0075557 -0.000188703 
86242.7 6.01165e+17 0.00755322 -0.000194358 
86260.7 6.01097e+17 0.00755457 -0.000165318 
86278.6 6.01063e+17 0.00755697 -0.000106755 
86296.6 6.00917e+17 0.00755692 -2.91219e-05 
86314.5 6.00589e+17 0.00755261 5.37092e-05 
86332.4 6.00128e+17 0.0075451 0.000126927 
86350.4 5.99669e+17 0.00753763 0.00017743 
86368.4 5.99346e+17 0.00753339 0.000196178 
86386.3 5.99203e+17 0.00753341 0.000179814 
86404.3 5.9917e+17 0.00753582 0.000131268 
86422.2 5.99099e+17 0.00753715 5.9237e-05 
86440.2 5.98868e+17 0.00753461 -2.33719e-05 
86458.2 5.98458e+17 0.00752804 -0.000101758 
86476.1 5.97968e+17 0.00752002 -0.000161879 
86494.1 5.97556e+17 0.00751416 -0.000192967 
86512.1 5.97332e+17 0.00751263 -0.000189459 
86530.1 5.97282e+17 0.00751465 -0.000151992 
86548 5.97272e+17 0.00751701 -8.72902e-05 
86566 5.97135e+17 0.0075162 -6.95923e-06 
86584 5.96785e+17 0.00751085 7.45933e-05 
86602 5.96282e+17 0.00750272 0.000142738 
86620 5.95796e+17 0.00749552 0.000185246 
86638 5.95491e+17 0.00749237 0.000194484 
86656 5.95411e+17 0.00749364 0.000168787 
86674 5.95442e+17 0.00749661 0.000112762 
86692 5.95386e+17 0.00749734 3.64714e-05 
86710 5.95101e+17 0.00749339 -4.63733e-05 
86728 5.94604e+17 0.00748556 -0.000120869 
86746 5.94063e+17 0.00747739 -0.000173604 
86764 5.93685e+17 0.00747271 -0.000195073 
86782 5.93564e+17 0.00747293 -0.000181401 
86800.1 5.93612e+17 0.00747607 -0.000135042 
86818.1 5.93619e+17 0.00747804 -6.43513e-05 
86836.1 5.93398e+17 0.00747555 1.79245e-05 
86854.1 5.92926e+17 0.00746841 9.69413e-05 
86872.2 5.92357e+17 0.00745971 0.00015844 
86890.2 5.91918e+17 0.00745367 0.000191322 
86908.2 5.91747e+17 0.00745266 0.000189659 
86926.3 5.91788e+17 0.00745552 0.000153758 
86944.3 5.91835e+17 0.00745836 9.01149e-05 
86962.3 5.91675e+17 0.00745728 1.02317e-05 
86980.4 5.91245e+17 0.00745114 -7.14572e-05 
86998.4 5.90673e+17 0.00744236 -0.000140194 
87016.5 5.9019e+17 0.00743524 -0.000183565 
87034.5 5.89962e+17 0.00743288 -0.000193738 
87052.6 5.89973e+17 0.00743507 -0.000168882 
87070.7 5.90037e+17 0.00743836 -0.000113497 
87088.7 5.89932e+17 0.00743857 -3.76009e-05 
87106.8 5.89558e+17 0.00743367 4.50751e-05 
87124.9 5.89007e+17 0.00742524 0.000119569 
87142.9 5.88496e+17 0.00741735 0.000172393 
87161 5.88209e+17 0.00741364 0.000193977 
87179.1 5.8817e+17 0.00741482 0.000180403 
87197.1 5.8823e+17 0.00741816 0.000134126 
87215.2 5.88172e+17 0.00741945 6.35335e-05 
87233.3 5.87865e+17 0.00741593 -1.85697e-05 
87251.4 5.87356e+17 0.00740824 -9.72814e-05 
87269.5 5.86831e+17 0.00739992 -0.000158308 
87287.6 5.86485e+17 0.00739492 -0.000190562 
87305.7 5.86383e+17 0.00739485 -0.000188185 
87323.8 5.86421e+17 0.00739788 -0.000151614 
87341.9 5.86399e+17 0.00740001 -8.75022e-05 
87360 5.86164e+17 0.00739791 -7.51657e-06 
87378.1 5.85712e+17 0.00739124 7.37916e-05 
87396.2 5.85189e+17 0.00738282 0.000141632 
87414.3 5.84788e+17 0.00737668 0.00018367 
87432.4 5.84614e+17 0.00737524 0.000192267 
87450.5 5.84615e+17 0.00737763 0.000165873 
87468.6 5.84621e+17 0.00738033 0.000109306 
87486.8 5.84458e+17 0.00737961 3.28715e-05 
87504.9 5.84072e+17 0.00737415 -4.95094e-05 
87523 5.83562e+17 0.00736594 -0.000122835 
87541.1 5.83113e+17 0.00735887 -0.000173752 
87559.3 5.82865e+17 0.00735602 -0.000192985 
87577.4 5.82822e+17 0.00735754 -0.000177032 
87595.6 5.82843e+17 0.00736051 -0.000128797 
87613.7 5.82746e+17 0.00736102 -5.70768e-05 
87631.8 5.82429e+17 0.00735688 2.50463e-05 
87650 5.81943e+17 0.00734915 0.000102581 
87668.1 5.81457e+17 0.00734141 0.000161365 
87686.3 5.8114e+17 0.00733723 0.000190651 
87704.4 5.81046e+17 0.00733771 0.00018508 
87722.6 5.81071e+17 0.00734067 0.000145663 
87740.8 5.81029e+17 0.0073422 7.96089e-05 
87758.9 5.80779e+17 0.00733938 -9.93993e-07 
87777.1 5.80325e+17 0.00733236 -8.1387e-05 
87795.2 5.79815e+17 0.00732423 -0.000146846 
87813.4 5.79439e+17 0.00731887 -0.00018538 
87831.6 5.79293e+17 0.00731821 -0.000189936 
87849.8 5.7931e+17 0.00732089 -0.000159687 
87867.9 5.79309e+17 0.00732317 -0.000100191 
87886.1 5.79119e+17 0.00732161 -2.23648e-05 
87904.3 5.78704e+17 0.00731548 5.95151e-05 
87922.5 5.78187e+17 0.00730726 0.000130434 
87940.7 5.77764e+17 0.00730092 0.000177391 
87958.9 5.77567e+17 0.0072991 0.000191783 
87977.1 5.77563e+17 0.00730124 0.000170981 
87995.3 5.77585e+17 0.00730398 0.000118812 
88013.5 5.77447e+17 0.00730356 4.48545e-05 
88031.7 5.77078e+17 0.00729845 -3.73115e-05 
88049.9 5.7657e+17 0.00729044 -0.000112598 
88068.1 5.76116e+17 0.00728337 -0.000167175 
88086.3 5.75867e+17 0.0072804 -0.00019101 
88104.5 5.7583e+17 0.00728178 -0.000179716 
88122.7 5.75859e+17 0.00728468 -0.000135363 
88141 5.75764e+17 0.00728524 -6.61033e-05 
88159.2 5.75446e+17 0.00728125 1.53188e-05 
88177.4 5.74963e+17 0.00727372 9.39089e-05 
88195.6 5.74491e+17 0.00726617 0.000155183 
88213.9 5.74194e+17 0.0072621 0.000187842 
88232.1 5.74112e+17 0.00726254 0.000185855 
88250.3 5.74132e+17 0.00726534 0.000149585 
88268.6 5.74073e+17 0.00726671 8.57235e-05 
88286.8 5.73811e+17 0.00726387 6.0616e-06 
88305.1 5.73366e+17 0.00725704 -7.46888e-05 
88323.3 5.72888e+17 0.00724925 -0.000141612 
88341.6 5.72544e+17 0.00724416 -0.000182348 
88359.8 5.72408e+17 0.00724355 -0.000189376 
88378.1 5.72407e+17 0.00724601 -0.000161407 
88396.3 5.72377e+17 0.007248 -0.000103623 
88414.6 5.72174e+17 0.00724632 -2.67136e-05 
88432.8 5.71777e+17 0.00724037 5.50945e-05 
88451.1 5.71301e+17 0.00723254 0.000126673 
88469.4 5.70912e+17 0.00722655 0.000174786 
88487.7 5.70718e+17 0.00722483 0.000190537 
88505.9 5.70689e+17 0.00722677 0.000171019 
88524.2 5.70681e+17 0.00722921 0.000119846 
88542.5 5.70537e+17 0.00722863 4.64951e-05 
88560.8 5.70193e+17 0.00722364 -3.54473e-05 
88579.1 5.69724e+17 0.00721596 -0.000110798 
88597.3 5.69295e+17 0.00720922 -0.000165589 
88615.6 5.69043e+17 0.00720638 -0.000189656 
88633.9 5.68982e+17 0.00720767 -0.00017853 
88652.2 5.68992e+17 0.00721039 -0.00013427 
88670.5 5.68903e+17 0.00721081 -6.50913e-05 
88688.8 5.6861e+17 0.00720683 1.61586e-05 
88707.1 5.68153e+17 0.00719945 9.43817e-05 
88725.4 5.6769e+17 0.00719211 0.000155037 
88743.7 5.67385e+17 0.00718823 0.000186846 
88762.1 5.67291e+17 0.00718879 0.000183896 
88780.4 5.67313e+17 0.00719161 0.000146741 
88798.7 5.67269e+17 0.00719288 8.23028e-05 
88817 5.67024e+17 0.00718988 2.58247e-06 
88835.3 5.66583e+17 0.00718294 -7.75755e-05 
88853.7 5.66096e+17 0.00717519 -0.000143247 
88872 5.65747e+17 0.00717038 -0.00018221 
88890.3 5.65621e+17 0.00717016 -0.000187216 
88908.7 5.65645e+17 0.00717289 -0.000157344 
88927 5.65635e+17 0.00717484 -9.81719e-05 
88945.3 5.65431e+17 0.00717279 -2.0732e-05 
88963.7 5.65013e+17 0.0071664 6.05381e-05 
88982 5.64515e+17 0.00715845 0.000130486 
89000.4 5.64132e+17 0.00715284 0.00017607 
89018.7 5.63973e+17 0.0071518 0.000188785 
89037.1 5.63987e+17 0.00715427 0.000166259 
89055.4 5.63997e+17 0.0071567 0.000112695 
89073.8 5.6383e+17 0.00715554 3.80933e-05 
89092.2 5.63443e+17 0.00714983 -4.36103e-05 
89110.5 5.62949e+17 0.00714189 -0.000117144 
89128.9 5.62541e+17 0.0071356 -0.000168755 
89147.3 5.62345e+17 0.00713369 -0.000188785 
89165.6 5.62336e+17 0.00713573 -0.000173482 
89184 5.62354e+17 0.00713847 -0.000125707 
89202.4 5.62224e+17 0.00713816 -5.44074e-05 
89220.8 5.61877e+17 0.00713325 2.70588e-05 
89239.2 5.61401e+17 0.00712548 0.000103424 
89257.5 5.60972e+17 0.00711863 0.000160375 
89275.9 5.60732e+17 0.00711582 0.000187239 
89294.3 5.60687e+17 0.00711728 0.000178984 
89312.7 5.60707e+17 0.00712019 0.000137168 
89331.1 5.60617e+17 0.00712071 6.96446e-05 
89349.5 5.60322e+17 0.00711668 -1.0911e-05 
89367.9 5.59871e+17 0.00710921 -8.93803e-05 
89386.3 5.59421e+17 0.00710185 -0.000151038 
89404.7 5.59128e+17 0.0070981 -0.000184315 
89423.2 5.5904e+17 0.0070989 -0.000182969 
89441.6 5.5906e+17 0.00710193 -0.000147258 
89460 5.59017e+17 0.00710326 -8.38898e-05 
89478.4 5.58781e+17 0.00710016 -4.77152e-06 
89496.8 5.58356e+17 0.00709303 7.52275e-05 
89515.3 5.57879e+17 0.00708519 0.000141065 
89533.7 5.57526e+17 0.0070805 0.000180354 
89552.1 5.57393e+17 0.00708063 0.000185692 
89570.5 5.57421e+17 0.00708376 0.000156065 
89589 5.57433e+17 0.00708589 9.70416e-05 
89607.4 5.57257e+17 0.00708368 1.97337e-05 
89625.9 5.5685e+17 0.00707686 -6.12898e-05 
89644.3 5.56335e+17 0.00706854 -0.000130748 
89662.8 5.55922e+17 0.00706298 -0.000175532 
89681.2 5.55754e+17 0.00706251 -0.000187183 
89699.7 5.55801e+17 0.00706579 -0.000163494 
89718.1 5.55872e+17 0.00706867 -0.000108935 
89736.6 5.55746e+17 0.00706722 -3.38133e-05 
89755 5.55341e+17 0.00706062 4.76764e-05 
89773.5 5.54782e+17 0.00705184 0.00012013 
89792 5.54315e+17 0.00704554 0.000169852 
89810.4 5.5413e+17 0.00704465 0.000187442 
89828.9 5.54211e+17 0.0070481 0.000169578 
89847.4 5.54335e+17 0.0070516 0.000119646 
89865.9 5.5424e+17 0.00705071 4.70943e-05 
89884.4 5.53819e+17 0.0070442 -3.43455e-05 
89902.8 5.53215e+17 0.00703504 -0.00010926 
89921.3 5.52714e+17 0.00702824 -0.000163468 
89939.8 5.52535e+17 0.00702711 -0.000186704 
89958.3 5.52655e+17 0.00703075 -0.000174564 
89976.8 5.52817e+17 0.00703465 -0.000129343 
89995.3 5.52726e+17 0.00703405 -5.9604e-05 
90013.8 5.52275e+17 0.00702754 2.14344e-05 
90032.3 5.51636e+17 0.00701817 9.84026e-05 
90050.8 5.51129e+17 0.00701117 0.000156691 
90069.3 5.5098e+17 0.00701 0.000185225 
90087.8 5.51135e+17 0.00701374 0.000178573 
90106.3 5.51308e+17 0.00701774 0.000137985 
90124.9 5.51192e+17 0.00701715 7.11664e-05 
90143.4 5.50706e+17 0.00701062 -9.18023e-06 
90161.9 5.50055e+17 0.0070013 -8.77702e-05 
90180.4 5.49576e+17 0.00699442 -0.000149644 
90199 5.49468e+17 0.00699334 -0.000183017 
90217.5 5.49643e+17 0.00699699 -0.000181534 
90236 5.49792e+17 0.00700074 -0.000145476 
90254.6 5.49629e+17 0.00699996 -8.17174e-05 
90273.1 5.49117e+17 0.00699351 -2.41287e-06 
90291.6 5.48489e+17 0.00698456 7.73188e-05 
90310.2 5.48065e+17 0.00697809 0.000142278 
90328.7 5.47998e+17 0.00697709 0.000180083 
90347.3 5.48162e+17 0.00698037 0.000183531 
90365.8 5.48254e+17 0.00698356 0.000151972 
90384.4 5.48038e+17 0.00698249 9.14321e-05 
90403 5.47524e+17 0.00697634 1.34661e-05 
90421.5 5.46954e+17 0.00696809 -6.70452e-05 
90440.1 5.46601e+17 0.00696218 -0.000134732 
90458.6 5.46558e+17 0.00696112 -0.00017667 
90477.2 5.46674e+17 0.00696372 -0.000184843 
90495.8 5.46686e+17 0.00696612 -0.000157685 
90514.4 5.46426e+17 0.00696484 -0.00010038 
90532.9 5.45947e+17 0.00695927 -2.38812e-05 
90551.5 5.45464e+17 0.00695198 5.71792e-05 
90570.1 5.45179e+17 0.00694664 0.000127284 
90588.7 5.45126e+17 0.00694527 0.000173005 
90607.3 5.45161e+17 0.0069469 0.000185574 
90625.9 5.45089e+17 0.00694847 0.000162576 
90644.5 5.44814e+17 0.00694718 0.000108415 
90663.1 5.44405e+17 0.00694249 3.34782e-05 
90681.7 5.44021e+17 0.00693626 -4.78568e-05 
90700.3 5.43781e+17 0.00693132 -0.000119979 
90718.9 5.43681e+17 0.00692934 -0.000169045 
90737.5 5.43616e+17 0.00692985 -0.000185638 
90756.1 5.43476e+17 0.0069307 -0.000166581 
90774.7 5.43225e+17 0.00692972 -0.000115546 
90793.3 5.42913e+17 0.00692609 -4.23467e-05 
90812 5.42618e+17 0.00692085 3.89469e-05 
90830.6 5.42385e+17 0.006916 0.000112714 
90849.2 5.42204e+17 0.00691317 0.000164783 
90867.8 5.42042e+17 0.00691259 0.000185154 
90886.5 5.41869e+17 0.00691303 0.00016992 
90905.1 5.4168e+17 0.00691263 0.000122017 
90923.7 5.41471e+17 0.00691011 5.06581e-05 
90942.4 5.41233e+17 0.00690557 -3.04279e-05 
90961 5.40965e+17 0.00690049 -0.000105639 
90979.7 5.40689e+17 0.00689671 -0.000160495 
90998.3 5.40455e+17 0.00689529 -0.000184427 
91017 5.40295e+17 0.00689568 -0.000172814 
91035.6 5.40192e+17 0.00689603 -0.000127883 
91054.3 5.40067e+17 0.00689442 -5.82891e-05 
91072.9 5.39841e+17 0.0068902 2.25486e-05 
91091.6 5.39504e+17 0.00688463 9.90268e-05 
91110.3 5.39144e+17 0.00688002 0.000156372 
91128.9 5.38882e+17 0.00687814 0.000183499 
91147.6 5.38776e+17 0.00687881 0.000175157 
91166.3 5.38758e+17 0.00687989 0.000132957 
91184.9 5.38676e+17 0.00687882 6.50601e-05 
91203.6 5.38415e+17 0.00687453 -1.53937e-05 
91222.3 5.38e+17 0.0068684 -9.28332e-05 
91241 5.3759e+17 0.00686329 -0.000152271 
91259.7 5.37351e+17 0.00686139 -0.000182208 
91278.4 5.3732e+17 0.00686251 -0.00017686 
91297.1 5.3736e+17 0.00686406 -0.000137278 
91315.8 5.37269e+17 0.00686307 -7.11409e-05 
91334.5 5.36941e+17 0.00685844 8.73351e-06 
91353.2 5.36466e+17 0.00685192 8.68726e-05 
91371.9 5.36057e+17 0.00684676 0.000148144 
91390.6 5.35882e+17 0.0068452 0.000180684 
91409.3 5.35919e+17 0.00684669 0.000178194 
91428 5.35969e+17 0.00684829 0.000141159 
91446.7 5.3582e+17 0.00684696 7.67581e-05 
91465.4 5.35423e+17 0.00684196 -2.52325e-06 
91484.1 5.3493e+17 0.00683543 -8.13073e-05 
91502.9 5.34576e+17 0.00683068 -0.000144301 
91521.6 5.34479e+17 0.00682958 -0.000179265 
91540.3 5.34547e+17 0.00683114 -0.000179391 
91559.1 5.34551e+17 0.0068323 -0.000144637 
91577.8 5.3432e+17 0.00683042 -8.17457e-05 
91596.5 5.3388e+17 0.00682529 -2.9426e-06 
91615.3 5.33427e+17 0.00681923 7.64335e-05 
91634 5.33162e+17 0.00681518 0.000140918 
91652.8 5.33126e+17 0.0068144 0.000177937 
91671.5 5.33169e+17 0.00681555 0.000180267 
91690.3 5.33084e+17 0.00681592 0.000147448 
91709 5.32778e+17 0.00681354 8.58848e-05 
91727.8 5.32347e+17 0.0068087 7.59402e-06 
91746.5 5.31984e+17 0.00680353 -7.21401e-05 
91765.3 5.31812e+17 0.00680022 -0.000137754 
91784.1 5.3179e+17 0.00679936 -0.000176445 
91802.8 5.31753e+17 0.00679966 -0.000180673 
91821.6 5.31564e+17 0.00679911 -0.00014963 
91840.4 5.31224e+17 0.00679658 -8.93949e-05 
91859.2 5.30862e+17 0.00679253 -1.17414e-05 
91877.9 5.30613e+17 0.00678843 6.81608e-05 
91896.7 5.30502e+17 0.00678558 0.000134708 
91915.5 5.30432e+17 0.00678414 0.000174906 
91934.3 5.3028e+17 0.00678331 0.000180907 
91953.1 5.3001e+17 0.00678206 0.00015154 
91971.9 5.29697e+17 0.00677988 9.25436e-05 
91990.7 5.29449e+17 0.00677696 1.54498e-05 
92009.5 5.29302e+17 0.00677383 -6.4662e-05 
92028.3 5.29192e+17 0.00677093 -0.00013211 
92047.1 5.2902e+17 0.00676849 -0.000173676 
92065.9 5.28755e+17 0.00676656 -0.000181201 
92084.7 5.2846e+17 0.00676507 -0.000153191 
92103.5 5.28235e+17 0.00676374 -9.5126e-05 
92122.3 5.28111e+17 0.00676202 -1.83903e-05 
92141.2 5.28016e+17 0.00675941 6.195e-05 
92160 5.27841e+17 0.00675593 0.000130108 
92178.8 5.27546e+17 0.00675231 0.000172681 
92197.6 5.27208e+17 0.00674965 0.000181297 
92216.5 5.26957e+17 0.00674852 0.000154261 
92235.3 5.26854e+17 0.00674831 9.6903e-05 
92254.1 5.26823e+17 0.0067475 2.05188e-05 
92273 5.26711e+17 0.00674482 -5.98502e-05 
92291.8 5.26425e+17 0.00674036 -0.000128385 
92310.7 5.26025e+17 0.00673575 -0.000171604 
92329.5 5.25684e+17 0.00673296 -0.000181021 
92348.4 5.25533e+17 0.00673266 -0.000154805 
92367.2 5.25545e+17 0.0067335 -9.81422e-05 
92386.1 5.25542e+17 0.00673304 -2.22035e-05 
92404.9 5.25347e+17 0.00672973 5.80525e-05 
92423.8 5.24944e+17 0.00672425 0.000126825 
92442.7 5.24499e+17 0.00671917 0.000170578 
92461.5 5.24225e+17 0.00671686 0.000180702 
92480.4 5.24196e+17 0.00671756 0.000155207 
92499.3 5.24273e+17 0.006719 9.9119e-05 
92518.1 5.24222e+17 0.00671824 2.34942e-05 
92537 5.2391e+17 0.006714 -5.67521e-05 
92555.9 5.23429e+17 0.00670786 -0.000125782 
92574.8 5.23016e+17 0.00670298 -0.000169957 
92593.7 5.22857e+17 0.00670155 -0.000180541 
92612.6 5.22921e+17 0.006703 -0.000155429 
92631.5 5.22986e+17 0.00670439 -9.95773e-05 
92650.4 5.22829e+17 0.00670282 -2.4035e-05 
92669.3 5.22416e+17 0.0066978 5.62421e-05 
92688.2 5.2193e+17 0.00669163 0.000125351 
92707.1 5.21617e+17 0.00668751 0.000169599 
92726 5.21572e+17 0.00668695 0.00018022 
92744.9 5.21661e+17 0.00668857 0.000155123 
92763.8 5.21639e+17 0.00668927 9.93023e-05 
92782.7 5.21362e+17 0.00668679 2.38449e-05 
92801.6 5.20907e+17 0.0066815 -5.6273e-05 
92820.6 5.20498e+17 0.00667597 -0.000125163 
92839.5 5.20313e+17 0.00667285 -0.000169176 
92858.4 5.20331e+17 0.00667272 -0.000179609 
92877.3 5.2036e+17 0.0066738 -0.00015442 
92896.3 5.2021e+17 0.00667347 -9.86317e-05 
92915.2 5.19853e+17 0.00667044 -2.33239e-05 
92934.1 5.19442e+17 0.0066656 5.65603e-05 
92953.1 5.19165e+17 0.00666116 0.000125177 
92972 5.1908e+17 0.00665878 0.000168917 
92991 5.19076e+17 0.00665836 0.000179103 
93009.9 5.1898e+17 0.00665835 0.000153711 
93028.9 5.18713e+17 0.00665714 9.77774e-05 
93047.8 5.18358e+17 0.00665424 2.24069e-05 
93066.8 5.18069e+17 0.00665049 -5.74207e-05 
93085.8 5.17925e+17 0.00664713 -0.000125823 
93104.7 5.17865e+17 0.00664483 -0.000169173 
93123.7 5.17754e+17 0.0066434 -0.000178818 
93142.7 5.17514e+17 0.0066422 -0.000152819 
93161.6 5.17199e+17 0.0066407 -9.63441e-05 
93180.6 5.16938e+17 0.00663873 -2.06541e-05 
93199.6 5.16803e+17 0.00663632 5.9142e-05 
93218.6 5.16736e+17 0.0066335 0.000127106 
93237.5 5.16605e+17 0.00663045 0.000169658 
93256.5 5.16336e+17 0.00662762 0.000178301 
93275.5 5.15996e+17 0.00662564 0.00015132 
93294.5 5.1573e+17 0.00662473 9.41267e-05 
93313.5 5.15628e+17 0.00662423 1.81711e-05 
93332.5 5.1562e+17 0.00662285 -6.13529e-05 
93351.5 5.15533e+17 0.0066197 -0.00012855 
93370.5 5.15251e+17 0.00661522 -0.000170004 
93389.5 5.14837e+17 0.00661115 -0.000177451 
93408.5 5.14489e+17 0.00660925 -0.000149427 
93427.5 5.14365e+17 0.00660972 -9.1554e-05 
93446.6 5.14428e+17 0.00661069 -1.54098e-05 
93465.6 5.14461e+17 0.00660955 6.3782e-05 
93484.6 5.14253e+17 0.00660517 0.00013019 
93503.6 5.13795e+17 0.00659908 0.000170533 
93522.7 5.1331e+17 0.00659447 0.000176732 
93541.7 5.13063e+17 0.00659364 0.000147534 
93560.7 5.13124e+17 0.00659586 8.87643e-05 
93579.7 5.13292e+17 0.00659771 1.21828e-05 
93598.8 5.13254e+17 0.00659578 -6.68643e-05 
93617.8 5.12862e+17 0.00658961 -0.000132512 
93636.9 5.12272e+17 0.00658234 -0.000171561 
93655.9 5.11828e+17 0.00657825 -0.000176139 
93675 5.11761e+17 0.0065792 -0.000145298 
93694 5.11983e+17 0.00658291 -8.52212e-05 
93713.1 5.12148e+17 0.00658462 -7.99251e-06 
93732.1 5.11944e+17 0.00658103 7.08357e-05 
93751.2 5.11372e+17 0.00657315 0.000135377 
93770.3 5.10751e+17 0.00656566 0.000172623 
93789.3 5.10455e+17 0.00656307 0.000175072 
93808.4 5.10585e+17 0.00656594 0.000142243 
93827.5 5.10878e+17 0.00657029 8.0778e-05 
93846.5 5.10923e+17 0.00657077 3.08669e-06 
93865.6 5.10517e+17 0.00656518 -7.51585e-05 
93884.7 5.0984e+17 0.0065563 -0.00013819 
93903.8 5.0931e+17 0.00654972 -0.000173321 
93922.9 5.09219e+17 0.00654917 -0.000173498 
93942 5.09488e+17 0.00655342 -0.000138712 
93961.1 5.09728e+17 0.00655725 -7.59942e-05 
93980.2 5.09578e+17 0.00655581 2.00824e-06 
93999.3 5.09008e+17 0.00654857 7.95735e-05 
94018.4 5.08348e+17 0.00653981 0.000141068 
94037.5 5.08e+17 0.00653502 0.000174091 
94056.6 5.08096e+17 0.00653634 0.000171969 
94075.7 5.0839e+17 0.00654091 0.000135113 
94094.8 5.08472e+17 0.00654324 7.09416e-05 
94113.9 5.08122e+17 0.00653981 -7.59671e-06 
94133 5.07493e+17 0.00653188 -8.4627e-05 
94152.1 5.06966e+17 0.00652434 -0.000144552 
94171.3 5.06826e+17 0.00652157 -0.000175212 
94190.4 5.07018e+17 0.00652395 -0.000170363 
94209.5 5.07213e+17 0.00652769 -0.000130958 
94228.7 5.0709e+17 0.00652807 -6.49731e-05 
94247.8 5.06617e+17 0.00652333 1.42013e-05 
94266.9 5.06054e+17 0.00651589 9.04792e-05 
94286.1 5.05726e+17 0.00651018 0.000148354 
94305.2 5.05737e+17 0.00650895 0.00017606 
94324.4 5.05899e+17 0.00651121 0.000167976 
94343.5 5.05911e+17 0.00651333 0.000125764 
94362.7 5.05621e+17 0.00651208 5.80341e-05 
94381.8 5.05146e+17 0.00650716 -2.14229e-05 
94401 5.0475e+17 0.00650113 -9.64459e-05 
94420.1 5.04605e+17 0.00649713 -0.000151795 
94439.3 5.04652e+17 0.00649636 -0.000176248 
94458.5 5.04671e+17 0.00649748 -0.000164869 
94477.6 5.04494e+17 0.00649791 -0.000120004 
94496.8 5.04141e+17 0.006496 -5.07918e-05 
94516 5.03788e+17 0.00649202 2.86956e-05 
94535.2 5.03586e+17 0.00648767 0.000102307 
94554.4 5.03532e+17 0.00648452 0.000155088 
94573.5 5.03485e+17 0.00648304 0.000176308 
94592.7 5.03313e+17 0.00648256 0.000161646 
94611.9 5.03023e+17 0.00648202 0.000114068 
94631.1 5.02741e+17 0.00648066 4.32422e-05 
94650.3 5.02577e+17 0.00647825 -3.64157e-05 
94669.5 5.02512e+17 0.00647502 -0.000108668 
94688.7 5.02416e+17 0.0064715 -0.000158761 
94707.9 5.02188e+17 0.00646851 -0.000176442 
94727.1 5.01863e+17 0.0064668 -0.00015807 
94746.3 5.0159e+17 0.0064665 -0.000107375 
94765.5 5.01482e+17 0.00646665 -3.47137e-05 
94784.8 5.0149e+17 0.00646563 4.50443e-05 
94804 5.01438e+17 0.00646235 0.000115562 
94823.2 5.01184e+17 0.00645737 0.00016239 
94842.4 5.0077e+17 0.00645285 0.000175938 
94861.7 5.00404e+17 0.006451 0.000153444 
94880.9 5.00276e+17 0.00645214 9.95416e-05 
94900.1 5.00369e+17 0.00645402 2.53024e-05 
94919.4 5.00452e+17 0.00645343 -5.40445e-05 
94938.6 5.00278e+17 0.00644882 -0.000122242 
94957.8 4.99813e+17 0.00644192 -0.000165336 
94977.1 4.99295e+17 0.00643669 -0.000174532 
94996.3 4.99029e+17 0.00643605 -0.000147982 
95015.6 4.99119e+17 0.0064393 -9.11516e-05 
95034.8 4.99352e+17 0.00644229 -1.56957e-05 
95054.1 4.99367e+17 0.00644074 6.29309e-05 
95073.3 4.98977e+17 0.00643391 0.00012863 
95092.6 4.98344e+17 0.00642553 0.000167948 
95111.9 4.97859e+17 0.00642094 0.000172825 
95131.1 4.97804e+17 0.00642259 0.000142248 
95150.4 4.98095e+17 0.00642775 8.24655e-05 
95169.7 4.98336e+17 0.00643054 5.72693e-06 
95189 4.98158e+17 0.0064268 -7.22199e-05 
95208.2 4.97544e+17 0.0064177 -0.000135351 
95227.5 4.96861e+17 0.00640904 -0.000170659 
95246.8 4.96549e+17 0.00640647 -0.000170843 
95266.1 4.96738e+17 0.00641071 -0.000135829 
95285.4 4.97125e+17 0.00641674 -7.28017e-05 
95304.7 4.97228e+17 0.00641786 5.25473e-06 
95324 4.96799e+17 0.00641135 8.22357e-05 
95343.3 4.96048e+17 0.00640083 0.000142242 
95362.6 4.95465e+17 0.00639341 0.000172873 
95381.9 4.95405e+17 0.00639369 0.000167799 
95401.2 4.95774e+17 0.0063999 0.000128076 
95420.5 4.96109e+17 0.00640527 6.19242e-05 
95439.8 4.95973e+17 0.00640368 -1.69734e-05 
95459.1 4.95333e+17 0.00639477 -9.23093e-05 
95478.5 4.94588e+17 0.00638431 -0.000148525 
95497.8 4.94225e+17 0.00637935 -0.000174024 
95517.1 4.94404e+17 0.00638236 -0.000163564 
95536.4 4.94817e+17 0.00638918 -0.000119328 
95555.8 4.94964e+17 0.00639252 -5.0468e-05 
95575.1 4.94577e+17 0.00638805 2.87885e-05 
95594.4 4.93848e+17 0.00637796 0.000102071 
95613.8 4.93255e+17 0.00636903 0.000154241 
95633.1 4.9315e+17 0.00636696 0.000174513 
95652.5 4.93461e+17 0.00637169 0.000158681 
95671.8 4.93768e+17 0.00637759 0.000109998 
95691.2 4.93666e+17 0.00637823 3.85156e-05 
95710.5 4.93114e+17 0.00637169 -4.09801e-05 
95729.9 4.9245e+17 0.00636194 -0.000112016 
95749.3 4.92092e+17 0.00635543 -0.000159844 
95768.6 4.9218e+17 0.00635569 -0.000174508 
95788 4.92471e+17 0.00636064 -0.000152923 
95807.4 4.92568e+17 0.00636455 -9.95438e-05 
95826.7 4.92259e+17 0.00636282 -2.54486e-05 
95846.1 4.9169e+17 0.00635561 5.39521e-05 
95865.5 4.91211e+17 0.00634742 0.000122125 
95884.9 4.9107e+17 0.00634323 0.000164864 
95904.2 4.91212e+17 0.00634451 0.000173263 
95923.6 4.9135e+17 0.00634837 0.000145577 
95943 4.9123e+17 0.00635017 8.7587e-05 
95962.4 4.90841e+17 0.00634724 1.1394e-05 
95981.8 4.90399e+17 0.00634076 -6.71148e-05 
96001.2 4.90135e+17 0.00633445 -0.000131583 
96020.6 4.90098e+17 0.00633154 -0.000168593 
96040 4.90141e+17 0.00633241 -0.000170461 
96059.4 4.90073e+17 0.00633468 -0.000136826 
96078.8 4.89835e+17 0.00633525 -7.47139e-05 
96098.2 4.89525e+17 0.00633258 2.92454e-06 
96117.7 4.89283e+17 0.0063275 7.99161e-05 
96137.1 4.89152e+17 0.00632234 0.000140225 
96156.5 4.89059e+17 0.00631925 0.000171286 
96175.9 4.8891e+17 0.00631887 0.00016662 
96195.4 4.88699e+17 0.00632013 0.000127185 
96214.8 4.88503e+17 0.00632095 6.11909e-05 
96234.2 4.88383e+17 0.00631952 -1.76025e-05 
96253.7 4.883e+17 0.0063154 -9.27417e-05 
96273.1 4.88145e+17 0.00630992 -0.000148511 
96292.5 4.87865e+17 0.00630551 -0.000173221 
96312 4.87543e+17 0.00630417 -0.000161669 
96331.4 4.87342e+17 0.00630588 -0.000116245 
96350.9 4.87335e+17 0.00630823 -4.64476e-05 
96370.3 4.8741e+17 0.00630794 3.30932e-05 
96389.8 4.87339e+17 0.00630334 0.000105687 
96409.3 4.86996e+17 0.00629608 0.000156089 
96428.7 4.865e+17 0.00629027 0.000173715 
96448.2 4.86143e+17 0.00628937 0.000154869 
96467.6 4.86129e+17 0.00629316 0.000103525 
96487.1 4.86368e+17 0.00629736 3.04856e-05 
96506.6 4.86514e+17 0.00629686 -4.88934e-05 
96526.1 4.86266e+17 0.00628999 -0.000117938 
96545.6 4.85652e+17 0.00628037 -0.000162163 
96565 4.85045e+17 0.00627439 -0.000172306 
96584.5 4.84851e+17 0.00627589 -0.00014627 
96604 4.85136e+17 0.00628263 -8.9549e-05 
96623.5 4.85537e+17 0.00628762 -1.40666e-05 
96643 4.8555e+17 0.00628481 6.43254e-05 
96662.5 4.84984e+17 0.00627445 0.000129172 
96682 4.84156e+17 0.00626333 0.000166859 
96701.5 4.83645e+17 0.00625938 0.00016947 
96721 4.83783e+17 0.00626484 0.000136446 
96740.5 4.84342e+17 0.00627396 7.47106e-05 
96760 4.84701e+17 0.00627748 -2.76598e-06 
96779.5 4.84384e+17 0.00627046 -7.96853e-05 
96799.1 4.83491e+17 0.00625684 -0.00013984 
96818.6 4.82643e+17 0.00624643 -0.000170528 
96838.1 4.82449e+17 0.00624675 -0.000165245 
96857.6 4.82965e+17 0.00625637 -0.00012507 
96877.2 4.8362e+17 0.00626578 -5.8462e-05 
96896.7 4.83697e+17 0.00626529 2.05156e-05 
96916.2 4.82964e+17 0.0062534 9.51615e-05 
96935.8 4.81899e+17 0.00623839 0.000149675 
96955.3 4.81287e+17 0.00623148 0.000172511 
96974.9 4.81535e+17 0.00623722 0.000158832 
96994.4 4.82306e+17 0.00624942 0.000111543 
97014 4.82792e+17 0.00625617 4.06726e-05 
97033.5 4.8242e+17 0.00625002 -3.87567e-05 
97053.1 4.8136e+17 0.00623443 -0.000109919 
97072.6 4.80389e+17 0.00622104 -0.000157755 
97092.2 4.80216e+17 0.00621976 -0.000172156 
97111.8 4.80859e+17 0.00623024 -0.000150104 
97131.3 4.81624e+17 0.00624206 -9.62958e-05 
97150.9 4.81704e+17 0.00624359 -2.21403e-05 
97170.5 4.80889e+17 0.00623194 5.66563e-05 
97190 4.79747e+17 0.00621545 0.000123415 
97209.6 4.79133e+17 0.0062066 0.000164005 
97229.2 4.79441e+17 0.00621134 0.000169833 
97248.8 4.80257e+17 0.00622403 0.000139657 
97268.4 4.80732e+17 0.0062323 7.98586e-05 
97288 4.80318e+17 0.00622765 3.10431e-06 
97307.6 4.7925e+17 0.00621264 -7.43288e-05 
97327.2 4.78324e+17 0.00619857 -0.000135995 
97346.8 4.78202e+17 0.00619576 -0.000168772 
97366.4 4.78834e+17 0.00620485 -0.00016566 
97386 4.7952e+17 0.00621639 -0.000127285 
97405.6 4.79529e+17 0.00621911 -6.17928e-05 
97425.2 4.78738e+17 0.00620947 1.68784e-05 
97444.8 4.77719e+17 0.00619438 9.19567e-05 
97464.4 4.77221e+17 0.00618513 0.000147419 
97484.1 4.77516e+17 0.00618772 0.000171421 
97503.7 4.78181e+17 0.00619804 0.000158837 
97523.3 4.78493e+17 0.00620571 0.000112363 
97542.9 4.78068e+17 0.00620302 4.19388e-05 
97562.6 4.77176e+17 0.0061912 -3.73793e-05 
97582.2 4.76472e+17 0.00617898 -0.000108646 
97601.8 4.76414e+17 0.00617492 -0.000156651 
97621.5 4.76872e+17 0.00618039 -0.000171172 
97641.1 4.77285e+17 0.00618889 -0.000149145 
97660.8 4.77171e+17 0.00619189 -9.53118e-05 
97680.4 4.76539e+17 0.00618593 -2.11917e-05 
97700.1 4.75842e+17 0.00617504 5.73821e-05 
97719.7 4.75545e+17 0.00616685 0.000123641 
97739.4 4.75727e+17 0.0061662 0.000163456 
97759.1 4.76046e+17 0.00617151 0.000168339 
97778.7 4.76081e+17 0.00617673 0.000137258 
97798.4 4.75711e+17 0.00617648 7.6852e-05 
97818.1 4.75178e+17 0.0061702 2.29661e-08 
97837.7 4.74831e+17 0.00616192 -7.68071e-05 
97857.4 4.74802e+17 0.00615665 -0.0001372 
97877.1 4.7492e+17 0.00615657 -0.000168214 
97896.8 4.74915e+17 0.00615988 -0.000163183 
97916.5 4.74683e+17 0.00616266 -0.00012316 
97936.1 4.74357e+17 0.00616189 -5.67096e-05 
97955.8 4.74131e+17 0.00615726 2.19169e-05 
97975.5 4.74054e+17 0.00615095 9.58317e-05 
97995.2 4.73997e+17 0.00614598 0.000149143 
98014.9 4.73819e+17 0.00614441 0.000170383 
98034.6 4.73543e+17 0.00614616 0.000154983 
98054.3 4.73334e+17 0.00614907 0.000106266 
98074.1 4.73306e+17 0.00614996 3.47341e-05 
98093.8 4.73362e+17 0.00614666 -4.42038e-05 
98113.5 4.73272e+17 0.00613977 -0.000113554 
98133.2 4.7291e+17 0.00613278 -0.000158406 
98152.9 4.72432e+17 0.0061299 -0.000169139 
98172.6 4.72163e+17 0.0061327 -0.000143487 
98192.4 4.72276e+17 0.00613823 -8.70117e-05 
98212.1 4.7258e+17 0.00614073 -1.18917e-05 
98231.8 4.7265e+17 0.00613612 6.57042e-05 
98251.6 4.72223e+17 0.00612591 0.000129095 
98271.3 4.71488e+17 0.00611674 0.000164667 
98291.1 4.70969e+17 0.00611527 0.00016479 
98310.8 4.71053e+17 0.00612216 0.000129453 
98330.5 4.71594e+17 0.00613075 6.62621e-05 
98350.3 4.71987e+17 0.0061321 -1.11867e-05 
98370.1 4.717e+17 0.00612274 -8.62212e-05 
98389.8 4.70787e+17 0.00610841 -0.000142673 
98409.6 4.69903e+17 0.00609984 -0.000168358 
98429.3 4.69738e+17 0.00610362 -0.000157708 
98449.1 4.70371e+17 0.00611587 -0.000112989 
98468.9 4.71142e+17 0.00612484 -4.3835e-05 
98488.6 4.71208e+17 0.00612076 3.48187e-05 
98508.4 4.70315e+17 0.00610481 0.000105955 
98528.2 4.69081e+17 0.00608884 0.00015416 
98548 4.68482e+17 0.00608555 0.000168975 
98567.8 4.68972e+17 0.00609711 0.000147175 
98587.5 4.70034e+17 0.00611258 9.34821e-05 
98607.3 4.70591e+17 0.00611688 1.95485e-05 
98627.1 4.6997e+17 0.00610409 -5.85782e-05 
98646.9 4.68541e+17 0.00608319 -0.000123945 
98666.7 4.6743e+17 0.00607088 -0.000162378 
98686.5 4.67532e+17 0.00607696 -0.000165565 
98706.3 4.68672e+17 0.00609532 -0.000132852 
98726.1 4.69726e+17 0.00610861 -7.13711e-05 
98745.9 4.69598e+17 0.00610332 5.51709e-06 
98765.8 4.68226e+17 0.00608197 8.11304e-05 
98785.6 4.66675e+17 0.00606146 0.000139084 
98805.4 4.66209e+17 0.00605852 0.000166835 
98825.2 4.67153e+17 0.0060748 0.00015839 
98845 4.68563e+17 0.00609488 0.000115598 
98864.9 4.69046e+17 0.00609956 4.77409e-05 
98884.7 4.68009e+17 0.0060828 -3.04655e-05 
98904.5 4.66218e+17 0.00605747 -0.000102056 
98924.4 4.65139e+17 0.00604436 -0.000151486 
98944.2 4.65628e+17 0.00605383 -0.000168 
98964 4.67145e+17 0.0060764 -0.000147976 
98983.9 4.68211e+17 0.00609081 -9.57302e-05 
99003.7 4.67729e+17 0.00608267 -2.26031e-05 
99023.6 4.65977e+17 0.00605742 5.54915e-05 
99043.5 4.64384e+17 0.00603573 0.000121524 
99063.3 4.64253e+17 0.00603534 0.000161062 
99083.2 4.65587e+17 0.00605532 0.000165443 
99103 4.67072e+17 0.00607663 0.000133678 
99122.9 4.67246e+17 0.00607896 7.26942e-05 
99142.8 4.65814e+17 0.0060587 -4.176e-06 
99162.6 4.63924e+17 0.00603223 -8.01089e-05 
99182.5 4.63141e+17 0.00602147 -0.000138483 
99202.4 4.64041e+17 0.00603446 -0.000166526 
99222.3 4.6569e+17 0.00605821 -0.00015812 
99242.2 4.6648e+17 0.00607022 -0.000115135 
99262.1 4.65574e+17 0.00605847 -4.70142e-05 
99281.9 4.63663e+17 0.00603203 3.13134e-05 
99301.8 4.62334e+17 0.0060129 0.000102705 
99321.7 4.62649e+17 0.00601645 0.000151561 
99341.6 4.64186e+17 0.00603784 0.000167226 
99361.5 4.6543e+17 0.00605651 0.000146313 
99381.4 4.6514e+17 0.00605456 9.34216e-05 
99401.4 4.63465e+17 0.00603256 2.01339e-05 
99421.3 4.61795e+17 0.00600882 -5.75225e-05 
99441.2 4.61501e+17 0.00600287 -0.000122567 
99461.1 4.627e+17 0.00601816 -0.00016077 
99481 4.64167e+17 0.0060393 -0.00016376 
99500.9 4.64453e+17 0.00604605 -0.00013086 
99520.9 4.63197e+17 0.00603135 -6.9249e-05 
99540.8 4.61427e+17 0.0060073 7.58665e-06 
99560.7 4.60617e+17 0.00599393 8.2796e-05 
99580.7 4.61349e+17 0.00600129 0.000139851 
99600.6 4.62803e+17 0.0060208 0.000166181 
99620.5 4.63529e+17 0.0060334 0.000155955 
99640.5 4.62764e+17 0.00602676 0.000111386 
99660.4 4.61109e+17 0.006006 4.2269e-05 
99680.4 4.59954e+17 0.00598857 -3.61688e-05 
99700.3 4.60199e+17 0.0059883 -0.000106624 
99720.3 4.61458e+17 0.00600329 -0.000153543 
99740.3 4.62436e+17 0.00601817 -0.000166573 
99760.2 4.62132e+17 0.00601834 -0.00014285 
99780.2 4.60735e+17 0.00600293 -8.7637e-05 
99800.2 4.59421e+17 0.00598492 -1.31502e-05 
99820.1 4.59254e+17 0.00597901 6.41511e-05 
99840.1 4.6022e+17 0.00598834 0.00012721 
99860.1 4.61274e+17 0.00600235 0.00016214 
99880.1 4.61327e+17 0.00600684 0.00016128 
99900 4.60239e+17 0.00599697 0.00012487 
99920 4.58922e+17 0.00598101 6.09768e-05 
99940 4.58465e+17 0.00597221 -1.62919e-05 
99960 4.59129e+17 0.00597653 -8.9903e-05 
99980 4.60135e+17 0.00598774 -0.000143643 
100000 4.60571e+17 0.00599356 -0.000163691 
100000 0 0.00307882 -1.35682e-06 
100020 0 0.00307882 -1.37213e-06 
100040 0 0.00307882 -1.39064e-06 
100060 0 0.00307882 -1.38488e-06 
100080 0 0.00307882 -1.35495e-06 
100100 0 0.00307882 -1.33398e-06 
