# ASCII 1D datafile generated by TiberCAD
# 1 x
# 2 GenerationRate
# 3 Intensity
# 4 ElectricField
# x GenerationRate Intensity ElectricField 
-300 0 1.66814 1.13768 
-295 0 1.64039 1.13209 
-290 0 1.58201 1.11876 
-285 0 1.51821 1.10115 
-280 0 1.44967 1.07931 
-275 0 1.37718 1.05329 
-270 0 1.30165 1.02319 
-265 0 1.22405 0.989138 
-260 0 1.14543 0.95126 
-255 0 1.06687 0.909719 
-250 0 0.989504 0.864694 
-245 0 0.914451 0.816386 
-240 0 0.842829 0.765012 
-235 0 0.775717 0.710806 
-230 0 0.714136 0.654018 
-225 0 0.659032 0.59491 
-220 0 0.611252 0.53376 
-215 0 0.571532 0.470852 
-210 0 0.540477 0.406481 
-205 0 0.518553 0.340948 
-200 0 0.509923 0.307928 
-200 2.35901e+17 1.02137 0.241186 
-195 2.39891e+17 1.0177 0.207595 
-190 2.46457e+17 1.0086 0.14068 
-185 2.49333e+17 0.996187 0.0749349 
-180 2.47128e+17 0.981132 0.0115642 
-175 2.39257e+17 0.964437 -0.0483937 
-170 2.26163e+17 0.947378 -0.104085 
-165 2.09353e+17 0.931379 -0.154851 
-160 1.91235e+17 0.917876 -0.200236 
-155 1.74763e+17 0.908181 -0.239976 
-150 1.6294e+17 0.903369 -0.27399 
-145 1.58252e+17 0.904196 -0.302361 
-140 1.62158e+17 0.911066 -0.325312 
-135 1.74721e+17 0.924047 -0.34318 
-130 1.94466e+17 0.942926 -0.356385 
-125 2.18524e+17 0.967295 -0.365406 
-120 2.43047e+17 0.996645 -0.370748 
-115 2.63828e+17 1.03044 -0.372923 
-110 2.77048e+17 1.06815 -0.372422 
-105 2.79985e+17 1.10925 -0.369699 
-100 2.71576e+17 1.15315 -0.365158 
-95 2.52694e+17 1.19904 -0.359141 
-90 2.26094e+17 1.24581 -0.351923 
-85 1.95994e+17 1.29183 -0.343716 
-80 1.67377e+17 1.33493 -0.334662 
-75 1.45107e+17 1.37231 -0.324849 
-70 1.33037e+17 1.40068 -0.314312 
-65 1.33258e+17 1.41642 -0.303047 
-60 1.4565e+17 1.41597 -0.291019 
-55 1.67817e+17 1.3962 -0.278177 
-50 1.95453e+17 1.35488 -0.264462 
-45 2.23057e+17 1.29119 -0.24982 
-40 2.44911e+17 1.20601 -0.234207 
-35 2.56118e+17 1.10219 -0.217603 
-30 2.53529e+17 0.984544 -0.200011 
-25 2.36375e+17 0.859651 -0.181463 
-20 2.06483e+17 0.735409 -0.162021 
-15 1.6803e+17 0.620395 -0.14178 
-10 1.26858e+17 0.523094 -0.120861 
-5 8.94891e+16 0.451073 -0.0994101 
0 7.25776e+16 0.422247 -0.0885711 
0 6.16141e+18 0.804496 -0.066614 
5.00036 5.37091e+18 0.797733 -0.0557349 
10.0015 4.08241e+18 0.785966 -0.0343798 
15.0033 3.26488e+18 0.777071 -0.0139625 
20.0059 2.73542e+18 0.769999 0.00530859 
25.0093 2.38399e+18 0.76411 0.023291 
30.0134 2.14391e+18 0.759007 0.0398631 
35.0182 1.97448e+18 0.754443 0.0549066 
40.0239 1.85059e+18 0.750261 0.0683065 
45.0302 1.75662e+18 0.746361 0.0799586 
50.0373 1.68274e+18 0.742678 0.0897811 
55.0452 1.62268e+18 0.739168 0.097724 
60.0538 1.57236e+18 0.735802 0.103773 
65.0632 1.52912e+18 0.732559 0.107947 
70.0733 1.49115e+18 0.729425 0.110295 
75.0841 1.45725e+18 0.726388 0.110881 
80.0958 1.42654e+18 0.723439 0.109783 
85.1081 1.39843e+18 0.720571 0.107085 
90.1212 1.37246e+18 0.717776 0.102881 
95.1351 1.3483e+18 0.715049 0.0972761 
100.15 1.32569e+18 0.712383 0.090394 
105.165 1.30443e+18 0.709774 0.0823796 
110.181 1.28436e+18 0.707215 0.0733985 
115.198 1.26535e+18 0.704702 0.0636322 
120.216 1.24729e+18 0.70223 0.0532706 
125.234 1.23009e+18 0.699794 0.0425024 
130.253 1.21367e+18 0.697391 0.0315086 
135.273 1.19796e+18 0.695018 0.0204571 
140.294 1.1829e+18 0.692671 0.00950239 
145.315 1.16844e+18 0.690348 -0.00121334 
150.337 1.15454e+18 0.68805 -0.0115566 
155.36 1.14116e+18 0.685774 -0.0214007 
160.384 1.12825e+18 0.683521 -0.0306249 
165.408 1.11579e+18 0.681292 -0.039116 
170.434 1.10375e+18 0.679087 -0.0467719 
175.459 1.0921e+18 0.676907 -0.0535053 
180.486 1.08082e+18 0.674754 -0.0592468 
185.514 1.06988e+18 0.672629 -0.0639465 
190.542 1.05927e+18 0.670533 -0.067573 
195.571 1.04896e+18 0.668468 -0.0701117 
200.6 1.03895e+18 0.666433 -0.0715617 
205.631 1.0292e+18 0.664429 -0.0719337 
210.662 1.01972e+18 0.662455 -0.0712486 
215.694 1.01049e+18 0.660511 -0.0695381 
220.727 1.00149e+18 0.658596 -0.0668461 
225.76 9.92715e+17 0.656707 -0.0632302 
230.794 9.84151e+17 0.654842 -0.0587636 
235.829 9.7579e+17 0.652998 -0.0535337 
240.865 9.67622e+17 0.651174 -0.0476414 
245.902 9.59639e+17 0.649367 -0.0411966 
250.939 9.51832e+17 0.647573 -0.0343147 
255.977 9.44193e+17 0.645791 -0.0271122 
261.016 9.36716e+17 0.644019 -0.0197037 
266.055 9.29393e+17 0.642254 -0.0121998 
271.095 9.22219e+17 0.640497 -0.00470673 
276.136 9.15188e+17 0.638746 0.00267308 
281.178 9.08294e+17 0.637001 0.00984075 
286.221 9.01532e+17 0.635263 0.0167006 
291.264 8.94897e+17 0.633534 0.023161 
296.308 8.88386e+17 0.631813 0.0291366 
301.353 8.81994e+17 0.630104 0.0345504 
306.398 8.75716e+17 0.628408 0.0393367 
311.445 8.6955e+17 0.626727 0.0434429 
316.492 8.63492e+17 0.625063 0.0468303 
321.54 8.57538e+17 0.623416 0.0494733 
326.588 8.51685e+17 0.62179 0.0513577 
331.638 8.4593e+17 0.620183 0.052478 
336.688 8.4027e+17 0.618598 0.0528358 
341.739 8.34702e+17 0.617033 0.0524376 
346.79 8.29223e+17 0.615488 0.0512955 
351.843 8.23831e+17 0.613962 0.0494287 
356.896 8.18523e+17 0.612453 0.0468652 
361.95 8.13296e+17 0.610959 0.0436454 
367.004 8.08148e+17 0.609479 0.0398229 
372.06 8.03075e+17 0.608009 0.0354659 
377.116 7.98077e+17 0.606548 0.0306552 
382.173 7.93151e+17 0.605094 0.0254815 
387.23 7.88294e+17 0.603644 0.0200403 
392.289 7.83505e+17 0.602197 0.014428 
397.348 7.78782e+17 0.600752 0.00873659 
402.408 7.74123e+17 0.599308 0.00305118 
407.469 7.69526e+17 0.597865 -0.00255137 
412.53 7.6499e+17 0.596424 -0.00800198 
417.592 7.60514e+17 0.594985 -0.0132374 
422.655 7.56096e+17 0.59355 -0.0181976 
427.719 7.51735e+17 0.59212 -0.0228241 
432.784 7.47429e+17 0.590698 -0.0270585 
437.849 7.43178e+17 0.589285 -0.030843 
442.915 7.38981e+17 0.587883 -0.0341227 
447.982 7.34836e+17 0.586494 -0.0368484 
453.049 7.30743e+17 0.585119 -0.0389806 
458.118 7.267e+17 0.583759 -0.0404922 
463.187 7.22706e+17 0.582416 -0.0413705 
468.257 7.18761e+17 0.581089 -0.0416178 
473.327 7.14863e+17 0.579779 -0.0412498 
478.399 7.11011e+17 0.578484 -0.040293 
483.471 7.07204e+17 0.577203 -0.0387812 
488.544 7.03441e+17 0.575934 -0.0367524 
493.617 6.9972e+17 0.574677 -0.0342463 
498.692 6.96042e+17 0.573428 -0.0313033 
503.767 6.92404e+17 0.572186 -0.0279645 
508.843 6.88807e+17 0.570949 -0.0242736 
513.919 6.85247e+17 0.569714 -0.0202784 
518.997 6.81726e+17 0.568481 -0.0160332 
524.075 6.78242e+17 0.567247 -0.0115995 
529.154 6.74795e+17 0.566013 -0.00704575 
534.234 6.71383e+17 0.564777 -0.00244594 
539.314 6.68006e+17 0.563541 0.00212354 
544.395 6.64663e+17 0.562304 0.00658743 
549.478 6.61354e+17 0.561069 0.0108752 
554.56 6.58079e+17 0.559835 0.0149242 
559.644 6.54837e+17 0.558606 0.018681 
564.728 6.51627e+17 0.557382 0.0221019 
569.813 6.4845e+17 0.556166 0.0251516 
574.899 6.45304e+17 0.554959 0.0278014 
579.986 6.42189e+17 0.553764 0.0300266 
585.073 6.39106e+17 0.55258 0.0318047 
590.161 6.36053e+17 0.55141 0.0331144 
595.25 6.3303e+17 0.550254 0.033936 
600.34 6.30036e+17 0.549112 0.0342529 
605.43 6.27072e+17 0.547983 0.0340548 
610.521 6.24136e+17 0.546866 0.0333402 
615.613 6.21227e+17 0.545761 0.0321195 
620.706 6.18346e+17 0.544665 0.0304164 
625.799 6.15492e+17 0.543576 0.0282681 
630.894 6.12663e+17 0.542494 0.025724 
635.989 6.0986e+17 0.541416 0.0228423 
641.084 6.07082e+17 0.540339 0.0196864 
646.181 6.04328e+17 0.539264 0.01632 
651.278 6.01599e+17 0.538187 0.0128038 
656.376 5.98892e+17 0.537109 0.00919263 
661.475 5.96209e+17 0.536029 0.00553397 
666.575 5.93548e+17 0.534947 0.00186891 
671.675 5.9091e+17 0.533863 -0.00176625 
676.776 5.88294e+17 0.532778 -0.0053372 
681.878 5.85701e+17 0.531694 -0.00880885 
686.981 5.83129e+17 0.530611 -0.0121431 
692.084 5.80579e+17 0.529532 -0.0152977 
697.188 5.7805e+17 0.528459 -0.0182266 
702.293 5.75543e+17 0.527392 -0.0208822 
707.399 5.73057e+17 0.526334 -0.0232176 
712.505 5.70592e+17 0.525286 -0.0251906 
717.613 5.68148e+17 0.524249 -0.0267667 
722.721 5.65724e+17 0.523224 -0.0279218 
727.829 5.63321e+17 0.522211 -0.0286433 
732.939 5.60938e+17 0.521209 -0.02893 
738.049 5.58575e+17 0.520219 -0.02879 
743.16 5.56231e+17 0.519238 -0.0282388 
748.272 5.53906e+17 0.518267 -0.0272962 
753.385 5.51599e+17 0.517302 -0.0259833 
758.498 5.49311e+17 0.516343 -0.0243214 
763.612 5.4704e+17 0.515388 -0.022331 
768.727 5.44787e+17 0.514435 -0.0200332 
773.843 5.42551e+17 0.513482 -0.017451 
778.959 5.40331e+17 0.512528 -0.0146123 
784.076 5.38128e+17 0.511573 -0.0115522 
789.194 5.35942e+17 0.510615 -0.00831497 
794.313 5.33771e+17 0.509654 -0.00495421 
799.433 5.31616e+17 0.508691 -0.00153207 
804.553 5.29477e+17 0.507726 0.00188352 
809.674 5.27353e+17 0.50676 0.00522271 
814.796 5.25245e+17 0.505795 0.00841829 
819.918 5.23152e+17 0.504832 0.0114102 
825.042 5.21075e+17 0.503873 0.0141494 
830.166 5.19014e+17 0.502918 0.0165997 
835.291 5.16968e+17 0.501971 0.018739 
840.416 5.14937e+17 0.501032 0.020557 
845.543 5.12921e+17 0.500101 0.0220532 
850.67 5.1092e+17 0.499181 0.0232325 
855.798 5.08935e+17 0.498272 0.0241012 
860.927 5.06964e+17 0.497372 0.0246633 
866.056 5.05007e+17 0.496483 0.0249185 
871.186 5.03065e+17 0.495603 0.024861 
876.317 5.01137e+17 0.49473 0.0244809 
881.449 4.99222e+17 0.493865 0.0237662 
886.582 4.97321e+17 0.493005 0.0227074 
891.715 4.95433e+17 0.492149 0.0213007 
896.849 4.93558e+17 0.491294 0.0195521 
901.984 4.91696e+17 0.49044 0.0174798 
907.12 4.89846e+17 0.489585 0.0151156 
912.256 4.88008e+17 0.488729 0.0125039 
917.394 4.86182e+17 0.48787 0.00969939 
922.532 4.84368e+17 0.487008 0.00676341 
927.67 4.82565e+17 0.486143 0.00375965 
932.81 4.80775e+17 0.485277 0.000749683 
937.95 4.78996e+17 0.484408 -0.00221059 
943.091 4.77228e+17 0.48354 -0.00507345 
948.233 4.75472e+17 0.482672 -0.00780033 
953.376 4.73728e+17 0.481807 -0.0103612 
958.519 4.71995e+17 0.480945 -0.0127329 
963.663 4.70275e+17 0.480089 -0.0148965 
968.808 4.68565e+17 0.479239 -0.0168345 
973.954 4.66867e+17 0.478397 -0.0185287 
979.1 4.65181e+17 0.477564 -0.0199592 
984.247 4.63506e+17 0.47674 -0.0211036 
989.395 4.61843e+17 0.475925 -0.0219389 
994.544 4.6019e+17 0.475118 -0.0224438 
999.694 4.58549e+17 0.474321 -0.022601 
1004.84 4.56918e+17 0.473531 -0.0224008 
1010 4.55298e+17 0.472747 -0.0218436 
1015.15 4.53689e+17 0.471968 -0.0209407 
1020.3 4.52089e+17 0.471193 -0.019715 
1025.45 4.50499e+17 0.47042 -0.0181993 
1030.61 4.48919e+17 0.469647 -0.0164336 
1035.76 4.47349e+17 0.468874 -0.0144617 
1040.92 4.45787e+17 0.468099 -0.0123274 
1046.07 4.44235e+17 0.467322 -0.0100713 
1051.23 4.42692e+17 0.466543 -0.00772776 
1056.39 4.41159e+17 0.46576 -0.00532441 
1061.55 4.39634e+17 0.464975 -0.00288223 
1066.71 4.38118e+17 0.464188 -0.000417555 
1071.87 4.36611e+17 0.463401 0.00205508 
1077.03 4.35113e+17 0.462613 0.0045194 
1082.19 4.33624e+17 0.461827 0.00695416 
1087.35 4.32144e+17 0.461043 0.00933059 
1092.52 4.30673e+17 0.460264 0.0116113 
1097.68 4.29211e+17 0.45949 0.013751 
1102.85 4.27758e+17 0.458722 0.0156983 
1108.01 4.26314e+17 0.457962 0.0173998 
1113.18 4.2488e+17 0.45721 0.018805 
1118.35 4.23454e+17 0.456466 0.0198703 
1123.51 4.22037e+17 0.45573 0.0205645 
1128.68 4.20629e+17 0.455002 0.0208715 
1133.85 4.19229e+17 0.454281 0.0207919 
1139.02 4.17838e+17 0.453565 0.0203429 
1144.2 4.16455e+17 0.452855 0.0195558 
1149.37 4.1508e+17 0.452148 0.0184723 
1154.54 4.13712e+17 0.451443 0.0171394 
1159.71 4.12353e+17 0.450739 0.0156048 
1164.89 4.11001e+17 0.450034 0.0139115 
1170.06 4.09656e+17 0.449329 0.0120952 
1175.24 4.08318e+17 0.448621 0.010182 
1180.42 4.06988e+17 0.44791 0.00818834 
1185.59 4.05665e+17 0.447197 0.00612344 
1190.77 4.04349e+17 0.446482 0.00399207 
1195.95 4.0304e+17 0.445764 0.00179886 
1201.13 4.01738e+17 0.445045 -0.000447509 
1206.31 4.00443e+17 0.444325 -0.00273074 
1211.49 3.99155e+17 0.443606 -0.00502456 
1216.67 3.97875e+17 0.442889 -0.00729208 
1221.86 3.96602e+17 0.442176 -0.00948689 
1227.04 3.95336e+17 0.441467 -0.0115559 
1232.22 3.94077e+17 0.440763 -0.0134436 
1237.41 3.92826e+17 0.440066 -0.0150967 
1242.6 3.91581e+17 0.439376 -0.0164688 
1247.78 3.90345e+17 0.438692 -0.0175251 
1252.97 3.89115e+17 0.438017 -0.0182445 
1258.16 3.87892e+17 0.437348 -0.0186212 
1263.35 3.86676e+17 0.436685 -0.0186641 
1268.54 3.85467e+17 0.436029 -0.0183942 
1273.73 3.84265e+17 0.435376 -0.0178414 
1278.92 3.83069e+17 0.434727 -0.0170402 
1284.11 3.81879e+17 0.434081 -0.0160253 
1289.3 3.80696e+17 0.433435 -0.014828 
1294.5 3.79519e+17 0.432789 -0.0134738 
1299.69 3.78347e+17 0.432142 -0.0119812 
1304.89 3.77182e+17 0.431493 -0.010362 
1310.08 3.76022e+17 0.430842 -0.00862359 
1315.28 3.74868e+17 0.430188 -0.00677143 
1320.48 3.7372e+17 0.429531 -0.0048127 
1325.68 3.72577e+17 0.428873 -0.00275952 
1330.88 3.7144e+17 0.428213 -0.000631608 
1336.08 3.70309e+17 0.427552 0.00154226 
1341.28 3.69184e+17 0.426891 0.00372423 
1346.48 3.68065e+17 0.426232 0.00586884 
1351.68 3.66951e+17 0.425576 0.00792581 
1356.88 3.65843e+17 0.424923 0.00984378 
1362.09 3.64742e+17 0.424274 0.0115745 
1367.29 3.63646e+17 0.423632 0.0130766 
1372.5 3.62556e+17 0.422995 0.0143193 
1377.7 3.61472e+17 0.422365 0.0152837 
1382.91 3.60394e+17 0.421741 0.0159642 
1388.12 3.59322e+17 0.421124 0.0163667 
1393.33 3.58256e+17 0.420513 0.0165067 
1398.54 3.57195e+17 0.419907 0.016406 
1403.75 3.56139e+17 0.419305 0.0160886 
1408.96 3.55089e+17 0.418706 0.0155775 
1414.17 3.54045e+17 0.418109 0.0148913 
1419.38 3.53005e+17 0.417514 0.0140425 
1424.6 3.5197e+17 0.416918 0.013037 
1429.81 3.5094e+17 0.416322 0.0118754 
1435.02 3.49915e+17 0.415724 0.010555 
1440.24 3.48895e+17 0.415124 0.00907278 
1445.46 3.47879e+17 0.414521 0.00742973 
1450.67 3.46868e+17 0.413916 0.00563358 
1455.89 3.45862e+17 0.413308 0.00370173 
1461.11 3.4486e+17 0.412699 0.0016626 
1466.33 3.43864e+17 0.412089 -0.000444396 
1471.55 3.42872e+17 0.41148 -0.00257061 
1476.77 3.41884e+17 0.410871 -0.00466113 
1481.99 3.40902e+17 0.410264 -0.00665888 
1487.22 3.39924e+17 0.40966 -0.00850926 
1492.44 3.38952e+17 0.40906 -0.0101645 
1497.66 3.37984e+17 0.408466 -0.0115876 
1502.89 3.37021e+17 0.407876 -0.0127546 
1508.11 3.36064e+17 0.407292 -0.0136557 
1513.34 3.35111e+17 0.406715 -0.0142948 
1518.57 3.34163e+17 0.406143 -0.0146868 
1523.8 3.3322e+17 0.405576 -0.0148543 
1529.03 3.32281e+17 0.405014 -0.0148237 
1534.26 3.31347e+17 0.404456 -0.0146205 
1539.49 3.30418e+17 0.403902 -0.0142658 
1544.72 3.29493e+17 0.403349 -0.0137733 
1549.95 3.28572e+17 0.402797 -0.0131481 
1555.18 3.27655e+17 0.402246 -0.0123872 
1560.42 3.26743e+17 0.401693 -0.0114809 
1565.65 3.25834e+17 0.401139 -0.0104163 
1570.89 3.24929e+17 0.400583 -0.00918111 
1576.12 3.24028e+17 0.400025 -0.0077678 
1581.36 3.23132e+17 0.399465 -0.00617756 
1586.6 3.22238e+17 0.398902 -0.00442313 
1591.83 3.21349e+17 0.398338 -0.00253026 
1597.07 3.20464e+17 0.397772 -0.000537563 
1602.31 3.19583e+17 0.397207 0.00150525 
1607.55 3.18706e+17 0.396642 0.00354075 
1612.8 3.17832e+17 0.396079 0.00550815 
1618.04 3.16963e+17 0.395519 0.00734821 
1623.28 3.16099e+17 0.394962 0.00900816 
1628.52 3.15238e+17 0.39441 0.0104458 
1633.77 3.14381e+17 0.393862 0.0116325 
1639.02 3.13529e+17 0.393319 0.0125545 
1644.26 3.12681e+17 0.392782 0.013213 
1649.51 3.11837e+17 0.39225 0.0136216 
1654.76 3.10997e+17 0.391723 0.0138034 
1660 3.1016e+17 0.391201 0.0137871 
1665.25 3.09328e+17 0.390682 0.0136019 
1670.5 3.085e+17 0.390166 0.0132737 
1675.76 3.07675e+17 0.389652 0.0128218 
1681.01 3.06854e+17 0.389139 0.0122566 
1686.26 3.06036e+17 0.388626 0.0115793 
1691.51 3.05222e+17 0.388112 0.0107831 
1696.77 3.04411e+17 0.387597 0.00985544 
1702.02 3.03603e+17 0.38708 0.00878187 
1707.28 3.02799e+17 0.38656 0.00755008 
1712.53 3.01998e+17 0.386039 0.00615405 
1717.79 3.012e+17 0.385516 0.00459761 
1723.05 3.00405e+17 0.384991 0.00289679 
1728.31 2.99614e+17 0.384465 0.00108079 
1733.57 2.98826e+17 0.383939 -0.000808816 
1738.83 2.98041e+17 0.383413 -0.00272041 
1744.09 2.9726e+17 0.382889 -0.00459601 
1749.35 2.96483e+17 0.382367 -0.00637594 
1754.61 2.95709e+17 0.381848 -0.00800375 
1759.88 2.94938e+17 0.381333 -0.00943098 
1765.14 2.94171e+17 0.380823 -0.010621 
1770.41 2.93408e+17 0.380317 -0.0115518 
1775.67 2.92648e+17 0.379817 -0.0122168 
1780.94 2.91892e+17 0.37932 -0.0126239 
1786.21 2.91139e+17 0.378829 -0.0127937 
1791.48 2.9039e+17 0.378341 -0.0127556 
1796.74 2.89643e+17 0.377857 -0.0125433 
1802.01 2.889e+17 0.377375 -0.0121902 
1807.29 2.88161e+17 0.376895 -0.0117254 
1812.56 2.87424e+17 0.376416 -0.01117 
1817.83 2.8669e+17 0.375937 -0.0105354 
1823.1 2.85959e+17 0.375458 -0.00982286 
1828.38 2.85231e+17 0.374977 -0.00902455 
1833.65 2.84506e+17 0.374494 -0.00812651 
1838.93 2.83783e+17 0.374009 -0.00711222 
1844.2 2.83063e+17 0.373522 -0.00596687 
1849.48 2.82346e+17 0.373034 -0.00468159 
1854.76 2.81632e+17 0.372544 -0.00325704 
1860.04 2.80921e+17 0.372053 -0.00170586 
1865.31 2.80212e+17 0.371561 -5.36259e-05 
1870.59 2.79507e+17 0.371071 0.00166187 
1875.88 2.78804e+17 0.370581 0.00339286 
1881.16 2.78105e+17 0.370094 0.00508526 
1886.44 2.77408e+17 0.369609 0.00668317 
1891.72 2.76714e+17 0.369128 0.0081337 
1897.01 2.76024e+17 0.368651 0.0093916 
1902.29 2.75337e+17 0.368179 0.010423 
1907.58 2.74652e+17 0.36771 0.011208 
1912.86 2.73971e+17 0.367246 0.0117415 
1918.15 2.73292e+17 0.366787 0.0120323 
1923.44 2.72617e+17 0.36633 0.0121012 
1928.73 2.71944e+17 0.365877 0.011977 
1934.02 2.71274e+17 0.365426 0.0116927 
1939.31 2.70607e+17 0.364977 0.0112803 
1944.6 2.69943e+17 0.364528 0.0107675 
1949.89 2.69281e+17 0.364079 0.0101739 
1955.19 2.68621e+17 0.36363 0.0095092 
1960.48 2.67964e+17 0.363179 0.00877323 
1965.77 2.67309e+17 0.362727 0.00795684 
1971.07 2.66657e+17 0.362273 0.00704475 
1976.36 2.66007e+17 0.361817 0.0060193 
1981.66 2.65359e+17 0.361359 0.00486475 
1986.96 2.64714e+17 0.3609 0.00357157 
1992.26 2.64071e+17 0.36044 0.00214019 
1997.56 2.63431e+17 0.35998 0.000583615 
2002.86 2.62793e+17 0.359521 -0.00107142 
2008.16 2.62158e+17 0.359062 -0.00278493 
2013.46 2.61525e+17 0.358606 -0.00450586 
2018.76 2.60895e+17 0.358152 -0.00617566 
2024.06 2.60268e+17 0.357702 -0.00773298 
2029.37 2.59643e+17 0.357255 -0.0091188 
2034.67 2.59021e+17 0.356812 -0.0102816 
2039.98 2.58402e+17 0.356373 -0.0111819 
2045.29 2.57785e+17 0.355938 -0.0117954 
2050.59 2.57171e+17 0.355507 -0.012115 
2055.9 2.56559e+17 0.355079 -0.0121506 
2061.21 2.5595e+17 0.354654 -0.0119274 
2066.52 2.55343e+17 0.35423 -0.0114828 
2071.83 2.54738e+17 0.353808 -0.0108618 
2077.14 2.54136e+17 0.353387 -0.0101118 
2082.45 2.53536e+17 0.352965 -0.00927779 
2087.77 2.52938e+17 0.352543 -0.00839751 
2093.08 2.52342e+17 0.35212 -0.00749808 
2098.39 2.51748e+17 0.351695 -0.00659397 
2103.71 2.51156e+17 0.351268 -0.00568675 
2109.02 2.50567e+17 0.350839 -0.00476649 
2114.34 2.49979e+17 0.350409 -0.00381485 
2119.66 2.49393e+17 0.349978 -0.00280918 
2124.98 2.4881e+17 0.349546 -0.0017274 
2130.3 2.48229e+17 0.349114 -0.000552851 
2135.62 2.4765e+17 0.348683 0.000721325 
2140.94 2.47073e+17 0.348253 0.002089 
2146.26 2.46498e+17 0.347824 0.0035294 
2151.58 2.45926e+17 0.347399 0.00500715 
2156.9 2.45356e+17 0.346976 0.00647428 
2162.23 2.44788e+17 0.346556 0.00787374 
2167.55 2.44223e+17 0.34614 0.00914433 
2172.88 2.4366e+17 0.345728 0.0102262 
2178.2 2.43099e+17 0.345319 0.0110667 
2183.53 2.4254e+17 0.344914 0.0116254 
2188.86 2.41984e+17 0.344512 0.0118782 
2194.19 2.4143e+17 0.344111 0.0118199 
2199.52 2.40877e+17 0.343713 0.0114645 
2204.85 2.40327e+17 0.343316 0.0108437 
2210.18 2.39779e+17 0.342919 0.0100042 
2215.51 2.39233e+17 0.342522 0.00900218 
2220.84 2.38688e+17 0.342124 0.00789803 
2226.18 2.38146e+17 0.341725 0.00675029 
2231.51 2.37605e+17 0.341324 0.00560994 
2236.85 2.37066e+17 0.340922 0.0045158 
2242.18 2.36528e+17 0.340518 0.00349144 
2247.52 2.35993e+17 0.340113 0.00254393 
2252.86 2.35459e+17 0.339707 0.0016646 
2258.19 2.34928e+17 0.339301 0.000831769 
2263.53 2.34398e+17 0.338894 1.49538e-05 
2268.87 2.3387e+17 0.338488 -0.000819767 
2274.21 2.33344e+17 0.338083 -0.00170399 
2279.56 2.3282e+17 0.33768 -0.00266146 
2284.9 2.32298e+17 0.33728 -0.00370339 
2290.24 2.31778e+17 0.336882 -0.00482536 
2295.59 2.3126e+17 0.336487 -0.00600589 
2300.93 2.30744e+17 0.336096 -0.00720723 
2306.28 2.3023e+17 0.335708 -0.00837799 
2311.62 2.29718e+17 0.335323 -0.00945755 
2316.97 2.29208e+17 0.334942 -0.0103817 
2322.32 2.287e+17 0.334562 -0.0110889 
2327.67 2.28194e+17 0.334185 -0.0115265 
2333.02 2.2769e+17 0.333809 -0.011656 
2338.37 2.27187e+17 0.333434 -0.0114578 
2343.72 2.26686e+17 0.333059 -0.0109328 
2349.07 2.26187e+17 0.332684 -0.0101031 
2354.42 2.25689e+17 0.332309 -0.00901033 
2359.77 2.25193e+17 0.331932 -0.00771155 
2365.13 2.24699e+17 0.331553 -0.00627447 
2370.48 2.24206e+17 0.331174 -0.00477109 
2375.84 2.23714e+17 0.330792 -0.00327134 
2381.2 2.23225e+17 0.33041 -0.00183692 
2386.55 2.22737e+17 0.330027 -0.000516331 
2391.91 2.2225e+17 0.329643 0.000658719 
2397.27 2.21765e+17 0.329259 0.00167495 
2402.63 2.21282e+17 0.328877 0.00253715 
2407.99 2.20801e+17 0.328495 0.00326586 
2413.35 2.20321e+17 0.328115 0.00389338 
2418.72 2.19843e+17 0.327737 0.00445858 
2424.08 2.19367e+17 0.327362 0.00500107 
2429.44 2.18893e+17 0.32699 0.00555538 
2434.81 2.18421e+17 0.326622 0.00614588 
2440.17 2.1795e+17 0.326256 0.00678282 
2445.54 2.17481e+17 0.325893 0.00746013 
2450.91 2.17014e+17 0.325532 0.00815509 
2456.28 2.16548e+17 0.325174 0.00883 
2461.64 2.16084e+17 0.324818 0.00943562 
2467.01 2.15622e+17 0.324463 0.00991607 
2472.38 2.15161e+17 0.324108 0.0102147 
2477.76 2.14702e+17 0.323753 0.0102801 
2483.13 2.14244e+17 0.323399 0.0100721 
2488.5 2.13788e+17 0.323043 0.00956648 
2493.87 2.13333e+17 0.322686 0.00875841 
2499.25 2.12879e+17 0.322328 0.00766392 
2504.62 2.12427e+17 0.321968 0.00631942 
2510 2.11976e+17 0.321607 0.00477915 
2515.38 2.11527e+17 0.321246 0.00311096 
2520.76 2.11079e+17 0.320883 0.00139064 
2526.13 2.10632e+17 0.32052 -0.00030444 
2531.51 2.10187e+17 0.320158 -0.00190183 
2536.89 2.09744e+17 0.319796 -0.00334002 
2542.27 2.09302e+17 0.319435 -0.00457326 
2547.66 2.08861e+17 0.319076 -0.00557478 
2553.04 2.08422e+17 0.31872 -0.00633802 
2558.42 2.07985e+17 0.318366 -0.00687588 
2563.81 2.0755e+17 0.318014 -0.00721791 
2569.19 2.07115e+17 0.317666 -0.00740591 
2574.58 2.06683e+17 0.31732 -0.00748829 
2579.96 2.06252e+17 0.316977 -0.00751397 
2585.35 2.05823e+17 0.316637 -0.00752621 
2590.74 2.05395e+17 0.316298 -0.00755737 
2596.13 2.04968e+17 0.31596 -0.00762485 
2601.52 2.04543e+17 0.315624 -0.00772886 
2606.91 2.04119e+17 0.315288 -0.00785225 
2612.3 2.03697e+17 0.314952 -0.00796225 
2617.69 2.03276e+17 0.314616 -0.00801419 
2623.08 2.02856e+17 0.314278 -0.00795665 
2628.48 2.02437e+17 0.31394 -0.00773753 
2633.87 2.0202e+17 0.3136 -0.00731043 
2639.27 2.01603e+17 0.313259 -0.00664062 
2644.66 2.01188e+17 0.312916 -0.00570998 
2650.06 2.00775e+17 0.312573 -0.0045204 
2655.46 2.00362e+17 0.31223 -0.00309513 
2660.86 1.99951e+17 0.311886 -0.00147819 
2666.26 1.99541e+17 0.311542 0.00026852 
2671.66 1.99133e+17 0.3112 0.00206973 
2677.06 1.98726e+17 0.310858 0.0038428 
2682.46 1.9832e+17 0.310519 0.0055045 
2687.86 1.97916e+17 0.310182 0.00697785 
2693.27 1.97513e+17 0.309847 0.00819844 
2698.67 1.97112e+17 0.309514 0.00911964 
2704.08 1.96711e+17 0.309185 0.00971601 
2709.48 1.96313e+17 0.308858 0.0099848 
2714.89 1.95916e+17 0.308533 0.00994532 
2720.3 1.9552e+17 0.308211 0.00963623 
2725.71 1.95125e+17 0.30789 0.0091111 
2731.12 1.94732e+17 0.30757 0.00843275 
2736.53 1.9434e+17 0.307251 0.00766673 
2741.94 1.93949e+17 0.306932 0.00687495 
2747.35 1.93559e+17 0.306613 0.00610973 
2752.76 1.93171e+17 0.306293 0.00540915 
2758.17 1.92783e+17 0.305973 0.00479389 
2763.59 1.92397e+17 0.305651 0.00426615 
2769 1.92012e+17 0.305328 0.00381042 
2774.42 1.91628e+17 0.305003 0.00339624 
2779.83 1.91244e+17 0.304678 0.00298253 
2785.25 1.90863e+17 0.304352 0.00252302 
2790.67 1.90482e+17 0.304025 0.00197236 
2796.09 1.90102e+17 0.303699 0.00129204 
2801.51 1.89724e+17 0.303373 0.000455769 
2806.93 1.89346e+17 0.303048 -0.000546428 
2812.35 1.8897e+17 0.302724 -0.0017057 
2817.77 1.88596e+17 0.302403 -0.00299382 
2823.2 1.88222e+17 0.302083 -0.00436453 
2828.62 1.8785e+17 0.301766 -0.00575684 
2834.05 1.87479e+17 0.301451 -0.00709982 
2839.47 1.87109e+17 0.301139 -0.00831851 
2844.9 1.86741e+17 0.300829 -0.00934042 
2850.32 1.86374e+17 0.300522 -0.0101019 
2855.75 1.86008e+17 0.300216 -0.0105539 
2861.18 1.85643e+17 0.299911 -0.0106664 
2866.61 1.8528e+17 0.299608 -0.0104313 
2872.04 1.84917e+17 0.299305 -0.00986305 
2877.47 1.84556e+17 0.299002 -0.00899786 
2882.9 1.84195e+17 0.298698 -0.00789029 
2888.34 1.83836e+17 0.298394 -0.00660861 
2893.77 1.83477e+17 0.298089 -0.00522887 
2899.2 1.8312e+17 0.297782 -0.00382829 
2904.64 1.82763e+17 0.297474 -0.00247864 
2910.08 1.82408e+17 0.297165 -0.00124035 
2915.51 1.82053e+17 0.296855 -0.000157659 
2920.95 1.817e+17 0.296545 0.000744535 
2926.39 1.81347e+17 0.296234 0.00146185 
2931.83 1.80996e+17 0.295923 0.00200961 
2937.27 1.80645e+17 0.295613 0.00242007 
2942.71 1.80296e+17 0.295305 0.00273793 
2948.15 1.79948e+17 0.294998 0.00301468 
2953.59 1.79601e+17 0.294692 0.00330228 
2959.04 1.79255e+17 0.294389 0.0036468 
2964.48 1.7891e+17 0.294089 0.0040827 
2969.93 1.78566e+17 0.29379 0.00462831 
2975.37 1.78224e+17 0.293494 0.00528301 
2980.82 1.77883e+17 0.293201 0.00602635 
2986.27 1.77543e+17 0.292909 0.00681923 
2991.72 1.77203e+17 0.292619 0.00760714 
2997.16 1.76865e+17 0.292329 0.00832501 
3002.61 1.76528e+17 0.292041 0.00890331 
3008.07 1.76192e+17 0.291753 0.0092748 
3013.52 1.75857e+17 0.291464 0.00938126 
3018.97 1.75523e+17 0.291175 0.00917948 
3024.42 1.7519e+17 0.290884 0.00864609 
3029.88 1.74857e+17 0.290593 0.00778054 
3035.33 1.74526e+17 0.2903 0.00660607 
3040.79 1.74195e+17 0.290006 0.0051685 
3046.24 1.73865e+17 0.289711 0.00353299 
3051.7 1.73536e+17 0.289415 0.00177898 
3057.16 1.73208e+17 0.289119 -6.12504e-06 
3062.62 1.72881e+17 0.288822 -0.00173401 
3068.08 1.72554e+17 0.288527 -0.00332254 
3073.54 1.72229e+17 0.288232 -0.00470221 
3079 1.71905e+17 0.287938 -0.00582148 
3084.46 1.71582e+17 0.287646 -0.00665031 
3089.93 1.7126e+17 0.287356 -0.00718175 
3095.39 1.70939e+17 0.287069 -0.00743143 
3100.85 1.70619e+17 0.286783 -0.00743491 
3106.32 1.703e+17 0.286501 -0.00724336 
3111.79 1.69982e+17 0.28622 -0.00691786 
3117.25 1.69665e+17 0.285941 -0.00652288 
3122.72 1.69349e+17 0.285664 -0.00611967 
3128.19 1.69034e+17 0.285389 -0.00576013 
3133.66 1.6872e+17 0.285114 -0.0054817 
3139.13 1.68407e+17 0.284839 -0.00530385 
3144.6 1.68095e+17 0.284564 -0.00522638 
3150.07 1.67783e+17 0.284288 -0.00522975 
3155.55 1.67473e+17 0.284012 -0.0052774 
3161.02 1.67163e+17 0.283734 -0.00531972 
3166.49 1.66854e+17 0.283455 -0.00529947 
3171.97 1.66545e+17 0.283175 -0.00515792 
3177.45 1.66238e+17 0.282893 -0.00484134 
3182.92 1.65931e+17 0.282611 -0.00430701 
3188.4 1.65625e+17 0.282328 -0.00352841 
3193.88 1.6532e+17 0.282045 -0.00249888 
3199.36 1.65015e+17 0.281762 -0.00123362 
3204.84 1.64712e+17 0.28148 0.000230423 
3210.32 1.64409e+17 0.281199 0.00183646 
3215.8 1.64108e+17 0.280919 0.00351178 
3221.28 1.63807e+17 0.280642 0.00517299 
3226.77 1.63508e+17 0.280367 0.00673239 
3232.25 1.63209e+17 0.280094 0.00810484 
3237.74 1.62911e+17 0.279823 0.00921443 
3243.22 1.62614e+17 0.279555 0.0100005 
3248.71 1.62319e+17 0.279289 0.0104227 
3254.2 1.62024e+17 0.279024 0.0104636 
3259.69 1.6173e+17 0.278761 0.0101306 
3265.18 1.61437e+17 0.278499 0.00945482 
3270.67 1.61144e+17 0.278237 0.0084886 
3276.16 1.60853e+17 0.277974 0.00730085 
3281.65 1.60562e+17 0.277711 0.00597146 
3287.14 1.60272e+17 0.277448 0.00458465 
3292.64 1.59983e+17 0.277182 0.00322216 
3298.13 1.59694e+17 0.276916 0.00195666 
3303.62 1.59406e+17 0.276648 0.000846189 
3309.12 1.59119e+17 0.276379 -7.01201e-05 
3314.62 1.58832e+17 0.276109 -0.000774528 
3320.11 1.58546e+17 0.275838 -0.00127122 
3325.61 1.58261e+17 0.275567 -0.00158486 
3331.11 1.57976e+17 0.275296 -0.00175727 
3336.61 1.57693e+17 0.275026 -0.00184257 
3342.11 1.5741e+17 0.274757 -0.00190127 
3347.62 1.57128e+17 0.274489 -0.00199373 
3353.12 1.56847e+17 0.274224 -0.00217373 
3358.62 1.56567e+17 0.27396 -0.00248264 
3364.13 1.56287e+17 0.273699 -0.00294478 
3369.63 1.56009e+17 0.273441 -0.00356438 
3375.14 1.55732e+17 0.273184 -0.00432447 
3380.64 1.55455e+17 0.27293 -0.00518772 
3386.15 1.55179e+17 0.272677 -0.0060993 
3391.66 1.54904e+17 0.272426 -0.00699138 
3397.17 1.5463e+17 0.272175 -0.007789 
3402.68 1.54357e+17 0.271924 -0.0084167 
3408.19 1.54084e+17 0.271674 -0.00880535 
3413.7 1.53812e+17 0.271423 -0.00889856 
3419.21 1.53541e+17 0.27117 -0.00865812 
3424.73 1.5327e+17 0.270917 -0.00806795 
3430.24 1.53e+17 0.270662 -0.00713618 
3435.75 1.5273e+17 0.270405 -0.0058952 
3441.27 1.52461e+17 0.270147 -0.00439966 
3446.79 1.52193e+17 0.269889 -0.00272257 
3452.3 1.51925e+17 0.269629 -0.000949832 
3457.82 1.51658e+17 0.269369 0.000826321 
3463.34 1.51392e+17 0.269109 0.00251441 
3468.86 1.51126e+17 0.26885 0.00403069 
3474.38 1.50861e+17 0.268592 0.00530549 
3479.9 1.50597e+17 0.268336 0.0062883 
3485.43 1.50334e+17 0.268082 0.00695118 
3490.95 1.50072e+17 0.267829 0.00729033 
3496.47 1.4981e+17 0.26758 0.00732548 
3502 1.49549e+17 0.267332 0.00709738 
3507.52 1.49289e+17 0.267087 0.00666359 
3513.05 1.4903e+17 0.266844 0.00609275 
3518.58 1.48772e+17 0.266602 0.00545821 
3524.11 1.48515e+17 0.266362 0.00483116 
3529.64 1.48258e+17 0.266122 0.00427423 
3535.17 1.48002e+17 0.265883 0.00383591 
3540.7 1.47746e+17 0.265643 0.00354627 
3546.23 1.47491e+17 0.265402 0.0034145 
3551.76 1.47237e+17 0.26516 0.00342827 
3557.29 1.46983e+17 0.264917 0.00355519 
3562.83 1.4673e+17 0.264673 0.003746 
3568.36 1.46477e+17 0.264427 0.00393944 
3573.9 1.46225e+17 0.264179 0.00406817 
3579.43 1.45973e+17 0.263931 0.0040654 
3584.97 1.45722e+17 0.263681 0.00387155 
3590.51 1.45472e+17 0.263432 0.00344037 
3596.05 1.45222e+17 0.263182 0.00274403 
3601.59 1.44973e+17 0.262934 0.00177667 
3607.13 1.44724e+17 0.262686 0.000556166 
3612.67 1.44476e+17 0.262441 -0.000876218 
3618.21 1.4423e+17 0.262197 -0.00245807 
3623.76 1.43983e+17 0.261956 -0.00411003 
3629.3 1.43738e+17 0.261717 -0.00574146 
3634.84 1.43494e+17 0.26148 -0.0072572 
3640.39 1.4325e+17 0.261246 -0.00856486 
3645.94 1.43007e+17 0.261013 -0.00958211 
3651.48 1.42764e+17 0.260782 -0.0102431 
3657.03 1.42523e+17 0.260552 -0.010504 
3662.58 1.42282e+17 0.260323 -0.0103465 
3668.13 1.42042e+17 0.260093 -0.00977952 
3673.68 1.41802e+17 0.259863 -0.00883867 
3679.23 1.41563e+17 0.259633 -0.00758379 
3684.78 1.41324e+17 0.2594 -0.00609424 
3690.34 1.41085e+17 0.259167 -0.00446279 
3695.89 1.40848e+17 0.258931 -0.00278844 
3701.45 1.4061e+17 0.258695 -0.00116871 
3707 1.40373e+17 0.258457 0.000307917 
3712.56 1.40137e+17 0.258217 0.00156872 
3718.12 1.39901e+17 0.257978 0.00256216 
3723.67 1.39666e+17 0.257738 0.00326142 
3729.23 1.39431e+17 0.257498 0.00366591 
3734.79 1.39197e+17 0.25726 0.00380042 
3740.35 1.38963e+17 0.257023 0.00371214 
3745.91 1.38731e+17 0.256787 0.00346577 
3751.48 1.38499e+17 0.256554 0.00313708 
3757.04 1.38267e+17 0.256323 0.00280556 
3762.6 1.38037e+17 0.256095 0.00254669 
3768.17 1.37807e+17 0.255869 0.00242473 
3773.73 1.37578e+17 0.255644 0.00248632 
3779.3 1.3735e+17 0.255422 0.00275588 
3784.87 1.37122e+17 0.255201 0.00323282 
3790.44 1.36895e+17 0.254981 0.00389115 
3796.01 1.36669e+17 0.254761 0.00468131 
3801.58 1.36443e+17 0.25454 0.00553422 
3807.15 1.36217e+17 0.254319 0.00636715 
3812.72 1.35992e+17 0.254097 0.00709091 
3818.29 1.35768e+17 0.253874 0.00761776 
3823.86 1.35544e+17 0.253648 0.00786932 
3829.44 1.3532e+17 0.253422 0.00778391 
3835.01 1.35097e+17 0.253193 0.00732247 
3840.59 1.34874e+17 0.252964 0.00647278 
3846.16 1.34651e+17 0.252734 0.00525137 
3851.74 1.34429e+17 0.252503 0.00370322 
3857.32 1.34208e+17 0.252272 0.00189893 
3862.9 1.33987e+17 0.252042 -7.00923e-05 
3868.48 1.33767e+17 0.251813 -0.00209826 
3874.06 1.33547e+17 0.251586 -0.00407362 
3879.64 1.33328e+17 0.251361 -0.00588614 
3885.22 1.3311e+17 0.251138 -0.007436 
3890.81 1.32893e+17 0.250917 -0.00864089 
3896.39 1.32676e+17 0.250698 -0.00944211 
3901.97 1.3246e+17 0.250482 -0.00980861 
3907.56 1.32244e+17 0.250268 -0.00973896 
3913.15 1.3203e+17 0.250055 -0.00926093 
3918.73 1.31815e+17 0.249843 -0.00842879 
3924.32 1.31602e+17 0.249632 -0.00731861 
3929.91 1.31389e+17 0.24942 -0.0060219 
3935.5 1.31176e+17 0.249208 -0.00463813 
3941.09 1.30964e+17 0.248995 -0.00326682 
3946.68 1.30752e+17 0.248781 -0.00199972 
3952.28 1.3054e+17 0.248565 -0.000913807 
3957.87 1.30329e+17 0.248348 -6.55355e-05 
3963.46 1.30118e+17 0.248129 0.000513043 
3969.06 1.29908e+17 0.247908 0.000816179 
3974.65 1.29698e+17 0.247687 0.000864122 
3980.25 1.29488e+17 0.247465 0.000700669 
3985.85 1.29279e+17 0.247243 0.000388814 
3991.45 1.2907e+17 0.247021 4.83556e-06 
3997.05 1.28862e+17 0.2468 -0.000368671 
4002.65 1.28655e+17 0.24658 -0.000650262 
4008.25 1.28448e+17 0.246363 -0.000767 
4013.85 1.28242e+17 0.246147 -0.000661114 
4019.45 1.28036e+17 0.245934 -0.000295419 
4025.05 1.27832e+17 0.245723 0.000342934 
4030.66 1.27627e+17 0.245514 0.0012407 
4036.26 1.27424e+17 0.245307 0.00235887 
4041.87 1.27221e+17 0.245102 0.00363521 
4047.48 1.27019e+17 0.244898 0.00498861 
4053.08 1.26817e+17 0.244695 0.00632515 
4058.69 1.26615e+17 0.244492 0.00754525 
4064.3 1.26414e+17 0.244288 0.0085514 
4069.91 1.26214e+17 0.244083 0.00925594 
4075.52 1.26014e+17 0.243878 0.00958815 
4081.13 1.25814e+17 0.24367 0.00950022 
4086.75 1.25614e+17 0.243461 0.00897147 
4092.36 1.25415e+17 0.243251 0.00801068 
4097.97 1.25216e+17 0.243039 0.00665607 
4103.59 1.25017e+17 0.242826 0.00497314 
4109.2 1.24819e+17 0.242612 0.00305037 
4114.82 1.24621e+17 0.242398 0.000993104 
4120.44 1.24424e+17 0.242184 -0.00108384 
4126.06 1.24227e+17 0.241971 -0.00306437 
4131.68 1.24031e+17 0.241759 -0.00483943 
4137.3 1.23836e+17 0.241549 -0.00631487 
4142.92 1.23641e+17 0.241341 -0.00741811 
4148.54 1.23446e+17 0.241135 -0.00810323 
4154.16 1.23252e+17 0.240931 -0.00835405 
4159.79 1.23059e+17 0.240729 -0.0081848 
4165.41 1.22867e+17 0.24053 -0.00763864 
4171.04 1.22675e+17 0.240332 -0.00678376 
4176.66 1.22484e+17 0.240135 -0.00570773 
4182.29 1.22293e+17 0.239939 -0.0045103 
4187.92 1.22102e+17 0.239743 -0.00329532 
4193.54 1.21912e+17 0.239547 -0.00216242 
4199.17 1.21722e+17 0.239351 -0.00119913 
4204.8 1.21533e+17 0.239153 -0.000474018 
4210.44 1.21344e+17 0.238953 -3.13931e-05 
4216.07 1.21155e+17 0.238752 0.000111918 
4221.7 1.20966e+17 0.23855 -3.24094e-05 
4227.33 1.20778e+17 0.238346 -0.000425532 
4232.97 1.2059e+17 0.23814 -0.00100499 
4238.6 1.20403e+17 0.237934 -0.00169017 
4244.24 1.20215e+17 0.237728 -0.00238925 
4249.88 1.20029e+17 0.237521 -0.00300709 
4255.51 1.19842e+17 0.237316 -0.0034533 
4261.15 1.19656e+17 0.237111 -0.00365005 
4266.79 1.19471e+17 0.236908 -0.00353883 
4272.43 1.19287e+17 0.236707 -0.00308568 
4278.07 1.19103e+17 0.236508 -0.00228444 
4283.72 1.18919e+17 0.236311 -0.00115788 
4289.36 1.18736e+17 0.236117 0.000243504 
4295 1.18554e+17 0.235924 0.00184492 
4300.65 1.18372e+17 0.235733 0.00355254 
4306.29 1.18191e+17 0.235543 0.0052603 
4311.94 1.1801e+17 0.235354 0.00685774 
4317.59 1.1783e+17 0.235166 0.00823807 
4323.24 1.1765e+17 0.234977 0.00930616 
4328.88 1.1747e+17 0.234787 0.00998555 
4334.53 1.17291e+17 0.234596 0.0102242 
4340.18 1.17111e+17 0.234404 0.00999815 
4345.84 1.16933e+17 0.23421 0.00931376 
4351.49 1.16754e+17 0.234015 0.00820691 
4357.14 1.16575e+17 0.233818 0.00674065 
4362.8 1.16397e+17 0.23362 0.00500066 
4368.45 1.1622e+17 0.233421 0.00308913 
4374.11 1.16042e+17 0.233222 0.00111752 
4379.76 1.15865e+17 0.233023 -0.000801338 
4385.42 1.15689e+17 0.232824 -0.00256112 
4391.08 1.15513e+17 0.232627 -0.00406935 
4396.74 1.15337e+17 0.232431 -0.00525368 
4402.4 1.15162e+17 0.232237 -0.00606659 
4408.06 1.14987e+17 0.232045 -0.00648824 
4413.72 1.14814e+17 0.231855 -0.00652727 
4419.38 1.1464e+17 0.231667 -0.00621946 
4425.04 1.14467e+17 0.231481 -0.00562437 
4430.71 1.14295e+17 0.231297 -0.00482032 
4436.37 1.14123e+17 0.231113 -0.00389788 
4442.04 1.13952e+17 0.230931 -0.0029526 
4447.71 1.13781e+17 0.230749 -0.00207734 
4453.37 1.1361e+17 0.230566 -0.00135487 
4459.04 1.1344e+17 0.230383 -0.000851294 
4464.71 1.1327e+17 0.230199 -0.000610755 
4470.38 1.131e+17 0.230013 -0.000651866 
4476.05 1.1293e+17 0.229826 -0.000966144 
4481.72 1.12761e+17 0.229638 -0.00151857 
4487.4 1.12591e+17 0.229448 -0.00225026 
4493.07 1.12422e+17 0.229257 -0.00308305 
4498.75 1.12254e+17 0.229065 -0.00392568 
4504.42 1.12085e+17 0.228872 -0.00468108 
4510.1 1.11918e+17 0.22868 -0.0052543 
4515.77 1.1175e+17 0.228488 -0.00556036 
4521.45 1.11583e+17 0.228298 -0.00553149 
4527.13 1.11416e+17 0.228108 -0.00512316 
4532.81 1.1125e+17 0.227921 -0.00431851 
4538.49 1.11085e+17 0.227736 -0.00313057 
4544.17 1.1092e+17 0.227552 -0.00160243 
4549.85 1.10755e+17 0.227371 0.000195072 
4555.54 1.10591e+17 0.227192 0.00216772 
4561.22 1.10428e+17 0.227014 0.00420413 
4566.9 1.10265e+17 0.226837 0.00618345 
4572.59 1.10102e+17 0.22666 0.00798386 
4578.28 1.0994e+17 0.226484 0.00949121 
4583.96 1.09778e+17 0.226308 0.0106074 
4589.65 1.09616e+17 0.226131 0.0112573 
4595.34 1.09454e+17 0.225953 0.0113949 
4601.03 1.09293e+17 0.225773 0.0110059 
4606.72 1.09132e+17 0.225592 0.01011 
4612.41 1.08971e+17 0.22541 0.00875858 
4618.1 1.0881e+17 0.225226 0.00703208 
4623.8 1.0865e+17 0.225041 0.00503383 
4629.49 1.0849e+17 0.224856 0.00288298 
4635.19 1.0833e+17 0.22467 0.000706088 
4640.88 1.0817e+17 0.224484 -0.00137164 
4646.58 1.08011e+17 0.224299 -0.00323506 
4652.28 1.07853e+17 0.224115 -0.00478688 
4657.97 1.07694e+17 0.223932 -0.00595414 
4663.67 1.07537e+17 0.223752 -0.00669271 
4669.37 1.0738e+17 0.223573 -0.00698977 
4675.07 1.07223e+17 0.223396 -0.00686387 
4680.78 1.07067e+17 0.223221 -0.00636274 
4686.48 1.06911e+17 0.223048 -0.00555897 
4692.18 1.06756e+17 0.222876 -0.00454396 
4697.89 1.06601e+17 0.222705 -0.00342061 
4703.59 1.06446e+17 0.222535 -0.00229523 
4709.3 1.06292e+17 0.222364 -0.00126942 
4715 1.06138e+17 0.222194 -0.000432394 
4720.71 1.05984e+17 0.222022 0.000145692 
4726.42 1.05831e+17 0.221849 0.000418803 
4732.13 1.05678e+17 0.221675 0.000368295 
4737.84 1.05524e+17 0.2215 4.0709e-06 
4743.55 1.05371e+17 0.221323 -0.000636402 
4749.26 1.05219e+17 0.221145 -0.00149111 
4754.97 1.05066e+17 0.220966 -0.00247834 
4760.69 1.04914e+17 0.220787 -0.00350294 
4766.4 1.04762e+17 0.220607 -0.00446358 
4772.12 1.0461e+17 0.220427 -0.00526049 
4777.83 1.04459e+17 0.220249 -0.00580301 
4783.55 1.04308e+17 0.220071 -0.00601667 
4789.27 1.04158e+17 0.219895 -0.00584895 
4794.99 1.04008e+17 0.219721 -0.00527364 
4800.71 1.03859e+17 0.219548 -0.00429331 
4806.43 1.0371e+17 0.219378 -0.00293978 
4812.15 1.03561e+17 0.219209 -0.00127249 
4817.87 1.03413e+17 0.219042 0.000625019 
4823.59 1.03266e+17 0.218876 0.00265035 
4829.32 1.03118e+17 0.218711 0.00468889 
4835.04 1.02971e+17 0.218546 0.00662134 
4840.77 1.02825e+17 0.218381 0.00833164 
4846.5 1.02678e+17 0.218215 0.00971477 
4852.22 1.02532e+17 0.218049 0.0106839 
4857.95 1.02386e+17 0.217881 0.0111763 
4863.68 1.0224e+17 0.217712 0.0111579 
4869.41 1.02094e+17 0.217542 0.0106255 
4875.14 1.01949e+17 0.21737 0.0096074 
4880.87 1.01803e+17 0.217198 0.00816168 
4886.61 1.01658e+17 0.217024 0.00637233 
4892.34 1.01513e+17 0.21685 0.00434384 
4898.07 1.01369e+17 0.216677 0.00219421 
4903.81 1.01225e+17 0.216503 4.70753e-05 
4909.54 1.01081e+17 0.216331 -0.00197655 
4915.28 1.00937e+17 0.216159 -0.00376639 
4921.02 1.00794e+17 0.21599 -0.00523026 
4926.76 1.00652e+17 0.215822 -0.00630014 
4932.5 1.0051e+17 0.215656 -0.00693649 
4938.24 1.00368e+17 0.215491 -0.00713059 
4943.98 1.00227e+17 0.215329 -0.00690465 
4949.72 1.00086e+17 0.215167 -0.00630969 
4955.46 9.99454e+16 0.215007 -0.0054213 
4961.21 9.98052e+16 0.214847 -0.00433367 
4966.95 9.96654e+16 0.214687 -0.00315227 
4972.7 9.95257e+16 0.214527 -0.00198568 
4978.44 9.93863e+16 0.214366 -0.000937287 
4984.19 9.9247e+16 0.214204 -9.73163e-05 
4989.94 9.91079e+16 0.214041 0.000464047 
4995.69 9.89689e+16 0.213877 0.000702042 
5001.44 9.88301e+16 0.213711 0.000600756 
5007.19 9.86915e+16 0.213545 0.00017434 
5012.94 9.8553e+16 0.213377 -0.000534092 
5018.69 9.84148e+16 0.213209 -0.00145579 
5024.44 9.82768e+16 0.21304 -0.00250167 
5030.2 9.81391e+16 0.212872 -0.00356927 
5035.95 9.80018e+16 0.212705 -0.00455066 
5041.71 9.78648e+16 0.212538 -0.00534094 
5047.47 9.77283e+16 0.212373 -0.0058465 
5053.22 9.75922e+16 0.21221 -0.00599253 
5058.98 9.74565e+16 0.212048 -0.00572911 
5064.74 9.73212e+16 0.211888 -0.00503558 
5070.5 9.71864e+16 0.21173 -0.0039227 
5076.26 9.70519e+16 0.211573 -0.00243249 
5082.02 9.69178e+16 0.211417 -0.000635856 
5087.79 9.6784e+16 0.211261 0.00137196 
5093.55 9.66505e+16 0.211106 0.00347769 
5099.32 9.65172e+16 0.210951 0.00555767 
5105.08 9.63841e+16 0.210796 0.00748625 
5110.85 9.62512e+16 0.210639 0.00914428 
5116.61 9.61185e+16 0.210482 0.0104273 
5122.38 9.59858e+16 0.210323 0.0112525 
5128.15 9.58533e+16 0.210163 0.0115644 
5133.92 9.5721e+16 0.210002 0.0113385 
5139.69 9.55888e+16 0.209839 0.010583 
5145.46 9.54568e+16 0.209677 0.00933778 
5151.23 9.5325e+16 0.209513 0.00767214 
5157.01 9.51935e+16 0.20935 0.00567988 
5162.78 9.50623e+16 0.209188 0.00347317 
5168.56 9.49315e+16 0.209026 0.00117518 
5174.33 9.4801e+16 0.208866 -0.00108784 
5180.11 9.4671e+16 0.208707 -0.00319462 
5185.89 9.45413e+16 0.208549 -0.00503642 
5191.66 9.4412e+16 0.208394 -0.00652365 
5197.44 9.42832e+16 0.208239 -0.00759115 
5203.22 9.41547e+16 0.208087 -0.00820176 
5209 9.40266e+16 0.207935 -0.00834801 
5214.79 9.38988e+16 0.207784 -0.0080519 
5220.57 9.37713e+16 0.207634 -0.00736266 
5226.35 9.3644e+16 0.207483 -0.00635289 
5232.14 9.35168e+16 0.207333 -0.00511316 
5237.92 9.33899e+16 0.207181 -0.00374554 
5243.71 9.32631e+16 0.207029 -0.00235648 
5249.49 9.31364e+16 0.206875 -0.00104948 
5255.28 9.30098e+16 0.20672 8.19357e-05 
5261.07 9.28834e+16 0.206564 0.000960534 
5266.86 9.27571e+16 0.206407 0.00153051 
5272.65 9.26309e+16 0.206249 0.00176116 
5278.44 9.2505e+16 0.206091 0.00164881 
5284.23 9.23793e+16 0.205932 0.00121695 
5290.03 9.22539e+16 0.205775 0.000514413 
5295.82 9.21288e+16 0.205618 -0.000388124 
5301.62 9.20041e+16 0.205462 -0.00140322 
5307.41 9.18797e+16 0.205307 -0.00243293 
5313.21 9.17557e+16 0.205154 -0.0033759 
5319.01 9.16321e+16 0.205003 -0.00413475 
5324.8 9.15089e+16 0.204853 -0.00462334 
5330.6 9.13861e+16 0.204704 -0.00477326 
5336.4 9.12636e+16 0.204557 -0.00453934 
5342.2 9.11414e+16 0.20441 -0.00390351 
5348.01 9.10195e+16 0.204264 -0.00287686 
5353.81 9.08978e+16 0.204118 -0.00149972 
5359.61 9.07763e+16 0.203972 0.000160329 
5365.42 9.06549e+16 0.203825 0.00201243 
5371.22 9.05337e+16 0.203677 0.00394809 
5377.03 9.04126e+16 0.203528 0.00584823 
5382.83 9.02916e+16 0.203378 0.00759111 
5388.64 9.01707e+16 0.203227 0.00906059 
5394.45 9.00499e+16 0.203074 0.0101542 
5400.26 8.99293e+16 0.202921 0.0107903 
5406.07 8.98088e+16 0.202767 0.0109142 
5411.88 8.96886e+16 0.202614 0.0105023 
5417.69 8.95686e+16 0.202461 0.00956398 
5423.51 8.94489e+16 0.202308 0.00814173 
5429.32 8.93296e+16 0.202156 0.00630861 
5435.14 8.92106e+16 0.202006 0.00416374 
5440.95 8.9092e+16 0.201857 0.00182598 
5446.77 8.89737e+16 0.20171 -0.000573849 
5452.59 8.88559e+16 0.201565 -0.00290147 
5458.4 8.87384e+16 0.20142 -0.00502803 
5464.22 8.86212e+16 0.201277 -0.00683848 
5470.04 8.85043e+16 0.201135 -0.00823908 
5475.86 8.83877e+16 0.200993 -0.00916337 
5481.69 8.82712e+16 0.200852 -0.0095762 
5487.51 8.8155e+16 0.200709 -0.00947565 
5493.33 8.80389e+16 0.200567 -0.00889257 
5499.16 8.79229e+16 0.200423 -0.00788792 
5504.98 8.78071e+16 0.200278 -0.00654804 
5510.81 8.76913e+16 0.200133 -0.00497826 
5516.64 8.75756e+16 0.199985 -0.00329524 
5522.46 8.746e+16 0.199837 -0.00161872 
5528.29 8.73445e+16 0.199689 -6.31758e-05 
5534.12 8.72292e+16 0.199539 0.00127007 
5539.95 8.71141e+16 0.19939 0.00229958 
5545.78 8.69993e+16 0.199241 0.00296907 
5551.62 8.68847e+16 0.199093 0.0032508 
5557.45 8.67705e+16 0.198945 0.00314693 
5563.28 8.66566e+16 0.198799 0.00268874 
5569.12 8.6543e+16 0.198655 0.00193378 
5574.95 8.64298e+16 0.198512 0.000961293 
5580.79 8.6317e+16 0.198371 -0.000133805 
5586.63 8.62045e+16 0.198231 -0.00124801 
5592.47 8.60923e+16 0.198092 -0.00227676 
5598.31 8.59804e+16 0.197953 -0.00312196 
5604.15 8.58688e+16 0.197816 -0.00369896 
5609.99 8.57573e+16 0.197678 -0.00394261 
5615.83 8.56461e+16 0.19754 -0.00381182 
5621.67 8.55349e+16 0.197402 -0.00329255 
5627.52 8.54239e+16 0.197262 -0.00239894 
5633.36 8.53129e+16 0.197121 -0.00117255 
5639.21 8.5202e+16 0.196979 0.000320237 
5645.05 8.50912e+16 0.196836 0.00199239 
5650.9 8.49805e+16 0.196692 0.00374178 
5656.75 8.48699e+16 0.196547 0.00545773 
5662.6 8.47595e+16 0.196402 0.00702805 
5668.45 8.46493e+16 0.196257 0.00834631 
5674.3 8.45392e+16 0.196112 0.00931864 
5680.15 8.44295e+16 0.195968 0.00986989 
5686 8.432e+16 0.195825 0.00994863 
5691.85 8.42109e+16 0.195683 0.00953061 
5697.71 8.41021e+16 0.195542 0.00862077 
5703.56 8.39937e+16 0.195404 0.00725326 
5709.42 8.38856e+16 0.195266 0.00548981 
5715.28 8.37779e+16 0.19513 0.00341636 
5721.13 8.36705e+16 0.194996 0.00113815 
5726.99 8.35633e+16 0.194861 -0.00122635 
5732.85 8.34564e+16 0.194728 -0.00355242 
5738.71 8.33496e+16 0.194594 -0.00571653 
5744.57 8.3243e+16 0.19446 -0.00760372 
5750.44 8.31365e+16 0.194325 -0.00911456 
5756.3 8.30301e+16 0.194189 -0.0101712 
5762.16 8.29238e+16 0.194052 -0.0107223 
5768.03 8.28176e+16 0.193914 -0.0107459 
5773.89 8.27114e+16 0.193775 -0.0102511 
5779.76 8.26053e+16 0.193635 -0.00927732 
5785.63 8.24993e+16 0.193494 -0.00789199 
5791.49 8.23934e+16 0.193352 -0.00618606 
5797.36 8.22877e+16 0.193211 -0.00426837 
5803.23 8.21823e+16 0.19307 -0.00225864 
5809.1 8.2077e+16 0.192929 -0.000279727 
5814.98 8.19721e+16 0.19279 0.00155023 
5820.85 8.18676e+16 0.192652 0.00312552 
5826.72 8.17633e+16 0.192516 0.00435962 
5832.6 8.16594e+16 0.192381 0.0051908 
5838.47 8.15558e+16 0.192248 0.00558602 
5844.35 8.14526e+16 0.192116 0.00554283 
5850.23 8.13496e+16 0.191985 0.0050893 
5856.1 8.12469e+16 0.191855 0.00428176 
5861.98 8.11444e+16 0.191725 0.00320062 
5867.86 8.10421e+16 0.191596 0.00194457 
5873.74 8.09399e+16 0.191465 0.000623441 
5879.62 8.08378e+16 0.191334 -0.000649679 
5885.51 8.07358e+16 0.191202 -0.00176654 
5891.39 8.06339e+16 0.191068 -0.0026315 
5897.27 8.0532e+16 0.190934 -0.00316838 
5903.16 8.04301e+16 0.190798 -0.003326 
5909.04 8.03283e+16 0.190661 -0.00308184 
5914.93 8.02267e+16 0.190523 -0.00244382 
5920.82 8.01251e+16 0.190385 -0.00144982 
5926.71 8.00237e+16 0.190247 -0.000165128 
5932.6 7.99226e+16 0.19011 0.00132201 
5938.49 7.98217e+16 0.189973 0.00290648 
5944.38 7.97211e+16 0.189838 0.00447358 
5950.27 7.96208e+16 0.189704 0.00590689 
5956.16 7.95208e+16 0.189572 0.00709637 
5962.06 7.94212e+16 0.189441 0.00794594 
5967.95 7.93218e+16 0.189312 0.0083801 
5973.85 7.92228e+16 0.189184 0.00834925 
5979.74 7.91241e+16 0.189057 0.00783311 
5985.64 7.90256e+16 0.188931 0.00684233 
5991.54 7.89273e+16 0.188805 0.00541796 
5997.44 7.88292e+16 0.188679 0.00362895 
6003.34 7.87312e+16 0.188552 0.00156789 
6009.24 7.86333e+16 0.188424 -0.000654801 
6015.14 7.85354e+16 0.188295 -0.00291775 
6021.04 7.84376e+16 0.188165 -0.00509616 
6026.95 7.83398e+16 0.188034 -0.00706948 
6032.85 7.8242e+16 0.187901 -0.00872875 
6038.76 7.81443e+16 0.187767 -0.00998312 
6044.66 7.80467e+16 0.187633 -0.0107652 
6050.57 7.79492e+16 0.187498 -0.011035 
6056.48 7.78519e+16 0.187364 -0.0107819 
6062.39 7.77549e+16 0.18723 -0.0100249 
6068.3 7.7658e+16 0.187097 -0.00881151 
6074.21 7.75615e+16 0.186965 -0.00721422 
6080.12 7.74652e+16 0.186835 -0.00532603 
6086.03 7.73693e+16 0.186707 -0.00325465 
6091.95 7.72737e+16 0.18658 -0.00111595 
6097.86 7.71785e+16 0.186454 0.000972997 
6103.78 7.70835e+16 0.18633 0.00290083 
6109.69 7.69888e+16 0.186207 0.00456839 
6115.61 7.68943e+16 0.186085 0.00589435 
6121.53 7.68e+16 0.185963 0.00681979 
6127.44 7.67058e+16 0.18584 0.00731126 
6133.36 7.66117e+16 0.185717 0.00736239 
6139.28 7.65177e+16 0.185592 0.00699378 
6145.21 7.64238e+16 0.185466 0.00625132 
6151.13 7.63298e+16 0.185339 0.00520291 
6157.05 7.62359e+16 0.185211 0.00393396 
6162.97 7.6142e+16 0.185081 0.00254177 
6168.9 7.60482e+16 0.184951 0.00112925 
6174.83 7.59544e+16 0.184819 -0.000201744 
6180.75 7.58608e+16 0.184688 -0.00135695 
6186.68 7.57673e+16 0.184557 -0.0022558 
6192.61 7.56741e+16 0.184426 -0.00283661 
6198.54 7.55811e+16 0.184297 -0.0030607 
6204.47 7.54884e+16 0.184168 -0.00291495 
6210.4 7.53961e+16 0.184042 -0.00241278 
6216.33 7.5304e+16 0.183917 -0.00159345 
6222.26 7.52123e+16 0.183794 -0.000519648 
6228.2 7.51208e+16 0.183673 0.000726511 
6234.13 7.50297e+16 0.183553 0.00204875 
6240.07 7.49387e+16 0.183433 0.00334296 
6246 7.4848e+16 0.183314 0.00450411 
6251.94 7.47575e+16 0.183195 0.00543335 
6257.88 7.46671e+16 0.183076 0.00604487 
6263.82 7.45767e+16 0.182956 0.00627198 
6269.76 7.44864e+16 0.182835 0.00607207 
6275.7 7.43961e+16 0.182712 0.0054301 
6281.64 7.43058e+16 0.182588 0.00436028 
6287.58 7.42155e+16 0.182462 0.00290595 
6293.53 7.41253e+16 0.182335 0.00113742 
6299.47 7.40351e+16 0.182207 -0.000851919 
6305.42 7.3945e+16 0.182079 -0.00295111 
6311.36 7.38551e+16 0.181951 -0.00503838 
6317.31 7.37653e+16 0.181822 -0.00698877 
6323.26 7.36757e+16 0.181695 -0.00868202 
6329.21 7.35864e+16 0.181569 -0.0100103 
6335.16 7.34973e+16 0.181445 -0.0108855 
6341.11 7.34086e+16 0.181322 -0.0112445 
6347.06 7.33202e+16 0.181201 -0.0110543 
6353.01 7.32321e+16 0.181081 -0.0103137 
6358.97 7.31443e+16 0.180964 -0.00905431 
6364.92 7.30568e+16 0.180847 -0.00733823 
6370.88 7.29695e+16 0.180731 -0.00525486 
6376.83 7.28823e+16 0.180616 -0.00291528 
6382.79 7.27953e+16 0.1805 -0.000445426 
6388.75 7.27084e+16 0.180384 0.00202161 
6394.7 7.26216e+16 0.180267 0.00435377 
6400.66 7.25348e+16 0.180148 0.00642812 
6406.62 7.2448e+16 0.180028 0.00813822 
6412.59 7.23612e+16 0.179907 0.00940049 
6418.55 7.22743e+16 0.179784 0.010159 
6424.51 7.21876e+16 0.17966 0.0103883 
6430.48 7.21008e+16 0.179535 0.0100947 
6436.44 7.20142e+16 0.179409 0.009315 
6442.41 7.19277e+16 0.179283 0.00811369 
6448.37 7.18414e+16 0.179158 0.00657825 
6454.34 7.17553e+16 0.179034 0.00481322 
6460.31 7.16694e+16 0.178912 0.00293328 
6466.28 7.15839e+16 0.178791 0.00105582 
6472.25 7.14986e+16 0.178671 -0.000706445 
6478.22 7.14137e+16 0.178554 -0.00225237 
6484.19 7.13291e+16 0.178438 -0.00349842 
6490.17 7.12447e+16 0.178324 -0.0043834 
6496.14 7.11606e+16 0.178211 -0.00487169 
6502.11 7.10767e+16 0.178099 -0.00495477 
6508.09 7.0993e+16 0.177987 -0.00465105 
6514.07 7.09093e+16 0.177874 -0.00400395 
6520.04 7.08258e+16 0.177761 -0.00307854 
6526.02 7.07422e+16 0.177647 -0.00195688 
6532 7.06587e+16 0.177531 -0.00073241 
6537.98 7.05752e+16 0.177413 0.000496249 
6543.96 7.04917e+16 0.177294 0.00163169 
6549.95 7.04081e+16 0.177174 0.00258394 
6555.93 7.03246e+16 0.177052 0.00327612 
6561.91 7.02412e+16 0.176929 0.00364926 
6567.9 7.01578e+16 0.176807 0.00366597 
6573.88 7.00746e+16 0.176684 0.00331279 
6579.87 6.99916e+16 0.176562 0.00260108 
6585.86 6.99088e+16 0.176441 0.00156644 
6591.85 6.98263e+16 0.176322 0.000266731 
6597.83 6.9744e+16 0.176204 -0.00122131 
6603.82 6.96621e+16 0.176089 -0.00280651 
6609.82 6.95805e+16 0.175975 -0.00438858 
6615.81 6.94991e+16 0.175863 -0.00586408 
6621.8 6.9418e+16 0.175752 -0.00713255 
6627.79 6.93372e+16 0.175642 -0.00810267 
6633.79 6.92565e+16 0.175533 -0.00869785 
6639.78 6.9176e+16 0.175424 -0.00886117 
6645.78 6.90955e+16 0.175314 -0.00855926 
6651.78 6.90151e+16 0.175204 -0.00778483 
6657.78 6.89347e+16 0.175092 -0.00655779 
6663.77 6.88543e+16 0.174978 -0.00492483 
6669.77 6.87739e+16 0.174863 -0.00295736 
6675.78 6.86935e+16 0.174747 -0.000748048 
6681.78 6.86131e+16 0.174628 0.00159406 
6687.78 6.85327e+16 0.174509 0.00394943 
6693.78 6.84523e+16 0.174389 0.0061947 
6699.79 6.83721e+16 0.174269 0.00820972 
6705.79 6.8292e+16 0.174149 0.00988459 
6711.8 6.82121e+16 0.17403 0.0111262 
6717.81 6.81325e+16 0.173913 0.0118639 
6723.82 6.80531e+16 0.173797 0.012054 
6729.82 6.79741e+16 0.173683 0.0116825 
6735.83 6.78953e+16 0.17357 0.0107666 
6741.84 6.78168e+16 0.17346 0.00935382 
6747.86 6.77385e+16 0.173351 0.0075193 
6753.87 6.76606e+16 0.173244 0.00536185 
6759.88 6.75828e+16 0.173138 0.00299806 
6765.9 6.75052e+16 0.173031 0.000555424 
6771.91 6.74276e+16 0.172925 -0.00183519 
6777.93 6.73502e+16 0.172818 -0.00404744 
6783.95 6.72728e+16 0.17271 -0.00596704 
6789.96 6.71954e+16 0.1726 -0.00749859 
6795.98 6.71179e+16 0.172489 -0.00857125 
6802 6.70405e+16 0.172376 -0.0091428 
6808.02 6.6963e+16 0.172262 -0.0092019 
6814.04 6.68855e+16 0.172146 -0.00876839 
6820.07 6.68081e+16 0.172029 -0.00789154 
6826.09 6.67307e+16 0.171911 -0.00664654 
6832.12 6.66534e+16 0.171794 -0.00512922 
6838.14 6.65764e+16 0.171677 -0.00344959 
6844.17 6.64995e+16 0.171561 -0.0017245 
6850.19 6.64228e+16 0.171447 -6.99716e-05 
6856.22 6.63465e+16 0.171334 0.00140639 
6862.25 6.62704e+16 0.171223 0.00261224 
6868.28 6.61946e+16 0.171114 0.00347627 
6874.31 6.61191e+16 0.171007 0.00395255 
6880.34 6.60438e+16 0.170902 0.0040231 
6886.38 6.59688e+16 0.170798 0.00369856 
6892.41 6.58939e+16 0.170694 0.00301709 
6898.44 6.58192e+16 0.170591 0.0020413 
6904.48 6.57445e+16 0.170487 0.000853763 
6910.51 6.56699e+16 0.170383 -0.000448749 
6916.55 6.55953e+16 0.170277 -0.0017619 
6922.59 6.55207e+16 0.170169 -0.00298078 
6928.63 6.54461e+16 0.17006 -0.00400685 
6934.67 6.53714e+16 0.169949 -0.00475439 
6940.71 6.52967e+16 0.169837 -0.00515602 
6946.75 6.52221e+16 0.169723 -0.00516702 
6952.79 6.51475e+16 0.169608 -0.00476813 
6958.84 6.50729e+16 0.169493 -0.0039668 
6964.88 6.49985e+16 0.169379 -0.00279673 
6970.92 6.49243e+16 0.169265 -0.00131583 
6976.97 6.48503e+16 0.169152 0.000397243 
6983.02 6.47765e+16 0.169041 0.00224775 
6989.07 6.4703e+16 0.168931 0.00413043 
6995.11 6.46298e+16 0.168824 0.00593566 
7001.16 6.45568e+16 0.168718 0.00755572 
7007.21 6.44841e+16 0.168615 0.00889105 
7013.27 6.44117e+16 0.168512 0.00985584 
7019.32 6.43394e+16 0.168411 0.010383 
7025.37 6.42673e+16 0.16831 0.0104278 
7031.43 6.41953e+16 0.16821 0.00997092 
7037.48 6.41234e+16 0.168108 0.00901918 
7043.54 6.40515e+16 0.168006 0.00760576 
7049.59 6.39795e+16 0.167902 0.00578859 
7055.65 6.39076e+16 0.167796 0.00364753 
7061.71 6.38356e+16 0.167689 0.00128044 
7067.77 6.37636e+16 0.16758 -0.00120174 
7073.83 6.36916e+16 0.16747 -0.00368055 
7079.89 6.36196e+16 0.167358 -0.00603609 
7085.96 6.35477e+16 0.167246 -0.00815318 
7092.02 6.34759e+16 0.167133 -0.00992735 
7098.08 6.34042e+16 0.167021 -0.0112704 
7104.15 6.33327e+16 0.16691 -0.012115 
7110.21 6.32614e+16 0.166801 -0.0124186 
7116.28 6.31904e+16 0.166693 -0.012166 
7122.35 6.31196e+16 0.166586 -0.0113701 
7128.42 6.30491e+16 0.166482 -0.0100718 
7134.49 6.29788e+16 0.16638 -0.00833809 
7140.56 6.29088e+16 0.166279 -0.00625846 
7146.63 6.2839e+16 0.16618 -0.00394055 
7152.7 6.27694e+16 0.166082 -0.00150423 
7158.78 6.26999e+16 0.165983 0.00092483 
7164.85 6.26305e+16 0.165885 0.00322211 
7170.92 6.25611e+16 0.165786 0.00527127 
7177 6.24918e+16 0.165685 0.0069707 
7183.08 6.24224e+16 0.165583 0.00823943 
7189.16 6.2353e+16 0.16548 0.00902178 
7195.23 6.22835e+16 0.165374 0.00929068 
7201.31 6.22141e+16 0.165267 0.00904919 
7207.39 6.21446e+16 0.165159 0.0083303 
7213.48 6.20752e+16 0.165049 0.0071948 
7219.56 6.20058e+16 0.164939 0.00572755 
7225.64 6.19366e+16 0.164829 0.00403209 
7231.73 6.18675e+16 0.16472 0.00222412 
7237.81 6.17986e+16 0.164612 0.000424162 
7243.9 6.17299e+16 0.164505 -0.00125008 
7249.98 6.16615e+16 0.1644 -0.00269126 
7256.07 6.15933e+16 0.164297 -0.00380921 
7262.16 6.15254e+16 0.164196 -0.00453674 
7268.25 6.14577e+16 0.164097 -0.00483383 
7274.34 6.13902e+16 0.163999 -0.00469017 
7280.43 6.1323e+16 0.163903 -0.00412564 
7286.53 6.12558e+16 0.163807 -0.00318891 
7292.62 6.11888e+16 0.163711 -0.00195405 
7298.71 6.11219e+16 0.163615 -0.000515569 
7304.81 6.10549e+16 0.163518 0.00101794 
7310.91 6.0988e+16 0.163419 0.00253106 
7317 6.0921e+16 0.163319 0.0039092 
7323.1 6.0854e+16 0.163217 0.00504616 
7329.2 6.0787e+16 0.163113 0.00585117 
7335.3 6.072e+16 0.163008 0.00625485 
7341.4 6.0653e+16 0.162901 0.00621374 
7347.5 6.0586e+16 0.162794 0.00571317 
7353.6 6.05191e+16 0.162686 0.00476828 
7359.71 6.04523e+16 0.162579 0.00342309 
7365.81 6.03857e+16 0.162472 0.00174782 
7371.92 6.03193e+16 0.162367 -0.000165433 
7378.02 6.02531e+16 0.162263 -0.00220838 
7384.13 6.01871e+16 0.162161 -0.00426307 
7390.24 6.01214e+16 0.162062 -0.00620902 
7396.35 6.00559e+16 0.161964 -0.00793037 
7402.46 5.99907e+16 0.161867 -0.00932274 
7408.57 5.99256e+16 0.161773 -0.0102992 
7414.68 5.98608e+16 0.161679 -0.0107954 
7420.79 5.9796e+16 0.161585 -0.010773 
7426.91 5.97313e+16 0.161492 -0.0102216 
7433.02 5.96667e+16 0.161397 -0.00915973 
7439.14 5.96021e+16 0.161302 -0.00763302 
7445.25 5.95375e+16 0.161205 -0.00571203 
7451.37 5.94728e+16 0.161106 -0.00348812 
7457.49 5.94081e+16 0.161006 -0.0010685 
7463.61 5.93434e+16 0.160904 0.00142957 
7469.73 5.92787e+16 0.1608 0.00388493 
7475.85 5.9214e+16 0.160695 0.00617884 
7481.97 5.91494e+16 0.16059 0.00820106 
7488.09 5.90848e+16 0.160485 0.0098554 
7494.22 5.90204e+16 0.16038 0.0110645 
7500.34 5.89561e+16 0.160276 0.0117734 
7506.47 5.88921e+16 0.160174 0.0119524 
7512.59 5.88283e+16 0.160073 0.0115982 
7518.72 5.87647e+16 0.159974 0.0107337 
7524.85 5.87013e+16 0.159877 0.00940694 
7530.98 5.86381e+16 0.159782 0.00768825 
7537.11 5.85752e+16 0.159689 0.00566675 
7543.24 5.85125e+16 0.159597 0.00344562 
7549.37 5.84499e+16 0.159506 0.00113687 
7555.5 5.83874e+16 0.159414 -0.00114441 
7561.64 5.83249e+16 0.159323 -0.00328602 
7567.77 5.82625e+16 0.15923 -0.00518434 
7573.91 5.82001e+16 0.159136 -0.00674975 
7580.04 5.81377e+16 0.159041 -0.0079113 
7586.18 5.80753e+16 0.158944 -0.00862039 
7592.32 5.80128e+16 0.158845 -0.0088534 
7598.46 5.79503e+16 0.158744 -0.0086129 
7604.6 5.78878e+16 0.158642 -0.00792753 
7610.74 5.78253e+16 0.15854 -0.00685045 
7616.88 5.77629e+16 0.158436 -0.00545632 
7623.02 5.77006e+16 0.158333 -0.00383715 
7629.17 5.76384e+16 0.158231 -0.00209702 
7635.31 5.75764e+16 0.15813 -0.000346049 
7641.46 5.75146e+16 0.15803 0.00130605 
7647.61 5.7453e+16 0.157932 0.00275656 
7653.75 5.73916e+16 0.157837 0.00391595 
7659.9 5.73305e+16 0.157743 0.00471349 
7666.05 5.72696e+16 0.157651 0.0051017 
7672.2 5.72089e+16 0.15756 0.00505957 
7678.35 5.71483e+16 0.157471 0.00459408 
7684.51 5.70879e+16 0.157382 0.00374011 
7690.66 5.70275e+16 0.157293 0.00255853 
7696.81 5.69672e+16 0.157203 0.00113264 
7702.97 5.6907e+16 0.157112 -0.000436887 
7709.12 5.68467e+16 0.15702 -0.00203824 
7715.28 5.67864e+16 0.156926 -0.00355557 
7721.44 5.6726e+16 0.15683 -0.00487643 
7727.6 5.66657e+16 0.156733 -0.00589916 
7733.76 5.66053e+16 0.156633 -0.00653968 
7739.92 5.65449e+16 0.156533 -0.00673725 
7746.08 5.64845e+16 0.156432 -0.00645886 
7752.24 5.64242e+16 0.156331 -0.00570184 
7758.4 5.6364e+16 0.15623 -0.00449455 
7764.57 5.6304e+16 0.15613 -0.00289517 
7770.73 5.62441e+16 0.156031 -0.000988439 
7776.9 5.61844e+16 0.155934 0.00111929 
7783.07 5.6125e+16 0.15584 0.00330637 
7789.23 5.60658e+16 0.155747 0.00544332 
7795.4 5.60068e+16 0.155656 0.00740073 
7801.57 5.5948e+16 0.155567 0.00905724 
7807.74 5.58894e+16 0.155479 0.0103071 
7813.91 5.58309e+16 0.155392 0.0110666 
7820.09 5.57725e+16 0.155305 0.0112794 
7826.26 5.57143e+16 0.155218 0.01092 
7832.43 5.5656e+16 0.155131 0.00999524 
7838.61 5.55978e+16 0.155041 0.00854398 
7844.79 5.55395e+16 0.154951 0.00663483 
7850.96 5.54813e+16 0.154858 0.00436206 
7857.14 5.54229e+16 0.154763 0.00184008 
7863.32 5.53645e+16 0.154667 -0.000803162 
7869.5 5.53061e+16 0.154569 -0.00343355 
7875.68 5.52477e+16 0.15447 -0.00591828 
7881.86 5.51894e+16 0.154371 -0.0081332 
7888.05 5.51311e+16 0.154271 -0.00996944 
7894.23 5.50729e+16 0.154172 -0.011339 
7900.41 5.50149e+16 0.154075 -0.0121793 
7906.6 5.49571e+16 0.153979 -0.0124557 
7912.79 5.48994e+16 0.153885 -0.0121628 
7918.97 5.4842e+16 0.153793 -0.0113241 
7925.16 5.47848e+16 0.153703 -0.00999023 
7931.35 5.47279e+16 0.153616 -0.00823535 
7937.54 5.46711e+16 0.15353 -0.00615297 
7943.73 5.46146e+16 0.153445 -0.00385066 
7949.92 5.45581e+16 0.15336 -0.00144428 
7956.12 5.45018e+16 0.153276 0.000948047 
7962.31 5.44455e+16 0.153191 0.00321183 
7968.51 5.43892e+16 0.153104 0.00524179 
7974.7 5.43329e+16 0.153017 0.00694682 
7980.9 5.42766e+16 0.152927 0.00825413 
7987.1 5.42202e+16 0.152835 0.00911238 
7993.29 5.41638e+16 0.152741 0.00949376 
7999.49 5.41073e+16 0.152646 0.00939495 
8005.69 5.40508e+16 0.152549 0.00883679 
8011.9 5.39943e+16 0.152451 0.00786296 
8018.1 5.39378e+16 0.152353 0.00653749 
8024.3 5.38814e+16 0.152255 0.00494138 
8030.5 5.38251e+16 0.152159 0.00316836 
8036.71 5.3769e+16 0.152064 0.00132007 
8042.92 5.37132e+16 0.151971 -0.000499172 
8049.12 5.36575e+16 0.15188 -0.00218779 
8055.33 5.36021e+16 0.151791 -0.0036523 
8061.54 5.35469e+16 0.151705 -0.00481229 
8067.75 5.34919e+16 0.151621 -0.00560484 
8073.96 5.34372e+16 0.151537 -0.00598814 
8080.17 5.33826e+16 0.151455 -0.00594397 
8086.38 5.33281e+16 0.151373 -0.00547909 
8092.6 5.32737e+16 0.151291 -0.00462518 
8098.81 5.32193e+16 0.151208 -0.00343747 
8105.03 5.31649e+16 0.151123 -0.00199197 
8111.24 5.31104e+16 0.151036 -0.000381472 
8117.46 5.30559e+16 0.150947 0.00128957 
8123.68 5.30013e+16 0.150855 0.00291097 
8129.9 5.29466e+16 0.150762 0.00437325 
8136.12 5.28919e+16 0.150667 0.00557427 
8142.34 5.28371e+16 0.150571 0.00642552 
8148.56 5.27823e+16 0.150474 0.00685795 
8154.78 5.27277e+16 0.150378 0.00682659 
8161.01 5.26731e+16 0.150282 0.00631405 
8167.23 5.26187e+16 0.150188 0.0053323 
8173.46 5.25645e+16 0.150096 0.00392275 
8179.68 5.25105e+16 0.150006 0.00215456 
8185.91 5.24568e+16 0.149919 0.000121182 
8192.14 5.24033e+16 0.149834 -0.00206467 
8198.37 5.23501e+16 0.149751 -0.00427734 
8204.6 5.22971e+16 0.14967 -0.00638554 
8210.83 5.22442e+16 0.14959 -0.00826006 
8217.06 5.21915e+16 0.14951 -0.00978165 
8223.29 5.21389e+16 0.149431 -0.0108483 
8229.53 5.20863e+16 0.14935 -0.0113817 
8235.76 5.20337e+16 0.149268 -0.0113325 
8242 5.1981e+16 0.149183 -0.0106834 
8248.23 5.19283e+16 0.149097 -0.00945122 
8254.47 5.18754e+16 0.149007 -0.00768583 
8260.71 5.18224e+16 0.148916 -0.00546822 
8266.95 5.17694e+16 0.148823 -0.00290592 
8273.19 5.17163e+16 0.148728 -0.000127119 
8279.43 5.16632e+16 0.148633 0.00272645 
8285.68 5.16101e+16 0.148538 0.00550753 
8291.92 5.15572e+16 0.148443 0.00807163 
8298.16 5.15044e+16 0.14835 0.0102851 
8304.41 5.14518e+16 0.148259 0.0120328 
8310.65 5.13995e+16 0.14817 0.0132241 
8316.9 5.13474e+16 0.148084 0.0137981 
8323.15 5.12956e+16 0.148001 0.0137267 
8329.4 5.12441e+16 0.14792 0.013016 
8335.65 5.11927e+16 0.147841 0.011705 
8341.9 5.11416e+16 0.147763 0.00986398 
8348.15 5.10906e+16 0.147685 0.00758951 
8354.4 5.10397e+16 0.147608 0.00499914 
8360.66 5.09888e+16 0.14753 0.00222466 
8366.91 5.09378e+16 0.14745 -0.000595187 
8373.17 5.08868e+16 0.147368 -0.00332224 
8379.42 5.08357e+16 0.147284 -0.00582614 
8385.68 5.07845e+16 0.147197 -0.00799103 
8391.94 5.07331e+16 0.147107 -0.00972115 
8398.2 5.06817e+16 0.147016 -0.0109453 
8404.46 5.06302e+16 0.146923 -0.0116197 
8410.72 5.05787e+16 0.146829 -0.0117295 
8416.98 5.05273e+16 0.146735 -0.0112887 
8423.24 5.04759e+16 0.146641 -0.0103382 
8429.51 5.04247e+16 0.146549 -0.00894351 
8435.77 5.03737e+16 0.146459 -0.00718981 
8442.04 5.0323e+16 0.146372 -0.00517769 
8448.31 5.02725e+16 0.146287 -0.00301734 
8454.57 5.02223e+16 0.146205 -0.000822853 
8460.84 5.01724e+16 0.146125 0.00129361 
8467.11 5.01226e+16 0.146048 0.00322727 
8473.38 5.00731e+16 0.145972 0.00488576 
8479.65 5.00237e+16 0.145897 0.00619331 
8485.93 4.99744e+16 0.145822 0.0070941 
8492.2 4.99251e+16 0.145746 0.00755462 
8498.47 4.98757e+16 0.145668 0.00756487 
8504.75 4.98263e+16 0.145589 0.00713852 
8511.02 4.97768e+16 0.145506 0.00631192 
8517.3 4.97271e+16 0.145422 0.00514204 
8523.58 4.96773e+16 0.145334 0.00370353 
8529.86 4.96275e+16 0.145244 0.00208489 
8536.14 4.95775e+16 0.145153 0.000383913 
8542.42 4.95276e+16 0.14506 -0.00129723 
8548.7 4.94777e+16 0.144967 -0.0028573 
8554.98 4.94279e+16 0.144875 -0.00420136 
8561.27 4.93783e+16 0.144784 -0.00524581 
8567.55 4.93288e+16 0.144695 -0.00592316 
8573.84 4.92796e+16 0.144609 -0.00618596 
8580.12 4.92307e+16 0.144525 -0.00600988 
8586.41 4.9182e+16 0.144445 -0.00539568 
8592.7 4.91335e+16 0.144367 -0.00436979 
8598.99 4.90853e+16 0.144291 -0.00298367 
8605.28 4.90373e+16 0.144217 -0.00131162 
8611.57 4.89894e+16 0.144144 0.000552741 
8617.86 4.89415e+16 0.144071 0.00250116 
8624.16 4.88937e+16 0.143997 0.0044166 
8630.45 4.88459e+16 0.143922 0.00617969 
8636.75 4.8798e+16 0.143844 0.0076757 
8643.04 4.875e+16 0.143764 0.0088014 
8649.34 4.87019e+16 0.143681 0.0094716 
8655.64 4.86537e+16 0.143596 0.00962484 
8661.94 4.86054e+16 0.143508 0.0092278 
8668.23 4.8557e+16 0.143418 0.00827828 
8674.54 4.85086e+16 0.143326 0.00680634 
8680.84 4.84602e+16 0.143235 0.00487354 
8687.14 4.84119e+16 0.143143 0.00257028 
8693.44 4.83638e+16 0.143054 1.12414e-05 
8699.75 4.83158e+16 0.142966 -0.00267064 
8706.05 4.8268e+16 0.14288 -0.00533159 
8712.36 4.82205e+16 0.142798 -0.00782519 
8718.67 4.81732e+16 0.142718 -0.0100108 
8724.98 4.81261e+16 0.142642 -0.0117621 
8731.28 4.80793e+16 0.142568 -0.0129745 
8737.59 4.80326e+16 0.142496 -0.0135715 
8743.91 4.79861e+16 0.142425 -0.0135096 
8750.22 4.79398e+16 0.142354 -0.0127814 
8756.53 4.78934e+16 0.142282 -0.0114156 
8762.84 4.78471e+16 0.14221 -0.00947645 
8769.16 4.78007e+16 0.142135 -0.00705947 
8775.48 4.77543e+16 0.142057 -0.00428648 
8781.79 4.77077e+16 0.141976 -0.00129854 
8788.11 4.7661e+16 0.141892 0.00175212 
8794.43 4.76143e+16 0.141806 0.00471064 
8800.75 4.75674e+16 0.141717 0.00742824 
8807.07 4.75205e+16 0.141627 0.00977046 
8813.39 4.74735e+16 0.141536 0.0116244 
8819.71 4.74266e+16 0.141446 0.0129045 
8826.04 4.73798e+16 0.141356 0.013557 
8832.36 4.73332e+16 0.141269 0.0135619 
8838.69 4.72867e+16 0.141184 0.0129335 
8845.01 4.72404e+16 0.141102 0.0117188 
8851.34 4.71944e+16 0.141024 0.00999377 
8857.67 4.71486e+16 0.140949 0.00785878 
8864 4.71031e+16 0.140877 0.00543226 
8870.33 4.70578e+16 0.140807 0.0028439 
8876.66 4.70127e+16 0.140738 0.000227331 
8882.99 4.69678e+16 0.14067 -0.00228702 
8889.32 4.6923e+16 0.140602 -0.00457869 
8895.66 4.68782e+16 0.140532 -0.00654307 
8901.99 4.68333e+16 0.140459 -0.00809621 
8908.33 4.67885e+16 0.140384 -0.00917836 
8914.66 4.67435e+16 0.140306 -0.00975603 
8921 4.66983e+16 0.140224 -0.00982266 
8927.34 4.6653e+16 0.140138 -0.00939784 
8933.68 4.66076e+16 0.14005 -0.00852529 
8940.02 4.6562e+16 0.139961 -0.00726968 
8946.36 4.65164e+16 0.13987 -0.00571261 
8952.7 4.64707e+16 0.139779 -0.00394791 
8959.05 4.64251e+16 0.139689 -0.00207659 
8965.39 4.63795e+16 0.139602 -0.000201586 
8971.74 4.63342e+16 0.139517 0.00157726 
8978.08 4.62891e+16 0.139436 0.00316801 
8984.43 4.62442e+16 0.139359 0.00449089 
8990.78 4.61997e+16 0.139286 0.00548179 
8997.13 4.61555e+16 0.139216 0.0060951 
9003.48 4.61116e+16 0.13915 0.00630555 
9009.83 4.6068e+16 0.139084 0.00610918 
9016.18 4.60246e+16 0.13902 0.0055233 
9022.53 4.59814e+16 0.138955 0.00458559 
9028.89 4.59382e+16 0.138889 0.00335218 
9035.24 4.5895e+16 0.138819 0.00189498 
9041.6 4.58517e+16 0.138746 0.000298264 
9047.95 4.58082e+16 0.138669 -0.00134539 
9054.31 4.57645e+16 0.138588 -0.0029396 
9060.67 4.57205e+16 0.138503 -0.00438895 
9067.03 4.56763e+16 0.138415 -0.00560388 
9073.39 4.56319e+16 0.138324 -0.00650541 
9079.75 4.55873e+16 0.138232 -0.00702954 
9086.11 4.55426e+16 0.13814 -0.00713106 
9092.48 4.5498e+16 0.13805 -0.00678657 
9098.84 4.54534e+16 0.137962 -0.00599652 
9105.21 4.54091e+16 0.137878 -0.00478607 
9111.57 4.53651e+16 0.137799 -0.00320477 
9117.94 4.53215e+16 0.137724 -0.00132478 
9124.31 4.52783e+16 0.137654 0.000761999 
9130.68 4.52356e+16 0.137588 0.00294824 
9137.05 4.51932e+16 0.137526 0.00511638 
9143.42 4.51512e+16 0.137465 0.0071447 
9149.79 4.51095e+16 0.137405 0.0089139 
9156.16 4.50679e+16 0.137344 0.0103139 
9162.54 4.50264e+16 0.137281 0.0112502 
9168.91 4.49847e+16 0.137214 0.0116502 
9175.29 4.49429e+16 0.137143 0.0114675 
9181.66 4.49007e+16 0.137066 0.0106862 
9188.04 4.48582e+16 0.136985 0.00932248 
9194.42 4.48154e+16 0.136898 0.00742493 
9200.8 4.47721e+16 0.136808 0.00507296 
9207.18 4.47285e+16 0.136715 0.00237328 
9213.56 4.46848e+16 0.136621 -0.000545266 
9219.95 4.46409e+16 0.136527 -0.00353831 
9226.33 4.45971e+16 0.136436 -0.00645368 
9232.71 4.45535e+16 0.136349 -0.00913974 
9239.1 4.45103e+16 0.136266 -0.0114539 
9245.48 4.44675e+16 0.136189 -0.0132707 
9251.87 4.44252e+16 0.136119 -0.0144892 
9258.26 4.43836e+16 0.136054 -0.015039 
9264.65 4.43425e+16 0.135993 -0.014884 
9271.04 4.43019e+16 0.135937 -0.0140256 
9277.43 4.42616e+16 0.135882 -0.0125021 
9283.82 4.42217e+16 0.135827 -0.010387 
9290.22 4.41818e+16 0.13577 -0.00778492 
9296.61 4.41418e+16 0.135709 -0.00482589 
9303 4.41016e+16 0.135643 -0.00165796 
9309.4 4.4061e+16 0.135572 0.00156096 
9315.8 4.40199e+16 0.135493 0.00467187 
9322.2 4.39782e+16 0.135409 0.00752333 
9328.59 4.39361e+16 0.135319 0.0099796 
9334.99 4.38935e+16 0.135225 0.0119277 
9341.39 4.38505e+16 0.135128 0.0132831 
9347.8 4.38074e+16 0.135032 0.0139934 
9354.2 4.37642e+16 0.134937 0.0140409 
9360.6 4.37213e+16 0.134846 0.0134417 
9367.01 4.36788e+16 0.13476 0.0122446 
9373.41 4.36368e+16 0.134682 0.0105271 
9379.82 4.35955e+16 0.13461 0.00839053 
9386.23 4.35549e+16 0.134546 0.00595353 
9392.63 4.3515e+16 0.134488 0.00334555 
9399.04 4.34758e+16 0.134435 0.000699529 
9405.45 4.3437e+16 0.134385 -0.00185501 
9411.87 4.33986e+16 0.134336 -0.00419846 
9418.28 4.33604e+16 0.134285 -0.00622677 
9424.69 4.3322e+16 0.134231 -0.00785588 
9431.11 4.32834e+16 0.13417 -0.0090251 
9437.52 4.32442e+16 0.134103 -0.00969891 
9443.94 4.32044e+16 0.134028 -0.00986757 
9450.35 4.31639e+16 0.133945 -0.00954636 
9456.77 4.31228e+16 0.133855 -0.00877371 
9463.19 4.3081e+16 0.13376 -0.00760828 
9469.61 4.30388e+16 0.133661 -0.00612535 
9476.03 4.29963e+16 0.133561 -0.00441259 
9482.45 4.29538e+16 0.133463 -0.00256554 
9488.88 4.29115e+16 0.133369 -0.000682895 
9495.3 4.28697e+16 0.13328 0.00113803 
9501.72 4.28285e+16 0.1332 0.00280568 
9508.15 4.27882e+16 0.133128 0.00423826 
9514.58 4.27487e+16 0.133065 0.00536711 
9521 4.271e+16 0.13301 0.00613966 
9527.43 4.26722e+16 0.132961 0.00652152 
9533.86 4.2635e+16 0.132916 0.00649791 
9540.29 4.25981e+16 0.132872 0.00607433 
9546.72 4.25614e+16 0.132827 0.00527636 
9553.16 4.25246e+16 0.132779 0.00414859 
9559.59 4.24874e+16 0.132723 0.00275286 
9566.03 4.24496e+16 0.13266 0.00116556 
9572.46 4.2411e+16 0.132588 -0.000525681 
9578.9 4.23716e+16 0.132506 -0.002226 
9585.33 4.23313e+16 0.132416 -0.00383779 
9591.77 4.22903e+16 0.132319 -0.00526548 
9598.21 4.22488e+16 0.132218 -0.00642052 
9604.65 4.22069e+16 0.132115 -0.00722618 
9611.09 4.2165e+16 0.132013 -0.00762204 
9617.54 4.21234e+16 0.131916 -0.00756787 
9623.98 4.20823e+16 0.131825 -0.00704666 
9630.42 4.2042e+16 0.131744 -0.00606651 
9636.87 4.20026e+16 0.131672 -0.00466136 
9643.31 4.19642e+16 0.131611 -0.00289023 
9649.76 4.19269e+16 0.131558 -0.000835155 
9656.21 4.18904e+16 0.131514 0.00140238 
9662.66 4.18547e+16 0.131474 0.00370621 
9669.11 4.18194e+16 0.131436 0.00595134 
9675.56 4.17842e+16 0.131396 0.00801058 
9682.01 4.17488e+16 0.131353 0.00976158 
9688.46 4.17129e+16 0.131302 0.0110939 
9694.92 4.16763e+16 0.131242 0.0119158 
9701.37 4.16388e+16 0.131171 0.0121598 
9707.83 4.16003e+16 0.13109 0.0117878 
9714.28 4.15608e+16 0.130999 0.0107941 
9720.74 4.15205e+16 0.1309 0.00920638 
9727.2 4.14795e+16 0.130796 0.00708595 
9733.66 4.14382e+16 0.13069 0.00452469 
9740.12 4.1397e+16 0.130586 0.00164109 
9746.58 4.1356e+16 0.130487 -0.00142578 
9753.04 4.13157e+16 0.130395 -0.0045235 
9759.51 4.12763e+16 0.130313 -0.00749442 
9765.97 4.1238e+16 0.130242 -0.0101843 
9772.44 4.12009e+16 0.130183 -0.012451 
9778.9 4.11649e+16 0.130134 -0.0141721 
9785.37 4.11298e+16 0.130094 -0.0152522 
9791.84 4.10955e+16 0.130059 -0.0156285 
9798.31 4.10616e+16 0.130026 -0.0152741 
9804.78 4.10279e+16 0.129992 -0.0141998 
9811.25 4.09938e+16 0.129952 -0.012454 
9817.72 4.09591e+16 0.129905 -0.0101197 
9824.19 4.09235e+16 0.129847 -0.00731006 
9830.67 4.08869e+16 0.129777 -0.00416258 
9837.14 4.08491e+16 0.129695 -0.000831282 
9843.62 4.08103e+16 0.129603 0.0025215 
9850.1 4.07706e+16 0.129502 0.00573378 
9856.57 4.07302e+16 0.129396 0.00865247 
9863.05 4.06895e+16 0.129288 0.0111413 
9869.53 4.06489e+16 0.129181 0.0130877 
9876.01 4.06087e+16 0.12908 0.0144081 
9882.5 4.05693e+16 0.128988 0.0150517 
9888.98 4.05309e+16 0.128907 0.0150023 
9895.46 4.04938e+16 0.128838 0.0142783 
9901.95 4.04579e+16 0.128782 0.0129305 
9908.43 4.04233e+16 0.128737 0.0110391 
9914.92 4.03896e+16 0.128702 0.00870806 
9921.41 4.03567e+16 0.128671 0.00605948 
9927.9 4.03242e+16 0.128643 0.00322678 
9934.39 4.02917e+16 0.128613 0.000347684 
9940.88 4.02588e+16 0.128577 -0.0024427 
9947.37 4.02251e+16 0.128531 -0.00501837 
9953.86 4.01904e+16 0.128474 -0.00726809 
9960.35 4.01545e+16 0.128404 -0.00910006 
9966.85 4.01174e+16 0.128321 -0.0104455 
9973.34 4.00791e+16 0.128227 -0.0112607 
9979.84 4.00399e+16 0.128124 -0.0115282 
9986.34 4.00001e+16 0.128015 -0.0112563 
9992.84 3.99601e+16 0.127905 -0.0104775 
9999.34 3.99202e+16 0.127797 -0.00924651 
10005.8 3.98808e+16 0.127696 -0.00763633 
10012.3 3.98424e+16 0.127605 -0.00573487 
10018.8 3.98052e+16 0.127526 -0.00364046 
10025.3 3.97693e+16 0.12746 -0.00145729 
10031.8 3.97348e+16 0.127408 0.000709108 
10038.4 3.97015e+16 0.127368 0.00275641 
10044.9 3.96692e+16 0.127336 0.00458971 
10051.4 3.96376e+16 0.127311 0.00612541 
10057.9 3.96064e+16 0.127286 0.00729463 
10064.4 3.95749e+16 0.127259 0.00804604 
10070.9 3.9543e+16 0.127225 0.00834802 
10077.4 3.95101e+16 0.12718 0.00819016 
10083.9 3.94761e+16 0.127122 0.00758388 
10090.4 3.94408e+16 0.127051 0.00656222 
10096.9 3.94042e+16 0.126967 0.00517876 
10103.5 3.93664e+16 0.12687 0.00350561 
10110 3.93278e+16 0.126765 0.00163048 
10116.5 3.92886e+16 0.126654 -0.000347005 
10123 3.92492e+16 0.126542 -0.00231987 
10129.5 3.92101e+16 0.126435 -0.00417878 
10136 3.91718e+16 0.126334 -0.00581752 
10142.6 3.91345e+16 0.126245 -0.0071386 
10149.1 3.90985e+16 0.12617 -0.0080587 
10155.6 3.90639e+16 0.126108 -0.00851366 
10162.1 3.90308e+16 0.12606 -0.00846274 
10168.7 3.89989e+16 0.126025 -0.00789184 
10175.2 3.89679e+16 0.125998 -0.00681536 
10181.7 3.89375e+16 0.125976 -0.00527665 
10188.2 3.89073e+16 0.125954 -0.00334671 
10194.8 3.88768e+16 0.125929 -0.0011214 
10201.3 3.88456e+16 0.125895 0.00128308 
10207.8 3.88134e+16 0.12585 0.00373595 
10214.4 3.87799e+16 0.125791 0.00609882 
10220.9 3.87451e+16 0.125717 0.00823335 
10227.4 3.87089e+16 0.12563 0.0100092 
10234 3.86716e+16 0.125531 0.0113118 
10240.5 3.86335e+16 0.125423 0.0120495 
10247 3.85949e+16 0.125311 0.0121595 
10253.6 3.85564e+16 0.1252 0.0116126 
10260.1 3.85183e+16 0.125093 0.0104154 
10266.7 3.8481e+16 0.124995 0.00861112 
10273.2 3.8445e+16 0.12491 0.00627792 
10279.7 3.84103e+16 0.124838 0.00352538 
10286.3 3.83771e+16 0.124782 0.000488763 
10292.8 3.83453e+16 0.124739 -0.00267809 
10299.4 3.83147e+16 0.124708 -0.00581112 
10305.9 3.82849e+16 0.124685 -0.00874514 
10312.5 3.82556e+16 0.124666 -0.011323 
10319 3.82263e+16 0.124647 -0.0134045 
10325.6 3.81966e+16 0.124621 -0.0148739 
10332.1 3.8166e+16 0.124587 -0.0156472 
10338.7 3.81342e+16 0.124539 -0.0156759 
10345.2 3.81011e+16 0.124478 -0.0149504 
10351.8 3.80666e+16 0.124401 -0.0135001 
10358.3 3.80309e+16 0.124311 -0.0113922 
10364.9 3.7994e+16 0.124209 -0.00872732 
10371.4 3.79565e+16 0.1241 -0.00563438 
10378 3.79187e+16 0.123988 -0.00226348 
10384.5 3.7881e+16 0.123877 0.0012222 
10391.1 3.7844e+16 0.123773 0.00465498 
10397.6 3.7808e+16 0.123679 0.00787143 
10404.2 3.77733e+16 0.123598 0.0107206 
10410.8 3.774e+16 0.123532 0.0130714 
10417.3 3.77082e+16 0.123481 0.0148189 
10423.9 3.76777e+16 0.123443 0.0158888 
10430.5 3.76483e+16 0.123417 0.0162408 
10437 3.76197e+16 0.123397 0.015869 
10443.6 3.75913e+16 0.123381 0.0148019 
10450.2 3.75627e+16 0.123361 0.0130999 
10456.7 3.75335e+16 0.123335 0.0108513 
10463.3 3.75033e+16 0.123298 0.00816752 
10469.9 3.74719e+16 0.123248 0.00517703 
10476.4 3.74391e+16 0.123182 0.00201894 
10483 3.74049e+16 0.123102 -0.00116375 
10489.6 3.73695e+16 0.123008 -0.00423068 
10496.2 3.73332e+16 0.122904 -0.00705035 
10502.7 3.72963e+16 0.122794 -0.00950561 
10509.3 3.72593e+16 0.122683 -0.0114983 
10515.9 3.72227e+16 0.122575 -0.0129528 
10522.5 3.71869e+16 0.122474 -0.0138186 
10529 3.71522e+16 0.122385 -0.0140717 
10535.6 3.71188e+16 0.12231 -0.0137147 
10542.2 3.7087e+16 0.12225 -0.0127759 
10548.8 3.70565e+16 0.122205 -0.0113077 
10555.4 3.70273e+16 0.122173 -0.00938385 
10561.9 3.69991e+16 0.12215 -0.0070958 
10568.5 3.69713e+16 0.122133 -0.00454894 
10575.1 3.69437e+16 0.122117 -0.00185809 
10581.7 3.69157e+16 0.122097 0.000857211 
10588.3 3.68869e+16 0.122068 0.00347758 
10594.9 3.6857e+16 0.122028 0.00588857 
10601.5 3.68258e+16 0.121973 0.0079853 
10608.1 3.67932e+16 0.121903 0.00967683 
10614.7 3.67593e+16 0.121819 0.01089 
10621.2 3.67243e+16 0.121723 0.0115725 
10627.8 3.66885e+16 0.121617 0.0116958 
10634.4 3.66524e+16 0.121507 0.011256 
10641 3.66164e+16 0.121398 0.0102754 
10647.6 3.6581e+16 0.121293 0.00880105 
10654.2 3.65464e+16 0.121198 0.00690406 
10660.8 3.65131e+16 0.121115 0.00467631 
10667.4 3.64812e+16 0.121046 0.00222697 
10674 3.64507e+16 0.120993 -0.000322311 
10680.6 3.64216e+16 0.120954 -0.00284293 
10687.2 3.63936e+16 0.120926 -0.00520544 
10693.8 3.63663e+16 0.120907 -0.00728604 
10700.4 3.63393e+16 0.120891 -0.00897297 
10707 3.63122e+16 0.120874 -0.0101726 
10713.6 3.62846e+16 0.120852 -0.010815 
10720.3 3.62561e+16 0.12082 -0.0108582 
10726.9 3.62263e+16 0.120775 -0.0102912 
10733.5 3.61953e+16 0.120715 -0.00913571 
10740.1 3.61629e+16 0.12064 -0.00744576 
10746.7 3.61293e+16 0.120552 -0.00530573 
10753.3 3.60948e+16 0.120454 -0.0028265 
10759.9 3.60597e+16 0.120347 -0.000140065 
10766.5 3.60245e+16 0.120239 0.00260728 
10773.1 3.59895e+16 0.120132 0.00526283 
10779.8 3.59553e+16 0.120033 0.00767584 
10786.4 3.59221e+16 0.119943 0.00970613 
10793 3.58903e+16 0.119867 0.0112322 
10799.6 3.58598e+16 0.119806 0.0121586 
10806.2 3.58307e+16 0.11976 0.0124217 
10812.9 3.58027e+16 0.119726 0.011994 
10819.5 3.57757e+16 0.119702 0.0108861 
10826.1 3.57493e+16 0.119685 0.00914687 
10832.7 3.57229e+16 0.11967 0.00686091 
10839.4 3.56962e+16 0.119651 0.00414435 
10846 3.56688e+16 0.119625 0.00113847 
10852.6 3.56404e+16 0.119588 -0.00199807 
10859.2 3.56108e+16 0.119538 -0.00509802 
10865.9 3.55799e+16 0.119473 -0.00799492 
10872.5 3.55477e+16 0.119393 -0.0105324 
10879.1 3.55145e+16 0.119302 -0.0125727 
10885.8 3.54805e+16 0.119201 -0.0140045 
10892.4 3.54462e+16 0.119096 -0.0147487 
10899 3.5412e+16 0.11899 -0.0147628 
10905.7 3.53782e+16 0.118888 -0.0140425 
10912.3 3.53453e+16 0.118794 -0.0126219 
10918.9 3.53135e+16 0.118712 -0.0105711 
10925.6 3.52831e+16 0.118643 -0.00799181 
10932.2 3.5254e+16 0.11859 -0.00501169 
10938.9 3.52261e+16 0.118549 -0.00177715 
10945.5 3.51993e+16 0.118521 0.00155458 
10952.1 3.51732e+16 0.1185 0.00482366 
10958.8 3.51474e+16 0.118484 0.00787579 
10965.4 3.51215e+16 0.118467 0.0105697 
10972.1 3.5095e+16 0.118445 0.0127837 
10978.7 3.50678e+16 0.118415 0.0144211 
10985.4 3.50394e+16 0.118372 0.0154139 
10992 3.50099e+16 0.118316 0.015725 
10998.7 3.49791e+16 0.118245 0.0153492 
11005.3 3.49472e+16 0.118162 0.0143121 
11012 3.49144e+16 0.118068 0.0126676 
11018.6 3.48811e+16 0.117967 0.0104953 
11025.3 3.48477e+16 0.117863 0.0078954 
11031.9 3.48145e+16 0.11776 0.00498401 
11038.6 3.4782e+16 0.117664 0.00188785 
11045.2 3.47505e+16 0.117577 -0.00126137 
11051.9 3.47202e+16 0.117503 -0.00433241 
11058.6 3.46911e+16 0.117442 -0.00719971 
11065.2 3.46633e+16 0.117396 -0.00974804 
11071.9 3.46366e+16 0.117361 -0.0118767 
11078.5 3.46107e+16 0.117337 -0.0135032 
11085.2 3.45853e+16 0.117318 -0.0145658 
11091.9 3.456e+16 0.117302 -0.0150256 
11098.5 3.45344e+16 0.117282 -0.014868 
11105.2 3.45081e+16 0.117256 -0.0141027 
11111.9 3.44809e+16 0.11722 -0.0127637 
11118.5 3.44526e+16 0.117171 -0.0109077 
11125.2 3.44231e+16 0.117109 -0.00861225 
11131.9 3.43925e+16 0.117033 -0.00597306 
11138.5 3.43609e+16 0.116946 -0.00310027 
11145.2 3.43287e+16 0.11685 -0.000114412 
11151.9 3.42962e+16 0.11675 0.00285826 
11158.5 3.42637e+16 0.116649 0.00569085 
11165.2 3.42317e+16 0.116551 0.00826111 
11171.9 3.42006e+16 0.116462 0.0104567 
11178.6 3.41704e+16 0.116383 0.0121805 
11185.3 3.41415e+16 0.116317 0.0133547 
11191.9 3.41138e+16 0.116264 0.0139255 
11198.6 3.40872e+16 0.116224 0.0138658 
11205.3 3.40615e+16 0.116195 0.0131768 
11212 3.40364e+16 0.116173 0.0118896 
11218.7 3.40115e+16 0.116155 0.0100632 
11225.3 3.39866e+16 0.116136 0.00778354 
11232 3.39612e+16 0.116113 0.00515912 
11238.7 3.3935e+16 0.116082 0.00231654 
11245.4 3.39077e+16 0.116039 -0.000605539 
11252.1 3.38794e+16 0.115984 -0.00346308 
11258.8 3.385e+16 0.115916 -0.00611393 
11265.5 3.38196e+16 0.115836 -0.00842513 
11272.1 3.37885e+16 0.115746 -0.01028 
11278.8 3.37569e+16 0.11565 -0.0115845 
11285.5 3.37253e+16 0.115551 -0.0122726 
11292.2 3.3694e+16 0.115455 -0.01231 
11298.9 3.36632e+16 0.115363 -0.0116967 
11305.6 3.36334e+16 0.115281 -0.0104673 
11312.3 3.36047e+16 0.115211 -0.00868947 
11319 3.35771e+16 0.115153 -0.00646083 
11325.7 3.35506e+16 0.115107 -0.0039037 
11332.4 3.3525e+16 0.115073 -0.00115878 
11339.1 3.35002e+16 0.115048 0.0016226 
11345.8 3.34757e+16 0.115027 0.00428669 
11352.5 3.34513e+16 0.115009 0.00668595 
11359.2 3.34266e+16 0.114987 0.00868723 
11365.9 3.34012e+16 0.114959 0.0101794 
11372.6 3.3375e+16 0.114921 0.0110795 
11379.3 3.33478e+16 0.114872 0.0113378 
11386 3.33195e+16 0.114811 0.0109403 
11392.7 3.32902e+16 0.114737 0.0099096 
11399.5 3.32602e+16 0.114654 0.00830398 
11406.2 3.32296e+16 0.114562 0.00621368 
11412.9 3.31988e+16 0.114467 0.0037559 
11419.6 3.31682e+16 0.114372 0.00106813 
11426.3 3.3138e+16 0.114281 -0.00169967 
11433 3.31086e+16 0.114197 -0.00439353 
11439.7 3.30801e+16 0.114123 -0.00686412 
11446.4 3.30527e+16 0.11406 -0.00897499 
11453.2 3.30263e+16 0.11401 -0.01061 
11459.9 3.3001e+16 0.113972 -0.0116795 
11466.6 3.29763e+16 0.113942 -0.0121251 
11473.3 3.29522e+16 0.113919 -0.0119219 
11480 3.29282e+16 0.113899 -0.0110802 
11486.8 3.29041e+16 0.113878 -0.00964339 
11493.5 3.28795e+16 0.113852 -0.00768594 
11500.2 3.28541e+16 0.113818 -0.00530826 
11506.9 3.28279e+16 0.113774 -0.00263122 
11513.7 3.28006e+16 0.113718 0.000210631 
11520.4 3.27724e+16 0.113651 0.00307618 
11527.1 3.27434e+16 0.113573 0.00582507 
11533.9 3.27138e+16 0.113487 0.00832454 
11540.6 3.26839e+16 0.113396 0.0104558 
11547.3 3.2654e+16 0.113303 0.0121191 
11554 3.26244e+16 0.113212 0.0132382 
11560.8 3.25955e+16 0.113127 0.0137629 
11567.5 3.25673e+16 0.113051 0.0136705 
11574.3 3.25402e+16 0.112986 0.012966 
11581 3.25141e+16 0.112932 0.0116811 
11587.7 3.24889e+16 0.112889 0.00987198 
11594.5 3.24645e+16 0.112856 0.0076161 
11601.2 3.24406e+16 0.11283 0.00500867 
11607.9 3.2417e+16 0.112808 0.00215829 
11614.7 3.23934e+16 0.112786 -0.000817504 
11621.4 3.23694e+16 0.112762 -0.00379685 
11628.2 3.23448e+16 0.11273 -0.00665817 
11634.9 3.23194e+16 0.11269 -0.00928456 
11641.7 3.22931e+16 0.112639 -0.0115679 
11648.4 3.22659e+16 0.112577 -0.0134128 
11655.2 3.22379e+16 0.112504 -0.0147399 
11661.9 3.22092e+16 0.112423 -0.0154886 
11668.7 3.21802e+16 0.112336 -0.01562 
11675.4 3.21511e+16 0.112246 -0.015118 
11682.2 3.21221e+16 0.112157 -0.0139911 
11688.9 3.20937e+16 0.112073 -0.0122724 
11695.7 3.2066e+16 0.111996 -0.0100192 
11702.4 3.20392e+16 0.111928 -0.00731184 
11709.2 3.20133e+16 0.111871 -0.00425145 
11715.9 3.19883e+16 0.111824 -0.000956588 
11722.7 3.19641e+16 0.111788 0.0024407 
11729.4 3.19406e+16 0.111759 0.00579984 
11736.2 3.19173e+16 0.111735 0.0089774 
11743 3.18941e+16 0.111712 0.0118331 
11749.7 3.18707e+16 0.111688 0.0142365 
11756.5 3.18468e+16 0.111658 0.0160727 
11763.3 3.18221e+16 0.11162 0.0172491 
11770 3.17967e+16 0.111573 0.0176998 
11776.8 3.17704e+16 0.111516 0.0173906 
11783.6 3.17433e+16 0.111448 0.0163209 
11790.3 3.17155e+16 0.111372 0.0145259 
11797.1 3.16873e+16 0.111289 0.0120751 
11803.9 3.1659e+16 0.111202 0.00907098 
11810.6 3.16308e+16 0.111116 0.00564392 
11817.4 3.16029e+16 0.111032 0.00194708 
11824.2 3.15757e+16 0.110954 -0.00185096 
11831 3.15492e+16 0.110885 -0.00557435 
11837.7 3.15236e+16 0.110826 -0.0090487 
11844.5 3.14989e+16 0.110776 -0.01211 
11851.3 3.1475e+16 0.110737 -0.014613 
11858.1 3.14517e+16 0.110705 -0.0164391 
11864.8 3.14288e+16 0.110679 -0.0175025 
11871.6 3.1406e+16 0.110655 -0.0177546 
11878.4 3.1383e+16 0.11063 -0.0171872 
11885.2 3.13597e+16 0.110601 -0.0158326 
11892 3.13357e+16 0.110566 -0.013762 
11898.8 3.1311e+16 0.110522 -0.0110819 
11905.5 3.12855e+16 0.110468 -0.00792799 
11912.3 3.12593e+16 0.110404 -0.00445859 
11919.1 3.12324e+16 0.110332 -0.000845758 
11925.9 3.1205e+16 0.110253 0.00273349 
11932.7 3.11775e+16 0.11017 0.00610644 
11939.5 3.11499e+16 0.110086 0.00911353 
11946.3 3.11227e+16 0.110004 0.0116163 
11953.1 3.1096e+16 0.109927 0.013504 
11959.9 3.10699e+16 0.109857 0.0146992 
11966.6 3.10447e+16 0.109796 0.0151604 
11973.4 3.10203e+16 0.109744 0.0148836 
11980.2 3.09967e+16 0.109702 0.0139018 
11987 3.09736e+16 0.109668 0.012282 
11993.8 3.0951e+16 0.10964 0.010121 
12000.6 3.09286e+16 0.109614 0.00753996 
12007.4 3.09061e+16 0.109589 0.00467702 
12014.2 3.08832e+16 0.10956 0.00168027 
12021 3.08599e+16 0.109526 -0.00130007 
12027.8 3.08359e+16 0.109484 -0.00411923 
12034.7 3.08111e+16 0.109434 -0.00664482 
12041.5 3.07857e+16 0.109374 -0.00876292 
12048.3 3.07596e+16 0.109305 -0.010383 
12055.1 3.0733e+16 0.10923 -0.0114416 
12061.9 3.07062e+16 0.10915 -0.0119042 
12068.7 3.06794e+16 0.109069 -0.011766 
12075.5 3.06527e+16 0.108988 -0.0110509 
12082.3 3.06266e+16 0.108912 -0.00980949 
12089.1 3.0601e+16 0.108842 -0.00811573 
12095.9 3.05762e+16 0.10878 -0.00606244 
12102.8 3.05521e+16 0.108728 -0.00375655 
12109.6 3.05288e+16 0.108684 -0.0013137 
12116.4 3.0506e+16 0.108647 0.00114725 
12123.2 3.04837e+16 0.108617 0.00350958 
12130 3.04616e+16 0.10859 0.00566379 
12136.8 3.04395e+16 0.108564 0.0075121 
12143.7 3.04172e+16 0.108535 0.00897229 
12150.5 3.03944e+16 0.108502 0.00998077 
12157.3 3.0371e+16 0.108461 0.0104948 
12164.1 3.03469e+16 0.108413 0.0104938 
12171 3.03221e+16 0.108356 0.00997966 
12177.8 3.02968e+16 0.108291 0.00897671 
12184.6 3.0271e+16 0.108219 0.00753008 
12191.4 3.02449e+16 0.108142 0.00570403 
12198.3 3.02187e+16 0.108063 0.00357928 
12205.1 3.01928e+16 0.107985 0.00124987 
12211.9 3.01671e+16 0.10791 -0.00118046 
12218.8 3.01421e+16 0.107841 -0.00360225 
12225.6 3.01177e+16 0.107779 -0.00590461 
12232.4 3.0094e+16 0.107725 -0.00797963 
12239.3 3.0071e+16 0.10768 -0.00972684 
12246.1 3.00486e+16 0.107642 -0.0110575 
12252.9 3.00266e+16 0.10761 -0.0118988 
12259.8 3.00048e+16 0.107581 -0.0121974 
12266.6 2.99831e+16 0.107554 -0.0119225 
12273.5 2.99612e+16 0.107525 -0.0110682 
12280.3 2.99389e+16 0.107492 -0.00965476 
12287.1 2.9916e+16 0.107452 -0.00772913 
12294 2.98925e+16 0.107406 -0.00536381 
12300.8 2.98684e+16 0.107351 -0.00265489 
12307.7 2.98438e+16 0.107289 0.000281361 
12314.5 2.98187e+16 0.10722 0.00331304 
12321.4 2.97933e+16 0.107146 0.00629821 
12328.2 2.97678e+16 0.10707 0.00909138 
12335.1 2.97424e+16 0.106994 0.0115505 
12341.9 2.97174e+16 0.106921 0.0135443 
12348.8 2.96929e+16 0.106852 0.0149594 
12355.6 2.9669e+16 0.106791 0.0157065 
12362.5 2.96457e+16 0.106737 0.0157269 
12369.3 2.9623e+16 0.10669 0.0149957 
12376.2 2.9601e+16 0.106651 0.0135252 
12383 2.95793e+16 0.106617 0.0113653 
12389.9 2.95579e+16 0.106588 0.00860251 
12396.8 2.95365e+16 0.106559 0.00535616 
12403.6 2.95149e+16 0.106529 0.00177354 
12410.5 2.9493e+16 0.106496 -0.00197725 
12417.3 2.94707e+16 0.106458 -0.00571564 
12424.2 2.94478e+16 0.106412 -0.00925784 
12431.1 2.94243e+16 0.106359 -0.0124265 
12437.9 2.94002e+16 0.106299 -0.0150603 
12444.8 2.93758e+16 0.106233 -0.0170226 
12451.7 2.93511e+16 0.106162 -0.0182094 
12458.5 2.93262e+16 0.106088 -0.0185545 
12465.4 2.93015e+16 0.106015 -0.018034 
12472.3 2.92771e+16 0.105943 -0.0166675 
12479.1 2.92531e+16 0.105876 -0.0145174 
12486 2.92297e+16 0.105815 -0.0116851 
12492.9 2.92068e+16 0.105761 -0.00830633 
12499.8 2.91846e+16 0.105715 -0.0045436 
12506.6 2.91629e+16 0.105674 -0.000577513 
12513.5 2.91415e+16 0.10564 0.00340261 
12520.4 2.91204e+16 0.105608 0.00720858 
12527.3 2.90994e+16 0.105579 0.0106629 
12534.2 2.90782e+16 0.105548 0.0136078 
12541 2.90567e+16 0.105515 0.0159123 
12547.9 2.90348e+16 0.105476 0.0174788 
12554.8 2.90123e+16 0.105432 0.0182467 
12561.7 2.89894e+16 0.10538 0.0181945 
12568.6 2.8966e+16 0.105322 0.0173398 
12575.5 2.89421e+16 0.105258 0.0157371 
12582.3 2.89181e+16 0.10519 0.0134742 
12589.2 2.88939e+16 0.105119 0.0106666 
12596.1 2.88698e+16 0.105048 0.00745111 
12603 2.8846e+16 0.104978 0.00397895 
12609.9 2.88225e+16 0.104913 0.000407988 
12616.8 2.87996e+16 0.104853 -0.0031046 
12623.7 2.87772e+16 0.104799 -0.00640926 
12630.6 2.87553e+16 0.104752 -0.00937035 
12637.5 2.8734e+16 0.104711 -0.0118714 
12644.4 2.87129e+16 0.104675 -0.0138191 
12651.3 2.86922e+16 0.104643 -0.0151466 
12658.2 2.86714e+16 0.104613 -0.0158145 
12665.1 2.86506e+16 0.104581 -0.015812 
12672 2.86294e+16 0.104547 -0.0151555 
12678.9 2.86079e+16 0.104509 -0.0138874 
12685.8 2.8586e+16 0.104465 -0.0120732 
12692.7 2.85636e+16 0.104414 -0.0097982 
12699.6 2.85407e+16 0.104358 -0.00716393 
12706.5 2.85174e+16 0.104296 -0.00428359 
12713.4 2.8494e+16 0.10423 -0.0012778 
12720.3 2.84704e+16 0.104161 0.00173004 
12727.2 2.8447e+16 0.104092 0.00461823 
12734.1 2.84237e+16 0.104025 0.00727122 
12741 2.84008e+16 0.103961 0.00958368 
12747.9 2.83784e+16 0.103902 0.0114643 
12754.8 2.83565e+16 0.103849 0.0128393 
12761.8 2.8335e+16 0.103802 0.0136548 
12768.7 2.8314e+16 0.103761 0.0138794 
12775.6 2.82933e+16 0.103725 0.0135055 
12782.5 2.82728e+16 0.103691 0.0125497 
12789.4 2.82524e+16 0.10366 0.0110528 
12796.3 2.82318e+16 0.103627 0.00907833 
12803.3 2.82111e+16 0.103593 0.00671083 
12810.2 2.819e+16 0.103554 0.00405248 
12817.1 2.81684e+16 0.10351 0.00121939 
12824 2.81465e+16 0.103461 -0.00166302 
12831 2.81242e+16 0.103406 -0.00446522 
12837.9 2.81015e+16 0.103346 -0.00705919 
12844.8 2.80786e+16 0.103282 -0.00932414 
12851.7 2.80557e+16 0.103215 -0.0111522 
12858.7 2.80328e+16 0.103149 -0.0124538 
12865.6 2.80102e+16 0.103084 -0.0131622 
12872.5 2.79878e+16 0.103021 -0.0132374 
12879.5 2.79659e+16 0.102964 -0.0126688 
12886.4 2.79444e+16 0.102912 -0.0114763 
12893.3 2.79234e+16 0.102865 -0.00971052 
12900.3 2.79027e+16 0.102823 -0.00745091 
12907.2 2.78823e+16 0.102786 -0.00480263 
12914.1 2.78621e+16 0.102752 -0.00189206 
12921.1 2.7842e+16 0.102719 0.00113901 
12928 2.78218e+16 0.102686 0.00414013 
12934.9 2.78013e+16 0.102651 0.00695957 
12941.9 2.77806e+16 0.102612 0.00945207 
12948.8 2.77595e+16 0.102569 0.0114863 
12955.8 2.7738e+16 0.10252 0.0129522 
12962.7 2.77162e+16 0.102466 0.0137666 
12969.7 2.76941e+16 0.102408 0.0138786 
12976.6 2.76718e+16 0.102346 0.0132727 
12983.6 2.76495e+16 0.102282 0.0119701 
12990.5 2.76272e+16 0.102217 0.0100285 
12997.4 2.76051e+16 0.102154 0.00753938 
13004.4 2.75833e+16 0.102093 0.00462412 
13011.3 2.75618e+16 0.102037 0.00142779 
13018.3 2.75408e+16 0.101986 -0.00188814 
13025.3 2.75201e+16 0.101939 -0.00515405 
13032.2 2.74998e+16 0.101898 -0.00820109 
13039.2 2.74797e+16 0.10186 -0.0108701 
13046.1 2.74598e+16 0.101825 -0.0130201 
13053.1 2.744e+16 0.101792 -0.0145358 
13060 2.742e+16 0.101758 -0.015334 
13067 2.73999e+16 0.101722 -0.0153682 
13074 2.73796e+16 0.101683 -0.0146306 
13080.9 2.73589e+16 0.10164 -0.0131533 
13087.9 2.73379e+16 0.101592 -0.0110061 
13094.8 2.73166e+16 0.101539 -0.00829311 
13101.8 2.7295e+16 0.101482 -0.00514683 
13108.8 2.72733e+16 0.101422 -0.0017215 
13115.7 2.72515e+16 0.10136 0.0018152 
13122.7 2.72298e+16 0.101297 0.00529082 
13129.7 2.72082e+16 0.101236 0.00853702 
13136.6 2.71869e+16 0.101177 0.011398 
13143.6 2.71659e+16 0.101122 0.013738 
13150.6 2.71452e+16 0.101071 0.0154481 
13157.6 2.71249e+16 0.101025 0.0164505 
13164.5 2.7105e+16 0.100984 0.0167023 
13171.5 2.70852e+16 0.100946 0.0161961 
13178.5 2.70656e+16 0.10091 0.01496 
13185.5 2.70461e+16 0.100876 0.0130551 
13192.4 2.70265e+16 0.100842 0.0105715 
13199.4 2.70067e+16 0.100805 0.00762366 
13206.4 2.69867e+16 0.100766 0.0043444 
13213.4 2.69664e+16 0.100723 0.000878184 
13220.4 2.69459e+16 0.100676 -0.00262529 
13227.4 2.6925e+16 0.100624 -0.00601777 
13234.3 2.6904e+16 0.100568 -0.00915848 
13241.3 2.68828e+16 0.10051 -0.0119196 
13248.3 2.68615e+16 0.100449 -0.0141911 
13255.3 2.68403e+16 0.100388 -0.0158839 
13262.3 2.68193e+16 0.100329 -0.0169333 
13269.3 2.67984e+16 0.100271 -0.0173001 
13276.3 2.67779e+16 0.100217 -0.0169717 
13283.3 2.67576e+16 0.100168 -0.0159616 
13290.3 2.67377e+16 0.100122 -0.014309 
13297.2 2.6718e+16 0.100081 -0.0120766 
13304.2 2.66986e+16 0.100043 -0.00934861 
13311.2 2.66793e+16 0.100007 -0.00622772 
13318.2 2.66601e+16 0.0999724 -0.0028318 
13325.2 2.66408e+16 0.0999375 0.000709976 
13332.2 2.66214e+16 0.0999011 0.0042614 
13339.2 2.66018e+16 0.0998618 0.00768374 
13346.2 2.65819e+16 0.0998189 0.0108406 
13353.2 2.65618e+16 0.099772 0.013603 
13360.2 2.65414e+16 0.0997211 0.015854 
13367.2 2.65209e+16 0.0996665 0.0174941 
13374.2 2.65002e+16 0.0996092 0.0184453 
13381.3 2.64794e+16 0.0995502 0.0186554 
13388.3 2.64587e+16 0.099491 0.0181007 
13395.3 2.64381e+16 0.0994327 0.0167889 
13402.3 2.64177e+16 0.0993767 0.0147594 
13409.3 2.63975e+16 0.0993238 0.0120837 
13416.3 2.63777e+16 0.0992749 0.0088626 
13423.3 2.63581e+16 0.0992299 0.00522397 
13430.3 2.63388e+16 0.0991888 0.00131731 
13437.3 2.63197e+16 0.0991508 -0.00269202 
13444.4 2.63007e+16 0.0991151 -0.00662993 
13451.4 2.62818e+16 0.0990804 -0.0103214 
13458.4 2.62629e+16 0.0990453 -0.0135989 
13465.4 2.62438e+16 0.0990087 -0.0163101 
13472.4 2.62246e+16 0.0989695 -0.0183262 
13479.5 2.62052e+16 0.0989269 -0.0195484 
13486.5 2.61855e+16 0.0988804 -0.0199132 
13493.5 2.61655e+16 0.09883 -0.0193967 
13500.5 2.61454e+16 0.0987763 -0.018016 
13507.6 2.61252e+16 0.0987201 -0.0158293 
13514.6 2.61049e+16 0.0986623 -0.0129335 
13521.6 2.60846e+16 0.0986042 -0.00945993 
13528.6 2.60644e+16 0.0985472 -0.00556827 
13535.7 2.60444e+16 0.0984924 -0.0014387 
13542.7 2.60247e+16 0.0984406 0.00273678 
13549.7 2.60052e+16 0.0983926 0.00676382 
13556.8 2.5986e+16 0.0983484 0.0104554 
13563.8 2.5967e+16 0.0983078 0.0136409 
13570.8 2.59483e+16 0.0982702 0.0161749 
13577.9 2.59297e+16 0.0982347 0.0179438 
13584.9 2.59111e+16 0.0982 0.0188716 
13591.9 2.58925e+16 0.098165 0.0189235 
13599 2.58738e+16 0.0981284 0.0181069 
13606 2.5855e+16 0.0980892 0.0164708 
13613.1 2.58359e+16 0.0980466 0.0141032 
13620.1 2.58166e+16 0.0980004 0.0111258 
13627.2 2.57971e+16 0.0979505 0.00768792 
13634.2 2.57774e+16 0.0978973 0.00395869 
13641.2 2.57575e+16 0.0978418 0.000118318 
13648.3 2.57376e+16 0.0977849 -0.00365079 
13655.3 2.57178e+16 0.0977279 -0.007173 
13662.4 2.5698e+16 0.097672 -0.0102879 
13669.4 2.56784e+16 0.0976183 -0.0128577 
13676.5 2.5659e+16 0.0975677 -0.0147735 
13683.5 2.56399e+16 0.0975207 -0.01596 
13690.6 2.56211e+16 0.0974774 -0.0163779 
13697.6 2.56025e+16 0.0974376 -0.0160256 
13704.7 2.55842e+16 0.0974007 -0.0149377 
13711.8 2.55659e+16 0.0973656 -0.0131826 
13718.8 2.55477e+16 0.0973313 -0.0108584 
13725.9 2.55295e+16 0.0972964 -0.00808714 
13732.9 2.55112e+16 0.0972598 -0.00500872 
13740 2.54927e+16 0.0972205 -0.0017734 
13747.1 2.5474e+16 0.0971779 0.00146537 
13754.1 2.54551e+16 0.0971317 0.00455825 
13761.2 2.54359e+16 0.0970819 0.00736677 
13768.2 2.54165e+16 0.097029 0.00976935 
13775.3 2.53971e+16 0.0969739 0.0116663 
13782.4 2.53775e+16 0.0969177 0.0129835 
13789.4 2.53581e+16 0.0968616 0.0136751 
13796.5 2.53387e+16 0.0968067 0.0137241 
13803.6 2.53195e+16 0.0967542 0.0131425 
13810.7 2.53005e+16 0.0967049 0.0119698 
13817.7 2.52818e+16 0.0966592 0.0102698 
13824.8 2.52634e+16 0.0966172 0.00812773 
13831.9 2.52452e+16 0.0965785 0.00564561 
13838.9 2.52272e+16 0.0965424 0.00293756 
13846 2.52093e+16 0.096508 0.000124825 
13853.1 2.51915e+16 0.096474 -0.00266928 
13860.2 2.51737e+16 0.0964393 -0.00532426 
13867.3 2.51557e+16 0.0964027 -0.00772703 
13874.3 2.51375e+16 0.0963632 -0.00977605 
13881.4 2.51192e+16 0.0963203 -0.011385 
13888.5 2.51005e+16 0.0962737 -0.0124856 
13895.6 2.50817e+16 0.0962237 -0.0130302 
13902.7 2.50627e+16 0.0961709 -0.0129932 
13909.8 2.50435e+16 0.096116 -0.0123722 
13916.8 2.50244e+16 0.0960603 -0.011188 
13923.9 2.50052e+16 0.096005 -0.00948429 
13931 2.49862e+16 0.0959513 -0.00732641 
13938.1 2.49674e+16 0.0959002 -0.00479931 
13945.2 2.49489e+16 0.0958524 -0.00200502 
13952.3 2.49306e+16 0.0958082 0.000940768 
13959.4 2.49126e+16 0.0957677 0.00391271 
13966.5 2.48948e+16 0.0957304 0.00678035 
13973.6 2.48772e+16 0.0956954 0.00941329 
13980.7 2.48597e+16 0.0956618 0.0116865 
13987.8 2.48423e+16 0.0956282 0.013486 
13994.9 2.48248e+16 0.0955935 0.0147144 
14002 2.48071e+16 0.0955566 0.0152959 
14009.1 2.47893e+16 0.0955166 0.0151811 
14016.2 2.47712e+16 0.0954731 0.0143506 
14023.3 2.47529e+16 0.0954259 0.0128174 
14030.4 2.47343e+16 0.0953755 0.0106285 
14037.5 2.47156e+16 0.0953223 0.00786364 
14044.6 2.46967e+16 0.0952676 0.0046339 
14051.7 2.46779e+16 0.0952125 0.00107729 
14058.8 2.46591e+16 0.0951581 -0.00264662 
14065.9 2.46405e+16 0.0951057 -0.00636377 
14073 2.46221e+16 0.0950563 -0.00989383 
14080.1 2.4604e+16 0.0950103 -0.0130591 
14087.3 2.45862e+16 0.094968 -0.0156939 
14094.4 2.45686e+16 0.0949293 -0.0176533 
14101.5 2.45512e+16 0.0948935 -0.018822 
14108.6 2.45341e+16 0.0948597 -0.0191207 
14115.7 2.4517e+16 0.0948268 -0.0185121 
14122.8 2.44999e+16 0.0947935 -0.0170035 
14130 2.44827e+16 0.0947586 -0.0146479 
14137.1 2.44653e+16 0.0947211 -0.0115423 
14144.2 2.44477e+16 0.0946803 -0.00782384 
14151.3 2.44299e+16 0.0946358 -0.00366277 
14158.4 2.44118e+16 0.0945877 0.000745433 
14165.6 2.43935e+16 0.0945365 0.00519012 
14172.7 2.4375e+16 0.0944831 0.00945632 
14179.8 2.43565e+16 0.0944285 0.0133359 
14186.9 2.4338e+16 0.094374 0.0166384 
14194.1 2.43196e+16 0.0943209 0.0192009 
14201.2 2.43014e+16 0.0942701 0.0208966 
14208.3 2.42834e+16 0.0942227 0.0216411 
14215.5 2.42657e+16 0.0941789 0.0213968 
14222.6 2.42484e+16 0.0941388 0.0201739 
14229.7 2.42313e+16 0.094102 0.0180302 
14236.9 2.42144e+16 0.0940679 0.015067 
14244 2.41976e+16 0.0940352 0.0114242 
14251.1 2.41809e+16 0.0940028 0.00727189 
14258.3 2.41641e+16 0.0939695 0.00280238 
14265.4 2.41472e+16 0.093934 -0.00178003 
14272.6 2.413e+16 0.0938955 -0.00626894 
14279.7 2.41126e+16 0.0938534 -0.0104656 
14286.8 2.4095e+16 0.0938076 -0.014188 
14294 2.40771e+16 0.0937584 -0.0172787 
14301.1 2.4059e+16 0.0937064 -0.0196116 
14308.3 2.40408e+16 0.0936527 -0.0210961 
14315.4 2.40226e+16 0.0935985 -0.0216803 
14322.6 2.40044e+16 0.093545 -0.021352 
14329.7 2.39864e+16 0.0934934 -0.0201379 
14336.9 2.39687e+16 0.0934448 -0.018101 
14344 2.39512e+16 0.0933997 -0.015337 
14351.2 2.3934e+16 0.0933585 -0.0119691 
14358.3 2.39171e+16 0.0933208 -0.00814231 
14365.5 2.39005e+16 0.0932861 -0.00401692 
14372.6 2.3884e+16 0.0932535 0.000238107 
14379.8 2.38676e+16 0.0932217 0.00445192 
14386.9 2.38512e+16 0.0931895 0.00845828 
14394.1 2.38347e+16 0.0931556 0.0121016 
14401.3 2.3818e+16 0.093119 0.0152424 
14408.4 2.3801e+16 0.093079 0.0177623 
14415.6 2.37838e+16 0.0930353 0.0195677 
14422.7 2.37663e+16 0.0929879 0.0205926 
14429.9 2.37486e+16 0.0929375 0.0208014 
14437.1 2.37308e+16 0.0928848 0.020189 
14444.2 2.37128e+16 0.0928311 0.0187815 
14451.4 2.36949e+16 0.0927776 0.016635 
14458.6 2.36772e+16 0.0927256 0.0138335 
14465.7 2.36596e+16 0.0926761 0.0104859 
14472.9 2.36423e+16 0.0926301 0.00672245 
14480.1 2.36253e+16 0.0925878 0.00268998 
14487.3 2.36086e+16 0.0925494 -0.00145348 
14494.4 2.35922e+16 0.0925142 -0.00554441 
14501.6 2.3576e+16 0.0924814 -0.00941992 
14508.8 2.356e+16 0.09245 -0.0129241 
14516 2.35439e+16 0.0924186 -0.0159139 
14523.1 2.35278e+16 0.092386 -0.0182654 
14530.3 2.35115e+16 0.0923511 -0.0198789 
14537.5 2.34949e+16 0.0923129 -0.0206829 
14544.7 2.34781e+16 0.0922709 -0.0206385 
14551.9 2.3461e+16 0.0922253 -0.0197408 
14559 2.34437e+16 0.0921762 -0.0180202 
14566.2 2.34261e+16 0.0921246 -0.0155418 
14573.4 2.34085e+16 0.0920715 -0.0124035 
14580.6 2.33909e+16 0.0920183 -0.00873246 
14587.8 2.33734e+16 0.0919661 -0.00468027 
14595 2.3356e+16 0.0919162 -0.00041705 
14602.2 2.33389e+16 0.0918695 0.00387559 
14609.4 2.33222e+16 0.0918266 0.00801222 
14616.6 2.33057e+16 0.0917874 0.0118117 
14623.7 2.32895e+16 0.0917518 0.0151053 
14630.9 2.32736e+16 0.091719 0.0177445 
14638.1 2.32578e+16 0.0916878 0.0196081 
14645.3 2.32421e+16 0.0916571 0.0206083 
14652.5 2.32263e+16 0.0916254 0.0206952 
14659.7 2.32104e+16 0.0915917 0.01986 
14666.9 2.31942e+16 0.091555 0.0181359 
14674.1 2.31778e+16 0.0915146 0.0155976 
14681.3 2.3161e+16 0.0914703 0.0123581 
14688.5 2.31441e+16 0.0914226 0.00856404 
14695.7 2.31269e+16 0.091372 0.00438942 
14702.9 2.31095e+16 0.0913197 2.73088e-05 
14710.1 2.30922e+16 0.0912668 -0.00431908 
14717.4 2.30749e+16 0.0912147 -0.00844618 
14724.6 2.30578e+16 0.0911646 -0.01216 
14731.8 2.30409e+16 0.0911176 -0.0152858 
14739 2.30244e+16 0.0910742 -0.0176766 
14746.2 2.30082e+16 0.0910347 -0.0192212 
14753.4 2.29923e+16 0.0909988 -0.0198492 
14760.6 2.29766e+16 0.0909659 -0.0195352 
14767.8 2.29611e+16 0.0909349 -0.0182997 
14775 2.29457e+16 0.0909047 -0.0162087 
14782.3 2.29302e+16 0.0908738 -0.0133696 
14789.5 2.29146e+16 0.0908411 -0.00992615 
14796.7 2.28988e+16 0.0908054 -0.0060507 
14803.9 2.28827e+16 0.0907662 -0.00193547 
14811.1 2.28663e+16 0.0907232 0.00221752 
14818.4 2.28496e+16 0.0906766 0.00620674 
14825.6 2.28328e+16 0.0906269 0.00984142 
14832.8 2.28157e+16 0.0905753 0.0129511 
14840 2.27986e+16 0.0905229 0.0153938 
14847.3 2.27816e+16 0.0904711 0.0170631 
14854.5 2.27648e+16 0.0904211 0.0178921 
14861.7 2.27481e+16 0.090374 0.0178567 
14869 2.27318e+16 0.0903305 0.0169751 
14876.2 2.27159e+16 0.0902908 0.0153061 
14883.4 2.27002e+16 0.0902549 0.012945 
14890.6 2.26848e+16 0.090222 0.0100179 
14897.9 2.26696e+16 0.0901912 0.00667421 
14905.1 2.26545e+16 0.0901614 0.00307874 
14912.4 2.26393e+16 0.0901311 -0.000596632 
14919.6 2.2624e+16 0.090099 -0.00418155 
14926.8 2.26085e+16 0.0900642 -0.00751504 
14934.1 2.25928e+16 0.0900259 -0.0104526 
14941.3 2.25767e+16 0.0899838 -0.012872 
14948.5 2.25603e+16 0.0899381 -0.0146778 
14955.8 2.25437e+16 0.0898892 -0.0158042 
14963 2.2527e+16 0.0898383 -0.0162166 
14970.3 2.25101e+16 0.0897865 -0.0159116 
14977.5 2.24934e+16 0.0897351 -0.0149153 
14984.8 2.24768e+16 0.0896854 -0.0132815 
14992 2.24604e+16 0.0896385 -0.0110877 
14999.3 2.24444e+16 0.0895951 -0.00843176 
15006.5 2.24287e+16 0.0895556 -0.00542695 
15013.8 2.24133e+16 0.0895198 -0.00219772 
15021 2.23982e+16 0.0894871 0.00112507 
15028.3 2.23833e+16 0.0894566 0.00440871 
15035.5 2.23684e+16 0.089427 0.00752302 
15042.8 2.23535e+16 0.0893971 0.0103444 
15050 2.23385e+16 0.0893656 0.0127599 
15057.3 2.23233e+16 0.0893313 0.0146706 
15064.6 2.23078e+16 0.0892936 0.0159949 
15071.8 2.2292e+16 0.0892521 0.0166716 
15079.1 2.22759e+16 0.089207 0.0166621 
15086.3 2.22596e+16 0.0891588 0.0159526 
15093.6 2.22431e+16 0.0891085 0.0145557 
15100.9 2.22266e+16 0.0890573 0.0125107 
15108.1 2.22101e+16 0.0890064 0.00988376 
15115.4 2.21938e+16 0.0889573 0.00676662 
15122.7 2.21777e+16 0.0889109 0.00327454 
15129.9 2.2162e+16 0.088868 -0.000457053 
15137.2 2.21465e+16 0.0888288 -0.00427702 
15144.5 2.21314e+16 0.0887934 -0.00802398 
15151.8 2.21166e+16 0.088761 -0.0115327 
15159 2.21019e+16 0.0887308 -0.0146412 
15166.3 2.20873e+16 0.0887015 -0.0171983 
15173.6 2.20727e+16 0.0886719 -0.0190711 
15180.9 2.2058e+16 0.0886406 -0.0201519 
15188.1 2.2043e+16 0.0886066 -0.0203651 
15195.4 2.20278e+16 0.0885692 -0.0196717 
15202.7 2.20122e+16 0.088528 -0.0180734 
15210 2.19964e+16 0.0884833 -0.0156143 
15217.3 2.19803e+16 0.0884356 -0.0123801 
15224.5 2.19641e+16 0.0883858 -0.00849622 
15231.8 2.19478e+16 0.0883353 -0.00412273 
15239.1 2.19316e+16 0.0882851 0.000552085 
15246.4 2.19156e+16 0.0882367 0.00532007 
15253.7 2.18998e+16 0.0881911 0.00996283 
15261 2.18844e+16 0.0881489 0.0142622 
15268.3 2.18692e+16 0.0881104 0.0180109 
15275.6 2.18544e+16 0.0880755 0.0210232 
15282.8 2.18399e+16 0.0880436 0.0231443 
15290.1 2.18255e+16 0.0880137 0.0242585 
15297.4 2.18112e+16 0.0879846 0.0242959 
15304.7 2.17968e+16 0.087955 0.0232363 
15312 2.17823e+16 0.0879237 0.0211111 
15319.3 2.17675e+16 0.0878898 0.0180022 
15326.6 2.17525e+16 0.0878524 0.0140391 
15333.9 2.17372e+16 0.0878113 0.00939254 
15341.2 2.17216e+16 0.0877668 0.0042672 
15348.5 2.17057e+16 0.0877195 -0.00110817 
15355.8 2.16898e+16 0.0876703 -0.00649141 
15363.1 2.16738e+16 0.0876204 -0.0116384 
15370.4 2.16579e+16 0.0875711 -0.0163145 
15377.7 2.16422e+16 0.0875236 -0.020306 
15385 2.16267e+16 0.0874789 -0.0234298 
15392.4 2.16116e+16 0.0874377 -0.0255422 
15399.7 2.15967e+16 0.0874001 -0.0265453 
15407 2.15822e+16 0.0873659 -0.0263921 
15414.3 2.15679e+16 0.0873345 -0.0250877 
15421.6 2.15538e+16 0.087305 -0.0226896 
15428.9 2.15397e+16 0.087276 -0.0193041 
15436.2 2.15256e+16 0.0872464 -0.0150816 
15443.5 2.15113e+16 0.0872149 -0.0102094 
15450.9 2.14967e+16 0.0871807 -0.00490226 
15458.2 2.14819e+16 0.0871431 0.000606862 
15465.5 2.14668e+16 0.0871019 0.00607809 
15472.8 2.14514e+16 0.0870575 0.0112754 
15480.1 2.14358e+16 0.0870104 0.015977 
15487.5 2.14201e+16 0.0869617 0.0199855 
15494.8 2.14044e+16 0.0869126 0.0231358 
15502.1 2.13888e+16 0.0868643 0.0253024 
15509.4 2.13733e+16 0.086818 0.0264036 
15516.8 2.13582e+16 0.0867745 0.0264047 
15524.1 2.13434e+16 0.0867344 0.0253182 
15531.4 2.13289e+16 0.0866979 0.0232026 
15538.8 2.13147e+16 0.0866646 0.0201579 
15546.1 2.13007e+16 0.0866338 0.0163214 
15553.4 2.12868e+16 0.0866045 0.0118599 
15560.7 2.12729e+16 0.0865756 0.00696256 
15568.1 2.1259e+16 0.0865457 0.00183199 
15575.4 2.12449e+16 0.0865139 -0.00332405 
15582.8 2.12305e+16 0.0864791 -0.00830134 
15590.1 2.12158e+16 0.0864411 -0.0129071 
15597.4 2.12009e+16 0.0863996 -0.0169672 
15604.8 2.11857e+16 0.0863551 -0.0203321 
15612.1 2.11703e+16 0.0863083 -0.0228816 
15619.5 2.11549e+16 0.0862602 -0.0245284 
15626.8 2.11394e+16 0.0862119 -0.0252205 
15634.1 2.11241e+16 0.0861648 -0.0249414 
15641.5 2.11091e+16 0.0861198 -0.0237103 
15648.8 2.10943e+16 0.0860777 -0.0215802 
15656.2 2.10798e+16 0.086039 -0.0186357 
15663.5 2.10656e+16 0.0860037 -0.0149893 
15670.9 2.10517e+16 0.0859713 -0.0107778 
15678.2 2.10379e+16 0.0859411 -0.00615733 
15685.6 2.10243e+16 0.0859121 -0.00129842 
15692.9 2.10107e+16 0.085883 0.0036194 
15700.3 2.09969e+16 0.0858527 0.00841342 
15707.6 2.09829e+16 0.0858203 0.0129036 
15715 2.09687e+16 0.0857849 0.0169188 
15722.4 2.09542e+16 0.0857462 0.0203022 
15729.7 2.09394e+16 0.0857043 0.0229178 
15737.1 2.09244e+16 0.0856596 0.0246554 
15744.4 2.09092e+16 0.085613 0.0254354 
15751.8 2.08941e+16 0.0855655 0.0252133 
15759.2 2.08789e+16 0.0855183 0.0239823 
15766.5 2.08639e+16 0.0854725 0.0217755 
15773.9 2.08492e+16 0.0854291 0.0186658 
15781.3 2.08348e+16 0.0853887 0.014765 
15788.6 2.08206e+16 0.0853515 0.0102207 
15796 2.08068e+16 0.0853175 0.00521111 
15803.4 2.07932e+16 0.0852861 -6.09679e-05 
15810.7 2.07797e+16 0.0852564 -0.0053763 
15818.1 2.07663e+16 0.0852275 -0.0105084 
15825.5 2.07528e+16 0.0851981 -0.0152336 
15832.9 2.07392e+16 0.0851671 -0.0193411 
15840.2 2.07253e+16 0.0851338 -0.0226438 
15847.6 2.07112e+16 0.0850975 -0.0249872 
15855 2.06969e+16 0.085058 -0.0262576 
15862.4 2.06822e+16 0.0850156 -0.026389 
15869.8 2.06674e+16 0.0849708 -0.0253671 
15877.1 2.06525e+16 0.0849245 -0.0232308 
15884.5 2.06375e+16 0.0848779 -0.0200715 
15891.9 2.06227e+16 0.0848319 -0.0160292 
15899.3 2.06081e+16 0.0847877 -0.0112866 
15906.7 2.05937e+16 0.084746 -0.00605982 
15914.1 2.05796e+16 0.0847074 -0.000588602 
15921.4 2.05658e+16 0.0846719 0.00487579 
15928.8 2.05523e+16 0.0846392 0.0100829 
15936.2 2.0539e+16 0.0846087 0.0147954 
15943.6 2.05258e+16 0.0845794 0.0188012 
15951 2.05126e+16 0.0845504 0.021923 
15958.4 2.04992e+16 0.0845204 0.0240276 
15965.8 2.04857e+16 0.0844885 0.0250315 
15973.2 2.0472e+16 0.0844541 0.0249043 
15980.6 2.0458e+16 0.0844167 0.0236698 
15988 2.04437e+16 0.0843763 0.0214029 
15995.4 2.04292e+16 0.0843334 0.018226 
16002.8 2.04146e+16 0.0842886 0.0143009 
16010.2 2.03999e+16 0.0842428 0.00982059 
16017.6 2.03853e+16 0.0841972 0.00499896 
16025 2.03708e+16 0.0841528 5.98451e-05 
16032.4 2.03565e+16 0.0841104 -0.00477378 
16039.8 2.03425e+16 0.0840707 -0.00929029 
16047.2 2.03288e+16 0.084034 -0.0132988 
16054.6 2.03154e+16 0.0840002 -0.0166373 
16062 2.03022e+16 0.0839688 -0.0191788 
16069.4 2.02891e+16 0.083939 -0.0208355 
16076.8 2.02761e+16 0.0839099 -0.0215613 
16084.2 2.0263e+16 0.0838804 -0.0213518 
16091.7 2.02498e+16 0.0838495 -0.0202426 
16099.1 2.02364e+16 0.0838165 -0.0183061 
16106.5 2.02227e+16 0.0837808 -0.0156467 
16113.9 2.02088e+16 0.0837422 -0.0123949 
16121.3 2.01946e+16 0.0837009 -0.00870076 
16128.7 2.01803e+16 0.0836576 -0.00472723 
16136.2 2.01659e+16 0.083613 -0.000642929 
16143.6 2.01514e+16 0.083568 0.00338454 
16151 2.01371e+16 0.0835238 0.00719494 
16158.4 2.0123e+16 0.0834812 0.010641 
16165.9 2.01091e+16 0.0834409 0.0135936 
16173.3 2.00955e+16 0.0834034 0.0159454 
16180.7 2.00822e+16 0.0833686 0.0176142 
16188.1 2.00691e+16 0.0833364 0.0185455 
16195.6 2.00562e+16 0.083306 0.0187128 
16203 2.00434e+16 0.0832766 0.018119 
16210.4 2.00305e+16 0.0832473 0.0167949 
16217.9 2.00176e+16 0.083217 0.0147984 
16225.3 2.00044e+16 0.083185 0.012212 
16232.7 1.99911e+16 0.0831505 0.00913971 
16240.2 1.99774e+16 0.0831134 0.00570379 
16247.6 1.99636e+16 0.0830737 0.00204012 
16255 1.99495e+16 0.0830317 -0.00170634 
16262.5 1.99354e+16 0.0829883 -0.00538667 
16269.9 1.99212e+16 0.0829442 -0.00885335 
16277.4 1.99071e+16 0.0829005 -0.0119657 
16284.8 1.98931e+16 0.0828579 -0.0145952 
16292.2 1.98794e+16 0.0828174 -0.0166304 
16299.7 1.98659e+16 0.0827794 -0.017982 
16307.1 1.98527e+16 0.082744 -0.0185861 
16314.6 1.98398e+16 0.0827111 -0.0184081 
16322 1.9827e+16 0.0826802 -0.017444 
16329.5 1.98143e+16 0.0826505 -0.0157223 
16336.9 1.98016e+16 0.0826211 -0.0133029 
16344.4 1.97889e+16 0.0825912 -0.0102763 
16351.8 1.9776e+16 0.0825598 -0.00676056 
16359.3 1.97629e+16 0.0825263 -0.00289711 
16366.7 1.97496e+16 0.0824903 0.00115422 
16374.2 1.9736e+16 0.0824518 0.00522143 
16381.6 1.97223e+16 0.0824111 0.00912731 
16389.1 1.97084e+16 0.0823688 0.0126969 
16396.6 1.96945e+16 0.0823256 0.0157652 
16404 1.96806e+16 0.0822825 0.0181849 
16411.5 1.96668e+16 0.0822404 0.0198332 
16418.9 1.96532e+16 0.0821999 0.0206186 
16426.4 1.96399e+16 0.0821616 0.0204859 
16433.9 1.96268e+16 0.0821259 0.0194201 
16441.3 1.9614e+16 0.0820926 0.0174484 
16448.8 1.96013e+16 0.0820612 0.0146404 
16456.3 1.95888e+16 0.0820312 0.0111065 
16463.7 1.95763e+16 0.0820018 0.00699389 
16471.2 1.95638e+16 0.081972 0.00248076 
16478.7 1.95511e+16 0.0819411 -0.00223117 
16486.2 1.95383e+16 0.0819082 -0.00692571 
16493.6 1.95252e+16 0.0818731 -0.0113822 
16501.1 1.95119e+16 0.0818357 -0.0153862 
16508.6 1.94984e+16 0.081796 -0.0187403 
16516.1 1.94848e+16 0.0817547 -0.021274 
16523.5 1.94711e+16 0.0817124 -0.0228534 
16531 1.94574e+16 0.0816699 -0.0233881 
16538.5 1.94439e+16 0.0816282 -0.0228372 
16546 1.94305e+16 0.0815879 -0.0212118 
16553.5 1.94173e+16 0.0815497 -0.0185757 
16560.9 1.94043e+16 0.0815139 -0.0150431 
16568.4 1.93916e+16 0.0814803 -0.0107729 
16575.9 1.93791e+16 0.0814487 -0.00596177 
16583.4 1.93668e+16 0.0814186 -0.000834212 
16590.9 1.93545e+16 0.0813891 0.00436861 
16598.4 1.93421e+16 0.0813595 0.00940096 
16605.9 1.93297e+16 0.0813288 0.014025 
16613.4 1.93171e+16 0.0812965 0.0180227 
16620.8 1.93043e+16 0.0812621 0.0212068 
16628.3 1.92912e+16 0.0812254 0.02343 
16635.8 1.9278e+16 0.0811865 0.024592 
16643.3 1.92646e+16 0.081146 0.0246439 
16650.8 1.92511e+16 0.0811044 0.0235898 
16658.3 1.92377e+16 0.0810626 0.0214859 
16665.8 1.92243e+16 0.0810214 0.0184366 
16673.3 1.92111e+16 0.0809814 0.0145884 
16680.8 1.9198e+16 0.0809434 0.0101218 
16688.3 1.91852e+16 0.0809076 0.00524182 
16695.8 1.91727e+16 0.0808741 0.000167682 
16703.3 1.91603e+16 0.0808425 -0.00487784 
16710.8 1.91481e+16 0.0808123 -0.00967875 
16718.4 1.9136e+16 0.0807829 -0.0140352 
16725.9 1.91239e+16 0.0807534 -0.0177718 
16733.4 1.91116e+16 0.0807231 -0.020744 
16740.9 1.90993e+16 0.0806911 -0.0228431 
16748.4 1.90867e+16 0.0806572 -0.023999 
16755.9 1.90739e+16 0.080621 -0.0241813 
16763.4 1.90609e+16 0.0805828 -0.0233987 
16770.9 1.90477e+16 0.0805428 -0.0216965 
16778.5 1.90344e+16 0.0805018 -0.0191537 
16786 1.90212e+16 0.0804605 -0.0158781 
16793.5 1.9008e+16 0.0804198 -0.0120017 
16801 1.89949e+16 0.0803802 -0.00767493 
16808.5 1.89821e+16 0.0803425 -0.00306107 
16816.1 1.89694e+16 0.080307 0.00166919 
16823.6 1.89571e+16 0.0802736 0.0063434 
16831.1 1.89449e+16 0.0802422 0.0107924 
16838.6 1.89328e+16 0.0802123 0.0148555 
16846.1 1.89209e+16 0.080183 0.0183848 
16853.7 1.8909e+16 0.0801538 0.0212497 
16861.2 1.88969e+16 0.0801236 0.0233409 
16868.7 1.88848e+16 0.080092 0.0245736 
16876.3 1.88724e+16 0.0800584 0.0248912 
16883.8 1.88598e+16 0.0800226 0.0242674 
16891.3 1.8847e+16 0.0799847 0.0227082 
16898.9 1.8834e+16 0.0799452 0.0202531 
16906.4 1.8821e+16 0.0799046 0.0169751 
16913.9 1.88079e+16 0.0798637 0.0129799 
16921.5 1.87949e+16 0.0798234 0.00840355 
16929 1.8782e+16 0.0797843 0.00340872 
16936.6 1.87693e+16 0.079747 -0.00181985 
16944.1 1.87569e+16 0.0797118 -0.00708165 
16951.6 1.87447e+16 0.0796789 -0.0121677 
16959.2 1.87327e+16 0.0796478 -0.0168686 
16966.7 1.87208e+16 0.0796182 -0.0209834 
16974.3 1.87091e+16 0.0795893 -0.0243285 
16981.8 1.86973e+16 0.0795603 -0.0267464 
16989.4 1.86855e+16 0.0795304 -0.0281134 
16996.9 1.86735e+16 0.0794989 -0.0283472 
17004.5 1.86613e+16 0.0794655 -0.0274113 
17012 1.86489e+16 0.0794299 -0.0253192 
17019.6 1.86363e+16 0.0793923 -0.0221348 
17027.1 1.86235e+16 0.079353 -0.0179717 
17034.7 1.86106e+16 0.0793127 -0.0129891 
17042.2 1.85977e+16 0.0792722 -0.00738627 
17049.8 1.85849e+16 0.0792323 -0.00139388 
17057.3 1.85722e+16 0.0791936 0.00473549 
17064.9 1.85597e+16 0.0791568 0.0107387 
17072.5 1.85475e+16 0.0791222 0.016354 
17080 1.85355e+16 0.0790898 0.021333 
17087.6 1.85237e+16 0.0790592 0.0254525 
17095.2 1.8512e+16 0.07903 0.0285253 
17102.7 1.85005e+16 0.0790014 0.0304088 
17110.3 1.84889e+16 0.0789727 0.0310123 
17117.9 1.84772e+16 0.078943 0.0303015 
17125.4 1.84654e+16 0.0789117 0.0283006 
17133 1.84534e+16 0.0788783 0.0250911 
17140.6 1.84411e+16 0.0788428 0.0208084 
17148.1 1.84286e+16 0.0788053 0.015636 
17155.7 1.8416e+16 0.0787662 0.00979654 
17163.3 1.84033e+16 0.0787262 0.00354214 
17170.9 1.83906e+16 0.078686 -0.00285732 
17178.4 1.8378e+16 0.0786465 -0.00912637 
17186 1.83655e+16 0.0786084 -0.0149964 
17193.6 1.83532e+16 0.0785722 -0.0202178 
17201.2 1.83412e+16 0.0785382 -0.0245706 
17208.7 1.83294e+16 0.0785063 -0.0278744 
17216.3 1.83178e+16 0.0784763 -0.0299958 
17223.9 1.83064e+16 0.0784475 -0.030854 
17231.5 1.8295e+16 0.0784193 -0.0304234 
17239.1 1.82836e+16 0.0783907 -0.0287341 
17246.7 1.8272e+16 0.0783612 -0.0258702 
17254.3 1.82603e+16 0.0783299 -0.0219645 
17261.8 1.82484e+16 0.0782966 -0.0171928 
17269.4 1.82363e+16 0.0782612 -0.0117646 
17277 1.8224e+16 0.0782238 -0.00591416 
17284.6 1.82116e+16 0.0781849 0.000110624 
17292.2 1.81991e+16 0.0781452 0.00605897 
17299.8 1.81865e+16 0.0781054 0.0116881 
17307.4 1.81741e+16 0.0780664 0.0167732 
17315 1.81619e+16 0.0780288 0.021117 
17322.6 1.81499e+16 0.0779932 0.0245568 
17330.2 1.8138e+16 0.0779598 0.0269705 
17337.8 1.81265e+16 0.0779285 0.0282809 
17345.4 1.81151e+16 0.0778989 0.0284568 
17353 1.81038e+16 0.0778705 0.0275134 
17360.6 1.80925e+16 0.0778425 0.0255097 
17368.2 1.80812e+16 0.0778141 0.0225448 
17375.8 1.80698e+16 0.0777846 0.0187525 
17383.4 1.80583e+16 0.0777534 0.0142947 
17391 1.80465e+16 0.0777202 0.00935404 
17398.6 1.80345e+16 0.0776849 0.00412629 
17406.2 1.80224e+16 0.0776477 -0.00118748 
17413.9 1.80101e+16 0.077609 -0.00638843 
17421.5 1.79978e+16 0.0775697 -0.0112869 
17429.1 1.79855e+16 0.0775304 -0.0157088 
17436.7 1.79734e+16 0.0774919 -0.0195005 
17444.3 1.79613e+16 0.0774549 -0.0225339 
17451.9 1.79495e+16 0.0774199 -0.0247088 
17459.5 1.79379e+16 0.0773869 -0.0259562 
17467.2 1.79265e+16 0.077356 -0.0262387 
17474.8 1.79153e+16 0.0773267 -0.0255519 
17482.4 1.79041e+16 0.0772986 -0.0239234 
17490 1.7893e+16 0.0772707 -0.0214119 
17497.7 1.78818e+16 0.0772425 -0.0181058 
17505.3 1.78705e+16 0.0772131 -0.0141204 
17512.9 1.78591e+16 0.0771821 -0.00959483 
17520.5 1.78474e+16 0.077149 -0.00468865 
17528.2 1.78356e+16 0.077114 0.000422884 
17535.8 1.78237e+16 0.0770771 0.00555375 
17543.4 1.78117e+16 0.0770389 0.010513 
17551.1 1.77996e+16 0.077 0.0151109 
17558.7 1.77875e+16 0.0769612 0.019166 
17566.3 1.77756e+16 0.0769232 0.0225118 
17574 1.77638e+16 0.0768867 0.0250043 
17581.6 1.77522e+16 0.076852 0.026528 
17589.2 1.77407e+16 0.0768193 0.027003 
17596.9 1.77295e+16 0.0767886 0.026389 
17604.5 1.77183e+16 0.0767595 0.0246899 
17612.2 1.77073e+16 0.0767315 0.0219552 
17619.8 1.76963e+16 0.0767038 0.0182803 
17627.4 1.76852e+16 0.0766757 0.0138037 
17635.1 1.7674e+16 0.0766465 0.00870341 
17642.7 1.76627e+16 0.0766158 0.00318929 
17650.4 1.76513e+16 0.0765832 -0.00250492 
17658 1.76397e+16 0.0765486 -0.00813212 
17665.7 1.7628e+16 0.0765122 -0.0134432 
17673.3 1.76162e+16 0.0764746 -0.0181989 
17681 1.76043e+16 0.0764362 -0.0221818 
17688.6 1.75925e+16 0.0763978 -0.0252074 
17696.3 1.75808e+16 0.0763602 -0.0271335 
17703.9 1.75692e+16 0.0763239 -0.0278683 
17711.6 1.75577e+16 0.0762893 -0.0273751 
17719.3 1.75464e+16 0.0762567 -0.0256752 
17726.9 1.75352e+16 0.0762261 -0.0228469 
17734.6 1.75242e+16 0.076197 -0.0190216 
17742.2 1.75132e+16 0.076169 -0.0143779 
17749.9 1.75023e+16 0.0761415 -0.00913247 
17757.6 1.74913e+16 0.0761137 -0.0035288 
17765.2 1.74803e+16 0.076085 0.00217459 
17772.9 1.74692e+16 0.0760549 0.00771726 
17780.6 1.7458e+16 0.0760229 0.0128496 
17788.2 1.74466e+16 0.0759889 0.017345 
17795.9 1.74352e+16 0.0759532 0.0210103 
17803.6 1.74236e+16 0.0759161 0.0236946 
17811.2 1.7412e+16 0.0758781 0.0252955 
17818.9 1.74004e+16 0.07584 0.025763 
17826.6 1.73888e+16 0.0758025 0.0251003 
17834.2 1.73773e+16 0.0757661 0.0233618 
17841.9 1.7366e+16 0.0757314 0.0206494 
17849.6 1.73547e+16 0.0756987 0.0171061 
17857.3 1.73436e+16 0.075668 0.0129075 
17865 1.73327e+16 0.0756389 0.00825287 
17872.6 1.73218e+16 0.0756112 0.00335513 
17880.3 1.7311e+16 0.0755841 -0.00156933 
17888 1.73003e+16 0.0755569 -0.00631039 
17895.7 1.72895e+16 0.0755289 -0.0106732 
17903.4 1.72786e+16 0.0754996 -0.0144859 
17911.1 1.72676e+16 0.0754684 -0.0176061 
17918.7 1.72565e+16 0.0754352 -0.0199254 
17926.4 1.72453e+16 0.0754 -0.0213725 
17934.1 1.7234e+16 0.0753633 -0.0219141 
17941.8 1.72225e+16 0.0753255 -0.0215549 
17949.5 1.72111e+16 0.0752873 -0.020335 
17957.2 1.71996e+16 0.0752495 -0.0183274 
17964.9 1.71882e+16 0.0752129 -0.0156327 
17972.6 1.71769e+16 0.0751779 -0.012375 
17980.3 1.71657e+16 0.075145 -0.00869531 
17988 1.71547e+16 0.0751142 -0.00474605 
17995.7 1.71438e+16 0.0750855 -0.00068493 
18003.4 1.71331e+16 0.0750582 0.00333093 
18011.1 1.71225e+16 0.0750318 0.00715046 
18018.8 1.7112e+16 0.0750056 0.0106337 
18026.5 1.71014e+16 0.0749786 0.0136561 
18034.2 1.70908e+16 0.0749502 0.0161123 
18041.9 1.70801e+16 0.0749199 0.0179192 
18049.6 1.70693e+16 0.0748873 0.0190176 
18057.3 1.70583e+16 0.0748524 0.0193745 
18065 1.70471e+16 0.0748157 0.0189828 
18072.7 1.70358e+16 0.0747777 0.0178618 
18080.4 1.70244e+16 0.0747391 0.0160561 
18088.2 1.70129e+16 0.0747008 0.0136343 
18095.9 1.70015e+16 0.0746637 0.0106861 
18103.6 1.69903e+16 0.0746285 0.00732057 
18111.3 1.69792e+16 0.0745955 0.00366179 
18119 1.69683e+16 0.0745651 -0.000154414 
18126.7 1.69576e+16 0.0745369 -0.00398502 
18134.5 1.69471e+16 0.0745106 -0.00768442 
18142.2 1.69368e+16 0.0744853 -0.0111093 
18149.9 1.69265e+16 0.0744602 -0.0141237 
18157.6 1.69163e+16 0.0744344 -0.0166042 
18165.3 1.6906e+16 0.0744069 -0.0184443 
18173.1 1.68955e+16 0.0743771 -0.0195596 
18180.8 1.68848e+16 0.0743447 -0.0198915 
18188.5 1.68739e+16 0.0743098 -0.0194103 
18196.3 1.68628e+16 0.0742726 -0.0181178 
18204 1.68515e+16 0.074234 -0.0160488 
18211.7 1.68401e+16 0.0741947 -0.0132706 
18219.4 1.68287e+16 0.0741559 -0.00988217 
18227.2 1.68174e+16 0.0741185 -0.00601139 
18234.9 1.68062e+16 0.0740833 -0.00181078 
18242.6 1.67952e+16 0.0740507 0.0025478 
18250.4 1.67845e+16 0.0740211 0.00687978 
18258.1 1.67741e+16 0.073994 0.0109955 
18265.9 1.67639e+16 0.073969 0.0147086 
18273.6 1.67539e+16 0.073945 0.0178442 
18281.3 1.6744e+16 0.0739211 0.020248 
18289.1 1.6734e+16 0.0738961 0.021794 
18296.8 1.67239e+16 0.0738691 0.0223914 
18304.6 1.67135e+16 0.0738395 0.0219905 
18312.3 1.67029e+16 0.0738068 0.0205868 
18320.1 1.66921e+16 0.0737712 0.0182223 
18327.8 1.66809e+16 0.0737333 0.0149859 
18335.6 1.66696e+16 0.0736938 0.0110098 
18343.3 1.66582e+16 0.0736539 0.00646517 
18351.1 1.66469e+16 0.0736148 0.00155429 
18358.8 1.66356e+16 0.0735775 -0.00349833 
18366.6 1.66246e+16 0.0735428 -0.00845666 
18374.3 1.66139e+16 0.0735113 -0.0130847 
18382.1 1.66035e+16 0.073483 -0.0171582 
18389.9 1.65934e+16 0.0734574 -0.0204766 
18397.6 1.65836e+16 0.0734338 -0.0228733 
18405.4 1.65739e+16 0.0734111 -0.0242249 
18413.1 1.65642e+16 0.073388 -0.0244577 
18420.9 1.65544e+16 0.0733634 -0.0235527 
18428.7 1.65444e+16 0.0733363 -0.0215465 
18436.4 1.65341e+16 0.0733061 -0.01853 
18444.2 1.65235e+16 0.0732726 -0.014644 
18452 1.65125e+16 0.073236 -0.0100723 
18459.7 1.65014e+16 0.0731971 -0.00503197 
18467.5 1.64901e+16 0.073157 0.000237753 
18475.3 1.64787e+16 0.0731169 0.00548762 
18483 1.64675e+16 0.073078 0.0104712 
18490.8 1.64564e+16 0.0730415 0.0149575 
18498.6 1.64457e+16 0.073008 0.0187418 
18506.4 1.64354e+16 0.0729781 0.0216564 
18514.1 1.64253e+16 0.0729514 0.0235773 
18521.9 1.64156e+16 0.0729273 0.0244299 
18529.7 1.64061e+16 0.072905 0.0241913 
18537.5 1.63966e+16 0.072883 0.0228897 
18545.3 1.6387e+16 0.0728601 0.0206018 
18553 1.63773e+16 0.0728352 0.017447 
18560.8 1.63673e+16 0.0728073 0.0135804 
18568.6 1.63569e+16 0.072776 0.00918411 
18576.4 1.63462e+16 0.0727413 0.00445751 
18584.2 1.63352e+16 0.0727037 -0.000392316 
18592 1.6324e+16 0.0726642 -0.00516029 
18599.8 1.63128e+16 0.0726239 -0.00965208 
18607.5 1.63016e+16 0.0725843 -0.0136918 
18615.3 1.62906e+16 0.0725464 -0.0171282 
18623.1 1.62799e+16 0.0725114 -0.0198394 
18630.9 1.62696e+16 0.0724798 -0.021736 
18638.7 1.62596e+16 0.0724516 -0.0227623 
18646.5 1.625e+16 0.0724265 -0.0228965 
18654.3 1.62405e+16 0.0724037 -0.0221497 
18662.1 1.62312e+16 0.0723819 -0.0205635 
18669.9 1.62218e+16 0.0723598 -0.0182071 
18677.7 1.62123e+16 0.0723363 -0.0151741 
18685.5 1.62025e+16 0.0723103 -0.0115784 
18693.3 1.61923e+16 0.072281 -0.00755069 
18701.1 1.61818e+16 0.0722484 -0.003234 
18708.9 1.61711e+16 0.0722127 0.00122009 
18716.7 1.61601e+16 0.0721745 0.00565569 
18724.5 1.6149e+16 0.0721351 0.0099167 
18732.4 1.61379e+16 0.0720956 0.013851 
18740.2 1.61271e+16 0.0720573 0.017315 
18748 1.61165e+16 0.0720213 0.0201776 
18755.8 1.61062e+16 0.0719883 0.0223247 
18763.6 1.60963e+16 0.0719586 0.0236637 
18771.4 1.60867e+16 0.071932 0.0241274 
18779.2 1.60773e+16 0.0719079 0.023677 
18787 1.60681e+16 0.0718853 0.022306 
18794.9 1.60588e+16 0.0718632 0.0200414 
18802.7 1.60494e+16 0.0718401 0.0169449 
18810.5 1.60397e+16 0.0718152 0.0131124 
18818.3 1.60297e+16 0.0717877 0.0086723 
18826.2 1.60194e+16 0.071757 0.00378207 
18834 1.60088e+16 0.0717234 -0.00137673 
18841.8 1.59981e+16 0.0716873 -0.00660464 
18849.6 1.59872e+16 0.0716496 -0.0116918 
18857.5 1.59764e+16 0.0716113 -0.0164262 
18865.3 1.59657e+16 0.0715735 -0.0206031 
18873.1 1.59553e+16 0.0715373 -0.0240337 
18880.9 1.59452e+16 0.0715034 -0.0265545 
18888.8 1.59354e+16 0.0714724 -0.0280352 
18896.6 1.59258e+16 0.0714441 -0.0283856 
18904.5 1.59165e+16 0.0714182 -0.0275616 
18912.3 1.59072e+16 0.0713941 -0.0255682 
18920.1 1.58979e+16 0.0713707 -0.0224614 
18928 1.58885e+16 0.0713472 -0.0183468 
18935.8 1.58789e+16 0.0713225 -0.013377 
18943.6 1.5869e+16 0.0712959 -0.00774567 
18951.5 1.58588e+16 0.0712669 -0.00168042 
18959.3 1.58485e+16 0.0712355 0.0045669 
18967.2 1.5838e+16 0.0712019 0.0107306 
18975 1.58274e+16 0.0711667 0.0165431 
18982.9 1.58169e+16 0.0711305 0.0217464 
18990.7 1.58065e+16 0.0710943 0.0261047 
18998.6 1.57964e+16 0.0710589 0.0294149 
19006.4 1.57864e+16 0.071025 0.0315168 
19014.3 1.57768e+16 0.0709929 0.0323011 
19022.1 1.57673e+16 0.070963 0.0317153 
19030 1.57579e+16 0.070935 0.0297672 
19037.8 1.57486e+16 0.0709086 0.026525 
19045.7 1.57392e+16 0.0708831 0.0221159 
19053.5 1.57297e+16 0.070858 0.0167201 
19061.4 1.572e+16 0.0708325 0.010564 
19069.3 1.57102e+16 0.0708061 0.00390977 
19077.1 1.57001e+16 0.0707783 -0.00295614 
19085 1.56899e+16 0.0707489 -0.00973604 
19092.8 1.56797e+16 0.0707181 -0.0161346 
19100.7 1.56695e+16 0.0706859 -0.0218725 
19108.6 1.56593e+16 0.0706528 -0.0266993 
19116.4 1.56494e+16 0.0706192 -0.0304049 
19124.3 1.56395e+16 0.0705856 -0.0328292 
19132.2 1.56299e+16 0.0705524 -0.0338692 
19140 1.56204e+16 0.07052 -0.0334838 
19147.9 1.5611e+16 0.0704887 -0.0316947 
19155.8 1.56016e+16 0.0704584 -0.028585 
19163.7 1.55922e+16 0.0704291 -0.0242952 
19171.5 1.55826e+16 0.0704008 -0.0190152 
19179.4 1.5573e+16 0.0703731 -0.012976 
19187.3 1.55632e+16 0.0703458 -0.00643759 
19195.2 1.55532e+16 0.0703186 0.000322274 
19203.1 1.55432e+16 0.0702913 0.00702128 
19210.9 1.55332e+16 0.0702637 0.0133848 
19218.8 1.55233e+16 0.0702356 0.0191577 
19226.7 1.55134e+16 0.070207 0.0241145 
19234.6 1.55037e+16 0.0701776 0.0280683 
19242.5 1.54942e+16 0.0701475 0.0308772 
19250.4 1.54848e+16 0.0701167 0.0324484 
19258.2 1.54755e+16 0.0700852 0.0327406 
19266.1 1.54662e+16 0.0700532 0.0317632 
19274 1.54569e+16 0.0700207 0.0295743 
19281.9 1.54475e+16 0.0699882 0.0262763 
19289.8 1.5438e+16 0.0699558 0.0220104 
19297.7 1.54282e+16 0.0699239 0.0169495 
19305.6 1.54183e+16 0.0698927 0.0112911 
19313.5 1.54083e+16 0.0698627 0.00524902 
19321.4 1.53982e+16 0.0698339 -0.0009541 
19329.3 1.53882e+16 0.0698064 -0.00709475 
19337.2 1.53783e+16 0.0697801 -0.0129556 
19345.1 1.53686e+16 0.0697548 -0.018332 
19353 1.53592e+16 0.0697298 -0.0230379 
19360.9 1.535e+16 0.0697048 -0.0269111 
19368.8 1.5341e+16 0.0696789 -0.0298172 
19376.7 1.53321e+16 0.0696518 -0.0316532 
19384.6 1.53232e+16 0.0696228 -0.0323508 
19392.5 1.53142e+16 0.0695918 -0.0318777 
19400.4 1.5305e+16 0.0695588 -0.0302396 
19408.3 1.52956e+16 0.0695241 -0.0274803 
19416.3 1.52859e+16 0.0694884 -0.0236814 
19424.2 1.52759e+16 0.0694524 -0.0189613 
19432.1 1.52657e+16 0.0694172 -0.0134726 
19440 1.52554e+16 0.0693836 -0.00739848 
19447.9 1.52451e+16 0.0693524 -0.00094862 
19455.8 1.5235e+16 0.069324 0.0056472 
19463.8 1.52252e+16 0.0692986 0.012146 
19471.7 1.52158e+16 0.0692757 0.0182997 
19479.6 1.52068e+16 0.0692547 0.0238641 
19487.5 1.51981e+16 0.0692343 0.0286089 
19495.4 1.51897e+16 0.0692133 0.0323268 
19503.4 1.51813e+16 0.0691905 0.0348438 
19511.3 1.51729e+16 0.0691648 0.0360277 
19519.2 1.51642e+16 0.0691354 0.035796 
19527.1 1.51552e+16 0.0691023 0.0341218 
19535.1 1.51457e+16 0.0690657 0.0310374 
19543 1.51358e+16 0.0690266 0.026636 
19550.9 1.51255e+16 0.0689863 0.0210697 
19558.9 1.5115e+16 0.0689464 0.0145455 
19566.8 1.51044e+16 0.0689087 0.00731756 
19574.7 1.50939e+16 0.0688744 -0.000322457 
19582.7 1.50837e+16 0.0688447 -0.00805755 
19590.6 1.5074e+16 0.0688196 -0.0155594 
19598.6 1.50648e+16 0.0687991 -0.022503 
19606.5 1.50562e+16 0.0687818 -0.0285823 
19614.4 1.50481e+16 0.0687663 -0.0335246 
19622.4 1.50403e+16 0.0687506 -0.0371038 
19630.3 1.50325e+16 0.0687327 -0.0391519 
19638.3 1.50246e+16 0.0687107 -0.0395677 
19646.2 1.50162e+16 0.0686835 -0.0383221 
19654.2 1.50074e+16 0.0686506 -0.03546 
19662.1 1.49979e+16 0.0686123 -0.0310986 
19670.1 1.49878e+16 0.0685698 -0.0254223 
19678 1.49771e+16 0.0685251 -0.0186739 
19686 1.49662e+16 0.0684804 -0.0111433 
19693.9 1.49552e+16 0.0684381 -0.00315412 
19701.9 1.49445e+16 0.0684003 0.00495157 
19709.8 1.49342e+16 0.0683687 0.0128289 
19717.8 1.49246e+16 0.0683438 0.0201457 
19725.7 1.49157e+16 0.0683252 0.0265977 
19733.7 1.49075e+16 0.0683117 0.0319208 
19741.7 1.49e+16 0.0683012 0.035903 
19749.6 1.48927e+16 0.0682909 0.0383921 
19757.6 1.48856e+16 0.0682781 0.0393012 
19765.6 1.48781e+16 0.0682602 0.038611 
19773.5 1.48701e+16 0.0682355 0.0363691 
19781.5 1.48614e+16 0.0682031 0.0326863 
19789.5 1.48519e+16 0.0681633 0.0277303 
19797.4 1.48416e+16 0.0681177 0.0217175 
19805.4 1.48306e+16 0.0680685 0.0149024 
19813.4 1.48193e+16 0.0680187 0.00756687 
19821.3 1.4808e+16 0.0679717 7.55106e-06 
19829.3 1.4797e+16 0.0679303 -0.00747593 
19837.3 1.47866e+16 0.0678965 -0.0145929 
19845.3 1.47771e+16 0.0678714 -0.0210726 
19853.2 1.47684e+16 0.0678547 -0.0266743 
19861.2 1.47607e+16 0.0678449 -0.0311951 
19869.2 1.47537e+16 0.0678392 -0.0344773 
19877.2 1.47471e+16 0.0678344 -0.0364126 
19885.2 1.47405e+16 0.0678267 -0.0369451 
19893.1 1.47335e+16 0.0678131 -0.036072 
19901.1 1.47259e+16 0.067791 -0.0338428 
19909.1 1.47173e+16 0.0677593 -0.0303559 
19917.1 1.47078e+16 0.0677182 -0.0257544 
19925.1 1.46972e+16 0.0676694 -0.0202197 
19933.1 1.4686e+16 0.0676159 -0.0139645 
19941.1 1.46743e+16 0.0675612 -0.00722485 
19949.1 1.46626e+16 0.0675095 -0.000251062 
19957.1 1.46513e+16 0.0674643 0.00670091 
19965 1.46409e+16 0.0674284 0.0133786 
19973 1.46314e+16 0.067403 0.0195415 
19981 1.46231e+16 0.0673881 0.0249692 
19989 1.46158e+16 0.0673818 0.0294685 
19997 1.46093e+16 0.0673808 0.0328798 
20005 1.46033e+16 0.0673813 0.0350816 
20013 1.45972e+16 0.0673787 0.0359951 
20021 1.45908e+16 0.0673692 0.0355855 
20029 1.45834e+16 0.0673497 0.033864 
20037.1 1.4575e+16 0.0673187 0.030887 
20045.1 1.45653e+16 0.0672763 0.0267544 
20053.1 1.45546e+16 0.0672245 0.021607 
20061.1 1.4543e+16 0.0671668 0.0156219 
20069.1 1.4531e+16 0.0671075 0.00900778 
20077.1 1.4519e+16 0.0670513 0.00199823 
20085.1 1.45075e+16 0.0670025 -0.00515524 
20093.1 1.4497e+16 0.0669646 -0.0121913 
20101.1 1.44876e+16 0.0669391 -0.0188473 
20109.1 1.44796e+16 0.0669258 -0.0248684 
20117.2 1.44728e+16 0.0669229 -0.0300168 
20125.2 1.44668e+16 0.0669265 -0.0340808 
20133.2 1.44613e+16 0.0669319 -0.0368837 
20141.2 1.44558e+16 0.0669341 -0.0382919 
20149.2 1.44497e+16 0.0669284 -0.0382217 
20157.3 1.44427e+16 0.0669113 -0.0366446 
20165.3 1.44343e+16 0.0668808 -0.0335913 
20173.3 1.44246e+16 0.0668371 -0.0291526 
20181.3 1.44136e+16 0.0667825 -0.0234782 
20189.4 1.44017e+16 0.0667208 -0.0167735 
20197.4 1.43894e+16 0.0666571 -0.00929252 
20205.4 1.43771e+16 0.0665968 -0.0013292 
20213.5 1.43655e+16 0.0665449 0.00679393 
20221.5 1.43549e+16 0.0665052 0.0147391 
20229.5 1.43458e+16 0.0664797 0.0221677 
20237.6 1.4338e+16 0.0664683 0.0287559 
20245.6 1.43316e+16 0.0664686 0.0342097 
20253.6 1.43262e+16 0.0664764 0.0382792 
20261.7 1.43212e+16 0.0664865 0.0407718 
20269.7 1.43162e+16 0.0664931 0.0415618 
20277.8 1.43104e+16 0.0664907 0.0405984 
20285.8 1.43036e+16 0.0664755 0.0379093 
20293.8 1.42953e+16 0.0664453 0.0336001 
20301.9 1.42854e+16 0.0664002 0.027851 
20309.9 1.42742e+16 0.0663428 0.0209087 
20318 1.42621e+16 0.0662775 0.013075 
20326 1.42495e+16 0.0662098 0.00469307 
20334.1 1.4237e+16 0.0661459 -0.00386917 
20342.1 1.42253e+16 0.0660914 -0.0122364 
20350.2 1.42148e+16 0.0660505 -0.0200437 
20358.2 1.42058e+16 0.0660254 -0.0269542 
20366.3 1.41984e+16 0.0660158 -0.0326742 
20374.3 1.41924e+16 0.0660193 -0.036967 
20382.4 1.41875e+16 0.0660311 -0.039663 
20390.5 1.4183e+16 0.0660453 -0.0406667 
20398.5 1.41783e+16 0.0660556 -0.0399594 
20406.6 1.41728e+16 0.066056 -0.0375987 
20414.6 1.41661e+16 0.0660422 -0.0337134 
20422.7 1.41578e+16 0.0660118 -0.0284963 
20430.8 1.41478e+16 0.0659652 -0.0221932 
20438.8 1.41364e+16 0.0659052 -0.0150898 
20446.9 1.4124e+16 0.0658364 -0.00749809 
20455 1.41112e+16 0.0657653 0.00025886 
20463 1.40985e+16 0.0656985 0.00786118 
20471.1 1.40868e+16 0.065642 0.015006 
20479.2 1.40764e+16 0.0656004 0.0214195 
20487.2 1.40677e+16 0.0655761 0.0268671 
20495.3 1.40606e+16 0.0655686 0.0311611 
20503.4 1.40551e+16 0.0655752 0.0341664 
20511.5 1.40506e+16 0.0655906 0.0358024 
20519.6 1.40465e+16 0.0656085 0.0360439 
20527.6 1.40421e+16 0.0656218 0.0349189 
20535.7 1.40369e+16 0.0656242 0.0325048 
20543.8 1.40302e+16 0.0656111 0.0289225 
20551.9 1.40218e+16 0.0655802 0.0243305 
20560 1.40117e+16 0.0655319 0.018917 
20568 1.40001e+16 0.0654691 0.0128924 
20576.1 1.39875e+16 0.0653974 0.0064813 
20584.2 1.39745e+16 0.0653234 -8.49386e-05 
20592.3 1.39618e+16 0.0652543 -0.00657573 
20600.4 1.39501e+16 0.0651966 -0.0127679 
20608.5 1.39399e+16 0.0651551 -0.0184519 
20616.6 1.39314e+16 0.065132 -0.0234374 
20624.7 1.39248e+16 0.0651269 -0.0275583 
20632.8 1.39197e+16 0.0651365 -0.030677 
20640.9 1.39156e+16 0.0651553 -0.0326882 
20649 1.39118e+16 0.0651761 -0.0335219 
20657 1.39077e+16 0.0651916 -0.0331455 
20665.1 1.39025e+16 0.0651953 -0.0315659 
20673.2 1.38958e+16 0.0651823 -0.0288295 
20681.4 1.38873e+16 0.0651502 -0.0250223 
20689.5 1.3877e+16 0.0650998 -0.0202685 
20697.6 1.38652e+16 0.0650346 -0.0147274 
20705.7 1.38524e+16 0.0649602 -0.0085895 
20713.8 1.38393e+16 0.064884 -0.00207158 
20721.9 1.38267e+16 0.0648134 0.00459045 
20730 1.38151e+16 0.0647554 0.011149 
20738.1 1.38052e+16 0.0647146 0.0173537 
20746.2 1.37971e+16 0.0646934 0.0229608 
20754.3 1.37908e+16 0.0646909 0.0277428 
20762.4 1.37861e+16 0.0647034 0.0314984 
20770.5 1.37823e+16 0.064725 0.0340613 
20778.7 1.37788e+16 0.0647481 0.0353087 
20786.8 1.37749e+16 0.0647651 0.0351676 
20794.9 1.37697e+16 0.0647692 0.0336198 
20803 1.37629e+16 0.0647554 0.0307047 
20811.1 1.37543e+16 0.0647217 0.0265189 
20819.3 1.37438e+16 0.064669 0.0212144 
20827.4 1.37318e+16 0.0646013 0.0149933 
20835.5 1.37189e+16 0.0645247 0.0081004 
20843.6 1.37057e+16 0.0644469 0.000813429 
20851.8 1.36932e+16 0.0643758 -0.00656802 
20859.9 1.36819e+16 0.0643182 -0.0137354 
20868 1.36722e+16 0.064279 -0.0203847 
20876.2 1.36645e+16 0.0642602 -0.0262297 
20884.3 1.36587e+16 0.0642605 -0.0310155 
20892.4 1.36544e+16 0.0642758 -0.0345298 
20900.6 1.36509e+16 0.0642998 -0.0366134 
20908.7 1.36476e+16 0.0643246 -0.0371679 
20916.8 1.36436e+16 0.0643422 -0.0361607 
20925 1.36384e+16 0.0643457 -0.0336276 
20933.1 1.36315e+16 0.0643304 -0.0296716 
20941.2 1.36226e+16 0.0642945 -0.0244588 
20949.4 1.36119e+16 0.0642393 -0.0182116 
20957.5 1.35997e+16 0.0641692 -0.011199 
20965.7 1.35868e+16 0.0640909 -0.00372435 
20973.8 1.35737e+16 0.0640123 0.00388782 
20982 1.35613e+16 0.0639415 0.0113069 
20990.1 1.35503e+16 0.0638853 0.0182113 
20998.3 1.35411e+16 0.0638484 0.0243029 
21006.4 1.35338e+16 0.0638324 0.029321 
21014.6 1.35284e+16 0.0638358 0.0330544 
21022.7 1.35244e+16 0.0638538 0.0353506 
21030.9 1.35212e+16 0.0638797 0.0361229 
21039 1.3518e+16 0.0639053 0.0353535 
21047.2 1.3514e+16 0.0639225 0.0330944 
21055.3 1.35086e+16 0.0639246 0.0294636 
21063.5 1.35015e+16 0.063907 0.024639 
21071.7 1.34923e+16 0.0638684 0.018849 
21079.8 1.34814e+16 0.0638106 0.0123613 
21088 1.34691e+16 0.0637384 0.0054688 
21096.1 1.34561e+16 0.0636589 -0.00152375 
21104.3 1.34432e+16 0.0635803 -0.00831498 
21112.5 1.34311e+16 0.0635107 -0.0146206 
21120.6 1.34205e+16 0.0634568 -0.0201861 
21128.8 1.34117e+16 0.0634229 -0.0247975 
21137 1.34049e+16 0.0634103 -0.0282897 
21145.2 1.33999e+16 0.0634167 -0.0305522 
21153.3 1.33962e+16 0.0634371 -0.0315311 
21161.5 1.33931e+16 0.0634643 -0.0312295 
21169.7 1.33899e+16 0.0634899 -0.0297038 
21177.9 1.33858e+16 0.0635059 -0.0270584 
21186 1.33803e+16 0.0635057 -0.0234384 
21194.2 1.33728e+16 0.0634852 -0.0190205 
21202.4 1.33634e+16 0.0634435 -0.0140037 
21210.6 1.33523e+16 0.0633829 -0.00859948 
21218.7 1.33399e+16 0.0633089 -0.00302238 
21226.9 1.3327e+16 0.0632288 0.00251846 
21235.1 1.33143e+16 0.063151 0.00782662 
21243.3 1.33026e+16 0.0630835 0.0127244 
21251.5 1.32924e+16 0.0630327 0.0170572 
21259.7 1.32841e+16 0.0630026 0.0206966 
21267.9 1.32778e+16 0.0629936 0.0235418 
21276.1 1.32731e+16 0.0630031 0.0255208 
21284.3 1.32697e+16 0.0630256 0.0265895 
21292.4 1.32667e+16 0.0630534 0.026731 
21300.6 1.32634e+16 0.0630783 0.0259551 
21308.8 1.32591e+16 0.0630921 0.0242959 
21317 1.32533e+16 0.0630888 0.0218116 
21325.2 1.32455e+16 0.0630647 0.0185823 
21333.4 1.32358e+16 0.0630196 0.0147092 
21341.6 1.32245e+16 0.0629564 0.0103125 
21349.8 1.32121e+16 0.0628809 0.00553029 
21358 1.31993e+16 0.0628009 0.000515362 
21366.2 1.31869e+16 0.0627247 -0.00456723 
21374.4 1.31756e+16 0.0626602 -0.00954427 
21382.7 1.3166e+16 0.0626133 -0.0142391 
21390.9 1.31582e+16 0.0625874 -0.018477 
21399.1 1.31523e+16 0.0625823 -0.0220918 
21407.3 1.31481e+16 0.0625948 -0.0249325 
21415.5 1.31448e+16 0.0626189 -0.0268701 
21423.7 1.31418e+16 0.0626468 -0.0278048 
21431.9 1.31384e+16 0.0626699 -0.0276718 
21440.1 1.31338e+16 0.0626808 -0.0264465 
21448.3 1.31276e+16 0.0626737 -0.0241483 
21456.6 1.31195e+16 0.0626455 -0.0208421 
21464.8 1.31095e+16 0.0625968 -0.0166381 
21473 1.30981e+16 0.0625311 -0.0116887 
21481.2 1.30857e+16 0.0624547 -0.00618418 
21489.5 1.30731e+16 0.0623755 -0.000344972 
21497.7 1.30611e+16 0.0623017 0.00558715 
21505.9 1.30503e+16 0.062241 0.0113597 
21514.1 1.30412e+16 0.0621987 0.0167209 
21522.4 1.3034e+16 0.0621774 0.021432 
21530.6 1.30286e+16 0.0621764 0.0252782 
21538.8 1.30246e+16 0.0621916 0.0280804 
21547 1.30215e+16 0.0622168 0.0297036 
21555.3 1.30185e+16 0.0622439 0.0300648 
21563.5 1.30148e+16 0.0622646 0.0291373 
21571.7 1.30099e+16 0.0622717 0.0269531 
21580 1.30033e+16 0.0622601 0.023602 
21588.2 1.29948e+16 0.0622275 0.0192277 
21596.5 1.29846e+16 0.0621752 0.0140214 
21604.7 1.2973e+16 0.0621073 0.00821295 
21612.9 1.29607e+16 0.0620305 0.00206013 
21621.2 1.29484e+16 0.0619528 -0.00416359 
21629.4 1.29369e+16 0.0618824 -0.010182 
21637.7 1.29266e+16 0.0618262 -0.0157293 
21645.9 1.29181e+16 0.061789 -0.0205623 
21654.2 1.29115e+16 0.0617727 -0.0244721 
21662.4 1.29065e+16 0.0617756 -0.0272934 
21670.7 1.29028e+16 0.0617933 -0.0289119 
21678.9 1.28997e+16 0.0618189 -0.0292693 
21687.2 1.28965e+16 0.0618445 -0.0283648 
21695.4 1.28926e+16 0.0618619 -0.0262548 
21703.7 1.28873e+16 0.0618645 -0.0230493 
21711.9 1.28802e+16 0.0618479 -0.0189055 
21720.2 1.28714e+16 0.0618107 -0.0140202 
21728.4 1.28609e+16 0.0617549 -0.00861924 
21736.7 1.28493e+16 0.0616852 -0.00294702 
21745 1.28372e+16 0.0616086 0.00274557 
21753.2 1.28253e+16 0.0615332 0.00821269 
21761.5 1.28142e+16 0.0614669 0.0132247 
21769.8 1.28046e+16 0.0614159 0.0175779 
21778 1.27967e+16 0.0613844 0.0211036 
21786.3 1.27905e+16 0.0613731 0.023674 
21794.6 1.2786e+16 0.0613798 0.0252068 
21802.8 1.27825e+16 0.0613994 0.0256674 
21811.1 1.27794e+16 0.0614249 0.0250684 
21819.4 1.2776e+16 0.0614481 0.0234671 
21827.6 1.27717e+16 0.0614614 0.0209616 
21835.9 1.2766e+16 0.0614589 0.017684 
21844.2 1.27585e+16 0.0614369 0.0137934 
21852.5 1.27493e+16 0.061395 0.00946776 
21860.8 1.27386e+16 0.0613358 0.00489495 
21869 1.2727e+16 0.0612649 0.000264505 
21877.3 1.27151e+16 0.0611893 -0.00424063 
21885.6 1.27036e+16 0.0611171 -0.00845129 
21893.9 1.26931e+16 0.0610556 -0.0122183 
21902.2 1.26841e+16 0.0610104 -0.0154171 
21910.5 1.26768e+16 0.0609848 -0.0179513 
21918.7 1.26712e+16 0.0609786 -0.0197542 
21927 1.2667e+16 0.0609888 -0.0207892 
21935.3 1.26636e+16 0.0610098 -0.0210491 
21943.6 1.26605e+16 0.0610343 -0.0205539 
21951.9 1.26568e+16 0.0610543 -0.0193477 
21960.2 1.26521e+16 0.0610628 -0.0174957 
21968.5 1.26459e+16 0.0610545 -0.0150797 
21976.8 1.2638e+16 0.0610269 -0.0121948 
21985.1 1.26284e+16 0.0609803 -0.00894541 
21993.4 1.26176e+16 0.0609183 -0.00544168 
22001.7 1.26061e+16 0.0608467 -0.00179667 
22010 1.25945e+16 0.060773 0.00187633 
22018.3 1.25835e+16 0.0607047 0.00546596 
22026.6 1.25736e+16 0.0606488 0.00886463 
22034.9 1.25652e+16 0.06061 0.0119701 
22043.2 1.25586e+16 0.0605905 0.014687 
22051.5 1.25534e+16 0.0605892 0.0169284 
22059.8 1.25495e+16 0.0606025 0.0186175 
22068.1 1.25462e+16 0.0606241 0.0196898 
22076.4 1.25429e+16 0.0606466 0.0200952 
22084.7 1.25389e+16 0.0606626 0.0198005 
22093.1 1.25337e+16 0.0606656 0.0187922 
22101.4 1.2527e+16 0.0606512 0.0170788 
22109.7 1.25187e+16 0.0606178 0.0146933 
22118 1.25088e+16 0.0605668 0.0116943 
22126.3 1.2498e+16 0.0605025 0.00816724 
22134.6 1.24866e+16 0.0604311 0.00422369 
22143 1.24753e+16 0.06036 -6.40661e-07 
22151.3 1.24648e+16 0.0602966 -0.00434924 
22159.6 1.24556e+16 0.0602469 -0.00864988 
22167.9 1.24479e+16 0.0602149 -0.0127212 
22176.3 1.24419e+16 0.0602015 -0.0163806 
22184.6 1.24372e+16 0.0602048 -0.019453 
22192.9 1.24335e+16 0.0602204 -0.0217803 
22201.2 1.24302e+16 0.0602418 -0.0232306 
22209.6 1.24266e+16 0.0602615 -0.0237065 
22217.9 1.24222e+16 0.0602726 -0.0231529 
22226.2 1.24165e+16 0.0602693 -0.0215621 
22234.6 1.24093e+16 0.0602484 -0.0189767 
22242.9 1.24005e+16 0.0602093 -0.0154903 
22251.2 1.23905e+16 0.0601544 -0.0112443 
22259.6 1.23796e+16 0.0600885 -0.00642277 
22267.9 1.23684e+16 0.0600183 -0.00124398 
22276.3 1.23576e+16 0.0599509 0.00405042 
22284.6 1.23478e+16 0.0598932 0.00920775 
22293 1.23392e+16 0.0598504 0.0139777 
22301.3 1.23322e+16 0.0598253 0.0181259 
22309.6 1.23267e+16 0.0598178 0.0214474 
22318 1.23225e+16 0.0598252 0.0237774 
22326.3 1.23189e+16 0.0598423 0.0250014 
22334.7 1.23155e+16 0.0598623 0.025061 
22343 1.23116e+16 0.0598782 0.0239575 
22351.4 1.23067e+16 0.0598836 0.0217513 
22359.7 1.23005e+16 0.0598736 0.0185587 
22368.1 1.22927e+16 0.0598461 0.0145447 
22376.5 1.22836e+16 0.0598016 0.00991327 
22384.8 1.22734e+16 0.0597434 0.00489636 
22393.2 1.22625e+16 0.0596769 -0.000259612 
22401.5 1.22517e+16 0.0596089 -0.00530694 
22409.9 1.22414e+16 0.0595463 -0.0100098 
22418.2 1.22322e+16 0.0594951 -0.014156 
22426.6 1.22244e+16 0.0594596 -0.0175677 
22435 1.22181e+16 0.0594414 -0.0201087 
22443.3 1.22131e+16 0.0594395 -0.0216897 
22451.7 1.22092e+16 0.0594501 -0.0222714 
22460.1 1.22056e+16 0.0594675 -0.0218631 
22468.4 1.2202e+16 0.0594851 -0.0205204 
22476.8 1.21977e+16 0.0594961 -0.0183396 
22485.2 1.21923e+16 0.0594949 -0.0154508 
22493.6 1.21855e+16 0.0594779 -0.0120096 
22501.9 1.21773e+16 0.0594439 -0.00818792 
22510.3 1.21678e+16 0.0593946 -0.00416509 
22518.7 1.21575e+16 0.0593341 -0.000119005 
22527.1 1.21468e+16 0.0592682 0.00378189 
22535.5 1.21364e+16 0.0592036 0.00738534 
22543.8 1.21268e+16 0.0591468 0.0105607 
22552.2 1.21183e+16 0.0591029 0.0132031 
22560.6 1.21113e+16 0.0590749 0.0152353 
22569 1.21056e+16 0.0590634 0.0166091 
22577.4 1.2101e+16 0.0590661 0.0173046 
22585.8 1.20972e+16 0.0590788 0.0173287 
22594.1 1.20936e+16 0.0590954 0.0167125 
22602.5 1.20897e+16 0.0591093 0.015508 
22610.9 1.20849e+16 0.0591144 0.0137845 
22619.3 1.20789e+16 0.0591061 0.0116245 
22627.7 1.20715e+16 0.0590819 0.00912016 
22636.1 1.20629e+16 0.0590419 0.006369 
22644.5 1.20532e+16 0.0589887 0.00347075 
22652.9 1.20429e+16 0.0589271 0.000524146 
22661.3 1.20326e+16 0.0588632 -0.00237569 
22669.7 1.20227e+16 0.0588033 -0.00513947 
22678.1 1.20138e+16 0.0587532 -0.00768542 
22686.5 1.20061e+16 0.0587169 -0.00994065 
22694.9 1.19997e+16 0.0586963 -0.0118421 
22703.3 1.19946e+16 0.0586908 -0.0133372 
22711.7 1.19904e+16 0.0586973 -0.0143844 
22720.1 1.19866e+16 0.0587106 -0.0149539 
22728.5 1.19828e+16 0.0587249 -0.0150274 
22736.9 1.19784e+16 0.0587339 -0.0145991 
22745.4 1.19731e+16 0.0587323 -0.0136757 
22753.8 1.19665e+16 0.0587166 -0.0122773 
22762.2 1.19586e+16 0.0586855 -0.0104374 
22770.6 1.19496e+16 0.0586404 -0.00820317 
22779 1.19398e+16 0.0585846 -0.00563586 
22787.4 1.19297e+16 0.0585234 -0.00281013 
22795.8 1.19198e+16 0.0584628 0.000186665 
22804.3 1.19106e+16 0.0584087 0.0032559 
22812.7 1.19024e+16 0.058366 0.00628996 
22821.1 1.18954e+16 0.0583374 0.00917512 
22829.5 1.18897e+16 0.0583238 0.0117954 
22838 1.1885e+16 0.0583233 0.0140369 
22846.4 1.1881e+16 0.058332 0.0157931 
22854.8 1.18771e+16 0.0583446 0.0169699 
22863.2 1.1873e+16 0.0583552 0.0174913 
22871.7 1.18681e+16 0.0583582 0.0173047 
22880.1 1.18621e+16 0.0583494 0.0163851 
22888.5 1.1855e+16 0.0583264 0.0147391 
22897 1.18467e+16 0.0582891 0.0124069 
22905.4 1.18375e+16 0.05824 0.00946312 
22913.8 1.18277e+16 0.0581831 0.00601527 
22922.3 1.1818e+16 0.0581238 0.00220084 
22930.7 1.18086e+16 0.0580679 -0.00181788 
22939.2 1.18001e+16 0.0580206 -0.00586066 
22947.6 1.17926e+16 0.0579855 -0.00973776 
22956 1.17864e+16 0.0579644 -0.0132593 
22964.5 1.17812e+16 0.0579568 -0.0162456 
22972.9 1.17768e+16 0.0579599 -0.0185368 
22981.4 1.17728e+16 0.0579693 -0.0200028 
22989.8 1.17687e+16 0.0579795 -0.0205513 
22998.3 1.17641e+16 0.0579852 -0.0201343 
23006.7 1.17586e+16 0.0579815 -0.0187526 
23015.2 1.17521e+16 0.0579654 -0.0164567 
23023.6 1.17445e+16 0.0579356 -0.0133462 
23032.1 1.17359e+16 0.0578933 -0.00956536 
23040.5 1.17266e+16 0.0578417 -0.00529619 
23049 1.17171e+16 0.0577853 -0.000749261 
23057.5 1.17077e+16 0.0577294 0.00384745 
23065.9 1.1699e+16 0.0576793 0.00826105 
23074.4 1.16912e+16 0.0576392 0.0122666 
23082.8 1.16845e+16 0.0576117 0.0156598 
23091.3 1.16788e+16 0.0575973 0.0182686 
23099.8 1.1674e+16 0.0575944 0.019963 
23108.2 1.16697e+16 0.0575995 0.0206626 
23116.7 1.16656e+16 0.057608 0.0203408 
23125.2 1.16612e+16 0.0576145 0.0190261 
23133.6 1.16561e+16 0.0576143 0.0168004 
23142.1 1.16501e+16 0.0576037 0.0137933 
23150.6 1.1643e+16 0.0575805 0.0101744 
23159 1.1635e+16 0.0575449 0.00614301 
23167.5 1.16262e+16 0.057499 0.00191572 
23176 1.1617e+16 0.0574465 -0.00228596 
23184.5 1.16079e+16 0.0573922 -0.00624866 
23193 1.15991e+16 0.057341 -0.00977908 
23201.4 1.1591e+16 0.0572974 -0.0127144 
23209.9 1.15839e+16 0.0572647 -0.0149306 
23218.4 1.15778e+16 0.0572442 -0.0163477 
23226.9 1.15726e+16 0.0572353 -0.0169328 
23235.4 1.1568e+16 0.0572356 -0.016699 
23243.8 1.15637e+16 0.0572412 -0.0157026 
23252.3 1.15594e+16 0.0572472 -0.0140368 
23260.8 1.15545e+16 0.0572489 -0.0118244 
23269.3 1.15489e+16 0.0572423 -0.00920788 
23277.8 1.15424e+16 0.0572247 -0.0063404 
23286.3 1.15349e+16 0.0571953 -0.00337544 
23294.8 1.15267e+16 0.0571553 -0.000458056 
23303.3 1.15179e+16 0.0571073 0.00228275 
23311.8 1.15089e+16 0.0570555 0.00473995 
23320.3 1.15002e+16 0.0570046 0.00683223 
23328.8 1.1492e+16 0.056959 0.00850563 
23337.3 1.14847e+16 0.0569223 0.00973315 
23345.8 1.14782e+16 0.0568966 0.0105124 
23354.3 1.14726e+16 0.0568821 0.010862 
23362.8 1.14677e+16 0.0568774 0.0108168 
23371.3 1.14632e+16 0.0568793 0.0104226 
23379.8 1.14587e+16 0.0568837 0.00973125 
23388.3 1.1454e+16 0.056886 0.00879588 
23396.8 1.14487e+16 0.0568822 0.00766717 
23405.3 1.14426e+16 0.0568691 0.00639069 
23413.8 1.14356e+16 0.0568452 0.00500557 
23422.3 1.14279e+16 0.0568107 0.00354434 
23430.9 1.14195e+16 0.0567676 0.00203383 
23439.4 1.14109e+16 0.0567191 0.000496999 
23447.9 1.14023e+16 0.0566696 -0.00104482 
23456.4 1.13941e+16 0.0566231 -0.00256946 
23464.9 1.13865e+16 0.0565837 -0.00405174 
23473.4 1.13798e+16 0.0565537 -0.00546182 
23482 1.13738e+16 0.0565342 -0.00676431 
23490.5 1.13686e+16 0.0565246 -0.00791844 
23499 1.13638e+16 0.0565225 -0.00887924 
23507.5 1.13593e+16 0.0565245 -0.00959966 
23516.1 1.13546e+16 0.0565264 -0.0100336 
23524.6 1.13495e+16 0.0565241 -0.0101394 
23533.1 1.13437e+16 0.0565144 -0.00988368 
23541.7 1.13372e+16 0.0564951 -0.00924523 
23550.2 1.13299e+16 0.0564658 -0.00821815 
23558.7 1.1322e+16 0.0564275 -0.00681456 
23567.3 1.13137e+16 0.0563828 -0.00506611 
23575.8 1.13054e+16 0.0563353 -0.00302439 
23584.3 1.12972e+16 0.0562891 -0.000759973 
23592.9 1.12895e+16 0.0562479 0.00163985 
23601.4 1.12825e+16 0.0562147 0.00407455 
23609.9 1.12762e+16 0.0561909 0.00643492 
23618.5 1.12707e+16 0.0561768 0.00860844 
23627 1.12657e+16 0.0561706 0.0104851 
23635.6 1.1261e+16 0.0561697 0.0119635 
23644.1 1.12563e+16 0.0561704 0.0129566 
23652.7 1.12514e+16 0.0561688 0.0133971 
23661.2 1.12459e+16 0.0561615 0.0132419 
23669.8 1.12397e+16 0.0561459 0.0124758 
23678.3 1.12329e+16 0.0561211 0.0111128 
23686.9 1.12254e+16 0.0560874 0.00919727 
23695.4 1.12174e+16 0.0560466 0.00680287 
23704 1.12093e+16 0.0560018 0.00402968 
23712.5 1.12012e+16 0.0559565 0.00100034 
23721.1 1.11935e+16 0.0559145 -0.00214546 
23729.7 1.11863e+16 0.0558789 -0.00525751 
23738.2 1.11799e+16 0.0558516 -0.00818246 
23746.8 1.1174e+16 0.0558334 -0.0107717 
23755.3 1.11688e+16 0.0558233 -0.0128892 
23763.9 1.11639e+16 0.0558193 -0.0144194 
23772.5 1.11592e+16 0.0558182 -0.0152734 
23781 1.11543e+16 0.0558165 -0.0153953 
23789.6 1.1149e+16 0.0558107 -0.0147658 
23798.2 1.11431e+16 0.0557981 -0.0134047 
23806.7 1.11367e+16 0.0557771 -0.0113704 
23815.3 1.11295e+16 0.0557476 -0.00875843 
23823.9 1.1122e+16 0.0557106 -0.00569675 
23832.5 1.11141e+16 0.0556687 -0.00233943 
23841 1.11062e+16 0.055625 0.00114138 
23849.6 1.10985e+16 0.055583 0.00456488 
23858.2 1.10912e+16 0.0555458 0.00775176 
23866.8 1.10846e+16 0.0555158 0.0105345 
23875.4 1.10785e+16 0.055494 0.0127672 
23883.9 1.1073e+16 0.0554803 0.0143343 
23892.5 1.1068e+16 0.0554732 0.0151573 
23901.1 1.10631e+16 0.05547 0.0151997 
23909.7 1.10583e+16 0.0554675 0.0144693 
23918.3 1.10531e+16 0.0554625 0.0130169 
23926.9 1.10475e+16 0.0554521 0.0109337 
23935.5 1.10413e+16 0.0554343 0.00834502 
23944 1.10346e+16 0.0554085 0.00540233 
23952.6 1.10273e+16 0.0553752 0.00227354 
23961.2 1.10197e+16 0.0553363 -0.000867477 
23969.8 1.1012e+16 0.0552946 -0.00385173 
23978.4 1.10044e+16 0.0552531 -0.0065253 
23987 1.09971e+16 0.055215 -0.00875833 
23995.6 1.09903e+16 0.0551829 -0.0104521 
24004.2 1.09841e+16 0.0551582 -0.011544 
24012.8 1.09784e+16 0.0551412 -0.0120094 
24021.4 1.09732e+16 0.055131 -0.0118614 
24030 1.09682e+16 0.0551256 -0.011148 
24038.6 1.09633e+16 0.055122 -0.00994662 
24047.2 1.09583e+16 0.0551172 -0.00835708 
24055.8 1.09528e+16 0.0551082 -0.00649375 
24064.5 1.09469e+16 0.0550931 -0.00447679 
24073.1 1.09405e+16 0.0550705 -0.00242378 
24081.7 1.09336e+16 0.0550406 -0.00044212 
24090.3 1.09262e+16 0.0550047 0.00137719 
24098.9 1.09187e+16 0.0549651 0.002964 
24107.5 1.09112e+16 0.0549246 0.00427147 
24116.1 1.0904e+16 0.0548862 0.00527647 
24124.7 1.08971e+16 0.0548525 0.005978 
24133.4 1.08907e+16 0.0548254 0.006394 
24142 1.08849e+16 0.0548056 0.00655678 
24150.6 1.08795e+16 0.0547926 0.00650776 
24159.2 1.08744e+16 0.0547848 0.00629194 
24167.9 1.08694e+16 0.0547798 0.00595267 
24176.5 1.08644e+16 0.0547748 0.0055272 
24185.1 1.08592e+16 0.0547669 0.00504339 
24193.7 1.08535e+16 0.0547538 0.00451787 
24202.4 1.08473e+16 0.054734 0.00395579 
24211 1.08407e+16 0.0547072 0.00335206 
24219.6 1.08336e+16 0.0546742 0.00269391 
24228.3 1.08264e+16 0.0546367 0.00196462 
24236.9 1.0819e+16 0.0545975 0.00114773 
24245.5 1.08118e+16 0.0545592 0.000231515 
24254.2 1.08049e+16 0.0545245 -0.000786886 
24262.8 1.07984e+16 0.0544954 -0.00189815 
24271.5 1.07924e+16 0.054473 -0.00307858 
24280.1 1.07868e+16 0.0544574 -0.00428945 
24288.7 1.07816e+16 0.0544474 -0.00547789 
24297.4 1.07766e+16 0.0544409 -0.00657946 
24306 1.07716e+16 0.0544354 -0.00752216 
24314.7 1.07664e+16 0.0544282 -0.00823169 
24323.3 1.0761e+16 0.0544167 -0.00863746 
24332 1.07551e+16 0.0543993 -0.00867888 
24340.6 1.07487e+16 0.0543752 -0.00831145 
24349.3 1.07419e+16 0.0543449 -0.00751203 
24357.9 1.07349e+16 0.0543096 -0.00628282 
24366.6 1.07277e+16 0.0542717 -0.00465369 
24375.2 1.07205e+16 0.0542337 -0.00268247 
24383.9 1.07136e+16 0.0541983 -0.000453218 
24392.6 1.0707e+16 0.0541677 0.00192763 
24401.2 1.07008e+16 0.0541432 0.00433696 
24409.9 1.06951e+16 0.0541253 0.00664215 
24418.5 1.06898e+16 0.0541132 0.00870931 
24427.2 1.06847e+16 0.0541053 0.0104119 
24435.9 1.06798e+16 0.0540992 0.0116393 
24444.5 1.06747e+16 0.0540923 0.0123044 
24453.2 1.06694e+16 0.0540821 0.0123501 
24461.9 1.06637e+16 0.0540667 0.0117535 
24470.5 1.06576e+16 0.0540451 0.0105287 
24479.2 1.06511e+16 0.0540171 0.00872663 
24487.9 1.06442e+16 0.0539838 0.00643251 
24496.6 1.06372e+16 0.0539472 0.00376152 
24505.2 1.06301e+16 0.0539097 0.000852176 
24513.9 1.06231e+16 0.0538739 -0.0021416 
24522.6 1.06165e+16 0.053842 -0.00505943 
24531.3 1.06102e+16 0.0538158 -0.00774383 
24539.9 1.06044e+16 0.0537959 -0.0100493 
24548.6 1.0599e+16 0.053782 -0.0118508 
24557.3 1.05939e+16 0.0537728 -0.0130507 
24566 1.05889e+16 0.0537661 -0.0135842 
24574.7 1.0584e+16 0.0537594 -0.0134228 
24583.4 1.05788e+16 0.0537503 -0.0125757 
24592 1.05734e+16 0.0537365 -0.0110892 
24600.7 1.05675e+16 0.0537169 -0.0090432 
24609.4 1.05612e+16 0.053691 -0.00654721 
24618.1 1.05545e+16 0.0536595 -0.0037337 
24626.8 1.05476e+16 0.0536241 -0.000750861 
24635.5 1.05405e+16 0.0535871 0.00224552 
24644.2 1.05336e+16 0.0535509 0.00510048 
24652.9 1.05269e+16 0.0535181 0.0076681 
24661.6 1.05206e+16 0.0534905 0.00981915 
24670.3 1.05147e+16 0.053469 0.0114478 
24679 1.05092e+16 0.0534537 0.0124767 
24687.7 1.0504e+16 0.0534433 0.0128614 
24696.4 1.04991e+16 0.0534361 0.0125914 
24705.1 1.04942e+16 0.0534296 0.0116913 
24713.8 1.04892e+16 0.0534212 0.0102184 
24722.5 1.04839e+16 0.0534088 0.00825962 
24731.2 1.04782e+16 0.0533908 0.00592627 
24739.9 1.04721e+16 0.0533666 0.00334779 
24748.7 1.04656e+16 0.0533366 0.000664373 
24757.4 1.04588e+16 0.0533023 -0.00198091 
24766.1 1.04518e+16 0.0532657 -0.00445018 
24774.8 1.04449e+16 0.0532295 -0.00661839 
24783.5 1.04382e+16 0.053196 -0.00838022 
24792.2 1.04318e+16 0.0531673 -0.00965577 
24801 1.04258e+16 0.0531446 -0.0103946 
24809.7 1.04203e+16 0.0531281 -0.010578 
24818.4 1.04152e+16 0.0531168 -0.0102194 
24827.1 1.04103e+16 0.0531092 -0.00936226 
24835.8 1.04055e+16 0.0531027 -0.00807694 
24844.6 1.04006e+16 0.053095 -0.00645508 
24853.3 1.03954e+16 0.0530836 -0.00460325 
24862 1.03899e+16 0.0530669 -0.00263556 
24870.8 1.03839e+16 0.0530441 -0.000666054 
24879.5 1.03776e+16 0.0530153 0.00119863 
24888.2 1.03708e+16 0.0529818 0.00286581 
24897 1.0364e+16 0.0529457 0.00426203 
24905.7 1.03571e+16 0.0529095 0.00533676 
24914.4 1.03503e+16 0.0528755 0.00606409 
24923.2 1.03439e+16 0.0528461 0.00644267 
24931.9 1.03379e+16 0.0528225 0.00649354 
24940.6 1.03324e+16 0.052805 0.00625656 
24949.4 1.03273e+16 0.0527932 0.00578537 
24958.1 1.03224e+16 0.0527852 0.00514161 
24966.9 1.03177e+16 0.0527788 0.00438896 
24975.6 1.03129e+16 0.0527716 0.0035873 
24984.4 1.03078e+16 0.052761 0.00278779 
24993.1 1.03025e+16 0.0527453 0.00202911 
25001.9 1.02966e+16 0.0527235 0.0013353 
25010.6 1.02904e+16 0.0526957 0.000715231 
25019.4 1.02837e+16 0.0526629 0.000163824 
25028.1 1.02769e+16 0.0526271 -0.000335218 
25036.9 1.02701e+16 0.0525909 -0.000805471 
25045.6 1.02633e+16 0.0525567 -0.00127307 
25054.4 1.02569e+16 0.0525267 -0.00176176 
25063.1 1.02509e+16 0.0525025 -0.00228816 
25071.9 1.02454e+16 0.0524845 -0.00285796 
25080.7 1.02403e+16 0.0524722 -0.0034632 
25089.4 1.02355e+16 0.0524641 -0.00408128 
25098.2 1.02308e+16 0.0524579 -0.00467561 
25107 1.02261e+16 0.052451 -0.00519803 
25115.7 1.02212e+16 0.0524411 -0.00559278 
25124.5 1.02159e+16 0.0524261 -0.00580174 
25133.3 1.02102e+16 0.052405 -0.0057704 
25142 1.0204e+16 0.0523778 -0.00545401 
25150.8 1.01975e+16 0.0523455 -0.00482341 
25159.6 1.01907e+16 0.0523099 -0.00386979 
25168.4 1.01839e+16 0.0522737 -0.00260809 
25177.1 1.01772e+16 0.0522393 -0.00107842 
25185.9 1.01708e+16 0.052209 0.000654569 
25194.7 1.01648e+16 0.0521845 0.00250447 
25203.5 1.01593e+16 0.0521662 0.00436793 
25212.2 1.01542e+16 0.0521538 0.00613119 
25221 1.01494e+16 0.0521458 0.00767785 
25229.8 1.01448e+16 0.0521398 0.00889726 
25238.6 1.01402e+16 0.0521333 0.00969295 
25247.4 1.01354e+16 0.0521239 0.00999033 
25256.2 1.01303e+16 0.0521093 0.00974317 
25265 1.01246e+16 0.0520886 0.00893818 
25273.8 1.01186e+16 0.0520617 0.00759735 
25282.5 1.01121e+16 0.0520295 0.0057779 
25291.3 1.01053e+16 0.051994 0.00356968 
25300.1 1.00985e+16 0.0519577 0.00109019 
25308.9 1.00918e+16 0.0519232 -0.00152238 
25317.7 1.00854e+16 0.0518929 -0.00411769 
25326.5 1.00795e+16 0.0518684 -0.00654277 
25335.3 1.0074e+16 0.0518503 -0.00865178 
25344.1 1.0069e+16 0.0518381 -0.0103155 
25352.9 1.00643e+16 0.0518304 -0.0114298 
25361.7 1.00598e+16 0.0518248 -0.0119224 
25370.5 1.00554e+16 0.0518187 -0.0117577 
25379.3 1.00506e+16 0.0518094 -0.0109391 
25388.1 1.00455e+16 0.051795 -0.00950922 
25397 1.004e+16 0.0517743 -0.00754721 
25405.8 1.00339e+16 0.0517473 -0.00516382 
25414.6 1.00274e+16 0.0517149 -0.00249474 
25423.4 1.00207e+16 0.0516793 0.000307781 
25432.2 1.00139e+16 0.0516429 0.00308416 
25441 1.00072e+16 0.0516084 0.00567716 
25449.8 1.00009e+16 0.0515784 0.00794127 
25458.7 9.99497e+15 0.0515543 0.00975132 
25467.5 9.9896e+15 0.0515368 0.0110097 
25476.3 9.9847e+15 0.0515252 0.0116517 
25485.1 9.98017e+15 0.0515181 0.0116494 
25493.9 9.97581e+15 0.0515129 0.011012 
25502.8 9.97141e+15 0.051507 0.00978555 
25511.6 9.96676e+15 0.0514977 0.00804902 
25520.4 9.9617e+15 0.051483 0.00590939 
25529.2 9.95613e+15 0.0514618 0.0034947 
25538.1 9.95005e+15 0.0514342 0.000946151 
25546.9 9.94355e+15 0.0514014 -0.00159054 
25555.7 9.93679e+15 0.0513655 -0.0039738 
25564.6 9.92998e+15 0.0513291 -0.00607441 
25573.4 9.92336e+15 0.0512951 -0.00778293 
25582.2 9.9171e+15 0.0512657 -0.00901555 
25591.1 9.91134e+15 0.0512425 -0.00971844 
25599.9 9.90611e+15 0.051226 -0.00987008 
25608.8 9.90137e+15 0.0512154 -0.00948162 
25617.6 9.89698e+15 0.0512089 -0.00859516 
25626.5 9.89273e+15 0.0512041 -0.00728033 
25635.3 9.88839e+15 0.0511981 -0.00562913 
25644.1 9.88376e+15 0.0511884 -0.00374969 
25653 9.87867e+15 0.0511729 -0.00175908 
25661.8 9.87305e+15 0.0511508 0.000224095 
25670.7 9.86691e+15 0.0511224 0.00208701 
25679.5 9.86036e+15 0.0510889 0.00372935 
25688.4 9.85359e+15 0.0510528 0.00506901 
25697.2 9.84683e+15 0.0510166 0.00604648 
25706.1 9.8403e+15 0.0509833 0.00662757 
25715 9.83419e+15 0.0509551 0.00680445 
25723.8 9.82861e+15 0.0509333 0.00659497 
25732.7 9.82357e+15 0.0509181 0.00604022 
25741.5 9.81901e+15 0.0509086 0.00520069 
25750.4 9.81474e+15 0.0509029 0.00415127 
25759.3 9.81057e+15 0.0508982 0.00297534 
25768.1 9.80625e+15 0.0508918 0.00175861 
25777 9.80157e+15 0.0508811 0.000582886 
25785.9 9.7964e+15 0.0508644 -0.000479583 
25794.7 9.79068e+15 0.0508411 -0.00137092 
25803.6 9.78446e+15 0.0508115 -0.00205119 
25812.5 9.77788e+15 0.0507774 -0.00250046 
25821.3 9.77114e+15 0.0507412 -0.00271926 
25830.2 9.76447e+15 0.0507057 -0.00272741 
25839.1 9.75809e+15 0.0506736 -0.00256125 
25848 9.75218e+15 0.050647 -0.00226955 
25856.8 9.74681e+15 0.0506269 -0.00190849 
25865.7 9.74198e+15 0.0506133 -0.001536 
25874.6 9.73757e+15 0.0506049 -0.00120599 
25883.5 9.7334e+15 0.0505997 -0.000963042 
25892.4 9.72925e+15 0.0505948 -0.000837919 
25901.3 9.72488e+15 0.0505875 -0.000844361 
25910.1 9.72012e+15 0.0505755 -0.000977507 
25919 9.71484e+15 0.0505572 -0.0012141 
25927.9 9.70902e+15 0.0505324 -0.0015145 
25936.8 9.70273e+15 0.0505018 -0.00182646 
25945.7 9.69615e+15 0.0504672 -0.00209023 
25954.6 9.68948e+15 0.0504313 -0.00224471 
25963.5 9.68295e+15 0.0503968 -0.00223407 
25972.4 9.67677e+15 0.0503663 -0.00201419 
25981.3 9.67108e+15 0.0503415 -0.00155832 
25990.2 9.66593e+15 0.0503233 -0.000861465 
25999.1 9.66128e+15 0.0503113 5.71071e-05 
26008 9.65699e+15 0.0503039 0.00115349 
26016.9 9.65288e+15 0.0502989 0.00236107 
26025.8 9.6487e+15 0.0502935 0.00359473 
26034.7 9.64426e+15 0.050285 0.00475702 
26043.6 9.63938e+15 0.0502713 0.00574588 
26052.5 9.63399e+15 0.0502513 0.00646331 
26061.4 9.62808e+15 0.0502249 0.00682423 
26070.3 9.62176e+15 0.0501933 0.00676469 
26079.2 9.61522e+15 0.0501585 0.00624886 
26088.1 9.60865e+15 0.0501232 0.00527394 
26097 9.6023e+15 0.0500901 0.00387251 
26106 9.59632e+15 0.0500614 0.00211214 
26114.9 9.59085e+15 0.0500388 9.19947e-05 
26123.8 9.5859e+15 0.0500225 -0.00206327 
26132.7 9.58141e+15 0.050012 -0.00421195 
26141.6 9.57722e+15 0.0500055 -0.00620546 
26150.6 9.57312e+15 0.0500004 -0.00789942 
26159.5 9.56891e+15 0.0499941 -0.00916474 
26168.4 9.56438e+15 0.0499841 -0.0098979 
26177.3 9.55939e+15 0.0499685 -0.0100295 
26186.3 9.55389e+15 0.0499467 -0.00953048 
26195.2 9.54791e+15 0.0499188 -0.00841506 
26204.1 9.54158e+15 0.0498863 -0.00674089 
26213 9.53509e+15 0.0498515 -0.00460564 
26222 9.52865e+15 0.0498171 -0.00214055 
26230.9 9.52246e+15 0.0497855 0.000498493 
26239.9 9.5167e+15 0.049759 0.00314181 
26248.8 9.51144e+15 0.0497386 0.00561784 
26257.7 9.50668e+15 0.0497244 0.00776526 
26266.7 9.50233e+15 0.0497154 0.00944422 
26275.6 9.49823e+15 0.0497094 0.0105461 
26284.5 9.49415e+15 0.0497041 0.0110009 
26293.5 9.48989e+15 0.0496966 0.010782 
26302.4 9.48527e+15 0.0496848 0.00990702 
26311.4 9.48017e+15 0.0496672 0.00843696 
26320.3 9.47457e+15 0.0496433 0.00647082 
26329.3 9.46852e+15 0.0496139 0.00413855 
26338.2 9.46217e+15 0.0495807 0.00159174 
26347.2 9.45573e+15 0.0495461 -0.00100703 
26356.1 9.4494e+15 0.0495128 -0.0034952 
26365.1 9.4434e+15 0.0494832 -0.00572104 
26374 9.43785e+15 0.049459 -0.00755339 
26383 9.43282e+15 0.0494411 -0.00888969 
26392 9.42827e+15 0.0494291 -0.0096618 
26400.9 9.42408e+15 0.0494214 -0.00983939 
26409.9 9.42007e+15 0.0494159 -0.00943059 
26418.8 9.41601e+15 0.04941 -0.00848013 
26427.8 9.41169e+15 0.049401 -0.00706512 
26436.8 9.40696e+15 0.0493871 -0.00528881 
26445.7 9.40172e+15 0.049367 -0.00327301 
26454.7 9.39597e+15 0.049341 -0.0011495 
26463.7 9.38982e+15 0.04931 0.000948736 
26472.6 9.38344e+15 0.0492762 0.00289607 
26481.6 9.37705e+15 0.0492421 0.00458184 
26490.6 9.37087e+15 0.0492104 0.0059167 
26499.6 9.36507e+15 0.0491832 0.00683733 
26508.5 9.35979e+15 0.0491619 0.00730922 
26517.5 9.35503e+15 0.0491468 0.00732754 
26526.5 9.35073e+15 0.0491369 0.00691602 
26535.5 9.34672e+15 0.0491305 0.00612409 
26544.4 9.34279e+15 0.0491251 0.00502251 
26553.4 9.33871e+15 0.049118 0.00369782 
26562.4 9.33429e+15 0.0491069 0.00224598 
26571.4 9.32937e+15 0.0490903 0.000765741 
26580.4 9.32393e+15 0.0490674 -0.000647927 
26589.4 9.318e+15 0.0490391 -0.0019099 
26598.4 9.31173e+15 0.0490067 -0.00295004 
26607.4 9.30533e+15 0.0489728 -0.00371723 
26616.3 9.29903e+15 0.0489399 -0.00418186 
26625.3 9.29306e+15 0.0489105 -0.00433691 
26634.3 9.28757e+15 0.0488864 -0.00419737 
26643.3 9.28262e+15 0.0488684 -0.0037982 
26652.3 9.2782e+15 0.0488561 -0.00319089 
26661.3 9.27415e+15 0.0488483 -0.00243907 
26670.3 9.2703e+15 0.0488427 -0.00161322 
26679.3 9.26639e+15 0.0488366 -0.000785101 
26688.3 9.26221e+15 0.0488275 -2.21856e-05 
26697.3 9.25756e+15 0.0488135 0.000617489 
26706.3 9.25238e+15 0.0487935 0.00108965 
26715.3 9.24666e+15 0.0487677 0.00136698 
26724.4 9.24052e+15 0.0487372 0.00144097 
26733.4 9.23417e+15 0.048704 0.00132219 
26742.4 9.22784e+15 0.0486708 0.00103911 
26751.4 9.22176e+15 0.04864 0.000635313 
26760.4 9.21612e+15 0.0486139 0.000165618 
26769.4 9.21103e+15 0.0485935 -0.000308932 
26778.4 9.20649e+15 0.0485791 -0.000726562 
26787.4 9.2024e+15 0.0485696 -0.00103044 
26796.5 9.19857e+15 0.0485631 -0.00117405 
26805.5 9.19476e+15 0.0485572 -0.00112576 
26814.5 9.19074e+15 0.0485493 -0.000872243 
26823.5 9.1863e+15 0.0485372 -0.000420472 
26832.6 9.18132e+15 0.0485196 0.000202072 
26841.6 9.17579e+15 0.048496 0.00094889 
26850.6 9.16981e+15 0.0484674 0.00175768 
26859.6 9.16354e+15 0.0484355 0.00255507 
26868.7 9.15723e+15 0.0484027 0.00326248 
26877.7 9.15112e+15 0.0483714 0.00380273 
26886.7 9.14541e+15 0.048344 0.00410688 
26895.8 9.14023e+15 0.0483219 0.0041207 
26904.8 9.1356e+15 0.0483056 0.00381026 
26913.8 9.13146e+15 0.0482944 0.00316612 
26922.9 9.12761e+15 0.0482867 0.00220574 
26931.9 9.12384e+15 0.0482804 0.000973836 
26940.9 9.11991e+15 0.0482728 -0.000459494 
26950 9.11559e+15 0.0482619 -0.00200277 
26959 9.11077e+15 0.0482459 -0.00354908 
26968.1 9.10541e+15 0.0482243 -0.00498353 
26977.1 9.09957e+15 0.0481976 -0.00619176 
26986.2 9.09343e+15 0.0481672 -0.0070689 
26995.2 9.0872e+15 0.0481353 -0.00752813 
27004.3 9.08112e+15 0.0481043 -0.00750835 
27013.3 9.07541e+15 0.0480764 -0.00698027 
27022.4 9.07019e+15 0.0480531 -0.00595021 
27031.4 9.06551e+15 0.0480353 -0.00446152 
27040.5 9.06131e+15 0.0480225 -0.00259307 
27049.5 9.05742e+15 0.0480134 -0.000455061 
27058.6 9.05363e+15 0.0480061 0.00181771 
27067.7 9.04971e+15 0.0479983 0.00407479 
27076.7 9.04546e+15 0.0479877 0.00616049 
27085.8 9.04074e+15 0.0479728 0.0079251 
27094.8 9.0355e+15 0.0479528 0.00923607 
27103.9 9.02982e+15 0.0479279 0.00998831 
27113 9.02383e+15 0.0478992 0.0101127 
27122 9.01773e+15 0.0478686 0.00958206 
27131.1 9.01176e+15 0.0478384 0.00841465 
27140.2 9.00611e+15 0.0478106 0.00667361 
27149.3 9.0009e+15 0.0477867 0.00446367 
27158.3 8.99619e+15 0.0477678 0.00192437 
27167.4 8.99192e+15 0.0477535 -0.000779331 
27176.5 8.98795e+15 0.047743 -0.00346854 
27185.6 8.9841e+15 0.0477344 -0.0059631 
27194.6 8.98014e+15 0.0477258 -0.00809452 
27203.7 8.97589e+15 0.0477152 -0.00971816 
27212.8 8.97123e+15 0.0477008 -0.0107238 
27221.9 8.96611e+15 0.047682 -0.0110434 
27231 8.96058e+15 0.0476586 -0.0106566 
27240 8.95477e+15 0.0476317 -0.00959136 
27249.1 8.94885e+15 0.0476027 -0.00792222 
27258.2 8.94303e+15 0.0475737 -0.00576459 
27267.3 8.93748e+15 0.0475464 -0.00326608 
27276.4 8.93232e+15 0.0475225 -0.000595666 
27285.5 8.92759e+15 0.0475027 0.00206862 
27294.6 8.92325e+15 0.0474872 0.00455242 
27303.7 8.91918e+15 0.0474751 0.00669733 
27312.8 8.91522e+15 0.0474651 0.00837164 
27321.9 8.91118e+15 0.0474554 0.00947892 
27331 8.9069e+15 0.0474442 0.00996377 
27340.1 8.90227e+15 0.0474301 0.00981434 
27349.2 8.89726e+15 0.0474121 0.00906176 
27358.3 8.89189e+15 0.0473902 0.00777626 
27367.4 8.88628e+15 0.0473651 0.00606084 
27376.5 8.88057e+15 0.0473378 0.00404269 
27385.6 8.87494e+15 0.0473102 0.0018634 
27394.7 8.86952e+15 0.0472837 -0.000331487 
27403.8 8.86441e+15 0.0472599 -0.00240258 
27412.9 8.85966e+15 0.0472396 -0.00422579 
27422 8.85524e+15 0.0472229 -0.0056999 
27431.1 8.85105e+15 0.0472093 -0.00675206 
27440.3 8.84695e+15 0.0471978 -0.00734095 
27449.4 8.84281e+15 0.0471869 -0.00745762 
27458.5 8.83848e+15 0.0471751 -0.00712397 
27467.6 8.83389e+15 0.047161 -0.00638931 
27476.7 8.82898e+15 0.0471438 -0.00532524 
27485.9 8.8238e+15 0.0471232 -0.00401949 
27495 8.81841e+15 0.0470997 -0.00256899 
27504.1 8.81292e+15 0.0470742 -0.00107302 
27513.2 8.80748e+15 0.047048 0.000373395 
27522.4 8.80219e+15 0.0470224 0.00168532 
27531.5 8.79714e+15 0.0469988 0.0027926 
27540.6 8.79236e+15 0.046978 0.00364328 
27549.8 8.78783e+15 0.0469603 0.00420567 
27558.9 8.7835e+15 0.0469453 0.0044689 
27568 8.77926e+15 0.0469324 0.00444218 
27577.2 8.77501e+15 0.0469203 0.00415281 
27586.3 8.77065e+15 0.0469078 0.00364322 
27595.4 8.7661e+15 0.0468937 0.00296718 
27604.6 8.76133e+15 0.0468772 0.00218552 
27613.7 8.75634e+15 0.0468579 0.0013616 
27622.9 8.75118e+15 0.0468359 0.000556859 
27632 8.74592e+15 0.046812 -0.000173398 
27641.1 8.74066e+15 0.0467871 -0.000783582 
27650.3 8.73548e+15 0.0467623 -0.00124068 
27659.4 8.73045e+15 0.0467389 -0.00152615 
27668.6 8.72561e+15 0.0467176 -0.00163677 
27677.7 8.72096e+15 0.0466989 -0.00158431 
27686.9 8.71649e+15 0.0466827 -0.00139415 
27696 8.71212e+15 0.0466685 -0.00110282 
27705.2 8.70779e+15 0.0466555 -0.000754667 
27714.4 8.70343e+15 0.0466426 -0.000397867 
27723.5 8.69896e+15 0.0466287 -8.00972e-05 
27732.7 8.69434e+15 0.0466129 0.000155863 
27741.8 8.68956e+15 0.0465947 0.000276197 
27751 8.68463e+15 0.0465741 0.000259468 
27760.2 8.67957e+15 0.0465515 9.90483e-05 
27769.3 8.67445e+15 0.0465275 -0.000195659 
27778.5 8.66933e+15 0.0465033 -0.000599397 
27787.7 8.66429e+15 0.0464798 -0.00107267 
27796.8 8.65936e+15 0.046458 -0.00156476 
27806 8.65459e+15 0.0464384 -0.0020179 
27815.2 8.64998e+15 0.0464212 -0.00237239 
27824.3 8.64552e+15 0.0464062 -0.0025722 
27833.5 8.64116e+15 0.0463926 -0.00257061 
27842.7 8.63684e+15 0.0463796 -0.00233535 
27851.9 8.6325e+15 0.046366 -0.00185288 
27861.1 8.62807e+15 0.046351 -0.00113123 
27870.2 8.6235e+15 0.0463339 -0.000201113 
27879.4 8.61876e+15 0.0463143 0.000884821 
27888.6 8.61386e+15 0.0462925 0.00205479 
27897.8 8.60882e+15 0.0462691 0.00322252 
27907 8.60371e+15 0.046245 0.00429342 
27916.2 8.5986e+15 0.0462213 0.00517203 
27925.3 8.59357e+15 0.0461989 0.00576991 
27934.5 8.58868e+15 0.0461786 0.00601359 
27943.7 8.58397e+15 0.0461607 0.00585171 
27952.9 8.57947e+15 0.0461453 0.00526089 
27962.1 8.57515e+15 0.0461317 0.00424953 
27971.3 8.57094e+15 0.0461189 0.00285933 
27980.5 8.56676e+15 0.046106 0.00116417 
27989.7 8.56253e+15 0.0460918 -0.000733688 
27998.9 8.55815e+15 0.0460755 -0.00270996 
28008.1 8.55356e+15 0.0460566 -0.0046267 
28017.3 8.54874e+15 0.0460352 -0.00634228 
28026.5 8.54372e+15 0.0460118 -0.00772208 
28035.7 8.53855e+15 0.0459874 -0.00864927 
28044.9 8.53334e+15 0.0459631 -0.00903454 
28054.1 8.52819e+15 0.0459401 -0.00882419 
28063.3 8.52321e+15 0.0459194 -0.00800582 
28072.5 8.51848e+15 0.0459014 -0.00661094 
28081.7 8.51401e+15 0.0458861 -0.00471436 
28091 8.5098e+15 0.045873 -0.0024302 
28100.2 8.50576e+15 0.0458609 9.52892e-05 
28109.4 8.50178e+15 0.0458488 0.00269353 
28118.6 8.49773e+15 0.0458353 0.00518552 
28127.8 8.49349e+15 0.0458194 0.00739475 
28137 8.48899e+15 0.0458007 0.0091604 
28146.3 8.48417e+15 0.045779 0.0103495 
28155.5 8.47908e+15 0.0457551 0.0108675 
28164.7 8.4738e+15 0.04573 0.0106659 
28173.9 8.46847e+15 0.0457051 0.00974654 
28183.2 8.46323e+15 0.0456818 0.00816263 
28192.4 8.45822e+15 0.045661 0.00601531 
28201.6 8.45353e+15 0.0456434 0.00344697 
28210.9 8.44919e+15 0.0456289 0.000631286 
28220.1 8.44516e+15 0.0456167 -0.00223916 
28229.3 8.44133e+15 0.0456057 -0.0049668 
28238.6 8.43755e+15 0.0455944 -0.0073634 
28247.8 8.43366e+15 0.0455814 -0.00926383 
28257 8.4295e+15 0.0455655 -0.0105381 
28266.3 8.42498e+15 0.0455463 -0.0111007 
28275.5 8.42008e+15 0.0455238 -0.0109169 
28284.8 8.41485e+15 0.0454989 -0.010005 
28294 8.40943e+15 0.0454729 -0.00843463 
28303.2 8.40399e+15 0.0454475 -0.0063214 
28312.5 8.39871e+15 0.0454241 -0.00381813 
28321.7 8.39374e+15 0.0454038 -0.00110327 
28331 8.38919e+15 0.0453872 0.00163236 
28340.2 8.38506e+15 0.045374 0.00419961 
28349.5 8.38127e+15 0.0453633 0.00642475 
28358.7 8.37767e+15 0.0453534 0.00816182 
28368 8.37407e+15 0.0453427 0.00930276 
28377.2 8.37025e+15 0.0453297 0.00978446 
28386.5 8.36607e+15 0.0453132 0.00959235 
28395.8 8.36145e+15 0.0452928 0.00876027 
28405 8.35638e+15 0.045269 0.00736673 
28414.3 8.35098e+15 0.0452428 0.0055279 
28423.5 8.34541e+15 0.045216 0.00338802 
28432.8 8.33991e+15 0.0451903 0.00110789 
28442.1 8.33467e+15 0.0451674 -0.00114743 
28451.3 8.32986e+15 0.0451483 -0.00322093 
28460.6 8.32555e+15 0.0451333 -0.0049749 
28469.9 8.32169e+15 0.0451219 -0.00630034 
28479.2 8.31817e+15 0.0451126 -0.00712384 
28488.4 8.31477e+15 0.0451037 -0.0074116 
28497.7 8.31126e+15 0.0450933 -0.00717017 
28507 8.30743e+15 0.0450797 -0.00644426 
28516.3 8.30313e+15 0.045062 -0.00531167 
28525.5 8.29831e+15 0.0450399 -0.00387601 
28534.8 8.29302e+15 0.0450144 -0.00225781 
28544.1 8.28744e+15 0.044987 -0.000584717 
28553.4 8.28178e+15 0.0449596 0.00101826 
28562.7 8.2763e+15 0.0449342 0.00243796 
28571.9 8.27122e+15 0.0449124 0.0035808 
28581.2 8.26666e+15 0.044895 0.00437878 
28590.5 8.26266e+15 0.0448821 0.0047932 
28599.8 8.25911e+15 0.0448726 0.00481604 
28609.1 8.25583e+15 0.0448647 0.004469 
28618.4 8.25256e+15 0.0448564 0.00380044 
28627.7 8.24906e+15 0.0448456 0.00288049 
28637 8.2451e+15 0.0448307 0.00179484 
28646.3 8.24057e+15 0.0448111 0.00063771 
28655.6 8.23549e+15 0.0447871 -0.000495448 
28664.9 8.22998e+15 0.0447599 -0.00151504 
28674.2 8.22426e+15 0.0447315 -0.00234367 
28683.5 8.2186e+15 0.0447041 -0.00292139 
28692.8 8.21326e+15 0.0446796 -0.00320952 
28702.1 8.20844e+15 0.0446597 -0.00319291 
28711.4 8.20422e+15 0.0446446 -0.00288046 
28720.7 8.20057e+15 0.044634 -0.00230406 
28730 8.19731e+15 0.0446262 -0.00151587 
28739.3 8.1942e+15 0.0446193 -0.000584383 
28748.6 8.19096e+15 0.0446108 0.000410693 
28757.9 8.18732e+15 0.0445988 0.00138426 
28767.2 8.18312e+15 0.044582 0.00225208 
28776.6 8.17831e+15 0.0445602 0.00293695 
28785.9 8.17295e+15 0.0445341 0.00337464 
28795.2 8.16726e+15 0.0445056 0.0035189 
28804.5 8.1615e+15 0.0444768 0.00334544 
28813.8 8.15596e+15 0.0444502 0.00285447 
28823.2 8.15089e+15 0.0444275 0.00207159 
28832.5 8.14644e+15 0.0444099 0.00104683 
28841.8 8.14261e+15 0.0443974 -0.000148058 
28851.1 8.13928e+15 0.0443889 -0.00142412 
28860.5 8.13624e+15 0.0443824 -0.00268119 
28869.8 8.13318e+15 0.0443755 -0.00381506 
28879.1 8.12982e+15 0.044366 -0.00472536 
28888.5 8.12594e+15 0.0443521 -0.00532365 
28897.8 8.12142e+15 0.044333 -0.00554095 
28907.1 8.11629e+15 0.0443088 -0.00533434 
28916.5 8.11071e+15 0.0442811 -0.00469177 
28925.8 8.10494e+15 0.0442519 -0.00363486 
28935.1 8.09927e+15 0.0442237 -0.00221915 
28944.5 8.094e+15 0.0441988 -0.000531624 
28953.8 8.08931e+15 0.0441786 0.00131431 
28963.2 8.08527e+15 0.0441637 0.0031863 
28972.5 8.08182e+15 0.0441536 0.00494239 
28981.9 8.07876e+15 0.0441466 0.00644175 
28991.2 8.0758e+15 0.0441405 0.00755569 
29000.6 8.07264e+15 0.0441328 0.00817848 
29009.9 8.06903e+15 0.0441214 0.00823671 
29019.3 8.0648e+15 0.0441049 0.00769657 
29028.6 8.05992e+15 0.0440832 0.00656837 
29038 8.05452e+15 0.0440572 0.00490765 
29047.3 8.04882e+15 0.0440285 0.00281286 
29056.7 8.04312e+15 0.0439997 0.000419478 
29066 8.03771e+15 0.0439731 -0.002109 
29075.4 8.03283e+15 0.0439506 -0.00459257 
29084.8 8.02859e+15 0.0439333 -0.00684794 
29094.1 8.02498e+15 0.0439211 -0.00870243 
29103.5 8.02183e+15 0.0439128 -0.0100075 
29112.9 8.01888e+15 0.0439064 -0.0106507 
29122.2 8.01584e+15 0.0438995 -0.0105654 
29131.6 8.01243e+15 0.0438899 -0.00973667 
29141 8.00845e+15 0.0438759 -0.00820405 
29150.3 8.00383e+15 0.0438567 -0.00605967 
29159.7 7.99863e+15 0.0438328 -0.00344251 
29169.1 7.99307e+15 0.0438056 -0.000528905 
29178.5 7.98741e+15 0.0437772 0.00247983 
29187.8 7.98195e+15 0.0437499 0.00537199 
29197.2 7.97694e+15 0.0437259 0.00794099 
29206.6 7.97254e+15 0.0437065 0.0100007 
29216 7.96877e+15 0.0436921 0.0113993 
29225.4 7.9655e+15 0.0436819 0.0120311 
29234.8 7.96251e+15 0.0436744 0.0118442 
29244.1 7.95951e+15 0.0436673 0.0108453 
29253.5 7.95621e+15 0.0436585 0.00909912 
29262.9 7.95241e+15 0.0436462 0.00672406 
29272.3 7.948e+15 0.0436292 0.00388387 
29281.7 7.94302e+15 0.0436075 0.000775669 
29291.1 7.93762e+15 0.0435822 -0.00238425 
29300.5 7.93206e+15 0.0435551 -0.00537618 
29309.9 7.92662e+15 0.0435282 -0.00799295 
29319.3 7.92157e+15 0.0435036 -0.0100549 
29328.7 7.91708e+15 0.0434828 -0.0114225 
29338.1 7.91318e+15 0.0434666 -0.0120067 
29347.5 7.9098e+15 0.0434545 -0.0117745 
29356.9 7.90673e+15 0.0434453 -0.0107508 
29366.3 7.90371e+15 0.0434372 -0.00901641 
29375.7 7.90046e+15 0.0434282 -0.00670097 
29385.1 7.89676e+15 0.0434165 -0.00397335 
29394.5 7.89249e+15 0.0434008 -0.00102864 
29403.9 7.88767e+15 0.043381 0.00192632 
29413.3 7.88243e+15 0.0433578 0.00468803 
29422.7 7.877e+15 0.0433324 0.00707097 
29432.2 7.87165e+15 0.0433067 0.00892055 
29441.6 7.86664e+15 0.0432827 0.0101235 
29451 7.86212e+15 0.0432616 0.0106152 
29460.4 7.85818e+15 0.0432443 0.0103826 
29469.8 7.85472e+15 0.0432307 0.00946401 
29479.2 7.85158e+15 0.0432198 0.00794491 
29488.7 7.84851e+15 0.0432102 0.00594994 
29498.1 7.84524e+15 0.0432001 0.00363284 
29507.5 7.84156e+15 0.0431879 0.00116436 
29516.9 7.83736e+15 0.0431725 -0.00128071 
29526.4 7.83263e+15 0.0431538 -0.00353615 
29535.8 7.82751e+15 0.043132 -0.00545598 
29545.2 7.8222e+15 0.0431085 -0.00692403 
29554.7 7.81696e+15 0.0430846 -0.007861 
29564.1 7.81203e+15 0.0430619 -0.00822844 
29573.5 7.80758e+15 0.0430417 -0.00802963 
29583 7.80366e+15 0.0430245 -0.00730731 
29592.4 7.80021e+15 0.0430103 -0.00613869 
29601.8 7.79705e+15 0.0429982 -0.00462814 
29611.3 7.79394e+15 0.0429869 -0.00289838 
29620.7 7.79063e+15 0.0429752 -0.0010807 
29630.2 7.78692e+15 0.0429616 0.000694835 
29639.6 7.7827e+15 0.0429454 0.00230859 
29649.1 7.77798e+15 0.0429265 0.00365927 
29658.5 7.77289e+15 0.0429054 0.00467008 
29668 7.76765e+15 0.0428831 0.00529276 
29677.4 7.76251e+15 0.042861 0.00550938 
29686.9 7.75769e+15 0.0428403 0.00533181 
29696.3 7.75336e+15 0.0428218 0.00479914 
29705.8 7.74955e+15 0.0428059 0.00397337 
29715.2 7.74619e+15 0.0427922 0.00293362 
29724.7 7.74308e+15 0.0427799 0.00176953 
29734.1 7.73999e+15 0.0427676 0.000574334 
29743.6 7.73665e+15 0.0427541 -0.000562032 
29753.1 7.73289e+15 0.0427386 -0.00155918 
29762.5 7.72859e+15 0.0427206 -0.00235155 
29772 7.7238e+15 0.0427004 -0.0028924 
29781.5 7.71866e+15 0.0426787 -0.00315631 
29790.9 7.7134e+15 0.0426568 -0.00314013 
29800.4 7.7083e+15 0.0426359 -0.00286232 
29809.9 7.70358e+15 0.0426171 -0.00236083 
29819.3 7.69939e+15 0.042601 -0.00168965 
29828.8 7.69575e+15 0.0425874 -0.000914432 
29838.3 7.69256e+15 0.0425755 -0.000107219 
29847.8 7.6896e+15 0.0425641 0.000659056 
29857.3 7.68661e+15 0.0425518 0.00131617 
29866.7 7.6833e+15 0.0425372 0.00180584 
29876.2 7.6795e+15 0.0425198 0.00208426 
29885.7 7.6751e+15 0.0424994 0.00212561 
29895.2 7.67017e+15 0.0424767 0.00192433 
29904.7 7.66489e+15 0.0424531 0.00149591 
29914.1 7.65952e+15 0.0424302 0.000876104 
29923.6 7.65437e+15 0.0424095 0.000118644 
29933.1 7.64968e+15 0.0423921 -0.00070861 
29942.6 7.64561e+15 0.0423783 -0.00152872 
29952.1 7.64217e+15 0.0423676 -0.00226171 
29961.6 7.63922e+15 0.0423587 -0.0028311 
29971.1 7.63651e+15 0.0423497 -0.00317059 
29980.6 7.63372e+15 0.0423386 -0.00323021 
29990.1 7.63054e+15 0.0423241 -0.00298156 
29999.6 7.62675e+15 0.0423053 -0.00242159 
30009.1 7.62227e+15 0.0422823 -0.00157447 
30018.6 7.61717e+15 0.0422566 -0.000491316 
30028.1 7.61167e+15 0.0422299 0.000752359 
30037.6 7.60609e+15 0.0422045 0.00206144 
30047.1 7.60079e+15 0.0421826 0.00332801 
30056.6 7.59604e+15 0.0421656 0.00443968 
30066.1 7.59204e+15 0.0421536 0.00528891 
30075.6 7.58878e+15 0.042146 0.0057825 
30085.1 7.5861e+15 0.0421407 0.0058505 
30094.7 7.58371e+15 0.0421352 0.00545369 
30104.2 7.58122e+15 0.042127 0.00458901 
30113.7 7.57827e+15 0.0421139 0.00329207 
30123.2 7.5746e+15 0.0420947 0.00163667 
30132.7 7.5701e+15 0.0420698 -0.000269094 
30142.2 7.56484e+15 0.0420408 -0.00228979 
30151.8 7.55909e+15 0.0420102 -0.0042724 
30161.3 7.55322e+15 0.0419812 -0.00605801 
30170.8 7.54764e+15 0.0419565 -0.00749469 
30180.3 7.54273e+15 0.0419383 -0.00845036 
30189.9 7.53869e+15 0.0419271 -0.00882463 
30199.4 7.53556e+15 0.041922 -0.00855851 
30208.9 7.53315e+15 0.0419206 -0.00764109 
30218.5 7.53112e+15 0.0419197 -0.00611241 
30228 7.52902e+15 0.0419156 -0.00406231 
30237.5 7.52642e+15 0.0419054 -0.001625 
30247.1 7.52298e+15 0.0418874 0.00103005 
30256.6 7.51854e+15 0.0418616 0.00371059 
30266.1 7.51318e+15 0.0418297 0.00621612 
30275.7 7.50717e+15 0.041795 0.00835358 
30285.2 7.50096e+15 0.0417612 0.00995274 
30294.8 7.49503e+15 0.0417324 0.0108801 
30304.3 7.48982e+15 0.0417115 0.0110502 
30313.9 7.48563e+15 0.0416996 0.0104331 
30323.4 7.48253e+15 0.041696 0.00905752 
30333 7.48034e+15 0.0416982 0.00700977 
30342.5 7.47867e+15 0.0417021 0.00442767 
30352.1 7.47703e+15 0.0417032 0.0014906 
30361.6 7.47487e+15 0.0416974 -0.00159372 
30371.2 7.47178e+15 0.0416823 -0.00460484 
30380.7 7.46754e+15 0.041657 -0.00732603 
30390.3 7.46216e+15 0.0416232 -0.00956057 
30399.8 7.45595e+15 0.0415846 -0.0111464 
30409.4 7.44938e+15 0.0415457 -0.0119683 
30419 7.44302e+15 0.0415116 -0.0119659 
30428.5 7.43741e+15 0.0414863 -0.0111384 
30438.1 7.43295e+15 0.041472 -0.00954398 
30447.7 7.42976e+15 0.0414685 -0.00729533 
30457.2 7.42769e+15 0.0414733 -0.00455103 
30466.8 7.42636e+15 0.0414819 -0.00150374 
30476.4 7.42518e+15 0.0414887 0.001634 
30485.9 7.42355e+15 0.0414887 0.00464512 
30495.5 7.42092e+15 0.041478 0.0073235 
30505.1 7.41699e+15 0.0414549 0.00948839 
30514.7 7.41173e+15 0.0414207 0.0109968 
30524.2 7.40539e+15 0.0413789 0.0117528 
30533.8 7.39849e+15 0.041335 0.0117137 
30543.4 7.39168e+15 0.0412949 0.0108921 
30553 7.38559e+15 0.041264 0.00935368 
30562.6 7.38073e+15 0.0412456 0.00721234 
30572.2 7.37732e+15 0.0412406 0.00462106 
30581.7 7.37527e+15 0.0412466 0.00176087 
30591.3 7.37418e+15 0.0412591 -0.00117213 
30600.9 7.37345e+15 0.0412718 -0.00398032 
30610.5 7.37237e+15 0.0412782 -0.00647813 
30620.1 7.37031e+15 0.0412733 -0.00850432 
30629.7 7.36682e+15 0.0412542 -0.0099324 
30639.3 7.36179e+15 0.0412212 -0.0106785 
30648.9 7.35543e+15 0.0411776 -0.0107062 
30658.5 7.34828e+15 0.0411293 -0.0100279 
30668.1 7.34103e+15 0.0410831 -0.00870293 
30677.7 7.33442e+15 0.0410456 -0.00683284 
30687.3 7.32906e+15 0.0410217 -0.00455343 
30696.9 7.3253e+15 0.0410133 -0.00202502 
30706.5 7.32312e+15 0.041019 0.000578842 
30716.1 7.32218e+15 0.0410342 0.00308333 
30725.7 7.32184e+15 0.0410521 0.00532408 
30735.3 7.32131e+15 0.0410653 0.007158 
30744.9 7.31985e+15 0.0410672 0.0084724 
30754.5 7.31691e+15 0.0410536 0.00919194 
30764.2 7.31225e+15 0.0410235 0.00928282 
30773.8 7.30602e+15 0.0409798 0.00875422 
30783.4 7.29871e+15 0.0409282 0.00765671 
30793 7.29107e+15 0.0408762 0.00607796 
30802.6 7.28393e+15 0.0408318 0.00413607 
30812.2 7.27801e+15 0.0408013 0.00197099 
30821.9 7.27378e+15 0.0407879 -0.000265452 
30831.5 7.27135e+15 0.0407915 -0.00241994 
30841.1 7.27043e+15 0.0408078 -0.00434813 
30850.7 7.27037e+15 0.04083 -0.0059242 
30860.4 7.27035e+15 0.0408497 -0.00704904 
30870 7.26952e+15 0.0408589 -0.0076565 
30879.6 7.26719e+15 0.040852 -0.00771728 
30889.3 7.26302e+15 0.0408266 -0.00724036 
30898.9 7.25704e+15 0.0407844 -0.00627174 
30908.5 7.24971e+15 0.040731 -0.00489077 
30918.2 7.24177e+15 0.0406742 -0.00320423 
30927.8 7.23413e+15 0.040623 -0.0013386 
30937.5 7.22762e+15 0.0405851 0.00056896 
30947.1 7.22285e+15 0.0405655 0.00238027 
30956.7 7.22004e+15 0.0405652 0.00396589 
30966.4 7.21899e+15 0.0405809 0.0052142 
30976 7.21909e+15 0.040606 0.0060393 
30985.7 7.2195e+15 0.0406314 0.00638709 
30995.3 7.21927e+15 0.040648 0.00623915 
31005 7.21761e+15 0.0406486 0.00561408 
31014.6 7.21402e+15 0.0406293 0.00456626 
31024.3 7.20843e+15 0.0405904 0.00318191 
31033.9 7.2012e+15 0.0405368 0.00157283 
31043.6 7.19308e+15 0.0404765 -0.000131898 
31053.2 7.18501e+15 0.0404191 -0.00179557 
31062.9 7.17792e+15 0.0403737 -0.00328435 
31072.6 7.17255e+15 0.0403469 -0.00447773 
31082.2 7.16925e+15 0.0403412 -0.00527811 
31091.9 7.16794e+15 0.0403546 -0.00561898 
31101.6 7.16808e+15 0.0403809 -0.00547066 
31111.2 7.16881e+15 0.0404109 -0.00484342 
31120.9 7.16913e+15 0.0404345 -0.00378735 
31130.6 7.16813e+15 0.0404429 -0.00238914 
31140.2 7.16518e+15 0.0404307 -0.000765678 
31149.9 7.16008e+15 0.0403967 0.000944989 
31159.6 7.1531e+15 0.0403446 0.00259465 
31169.2 7.14493e+15 0.0402823 0.0040372 
31178.9 7.13652e+15 0.0402197 0.00514098 
31188.6 7.1289e+15 0.0401671 0.00580043 
31198.3 7.12291e+15 0.0401326 0.00594575 
31208 7.11905e+15 0.0401204 0.00554994 
31217.6 7.11737e+15 0.04013 0.00463228 
31227.3 7.1174e+15 0.0401558 0.0032581 
31237 7.11832e+15 0.0401889 0.0015345 
31246.7 7.11911e+15 0.0402185 -0.000397667 
31256.4 7.11874e+15 0.0402347 -0.00237491 
31266.1 7.11647e+15 0.0402302 -0.00422454 
31275.8 7.11195e+15 0.0402023 -0.00577934 
31285.5 7.10534e+15 0.0401535 -0.00689218 
31295.1 7.09724e+15 0.0400907 -0.0074493 
31304.8 7.08862e+15 0.0400243 -0.00738119 
31314.5 7.08053e+15 0.0399652 -0.00666987 
31324.2 7.07394e+15 0.0399229 -0.00535199 
31333.9 7.06948e+15 0.0399035 -0.00351729 
31343.6 7.06732e+15 0.0399077 -0.00130243 
31353.3 7.06712e+15 0.0399315 0.0011193 
31363 7.06811e+15 0.0399662 0.00355173 
31372.7 7.06925e+15 0.0400007 0.00579182 
31382.5 7.06946e+15 0.040024 0.00764662 
31392.2 7.06786e+15 0.0400275 0.00894978 
31401.9 7.06398e+15 0.0400066 0.0095761 
31411.6 7.05784e+15 0.0399624 0.00945297 
31421.3 7.04995e+15 0.0399009 0.00856754 
31431 7.04123e+15 0.0398321 0.00696901 
31440.7 7.03277e+15 0.0397675 0.00476581 
31450.4 7.02562e+15 0.0397178 0.00211776 
31460.2 7.02054e+15 0.0396907 -0.000776093 
31469.9 7.01784e+15 0.0396887 -0.00369309 
31479.6 7.0173e+15 0.0397089 -0.00640464 
31489.3 7.01823e+15 0.0397436 -0.00869452 
31499 7.01961e+15 0.0397817 -0.0103764 
31508.8 7.02031e+15 0.0398113 -0.0113091 
31518.5 7.01936e+15 0.0398225 -0.011408 
31528.2 7.01615e+15 0.0398092 -0.0106523 
31538 7.01055e+15 0.0397707 -0.00908695 
31547.7 7.00298e+15 0.0397119 -0.0068196 
31557.4 6.99428e+15 0.0396422 -0.00401223 
31567.2 6.98556e+15 0.0395733 -0.000868886 
31576.9 6.97792e+15 0.039517 0.00238 
31586.6 6.97224e+15 0.0394822 0.0054952 
31596.4 6.96895e+15 0.0394733 0.00824683 
31606.1 6.96799e+15 0.0394888 0.0104317 
31615.9 6.96875e+15 0.039522 0.0118882 
31625.6 6.97025e+15 0.0395622 0.0125084 
31635.3 6.97135e+15 0.0395971 0.0122453 
31645.1 6.97099e+15 0.0396155 0.0111162 
31654.8 6.96844e+15 0.0396099 0.00920028 
31664.6 6.96344e+15 0.0395779 0.00663297 
31674.3 6.95628e+15 0.0395231 0.00359517 
31684.1 6.94772e+15 0.0394539 0.000300032 
31693.8 6.93884e+15 0.0393821 -0.00302252 
31703.6 6.93079e+15 0.03932 -0.00614214 
31713.3 6.92454e+15 0.0392779 -0.00884417 
31723.1 6.92067e+15 0.0392617 -0.0109443 
31732.9 6.91922e+15 0.0392716 -0.0123008 
31742.6 6.91971e+15 0.0393021 -0.0128238 
31752.4 6.92122e+15 0.039343 -0.0124807 
31762.2 6.92262e+15 0.0393819 -0.0112977 
31771.9 6.92278e+15 0.0394068 -0.00935742 
31781.7 6.92087e+15 0.0394087 -0.0067926 
31791.5 6.91649e+15 0.0393837 -0.00377695 
31801.2 6.90981e+15 0.0393338 -0.000513168 
31811 6.90148e+15 0.0392664 0.00278067 
31820.8 6.89255e+15 0.0391929 0.00588557 
31830.5 6.88419e+15 0.0391262 0.00859598 
31840.3 6.87743e+15 0.0390774 0.0107332 
31850.1 6.87297e+15 0.039054 0.0121568 
31859.9 6.871e+15 0.0390577 0.012774 
31869.6 6.87115e+15 0.0390844 0.0125451 
31879.4 6.87258e+15 0.0391248 0.0114863 
31889.2 6.87417e+15 0.0391665 0.00966849 
31899 6.87478e+15 0.039197 0.00721263 
31908.8 6.87346e+15 0.0392059 0.00428177 
31918.6 6.8697e+15 0.039188 0.0010704 
31928.4 6.86353e+15 0.0391436 -0.00220827 
31938.1 6.85552e+15 0.0390791 -0.00533638 
31947.9 6.84664e+15 0.0390052 -0.00810577 
31957.7 6.83804e+15 0.0389349 -0.0103319 
31967.5 6.83085e+15 0.0388803 -0.0118662 
31977.3 6.82584e+15 0.03885 -0.012606 
31987.1 6.82334e+15 0.0388473 -0.0125018 
31996.9 6.82309e+15 0.0388695 -0.0115606 
32006.7 6.82436e+15 0.0389083 -0.00984578 
32016.5 6.82606e+15 0.0389516 -0.00747307 
32026.3 6.82702e+15 0.0389866 -0.00460284 
32036.1 6.82624e+15 0.0390019 -0.00142952 
32045.9 6.82308e+15 0.0389908 0.00183154 
32055.7 6.81745e+15 0.0389523 0.00495862 
32065.5 6.8098e+15 0.0388915 0.00773877 
32075.4 6.80104e+15 0.0388183 0.00998239 
32085.2 6.7923e+15 0.0387455 0.0115364 
32095 6.78475e+15 0.0386859 0.0122949 
32104.8 6.77924e+15 0.0386493 0.0122067 
32114.6 6.77622e+15 0.0386403 0.011279 
32124.4 6.77556e+15 0.0386576 0.00957727 
32134.3 6.7766e+15 0.0386939 0.00722107 
32144.1 6.77833e+15 0.0387378 0.0043757 
32153.9 6.77957e+15 0.0387762 0.00124101 
32163.7 6.77925e+15 0.0387971 -0.00196244 
32173.5 6.77664e+15 0.0387925 -0.00500888 
32183.4 6.77154e+15 0.0387599 -0.0076833 
32193.2 6.76429e+15 0.0387032 -0.00979673 
32203 6.75571e+15 0.0386316 -0.0112 
32212.9 6.74691e+15 0.0385575 -0.0117946 
32222.7 6.73907e+15 0.0384939 -0.01154 
32232.5 6.73313e+15 0.0384516 -0.0104575 
32242.4 6.72963e+15 0.0384366 -0.00862837 
32252.2 6.72855e+15 0.0384488 -0.00618869 
32262 6.72934e+15 0.0384821 -0.00331971 
32271.9 6.73104e+15 0.0385256 -0.00023462 
32281.7 6.73247e+15 0.0385664 0.00283708 
32291.6 6.73253e+15 0.038592 0.00566672 
32301.4 6.73042e+15 0.0385932 0.00804369 
32311.3 6.72582e+15 0.0385664 0.00979153 
32321.1 6.71897e+15 0.0385141 0.0107817 
32330.9 6.71061e+15 0.0384447 0.0109435 
32340.8 6.70182e+15 0.0383701 0.0102702 
32350.7 6.69378e+15 0.0383036 0.00881958 
32360.5 6.68748e+15 0.0382565 0.00670983 
32370.4 6.68355e+15 0.038236 0.00411043 
32380.2 6.68207e+15 0.0382432 0.00122897 
32390.1 6.68259e+15 0.038273 -0.00170526 
32399.9 6.6842e+15 0.0383155 -0.00445962 
32409.8 6.68575e+15 0.0383578 -0.00681679 
32419.7 6.68611e+15 0.038387 -0.00859238 
32429.5 6.68442e+15 0.0383932 -0.00964988 
32439.4 6.68028e+15 0.0383718 -0.00991185 
32449.3 6.67382e+15 0.038324 -0.00936617 
32459.1 6.66571e+15 0.0382573 -0.00806694 
32469 6.65699e+15 0.038183 -0.00612982 
32478.9 6.64882e+15 0.0381145 -0.00372226 
32488.7 6.64225e+15 0.0380636 -0.00104935 
32498.6 6.63796e+15 0.0380382 0.00166356 
32508.5 6.63612e+15 0.0380407 0.00418982 
32518.4 6.63636e+15 0.0380669 0.00632059 
32528.2 6.63784e+15 0.0381078 0.00788231 
32538.1 6.63944e+15 0.0381506 0.00875112 
32548 6.64002e+15 0.0381825 0.008863 
32557.9 6.63868e+15 0.038193 0.00821859 
32567.8 6.63492e+15 0.0381763 0.00688262 
32577.7 6.62884e+15 0.0381329 0.00497772 
32587.5 6.621e+15 0.0380692 0.00267334 
32597.4 6.6124e+15 0.037996 0.000170865 
32607.3 6.60419e+15 0.0379263 -0.00231398 
32617.2 6.59742e+15 0.0378725 -0.00456965 
32627.1 6.59284e+15 0.037843 -0.00640672 
32637 6.59069e+15 0.0378412 -0.00767371 
32646.9 6.59066e+15 0.0378638 -0.00826935 
32656.8 6.59197e+15 0.0379026 -0.00815051 
32666.7 6.59356e+15 0.0379453 -0.0073349 
32676.6 6.59427e+15 0.0379789 -0.00589866 
32686.5 6.59319e+15 0.0379927 -0.00396901 
32696.4 6.58977e+15 0.0379802 -0.00171278 
32706.3 6.58403e+15 0.0379409 0.000678256 
32716.2 6.57647e+15 0.0378803 0.00300365 
32726.1 6.56804e+15 0.0378087 0.00507108 
32736 6.55985e+15 0.0377388 0.00671198 
32745.9 6.55298e+15 0.0376829 0.00779494 
32755.9 6.54818e+15 0.0376501 0.00823562 
32765.8 6.54575e+15 0.0376444 0.00800272 
32775.7 6.54546e+15 0.0376636 0.00711942 
32785.6 6.54659e+15 0.0377 0.00566045 
32795.5 6.5481e+15 0.0377418 0.00374516 
32805.4 6.54888e+15 0.0377765 0.00152727 
32815.4 6.54798e+15 0.0377928 -0.000817838 
32825.3 6.54484e+15 0.0377837 -0.00310709 
32835.2 6.5394e+15 0.0377482 -0.00516386 
32845.1 6.53214e+15 0.0376907 -0.00683128 
32855.1 6.52391e+15 0.0376211 -0.00798364 
32865 6.51581e+15 0.0375516 -0.00853511 
32874.9 6.5089e+15 0.0374945 -0.00844539 
32884.9 6.50394e+15 0.0374592 -0.00772178 
32894.8 6.50129e+15 0.0374503 -0.00641785 
32904.7 6.50075e+15 0.0374662 -0.00462882 
32914.7 6.50167e+15 0.0374999 -0.00248419 
32924.6 6.50306e+15 0.0375405 -0.000138127 
32934.5 6.50383e+15 0.0375753 0.00224158 
32944.5 6.50306e+15 0.0375933 0.00448527 
32954.4 6.50015e+15 0.0375871 0.00643305 
32964.4 6.49499e+15 0.0375549 0.0079456 
32974.3 6.48801e+15 0.0375006 0.00891342 
32984.3 6.48002e+15 0.0374333 0.00926412 
32994.2 6.47206e+15 0.0373648 0.00896716 
33004.2 6.46516e+15 0.0373072 0.00803592 
33014.1 6.4601e+15 0.03727 0.00652698 
33024.1 6.45726e+15 0.0372583 0.00453659 
33034 6.45649e+15 0.0372712 0.0021947 
33044 6.45719e+15 0.0373023 -0.000343253 
33053.9 6.45843e+15 0.0373412 -0.00290626 
33063.9 6.45916e+15 0.0373757 -0.00531877 
33073.8 6.45846e+15 0.0373947 -0.00741221 
33083.8 6.45572e+15 0.0373907 -0.00903627 
33093.8 6.45082e+15 0.0373614 -0.0100693 
33103.7 6.44412e+15 0.0373101 -0.0104273 
33113.7 6.43637e+15 0.0372452 -0.0100701 
33123.7 6.42857e+15 0.0371781 -0.00900559 
33133.6 6.42173e+15 0.0371205 -0.00729049 
33143.6 6.41662e+15 0.0370822 -0.00502778 
33153.6 6.41363e+15 0.0370683 -0.00236111 
33163.6 6.41266e+15 0.0370785 0.00053386 
33173.5 6.41315e+15 0.0371071 0.0034607 
33183.5 6.41422e+15 0.037144 0.00621522 
33193.5 6.41487e+15 0.0371777 0.00859957 
33203.5 6.4142e+15 0.0371972 0.0104365 
33213.4 6.41159e+15 0.0371948 0.0115823 
33223.4 6.40691e+15 0.0371678 0.0119387 
33233.4 6.40045e+15 0.0371193 0.0114606 
33243.4 6.39295e+15 0.0370568 0.0101616 
33253.4 6.38534e+15 0.0369914 0.00811445 
33263.4 6.37859e+15 0.0369345 0.00544752 
33273.4 6.37348e+15 0.0368956 0.00233731 
33283.4 6.37038e+15 0.0368801 -0.00100329 
33293.3 6.36924e+15 0.036888 -0.00433943 
33303.3 6.36954e+15 0.0369141 -0.007431 
33313.3 6.37044e+15 0.036949 -0.0100502 
33323.3 6.37098e+15 0.0369815 -0.0119984 
33333.3 6.37029e+15 0.0370008 -0.0131218 
33343.3 6.36777e+15 0.0369994 -0.0133236 
33353.3 6.36326e+15 0.0369744 -0.0125726 
33363.3 6.35703e+15 0.0369282 -0.0109066 
33373.3 6.34975e+15 0.0368683 -0.00843132 
33383.4 6.34235e+15 0.0368048 -0.00531383 
33393.4 6.33573e+15 0.0367489 -0.00177113 
33403.4 6.33066e+15 0.03671 0.00194492 
33413.4 6.32751e+15 0.0366934 0.00556583 
33423.4 6.32623e+15 0.0366995 0.00882612 
33433.4 6.32635e+15 0.0367233 0.0114832 
33443.4 6.32708e+15 0.0367561 0.0133357 
33453.4 6.32749e+15 0.036787 0.0142393 
33463.5 6.32674e+15 0.0368057 0.0141179 
33473.5 6.32426e+15 0.0368048 0.0129706 
33483.5 6.31987e+15 0.0367812 0.0108724 
33493.5 6.31383e+15 0.0367372 0.00796963 
33503.5 6.30679e+15 0.0366796 0.00446981 
33513.6 6.2996e+15 0.0366182 0.000626564 
33523.6 6.29315e+15 0.0365638 -0.00327885 
33533.6 6.28816e+15 0.0365254 -0.0069585 
33543.7 6.285e+15 0.0365083 -0.0101394 
33553.7 6.28363e+15 0.0365128 -0.0125844 
33563.7 6.28359e+15 0.0365346 -0.0141099 
33573.8 6.28413e+15 0.0365652 -0.0146009 
33583.8 6.28438e+15 0.0365943 -0.0140194 
33593.8 6.28353e+15 0.0366119 -0.0124082 
33603.9 6.28104e+15 0.0366109 -0.00988745 
33613.9 6.27673e+15 0.0365883 -0.00664635 
33624 6.27087e+15 0.0365462 -0.00292839 
33634 6.26406e+15 0.0364909 0.000987109 
33644.1 6.25711e+15 0.0364318 0.00480641 
33654.1 6.25086e+15 0.0363793 0.008244 
33664.2 6.246e+15 0.0363418 0.0110446 
33674.2 6.24286e+15 0.0363245 0.0130028 
33684.3 6.24142e+15 0.0363279 0.0139786 
33694.3 6.24122e+15 0.0363477 0.0139081 
33704.4 6.24157e+15 0.0363761 0.0128077 
33714.4 6.24163e+15 0.0364031 0.0107723 
33724.5 6.24064e+15 0.0364193 0.00796716 
33734.5 6.2381e+15 0.0364179 0.00461415 
33744.6 6.23386e+15 0.0363959 0.000973818 
33754.7 6.22817e+15 0.0363554 -0.0026754 
33764.7 6.22159e+15 0.0363024 -0.00605915 
33774.8 6.2149e+15 0.0362458 -0.00892842 
33784.9 6.20888e+15 0.0361953 -0.0110784 
33794.9 6.20417e+15 0.0361591 -0.0123634 
33805 6.20109e+15 0.036142 -0.0127069 
33815.1 6.19957e+15 0.0361445 -0.0121056 
33825.1 6.19922e+15 0.0361625 -0.010628 
33835.2 6.19936e+15 0.0361885 -0.00840706 
33845.3 6.19921e+15 0.0362133 -0.00562787 
33855.4 6.19806e+15 0.0362278 -0.00251213 
33865.4 6.19546e+15 0.0362257 0.000700115 
33875.5 6.19128e+15 0.0362041 0.00376933 
33885.6 6.18575e+15 0.0361651 0.00647459 
33895.7 6.17941e+15 0.0361143 0.0086295 
33905.8 6.17299e+15 0.0360603 0.0100949 
33915.9 6.16722e+15 0.036012 0.0107871 
33925.9 6.16267e+15 0.0359773 0.0106821 
33936 6.15964e+15 0.0359606 0.00981451 
33946.1 6.15807e+15 0.0359624 0.00827262 
33956.2 6.15755e+15 0.0359787 0.0061896 
33966.3 6.15747e+15 0.0360024 0.00373192 
33976.4 6.1571e+15 0.0360248 0.00108603 
33986.5 6.1558e+15 0.0360376 -0.00155563 
33996.6 6.15314e+15 0.0360345 -0.00400832 
34006.7 6.14901e+15 0.0360132 -0.0061074 
34016.8 6.14364e+15 0.0359755 -0.00771853 
34026.9 6.13755e+15 0.0359269 -0.00874549 
34037 6.13139e+15 0.0358754 -0.00913492 
34047.1 6.12586e+15 0.0358295 -0.00887807 
34057.2 6.12148e+15 0.0357963 -0.00800967 
34067.3 6.1185e+15 0.0357802 -0.00660407 
34077.5 6.11685e+15 0.0357813 -0.00476922 
34087.6 6.11618e+15 0.0357961 -0.00263872 
34097.7 6.11589e+15 0.0358176 -0.0003628 
34107.8 6.11532e+15 0.0358377 0.00190158 
34117.9 6.11387e+15 0.0358485 0.00400061 
34128 6.11115e+15 0.0358444 0.00579326 
34138.1 6.10707e+15 0.0358233 0.00715996 
34148.3 6.10186e+15 0.0357868 0.00801002 
34158.4 6.096e+15 0.0357402 0.00828733 
34168.5 6.0901e+15 0.0356911 0.00797405 
34178.6 6.08479e+15 0.0356475 0.00709201 
34188.8 6.08055e+15 0.035616 0.00570179 
34198.9 6.07762e+15 0.0356006 0.00389923 
34209 6.07593e+15 0.0356013 0.00180977 
34219.2 6.07512e+15 0.0356146 -0.000419496 
34229.3 6.07464e+15 0.035634 -0.00262931 
34239.4 6.07388e+15 0.0356519 -0.00465901 
34249.6 6.07228e+15 0.0356608 -0.00635778 
34259.7 6.06951e+15 0.0356556 -0.00759568 
34269.8 6.06548e+15 0.0356344 -0.00827364 
34280 6.0604e+15 0.0355989 -0.00833169 
34290.1 6.05474e+15 0.0355542 -0.00775461 
34300.3 6.04907e+15 0.0355074 -0.00657454 
34310.4 6.04398e+15 0.0354661 -0.00487011 
34320.6 6.03989e+15 0.0354364 -0.00276199 
34330.7 6.03702e+15 0.0354217 -0.000405028 
34340.9 6.0353e+15 0.0354222 0.00202264 
34351 6.03437e+15 0.0354342 0.00433272 
34361.2 6.03372e+15 0.0354517 0.00634118 
34371.3 6.03279e+15 0.0354674 0.00788298 
34381.5 6.03105e+15 0.0354744 0.00882571 
34391.6 6.02821e+15 0.0354679 0.00908123 
34401.8 6.0242e+15 0.0354465 0.00861402 
34412 6.01924e+15 0.0354119 0.0074456 
34422.1 6.01376e+15 0.0353689 0.00565443 
34432.3 6.00831e+15 0.0353244 0.00337118 
34442.5 6.00343e+15 0.0352853 0.000769463 
34452.6 5.9995e+15 0.0352574 -0.00194713 
34462.8 5.99672e+15 0.0352438 -0.00456087 
34473 5.99498e+15 0.0352441 -0.00685743 
34483.1 5.99395e+15 0.035255 -0.00864346 
34493.3 5.99315e+15 0.0352706 -0.00976299 
34503.5 5.99203e+15 0.0352841 -0.0101111 
34513.7 5.99015e+15 0.0352891 -0.0096438 
34523.8 5.98722e+15 0.0352813 -0.00838271 
34534 5.98321e+15 0.0352596 -0.00641494 
34544.2 5.97836e+15 0.0352257 -0.00388708 
34554.4 5.97306e+15 0.0351844 -0.000994386 
34564.6 5.96783e+15 0.0351421 0.00203443 
34574.7 5.96317e+15 0.0351054 0.00495536 
34584.9 5.95942e+15 0.0350793 0.00752891 
34595.1 5.95673e+15 0.0350667 0.00953987 
34605.3 5.95498e+15 0.035067 0.0108154 
34615.5 5.95385e+15 0.0350768 0.0112398 
34625.7 5.95288e+15 0.0350905 0.010765 
34635.9 5.95158e+15 0.0351018 0.00941533 
34646.1 5.94953e+15 0.0351048 0.0072866 
34656.3 5.94651e+15 0.0350957 0.00453918 
34666.5 5.94251e+15 0.0350736 0.00138573 
34676.7 5.93776e+15 0.0350404 -0.00192556 
34686.9 5.93266e+15 0.0350009 -0.00513076 
34697.1 5.92767e+15 0.0349608 -0.00797152 
34707.3 5.92324e+15 0.0349264 -0.0102161 
34717.5 5.91967e+15 0.0349022 -0.0116784 
34727.7 5.91706e+15 0.0348905 -0.0122333 
34737.9 5.91529e+15 0.0348907 -0.0118277 
34748.1 5.91404e+15 0.0348994 -0.0104845 
34758.3 5.91288e+15 0.0349112 -0.00830215 
34768.6 5.91138e+15 0.0349203 -0.00544644 
34778.8 5.90917e+15 0.0349214 -0.00213787 
34789 5.90607e+15 0.0349111 0.00136589 
34799.2 5.9021e+15 0.0348887 0.00479051 
34809.4 5.89749e+15 0.0348564 0.00786684 
34819.7 5.89261e+15 0.0348185 0.0103524 
34829.9 5.88787e+15 0.0347807 0.0120507 
34840.1 5.88366e+15 0.0347484 0.0128268 
34850.3 5.88024e+15 0.0347259 0.012618 
34860.6 5.87767e+15 0.034715 0.0114387 
34870.8 5.87584e+15 0.034715 0.00937911 
34881 5.87444e+15 0.0347225 0.00659785 
34891.3 5.8731e+15 0.0347325 0.00330921 
34901.5 5.87141e+15 0.0347396 -0.000233849 
34911.7 5.86908e+15 0.034739 -0.00375971 
34922 5.86595e+15 0.0347277 -0.00699941 
34932.2 5.86206e+15 0.0347053 -0.00970753 
34942.4 5.85761e+15 0.0346738 -0.0116809 
34952.7 5.85294e+15 0.0346376 -0.0127742 
34962.9 5.84842e+15 0.0346017 -0.0129101 
34973.2 5.84439e+15 0.0345713 -0.0120847 
34983.4 5.84107e+15 0.0345502 -0.0103669 
34993.7 5.8385e+15 0.0345399 -0.00789206 
35003.9 5.83658e+15 0.0345395 -0.00485074 
35014.2 5.83504e+15 0.0345459 -0.00147345 
35024.4 5.83353e+15 0.0345544 0.00198741 
35034.7 5.83171e+15 0.0345599 0.00527691 
35044.9 5.82932e+15 0.0345579 0.00815663 
35055.2 5.82621e+15 0.0345459 0.0104221 
35065.4 5.82243e+15 0.0345235 0.0119171 
35075.7 5.81815e+15 0.0344929 0.0125441 
35086 5.81366e+15 0.0344579 0.0122703 
35096.2 5.8093e+15 0.0344237 0.0111279 
35106.5 5.80538e+15 0.0343948 0.00921069 
35116.8 5.80209e+15 0.0343747 0.00666529 
35127 5.79949e+15 0.0343648 0.0036797 
35137.3 5.79748e+15 0.0343643 0.000468811 
35147.6 5.79583e+15 0.0343699 -0.00274136 
35157.8 5.79422e+15 0.0343773 -0.00572951 
35168.1 5.79235e+15 0.0343815 -0.00829407 
35178.4 5.78996e+15 0.0343785 -0.0102663 
35188.7 5.78691e+15 0.0343659 -0.0115205 
35199 5.78322e+15 0.0343434 -0.0119814 
35209.2 5.77906e+15 0.0343132 -0.0116274 
35219.5 5.77468e+15 0.0342792 -0.010491 
35229.8 5.77041e+15 0.0342461 -0.00865517 
35240.1 5.76653e+15 0.0342183 -0.00624694 
35250.4 5.76325e+15 0.0341992 -0.00342889 
35260.7 5.76062e+15 0.0341899 -0.00038828 
35270.9 5.75858e+15 0.0341895 0.00267475 
35281.2 5.75689e+15 0.0341949 0.00555951 
35291.5 5.75528e+15 0.0342016 0.00807703 
35301.8 5.75341e+15 0.0342049 0.0100615 
35312.1 5.75105e+15 0.034201 0.0113803 
35322.4 5.74804e+15 0.0341876 0.0119426 
35332.7 5.74439e+15 0.0341647 0.0117049 
35343 5.74026e+15 0.0341344 0.0106749 
35353.3 5.73591e+15 0.0341008 0.00891189 
35363.6 5.73166e+15 0.0340685 0.0065239 
35373.9 5.7278e+15 0.0340417 0.00366245 
35384.2 5.72455e+15 0.0340237 0.000513867 
35394.5 5.72196e+15 0.0340155 -0.00271181 
35404.9 5.71997e+15 0.0340158 -0.00579404 
35415.2 5.71833e+15 0.0340213 -0.0085163 
35425.5 5.71676e+15 0.0340277 -0.0106811 
35435.8 5.71492e+15 0.0340302 -0.0121245 
35446.1 5.71255e+15 0.0340252 -0.0127289 
35456.4 5.70952e+15 0.0340106 -0.0124334 
35466.7 5.70583e+15 0.0339867 -0.0112401 
35477.1 5.70165e+15 0.0339559 -0.00921684 
35487.4 5.69728e+15 0.0339224 -0.00649391 
35497.7 5.69304e+15 0.0338908 -0.00325716 
35508 5.68924e+15 0.0338653 0.00026443 
35518.4 5.68608e+15 0.0338489 0.00381461 
35528.7 5.68362e+15 0.0338422 0.00712871 
35539 5.68174e+15 0.0338436 0.00995385 
35549.4 5.68021e+15 0.0338496 0.0120689 
35559.7 5.67868e+15 0.0338557 0.0133027 
35570 5.67682e+15 0.0338571 0.0135486 
35580.4 5.67438e+15 0.0338505 0.0127748 
35590.7 5.67124e+15 0.0338342 0.0110282 
35601 5.66743e+15 0.0338088 0.0084321 
35611.4 5.66317e+15 0.0337773 0.00517834 
35621.7 5.65878e+15 0.0337439 0.00151254 
35632.1 5.6546e+15 0.0337133 -0.00228447 
35642.4 5.65093e+15 0.0336897 -0.00591889 
35652.8 5.64795e+15 0.0336754 -0.0091073 
35663.1 5.64567e+15 0.0336706 -0.0115996 
35673.5 5.64396e+15 0.0336734 -0.0131995 
35683.8 5.6425e+15 0.0336798 -0.0137806 
35694.2 5.64097e+15 0.0336852 -0.0132968 
35704.5 5.63902e+15 0.0336851 -0.0117868 
35714.9 5.63642e+15 0.0336763 -0.00937032 
35725.2 5.6331e+15 0.0336579 -0.00623933 
35735.6 5.62916e+15 0.0336309 -0.00264196 
35746 5.62484e+15 0.0335987 0.00113742 
35756.3 5.62049e+15 0.0335657 0.00480122 
35766.7 5.61644e+15 0.0335367 0.00806267 
35777 5.61297e+15 0.0335153 0.0106688 
35787.4 5.61023e+15 0.0335035 0.0124207 
35797.8 5.60816e+15 0.0335009 0.0131886 
35808.2 5.60656e+15 0.0335049 0.0129224 
35818.5 5.60513e+15 0.0335114 0.0116542 
35828.9 5.60351e+15 0.0335156 0.00949532 
35839.3 5.6014e+15 0.0335135 0.00662611 
35849.7 5.59861e+15 0.0335022 0.00328106 
35860 5.59512e+15 0.0334815 -0.000270891 
35870.4 5.59107e+15 0.033453 -0.00374818 
35880.8 5.58676e+15 0.0334204 -0.00687926 
35891.2 5.58251e+15 0.0333884 -0.00942404 
35901.6 5.57866e+15 0.0333614 -0.0111925 
35911.9 5.57543e+15 0.0333427 -0.0120588 
35922.3 5.5729e+15 0.0333335 -0.0119707 
35932.7 5.57099e+15 0.0333329 -0.0109516 
35943.1 5.56946e+15 0.0333378 -0.009098 
35953.5 5.56798e+15 0.0333439 -0.0065704 
35963.9 5.56623e+15 0.0333466 -0.00357923 
35974.3 5.56393e+15 0.033342 -0.000367378 
35984.7 5.56096e+15 0.0333282 0.00280961 
35995.1 5.55734e+15 0.0333052 0.00570394 
36005.5 5.55326e+15 0.0332755 0.00809499 
36015.9 5.549e+15 0.033243 0.00980607 
36026.3 5.5449e+15 0.0332123 0.0107175 
36036.7 5.54125e+15 0.0331876 0.0107748 
36047.1 5.53823e+15 0.0331716 0.00999144 
36057.5 5.53588e+15 0.033165 0.00844658 
36067.9 5.53408e+15 0.0331662 0.00627713 
36078.3 5.53256e+15 0.0331718 0.00366585 
36088.7 5.53102e+15 0.0331772 0.000825962 
36099.2 5.52914e+15 0.033178 -0.0020163 
36109.6 5.52669e+15 0.0331709 -0.00463967 
36120 5.52359e+15 0.0331545 -0.00684505 
36130.4 5.51989e+15 0.0331295 -0.00847053 
36140.8 5.51579e+15 0.0330987 -0.0094031 
36151.3 5.5116e+15 0.0330664 -0.00958627 
36161.7 5.50763e+15 0.0330372 -0.00902298 
36172.1 5.50414e+15 0.033015 -0.00777391 
36182.5 5.50129e+15 0.0330018 -0.00595121 
36193 5.49908e+15 0.0329978 -0.00370848 
36203.4 5.49736e+15 0.0330007 -0.00122782 
36213.8 5.49587e+15 0.0330068 0.00129501 
36224.2 5.4943e+15 0.0330113 0.00366595 
36234.7 5.49233e+15 0.0330102 0.0057075 
36245.1 5.48978e+15 0.0330005 0.00727171 
36255.6 5.48656e+15 0.0329813 0.00825059 
36266 5.48277e+15 0.0329541 0.0085831 
36276.4 5.47863e+15 0.0329223 0.00825836 
36286.9 5.47445e+15 0.0328904 0.00731492 
36297.3 5.47055e+15 0.0328629 0.00583643 
36307.8 5.4672e+15 0.0328433 0.00394409 
36318.2 5.46452e+15 0.0328332 0.00178659 
36328.7 5.46248e+15 0.032832 -0.000471573 
36339.1 5.46091e+15 0.0328368 -0.00266248 
36349.6 5.45952e+15 0.0328434 -0.00462692 
36360 5.45796e+15 0.0328469 -0.00622555 
36370.5 5.45593e+15 0.0328435 -0.00734805 
36380.9 5.45324e+15 0.0328306 -0.00792014 
36391.4 5.44984e+15 0.0328082 -0.00790768 
36401.8 5.44588e+15 0.0327786 -0.00731808 
36412.3 5.44162e+15 0.0327457 -0.00619874 
36422.8 5.4374e+15 0.0327143 -0.0046331 
36433.2 5.43359e+15 0.032689 -0.00273432 
36443.7 5.43041e+15 0.0326728 -0.000637368 
36454.2 5.42799e+15 0.0326665 0.00151013 
36464.6 5.42623e+15 0.0326686 0.0035576 
36475.1 5.4249e+15 0.0326754 0.0053613 
36485.6 5.42365e+15 0.0326822 0.00679355 
36496.1 5.42209e+15 0.032684 0.00775096 
36506.5 5.41991e+15 0.0326773 0.00816125 
36517 5.41696e+15 0.0326603 0.00798821 
36527.5 5.41326e+15 0.0326341 0.00723461 
36538 5.40902e+15 0.0326018 0.00594282 
36548.4 5.4046e+15 0.0325681 0.00419298 
36558.9 5.40039e+15 0.0325382 0.00209882 
36569.4 5.39675e+15 0.0325163 -0.000198777 
36579.9 5.39392e+15 0.0325046 -0.00254035 
36590.4 5.39191e+15 0.032503 -0.00475793 
36600.9 5.39055e+15 0.0325087 -0.00668635 
36611.4 5.38949e+15 0.0325171 -0.00817487 
36621.9 5.38831e+15 0.032523 -0.00909869 
36632.3 5.38661e+15 0.0325217 -0.00936911 
36642.8 5.3841e+15 0.0325102 -0.00894194 
36653.3 5.38071e+15 0.0324881 -0.00782303 
36663.8 5.37658e+15 0.0324576 -0.00607054 
36674.3 5.37204e+15 0.0324231 -0.00379327 
36684.8 5.36753e+15 0.03239 -0.00114511 
36695.3 5.36351e+15 0.0323632 0.00168452 
36705.9 5.36028e+15 0.0323464 0.00448351 
36716.4 5.35799e+15 0.0323406 0.00703265 
36726.9 5.35653e+15 0.0323441 0.00912261 
36737.4 5.35557e+15 0.0323528 0.0105713 
36747.9 5.35467e+15 0.0323614 0.0112397 
36758.4 5.35335e+15 0.0323644 0.0110454 
36768.9 5.35124e+15 0.0323579 0.00997218 
36779.4 5.34817e+15 0.0323402 0.0080738 
36789.9 5.34421e+15 0.0323125 0.00547321 
36800.5 5.33965e+15 0.0322784 0.00235515 
36811 5.33496e+15 0.0322434 -0.00104664 
36821.5 5.33063e+15 0.032213 -0.00446687 
36832 5.32708e+15 0.0321917 -0.00762969 
36842.6 5.32452e+15 0.0321817 -0.0102713 
36853.1 5.3229e+15 0.0321823 -0.0121626 
36863.6 5.32196e+15 0.0321901 -0.0131292 
36874.1 5.32122e+15 0.0321999 -0.0130682 
36884.7 5.32019e+15 0.0322061 -0.0119586 
36895.2 5.3184e+15 0.0322038 -0.0098652 
36905.7 5.31563e+15 0.0321903 -0.00693575 
36916.3 5.31187e+15 0.0321658 -0.00339008 
36926.8 5.30738e+15 0.0321333 0.000496571 
36937.4 5.30261e+15 0.0320978 0.00441561 
36947.9 5.2981e+15 0.032065 0.00805029 
36958.4 5.2943e+15 0.0320402 0.0111021 
36969 5.29149e+15 0.0320262 0.0133159 
36979.5 5.2897e+15 0.0320235 0.0145019 
36990.1 5.28869e+15 0.0320295 0.0145518 
37000.6 5.28801e+15 0.0320393 0.0134492 
37011.2 5.28714e+15 0.0320473 0.0112709 
37021.7 5.2856e+15 0.0320482 0.00818178 
37032.3 5.28308e+15 0.0320385 0.00442122 
37042.8 5.27953e+15 0.0320174 0.000284001 
37053.4 5.27518e+15 0.0319873 -0.00390383 
37064 5.27044e+15 0.0319525 -0.00781138 
37074.5 5.26586e+15 0.0319187 -0.0111298 
37085.1 5.26191e+15 0.0318912 -0.0135972 
37095.6 5.25891e+15 0.031874 -0.0150191 
37106.2 5.25694e+15 0.0318679 -0.0152844 
37116.8 5.25579e+15 0.0318713 -0.0143729 
37127.3 5.25507e+15 0.0318801 -0.0123568 
37137.9 5.25425e+15 0.0318886 -0.00939401 
37148.5 5.25284e+15 0.0318916 -0.005715 
37159.1 5.25052e+15 0.031885 -0.00160419 
37169.6 5.2472e+15 0.0318674 0.00262278 
37180.2 5.24304e+15 0.0318401 0.0066438 
37190.8 5.23844e+15 0.031807 0.0101551 
37201.4 5.23389e+15 0.0317734 0.0128942 
37212 5.22988e+15 0.0317445 0.0146595 
37222.5 5.22675e+15 0.0317246 0.0153247 
37233.1 5.22459e+15 0.0317153 0.014847 
37243.7 5.22326e+15 0.0317157 0.0132699 
37254.3 5.2224e+15 0.0317225 0.0107178 
37264.9 5.22152e+15 0.0317305 0.00738665 
37275.5 5.22016e+15 0.0317345 0.00352755 
37286.1 5.21799e+15 0.0317303 -0.000571914 
37296.7 5.21489e+15 0.031716 -0.00460959 
37307.3 5.21098e+15 0.031692 -0.00829095 
37317.8 5.20659e+15 0.0316613 -0.0113505 
37328.4 5.20219e+15 0.0316288 -0.0135708 
37339 5.1982e+15 0.0315995 -0.0147972 
37349.6 5.19498e+15 0.0315776 -0.0149488 
37360.3 5.19264e+15 0.0315653 -0.0140226 
37370.9 5.19108e+15 0.0315625 -0.0120932 
37381.5 5.18999e+15 0.0315666 -0.0093064 
37392.1 5.18897e+15 0.0315731 -0.00586759 
37402.7 5.18759e+15 0.0315773 -0.00202672 
37413.3 5.18552e+15 0.0315749 0.00194017 
37423.9 5.18264e+15 0.0315635 0.00575074 
37434.5 5.17901e+15 0.0315429 0.00913638 
37445.1 5.17492e+15 0.0315154 0.0118609 
37455.8 5.17073e+15 0.0314848 0.0137365 
37466.4 5.16684e+15 0.0314558 0.0146367 
37477 5.16356e+15 0.0314325 0.014504 
37487.6 5.16103e+15 0.0314176 0.0133533 
37498.2 5.15919e+15 0.0314114 0.0112699 
37508.9 5.15783e+15 0.0314123 0.008403 
37519.5 5.1566e+15 0.0314168 0.00495487 
37530.1 5.15513e+15 0.0314205 0.00116644 
37540.8 5.15315e+15 0.0314193 -0.00269936 
37551.4 5.15049e+15 0.0314106 -0.00637552 
37562 5.14719e+15 0.0313935 -0.00960898 
37572.7 5.14343e+15 0.0313693 -0.0121775 
37583.3 5.13951e+15 0.0313411 -0.0139044 
37593.9 5.13575e+15 0.031313 -0.0146703 
37604.6 5.13243e+15 0.0312888 -0.0144205 
37615.2 5.1297e+15 0.0312714 -0.0131692 
37625.8 5.12757e+15 0.031262 -0.0109983 
37636.5 5.12589e+15 0.0312596 -0.00805228 
37647.1 5.12441e+15 0.0312616 -0.00452883 
37657.8 5.12284e+15 0.0312643 -0.000666303 
37668.4 5.12093e+15 0.031264 0.00327185 
37679.1 5.11852e+15 0.0312577 0.00701432 
37689.7 5.11556e+15 0.0312439 0.0103 
37700.4 5.11217e+15 0.0312232 0.0128956 
37711.1 5.10853e+15 0.0311977 0.0146119 
37721.7 5.10491e+15 0.0311707 0.0153173 
37732.4 5.10154e+15 0.0311459 0.0149481 
37743 5.0986e+15 0.0311263 0.0135141 
37753.7 5.09615e+15 0.0311137 0.0111001 
37764.4 5.09413e+15 0.031108 0.00786137 
37775 5.0924e+15 0.0311075 0.00401472 
37785.7 5.09074e+15 0.0311092 -0.000174969 
37796.4 5.08892e+15 0.0311095 -0.00441241 
37807 5.08677e+15 0.0311054 -0.00839223 
37817.7 5.08417e+15 0.0310948 -0.0118207 
37828.4 5.08114e+15 0.0310774 -0.0144373 
37839 5.07778e+15 0.0310545 -0.0160351 
37849.7 5.07427e+15 0.0310286 -0.0164773 
37860.4 5.07083e+15 0.0310033 -0.0157097 
37871.1 5.06766e+15 0.0309818 -0.0137668 
37881.8 5.06489e+15 0.0309663 -0.0107722 
37892.4 5.06255e+15 0.0309575 -0.00693134 
37903.1 5.06061e+15 0.0309547 -0.00251847 
37913.8 5.05889e+15 0.0309554 0.00214279 
37924.5 5.05719e+15 0.0309564 0.00670295 
37935.2 5.0553e+15 0.0309543 0.0108131 
37945.9 5.05305e+15 0.0309465 0.0141522 
37956.6 5.05035e+15 0.030932 0.0164526 
37967.3 5.04721e+15 0.0309113 0.0175226 
37978 5.04377e+15 0.0308864 0.0172632 
37988.7 5.04023e+15 0.0308606 0.0156778 
37999.4 5.03682e+15 0.0308373 0.0128737 
38010.1 5.03375e+15 0.0308193 0.00905607 
38020.8 5.03115e+15 0.030808 0.0045126 
38031.5 5.02904e+15 0.0308033 -0.000407931 
38042.2 5.02732e+15 0.0308033 -0.00532299 
38052.9 5.02578e+15 0.0308049 -0.00984665 
38063.6 5.02416e+15 0.0308046 -0.0136208 
38074.3 5.02223e+15 0.0307993 -0.0163447 
38085 5.01979e+15 0.0307871 -0.0177993 
38095.7 5.01681e+15 0.0307681 -0.0178666 
38106.4 5.01338e+15 0.0307438 -0.0165392 
38117.2 5.00969e+15 0.0307174 -0.0139217 
38127.9 5.00604e+15 0.0306925 -0.0102224 
38138.6 5.00272e+15 0.0306725 -0.00573653 
38149.3 4.99992e+15 0.0306594 -0.000822171 
38160 4.99774e+15 0.0306534 0.00412937 
38170.8 4.99609e+15 0.0306532 0.00872553 
38181.5 4.99474e+15 0.0306556 0.0126047 
38192.2 4.99338e+15 0.0306567 0.0154656 
38203 4.9917e+15 0.0306532 0.0170913 
38213.7 4.98945e+15 0.0306426 0.0173666 
38224.4 4.98653e+15 0.0306246 0.0162854 
38235.1 4.98303e+15 0.0306004 0.0139509 
38245.9 4.97917e+15 0.0305734 0.0105644 
38256.6 4.97531e+15 0.0305473 0.00640828 
38267.4 4.9718e+15 0.0305259 0.00182116 
38278.1 4.96891e+15 0.0305117 -0.00283051 
38288.8 4.96675e+15 0.0305053 -0.00718257 
38299.6 4.96523e+15 0.0305053 -0.0109023 
38310.3 4.9641e+15 0.0305084 -0.0137145 
38321.1 4.96297e+15 0.0305107 -0.0154214 
38331.8 4.96146e+15 0.0305083 -0.0159169 
38342.6 4.95928e+15 0.0304984 -0.0151915 
38353.3 4.95632e+15 0.0304806 -0.0133308 
38364.1 4.95268e+15 0.0304561 -0.0105049 
38374.8 4.94865e+15 0.0304284 -0.0069529 
38385.6 4.94463e+15 0.0304016 -0.00296198 
38396.4 4.94103e+15 0.0303796 0.00115658 
38407.1 4.93816e+15 0.0303653 0.0050918 
38417.9 4.93612e+15 0.0303592 0.00855641 
38428.6 4.93479e+15 0.0303598 0.0113074 
38439.4 4.93386e+15 0.0303637 0.0131624 
38450.2 4.93289e+15 0.0303665 0.0140103 
38460.9 4.93145e+15 0.0303643 0.0138167 
38471.7 4.92923e+15 0.0303543 0.0126235 
38482.5 4.92614e+15 0.0303359 0.0105424 
38493.3 4.92232e+15 0.0303108 0.00774492 
38504 4.91813e+15 0.0302825 0.00444764 
38514.8 4.91402e+15 0.0302555 0.000896053 
38525.6 4.91044e+15 0.0302339 -0.00265335 
38536.4 4.9077e+15 0.0302203 -0.00595079 
38547.1 4.90587e+15 0.0302152 -0.00876967 
38557.9 4.90477e+15 0.0302167 -0.0109211 
38568.7 4.90402e+15 0.0302211 -0.0122653 
38579.5 4.90312e+15 0.0302238 -0.0127199 
38590.3 4.90163e+15 0.0302209 -0.0122643 
38601.1 4.89925e+15 0.0302098 -0.0109399 
38611.9 4.89595e+15 0.0301903 -0.00884697 
38622.7 4.89193e+15 0.0301643 -0.00613748 
38633.5 4.88763e+15 0.0301359 -0.00300489 
38644.3 4.88353e+15 0.0301095 0.000328686 
38655.1 4.8801e+15 0.0300891 0.00362725 
38665.8 4.87761e+15 0.0300771 0.00665667 
38676.6 4.87605e+15 0.0300735 0.00920067 
38687.5 4.87517e+15 0.0300759 0.0110758 
38698.3 4.87453e+15 0.0300804 0.0121445 
38709.1 4.87359e+15 0.0300823 0.0123257 
38719.9 4.87192e+15 0.0300778 0.0116009 
38730.7 4.86929e+15 0.0300648 0.0100172 
38741.5 4.86572e+15 0.0300437 0.00768458 
38752.3 4.86153e+15 0.030017 0.00476948 
38763.1 4.85719e+15 0.0299889 0.0014834 
38773.9 4.85324e+15 0.0299639 -0.00193175 
38784.7 4.85008e+15 0.0299457 -0.00522114 
38795.6 4.84791e+15 0.029936 -0.00813588 
38806.4 4.84666e+15 0.0299341 -0.0104519 
38817.2 4.84596e+15 0.0299373 -0.0119876 
38828 4.84532e+15 0.0299412 -0.0126182 
38838.9 4.84422e+15 0.0299413 -0.0122866 
38849.7 4.84226e+15 0.0299344 -0.0110085 
38860.5 4.8393e+15 0.029919 -0.00887298 
38871.3 4.83547e+15 0.0298962 -0.00603632 
38882.2 4.83116e+15 0.0298692 -0.00271102 
38893 4.82691e+15 0.0298421 0.000849881 
38903.8 4.82321e+15 0.0298194 0.00437192 
38914.7 4.82042e+15 0.0298041 0.00758039 
38925.5 4.81864e+15 0.029797 0.0102217 
38936.4 4.81767e+15 0.0297969 0.0120837 
38947.2 4.81707e+15 0.0298003 0.0130125 
38958 4.81633e+15 0.0298028 0.0129257 
38968.9 4.81493e+15 0.0298004 0.0118197 
38979.7 4.81259e+15 0.0297904 0.00977075 
38990.6 4.80927e+15 0.0297724 0.0069306 
39001.4 4.80522e+15 0.0297481 0.00351515 
39012.3 4.8009e+15 0.0297213 -0.000211443 
39023.1 4.79685e+15 0.0296961 -0.00395688 
39034 4.79353e+15 0.0296765 -0.00742347 
39044.8 4.79119e+15 0.0296645 -0.0103316 
39055.7 4.7898e+15 0.0296603 -0.0124421 
39066.6 4.78904e+15 0.0296615 -0.0135762 
39077.4 4.78843e+15 0.0296643 -0.0136306 
39088.3 4.78744e+15 0.0296646 -0.0125869 
39099.1 4.78565e+15 0.0296589 -0.0105152 
39110 4.78287e+15 0.0296455 -0.00756923 
39120.9 4.77921e+15 0.0296249 -0.00397622 
39131.7 4.77502e+15 0.0295998 -1.94297e-05 
39142.6 4.77082e+15 0.029574 0.00398367 
39153.5 4.76711e+15 0.0295516 0.00770672 
39164.4 4.76426e+15 0.0295357 0.0108411 
39175.2 4.7624e+15 0.0295273 0.0131215 
39186.1 4.76134e+15 0.0295255 0.0143491 
39197 4.76069e+15 0.0295273 0.0144087 
39207.9 4.75993e+15 0.0295288 0.0132805 
39218.8 4.75857e+15 0.029526 0.011043 
39229.6 4.75631e+15 0.0295165 0.00786846 
39240.5 4.7531e+15 0.0294996 0.00400995 
39251.4 4.74917e+15 0.029477 -0.000218701 
39262.3 4.74497e+15 0.0294518 -0.00446847 
39273.2 4.74103e+15 0.029428 -0.00838417 
39284.1 4.73777e+15 0.0294092 -0.0116346 
39295 4.73545e+15 0.0293973 -0.0139411 
39305.9 4.73403e+15 0.0293924 -0.015102 
39316.8 4.73322e+15 0.0293923 -0.0150105 
39327.7 4.73254e+15 0.0293938 -0.0136654 
39338.6 4.73148e+15 0.0293928 -0.0111714 
39349.5 4.72965e+15 0.0293862 -0.0077317 
39360.4 4.72689e+15 0.0293727 -0.00363084 
39371.3 4.72329e+15 0.0293528 0.000789083 
39382.2 4.71922e+15 0.029329 0.00515758 
39393.1 4.71517e+15 0.0293049 0.00910743 
39404 4.71162e+15 0.0292842 0.0123062 
39414.9 4.7089e+15 0.0292694 0.014485 
39425.8 4.70711e+15 0.0292616 0.0154611 
39436.7 4.70606e+15 0.0292594 0.0151539 
39447.7 4.70534e+15 0.0292601 0.0135912 
39458.6 4.70447e+15 0.02926 0.0109067 
39469.5 4.70298e+15 0.0292557 0.00732792 
39480.4 4.70062e+15 0.029245 0.00315612 
39491.3 4.69738e+15 0.0292278 -0.00125965 
39502.3 4.69351e+15 0.0292057 -0.00555259 
39513.2 4.68946e+15 0.0291819 -0.00936937 
39524.1 4.68571e+15 0.02916 -0.0123997 
39535 4.68267e+15 0.029143 -0.0144019 
39546 4.68053e+15 0.0291326 -0.0152219 
39556.9 4.67921e+15 0.0291283 -0.0148052 
39567.8 4.67839e+15 0.0291278 -0.0131995 
39578.8 4.6776e+15 0.029128 -0.0105486 
39589.7 4.67637e+15 0.0291252 -0.00707945 
39600.7 4.67435e+15 0.0291169 -0.00308115 
39611.6 4.67145e+15 0.0291021 0.00111959 
39622.5 4.66783e+15 0.0290818 0.00518603 
39633.5 4.66385e+15 0.0290588 0.00879869 
39644.4 4.65999e+15 0.0290363 0.0116807 
39655.4 4.65671e+15 0.0290177 0.0136185 
39666.3 4.65426e+15 0.0290051 0.0144774 
39677.3 4.65267e+15 0.0289987 0.0142096 
39688.2 4.6517e+15 0.028997 0.0128553 
39699.2 4.65092e+15 0.0289969 0.0105373 
39710.1 4.64987e+15 0.0289951 0.00744867 
39721.1 4.64814e+15 0.0289886 0.0038358 
39732.1 4.64555e+15 0.028976 -2.15351e-05 
39743 4.64218e+15 0.0289576 -0.00383232 
39754 4.63831e+15 0.0289356 -0.00731605 
39764.9 4.63442e+15 0.028913 -0.0102227 
39775.9 4.63095e+15 0.0288933 -0.0123497 
39786.9 4.62825e+15 0.0288789 -0.013555 
39797.8 4.6264e+15 0.0288706 -0.0137648 
39808.8 4.62526e+15 0.0288674 -0.0129766 
39819.8 4.62446e+15 0.0288669 -0.0112579 
39830.8 4.62352e+15 0.0288656 -0.00873891 
39841.7 4.62202e+15 0.0288606 -0.00560316 
39852.7 4.61971e+15 0.0288498 -0.00207379 
39863.7 4.61657e+15 0.0288331 0.00160162 
39874.7 4.61285e+15 0.0288122 0.00516741 
39885.6 4.60896e+15 0.0287898 0.00837638 
39896.6 4.60536e+15 0.0287694 0.0110056 
39907.6 4.60245e+15 0.0287536 0.0128705 
39918.6 4.60038e+15 0.0287437 0.0138369 
39929.6 4.59907e+15 0.0287393 0.0138299 
39940.6 4.59821e+15 0.0287381 0.0128392 
39951.6 4.59735e+15 0.028737 0.010921 
39962.6 4.59604e+15 0.0287329 0.00819553 
39973.6 4.59397e+15 0.0287236 0.00484068 
39984.6 4.59105e+15 0.0287084 0.0010817 
39995.6 4.58747e+15 0.0286885 -0.00282264 
40006.6 4.5836e+15 0.0286666 -0.00659655 
40017.6 4.57991e+15 0.0286458 -0.00996582 
40028.6 4.57681e+15 0.028629 -0.0126771 
40039.6 4.57455e+15 0.0286179 -0.0145165 
40050.6 4.57309e+15 0.0286123 -0.0153269 
40061.6 4.57218e+15 0.0286105 -0.0150215 
40072.6 4.57139e+15 0.0286095 -0.0135926 
40083.6 4.57023e+15 0.0286062 -0.011116 
40094.6 4.56837e+15 0.0285979 -0.00774854 
40105.6 4.56565e+15 0.0285838 -0.00371893 
40116.7 4.56219e+15 0.0285648 0.000686347 
40127.7 4.55834e+15 0.0285431 0.00514306 
40138.7 4.55457e+15 0.0285221 0.00931288 
40149.7 4.55132e+15 0.0285046 0.0128692 
40160.7 4.54888e+15 0.0284926 0.0155229 
40171.8 4.5473e+15 0.0284863 0.0170467 
40182.8 4.54634e+15 0.0284842 0.0172945 
40193.8 4.54561e+15 0.0284833 0.0162163 
40204.8 4.54461e+15 0.0284805 0.0138641 
40215.9 4.54294e+15 0.0284731 0.0103917 
40226.9 4.5404e+15 0.0284598 0.00604454 
40237.9 4.53705e+15 0.0284412 0.00114303 
40249 4.53321e+15 0.0284196 -0.00394132 
40260 4.52935e+15 0.0283981 -0.00881428 
40271.1 4.52594e+15 0.02838 -0.0130898 
40282.1 4.52333e+15 0.0283674 -0.0164214 
40293.1 4.52163e+15 0.0283607 -0.0185301 
40304.2 4.52065e+15 0.0283587 -0.0192287 
40315.2 4.52e+15 0.0283583 -0.0184381 
40326.3 4.51917e+15 0.0283563 -0.016196 
40337.3 4.51771e+15 0.0283497 -0.0126554 
40348.4 4.51535e+15 0.0283369 -0.00807493 
40359.4 4.5121e+15 0.0283184 -0.00279937 
40370.5 4.50825e+15 0.0282963 0.00276617 
40381.5 4.50427e+15 0.028274 0.00818776 
40392.6 4.50068e+15 0.0282549 0.0130369 
40403.7 4.49788e+15 0.0282417 0.0169246 
40414.7 4.49605e+15 0.0282349 0.0195332 
40425.8 4.49505e+15 0.0282334 0.0206422 
40436.9 4.49451e+15 0.0282341 0.0201474 
40447.9 4.49388e+15 0.0282334 0.0180704 
40459 4.49266e+15 0.0282279 0.0145583 
40470.1 4.49052e+15 0.0282157 0.00987377 
40481.1 4.48738e+15 0.028197 0.00437496 
40492.2 4.48351e+15 0.028174 -0.00151193 
40503.3 4.47938e+15 0.0281502 -0.00732594 
40514.4 4.47556e+15 0.0281296 -0.0126079 
40525.4 4.47253e+15 0.0281152 -0.0169373 
40536.5 4.47053e+15 0.0281083 -0.0199661 
40547.6 4.4695e+15 0.0281075 -0.0214471 
40558.7 4.46908e+15 0.0281099 -0.021255 
40569.8 4.4687e+15 0.0281112 -0.0193968 
40580.8 4.46778e+15 0.0281076 -0.0160125 
40591.9 4.4659e+15 0.0280965 -0.0113639 
40603 4.46292e+15 0.0280777 -0.00581487 
40614.1 4.45904e+15 0.0280534 0.000198305 
40625.2 4.45475e+15 0.0280274 0.00620149 
40636.3 4.45064e+15 0.0280045 0.0117211 
40647.4 4.44731e+15 0.0279882 0.0163223 
40658.5 4.44508e+15 0.0279804 0.0196439 
40669.6 4.44397e+15 0.0279804 0.0214277 
40680.7 4.44366e+15 0.0279848 0.0215386 
40691.8 4.44355e+15 0.027989 0.0199755 
40702.9 4.44299e+15 0.0279883 0.0168698 
40714 4.44146e+15 0.0279792 0.0124745 
40725.1 4.43872e+15 0.0279609 0.00714247 
40736.2 4.43488e+15 0.0279354 0.0012971 
40747.3 4.43042e+15 0.0279068 -0.00460237 
40758.5 4.42599e+15 0.0278805 -0.0100981 
40769.6 4.42227e+15 0.0278612 -0.01477 
40780.7 4.41972e+15 0.0278516 -0.0182684 
40791.8 4.41845e+15 0.0278516 -0.0203407 
40802.9 4.4182e+15 0.027858 -0.0208488 
40814 4.41836e+15 0.0278657 -0.0197776 
40825.2 4.41823e+15 0.0278689 -0.0172335 
40836.3 4.41714e+15 0.0278631 -0.0134328 
40847.4 4.41473e+15 0.0278465 -0.00868246 
40858.5 4.41103e+15 0.0278204 -0.00335375 
40869.7 4.40645e+15 0.0277891 0.00214745 
40880.8 4.40169e+15 0.0277587 0.00741235 
40891.9 4.39752e+15 0.0277351 0.0120597 
40903.1 4.39453e+15 0.0277223 0.0157632 
40914.2 4.39298e+15 0.0277211 0.018273 
40925.3 4.39269e+15 0.0277289 0.0194317 
40936.5 4.39309e+15 0.0277402 0.019182 
40947.6 4.39339e+15 0.0277482 0.0175674 
40958.8 4.39283e+15 0.0277472 0.0147258 
40969.9 4.39089e+15 0.0277338 0.0108765 
40981.1 4.38745e+15 0.0277084 0.00630328 
40992.2 4.38285e+15 0.0276751 0.00133276 
41003.4 4.37779e+15 0.0276403 -0.00368806 
41014.5 4.37313e+15 0.0276114 -0.00841516 
41025.7 4.3696e+15 0.0275937 -0.0125295 
41036.8 4.36763e+15 0.0275897 -0.0157569 
41048 4.36716e+15 0.0275975 -0.0178846 
41059.1 4.36769e+15 0.0276118 -0.0187733 
41070.3 4.36842e+15 0.0276251 -0.0183658 
41081.5 4.36845e+15 0.0276301 -0.016689 
41092.6 4.36709e+15 0.0276217 -0.0138533 
41103.8 4.36407e+15 0.0275988 -0.0100447 
41114.9 4.35961e+15 0.0275647 -0.00551468 
41126.1 4.35434e+15 0.0275261 -0.000564603 
41137.3 4.34919e+15 0.0274912 0.00447235 
41148.5 4.34504e+15 0.0274672 0.00925198 
41159.6 4.34249e+15 0.0274583 0.013441 
41170.8 4.34167e+15 0.0274643 0.0167392 
41182 4.34219e+15 0.0274804 0.0189004 
41193.2 4.34325e+15 0.0274987 0.0197506 
41204.3 4.34388e+15 0.0275104 0.0192024 
41215.5 4.34323e+15 0.0275087 0.0172643 
41226.7 4.3408e+15 0.0274905 0.0140433 
41237.9 4.33665e+15 0.0274577 0.00974158 
41249.1 4.33133e+15 0.0274163 0.00464517 
41260.3 4.32576e+15 0.0273755 -0.000893042 
41271.4 4.32095e+15 0.0273441 -0.00647682 
41282.6 4.3177e+15 0.0273285 -0.0116942 
41293.8 4.31634e+15 0.0273304 -0.0161475 
41305 4.31665e+15 0.0273462 -0.0194843 
41316.2 4.3179e+15 0.0273684 -0.0214257 
41327.4 4.31909e+15 0.0273871 -0.0217903 
41338.6 4.31919e+15 0.0273935 -0.0205122 
41349.8 4.31751e+15 0.0273821 -0.0176499 
41361 4.31387e+15 0.0273528 -0.0133861 
41372.2 4.30869e+15 0.0273108 -0.00801745 
41383.4 4.30283e+15 0.027265 -0.00193482 
41394.6 4.29739e+15 0.0272258 0.00440484 
41405.9 4.29335e+15 0.0272019 0.010513 
41417.1 4.29127e+15 0.0271972 0.0159078 
41428.3 4.29115e+15 0.0272104 0.0201529 
41439.5 4.29241e+15 0.0272346 0.0228936 
41450.7 4.29403e+15 0.0272595 0.0238882 
41461.9 4.29489e+15 0.0272746 0.0230292 
41473.2 4.29407e+15 0.0272719 0.020356 
41484.4 4.29116e+15 0.0272487 0.0160538 
41495.6 4.28634e+15 0.0272084 0.0104419 
41506.8 4.28038e+15 0.0271595 0.00394953 
41518.1 4.2744e+15 0.0271131 -0.00291723 
41529.3 4.26954e+15 0.0270798 -0.00961572 
41540.5 4.26659e+15 0.0270665 -0.0156108 
41551.7 4.26583e+15 0.0270743 -0.0204185 
41563 4.26686e+15 0.027098 -0.0236466 
41574.2 4.26874e+15 0.0271275 -0.0250271 
41585.4 4.27029e+15 0.0271511 -0.0244396 
41596.7 4.27039e+15 0.0271583 -0.0219216 
41607.9 4.26837e+15 0.0271437 -0.0176666 
41619.2 4.26415e+15 0.027108 -0.0120086 
41630.4 4.25832e+15 0.0270583 -0.00539541 
41641.7 4.25196e+15 0.0270059 0.0016481 
41652.9 4.24632e+15 0.0269633 0.00856234 
41664.2 4.24242e+15 0.0269398 0.0147987 
41675.4 4.24082e+15 0.0269397 0.0198638 
41686.7 4.24137e+15 0.02696 0.0233597 
41697.9 4.24329e+15 0.0269918 0.0250148 
41709.2 4.24539e+15 0.0270227 0.0247057 
41720.4 4.2464e+15 0.0270403 0.0224658 
41731.7 4.24538e+15 0.027036 0.0184817 
41742.9 4.24197e+15 0.0270076 0.0130765 
41754.2 4.23653e+15 0.0269601 0.00668361 
41765.5 4.23e+15 0.0269041 -0.000189631 
41776.7 4.22369e+15 0.0268528 -0.00700233 
41788 4.21883e+15 0.0268185 -0.0132235 
41799.3 4.21625e+15 0.0268082 -0.0183738 
41810.5 4.2161e+15 0.0268222 -0.0220626 
41821.8 4.2178e+15 0.0268534 -0.0240176 
41833.1 4.22025e+15 0.0268897 -0.0241046 
41844.4 4.22208e+15 0.0269171 -0.0223362 
41855.6 4.22211e+15 0.0269243 -0.0188687 
41866.9 4.21968e+15 0.0269057 -0.013988 
41878.2 4.21486e+15 0.0268633 -0.0080858 
41889.5 4.20842e+15 0.0268064 -0.00162715 
41900.8 4.20163e+15 0.0267483 0.0048861 
41912.1 4.19586e+15 0.0267032 0.0109549 
41923.3 4.19222e+15 0.0266814 0.0161214 
41934.6 4.19117e+15 0.0266864 0.0200033 
41945.9 4.19241e+15 0.026714 0.0223225 
41957.2 4.19496e+15 0.0267529 0.0229242 
41968.5 4.19745e+15 0.0267887 0.0217868 
41979.8 4.1985e+15 0.0268075 0.0190215 
41991.1 4.19716e+15 0.0268005 0.0148608 
42002.4 4.19317e+15 0.0267662 0.00963929 
42013.7 4.18707e+15 0.0267114 0.00376557 
42025 4.18003e+15 0.026649 -0.00230982 
42036.3 4.1735e+15 0.0265943 -0.00812941 
42047.6 4.1688e+15 0.0265604 -0.0132635 
42058.9 4.16672e+15 0.0265545 -0.0173417 
42070.2 4.16725e+15 0.0265753 -0.0200796 
42081.5 4.16965e+15 0.0266139 -0.0212976 
42092.9 4.17257e+15 0.0266557 -0.020932 
42104.2 4.17453e+15 0.0266854 -0.0190367 
42115.5 4.17431e+15 0.0266907 -0.0157764 
42126.8 4.17133e+15 0.0266668 -0.0114115 
42138.1 4.16583e+15 0.0266174 -0.0062767 
42149.4 4.1588e+15 0.0265537 -0.000755203 
42160.8 4.15171e+15 0.0264914 0.00475034 
42172.1 4.14603e+15 0.0264459 0.00984672 
42183.4 4.14283e+15 0.0264276 0.0141776 
42194.8 4.14247e+15 0.0264391 0.0174475 
42206.1 4.14444e+15 0.0264741 0.0194402 
42217.4 4.14754e+15 0.0265192 0.0200322 
42228.7 4.15024e+15 0.026558 0.0191981 
42240.1 4.15109e+15 0.0265757 0.017011 
42251.4 4.14922e+15 0.0265639 0.0136347 
42262.8 4.14454e+15 0.0265227 0.00931215 
42274.1 4.1378e+15 0.0264609 0.00434772 
42285.4 4.13038e+15 0.0263936 -0.000913033 
42296.8 4.12387e+15 0.0263377 -0.00610621 
42308.1 4.11958e+15 0.0263067 -0.0108731 
42319.5 4.11818e+15 0.0263069 -0.0148831 
42330.8 4.11948e+15 0.0263352 -0.0178552 
42342.2 4.12249e+15 0.0263804 -0.0195767 
42353.5 4.12569e+15 0.026426 -0.0199172 
42364.9 4.12751e+15 0.0264553 -0.0188387 
42376.2 4.12678e+15 0.0264564 -0.0163997 
42387.6 4.12309e+15 0.0264256 -0.0127537 
42399 4.1169e+15 0.0263688 -0.00814136 
42410.3 4.10943e+15 0.0262996 -0.00287627 
42421.7 4.10228e+15 0.0262354 0.00267397 
42433 4.09696e+15 0.0261922 0.00811178 
42444.4 4.09445e+15 0.0261798 0.0130368 
42455.8 4.09488e+15 0.0261989 0.0170748 
42467.1 4.09753e+15 0.026241 0.0199057 
42478.5 4.10098e+15 0.0262905 0.02129 
42489.9 4.10361e+15 0.0263297 0.0210897 
42501.3 4.10399e+15 0.0263436 0.0192829 
42512.6 4.1014e+15 0.026325 0.0159703 
42524 4.09597e+15 0.026276 0.0113723 
42535.4 4.08871e+15 0.0262081 0.00581597 
42546.8 4.08116e+15 0.0261381 -0.000286748 
42558.2 4.07494e+15 0.0260839 -0.00646881 
42569.5 4.07131e+15 0.0260585 -0.012244 
42580.9 4.07074e+15 0.0260666 -0.017146 
42592.3 4.07279e+15 0.0261026 -0.0207669 
42603.7 4.07624e+15 0.026153 -0.0227931 
42615.1 4.07946e+15 0.0261997 -0.0230336 
42626.5 4.08086e+15 0.0262256 -0.0214397 
42637.9 4.07941e+15 0.0262199 -0.0181122 
42649.3 4.07492e+15 0.026181 -0.0132969 
42660.7 4.06812e+15 0.0261173 -0.0073667 
42672.1 4.0604e+15 0.0260445 -0.000792535 
42683.5 4.05347e+15 0.0259813 0.00589454 
42694.9 4.04878e+15 0.0259433 0.0121477 
42706.3 4.04712e+15 0.025939 0.0174505 
42717.7 4.04838e+15 0.0259666 0.0213614 
42729.1 4.05158e+15 0.0260149 0.0235519 
42740.5 4.05516e+15 0.0260665 0.0238356 
42751.9 4.05743e+15 0.0261028 0.0221849 
42763.3 4.05711e+15 0.02611 0.0187338 
42774.8 4.05367e+15 0.0260827 0.0137673 
42786.2 4.04752e+15 0.0260258 0.00769689 
42797.6 4.03989e+15 0.0259532 0.00102516 
42809 4.03245e+15 0.0258833 -0.00569687 
42820.4 4.0268e+15 0.025834 -0.011917 
42831.9 4.02404e+15 0.0258169 -0.0171286 
42843.3 4.02438e+15 0.0258342 -0.0209131 
42854.7 4.02712e+15 0.0258777 -0.0229749 
42866.1 4.03083e+15 0.0259313 -0.0231639 
42877.6 4.03379e+15 0.0259761 -0.0214874 
42889 4.03451e+15 0.0259954 -0.0181059 
42900.4 4.03216e+15 0.0259804 -0.0133183 
42911.9 4.02683e+15 0.0259324 -0.00753342 
42923.3 4.0195e+15 0.0258626 -0.00123475 
42934.7 4.01176e+15 0.0257888 0.00506183 
42946.2 4.00533e+15 0.0257298 0.0108511 
42957.6 4.00151e+15 0.0257004 0.0156798 
42969.1 4.00086e+15 0.0257062 0.0191827 
42980.5 4.00296e+15 0.0257426 0.0211097 
42992 4.00658e+15 0.0257956 0.0213433 
43003.4 4.01003e+15 0.0258463 0.0199041 
43014.9 4.01166e+15 0.0258764 0.0169448 
43026.3 4.01038e+15 0.0258738 0.0127342 
43037.8 4.00596e+15 0.0258362 0.00763157 
43049.2 3.99913e+15 0.0257717 0.00205548 
43060.7 3.99132e+15 0.0256965 -0.00355131 
43072.2 3.98427e+15 0.02563 -0.00875737 
43083.6 3.97951e+15 0.0255892 -0.0131756 
43095.1 3.97785e+15 0.0255832 -0.0164916 
43106.5 3.97919e+15 0.0256108 -0.0184848 
43118 3.98252e+15 0.0256606 -0.0190418 
43129.5 3.98624e+15 0.0257146 -0.0181607 
43141 3.98862e+15 0.0257536 -0.0159468 
43152.4 3.98834e+15 0.0257628 -0.0126008 
43163.9 3.98488e+15 0.0257364 -0.00839998 
43175.4 3.97868e+15 0.0256791 -0.00367512 
43186.8 3.971e+15 0.0256051 0.00121542 
43198.3 3.96356e+15 0.0255336 0.00591258 
43209.8 3.95799e+15 0.025483 0.010082 
43221.3 3.95536e+15 0.0254653 0.0134368 
43232.8 3.95586e+15 0.0254829 0.0157557 
43244.3 3.95874e+15 0.0255274 0.0168963 
43255.7 3.96251e+15 0.0255823 0.0168023 
43267.2 3.96545e+15 0.025628 0.0155047 
43278.7 3.96605e+15 0.0256478 0.013117 
43290.2 3.96354e+15 0.0256327 0.00982591 
43301.7 3.95809e+15 0.0255841 0.00587658 
43313.2 3.95073e+15 0.0255136 0.00155532 
43324.7 3.9431e+15 0.0254395 -0.00283034 
43336.2 3.93689e+15 0.0253809 -0.00697238 
43347.7 3.93338e+15 0.0253524 -0.0105829 
43359.2 3.93301e+15 0.0253595 -0.0134128 
43370.7 3.93529e+15 0.0253969 -0.0152686 
43382.2 3.93893e+15 0.0254503 -0.0160245 
43393.7 3.94222e+15 0.0255005 -0.0156313 
43405.2 3.94356e+15 0.0255294 -0.0141192 
43416.8 3.94197e+15 0.0255252 -0.0115962 
43428.3 3.93733e+15 0.0254862 -0.00824098 
43439.8 3.93045e+15 0.0254212 -0.00429114 
43451.3 3.92282e+15 0.0253467 -2.70662e-05 
43462.8 3.91615e+15 0.0252822 0.00424708 
43474.3 3.91186e+15 0.025244 0.00822435 
43485.9 3.91063e+15 0.0252405 0.0116166 
43497.4 3.91222e+15 0.0252697 0.0141752 
43508.9 3.91555e+15 0.0253195 0.0157088 
43520.4 3.919e+15 0.025372 0.0160983 
43532 3.92094e+15 0.0254081 0.0153061 
43543.5 3.92018e+15 0.0254141 0.0133798 
43555 3.91638e+15 0.0253851 0.0104505 
43566.6 3.9101e+15 0.025327 0.006724 
43578.1 3.90266e+15 0.0252543 0.00246743 
43589.6 3.89571e+15 0.0251859 -0.00200958 
43601.2 3.89076e+15 0.0251395 -0.0063768 
43612.7 3.88869e+15 0.0251259 -0.0103073 
43624.3 3.88954e+15 0.0251461 -0.0135019 
43635.8 3.89242e+15 0.0251908 -0.0157112 
43647.3 3.89587e+15 0.0252434 -0.0167559 
43658.9 3.89824e+15 0.025285 -0.0165408 
43670.4 3.89823e+15 0.0253 -0.0150642 
43682 3.89527e+15 0.0252809 -0.0124196 
43693.5 3.88968e+15 0.0252307 -0.00879113 
43705.1 3.88255e+15 0.0251615 -0.00444153 
43716.7 3.87548e+15 0.0250913 0.000306021 
43728.2 3.87e+15 0.0250382 0.00509107 
43739.8 3.86717e+15 0.0250153 0.00954276 
43751.3 3.86724e+15 0.0250262 0.0133083 
43762.9 3.86958e+15 0.0250645 0.0160809 
43774.5 3.87288e+15 0.0251155 0.0176253 
43786 3.87554e+15 0.0251607 0.0177982 
43797.6 3.87618e+15 0.0251834 0.0165624 
43809.2 3.87403e+15 0.0251738 0.0139924 
43820.7 3.86915e+15 0.025132 0.010272 
43832.3 3.86246e+15 0.0250677 0.00568217 
43843.9 3.8554e+15 0.0249974 0.000580409 
43855.5 3.84952e+15 0.0249393 -0.00462623 
43867.1 3.846e+15 0.0249081 -0.00951392 
43878.6 3.8453e+15 0.0249099 -0.013677 
43890.2 3.84704e+15 0.024941 -0.0167626 
43901.8 3.85008e+15 0.024989 -0.0185018 
43913.4 3.85291e+15 0.0250361 -0.0187341 
43925 3.85409e+15 0.0250651 -0.0174239 
43936.6 3.85268e+15 0.0250643 -0.0146657 
43948.2 3.84853e+15 0.025031 -0.0106784 
43959.8 3.84234e+15 0.0249725 -0.00578838 
43971.3 3.8354e+15 0.0249035 -0.000402695 
43982.9 3.82923e+15 0.0248421 0.00502565 
43994.5 3.82512e+15 0.0248037 0.0100368 
44006.1 3.82371e+15 0.0247969 0.0142044 
44017.7 3.82483e+15 0.0248206 0.0171739 
44029.3 3.82754e+15 0.0248645 0.0186936 
44041 3.83043e+15 0.024912 0.018638 
44052.6 3.83203e+15 0.0249458 0.0170188 
44064.2 3.83127e+15 0.0249527 0.0139836 
44075.8 3.82783e+15 0.0249276 0.00980266 
44087.4 3.82216e+15 0.0248754 0.0048438 
44099 3.81542e+15 0.024809 -0.000460886 
44110.6 3.80908e+15 0.0247457 -0.0056543 
44122.2 3.80449e+15 0.0247016 -0.0102954 
44133.9 3.80244e+15 0.0246871 -0.0139983 
44145.5 3.80296e+15 0.0247033 -0.0164654 
44157.1 3.80529e+15 0.0247423 -0.0175128 
44168.7 3.80814e+15 0.024789 -0.0170832 
44180.3 3.81004e+15 0.0248262 -0.0152486 
44192 3.80985e+15 0.0248395 -0.0122 
44203.6 3.80703e+15 0.0248221 -0.00822726 
44215.2 3.80189e+15 0.0247764 -0.00369021 
44226.9 3.79542e+15 0.0247135 0.00101534 
44238.5 3.78902e+15 0.0246496 0.00549354 
44250.1 3.78406e+15 0.0246012 0.00938299 
44261.8 3.78146e+15 0.0245799 0.0123865 
44273.4 3.78142e+15 0.0245891 0.0142938 
44285.1 3.78336e+15 0.0246228 0.0149953 
44296.7 3.78609e+15 0.0246676 0.0144861 
44308.4 3.78818e+15 0.0247066 0.0128607 
44320 3.78842e+15 0.0247252 0.0102992 
44331.6 3.78616e+15 0.0247146 0.00704731 
44343.3 3.78152e+15 0.0246754 0.00339153 
44355 3.77537e+15 0.0246166 -0.000366695 
44366.6 3.769e+15 0.0245533 -0.00393639 
44378.3 3.7638e+15 0.024502 -0.0070594 
44389.9 3.76076e+15 0.0244751 -0.00952803 
44401.6 3.76023e+15 0.0244778 -0.011197 
44413.2 3.76176e+15 0.024506 -0.0119893 
44424.9 3.7643e+15 0.024548 -0.0118958 
44436.6 3.76646e+15 0.0245877 -0.0109704 
44448.2 3.76702e+15 0.0246101 -0.00932 
44459.9 3.76522e+15 0.0246054 -0.00709293 
44471.6 3.76106e+15 0.0245723 -0.00446505 
44483.2 3.75525e+15 0.0245182 -0.00162628 
44494.9 3.74901e+15 0.0244567 0.00123219 
44506.6 3.74369e+15 0.0244037 0.00392904 
44518.3 3.74033e+15 0.0243724 0.00630192 
44529.9 3.73936e+15 0.0243693 0.00821454 
44541.6 3.74049e+15 0.024392 0.00956167 
44553.3 3.74277e+15 0.0244304 0.0102725 
44565 3.7449e+15 0.0244696 0.0103124 
44576.7 3.74565e+15 0.0244946 0.00968385 
44588.4 3.74422e+15 0.0244948 0.00842568 
44600.1 3.7405e+15 0.0244675 0.00661195 
44611.7 3.73508e+15 0.0244183 0.00434916 
44623.4 3.72906e+15 0.0243594 0.00177232 
44635.1 3.72373e+15 0.024306 -0.000960641 
44646.8 3.72015e+15 0.0242715 -0.00367626 
44658.5 3.71881e+15 0.0242632 -0.00619454 
44670.2 3.71953e+15 0.0242804 -0.00833966 
44681.9 3.72148e+15 0.0243147 -0.00995154 
44693.6 3.72348e+15 0.0243524 -0.010898 
44705.3 3.72432e+15 0.0243789 -0.0110861 
44717 3.72319e+15 0.0243832 -0.010472 
44728.7 3.71989e+15 0.0243613 -0.00906809 
44740.5 3.71488e+15 0.0243171 -0.00694605 
44752.2 3.70916e+15 0.0242616 -0.00423596 
44763.9 3.70392e+15 0.0242088 -0.00112004 
44775.6 3.70019e+15 0.0241719 0.00217835 
44787.3 3.69853e+15 0.0241591 0.00541003 
44799 3.69884e+15 0.0241711 0.00831882 
44810.8 3.70042e+15 0.0242009 0.0106622 
44822.5 3.7022e+15 0.0242363 0.0122323 
44834.2 3.70305e+15 0.0242633 0.0128752 
44845.9 3.70216e+15 0.0242709 0.0125067 
44857.7 3.69926e+15 0.0242539 0.0111227 
44869.4 3.69469e+15 0.0242149 0.00880333 
44881.1 3.68932e+15 0.0241632 0.00570999 
44892.9 3.68424e+15 0.0241118 0.00207464 
44904.6 3.68043e+15 0.0240734 -0.00181728 
44916.3 3.67847e+15 0.0240567 -0.00564944 
44928.1 3.67836e+15 0.0240636 -0.00910083 
44939.8 3.67954e+15 0.0240887 -0.0118734 
44951.5 3.68105e+15 0.0241212 -0.0137187 
44963.3 3.68187e+15 0.0241481 -0.0144605 
44975 3.68118e+15 0.0241583 -0.0140125 
44986.8 3.67866e+15 0.0241459 -0.012388 
44998.5 3.67455e+15 0.024112 -0.00970129 
45010.3 3.66957e+15 0.0240644 -0.00615986 
45022 3.66468e+15 0.0240148 -0.00204861 
45033.8 3.66082e+15 0.0239755 0.00229334 
45045.5 3.65859e+15 0.0239555 0.00650111 
45057.3 3.65806e+15 0.0239576 0.0102152 
45069.1 3.65882e+15 0.023978 0.0131128 
45080.8 3.66005e+15 0.0240073 0.0149365 
45092.6 3.6608e+15 0.0240336 0.0155175 
45104.3 3.66029e+15 0.0240459 0.0147916 
45116.1 3.65815e+15 0.0240376 0.012806 
45127.9 3.6545e+15 0.0240087 0.00971733 
45139.7 3.6499e+15 0.0239652 0.00577864 
45151.4 3.64522e+15 0.0239178 0.00131915 
45163.2 3.64132e+15 0.023878 -0.00328362 
45175 3.63882e+15 0.0238549 -0.00763606 
45186.7 3.63789e+15 0.0238526 -0.0113625 
45198.5 3.63825e+15 0.0238685 -0.014138 
45210.3 3.63919e+15 0.0238947 -0.0157173 
45222.1 3.63989e+15 0.0239201 -0.0159571 
45233.9 3.63956e+15 0.023934 -0.0148292 
45245.7 3.63778e+15 0.0239295 -0.0124244 
45257.4 3.63454e+15 0.0239051 -0.00894568 
45269.2 3.63031e+15 0.0238656 -0.00469092 
45281 3.62581e+15 0.0238203 -2.78291e-05 
45292.8 3.62187e+15 0.0237803 0.00463818 
45304.6 3.61912e+15 0.0237548 0.00889964 
45316.4 3.61783e+15 0.0237485 0.0123833 
45328.2 3.61782e+15 0.0237603 0.0147836 
45340 3.61853e+15 0.0237835 0.0158905 
45351.8 3.61918e+15 0.0238079 0.0156088 
45363.6 3.61902e+15 0.0238231 0.013967 
45375.4 3.61755e+15 0.0238217 0.0111156 
45387.2 3.61469e+15 0.0238013 0.00731307 
45399 3.61076e+15 0.0237654 0.00290259 
45410.8 3.60641e+15 0.0237223 -0.00171927 
45422.7 3.60243e+15 0.0236823 -0.00613917 
45434.5 3.59947e+15 0.0236548 -0.0099651 
45446.3 3.59788e+15 0.0236452 -0.0128625 
45458.1 3.59757e+15 0.0236534 -0.0145848 
45469.9 3.59809e+15 0.0236738 -0.0149955 
45481.8 3.59871e+15 0.0236971 -0.01408 
45493.6 3.59869e+15 0.0237133 -0.0119449 
45505.4 3.59748e+15 0.0237145 -0.00880667 
45517.2 3.59491e+15 0.0236974 -0.0049692 
45529.1 3.59122e+15 0.0236647 -0.000793573 
45540.9 3.587e+15 0.0236235 0.00333716 
45552.7 3.58299e+15 0.0235838 0.00705462 
45564.5 3.57987e+15 0.0235549 0.0100394 
45576.4 3.57805e+15 0.0235426 0.0120499 
45588.2 3.57753e+15 0.0235478 0.0129422 
45600.1 3.5779e+15 0.0235658 0.0126804 
45611.9 3.57849e+15 0.023588 0.0113354 
45623.7 3.57856e+15 0.0236046 0.00907383 
45635.6 3.57753e+15 0.0236076 0.00613758 
45647.4 3.57517e+15 0.0235933 0.00281738 
45659.3 3.57167e+15 0.0235632 -0.000577312 
45671.1 3.56755e+15 0.023524 -0.00374842 
45683 3.56355e+15 0.0234849 -0.00643644 
45694.8 3.56035e+15 0.0234551 -0.00844206 
45706.7 3.5584e+15 0.0234409 -0.00964028 
45718.5 3.55772e+15 0.0234436 -0.00998621 
45730.4 3.55798e+15 0.0234594 -0.0095126 
45742.3 3.55852e+15 0.0234803 -0.00831986 
45754.1 3.55861e+15 0.0234968 -0.00656058 
45766 3.55767e+15 0.023501 -0.00442046 
45777.9 3.55544e+15 0.0234888 -0.00209815 
45789.7 3.55208e+15 0.0234611 0.000213743 
45801.6 3.54808e+15 0.0234238 0.00234462 
45813.5 3.54415e+15 0.0233857 0.00415751 
45825.3 3.54096e+15 0.0233557 0.00555569 
45837.2 3.53894e+15 0.0233402 0.00648433 
45849.1 3.53817e+15 0.0233409 0.00692781 
45861 3.5383e+15 0.0233545 0.00690392 
45872.9 3.53873e+15 0.0233738 0.0064561 
45884.7 3.53877e+15 0.0233898 0.0056453 
45896.6 3.53784e+15 0.0233946 0.00454247 
45908.5 3.5357e+15 0.0233839 0.00322272 
45920.4 3.53247e+15 0.0233584 0.00176145 
45932.3 3.52864e+15 0.0233233 0.000232496 
45944.2 3.52485e+15 0.0232866 -0.00129214 
45956.1 3.52174e+15 0.0232569 -0.00274177 
45968 3.51972e+15 0.0232405 -0.00404638 
45979.9 3.51885e+15 0.0232393 -0.00513689 
45991.7 3.51882e+15 0.0232507 -0.0059468 
46003.6 3.51908e+15 0.0232681 -0.0064155 
46015.5 3.51898e+15 0.023283 -0.00649322 
46027.5 3.51802e+15 0.0232881 -0.00614719 
46039.4 3.51595e+15 0.023279 -0.00536796 
46051.3 3.51291e+15 0.0232557 -0.00417512 
46063.2 3.5093e+15 0.023223 -0.00262116 
46075.1 3.50572e+15 0.023188 -0.000792488 
46087 3.50274e+15 0.0231589 0.00119306 
46098.9 3.50071e+15 0.0231417 0.00319249 
46110.8 3.49969e+15 0.0231386 0.0050477 
46122.7 3.49944e+15 0.0231475 0.00659836 
46134.7 3.49946e+15 0.0231627 0.00769674 
46146.6 3.49921e+15 0.0231765 0.00822282 
46158.5 3.49821e+15 0.0231818 0.00809815 
46170.4 3.49627e+15 0.0231742 0.00729664 
46182.4 3.49347e+15 0.0231535 0.00585111 
46194.3 3.49015e+15 0.0231232 0.00385428 
46206.2 3.48681e+15 0.0230901 0.00145389 
46218.1 3.48393e+15 0.0230615 -0.00115801 
46230.1 3.48185e+15 0.0230433 -0.00376072 
46242 3.48062e+15 0.023038 -0.00612435 
46254 3.48009e+15 0.0230444 -0.00803105 
46265.9 3.47985e+15 0.0230575 -0.00929606 
46277.8 3.47945e+15 0.0230703 -0.00978646 
46289.8 3.47849e+15 0.0230761 -0.00943557 
46301.7 3.47675e+15 0.0230704 -0.00825143 
46313.7 3.47425e+15 0.0230522 -0.00631839 
46325.6 3.47125e+15 0.0230245 -0.00379142 
46337.6 3.46812e+15 0.0229929 -0.000883501 
46349.5 3.46528e+15 0.0229643 0.00215288 
46361.5 3.46304e+15 0.0229447 0.0050483 
46373.4 3.46154e+15 0.0229371 0.0075411 
46385.4 3.46069e+15 0.022941 0.0094018 
46397.3 3.46023e+15 0.0229523 0.0104548 
46409.3 3.45976e+15 0.0229647 0.0105957 
46421.3 3.45893e+15 0.0229715 0.00980119 
46433.2 3.45748e+15 0.022968 0.00813308 
46445.2 3.45532e+15 0.0229523 0.00573285 
46457.2 3.45259e+15 0.0229266 0.00280972 
46469.1 3.44958e+15 0.0228959 -0.000378098 
46481.1 3.44666e+15 0.0228668 -0.00354662 
46493.1 3.44418e+15 0.0228454 -0.00641198 
46505 3.44236e+15 0.0228355 -0.00871636 
46517 3.44125e+15 0.0228374 -0.0102517 
46529 3.44065e+15 0.0228476 -0.010879 
46541 3.44026e+15 0.0228603 -0.010541 
46553 3.43967e+15 0.0228687 -0.00926776 
46564.9 3.43854e+15 0.0228674 -0.00717405 
46576.9 3.43668e+15 0.0228538 -0.00444888 
46588.9 3.43412e+15 0.0228293 -0.00133824 
46600.9 3.43108e+15 0.0227985 0.00187738 
46612.9 3.42796e+15 0.0227682 0.00490872 
46624.9 3.42519e+15 0.0227448 0.00748423 
46636.9 3.42309e+15 0.022733 0.00937491 
46648.9 3.42181e+15 0.0227337 0.0104151 
46660.9 3.42124e+15 0.022744 0.0105176 
46672.9 3.42105e+15 0.0227579 0.0096811 
46684.9 3.42077e+15 0.0227682 0.00798981 
46696.9 3.41994e+15 0.0227687 0.00560532 
46708.9 3.41827e+15 0.0227564 0.00275096 
46720.9 3.41572e+15 0.0227319 -0.000309316 
46732.9 3.41251e+15 0.0227001 -0.00329575 
46744.9 3.4091e+15 0.022668 -0.00593887 
46756.9 3.40604e+15 0.022643 -0.00800445 
46768.9 3.40377e+15 0.0226302 -0.0093148 
46781 3.4025e+15 0.0226309 -0.00976466 
46793 3.40212e+15 0.0226424 -0.00932988 
46805 3.40223e+15 0.022658 -0.00806849 
46817 3.40226e+15 0.02267 -0.00611375 
46829 3.40163e+15 0.0226716 -0.00366035 
46841.1 3.39998e+15 0.0226592 -0.000944735 
46853.1 3.39725e+15 0.0226336 0.00177801 
46865.1 3.39375e+15 0.0226 0.00425878 
46877.2 3.39005e+15 0.0225662 0.00627796 
46889.2 3.38681e+15 0.0225402 0.00766554 
46901.2 3.38454e+15 0.0225276 0.00831597 
46913.3 3.38346e+15 0.0225298 0.00819639 
46925.3 3.3834e+15 0.0225432 0.00734749 
46937.3 3.38384e+15 0.0225608 0.00587712 
46949.4 3.38409e+15 0.0225739 0.00394746 
46961.4 3.38348e+15 0.0225752 0.00175724 
46973.5 3.38165e+15 0.0225613 -0.000479171 
46985.5 3.3786e+15 0.0225335 -0.00255342 
46997.6 3.37478e+15 0.0224979 -0.00428342 
47009.6 3.37086e+15 0.022463 -0.00553012 
47021.7 3.3676e+15 0.0224374 -0.00620908 
47033.7 3.36554e+15 0.0224265 -0.00629595 
47045.8 3.36481e+15 0.0224311 -0.00582531 
47057.8 3.36512e+15 0.0224469 -0.00488343 
47069.9 3.36582e+15 0.0224659 -0.00359588 
47082 3.36611e+15 0.0224788 -0.00211172 
47094 3.36532e+15 0.0224785 -0.000585965 
47106.1 3.36314e+15 0.022462 0.000837289 
47118.2 3.35972e+15 0.0224315 0.0020394 
47130.2 3.35563e+15 0.0223943 0.00293768 
47142.3 3.35166e+15 0.0223594 0.00349081 
47154.4 3.3486e+15 0.0223355 0.00369893 
47166.4 3.34691e+15 0.0223275 0.00359853 
47178.5 3.34661e+15 0.0223352 0.00325325 
47190.6 3.34724e+15 0.0223531 0.00274206 
47202.7 3.34804e+15 0.0223725 0.00214652 
47214.7 3.34816e+15 0.0223838 0.00153894 
47226.8 3.34701e+15 0.0223805 0.000973251 
47238.9 3.3444e+15 0.0223607 0.000479596 
47251 3.34064e+15 0.0223278 6.33966e-05 
47263.1 3.33644e+15 0.0222899 -0.000291156 
47275.2 3.33264e+15 0.0222564 -0.000613916 
47287.3 3.32996e+15 0.0222356 -0.000939188 
47299.4 3.32874e+15 0.0222312 -0.00129537 
47311.5 3.32882e+15 0.0222419 -0.00169564 
47323.6 3.32962e+15 0.022261 -0.00213138 
47335.7 3.3303e+15 0.0222793 -0.00256958 
47347.8 3.33008e+15 0.0222878 -0.0029549 
47359.9 3.32846e+15 0.0222808 -0.0032164 
47372 3.32545e+15 0.0222576 -0.00327813 
47384.1 3.32151e+15 0.0222232 -0.00307207 
47396.2 3.3174e+15 0.0221859 -0.00255167 
47408.3 3.31395e+15 0.0221552 -0.00170368 
47420.4 3.31176e+15 0.0221382 -0.000556383 
47432.5 3.31098e+15 0.0221376 0.000817355 
47444.6 3.31132e+15 0.0221504 0.00230331 
47456.8 3.31208e+15 0.0221694 0.00375538 
47468.9 3.31245e+15 0.0221854 0.00501058 
47481 3.31176e+15 0.0221902 0.00590802 
47493.1 3.30971e+15 0.0221793 0.00630941 
47505.2 3.30643e+15 0.0221537 0.00611867 
47517.4 3.3025e+15 0.0221188 0.0052978 
47529.5 3.29868e+15 0.0220835 0.00387681 
47541.6 3.2957e+15 0.0220564 0.00195591 
47553.8 3.29397e+15 0.0220433 -0.000300743 
47565.9 3.29351e+15 0.0220457 -0.00267944 
47578 3.29389e+15 0.0220594 -0.00493822 
47590.2 3.29442e+15 0.0220772 -0.00683269 
47602.3 3.29438e+15 0.02209 -0.00814363 
47614.4 3.29325e+15 0.022091 -0.00870296 
47626.6 3.29088e+15 0.022077 -0.00841506 
47638.7 3.28754e+15 0.0220499 -0.00727066 
47650.9 3.28381e+15 0.0220159 -0.00535153 
47663 3.28039e+15 0.0219833 -0.00282496 
47675.2 3.27785e+15 0.0219598 7.13811e-05 
47687.3 3.27646e+15 0.0219502 0.00305299 
47699.5 3.27612e+15 0.0219544 0.00581777 
47711.6 3.27636e+15 0.021968 0.00807795 
47723.8 3.27656e+15 0.0219837 0.0095911 
47736 3.27612e+15 0.0219933 0.0101868 
47748.1 3.27467e+15 0.021991 0.009786 
47760.3 3.27217e+15 0.0219748 0.00841079 
47772.5 3.26895e+15 0.0219474 0.00618359 
47784.6 3.26552e+15 0.0219149 0.00331557 
47796.8 3.26248e+15 0.0218851 8.57324e-05 
47809 3.26026e+15 0.0218648 -0.00318738 
47821.1 3.25903e+15 0.0218575 -0.00617816 
47833.3 3.25863e+15 0.0218627 -0.00858726 
47845.5 3.25863e+15 0.0218755 -0.0101723 
47857.7 3.25852e+15 0.021889 -0.0107727 
47869.8 3.2578e+15 0.0218959 -0.010326 
47882 3.25622e+15 0.0218913 -0.00887409 
47894.2 3.25378e+15 0.0218739 -0.00655914 
47906.4 3.25076e+15 0.0218467 -0.00360883 
47918.6 3.24762e+15 0.0218158 -0.000313311 
47930.8 3.24482e+15 0.0217882 0.00300401 
47943 3.24274e+15 0.0217702 0.00601895 
47955.1 3.24149e+15 0.0217644 0.00843879 
47967.3 3.24094e+15 0.02177 0.0100311 
47979.5 3.24074e+15 0.0217821 0.0106465 
47991.7 3.24045e+15 0.0217941 0.0102325 
48003.9 3.23965e+15 0.0217992 0.00883791 
48016.1 3.2381e+15 0.021793 0.00660727 
48028.3 3.23579e+15 0.0217748 0.0037653 
48040.5 3.23294e+15 0.0217477 0.000594082 
48052.7 3.22993e+15 0.0217176 -0.00259541 
48065 3.2272e+15 0.0216914 -0.00549426 
48077.2 3.22508e+15 0.0216748 -0.00782591 
48089.4 3.22375e+15 0.0216704 -0.00937297 
48101.6 3.2231e+15 0.0216766 -0.00999767 
48113.8 3.22285e+15 0.0216887 -0.00965428 
48126 3.22257e+15 0.0217001 -0.00839218 
48138.2 3.22184e+15 0.021704 -0.00634952 
48150.5 3.22039e+15 0.0216966 -0.00373813 
48162.7 3.21815e+15 0.0216771 -0.00082147 
48174.9 3.2153e+15 0.0216492 0.00211221 
48187.1 3.21223e+15 0.0216191 0.00477869 
48199.4 3.2094e+15 0.0215936 0.00692565 
48211.6 3.20721e+15 0.0215784 0.00835695 
48223.8 3.20586e+15 0.0215757 0.00895074 
48236.1 3.20529e+15 0.0215836 0.00866993 
48248.3 3.20519e+15 0.0215968 0.00756399 
48260.5 3.20508e+15 0.0216081 0.00576212 
48272.8 3.20448e+15 0.021611 0.00345857 
48285 3.20303e+15 0.0216014 0.000891822 
48297.3 3.20067e+15 0.0215797 -0.00168014 
48309.5 3.19761e+15 0.0215499 -0.004006 
48321.8 3.19432e+15 0.021519 -0.00586601 
48334 3.19135e+15 0.0214944 -0.00709302 
48346.3 3.18918e+15 0.0214815 -0.00758783 
48358.5 3.18802e+15 0.0214819 -0.00732722 
48370.8 3.18776e+15 0.0214927 -0.00636406 
48383 3.18798e+15 0.0215075 -0.00481981 
48395.3 3.18808e+15 0.0215187 -0.00287008 
48407.5 3.18748e+15 0.0215193 -0.000725175 
48419.8 3.18582e+15 0.0215062 0.00139255 
48432.1 3.18309e+15 0.0214807 0.00327184 
48444.3 3.17964e+15 0.0214483 0.00473397 
48456.6 3.1761e+15 0.021417 0.00565018 
48468.9 3.17312e+15 0.0213945 0.00595335 
48481.1 3.17121e+15 0.0213856 0.00564293 
48493.4 3.17051e+15 0.0213906 0.00478255 
48505.7 3.17074e+15 0.0214051 0.00349091 
48518 3.17131e+15 0.0214214 0.00192697 
48530.2 3.17148e+15 0.0214309 0.000271229 
48542.5 3.17062e+15 0.0214274 -0.00129483 
48554.8 3.16845e+15 0.021409 -0.00260876 
48567.1 3.16515e+15 0.0213788 -0.0035445 
48579.4 3.16129e+15 0.0213441 -0.00402502 
48591.7 3.15764e+15 0.0213139 -0.00402906 
48604 3.15495e+15 0.0212956 -0.00359123 
48616.3 3.15362e+15 0.0212928 -0.00279558 
48628.5 3.15359e+15 0.0213035 -0.00176356 
48640.8 3.15436e+15 0.0213214 -0.000637805 
48653.1 3.15511e+15 0.0213373 0.000436158 
48665.4 3.15502e+15 0.0213428 0.00132806 
48677.7 3.15355e+15 0.0213329 0.0019387 
48690 3.15064e+15 0.0213079 0.00221153 
48702.3 3.14673e+15 0.0212733 0.00213842 
48714.6 3.14264e+15 0.0212382 0.00175922 
48727 3.13924e+15 0.0212118 0.00115489 
48739.3 3.1372e+15 0.0212004 0.000435369 
48751.6 3.13671e+15 0.021205 -0.000276398 
48763.9 3.13741e+15 0.0212213 -0.000862068 
48776.2 3.13851e+15 0.0212406 -0.0012249 
48788.5 3.13906e+15 0.0212533 -0.00130379 
48800.8 3.13832e+15 0.0212519 -0.00108249 
48813.2 3.13596e+15 0.0212338 -0.000592576 
48825.5 3.13225e+15 0.0212023 9.02549e-05 
48837.8 3.12794e+15 0.0211653 0.000856236 
48850.1 3.124e+15 0.021133 0.00157674 
48862.5 3.12128e+15 0.0211135 0.00212268 
48874.8 3.1202e+15 0.0211109 0.00238362 
48887.1 3.12062e+15 0.0211231 0.00228506 
48899.5 3.12183e+15 0.0211428 0.0018014 
48911.8 3.12286e+15 0.0211603 0.00096259 
48924.1 3.12277e+15 0.0211662 -0.000146637 
48936.5 3.12104e+15 0.0211556 -0.00139527 
48948.8 3.1177e+15 0.0211291 -0.00262132 
48961.2 3.1134e+15 0.0210932 -0.00365232 
48973.5 3.10911e+15 0.0210574 -0.00432826 
48985.9 3.1058e+15 0.0210315 -0.00452421 
48998.2 3.10412e+15 0.0210216 -0.00416946 
49010.6 3.10412e+15 0.0210282 -0.00326039 
49022.9 3.10524e+15 0.0210459 -0.00186526 
49035.3 3.10653e+15 0.0210655 -0.000119681 
49047.6 3.10697e+15 0.021077 0.00178687 
49060 3.10584e+15 0.0210734 0.00363223 
49072.3 3.10299e+15 0.0210529 0.00518794 
49084.7 3.09888e+15 0.02102 0.00624773 
49097.1 3.09443e+15 0.0209834 0.00665442 
49109.4 3.0907e+15 0.020953 0.00632178 
49121.8 3.08846e+15 0.0209368 0.00524841 
49134.2 3.08798e+15 0.0209373 0.00352158 
49146.5 3.08885e+15 0.0209513 0.0013102 
49158.9 3.09022e+15 0.0209707 -0.00115251 
49171.3 3.09102e+15 0.0209856 -0.00359471 
49183.7 3.09041e+15 0.0209876 -0.00573712 
49196 3.08806e+15 0.0209732 -0.00732597 
49208.4 3.08427e+15 0.0209447 -0.0081636 
49220.8 3.07985e+15 0.0209093 -0.00813308 
49233.2 3.07585e+15 0.0208767 -0.00721367 
49245.6 3.07316e+15 0.0208556 -0.00548518 
49258 3.0722e+15 0.0208504 -0.00312049 
49270.3 3.07274e+15 0.0208598 -0.000367203 
49282.7 3.07403e+15 0.0208773 0.00247973 
49295.1 3.07503e+15 0.0208934 0.00511096 
49307.5 3.07483e+15 0.0208995 0.00723756 
49319.9 3.07294e+15 0.0208904 0.00862362 
49332.3 3.06951e+15 0.0208666 0.00911282 
49344.7 3.06525e+15 0.0208339 0.00864595 
49357.1 3.06114e+15 0.0208011 0.00726748 
49369.5 3.05814e+15 0.020777 0.00512045 
49381.9 3.05677e+15 0.0207671 0.00243048 
49394.3 3.05695e+15 0.0207719 -0.000519162 
49406.8 3.05805e+15 0.0207862 -0.00341866 
49419.2 3.05911e+15 0.0208019 -0.00596508 
49431.6 3.05916e+15 0.0208101 -0.00789473 
49444 3.05766e+15 0.0208051 -0.00901069 
49456.4 3.0546e+15 0.0207858 -0.00920276 
49468.8 3.05056e+15 0.0207565 -0.00845784 
49481.3 3.04648e+15 0.0207249 -0.00685986 
49493.7 3.0433e+15 0.0206996 -0.00457957 
49506.1 3.04162e+15 0.0206865 -0.00185542 
49518.5 3.04147e+15 0.0206871 0.00103202 
49531 3.04234e+15 0.020698 0.0037895 
49543.4 3.04333e+15 0.0207119 0.00614114 
49555.8 3.04352e+15 0.0207206 0.00785604 
49568.3 3.04228e+15 0.0207182 0.00877069 
49580.7 3.03954e+15 0.0207026 0.0088042 
49593.1 3.03576e+15 0.0206768 0.00796489 
49605.6 3.0318e+15 0.0206475 0.00634783 
49618 3.02857e+15 0.0206224 0.00412394 
49630.5 3.02669e+15 0.0206076 0.00152174 
49642.9 3.02628e+15 0.0206051 -0.00119622 
49655.3 3.02691e+15 0.0206127 -0.00375978 
49667.8 3.02777e+15 0.0206241 -0.00591795 
49680.2 3.02796e+15 0.020632 -0.00746335 
49692.7 3.02688e+15 0.0206306 -0.00825202 
49705.2 3.02437e+15 0.0206176 -0.00821675 
49717.6 3.02083e+15 0.020595 -0.00737267 
49730.1 3.01705e+15 0.0205684 -0.00581477 
49742.5 3.01387e+15 0.0205447 -0.0037075 
49755 3.01191e+15 0.0205295 -0.00126766 
49767.5 3.01133e+15 0.0205252 0.00125771 
49779.9 3.01175e+15 0.0205299 0.00361628 
49792.4 3.01243e+15 0.0205386 0.00557572 
49804.9 3.01255e+15 0.0205448 0.00694671 
49817.3 3.0115e+15 0.0205433 0.00760161 
49829.8 3.00914e+15 0.0205316 0.00748658 
49842.3 3.0058e+15 0.0205115 0.00662634 
49854.8 3.00221e+15 0.0204877 0.00512071 
49867.2 2.99916e+15 0.020466 0.00313364 
49879.7 2.99723e+15 0.0204516 0.000875621 
49892.2 2.99657e+15 0.0204466 -0.00141851 
49904.7 2.99684e+15 0.0204493 -0.00351414 
49917.2 2.99734e+15 0.0204554 -0.0052012 
49929.7 2.99731e+15 0.0204594 -0.00631573 
49942.1 2.9962e+15 0.0204567 -0.00675635 
49954.6 2.99389e+15 0.0204453 -0.00649398 
49967.1 2.9907e+15 0.0204268 -0.00557375 
49979.6 2.9873e+15 0.0204054 -0.00410901 
49992.1 2.98444e+15 0.0203862 -0.00226803 
50004.6 2.98262e+15 0.0203734 -0.000254995 
50017.1 2.98196e+15 0.0203686 0.0017126 
50029.6 2.98213e+15 0.0203702 0.00342778 
50042.1 2.98246e+15 0.0203742 0.00471632 
50054.6 2.98225e+15 0.0203758 0.00545508 
50067.2 2.98101e+15 0.0203712 0.0055844 
50079.7 2.97867e+15 0.0203592 0.00511317 
50092.2 2.97556e+15 0.0203415 0.00411623 
50104.7 2.97234e+15 0.020322 0.00272427 
50117.2 2.96969e+15 0.0203053 0.00110775 
50129.7 2.96804e+15 0.0202947 -0.000543599 
50142.2 2.96747e+15 0.0202909 -0.00204292 
50154.8 2.96758e+15 0.0202921 -0.00322772 
50167.3 2.96777e+15 0.0202945 -0.00397804 
50179.8 2.96736e+15 0.0202937 -0.00422927 
50192.3 2.96594e+15 0.0202869 -0.00397818 
50204.9 2.96351e+15 0.0202736 -0.00328146 
50217.4 2.96044e+15 0.0202561 -0.00224713 
50229.9 2.95737e+15 0.020238 -0.0010198 
50242.5 2.95493e+15 0.0202236 0.000238132 
50255 2.95349e+15 0.0202153 0.00136729 
50267.6 2.95304e+15 0.0202131 0.00223123 
50280.1 2.95317e+15 0.0202146 0.00273323 
50292.6 2.95323e+15 0.0202158 0.00282767 
50305.2 2.95262e+15 0.0202129 0.00252473 
50317.7 2.951e+15 0.0202038 0.00188777 
50330.3 2.94843e+15 0.0201889 0.00102376 
50342.8 2.94536e+15 0.0201709 6.80899e-05 
50355.4 2.94241e+15 0.0201538 -0.000834397 
50367.9 2.94018e+15 0.0201414 -0.00154947 
50380.5 2.93897e+15 0.0201354 -0.00197214 
50393.1 2.93868e+15 0.020135 -0.00204135 
50405.6 2.93884e+15 0.0201372 -0.00174858 
50418.2 2.9388e+15 0.0201378 -0.00113941 
50430.7 2.93801e+15 0.0201331 -0.000307473 
50443.3 2.93618e+15 0.0201218 0.000618355 
50455.9 2.93346e+15 0.0201051 0.00149186 
50468.4 2.93035e+15 0.0200863 0.00217021 
50481 2.92751e+15 0.0200698 0.00253471 
50493.6 2.92547e+15 0.020059 0.00250864 
50506.2 2.92448e+15 0.0200552 0.00206982 
50518.7 2.92436e+15 0.0200568 0.00125583 
50531.3 2.92458e+15 0.0200599 0.000161186 
50543.9 2.92447e+15 0.0200601 -0.00107355 
50556.5 2.92351e+15 0.020054 -0.00227946 
50569.1 2.92148e+15 0.0200407 -0.00328148 
50581.6 2.9186e+15 0.0200221 -0.00392237 
50594.2 2.91544e+15 0.0200023 -0.00408521 
50606.8 2.91267e+15 0.0199861 -0.00371133 
50619.4 2.9108e+15 0.0199767 -0.00281118 
50632 2.91003e+15 0.0199749 -0.0014663 
50644.6 2.91008e+15 0.0199783 0.000177987 
50657.2 2.91037e+15 0.0199825 0.00192868 
50669.8 2.91022e+15 0.0199826 0.00356808 
50682.4 2.9091e+15 0.0199753 0.00488097 
50695 2.90689e+15 0.0199602 0.00568238 
50707.6 2.90386e+15 0.0199398 0.00584266 
50720.2 2.90063e+15 0.019919 0.00530628 
50732.8 2.8979e+15 0.0199028 0.00410187 
50745.4 2.89619e+15 0.0198946 0.00234197 
50758.1 2.89561e+15 0.0198946 0.000212201 
50770.7 2.89583e+15 0.0198998 -0.00204905 
50783.3 2.89621e+15 0.0199051 -0.00417812 
50795.9 2.89603e+15 0.0199053 -0.00591745 
50808.5 2.89479e+15 0.019897 -0.00704711 
50821.1 2.8924e+15 0.0198802 -0.00741241 
50833.8 2.88922e+15 0.0198581 -0.00694432 
50846.4 2.88591e+15 0.0198363 -0.00566994 
50859 2.88322e+15 0.0198201 -0.00371153 
50871.7 2.88164e+15 0.0198129 -0.00127421 
50884.3 2.88124e+15 0.0198146 0.00137652 
50896.9 2.88163e+15 0.0198215 0.00394471 
50909.6 2.88211e+15 0.0198279 0.00613797 
50922.2 2.88192e+15 0.0198282 0.00770143 
50934.8 2.88057e+15 0.0198189 0.00844766 
50947.5 2.87802e+15 0.0198005 0.00827899 
50960.1 2.87468e+15 0.0197768 0.00719967 
50972.8 2.87129e+15 0.0197539 0.00531622 
50985.4 2.86861e+15 0.0197377 0.00282613 
50998.1 2.86714e+15 0.0197315 -3.87524e-06 
51010.7 2.86692e+15 0.0197348 -0.0028675 
51023.4 2.86748e+15 0.0197434 -0.00545291 
51036 2.86806e+15 0.0197509 -0.00747744 
51048.7 2.86789e+15 0.0197513 -0.00871878 
51061.3 2.86645e+15 0.0197412 -0.00903942 
51074 2.86373e+15 0.0197212 -0.00840149 
51086.6 2.86023e+15 0.0196958 -0.00687055 
51099.3 2.85674e+15 0.0196719 -0.004608 
51112 2.85406e+15 0.0196556 -0.00185321 
51124.6 2.8527e+15 0.0196504 0.0011027 
51137.3 2.85265e+15 0.0196554 0.00394827 
51150 2.8534e+15 0.0196657 0.00638492 
51162.7 2.8541e+15 0.0196744 0.00815845 
51175.3 2.85394e+15 0.0196749 0.00908534 
51188 2.85241e+15 0.0196638 0.00907135 
51200.7 2.84954e+15 0.0196421 0.00812057 
51213.4 2.84586e+15 0.019615 0.00633407 
51226.1 2.84225e+15 0.01959 0.00389865 
51238.7 2.83957e+15 0.0195736 0.0010669 
51251.4 2.83831e+15 0.0195695 -0.00186925 
51264.1 2.83845e+15 0.0195763 -0.0046086 
51276.8 2.83939e+15 0.0195885 -0.00687146 
51289.5 2.84023e+15 0.0195984 -0.00842788 
51302.2 2.84009e+15 0.019599 -0.00912073 
51314.9 2.83847e+15 0.0195868 -0.00888127 
51327.6 2.83542e+15 0.0195633 -0.00773578 
51340.3 2.83156e+15 0.0195343 -0.00580266 
51353 2.82782e+15 0.019508 -0.00328035 
51365.7 2.82513e+15 0.0194917 -0.000427151 
51378.4 2.82398e+15 0.0194888 0.0024649 
51391.1 2.82431e+15 0.0194976 0.00509965 
51403.8 2.82546e+15 0.0195119 0.00720702 
51416.5 2.82645e+15 0.0195231 0.00857063 
51429.2 2.82634e+15 0.0195237 0.00905019 
51442 2.82462e+15 0.0195103 0.00859633 
51454.7 2.82138e+15 0.0194847 0.00725613 
51467.4 2.81731e+15 0.0194537 0.00516878 
51480.1 2.81344e+15 0.0194261 0.00255165 
51492.8 2.81073e+15 0.0194098 -0.000322018 
51505.6 2.80971e+15 0.0194082 -0.00315145 
51518.3 2.81025e+15 0.0194192 -0.00563994 
51531 2.81162e+15 0.0194357 -0.00752637 
51543.7 2.81276e+15 0.0194483 -0.00861313 
51556.5 2.81268e+15 0.019449 -0.00878766 
51569.2 2.81085e+15 0.0194342 -0.00803479 
51582 2.8074e+15 0.0194064 -0.0064388 
51594.7 2.80312e+15 0.0193731 -0.00417448 
51607.4 2.79911e+15 0.0193442 -0.00148831 
51620.2 2.79639e+15 0.0193278 0.0013284 
51632.9 2.7955e+15 0.0193277 0.00397143 
51645.7 2.79626e+15 0.0193412 0.00615714 
51658.4 2.79787e+15 0.0193601 0.00765365 
51671.2 2.79917e+15 0.0193742 0.00830638 
51683.9 2.79911e+15 0.019375 0.0080548 
51696.7 2.79715e+15 0.0193588 0.00693857 
51709.4 2.7935e+15 0.0193285 0.00509247 
51722.2 2.789e+15 0.0192928 0.00273043 
51734.9 2.78485e+15 0.0192622 0.000120784 
51747.7 2.78212e+15 0.0192459 -0.00244452 
51760.5 2.78136e+15 0.0192473 -0.00468315 
51773.2 2.78235e+15 0.0192633 -0.00635421 
51786 2.78419e+15 0.0192848 -0.00728494 
51798.8 2.78564e+15 0.0193006 -0.00738926 
51811.5 2.7856e+15 0.0193015 -0.00667617 
51824.3 2.78353e+15 0.0192838 -0.00524696 
51837.1 2.77966e+15 0.0192511 -0.0032818 
51849.9 2.77494e+15 0.0192127 -0.00101748 
51862.6 2.77065e+15 0.0191805 0.00128115 
51875.4 2.76792e+15 0.019164 0.00335241 
51888.2 2.76729e+15 0.0191669 0.00496813 
51901 2.7685e+15 0.0191855 0.00595938 
51913.8 2.77058e+15 0.0192098 0.00623473 
51926.6 2.77219e+15 0.0192275 0.00578897 
51939.3 2.77217e+15 0.0192286 0.00470137 
51952.1 2.76999e+15 0.0192095 0.003124 
51964.9 2.76591e+15 0.0191741 0.00126155 
51977.7 2.76098e+15 0.019133 -0.000654677 
51990.5 2.75654e+15 0.0190989 -0.00239532 
52003.3 2.75379e+15 0.0190822 -0.00376062 
52016.1 2.75328e+15 0.0190866 -0.00460378 
52028.9 2.75471e+15 0.0191079 -0.00484729 
52041.7 2.75702e+15 0.019135 -0.00449026 
52054.5 2.75879e+15 0.0191547 -0.00360611 
52067.3 2.75881e+15 0.0191562 -0.00233106 
52080.2 2.75653e+15 0.0191357 -0.000845026 
52093 2.75226e+15 0.0190977 0.000652559 
52105.8 2.7471e+15 0.0190537 0.00196879 
52118.6 2.7425e+15 0.0190175 0.00294193 
52131.4 2.73973e+15 0.0190004 0.00346138 
52144.2 2.73933e+15 0.0190063 0.00348072 
52157.1 2.74097e+15 0.0190303 0.00302192 
52169.9 2.74351e+15 0.0190604 0.0021706 
52182.7 2.74546e+15 0.0190823 0.0010629 
52195.5 2.74553e+15 0.0190843 -0.000134184 
52208.4 2.74315e+15 0.0190625 -0.00124619 
52221.2 2.73869e+15 0.0190218 -0.0021153 
52234 2.73331e+15 0.0189748 -0.00262189 
52246.9 2.72855e+15 0.0189365 -0.00270052 
52259.7 2.72572e+15 0.0189188 -0.00234839 
52272.6 2.72542e+15 0.018926 -0.00162513 
52285.4 2.72727e+15 0.0189527 -0.000643884 
52298.2 2.73005e+15 0.018986 0.00044498 
52311.1 2.73219e+15 0.0190102 0.00147527 
52323.9 2.73233e+15 0.0190129 0.00228865 
52336.8 2.72987e+15 0.0189898 0.00275719 
52349.6 2.72521e+15 0.0189465 0.00280188 
52362.5 2.7196e+15 0.0188963 0.00240429 
52375.3 2.71465e+15 0.0188557 0.00161 
52388.2 2.71178e+15 0.0188374 0.000523029 
52401.1 2.71157e+15 0.0188458 -0.000707804 
52413.9 2.71363e+15 0.0188753 -0.00190898 
52426.8 2.71667e+15 0.0189118 -0.00290603 
52439.6 2.71901e+15 0.0189384 -0.00354768 
52452.5 2.71922e+15 0.0189419 -0.00372734 
52465.4 2.71668e+15 0.0189175 -0.00339866 
52478.3 2.71181e+15 0.0188715 -0.00258328 
52491.1 2.70594e+15 0.0188182 -0.00136956 
52504 2.70081e+15 0.0187751 9.77449e-05 
52516.9 2.69788e+15 0.0187561 0.00163535 
52529.8 2.69778e+15 0.0187659 0.00304478 
52542.6 2.70007e+15 0.0187982 0.00413796 
52555.5 2.70337e+15 0.0188379 0.00476191 
52568.4 2.70592e+15 0.018867 0.00481916 
52581.3 2.70619e+15 0.0188712 0.00428134 
52594.2 2.70355e+15 0.0188456 0.00319412 
52607.1 2.69846e+15 0.0187967 0.00167279 
52620 2.69233e+15 0.0187402 -0.000110852 
52632.9 2.68701e+15 0.0186948 -0.00194888 
52645.7 2.68404e+15 0.0186752 -0.00362217 
52658.6 2.68407e+15 0.0186864 -0.00492689 
52671.5 2.68661e+15 0.0187215 -0.00569923 
52684.4 2.69019e+15 0.0187645 -0.0058355 
52697.4 2.69292e+15 0.018796 -0.00530497 
52710.3 2.69324e+15 0.0188007 -0.00415415 
52723.2 2.69047e+15 0.0187737 -0.002502 
52736.1 2.68513e+15 0.018722 -0.000526607 
52749 2.67875e+15 0.0186623 0.00155484 
52761.9 2.67326e+15 0.0186147 0.0035106 
52774.8 2.67028e+15 0.0185947 0.00512049 
52787.7 2.67046e+15 0.0186074 0.00620054 
52800.7 2.67327e+15 0.0186455 0.00662357 
52813.6 2.67712e+15 0.0186917 0.00633337 
52826.5 2.68002e+15 0.0187253 0.00535106 
52839.4 2.68033e+15 0.0187304 0.00377299 
52852.3 2.6774e+15 0.0187017 0.0017606 
52865.3 2.6718e+15 0.0186471 -0.000476605 
52878.2 2.66518e+15 0.0185845 -0.00270316 
52891.1 2.65955e+15 0.0185349 -0.00468231 
52904.1 2.65661e+15 0.0185148 -0.00620088 
52917 2.65699e+15 0.0185293 -0.0070916 
52929.9 2.66007e+15 0.0185704 -0.00725086 
52942.9 2.66417e+15 0.0186194 -0.00664999 
52955.8 2.66719e+15 0.0186548 -0.00533895 
52968.8 2.66745e+15 0.0186598 -0.00344221 
52981.7 2.66432e+15 0.0186294 -0.00114705 
52994.7 2.65846e+15 0.018572 0.00131469 
53007.6 2.65162e+15 0.0185066 0.00368943 
53020.6 2.64592e+15 0.0184555 0.00572744 
53033.5 2.64307e+15 0.0184357 0.00720847 
53046.5 2.64368e+15 0.0184522 0.00796508 
53059.4 2.64703e+15 0.0184961 0.00790111 
53072.4 2.65133e+15 0.0185478 0.00700361 
53085.4 2.65441e+15 0.0185845 0.00534648 
53098.3 2.65457e+15 0.018589 0.00308537 
53111.3 2.65121e+15 0.0185566 0.000443972 
53124.3 2.64511e+15 0.0184965 -0.00230738 
53137.2 2.63811e+15 0.0184288 -0.0048787 
53150.2 2.63239e+15 0.0183767 -0.00699055 
53163.2 2.62969e+15 0.0183576 -0.0084043 
53176.1 2.63054e+15 0.0183762 -0.00894919 
53189.1 2.63413e+15 0.0184227 -0.00854322 
53202.1 2.63858e+15 0.0184765 -0.0072052 
53215.1 2.64166e+15 0.0185141 -0.00505619 
53228.1 2.64166e+15 0.0185178 -0.00230975 
53241.1 2.63808e+15 0.0184833 0.000748538 
53254 2.63176e+15 0.0184207 0.0037904 
53267 2.62465e+15 0.0183511 0.00648014 
53280 2.61898e+15 0.0182986 0.00851207 
53293 2.61646e+15 0.0182806 0.00964596 
53306 2.61755e+15 0.0183013 0.00973616 
53319 2.62135e+15 0.0183503 0.0087509 
53332 2.62589e+15 0.0184057 0.00677905 
53345 2.62891e+15 0.0184435 0.00402317 
53358 2.62873e+15 0.0184461 0.000779059 
53371 2.62492e+15 0.0184094 -0.00259605 
53384 2.61843e+15 0.0183446 -0.00572339 
53397 2.61128e+15 0.0182737 -0.00824602 
53410 2.60571e+15 0.0182212 -0.00987058 
53423.1 2.60339e+15 0.0182045 -0.0104025 
53436.1 2.60471e+15 0.0182275 -0.00977005 
53449.1 2.60867e+15 0.0182786 -0.00803472 
53462.1 2.61325e+15 0.0183353 -0.00538545 
53475.1 2.61616e+15 0.0183729 -0.00211812 
53488.1 2.61579e+15 0.0183739 0.00139805 
53501.2 2.61177e+15 0.0183351 0.00476304 
53514.2 2.60515e+15 0.0182684 0.00759261 
53527.2 2.59799e+15 0.0181965 0.00956328 
53540.3 2.59256e+15 0.0181444 0.0104504 
53553.3 2.59045e+15 0.0181295 0.0101543 
53566.3 2.59198e+15 0.0181547 0.00871225 
53579.4 2.59607e+15 0.0182076 0.00629372 
53592.4 2.60064e+15 0.0182651 0.00318005 
53605.4 2.60343e+15 0.0183021 -0.000268729 
53618.5 2.60286e+15 0.0183014 -0.00365642 
53631.5 2.59865e+15 0.0182604 -0.0065971 
53644.6 2.59193e+15 0.018192 -0.00875998 
53657.6 2.5848e+15 0.0181196 -0.00990734 
53670.7 2.57951e+15 0.0180683 -0.0099211 
53683.7 2.57762e+15 0.0180553 -0.00881509 
53696.8 2.57935e+15 0.0180828 -0.00673166 
53709.8 2.58355e+15 0.0181374 -0.00392327 
53722.9 2.58809e+15 0.0181954 -0.000721588 
53735.9 2.59074e+15 0.0182314 0.00250226 
53749 2.58996e+15 0.0182287 0.00538128 
53762.1 2.58557e+15 0.0181854 0.00759496 
53775.1 2.57876e+15 0.0181154 0.00890539 
53788.2 2.57167e+15 0.0180427 0.00918309 
53801.3 2.56655e+15 0.0179927 0.00841962 
53814.3 2.56487e+15 0.0179819 0.00672602 
53827.4 2.56681e+15 0.0180118 0.00431722 
53840.5 2.57111e+15 0.0180681 0.00148491 
53853.6 2.57563e+15 0.0181262 -0.00143797 
53866.6 2.57812e+15 0.0181608 -0.00411666 
53879.7 2.57712e+15 0.0181558 -0.00625332 
53892.8 2.57253e+15 0.01811 -0.0076204 
53905.9 2.56562e+15 0.0180385 -0.00808509 
53919 2.55858e+15 0.0179658 -0.0076221 
53932.1 2.55363e+15 0.0179175 -0.00631349 
53945.2 2.5522e+15 0.0179094 -0.00433605 
53958.2 2.55436e+15 0.0179419 -0.00193795 
53971.3 2.55879e+15 0.0179997 0.000592334 
53984.4 2.56327e+15 0.0180576 0.00296083 
53997.5 2.56558e+15 0.0180905 0.00490251 
54010.6 2.56433e+15 0.0180825 0.00621123 
54023.7 2.55951e+15 0.0180341 0.00676177 
54036.8 2.55248e+15 0.017961 0.00652155 
54049.9 2.54549e+15 0.0178888 0.00555101 
54063.1 2.54075e+15 0.0178426 0.00399294 
54076.2 2.53962e+15 0.0178377 0.00205246 
54089.3 2.54206e+15 0.0178732 -2.97032e-05 
54102.4 2.54662e+15 0.0179325 -0.00200706 
54115.5 2.55106e+15 0.0179899 -0.00365666 
54128.6 2.55314e+15 0.0180202 -0.00480441 
54141.7 2.55156e+15 0.0180088 -0.0053433 
54154.9 2.54645e+15 0.0179573 -0.00524288 
54168 2.53929e+15 0.0178828 -0.00454902 
54181.1 2.53238e+15 0.0178115 -0.00337462 
54194.2 2.52793e+15 0.0177683 -0.00188262 
54207.4 2.52718e+15 0.0177673 -0.000264052 
54220.5 2.52994e+15 0.017806 0.00128621 
54233.6 2.53465e+15 0.0178667 0.00259274 
54246.8 2.53898e+15 0.0179229 0.00351919 
54259.9 2.54074e+15 0.0179499 0.00398204 
54273.1 2.53876e+15 0.0179343 0.00395721 
54286.2 2.53331e+15 0.0178795 0.00347914 
54299.3 2.52604e+15 0.0178039 0.00263295 
54312.5 2.51929e+15 0.0177342 0.00154108 
54325.6 2.51522e+15 0.0176949 0.000346456 
54338.8 2.51493e+15 0.0176984 -0.000805641 
54351.9 2.51805e+15 0.0177406 -0.00178466 
54365.1 2.52287e+15 0.0178021 -0.00248894 
54378.2 2.52699e+15 0.0178562 -0.00285543 
54391.4 2.52833e+15 0.0178789 -0.00286429 
54404.6 2.52586e+15 0.0178586 -0.0025381 
54417.7 2.52006e+15 0.0178004 -0.00193643 
54430.9 2.51273e+15 0.0177243 -0.00114646 
54444.1 2.50626e+15 0.0176574 -0.000271431 
54457.2 2.50269e+15 0.0176228 0.000582024 
54470.4 2.50294e+15 0.0176314 0.00131589 
54483.6 2.5064e+15 0.0176769 0.00185105 
54496.7 2.51124e+15 0.0177386 0.00213491 
54509.9 2.51504e+15 0.0177895 0.00214571 
54523.1 2.51583e+15 0.017807 0.0018934 
54536.3 2.51282e+15 0.0177815 0.00141725 
54549.5 2.50671e+15 0.0177203 0.000780602 
54562.6 2.49944e+15 0.0176446 6.3348e-05 
54575.8 2.49337e+15 0.0175814 -0.000646966 
54589 2.49041e+15 0.0175525 -0.00126465 
54602.2 2.49121e+15 0.0175664 -0.00171511 
54615.4 2.49496e+15 0.0176147 -0.00194296 
54628.6 2.49968e+15 0.0176755 -0.0019183 
54641.8 2.50302e+15 0.0177222 -0.00164048 
54655 2.50318e+15 0.0177338 -0.00113897 
54668.2 2.49964e+15 0.017703 -0.000470964 
54681.4 2.49332e+15 0.0176394 0.000284027 
54694.6 2.48624e+15 0.0175653 0.00103251 
54707.8 2.48072e+15 0.0175069 0.00167735 
54721 2.47842e+15 0.0174842 0.00212932 
54734.2 2.47974e+15 0.0175033 0.0023185 
54747.4 2.48365e+15 0.0175535 0.00220426 
54760.6 2.4881e+15 0.0176123 0.00178238 
54773.8 2.49086e+15 0.0176537 0.00108829 
54787.1 2.49037e+15 0.017659 0.000195417 
54800.3 2.48637e+15 0.0176235 -0.000791372 
54813.5 2.47997e+15 0.0175585 -0.00174705 
54826.7 2.47325e+15 0.017487 -0.00254127 
54839.9 2.46835e+15 0.0174342 -0.00305525 
54853.2 2.4667e+15 0.0174179 -0.00319848 
54866.4 2.46844e+15 0.0174415 -0.00292305 
54879.6 2.47236e+15 0.0174926 -0.00223351 
54892.9 2.47642e+15 0.0175484 -0.00119033 
54906.1 2.47854e+15 0.017584 9.39228e-05 
54919.3 2.47744e+15 0.017583 0.00146575 
54932.6 2.4731e+15 0.0175433 0.00274845 
54945.8 2.46678e+15 0.017478 0.0037643 
54959.1 2.46051e+15 0.01741 0.00435859 
54972.3 2.45625e+15 0.0173633 0.0044222 
54985.5 2.45519e+15 0.0173532 0.0039096 
54998.8 2.45721e+15 0.0173805 0.00284932 
55012 2.461e+15 0.0174316 0.00134505 
55025.3 2.4646e+15 0.0174835 -0.000433539 
55038.6 2.4661e+15 0.0175131 -0.00226953 
55051.8 2.46448e+15 0.0175063 -0.00392515 
55065.1 2.45994e+15 0.0174633 -0.00517253 
55078.3 2.4538e+15 0.0173985 -0.00582487 
55091.6 2.44802e+15 0.0173347 -0.00576385 
55104.9 2.44437e+15 0.017294 -0.00495902 
55118.1 2.44377e+15 0.0172895 -0.00347648 
55131.4 2.44595e+15 0.0173198 -0.0014747 
55144.7 2.44954e+15 0.0173701 0.000812101 
55157.9 2.45266e+15 0.0174177 0.00310171 
55171.2 2.45362e+15 0.0174414 0.00509925 
55184.5 2.4516e+15 0.0174293 0.00653561 
55197.8 2.44695e+15 0.0173837 0.00720402 
55211 2.44106e+15 0.01732 0.00698955 
55224.3 2.43574e+15 0.0172606 0.00588745 
55237.6 2.43261e+15 0.0172258 0.00400746 
55250.9 2.43238e+15 0.0172264 0.001563 
55264.2 2.43463e+15 0.0172591 -0.0011535 
55277.5 2.438e+15 0.0173081 -0.00380656 
55290.8 2.44069e+15 0.0173514 -0.00605994 
55304.1 2.44119e+15 0.0173693 -0.0076201 
55317.4 2.43885e+15 0.0173524 -0.00827501 
55330.7 2.43415e+15 0.0173047 -0.00792294 
55344 2.42848e+15 0.0172425 -0.00658753 
55357.3 2.42357e+15 0.0171874 -0.00441676 
55370.6 2.42087e+15 0.0171583 -0.00166589 
55383.9 2.42095e+15 0.0171637 0.00133356 
55397.2 2.42328e+15 0.0171984 0.00421498 
55410.5 2.42646e+15 0.017246 0.00662255 
55423.8 2.42879e+15 0.0172849 0.00825601 
55437.1 2.42888e+15 0.0172972 0.00890862 
55450.4 2.42625e+15 0.0172756 0.00849327 
55463.8 2.42148e+15 0.017226 0.00705364 
55477.1 2.41597e+15 0.0171654 0.00475894 
55490.4 2.41142e+15 0.0171148 0.00188293 
55503.7 2.40914e+15 0.0170914 -0.00122989 
55517.1 2.40953e+15 0.0171015 -0.00420663 
55530.4 2.41197e+15 0.0171382 -0.00669161 
55543.7 2.41502e+15 0.0171841 -0.00838933 
55557 2.417e+15 0.0172185 -0.00909977 
55570.4 2.41668e+15 0.0172251 -0.00874164 
55583.7 2.41372e+15 0.0171987 -0.00736101 
55597.1 2.40882e+15 0.0171473 -0.00512453 
55610.4 2.40346e+15 0.0170884 -0.00229832 
55623.7 2.39927e+15 0.0170427 0.000784597 
55637.1 2.39744e+15 0.0170254 0.00376423 
55650.4 2.39822e+15 0.0170403 0.00629611 
55663.8 2.40081e+15 0.0170788 0.00809114 
55677.1 2.40373e+15 0.0171227 0.00894833 
55690.5 2.40533e+15 0.0171519 0.00877677 
55703.8 2.40452e+15 0.0171523 0.00760447 
55717.2 2.40115e+15 0.017121 0.0055735 
55730.5 2.3961e+15 0.017068 0.00292216 
55743.9 2.39091e+15 0.0170116 -4.34068e-05 
55757.3 2.38717e+15 0.0169716 -0.00298476 
55770.6 2.3859e+15 0.0169608 -0.00556975 
55784 2.38712e+15 0.0169807 -0.0075098 
55797.4 2.38987e+15 0.0170205 -0.0085917 
55810.7 2.39257e+15 0.0170615 -0.00870056 
55824.1 2.39367e+15 0.0170846 -0.00783154 
55837.5 2.39226e+15 0.0170782 -0.0060892 
55850.9 2.38845e+15 0.0170422 -0.00367484 
55864.2 2.38329e+15 0.0169884 -0.000863115 
55877.6 2.3784e+15 0.0169356 0.002029 
55891 2.37526e+15 0.0169021 0.00467784 
55904.4 2.37464e+15 0.0168984 0.006789 
55917.8 2.3763e+15 0.0169229 0.00812983 
55931.2 2.3791e+15 0.0169629 0.00855488 
55944.6 2.38142e+15 0.0169996 0.00802158 
55958 2.38186e+15 0.0170157 0.00659438 
55971.3 2.37978e+15 0.0170022 0.00443704 
55984.7 2.37558e+15 0.0169622 0.00179394 
55998.1 2.37049e+15 0.016909 -0.00103751 
56011.5 2.36609e+15 0.0168613 -0.00374021 
56024.9 2.36368e+15 0.0168353 -0.00601283 
56038.3 2.36374e+15 0.0168385 -0.00760329 
56051.8 2.36573e+15 0.0168664 -0.00833669 
56065.2 2.36837e+15 0.016905 -0.00813447 
56078.6 2.3701e+15 0.0169359 -0.00702284 
56092 2.36977e+15 0.0169444 -0.00512936 
56105.4 2.36708e+15 0.0169245 -0.00266842 
56118.8 2.36266e+15 0.0168818 8.30054e-05 
56132.2 2.35787e+15 0.016831 0.00281643 
56145.7 2.35415e+15 0.0167898 0.00522621 
56159.1 2.35253e+15 0.0167716 0.00704362 
56172.5 2.35315e+15 0.0167807 0.00806651 
56185.9 2.35524e+15 0.0168103 0.00818169 
56199.4 2.35747e+15 0.0168456 0.0073773 
56212.8 2.35847e+15 0.0168697 0.00574407 
56226.2 2.35739e+15 0.0168706 0.00346522 
56239.7 2.35425e+15 0.0168456 0.000796232 
56253.1 2.34988e+15 0.0168024 -0.00196338 
56266.5 2.34562e+15 0.0167557 -0.00450318 
56280 2.34269e+15 0.0167215 -0.00653628 
56293.4 2.34177e+15 0.0167105 -0.00783136 
56306.9 2.34271e+15 0.0167238 -0.00823882 
56320.3 2.34462e+15 0.016753 -0.00770815 
56333.8 2.34624e+15 0.0167836 -0.00629445 
56347.2 2.34648e+15 0.0168007 -0.00415342 
56360.7 2.34481e+15 0.0167952 -0.00152494 
56374.1 2.34151e+15 0.0167671 0.00129296 
56387.6 2.33747e+15 0.0167252 0.00397715 
56401 2.33387e+15 0.0166837 0.00621594 
56414.5 2.33166e+15 0.0166564 0.00774502 
56428 2.33121e+15 0.0166509 0.00837887 
56441.4 2.33217e+15 0.0166663 0.00803375 
56454.9 2.33367e+15 0.0166935 0.00673942 
56468.4 2.33463e+15 0.0167188 0.00463794 
56481.8 2.33425e+15 0.0167297 0.00196923 
56495.3 2.33228e+15 0.0167197 -0.000955431 
56508.8 2.3291e+15 0.0166904 -0.00378903 
56522.3 2.32555e+15 0.0166512 -0.00618978 
56535.7 2.32258e+15 0.0166149 -0.00786257 
56549.2 2.32088e+15 0.0165931 -0.00859581 
56562.7 2.32059e+15 0.0165912 -0.00828908 
56576.2 2.32133e+15 0.016607 -0.00696781 
56589.7 2.32233e+15 0.0166313 -0.00478276 
56603.2 2.32275e+15 0.0166519 -0.00199385 
56616.7 2.32203e+15 0.0166582 0.0010601 
56630.2 2.32005e+15 0.0166455 0.00400223 
56643.6 2.31718e+15 0.0166165 0.0064644 
56657.1 2.31411e+15 0.0165801 0.00813376 
56670.6 2.31157e+15 0.016548 0.00879346 
56684.1 2.31007e+15 0.0165299 0.00835173 
56697.6 2.30969e+15 0.01653 0.00685569 
56711.2 2.31011e+15 0.0165454 0.00448728 
56724.7 2.31071e+15 0.0165672 0.00154187 
56738.2 2.31086e+15 0.0165845 -0.00160835 
56751.7 2.31009e+15 0.0165879 -0.00456149 
56765.2 2.30828e+15 0.0165739 -0.00693776 
56778.7 2.30572e+15 0.0165453 -0.00842898 
56792.2 2.30294e+15 0.0165109 -0.00883948 
56805.8 2.30055e+15 0.0164813 -0.00811267 
56819.3 2.29899e+15 0.0164655 -0.00633952 
56832.8 2.29842e+15 0.0164668 -0.00374779 
56846.3 2.29861e+15 0.016482 -0.000672958 
56859.8 2.29908e+15 0.0165027 0.0024852 
56873.4 2.29923e+15 0.0165182 0.005315 
56886.9 2.29859e+15 0.0165199 0.00744706 
56900.4 2.29697e+15 0.0165046 0.00860317 
56914 2.29453e+15 0.0164755 0.00863327 
56927.5 2.29175e+15 0.0164415 0.00753551 
56941.1 2.28925e+15 0.0164132 0.00545654 
56954.6 2.28756e+15 0.0163991 0.00267212 
56968.1 2.28689e+15 0.0164022 -0.000449626 
56981.7 2.28712e+15 0.0164187 -0.00349709 
56995.2 2.28773e+15 0.0164397 -0.00606994 
57008.8 2.28807e+15 0.0164543 -0.00783218 
57022.3 2.28755e+15 0.0164541 -0.00855638 
57035.9 2.2859e+15 0.0164363 -0.0081534 
57049.5 2.2833e+15 0.0164053 -0.00668334 
57063 2.28028e+15 0.0163705 -0.00434664 
57076.6 2.27759e+15 0.0163432 -0.00145655 
57090.1 2.27587e+15 0.0163317 0.00160325 
57103.7 2.27539e+15 0.016338 0.00443 
57117.3 2.27593e+15 0.0163574 0.00665518 
57130.8 2.27686e+15 0.0163794 0.00799281 
57144.4 2.27736e+15 0.0163927 0.00827617 
57158 2.27674e+15 0.0163891 0.00747837 
57171.6 2.27477e+15 0.0163671 0.00571413 
57185.1 2.27174e+15 0.0163328 0.00322289 
57198.7 2.26841e+15 0.0162972 0.000335823 
57212.3 2.26568e+15 0.016272 -0.00256869 
57225.9 2.26423e+15 0.016265 -0.00511498 
57239.5 2.26424e+15 0.0162764 -0.00697879 
57253 2.26527e+15 0.0162993 -0.00792838 
57266.6 2.26648e+15 0.0163217 -0.0078528 
57280.2 2.26688e+15 0.0163319 -0.00677408 
57293.8 2.26583e+15 0.0163227 -0.00484198 
57307.4 2.26326e+15 0.0162951 -0.00231253 
57321 2.25975e+15 0.0162574 0.000486521 
57334.6 2.25627e+15 0.0162224 0.00319859 
57348.2 2.25382e+15 0.0162017 0.00548372 
57361.8 2.25297e+15 0.0162012 0.00706095 
57375.4 2.25366e+15 0.0162187 0.00774213 
57389 2.25514e+15 0.0162444 0.00745344 
57402.6 2.25634e+15 0.0162651 0.00624217 
57416.2 2.25628e+15 0.0162694 0.00426838 
57429.9 2.2545e+15 0.0162529 0.00178306 
57443.5 2.25126e+15 0.0162194 -0.000904255 
57457.1 2.24744e+15 0.0161801 -0.00346415 
57470.7 2.24417e+15 0.0161483 -0.0055873 
57484.3 2.24237e+15 0.0161346 -0.00702115 
57498 2.24234e+15 0.0161421 -0.00759893 
57511.6 2.24365e+15 0.0161649 -0.0072579 
57525.2 2.24527e+15 0.016191 -0.00604504 
57538.8 2.24607e+15 0.0162069 -0.00410987 
57552.5 2.24523e+15 0.0162033 -0.00168555 
57566.1 2.24264e+15 0.0161789 0.000939231 
57579.7 2.23892e+15 0.0161412 0.00345423 
57593.4 2.23516e+15 0.016103 0.00556359 
57607 2.2325e+15 0.0160775 0.0070197 
57620.7 2.23158e+15 0.0160725 0.00765122 
57634.3 2.23232e+15 0.0160873 0.00738234 
57648 2.23395e+15 0.0161132 0.00624128 
57661.6 2.2353e+15 0.0161365 0.00435701 
57675.2 2.23535e+15 0.0161451 0.00194488 
57688.9 2.23362e+15 0.0161326 -0.000717658 
57702.6 2.23039e+15 0.0161017 -0.00332213 
57716.2 2.22656e+15 0.0160626 -0.00556406 
57729.9 2.2233e+15 0.0160288 -0.00717772 
57743.5 2.22149e+15 0.0160115 -0.00796701 
57757.2 2.22142e+15 0.0160152 -0.00782887 
57770.9 2.22264e+15 0.0160354 -0.0067665 
57784.5 2.22416e+15 0.016061 -0.00489075 
57798.2 2.22488e+15 0.0160787 -0.00240909 
57811.9 2.22406e+15 0.0160785 0.0003966 
57825.5 2.2216e+15 0.0160581 0.00320148 
57839.2 2.21811e+15 0.0160234 0.00567481 
57852.9 2.21459e+15 0.0159862 0.00751861 
57866.6 2.21207e+15 0.0159591 0.00850334 
57880.2 2.2111e+15 0.0159506 0.00849652 
57893.9 2.21162e+15 0.0159612 0.0074804 
57907.6 2.2129e+15 0.0159837 0.00555666 
57921.3 2.21397e+15 0.0160061 0.00293688 
57935 2.21393e+15 0.0160165 -8.02712e-05 
57948.7 2.21237e+15 0.0160082 -0.00314274 
57962.4 2.20953e+15 0.0159821 -0.00588606 
57976.1 2.20616e+15 0.0159466 -0.00797669 
57989.8 2.20321e+15 0.0159137 -0.00915261 
58003.5 2.20143e+15 0.0158941 -0.00925622 
58017.2 2.20107e+15 0.0158931 -0.00825534 
58030.9 2.20179e+15 0.0159081 -0.00624957 
58044.6 2.20282e+15 0.0159302 -0.00346089 
58058.3 2.2033e+15 0.0159476 -0.000209302 
58072 2.20261e+15 0.0159508 0.00312377 
58085.7 2.20062e+15 0.015936 0.0061402 
58099.4 2.19775e+15 0.0159068 0.00847272 
58113.1 2.19473e+15 0.0158727 0.00982961 
58126.9 2.19235e+15 0.0158451 0.0100312 
58140.6 2.19111e+15 0.0158323 0.00903326 
58154.3 2.19103e+15 0.0158368 0.00693511 
58168 2.19168e+15 0.015854 0.00396989 
58181.7 2.19235e+15 0.0158741 0.000479134 
58195.5 2.19234e+15 0.0158864 -0.00312646 
58209.2 2.19127e+15 0.0158834 -0.00641511 
58222.9 2.18914e+15 0.0158639 -0.0089856 
58236.7 2.18641e+15 0.0158334 -0.0105161 
58250.4 2.18373e+15 0.0158016 -0.0108045 
58264.1 2.18174e+15 0.0157789 -0.009795 
58277.9 2.18076e+15 0.0157717 -0.00758769 
58291.6 2.18075e+15 0.0157803 -0.00442934 
58305.4 2.18126e+15 0.0157985 -0.000686404 
58319.1 2.18167e+15 0.0158163 0.00319714 
58332.9 2.18142e+15 0.0158241 0.00675225 
58346.6 2.18018e+15 0.015816 0.00954145 
58360.4 2.17804e+15 0.0157929 0.0112129 
58374.1 2.1754e+15 0.0157615 0.011545 
58387.9 2.17289e+15 0.0157319 0.0104762 
58401.6 2.17105e+15 0.0157136 0.00811578 
58415.4 2.17019e+15 0.0157113 0.00473332 
58429.2 2.17023e+15 0.0157235 0.000728794 
58442.9 2.17075e+15 0.0157427 -0.00341474 
58456.7 2.17112e+15 0.0157586 -0.00718944 
58470.5 2.17079e+15 0.0157621 -0.0101255 
58484.2 2.16944e+15 0.015749 -0.0118501 
58498 2.16717e+15 0.0157221 -0.012136 
58511.8 2.16444e+15 0.0156895 -0.0109316 
58525.6 2.16189e+15 0.015662 -0.00837053 
58539.4 2.16012e+15 0.0156482 -0.0047571 
58553.1 2.15945e+15 0.0156514 -0.000530387 
58566.9 2.15974e+15 0.0156679 0.00378954 
58580.7 2.16048e+15 0.0156884 0.00766636 
58594.5 2.16095e+15 0.015702 0.0106151 
58608.3 2.16051e+15 0.0157003 0.0122637 
58622.1 2.15886e+15 0.0156811 0.0124014 
58635.9 2.15622e+15 0.0156495 0.0110059 
58649.7 2.15318e+15 0.0156158 0.00824755 
58663.5 2.15056e+15 0.0155913 0.0044682 
58677.3 2.14903e+15 0.0155838 0.000138454 
58691.1 2.14883e+15 0.0155941 -0.00420191 
58704.9 2.14964e+15 0.0156156 -0.0080124 
58718.7 2.15073e+15 0.0156368 -0.0108203 
58732.5 2.15119e+15 0.0156462 -0.0122802 
58746.3 2.15035e+15 0.0156369 -0.0122177 
58760.1 2.14807e+15 0.0156099 -0.0106498 
58773.9 2.14481e+15 0.0155734 -0.00778199 
58787.7 2.14147e+15 0.0155401 -0.00398064 
58801.6 2.13904e+15 0.0155214 0.000274834 
58815.4 2.13813e+15 0.0155231 0.00445348 
58829.2 2.13875e+15 0.015542 0.0080402 
58843 2.14023e+15 0.0155678 0.0106002 
58856.9 2.1415e+15 0.015587 0.0118322 
58870.7 2.14155e+15 0.0155885 0.0116041 
58884.5 2.13986e+15 0.0155686 0.00996654 
58898.4 2.13663e+15 0.0155328 0.00714303 
58912.2 2.13277e+15 0.0154934 0.00349899 
58926 2.12948e+15 0.0154645 -0.000506584 
58939.9 2.12776e+15 0.0154561 -0.00437988 
58953.7 2.12796e+15 0.0154695 -0.00765389 
58967.6 2.12958e+15 0.0154967 -0.00994516 
58981.4 2.13151e+15 0.0155234 -0.0109986 
58995.2 2.13244e+15 0.0155354 -0.0107152 
59009.1 2.13147e+15 0.0155244 -0.00915964 
59023 2.1285e+15 0.0154922 -0.00654808 
59036.8 2.12433e+15 0.0154497 -0.00321723 
59050.7 2.12031e+15 0.0154123 0.00041956 
59064.5 2.11775e+15 0.0153938 0.00392428 
59078.4 2.11737e+15 0.0153998 0.00688718 
59092.2 2.11893e+15 0.0154253 0.00897441 
59106.1 2.12132e+15 0.0154568 0.00996486 
59120 2.12303e+15 0.0154779 0.00977222 
59133.8 2.12283e+15 0.0154765 0.00845035 
59147.7 2.12029e+15 0.0154502 0.0061821 
59161.6 2.11604e+15 0.0154073 0.00325367 
59175.5 2.11145e+15 0.0153638 1.81184e-05 
59189.3 2.10812e+15 0.0153361 -0.00314718 
59203.2 2.10708e+15 0.0153336 -0.00588408 
59217.1 2.10838e+15 0.0153551 -0.00789319 
59231 2.11102e+15 0.0153887 -0.00896526 
59244.9 2.11338e+15 0.0154169 -0.00900135 
59258.8 2.11392e+15 0.0154246 -0.00802015 
59272.6 2.11192e+15 0.0154054 -0.0061523 
59286.5 2.10776e+15 0.0153649 -0.00362295 
59300.4 2.10282e+15 0.0153179 -0.000724873 
59314.3 2.09883e+15 0.0152824 0.00221464 
59328.2 2.09713e+15 0.0152715 0.00486954 
59342.1 2.09806e+15 0.0152874 0.00694973 
59356 2.10075e+15 0.0153204 0.00823125 
59369.9 2.10355e+15 0.0153534 0.0085792 
59383.8 2.10475e+15 0.015369 0.00796111 
59397.8 2.10332e+15 0.0153574 0.00644979 
59411.7 2.09941e+15 0.015321 0.00421535 
59425.6 2.09431e+15 0.0152731 0.00150705 
59439.5 2.08983e+15 0.0152321 -0.00137296 
59453.4 2.08754e+15 0.0152135 -0.00410187 
59467.3 2.08801e+15 0.0152229 -0.00637101 
59481.2 2.09058e+15 0.0152533 -0.00791986 
59495.2 2.09364e+15 0.0152886 -0.00856561 
59509.1 2.09535e+15 0.0153102 -0.00822502 
59523 2.09446e+15 0.0153059 -0.00692598 
59537 2.09091e+15 0.0152748 -0.00480693 
59550.9 2.08583e+15 0.0152282 -0.00210376 
59564.8 2.08105e+15 0.015184 0.000874904 
59578.8 2.07827e+15 0.0151592 0.00378179 
59592.7 2.07828e+15 0.015162 0.0062708 
59606.6 2.0806e+15 0.0151883 0.00803818 
59620.6 2.08373e+15 0.0152235 0.00886013 
59634.5 2.08578e+15 0.0152491 0.0086221 
59648.5 2.08536e+15 0.0152511 0.00733576 
59662.4 2.08221e+15 0.0152259 0.00514107 
59676.4 2.07731e+15 0.0151824 0.00229247 
59690.3 2.07241e+15 0.0151372 -0.000869683 
59704.3 2.06928e+15 0.0151079 -0.00395939 
59718.2 2.06886e+15 0.0151047 -0.00659228 
59732.2 2.07086e+15 0.0151259 -0.00843405 
59746.1 2.07388e+15 0.0151591 -0.00924388 
59760.1 2.0761e+15 0.0151866 -0.00890698 
59774.1 2.07605e+15 0.0151935 -0.00745178 
59788 2.07331e+15 0.0151741 -0.00504899 
59802 2.06869e+15 0.0151348 -0.00199228 
59816 2.06385e+15 0.0150907 0.00133743 
59830 2.06053e+15 0.0150589 0.00451964 
59843.9 2.05974e+15 0.0150506 0.007148 
59857.9 2.06136e+15 0.0150664 0.00888294 
59871.9 2.06415e+15 0.0150962 0.00949648 
59885.9 2.06638e+15 0.0151237 0.00890298 
59899.9 2.06657e+15 0.0151337 0.00717164 
59913.8 2.06422e+15 0.0151196 0.00451892 
59927.8 2.05996e+15 0.0150852 0.00128154 
59941.8 2.05531e+15 0.0150438 -0.00212642 
59955.8 2.05193e+15 0.0150112 -0.0052669 
59969.8 2.05087e+15 0.0149992 -0.00773472 
59983.8 2.05211e+15 0.0150099 -0.00921043 
59997.8 2.05459e+15 0.0150353 -0.0095022 
60011.8 2.05669e+15 0.015061 -0.00857114 
60025.8 2.057e+15 0.0150727 -0.00653673 
60039.8 2.05496e+15 0.0150627 -0.0036616 
60053.8 2.05109e+15 0.0150334 -0.000317522 
60067.8 2.04673e+15 0.0149958 0.0030628 
60081.8 2.04343e+15 0.0149641 0.00604196 
60095.8 2.0422e+15 0.0149498 0.00823468 
60109.9 2.0431e+15 0.014956 0.0093579 
60123.9 2.04521e+15 0.0149766 0.00926752 
60137.9 2.04707e+15 0.0149993 0.00797704 
60151.9 2.04738e+15 0.015011 0.00565574 
60165.9 2.04558e+15 0.0150041 0.00260657 
60180 2.04209e+15 0.0149796 -0.000773259 
60194 2.03809e+15 0.0149464 -0.00404401 
60208 2.03497e+15 0.014917 -0.00678058 
60222.1 2.03368e+15 0.0149018 -0.00862782 
60236.1 2.03429e+15 0.0149044 -0.00934671 
60250.1 2.03602e+15 0.0149202 -0.00884547 
60264.2 2.03757e+15 0.0149389 -0.00719155 
60278.2 2.03778e+15 0.0149493 -0.00460281 
60292.3 2.03612e+15 0.0149441 -0.00141911 
60306.3 2.03297e+15 0.0149238 0.00194205 
60320.3 2.02936e+15 0.0148954 0.00504018 
60334.4 2.02652e+15 0.0148693 0.00746955 
60348.4 2.02526e+15 0.0148545 0.00891239 
60362.5 2.02567e+15 0.0148546 0.00918084 
60376.6 2.02702e+15 0.0148659 0.0082417 
60390.6 2.02821e+15 0.0148802 0.00622094 
60404.7 2.02821e+15 0.0148881 0.00338717 
60418.7 2.02662e+15 0.0148835 0.000116113 
60432.8 2.02376e+15 0.0148666 -0.00315913 
60446.9 2.02055e+15 0.0148429 -0.00600557 
60460.9 2.01804e+15 0.0148208 -0.0080479 
60475 2.01692e+15 0.0148076 -0.00901839 
60489.1 2.01719e+15 0.0148061 -0.00879248 
60503.1 2.0182e+15 0.0148135 -0.0074051 
60517.2 2.019e+15 0.0148231 -0.00504566 
60531.3 2.01873e+15 0.0148277 -0.0020322 
60545.4 2.0171e+15 0.0148227 0.00123166 
60559.5 2.01447e+15 0.0148083 0.00431118 
60573.5 2.01165e+15 0.014789 0.00679903 
60587.6 2.00953e+15 0.0147714 0.00836966 
60601.7 2.00861e+15 0.0147606 0.00882244 
60615.8 2.00882e+15 0.0147585 0.0081075 
60629.9 2.00954e+15 0.0147626 0.00633099 
60644 2.00992e+15 0.0147676 0.00373918 
60658.1 2.00933e+15 0.0147683 0.000683781 
60672.2 2.0076e+15 0.0147619 -0.00242648 
60686.3 2.00514e+15 0.0147493 -0.00518137 
60700.4 2.00269e+15 0.0147341 -0.00722389 
60714.5 2.00098e+15 0.014721 -0.00829696 
60728.6 2.00033e+15 0.0147134 -0.00827575 
60742.7 2.00054e+15 0.0147115 -0.00718153 
60756.8 2.001e+15 0.0147128 -0.00517574 
60771 2.00098e+15 0.0147134 -0.00253547 
60785.1 2.00002e+15 0.01471 0.000385853 
60799.2 1.99813e+15 0.0147016 0.00320668 
60813.3 1.99579e+15 0.01469 0.00556787 
60827.4 1.9937e+15 0.0146784 0.00717861 
60841.6 1.99241e+15 0.0146698 0.00785185 
60855.7 1.99207e+15 0.0146657 0.00752492 
60869.8 1.99233e+15 0.0146646 0.00626329 
60884 1.99256e+15 0.0146638 0.00424775 
60898.1 1.99214e+15 0.0146603 0.00174747 
60912.2 1.99079e+15 0.0146527 -0.000916995 
60926.4 1.98871e+15 0.0146419 -0.00341535 
60940.5 1.98646e+15 0.0146308 -0.00544839 
60954.6 1.9847e+15 0.0146223 -0.00678309 
60968.8 1.98384e+15 0.0146181 -0.00727772 
60982.9 1.98381e+15 0.0146175 -0.00689483 
60997.1 1.98415e+15 0.0146177 -0.00570117 
61011.2 1.98418e+15 0.0146152 -0.00385551 
61025.4 1.98337e+15 0.014608 -0.00158661 
61039.5 1.98164e+15 0.0145963 0.000835511 
61053.7 1.97936e+15 0.014583 0.0031312 
61067.9 1.97718e+15 0.0145719 0.00504229 
61082 1.97573e+15 0.0145662 0.00635921 
61096.2 1.97527e+15 0.014566 0.00694181 
61110.3 1.97557e+15 0.0145689 0.00673214 
61124.5 1.97599e+15 0.0145705 0.00575854 
61138.7 1.97583e+15 0.0145667 0.00413099 
61152.9 1.97466e+15 0.0145561 0.0020288 
61167 1.97256e+15 0.0145406 -0.000318202 
61181.2 1.97008e+15 0.0145248 -0.00265309 
61195.4 1.96796e+15 0.0145137 -0.00471781 
61209.6 1.96681e+15 0.0145103 -0.00627955 
61223.7 1.96674e+15 0.0145138 -0.00715511 
61237.9 1.96733e+15 0.01452 -0.00723122 
61252.1 1.96783e+15 0.0145229 -0.00647865 
61266.3 1.96749e+15 0.0145181 -0.0049585 
61280.5 1.96599e+15 0.0145045 -0.00281944 
61294.7 1.96355e+15 0.0144855 -0.000285644 
61308.9 1.96089e+15 0.0144674 0.00236431 
61323.1 1.95884e+15 0.0144562 0.0048259 
61337.3 1.95796e+15 0.0144548 0.00680203 
61351.5 1.95824e+15 0.0144616 0.00803807 
61365.7 1.95909e+15 0.0144707 0.0083543 
61379.9 1.95965e+15 0.0144749 0.00767202 
61394.1 1.95915e+15 0.0144691 0.0060292 
61408.3 1.95733e+15 0.0144529 0.00358303 
61422.5 1.95459e+15 0.0144308 0.000597824 
61436.7 1.95178e+15 0.0144107 -0.00258142 
61451 1.9498e+15 0.0143994 -0.00556757 
61465.2 1.94918e+15 0.0144 -0.00797791 
61479.4 1.94977e+15 0.0144097 -0.00948325 
61493.6 1.95086e+15 0.0144214 -0.00985323 
61507.8 1.95146e+15 0.0144266 -0.00899157 
61522.1 1.95079e+15 0.0144198 -0.00695574 
61536.3 1.9487e+15 0.0144012 -0.00395755 
61550.5 1.9457e+15 0.0143765 -0.000343175 
61564.8 1.94277e+15 0.0143547 0.0034458 
61579 1.94087e+15 0.0143435 0.00692608 
61593.2 1.94048e+15 0.0143458 0.00963478 
61607.5 1.94135e+15 0.0143581 0.0111917 
61621.7 1.94264e+15 0.0143719 0.0113533 
61636 1.94326e+15 0.0143779 0.0100509 
61650.2 1.94244e+15 0.0143701 0.00740617 
61664.5 1.94009e+15 0.0143493 0.00372253 
61678.7 1.93686e+15 0.0143223 -0.000549455 
61693 1.93383e+15 0.0142992 -0.0048672 
61707.2 1.93202e+15 0.0142883 -0.00866577 
61721.5 1.93185e+15 0.0142924 -0.0114328 
61735.7 1.93298e+15 0.014307 -0.0127788 
61750 1.93443e+15 0.0143226 -0.0124922 
61764.3 1.93505e+15 0.0143289 -0.0105727 
61778.5 1.93408e+15 0.0143201 -0.00723587 
61792.8 1.93149e+15 0.0142972 -0.00288981 
61807.1 1.92806e+15 0.0142682 0.00191572 
61821.3 1.92496e+15 0.0142441 0.00655965 
61835.6 1.92324e+15 0.0142338 0.010431 
61849.9 1.92329e+15 0.0142396 0.0130103 
61864.2 1.92466e+15 0.0142564 0.0139403 
61878.4 1.92626e+15 0.0142735 0.0130752 
61892.7 1.92687e+15 0.0142799 0.0105033 
61907 1.92573e+15 0.0142698 0.00653799 
61921.3 1.92292e+15 0.0142448 0.00167877 
61935.6 1.9193e+15 0.014214 -0.00345248 
61949.9 1.91614e+15 0.0141892 -0.00819224 
61964.2 1.91453e+15 0.0141797 -0.0119221 
61978.5 1.9148e+15 0.0141876 -0.0141502 
61992.8 1.9164e+15 0.0142065 -0.0145762 
62007.1 1.91813e+15 0.0142248 -0.0131316 
62021.4 1.91871e+15 0.014231 -0.00999034 
62035.7 1.9174e+15 0.0142192 -0.00554646 
62050 1.91435e+15 0.014192 -0.000364449 
62064.3 1.91054e+15 0.0141595 0.00489359 
62078.6 1.90735e+15 0.0141344 0.00955324 
62092.9 1.90587e+15 0.0141262 0.0130149 
62107.2 1.90638e+15 0.0141362 0.014831 
62121.5 1.90822e+15 0.0141573 0.0147642 
62135.9 1.91007e+15 0.0141766 0.0128178 
62150.2 1.9106e+15 0.0141822 0.0092357 
62164.5 1.90909e+15 0.0141684 0.00447112 
62178.8 1.90578e+15 0.0141388 -0.000871251 
62193.2 1.90178e+15 0.0141047 -0.00611267 
62207.5 1.89857e+15 0.0140796 -0.010587 
62221.8 1.89725e+15 0.0140731 -0.013726 
62236.2 1.89803e+15 0.0140857 -0.015131 
62250.5 1.90013e+15 0.0141089 -0.0146245 
62264.8 1.9021e+15 0.0141291 -0.0122715 
62279.2 1.90254e+15 0.0141336 -0.00837137 
62293.5 1.90078e+15 0.0141174 -0.00341922 
62307.9 1.89718e+15 0.0140851 0.0019576 
62322.2 1.893e+15 0.0140495 0.00707946 
62336.6 1.8898e+15 0.0140248 0.0113009 
62350.9 1.88869e+15 0.0140204 0.0140922 
62365.3 1.88979e+15 0.014036 0.0151068 
62379.6 1.89216e+15 0.0140616 0.0142234 
62394 1.89422e+15 0.0140823 0.0115611 
62408.3 1.89453e+15 0.0140852 0.00746269 
62422.7 1.89247e+15 0.014066 0.00245001 
62437.1 1.88855e+15 0.0140308 -0.00284328 
62451.4 1.88418e+15 0.0139937 -0.00775254 
62465.8 1.88104e+15 0.0139699 -0.0116663 
62480.2 1.8802e+15 0.0139683 -0.0141029 
62494.5 1.88167e+15 0.0139873 -0.0147701 
62508.9 1.88431e+15 0.0140152 -0.0135998 
62523.3 1.88643e+15 0.0140361 -0.0107542 
62537.7 1.88655e+15 0.0140368 -0.00660274 
62552.1 1.88412e+15 0.0140141 -0.00167318 
62566.4 1.87985e+15 0.0139758 0.00341651 
62580.8 1.87533e+15 0.0139375 0.00803654 
62595.2 1.8723e+15 0.013915 0.0116238 
62609.6 1.87181e+15 0.0139168 0.0137507 
62624 1.87369e+15 0.0139396 0.0141756 
62638.4 1.87661e+15 0.0139699 0.0128693 
62652.8 1.87873e+15 0.0139904 0.0100149 
62667.2 1.87856e+15 0.0139883 0.00598034 
62681.6 1.87571e+15 0.0139615 0.00127082 
62696 1.87108e+15 0.01392 -0.00353612 
62710.4 1.86645e+15 0.0138809 -0.00786163 
62724.8 1.86362e+15 0.0138605 -0.0111951 
62739.2 1.86355e+15 0.0138663 -0.0131537 
62753.6 1.86586e+15 0.0138931 -0.0135246 
62768 1.86902e+15 0.0139255 -0.0122866 
62782.5 1.87106e+15 0.0139451 -0.0096078 
62796.9 1.87053e+15 0.0139395 -0.00582193 
62811.3 1.86721e+15 0.0139083 -0.00138596 
62825.7 1.86224e+15 0.0138635 0.00317515 
62840.1 1.85757e+15 0.0138241 0.0073298 
62854.6 1.85503e+15 0.0138065 0.0106004 
62869 1.85544e+15 0.0138168 0.0126163 
62883.4 1.85819e+15 0.0138477 0.0131537 
62897.9 1.86154e+15 0.0138818 0.0121589 
62912.3 1.86341e+15 0.0138998 0.00975232 
62926.7 1.86244e+15 0.0138901 0.00621328 
62941.2 1.85863e+15 0.0138542 0.00194859 
62955.6 1.85337e+15 0.0138066 -0.00255306 
62970.1 1.84874e+15 0.0137674 -0.00677508 
62984.5 1.84657e+15 0.0137532 -0.0102302 
62999 1.8475e+15 0.0137684 -0.0125145 
63013.4 1.85066e+15 0.0138034 -0.0133537 
63027.9 1.8541e+15 0.0138386 -0.012635 
63042.3 1.85572e+15 0.0138544 -0.0104229 
63056.8 1.85426e+15 0.01384 -0.00695471 
63071.2 1.84998e+15 0.0137994 -0.00261777 
63085.7 1.84449e+15 0.0137493 0.00209185 
63100.2 1.84e+15 0.0137111 0.00662374 
63114.6 1.83827e+15 0.0137009 0.0104359 
63129.1 1.83972e+15 0.0137212 0.0130586 
63143.6 1.84323e+15 0.0137599 0.0141524 
63158 1.84668e+15 0.0137956 0.0135527 
63172.5 1.84796e+15 0.0138085 0.0112952 
63187 1.846e+15 0.0137892 0.00761808 
63201.5 1.84129e+15 0.0137441 0.00293936 
63215.9 1.83565e+15 0.013692 -0.00218843 
63230.4 1.83138e+15 0.0136555 -0.00714242 
63244.9 1.83012e+15 0.0136496 -0.0113047 
63259.4 1.83206e+15 0.013675 -0.01414 
63273.9 1.83585e+15 0.0137169 -0.0152653 
63288.4 1.83924e+15 0.0137526 -0.0145033 
63302.9 1.84014e+15 0.0137621 -0.0119107 
63317.4 1.83768e+15 0.0137377 -0.00777785 
63331.9 1.83259e+15 0.0136883 -0.00259752 
63346.4 1.82689e+15 0.0136349 0.00299274 
63360.9 1.82289e+15 0.0136005 0.00828933 
63375.4 1.8221e+15 0.0135993 0.012612 
63389.9 1.8245e+15 0.0136296 0.0153926 
63404.4 1.8285e+15 0.0136744 0.0162511 
63418.9 1.83176e+15 0.0137095 0.0150492 
63433.4 1.83227e+15 0.0137152 0.0119129 
63447.9 1.82934e+15 0.0136857 0.0072205 
63462.5 1.82393e+15 0.0136324 0.00155767 
63477 1.81821e+15 0.013578 -0.00435631 
63491.5 1.81451e+15 0.0135462 -0.00976092 
63506 1.81419e+15 0.0135499 -0.0139537 
63520.6 1.817e+15 0.013585 -0.0163831 
63535.1 1.82117e+15 0.0136323 -0.0167227 
63549.6 1.82427e+15 0.0136662 -0.0149159 
63564.2 1.82438e+15 0.0136678 -0.0111857 
63578.7 1.821e+15 0.0136332 -0.00600704 
63593.2 1.81531e+15 0.0135762 -4.56253e-05 
63607.8 1.80961e+15 0.0135214 0.00592872 
63622.3 1.80621e+15 0.0134926 0.0111432 
63636.9 1.80635e+15 0.0135014 0.0149233 
63651.4 1.80954e+15 0.0135412 0.0167821 
63665.9 1.81385e+15 0.0135905 0.0164831 
63680.5 1.81678e+15 0.0136229 0.0140717 
63695.1 1.81649e+15 0.0136201 0.0098674 
63709.6 1.81267e+15 0.0135803 0.00442118 
63724.2 1.80671e+15 0.0135198 -0.00155821 
63738.7 1.80104e+15 0.013465 -0.00729799 
63753.3 1.79797e+15 0.0134396 -0.0120628 
63767.8 1.79857e+15 0.0134537 -0.01525 
63782.4 1.80215e+15 0.0134981 -0.016467 
63797 1.8066e+15 0.0135492 -0.0155793 
63811.6 1.80934e+15 0.0135796 -0.0127247 
63826.1 1.80863e+15 0.0135719 -0.00829177 
63840.7 1.80435e+15 0.0135268 -0.00286515 
63855.3 1.79811e+15 0.013463 0.00285243 
63869.9 1.79248e+15 0.0134085 0.00813275 
63884.4 1.78976e+15 0.0133872 0.0123158 
63899 1.79086e+15 0.013407 0.0148926 
63913.6 1.79487e+15 0.0134562 0.0155668 
63928.2 1.79944e+15 0.0135086 0.0142878 
63942.8 1.80197e+15 0.0135364 0.0112513 
63957.4 1.80077e+15 0.0135232 0.00686872 
63972 1.79598e+15 0.0134723 0.00171065 
63986.6 1.78946e+15 0.0134054 -0.00356869 
64001.2 1.78391e+15 0.0133521 -0.00831493 
64015.8 1.78161e+15 0.0133356 -0.0119546 
64030.4 1.78328e+15 0.0133617 -0.0140638 
64045 1.78774e+15 0.0134156 -0.014416 
64059.6 1.79242e+15 0.0134688 -0.0130047 
64074.2 1.79464e+15 0.013493 -0.0100377 
64088.8 1.79287e+15 0.0134734 -0.00590659 
64103.4 1.78751e+15 0.0134166 -0.00113415 
64118 1.78071e+15 0.0133471 0.00369185 
64132.7 1.77532e+15 0.0132958 0.00799062 
64147.3 1.77356e+15 0.0132852 0.0112574 
64161.9 1.7759e+15 0.0133182 0.0131213 
64176.5 1.78081e+15 0.0133765 0.0133859 
64191.2 1.78552e+15 0.0134296 0.0120481 
64205.8 1.7873e+15 0.0134489 0.00929414 
64220.4 1.78484e+15 0.0134222 0.00547346 
64235.1 1.77887e+15 0.0133594 0.00105464 
64249.7 1.77186e+15 0.0132881 -0.00343163 
64264.3 1.76677e+15 0.0132402 -0.00745545 
64279 1.7657e+15 0.0132366 -0.0105492 
64293.6 1.76877e+15 0.0132768 -0.0123606 
64308.3 1.77411e+15 0.0133391 -0.0126919 
64322.9 1.7787e+15 0.0133906 -0.0115206 
64337.6 1.77987e+15 0.0134037 -0.0089995 
64352.2 1.77661e+15 0.013369 -0.00543712 
64366.9 1.77005e+15 0.0133005 -0.00126021 
64381.5 1.76295e+15 0.0132287 0.00303672 
64396.2 1.75836e+15 0.0131858 0.00694925 
64410.8 1.75812e+15 0.0131904 0.0100214 
64425.5 1.76195e+15 0.0132379 0.0118979 
64440.2 1.76759e+15 0.0133029 0.0123647 
64454.8 1.77186e+15 0.0133511 0.0113726 
64469.5 1.77225e+15 0.0133565 0.00904264 
64484.2 1.76812e+15 0.0133135 0.00565064 
64498.8 1.76105e+15 0.0132402 0.00159547 
64513.5 1.75408e+15 0.0131696 -0.00264757 
64528.2 1.75019e+15 0.0131334 -0.00658155 
64542.9 1.75089e+15 0.013147 -0.0097452 
64557.6 1.75542e+15 0.0132012 -0.0117661 
64572.2 1.76116e+15 0.0132673 -0.0124035 
64586.9 1.76489e+15 0.0133104 -0.0115768 
64601.6 1.76434e+15 0.0133069 -0.00937501 
64616.3 1.75937e+15 0.0132557 -0.00604796 
64631 1.75199e+15 0.0131791 -0.00197846 
64645.7 1.74538e+15 0.0131116 0.00236053 
64660.4 1.74236e+15 0.0130837 0.00645946 
64675.1 1.74401e+15 0.0131064 0.00983066 
64689.8 1.74909e+15 0.0131662 0.0120651 
64704.5 1.7547e+15 0.0132315 0.0128813 
64719.2 1.75767e+15 0.0132677 0.0121604 
64733.9 1.75614e+15 0.0132547 0.00996333 
64748.6 1.75045e+15 0.0131961 0.00652777 
64763.3 1.74297e+15 0.0131179 0.00224432 
64778.1 1.73695e+15 0.0130556 -0.00238591 
64792.8 1.73491e+15 0.0130369 -0.00680803 
64807.5 1.73743e+15 0.0130684 -0.0104784 
64822.2 1.74284e+15 0.0131322 -0.0129307 
64836.9 1.74808e+15 0.0131946 -0.0138349 
64851.7 1.75016e+15 0.0132226 -0.0130423 
64866.4 1.74768e+15 0.0132 -0.0106098 
64881.1 1.74145e+15 0.0131354 -0.00679984 
64895.9 1.73412e+15 0.0130576 -0.00205517 
64910.6 1.72886e+15 0.013002 0.00305072 
64925.3 1.72781e+15 0.012993 0.00788134 
64940.1 1.73105e+15 0.0130324 0.011816 
64954.8 1.73655e+15 0.0130983 0.0143296 
64969.6 1.74122e+15 0.013156 0.0150642 
64984.3 1.74237e+15 0.013175 0.0138805 
64999.1 1.73906e+15 0.0131435 0.0108843 
65013.8 1.73251e+15 0.0130744 0.00642019 
65028.6 1.72554e+15 0.0129988 0.00103474 
65043.3 1.72111e+15 0.0129511 -0.00458961 
65058.1 1.72097e+15 0.0129516 -0.00972077 
65072.8 1.72472e+15 0.0129975 -0.0136731 
65087.6 1.73012e+15 0.0130638 -0.0159007 
65102.4 1.73412e+15 0.0131156 -0.0160743 
65117.1 1.73438e+15 0.0131253 -0.0141319 
65131.9 1.7304e+15 0.0130857 -0.0102936 
65146.7 1.72374e+15 0.0130137 -0.00503868 
65161.4 1.71723e+15 0.0129418 0.000953485 
65176.2 1.71363e+15 0.0129025 0.00689198 
65191 1.71426e+15 0.012912 0.01198 
65205.8 1.71837e+15 0.0129632 0.0155235 
65220.6 1.72353e+15 0.0130284 0.0170286 
65235.3 1.72685e+15 0.0130734 0.0162718 
65250.1 1.72631e+15 0.0130739 0.0133345 
65264.9 1.72181e+15 0.0130273 0.00859596 
65279.7 1.71514e+15 0.0129537 0.00268384 
65294.5 1.70915e+15 0.0128865 -0.00360977 
65309.3 1.70632e+15 0.0128558 -0.00943626 
65324.1 1.7076e+15 0.0128738 -0.014007 
65338.9 1.71195e+15 0.0129291 -0.0167024 
65353.7 1.71683e+15 0.0129922 -0.0171575 
65368.5 1.71948e+15 0.0130299 -0.0153127 
65383.3 1.71823e+15 0.0130214 -0.0114221 
65398.1 1.7133e+15 0.0129684 -0.00601737 
65412.9 1.70669e+15 0.0128943 0.000165371 
65427.7 1.7012e+15 0.0128326 0.00628824 
65442.5 1.69909e+15 0.0128108 0.0115269 
65457.4 1.70097e+15 0.0128368 0.0151833 
65472.2 1.7055e+15 0.0128953 0.0167803 
65487 1.71009e+15 0.0129554 0.0161244 
65501.8 1.71211e+15 0.0129852 0.013329 
65516.7 1.71017e+15 0.0129678 0.008795 
65531.5 1.70484e+15 0.0129091 0.00315204 
65546.3 1.69829e+15 0.0128353 -0.00283018 
65561.2 1.69332e+15 0.0127799 -0.00834862 
65576 1.69193e+15 0.0127673 -0.012676 
65590.8 1.6944e+15 0.012801 -0.0152577 
65605.7 1.69912e+15 0.0128622 -0.0157828 
65620.5 1.7034e+15 0.0129183 -0.0142208 
65635.4 1.70474e+15 0.0129394 -0.0108197 
65650.2 1.70209e+15 0.0129128 -0.00606654 
65665 1.69634e+15 0.0128489 -0.000616506 
65679.9 1.68988e+15 0.0127765 0.00479839 
65694.7 1.68547e+15 0.0127284 0.00946855 
65709.6 1.68488e+15 0.0127257 0.0128003 
65724.5 1.68799e+15 0.0127671 0.0143913 
65739.3 1.69289e+15 0.0128298 0.0140781 
65754.2 1.69677e+15 0.0128806 0.011951 
65769 1.69733e+15 0.012892 0.00833459 
65783.9 1.69388e+15 0.0128559 0.00373786 
65798.8 1.6877e+15 0.0127875 -0.00121792 
65813.7 1.68142e+15 0.012718 -0.00588387 
65828.5 1.67774e+15 0.0126788 -0.00966883 
65843.4 1.67806e+15 0.0126868 -0.0121141 
65858.3 1.68184e+15 0.0127354 -0.012948 
65873.2 1.68682e+15 0.0127982 -0.0121147 
65888 1.69013e+15 0.0128417 -0.00977305 
65902.9 1.68973e+15 0.012842 -0.00626864 
65917.8 1.68541e+15 0.0127965 -0.00208233 
65932.7 1.67889e+15 0.0127251 0.00223616 
65947.6 1.673e+15 0.0126606 0.00614071 
65962.5 1.67025e+15 0.0126322 0.00915765 
65977.4 1.67162e+15 0.0126513 0.0109424 
65992.3 1.67601e+15 0.0127059 0.0113169 
66007.2 1.68085e+15 0.0127665 0.0102852 
66022.1 1.68333e+15 0.0128004 0.00802425 
66037 1.6818e+15 0.0127886 0.00485489 
66051.9 1.67662e+15 0.0127344 0.00119585 
66066.8 1.66998e+15 0.0126623 -0.00249172 
66081.7 1.66478e+15 0.0126055 -0.00576199 
66096.6 1.66321e+15 0.0125895 -0.00823735 
66111.5 1.66563e+15 0.0126195 -0.00965022 
66126.5 1.67043e+15 0.0126779 -0.00986967 
66141.4 1.6748e+15 0.0127332 -0.00891042 
66156.3 1.67615e+15 0.0127555 -0.00692446 
66171.2 1.67341e+15 0.0127313 -0.00417728 
66186.2 1.66757e+15 0.0126704 -0.00101245 
66201.1 1.66117e+15 0.0126008 0.00219082 
66216 1.65699e+15 0.0125544 0.00506184 
66230.9 1.65672e+15 0.0125515 0.00727961 
66245.9 1.66006e+15 0.0125908 0.00860652 
66260.8 1.6649e+15 0.0126499 0.00891171 
66275.8 1.66841e+15 0.0126968 0.00818193 
66290.7 1.66844e+15 0.0127059 0.00651959 
66305.6 1.6646e+15 0.0126704 0.00412867 
66320.6 1.65846e+15 0.0126059 0.00129043 
66335.5 1.65271e+15 0.0125422 -0.00166838 
66350.5 1.64982e+15 0.0125083 -0.00441145 
66365.4 1.6508e+15 0.0125181 -0.00662931 
66380.4 1.6547e+15 0.0125638 -0.00807256 
66395.4 1.65914e+15 0.0126199 -0.00857874 
66410.3 1.66148e+15 0.0126558 -0.00809 
66425.3 1.66018e+15 0.0126516 -0.00665987 
66440.2 1.65556e+15 0.0126074 -0.00444812 
66455.2 1.64958e+15 0.0125431 -0.00170425 
66470.2 1.64485e+15 0.0124883 0.00125915 
66485.2 1.64331e+15 0.0124675 0.00410035 
66500.1 1.64526e+15 0.012488 0.00648648 
66515.1 1.64927e+15 0.0125364 0.00813152 
66530.1 1.65289e+15 0.012586 0.00883007 
66545.1 1.65394e+15 0.0126097 0.00848299 
66560 1.65155e+15 0.0125937 0.00711174 
66575 1.64659e+15 0.0125443 0.00485928 
66590 1.64121e+15 0.0124837 0.00197697 
66605 1.63767e+15 0.0124397 -0.0012018 
66620 1.6373e+15 0.0124311 -0.00429856 
66635 1.63979e+15 0.012459 -0.00693363 
66650 1.64345e+15 0.0125065 -0.0087719 
66665 1.64603e+15 0.0125474 -0.00956519 
66680 1.64591e+15 0.0125592 -0.00918595 
66695 1.64283e+15 0.0125344 -0.00764765 
66710 1.638e+15 0.0124833 -0.00510883 
66725 1.63348e+15 0.0124291 -0.00185919 
66740 1.63107e+15 0.012396 0.00171142 
66755 1.63151e+15 0.0123972 0.00515808 
66770 1.63409e+15 0.0124291 0.00803536 
66785.1 1.6371e+15 0.0124728 0.0099545 
66800.1 1.63866e+15 0.0125044 0.0106363 
66815.1 1.63768e+15 0.0125062 0.00995235 
66830.1 1.63435e+15 0.0124756 0.00794858 
66845.1 1.62997e+15 0.0124257 0.00484677 
66860.2 1.62633e+15 0.0123789 0.00102272 
66875.2 1.62478e+15 0.0123554 -0.0030375 
66890.2 1.62561e+15 0.0123637 -0.00679847 
66905.3 1.62795e+15 0.0123967 -0.00974607 
66920.3 1.63025e+15 0.0124354 -0.0114586 
66935.4 1.63102e+15 0.0124585 -0.0116682 
66950.4 1.62957e+15 0.0124527 -0.0103045 
66965.4 1.62631e+15 0.012419 -0.00751107 
66980.5 1.62247e+15 0.0123718 -0.00363379 
66995.5 1.61953e+15 0.0123319 0.000820695 
67010.6 1.61848e+15 0.012316 0.0052508 
67025.6 1.61939e+15 0.012329 0.00904199 
67040.7 1.62139e+15 0.0123616 0.0116535 
67055.7 1.62313e+15 0.0123953 0.0126975 
67070.8 1.62342e+15 0.0124115 0.0119987 
67085.9 1.62179e+15 0.0124002 0.00962445 
67100.9 1.61871e+15 0.0123648 0.0058815 
67116 1.61529e+15 0.0123205 0.00127654 
67131.1 1.61278e+15 0.0122864 -0.00355267 
67146.1 1.61197e+15 0.0122764 -0.00792704 
67161.2 1.61285e+15 0.0122927 -0.0112238 
67176.3 1.6146e+15 0.0123246 -0.0129675 
67191.4 1.61601e+15 0.0123543 -0.0129008 
67206.4 1.61606e+15 0.0123649 -0.011024 
67221.5 1.61437e+15 0.0123491 -0.00759713 
67236.6 1.61139e+15 0.0123124 -0.00310373 
67251.7 1.60817e+15 0.0122703 0.00181843 
67266.8 1.60587e+15 0.0122409 0.00646988 
67281.9 1.60521e+15 0.012236 0.0101912 
67297 1.60612e+15 0.0122555 0.0124587 
67312.1 1.60781e+15 0.0122873 0.0129603 
67327.2 1.6091e+15 0.0123136 0.0116394 
67342.3 1.609e+15 0.0123191 0.00870121 
67357.4 1.60717e+15 0.0122988 0.00458044 
67372.5 1.60412e+15 0.0122603 -0.000124537 
67387.6 1.60092e+15 0.0122199 -0.00474048 
67402.7 1.59876e+15 0.012195 -0.00861784 
67417.8 1.59831e+15 0.0121955 -0.0112241 
67432.9 1.59944e+15 0.0122187 -0.012218 
67448 1.60124e+15 0.0122508 -0.0114949 
67463.1 1.60246e+15 0.0122737 -0.00919567 
67478.3 1.60212e+15 0.0122736 -0.00568045 
67493.4 1.59998e+15 0.0122481 -0.00147114 
67508.5 1.59668e+15 0.0122072 0.00282782 
67523.6 1.59346e+15 0.0121688 0.0066179 
67538.8 1.59153e+15 0.0121494 0.009391 
67553.9 1.59149e+15 0.0121562 0.010798 
67569 1.59301e+15 0.0121836 0.0106919 
67584.2 1.59497e+15 0.0122157 0.00914056 
67599.3 1.59602e+15 0.012234 0.00640824 
67614.5 1.59522e+15 0.0122269 0.00291068 
67629.6 1.59257e+15 0.0121955 -0.000849249 
67644.7 1.58898e+15 0.0121528 -0.00435479 
67659.9 1.58585e+15 0.0121177 -0.00714668 
67675 1.58438e+15 0.0121053 -0.00888288 
67690.2 1.58496e+15 0.0121195 -0.00937889 
67705.3 1.58693e+15 0.0121509 -0.00862432 
67720.5 1.58893e+15 0.0121813 -0.00677492 
67735.7 1.58955e+15 0.012193 -0.00412273 
67750.8 1.58808e+15 0.0121777 -0.00104991 
67766 1.58484e+15 0.0121404 0.00202652 
67781.2 1.58107e+15 0.0120974 0.00471095 
67796.3 1.5783e+15 0.0120679 0.00667903 
67811.5 1.57757e+15 0.0120644 0.00771502 
67826.7 1.57887e+15 0.0120862 0.00773279 
67841.8 1.58118e+15 0.01212 0.00677895 
67857 1.58293e+15 0.0121462 0.00501909 
67872.2 1.58283e+15 0.0121491 0.00271014 
67887.4 1.58053e+15 0.0121248 0.000163209 
67902.6 1.5768e+15 0.0120831 -0.00229761 
67917.7 1.57315e+15 0.0120427 -0.00437544 
67932.9 1.57108e+15 0.0120215 -0.00583491 
67948.1 1.57126e+15 0.0120279 -0.00652693 
67963.3 1.57322e+15 0.0120561 -0.00640167 
67978.5 1.57556e+15 0.0120893 -0.00550917 
67993.7 1.57669e+15 0.0121082 -0.00398808 
68008.9 1.57563e+15 0.0121008 -0.00204491 
68024.1 1.57254e+15 0.0120685 7.35047e-05 
68039.3 1.56863e+15 0.0120254 0.00211065 
68054.5 1.56552e+15 0.0119909 0.00383038 
68069.7 1.56442e+15 0.01198 0.00504316 
68084.9 1.56551e+15 0.0119958 0.00562557 
68100.2 1.56781e+15 0.0120275 0.00553142 
68115.4 1.56974e+15 0.0120565 0.00479364 
68130.6 1.56993e+15 0.0120656 0.00351716 
68145.8 1.56789e+15 0.012048 0.00186425 
68161 1.56432e+15 0.0120104 3.41154e-05 
68176.3 1.56069e+15 0.0119696 -0.00176045 
68191.5 1.55847e+15 0.0119439 -0.00331697 
68206.7 1.55841e+15 0.0119438 -0.00446487 
68222 1.56011e+15 0.0119665 -0.00508294 
68237.2 1.56228e+15 0.0119978 -0.00511073 
68252.4 1.56341e+15 0.0120193 -0.00455344 
68267.7 1.56256e+15 0.0120179 -0.00347981 
68282.9 1.55981e+15 0.0119921 -0.00201378 
68298.2 1.55624e+15 0.011953 -0.000320808 
68313.4 1.55332e+15 0.0119182 0.00140968 
68328.6 1.55213e+15 0.0119026 0.00298399 
68343.9 1.55285e+15 0.0119114 0.00422425 
68359.1 1.55468e+15 0.0119373 0.00498714 
68374.4 1.55627e+15 0.0119645 0.0051795 
68389.7 1.55643e+15 0.011977 0.00476937 
68404.9 1.55476e+15 0.0119663 0.00379122 
68420.2 1.55179e+15 0.011936 0.00234453 
68435.4 1.54869e+15 0.0118992 0.000585488 
68450.7 1.54666e+15 0.0118721 -0.00128794 
68466 1.54629e+15 0.0118656 -0.00305649 
68481.3 1.54733e+15 0.01188 -0.00450389 
68496.5 1.54881e+15 0.0119054 -0.00544252 
68511.8 1.54961e+15 0.0119265 -0.00573756 
68527.1 1.549e+15 0.0119306 -0.00532659 
68542.4 1.54697e+15 0.0119137 -0.00423172 
68557.6 1.54425e+15 0.0118823 -0.00256208 
68572.9 1.54184e+15 0.0118499 -0.000505346 
68588.2 1.54052e+15 0.0118301 0.0016914 
68603.5 1.54052e+15 0.01183 0.00375014 
68618.8 1.5414e+15 0.0118469 0.00539644 
68634.1 1.54233e+15 0.0118698 0.00639605 
68649.4 1.54251e+15 0.0118851 0.00658857 
68664.7 1.54156e+15 0.0118831 0.00591338 
68680 1.53965e+15 0.0118629 0.00442365 
68695.3 1.53738e+15 0.0118323 0.00228555 
68710.6 1.53547e+15 0.011804 -0.000238315 
68725.9 1.53444e+15 0.0117895 -0.00281995 
68741.2 1.53436e+15 0.0117933 -0.00510806 
68756.5 1.53489e+15 0.011811 -0.00677589 
68771.8 1.53545e+15 0.0118317 -0.00756839 
68787.2 1.53545e+15 0.011843 -0.00734173 
68802.5 1.5346e+15 0.0118371 -0.00608915 
68817.8 1.53295e+15 0.0118148 -0.00394838 
68833.1 1.53092e+15 0.0117845 -0.00118872 
68848.4 1.52908e+15 0.0117586 0.00182168 
68863.8 1.52792e+15 0.0117476 0.00466449 
68879.1 1.52764e+15 0.0117545 0.00692958 
68894.4 1.52807e+15 0.0117739 0.00827485 
68909.8 1.52871e+15 0.0117941 0.00847889 
68925.1 1.52892e+15 0.0118029 0.00747807 
68940.4 1.52825e+15 0.0117934 0.0053819 
68955.8 1.5266e+15 0.0117676 0.00246327 
68971.1 1.52434e+15 0.0117357 -0.000876124 
68986.5 1.52218e+15 0.011711 -0.00416089 
69001.8 1.52083e+15 0.0117037 -0.00691025 
69017.2 1.52067e+15 0.0117156 -0.00870957 
69032.5 1.52149e+15 0.0117389 -0.00927437 
69047.9 1.5226e+15 0.0117597 -0.00849663 
69063.2 1.52305e+15 0.0117652 -0.00646577 
69078.6 1.5222e+15 0.0117495 -0.00346011 
69094 1.52e+15 0.0117178 9.0836e-05 
69109.3 1.51712e+15 0.0116832 0.00366811 
69124.7 1.51465e+15 0.011661 0.00674038 
69140.1 1.51353e+15 0.0116607 0.00884453 
69155.4 1.51407e+15 0.0116807 0.00965744 
69170.8 1.5157e+15 0.0117089 0.00904732 
69186.2 1.51724e+15 0.0117286 0.00709635 
69201.6 1.51747e+15 0.0117268 0.00409035 
69217 1.51578e+15 0.0117013 0.00047673 
69232.3 1.5126e+15 0.0116621 -0.00320314 
69247.7 1.50914e+15 0.0116269 -0.00639674 
69263.1 1.50688e+15 0.0116118 -0.00862547 
69278.5 1.5067e+15 0.011623 -0.00955843 
69293.9 1.50843e+15 0.011653 -0.00906322 
69309.3 1.51082e+15 0.011684 -0.00722575 
69324.7 1.51222e+15 0.0116973 -0.00433571 
69340.1 1.51143e+15 0.0116828 -0.000840282 
69355.5 1.50839e+15 0.011645 0.00272648 
69370.9 1.50426e+15 0.0116007 0.00582719 
69386.3 1.50084e+15 0.0115708 0.00800414 
69401.7 1.49964e+15 0.0115691 0.00894864 
69417.1 1.501e+15 0.0115949 0.00854582 
69432.5 1.50388e+15 0.0116326 0.00688826 
69448 1.50639e+15 0.01166 0.00425681 
69463.4 1.50673e+15 0.0116596 0.00107248 
69478.8 1.50426e+15 0.0116286 -0.00217232 
69494.2 1.49984e+15 0.0115803 -0.00499163 
69509.6 1.49543e+15 0.0115377 -0.00698029 
69525.1 1.49305e+15 0.0115213 -0.00787321 
69540.5 1.49366e+15 0.0115379 -0.00758055 
69555.9 1.49662e+15 0.0115769 -0.00619435 
69571.4 1.49999e+15 0.0116152 -0.0039666 
69586.8 1.50154e+15 0.0116299 -0.00126366 
69602.2 1.49998e+15 0.01161 0.00149495 
69617.7 1.49571e+15 0.0115632 0.00390277 
69633.1 1.49059e+15 0.0115117 0.00562707 
69648.6 1.48703e+15 0.0114807 0.00645478 
69664 1.48662e+15 0.0114847 0.0063174 
69679.5 1.48925e+15 0.0115197 0.00529224 
69694.9 1.49315e+15 0.0115647 0.00358146 
69710.4 1.49582e+15 0.0115931 0.00147357 
69725.8 1.49538e+15 0.0115868 -0.000705399 
69741.3 1.49162e+15 0.0115464 -0.00264259 
69756.8 1.48617e+15 0.0114907 -0.00408321 
69772.2 1.48159e+15 0.0114473 -0.00486298 
69787.7 1.48002e+15 0.0114371 -0.00492444 
69803.2 1.48197e+15 0.0114636 -0.00431596 
69818.6 1.48602e+15 0.0115104 -0.00317531 
69834.1 1.4896e+15 0.0115497 -0.00170175 
69849.6 1.49033e+15 0.0115577 -0.000121915 
69865.1 1.4874e+15 0.0115275 0.00134464 
69880.5 1.48199e+15 0.0114725 0.00251519 
69896 1.47666e+15 0.0114201 0.00326501 
69911.5 1.47394e+15 0.011396 0.00353788 
69927 1.47496e+15 0.0114111 0.00334576 
69942.5 1.4788e+15 0.0114548 0.00275907 
69958 1.48298e+15 0.0115011 0.00189026 
69973.5 1.48481e+15 0.0115223 0.000873948 
69989 1.48288e+15 0.0115044 -0.000153151 
70004.5 1.47786e+15 0.0114546 -0.00106955 
70020 1.4721e+15 0.0113974 -0.00178174 
70035.5 1.46838e+15 0.0113614 -0.0022314 
70051 1.46836e+15 0.0113636 -0.00239703 
70066.5 1.47167e+15 0.0114004 -0.00229081 
70082 1.4761e+15 0.0114492 -0.0019521 
70097.5 1.47884e+15 0.0114811 -0.001439 
70113 1.47797e+15 0.0114761 -0.000819401 
70128.6 1.47361e+15 0.0114348 -0.000162866 
70144.1 1.46776e+15 0.0113772 0.000466087 
70159.6 1.46327e+15 0.0113323 0.00101275 
70175.1 1.46221e+15 0.0113219 0.00143509 
70190.6 1.46477e+15 0.0113491 0.00170498 
70206.2 1.46914e+15 0.0113963 0.00180815 
70221.7 1.47251e+15 0.0114352 0.00174332 
70237.2 1.47264e+15 0.0114423 0.00152094 
70252.8 1.46911e+15 0.0114115 0.00116173 
70268.3 1.46349e+15 0.0113574 0.000695345 
70283.9 1.45852e+15 0.0113073 0.000158913 
70299.4 1.45653e+15 0.0112859 -0.000404402 
70315 1.45822e+15 0.011302 -0.000947231 
70330.5 1.46223e+15 0.0113441 -0.00142035 
70346 1.46594e+15 0.0113863 -0.00177579 
70361.6 1.46691e+15 0.0114033 -0.00197076 
70377.2 1.46428e+15 0.0113836 -0.00197225 
70392.7 1.45914e+15 0.0113362 -0.00176209 
70408.3 1.45398e+15 0.0112847 -0.00134161 
70423.8 1.45127e+15 0.0112548 -0.000735272 
70439.4 1.45208e+15 0.01126 7.75722e-06 
70455 1.45551e+15 0.0112943 0.000815026 
70470.5 1.45926e+15 0.0113362 0.00159579 
70486.1 1.46086e+15 0.0113601 0.00224975 
70501.7 1.45908e+15 0.0113511 0.00267912 
70517.3 1.4546e+15 0.0113121 0.00280269 
70532.8 1.44954e+15 0.0112627 0.00257011 
70548.4 1.44634e+15 0.0112275 0.00197401 
70564 1.44633e+15 0.0112228 0.00105752 
70579.6 1.44907e+15 0.0112482 -8.49435e-05 
70595.2 1.4526e+15 0.0112865 -0.00131488 
70610.8 1.45457e+15 0.0113142 -0.00246506 
70626.4 1.45355e+15 0.011314 -0.00336161 
70642 1.44979e+15 0.0112845 -0.00385017 
70657.6 1.44507e+15 0.0112399 -0.00382221 
70673.2 1.44163e+15 0.0112025 -0.00323705 
70688.8 1.44096e+15 0.0111901 -0.00213537 
70704.4 1.44296e+15 0.0112061 -0.000640879 
70720 1.44607e+15 0.0112385 0.00105141 
70735.6 1.44816e+15 0.0112668 0.00269975 
70751.2 1.44772e+15 0.0112733 0.00405018 
70766.8 1.4447e+15 0.0112528 0.00487609 
70782.4 1.44048e+15 0.011215 0.00501662 
70798 1.43704e+15 0.0111785 0.00440729 
70813.7 1.43588e+15 0.0111607 0.00309717 
70829.3 1.43718e+15 0.0111681 0.00124851 
70844.9 1.43975e+15 0.0111933 -0.000882026 
70860.5 1.44174e+15 0.0112195 -0.00297898 
70876.2 1.44169e+15 0.01123 -0.00471536 
70891.8 1.43934e+15 0.0112175 -0.00580454 
70907.4 1.4357e+15 0.0111873 -0.00604833 
70923.1 1.43246e+15 0.0111541 -0.00537309 
70938.7 1.43102e+15 0.0111337 -0.00384717 
70954.3 1.43171e+15 0.0111339 -0.00167608 
70970 1.43368e+15 0.0111514 0.000824822 
70985.6 1.43539e+15 0.0111733 0.0032767 
71001.3 1.43553e+15 0.0111853 0.00529553 
71016.9 1.43373e+15 0.011179 0.00655338 
71032.6 1.43071e+15 0.0111565 0.00683259 
71048.2 1.42782e+15 0.0111284 0.0060638 
71063.9 1.42629e+15 0.0111077 0.00434121 
71079.6 1.4265e+15 0.0111028 0.00191179 
71095.2 1.42787e+15 0.0111128 -0.000860336 
71110.9 1.42919e+15 0.0111291 -0.0035493 
71126.6 1.42935e+15 0.0111402 -0.00573395 
71142.2 1.42795e+15 0.0111382 -0.00706497 
71157.9 1.4255e+15 0.0111226 -0.00732175 
71173.6 1.42305e+15 0.0111006 -0.00644955 
71189.3 1.42158e+15 0.0110818 -0.00457069 
71204.9 1.42148e+15 0.0110737 -0.00196747 
71220.6 1.42232e+15 0.0110774 0.000960692 
71236.3 1.42318e+15 0.0110875 0.00375951 
71252 1.42321e+15 0.0110959 0.0059914 
71267.7 1.42206e+15 0.0110959 0.00730516 
71283.4 1.4201e+15 0.0110861 0.00749228 
71299.1 1.41811e+15 0.0110703 0.00652078 
71314.8 1.41685e+15 0.0110551 0.00454101 
71330.5 1.41658e+15 0.011046 0.00186218 
71346.2 1.417e+15 0.0110447 -0.00109653 
71361.9 1.41741e+15 0.0110487 -0.00387265 
71377.6 1.41719e+15 0.011053 -0.00603392 
71393.3 1.41613e+15 0.0110531 -0.00724692 
71409 1.41453e+15 0.0110474 -0.00732958 
71424.7 1.41299e+15 0.0110375 -0.00627917 
71440.4 1.41201e+15 0.0110268 -0.00427135 
71456.1 1.41174e+15 0.0110186 -0.0016306 
71471.9 1.41186e+15 0.0110141 0.00122302 
71487.6 1.41186e+15 0.0110126 0.00384186 
71503.3 1.41132e+15 0.011012 0.00582221 
71519 1.41021e+15 0.0110104 0.0068678 
71534.8 1.40884e+15 0.0110071 0.00683496 
71550.5 1.40769e+15 0.0110023 0.0057524 
71566.2 1.40706e+15 0.0109968 0.00381301 
71582 1.40691e+15 0.0109909 0.0013393 
71597.7 1.40687e+15 0.010985 -0.00127103 
71613.4 1.40653e+15 0.0109789 -0.0036102 
71629.2 1.40564e+15 0.0109731 -0.00532526 
71644.9 1.40436e+15 0.0109686 -0.00617222 
71660.7 1.40308e+15 0.010966 -0.00605089 
71676.4 1.40223e+15 0.0109652 -0.00501553 
71692.2 1.40196e+15 0.0109648 -0.00326032 
71707.9 1.40204e+15 0.0109625 -0.00108319 
71723.7 1.40199e+15 0.0109566 0.00116554 
71739.4 1.40139e+15 0.0109472 0.00314036 
71755.2 1.40014e+15 0.0109365 0.00455438 
71771 1.39859e+15 0.010928 0.00522114 
71786.7 1.39727e+15 0.0109246 0.00507823 
71802.5 1.39664e+15 0.0109266 0.00419008 
71818.3 1.39673e+15 0.010931 0.00273066 
71834.1 1.39713e+15 0.010933 0.000950041 
71849.8 1.39718e+15 0.0109286 -0.000868698 
71865.6 1.39641e+15 0.0109171 -0.00245483 
71881.4 1.39482e+15 0.0109018 -0.00359016 
71897.2 1.39292e+15 0.0108887 -0.00413823 
71913 1.39146e+15 0.0108833 -0.00405872 
71928.7 1.39096e+15 0.0108869 -0.00340608 
71944.5 1.39139e+15 0.0108956 -0.0023141 
71960.3 1.39215e+15 0.0109024 -0.00096973 
71976.1 1.3924e+15 0.0109005 0.00041851 
71991.9 1.39154e+15 0.0108879 0.00165249 
72007.7 1.38964e+15 0.0108687 0.00257191 
72023.5 1.38736e+15 0.0108509 0.00307362 
72039.3 1.38568e+15 0.0108426 0.00312093 
72055.1 1.38523e+15 0.0108467 0.00274261 
72070.9 1.38597e+15 0.0108591 0.00202293 
72086.8 1.38712e+15 0.0108706 0.00108511 
72102.6 1.38763e+15 0.010872 7.11665e-05 
72118.4 1.38676e+15 0.0108593 -0.000878643 
72134.2 1.38457e+15 0.0108368 -0.00164413 
72150 1.3819e+15 0.0108144 -0.00213908 
72165.8 1.37993e+15 0.0108026 -0.00231948 
72181.7 1.37948e+15 0.0108064 -0.00218564 
72197.5 1.3805e+15 0.0108218 -0.00177865 
72213.3 1.38205e+15 0.0108379 -0.00117187 
72229.2 1.38286e+15 0.0108429 -0.000459122 
72245 1.38203e+15 0.0108309 0.000258923 
72260.8 1.37958e+15 0.0108057 0.000888348 
72276.7 1.37652e+15 0.0107789 0.00135393 
72292.5 1.37424e+15 0.0107635 0.00160796 
72308.4 1.37375e+15 0.0107665 0.0016349 
72324.2 1.37501e+15 0.0107842 0.00145136 
72340.1 1.37696e+15 0.0108044 0.00110154 
72355.9 1.37808e+15 0.0108131 0.000648813 
72371.8 1.3773e+15 0.0108022 0.000164855 
72387.6 1.37463e+15 0.010775 -0.000281902 
72403.5 1.3712e+15 0.0107443 -0.000636655 
72419.4 1.36862e+15 0.0107254 -0.000865665 
72435.2 1.36807e+15 0.0107271 -0.000959512 
72451.1 1.36955e+15 0.0107466 -0.000931694 
72467 1.37185e+15 0.0107705 -0.000812968 
72482.8 1.37327e+15 0.0107826 -0.000642698 
72498.7 1.37255e+15 0.0107731 -0.000459122 
72514.6 1.36969e+15 0.0107444 -0.000290684 
72530.4 1.36592e+15 0.0107104 -0.000150414 
72546.3 1.36308e+15 0.0106882 -3.46823e-05 
72562.2 1.36247e+15 0.0106885 7.33241e-05 
72578.1 1.36413e+15 0.0107093 0.000196169 
72594 1.36675e+15 0.0107363 0.000352565 
72609.9 1.36842e+15 0.0107515 0.000548044 
72625.8 1.36776e+15 0.0107433 0.000768488 
72641.7 1.36473e+15 0.0107136 0.000978621 
72657.6 1.36069e+15 0.0106768 0.00112654 
72673.5 1.35762e+15 0.0106518 0.001154 
72689.4 1.35696e+15 0.0106508 0.00101064 
72705.3 1.35878e+15 0.0106725 0.000669241 
72721.2 1.36165e+15 0.010702 0.000138411 
72737.1 1.36354e+15 0.0107198 -0.000530788 
72753 1.36292e+15 0.0107129 -0.00124677 
72768.9 1.35976e+15 0.0106824 -0.00188884 
72784.8 1.3555e+15 0.0106435 -0.00232688 
72800.7 1.35225e+15 0.0106161 -0.00244639 
72816.7 1.35156e+15 0.0106141 -0.00217405 
72832.6 1.35349e+15 0.0106364 -0.00149864 
72848.5 1.35657e+15 0.0106678 -0.000482219 
72864.4 1.35861e+15 0.0106877 0.000741709 
72880.4 1.35803e+15 0.0106818 0.00198447 
72896.3 1.35477e+15 0.0106509 0.0030311 
72912.2 1.35034e+15 0.0106103 0.00367751 
72928.2 1.34696e+15 0.0105811 0.00376957 
72944.1 1.34625e+15 0.0105781 0.00323662 
72960.1 1.34827e+15 0.0106008 0.00211248 
72976 1.35148e+15 0.0106337 0.000538867 
72992 1.35364e+15 0.0106553 -0.00125094 
73007.9 1.35308e+15 0.0106503 -0.00296666 
73023.9 1.34976e+15 0.0106191 -0.00430865 
73039.8 1.34523e+15 0.0105772 -0.00502081 
73055.8 1.34176e+15 0.0105467 -0.00493915 
73071.7 1.34103e+15 0.0105429 -0.00402694 
73087.7 1.3431e+15 0.0105659 -0.00238914 
73103.7 1.3464e+15 0.0105998 -0.000262252 
73119.6 1.34863e+15 0.0106226 0.00201985 
73135.6 1.34811e+15 0.0106183 0.00407917 
73151.6 1.34476e+15 0.010587 0.00555729 
73167.5 1.34016e+15 0.0105442 0.00617856 
73183.5 1.33664e+15 0.0105126 0.00580145 
73199.5 1.33587e+15 0.0105082 0.00444854 
73215.5 1.33795e+15 0.0105313 0.00230901 
73231.5 1.34131e+15 0.0105661 -0.000287756 
73247.4 1.3436e+15 0.0105899 -0.0029238 
73263.4 1.34313e+15 0.0105863 -0.0051611 
73279.4 1.33979e+15 0.0105548 -0.00661549 
73295.4 1.33516e+15 0.0105112 -0.00702342 
73311.4 1.33156e+15 0.0104786 -0.00628968 
73327.4 1.33075e+15 0.0104737 -0.00450751 
73343.4 1.33281e+15 0.010497 -0.00194713 
73359.4 1.33621e+15 0.0105326 0.000985982 
73375.4 1.33858e+15 0.0105574 0.00381645 
73391.4 1.33818e+15 0.0105543 0.00607723 
73407.4 1.33486e+15 0.0105226 0.00738757 
73423.4 1.33019e+15 0.0104782 0.00751771 
73439.5 1.32652e+15 0.0104447 0.00642907 
73455.5 1.32562e+15 0.0104392 0.00428303 
73471.5 1.32767e+15 0.0104628 0.00141659 
73487.5 1.33111e+15 0.0104994 -0.00171145 
73503.5 1.33359e+15 0.0105253 -0.00459482 
73519.6 1.33328e+15 0.0105227 -0.0067627 
73535.6 1.32999e+15 0.0104906 -0.00785722 
73551.6 1.32526e+15 0.0104452 -0.00769295 
73567.7 1.32147e+15 0.0104105 -0.0062883 
73583.7 1.32048e+15 0.0104046 -0.00386365 
73599.7 1.32251e+15 0.0104287 -0.000806237 
73615.8 1.32604e+15 0.0104666 0.00239234 
73631.8 1.32866e+15 0.0104937 0.00521593 
73647.9 1.32846e+15 0.0104915 0.00720792 
73663.9 1.32518e+15 0.0104588 0.00804571 
73680 1.32034e+15 0.0104119 0.00759338 
73696 1.31639e+15 0.0103759 0.0059239 
73712.1 1.3153e+15 0.0103697 0.00330728 
73728.1 1.31735e+15 0.0103948 0.000166419 
73744.2 1.32103e+15 0.0104343 -0.00299188 
73760.3 1.32382e+15 0.0104628 -0.00565949 
73776.3 1.32372e+15 0.0104609 -0.00740955 
73792.4 1.3204e+15 0.010427 -0.0079655 
73808.5 1.31539e+15 0.0103783 -0.00724521 
73824.5 1.31126e+15 0.0103409 -0.00537318 
73840.6 1.31008e+15 0.0103345 -0.00265887 
73856.7 1.31221e+15 0.010361 0.000455008 
73872.8 1.31609e+15 0.0104026 0.00346546 
73888.8 1.31909e+15 0.0104326 0.00589139 
73904.9 1.31906e+15 0.0104308 0.00735131 
73921 1.31563e+15 0.0103953 0.0076239 
73937.1 1.31039e+15 0.0103443 0.0066816 
73953.2 1.30606e+15 0.0103053 0.00469237 
73969.3 1.30483e+15 0.0102991 0.00198941 
73985.4 1.30712e+15 0.0103275 -0.000985198 
74001.5 1.31126e+15 0.0103716 -0.00375369 
74017.6 1.31446e+15 0.0104033 -0.00588003 
74033.7 1.31446e+15 0.0104011 -0.0070391 
74049.8 1.31084e+15 0.0103634 -0.00706638 
74065.9 1.30533e+15 0.0103097 -0.00598076 
74082 1.3008e+15 0.0102692 -0.00397731 
74098.1 1.29958e+15 0.0102636 -0.00139199 
74114.3 1.3021e+15 0.0102944 0.00135515 
74130.4 1.30654e+15 0.0103415 0.00382867 
74146.5 1.30994e+15 0.0103746 0.00564698 
74162.6 1.30989e+15 0.0103716 0.00654106 
74178.7 1.30601e+15 0.0103312 0.00639373 
74194.9 1.30019e+15 0.0102746 0.00525383 
74211 1.29549e+15 0.0102327 0.00332399 
74227.1 1.29437e+15 0.0102282 0.000924696 
74243.3 1.29718e+15 0.010262 -0.00155892 
74259.4 1.30195e+15 0.0103121 -0.00373877 
74275.5 1.30549e+15 0.0103465 -0.00528408 
74291.7 1.30532e+15 0.0103421 -0.00597112 
74307.8 1.30111e+15 0.0102986 -0.00571489 
74324 1.29497e+15 0.0102389 -0.00457866 
74340.1 1.29017e+15 0.010196 -0.00276045 
74356.3 1.28922e+15 0.0101932 -0.00055907 
74372.4 1.29239e+15 0.0102304 0.00167438 
74388.6 1.29747e+15 0.0102835 0.00359194 
74404.7 1.30108e+15 0.0103187 0.00490261 
74420.9 1.30069e+15 0.0103124 0.00541615 
74437.1 1.29612e+15 0.0102654 0.00507071 
74453.2 1.2897e+15 0.0102029 0.00393995 
74469.4 1.28487e+15 0.0101594 0.00221916 
74485.6 1.28419e+15 0.0101588 0.000192565 
74501.8 1.28773e+15 0.0101996 -0.00181282 
74517.9 1.29307e+15 0.0102554 -0.00347954 
74534.1 1.29667e+15 0.0102909 -0.00455 
74550.3 1.29599e+15 0.0102822 -0.00486674 
74566.5 1.29105e+15 0.0102317 -0.00439634 
74582.7 1.2844e+15 0.0101666 -0.00323316 
74598.9 1.27964e+15 0.0101233 -0.00158232 
74615 1.27928e+15 0.0101253 0.000275363 
74631.2 1.2832e+15 0.0101695 0.00203057 
74647.4 1.28873e+15 0.0102276 0.0033972 
74663.6 1.29221e+15 0.0102627 0.00415978 
74679.8 1.29119e+15 0.0102513 0.00420867 
74696 1.2859e+15 0.0101974 0.00355704 
74712.2 1.27911e+15 0.0101304 0.00233661 
74728.4 1.27452e+15 0.0100877 0.000773049 
74744.7 1.27452e+15 0.0100926 -0.000854817 
74760.9 1.27877e+15 0.0101401 -0.00226469 
74777.1 1.28439e+15 0.0101999 -0.00322053 
74793.3 1.28767e+15 0.0102341 -0.0035735 
74809.5 1.28629e+15 0.0102198 -0.00328661 
74825.7 1.28071e+15 0.0101629 -0.00243879 
74842 1.27389e+15 0.0100946 -0.00120766 
74858.2 1.26954e+15 0.010053 0.000165601 
74874.4 1.2699e+15 0.0100608 0.00142271 
74890.7 1.2744e+15 0.0101111 0.00233707 
74906.9 1.28e+15 0.0101719 0.00275574 
74923.1 1.28302e+15 0.0102048 0.00262653 
74939.4 1.28131e+15 0.0101878 0.00200507 
74955.6 1.27554e+15 0.0101284 0.00104087 
74971.9 1.26879e+15 0.0100594 -5.50095e-05 
74988.1 1.26471e+15 0.0100193 -0.0010538 
75004.4 1.26538e+15 0.0100296 -0.00175574 
75020.6 1.27002e+15 0.0100821 -0.00203013 
75036.9 1.27553e+15 0.0101434 -0.00184066 
75053.1 1.27828e+15 0.0101749 -0.00125099 
75069.4 1.2763e+15 0.0101554 -0.000409345 
75085.6 1.27044e+15 0.0100941 0.000484406 
75101.9 1.26382e+15 0.0100249 0.00122252 
75118.2 1.26001e+15 0.00998627 0.00163467 
75134.4 1.2609e+15 0.00999891 0.00162532 
75150.7 1.26559e+15 0.0100531 0.00119506 
75167 1.27096e+15 0.0101145 0.000441419 
75183.3 1.27347e+15 0.0101445 -0.000461543 
75199.5 1.27132e+15 0.010123 -0.00130057 
75215.8 1.26545e+15 0.0100603 -0.00186992 
75232.1 1.25898e+15 0.00999105 -0.00201758 
75248.4 1.25538e+15 0.00995379 -0.00168108 
75264.7 1.2564e+15 0.00996827 -0.00090488 
75281 1.26109e+15 0.0100237 0.000164793 
75297.3 1.26632e+15 0.0100852 0.00130734 
75313.6 1.26867e+15 0.0101141 0.00227224 
75329.9 1.26643e+15 0.0100909 0.0028318 
75346.2 1.26059e+15 0.010027 0.00283122 
75362.5 1.25423e+15 0.00995768 0.00222552 
75378.8 1.25075e+15 0.00992144 0.00109498 
75395.1 1.25184e+15 0.00993749 -0.000364886 
75411.4 1.2565e+15 0.00999418 -0.00187766 
75427.7 1.26166e+15 0.0100559 -0.0031386 
75444 1.26394e+15 0.0100839 -0.00387542 
75460.3 1.26167e+15 0.0100593 -0.00390507 
75476.6 1.25582e+15 0.00999408 -0.00317509 
75493 1.2495e+15 0.00992434 -0.0017805 
75509.3 1.24606e+15 0.00988891 4.79412e-05 
75525.6 1.24719e+15 0.00990654 0.00198285 
75542 1.2519e+15 0.00996473 0.00365981 
75558.3 1.25708e+15 0.010027 0.00474646 
75574.6 1.25934e+15 0.0100543 0.0050079 
75591 1.25701e+15 0.0100279 0.0043555 
75607.3 1.25109e+15 0.00996104 0.00286932 
75623.6 1.2447e+15 0.00989062 0.000788923 
75640 1.24127e+15 0.00985602 -0.00152624 
75656.3 1.2425e+15 0.00987562 -0.00366037 
75672.7 1.24734e+15 0.00993582 -0.00521707 
75689 1.25263e+15 0.00999891 -0.00589339 
75705.4 1.25488e+15 0.0100252 -0.00553828 
75721.7 1.25241e+15 0.00999662 -0.00418413 
75738.1 1.2463e+15 0.00992745 -0.00204519 
75754.5 1.23979e+15 0.0098562 0.000517481 
75770.8 1.2364e+15 0.00982285 0.0030584 
75787.2 1.23783e+15 0.00984516 0.00512649 
75803.6 1.24293e+15 0.00990794 0.00634603 
75819.9 1.24835e+15 0.00997184 0.006485 
75836.3 1.25053e+15 0.00999654 0.00549858 
75852.7 1.24779e+15 0.00996481 0.00353946 
75869.1 1.24138e+15 0.00989286 0.00093321 
75885.5 1.23474e+15 0.00982099 -0.00187722 
75901.8 1.23149e+15 0.00978974 -0.00440812 
75918.2 1.23327e+15 0.0098157 -0.00621921 
75934.6 1.23871e+15 0.00988145 -0.00699063 
75951 1.24425e+15 0.00994571 -0.00657912 
75967.4 1.24621e+15 0.0099678 -0.00504382 
75983.8 1.24306e+15 0.00993199 -0.00263691 
76000.2 1.23628e+15 0.00985703 0.000238914 
76016.6 1.22958e+15 0.00978521 0.00309894 
76033 1.22664e+15 0.00975722 0.00545894 
76049.4 1.22891e+15 0.00978772 0.00691752 
76065.8 1.23471e+15 0.00985647 0.00722436 
76082.2 1.24025e+15 0.0099202 0.00632266 
76098.6 1.24183e+15 0.00993842 0.00435889 
76115.1 1.23814e+15 0.00989772 0.0016581 
76131.5 1.23102e+15 0.00981996 -0.00133056 
76147.9 1.2244e+15 0.0097493 -0.00410921 
76164.3 1.22193e+15 0.00972586 -0.00621451 
76180.7 1.22478e+15 0.00976154 -0.00729495 
76197.2 1.2309e+15 0.00983284 -0.00716934 
76213.6 1.23628e+15 0.00989478 -0.00585686 
76230 1.23731e+15 0.00990785 -0.00357359 
76246.5 1.23302e+15 0.00986183 -0.000696504 
76262.9 1.22564e+15 0.00978195 0.00229923 
76279.3 1.21928e+15 0.00971384 0.00491905 
76295.8 1.21744e+15 0.00969614 0.00673082 
76312.2 1.2209e+15 0.00973723 0.00743614 
76328.7 1.22722e+15 0.00981017 0.00691935 
76345.1 1.23225e+15 0.00986883 0.00526625 
76361.6 1.2326e+15 0.00987569 0.00274951 
76378 1.22772e+15 0.00982437 -0.000216644 
76394.5 1.22022e+15 0.00974349 -0.003145 
76411 1.21431e+15 0.00967942 -0.00555561 
76427.4 1.2132e+15 0.00966838 -0.00705461 
76443.9 1.21722e+15 0.0097146 -0.00739847 
76460.4 1.22358e+15 0.00978789 -0.00653341 
76476.8 1.22808e+15 0.00984182 -0.00460338 
76493.3 1.22766e+15 0.00984175 -0.00192579 
76509.8 1.22227e+15 0.00978564 0.00106106 
76526.3 1.21484e+15 0.00970517 0.00386995 
76542.7 1.20954e+15 0.00964654 0.0060442 
76559.2 1.20922e+15 0.00964264 0.00723174 
76575.7 1.2137e+15 0.00969325 0.00724179 
76592.2 1.2199e+15 0.00976539 0.00607499 
76608.7 1.22372e+15 0.0098133 0.00392261 
76625.2 1.22252e+15 0.00980605 0.00113494 
76641.7 1.21674e+15 0.00974611 -0.00183563 
76658.2 1.20957e+15 0.0096676 -0.00450777 
76674.7 1.20502e+15 0.00961555 -0.00644862 
76691.2 1.20547e+15 0.00961879 -0.00734333 
76707.7 1.21026e+15 0.00967265 -0.00704564 
76724.2 1.21611e+15 0.00974209 -0.00560149 
76740.7 1.21914e+15 0.00978301 -0.00324213 
76757.2 1.21722e+15 0.00976885 -0.000347538 
76773.7 1.21122e+15 0.00970638 0.00261392 
76790.2 1.2045e+15 0.00963133 0.00516036 
76806.7 1.20076e+15 0.00958662 0.00687401 
76823.3 1.2019e+15 0.00959649 0.00746929 
76839.8 1.20681e+15 0.00965217 0.00684042 
76856.3 1.21214e+15 0.00971748 0.00508073 
76872.9 1.21434e+15 0.00975091 0.00247003 
76889.4 1.2118e+15 0.00973058 -0.000568577 
76905.9 1.20579e+15 0.00966709 -0.00353598 
76922.5 1.19966e+15 0.00959681 -0.00593822 
76939 1.19676e+15 0.00955967 -0.00736846 
76955.5 1.19845e+15 0.0095752 -0.00757633 
76972.1 1.20328e+15 0.00963114 -0.00651276 
76988.6 1.20796e+15 0.0096912 -0.00434211 
77005.2 1.20935e+15 0.00971718 -0.00141853 
77021.7 1.20635e+15 0.00969185 0.00177039 
77038.3 1.20053e+15 0.0096289 0.00468425 
77054.8 1.1951e+15 0.00956429 0.00682144 
77071.4 1.19298e+15 0.00953439 0.00780638 
77088 1.19502e+15 0.00955424 0.00745688 
77104.5 1.19957e+15 0.00960896 0.00581953 
77121.1 1.20352e+15 0.00966312 0.00316564 
77137.7 1.20421e+15 0.00968227 -5.23493e-05 
77154.2 1.20097e+15 0.00965341 -0.00327747 
77170.8 1.19552e+15 0.00959233 -0.005945 
77187.4 1.19082e+15 0.00953374 -0.00758246 
77204 1.18932e+15 0.00951019 -0.00789499 
77220.5 1.1915e+15 0.00953285 -0.00682025 
77237.1 1.19563e+15 0.0095852 -0.0045424 
77253.7 1.19888e+15 0.00963347 -0.00146162 
77270.3 1.19904e+15 0.0096469 0.0018758 
77286.9 1.19578e+15 0.00961599 0.00487489 
77303.5 1.1908e+15 0.00955766 0.00699926 
77320.1 1.18676e+15 0.00950475 0.00786878 
77336.7 1.18569e+15 0.00948628 0.00732936 
77353.3 1.18779e+15 0.00951035 0.00548185 
77369.9 1.19143e+15 0.00955981 0.00266416 
77386.5 1.1941e+15 0.00960281 -0.000610237 
77403.1 1.19396e+15 0.00961191 -0.00374639 
77419.7 1.19085e+15 0.00958013 -0.0061771 
77436.3 1.18635e+15 0.00952474 -0.00746704 
77453 1.18281e+15 0.0094766 -0.00739231 
77469.6 1.18193e+15 0.0094618 -0.00598053 
77486.2 1.18384e+15 0.00948639 -0.00350421 
77502.8 1.18704e+15 0.00953314 -0.000428494 
77519.4 1.18934e+15 0.00957201 0.00267646 
77536.1 1.1891e+15 0.00957805 0.00524205 
77552.7 1.18621e+15 0.00954597 0.00680658 
77569.3 1.18208e+15 0.00949296 0.00709953 
77586 1.17881e+15 0.00944834 0.00608927 
77602.6 1.17795e+15 0.00943616 0.00398547 
77619.3 1.17965e+15 0.00946112 0.00119648 
77635.9 1.18258e+15 0.00950599 -0.00174995 
77652.5 1.18472e+15 0.00954198 -0.00430702 
77669.2 1.18453e+15 0.00954572 -0.00601106 
77685.8 1.18181e+15 0.00951308 -0.00656647 
77702.5 1.17784e+15 0.00946139 -0.00589745 
77719.2 1.17463e+15 0.00941917 -0.00415756 
77735.8 1.17372e+15 0.00940924 -0.00169604 
77752.5 1.17534e+15 0.00943519 0.00101191 
77769.1 1.17823e+15 0.00947938 0.0034569 
77785.8 1.18038e+15 0.00951335 0.00519152 
77802.5 1.18021e+15 0.00951474 0.00591251 
77819.2 1.17748e+15 0.00948058 0.00551392 
77835.8 1.17347e+15 0.00942905 0.00410179 
77852.5 1.17021e+15 0.00938872 0.00196865 
77869.2 1.16934e+15 0.00938152 -0.000466365 
77885.9 1.17108e+15 0.00940964 -0.00273962 
77902.5 1.17411e+15 0.00945414 -0.00443115 
77919.2 1.17631e+15 0.00948619 -0.00524215 
77935.9 1.17603e+15 0.00948434 -0.00504757 
77952.6 1.17306e+15 0.0094474 -0.00391437 
77969.3 1.16884e+15 0.00939532 -0.00208338 
77986 1.16558e+15 0.00935723 8.11586e-05 
78002.7 1.16494e+15 0.00935399 0.00216354 
78019.4 1.16703e+15 0.00938549 0.0037761 
78036.1 1.1703e+15 0.00943062 0.00463094 
78052.8 1.17244e+15 0.00945992 0.00459081 
78069.5 1.1718e+15 0.00945338 0.0036901 
78086.2 1.16841e+15 0.00941265 0.00212311 
78103 1.16397e+15 0.00936017 0.000202812 
78119.7 1.16087e+15 0.0093256 -0.00170123 
78136.4 1.16071e+15 0.00932783 -0.00323352 
78153.1 1.1633e+15 0.0093634 -0.00411833 
78169.8 1.16674e+15 0.00940849 -0.00420851 
78186.6 1.16858e+15 0.00943343 -0.00350885 
78203.3 1.16735e+15 0.00942076 -0.00217056 
78220 1.16345e+15 0.009376 -0.000458901 
78236.8 1.15894e+15 0.00932429 0.00129917 
78253.5 1.15629e+15 0.00929506 0.00277695 
78270.2 1.15682e+15 0.00930397 0.00370795 
78287 1.15989e+15 0.00934332 0.00393292 
78303.7 1.16328e+15 0.00938675 0.00342587 
78320.5 1.16455e+15 0.00940544 0.00229511 
78337.2 1.16258e+15 0.00938582 0.000759964 
78354 1.15826e+15 0.00933786 -0.000891744 
78370.7 1.15395e+15 0.00928891 -0.00235728 
78387.5 1.15201e+15 0.0092668 -0.00337363 
78404.2 1.15331e+15 0.00928274 -0.00376362 
78421 1.1567e+15 0.00932449 -0.00346545 
78437.8 1.15973e+15 0.00936404 -0.00254127 
78454.5 1.16019e+15 0.00937494 -0.00116371 
78471.3 1.15747e+15 0.00934859 0.000416534 
78488.1 1.15299e+15 0.00929932 0.00191596 
78504.8 1.1492e+15 0.00925543 0.00306831 
78521.6 1.14815e+15 0.00924157 0.00367073 
78538.4 1.15012e+15 0.00926369 0.0036182 
78555.2 1.15352e+15 0.00930555 0.00292085 
78572 1.15588e+15 0.00933904 0.0017013 
78588.8 1.15543e+15 0.00934158 0.000172978 
78605.5 1.15217e+15 0.00930994 -0.00139693 
78622.3 1.14785e+15 0.00926189 -0.00273336 
78639.1 1.14487e+15 0.00922494 -0.00360057 
78655.9 1.1447e+15 0.0092193 -0.00384266 
78672.7 1.14708e+15 0.00924561 -0.00341075 
78689.5 1.15012e+15 0.00928498 -0.00237215 
78706.3 1.15161e+15 0.00931095 -0.000900016 
78723.1 1.15034e+15 0.00930583 0.000755149 
78739.9 1.14687e+15 0.00927133 0.00230739 
78756.8 1.14308e+15 0.00922699 0.00348391 
78773.6 1.141e+15 0.00919787 0.00407219 
78790.4 1.14154e+15 0.00919906 0.00395774 
78807.2 1.14394e+15 0.00922687 0.00314583 
78824 1.14633e+15 0.00926157 0.00176309 
78840.9 1.14692e+15 0.00927983 3.83078e-05 
78857.7 1.14512e+15 0.00926902 -0.00173479 
78874.5 1.14182e+15 0.00923443 -0.00324701 
78891.3 1.13878e+15 0.00919552 -0.00422702 
78908.2 1.13754e+15 0.00917366 -0.00448959 
78925 1.13843e+15 0.00917926 -0.00397009 
78941.9 1.14048e+15 0.00920591 -0.00273901 
78958.7 1.14207e+15 0.00923485 -0.000993326 
78975.5 1.14196e+15 0.00924668 0.000974496 
78992.4 1.14002e+15 0.00923291 0.00282501 
79009.2 1.13721e+15 0.00920058 0.00422989 
79026.1 1.13498e+15 0.00916741 0.00492981 
79043 1.13428e+15 0.00915091 0.00478184 
79059.8 1.13511e+15 0.00915808 0.00378786 
79076.7 1.13656e+15 0.00918176 0.00209849 
79093.5 1.13743e+15 0.00920542 -9.04784e-06 
79110.4 1.13698e+15 0.00921325 -0.00217583 
79127.3 1.13528e+15 0.00919923 -0.00402185 
79144.1 1.13314e+15 0.00917026 -0.00521223 
79161 1.1315e+15 0.00914157 -0.00551744 
79177.9 1.13094e+15 0.00912766 -0.00485708 
79194.8 1.13137e+15 0.00913405 -0.00331864 
79211.6 1.13217e+15 0.00915447 -0.00114748 
79228.5 1.13261e+15 0.00917483 0.00129145 
79245.4 1.13224e+15 0.00918153 0.00357418 
79262.3 1.13107e+15 0.00916903 0.00529086 
79279.2 1.12951e+15 0.00914283 0.00611894 
79296.1 1.1281e+15 0.00911607 0.00588343 
79313 1.12726e+15 0.00910202 0.00459311 
79329.9 1.12711e+15 0.00910663 0.00244535 
79346.8 1.12747e+15 0.00912525 -0.000202692 
79363.7 1.12792e+15 0.00914526 -0.0028924 
79380.6 1.12801e+15 0.00915316 -0.0051426 
79397.5 1.12741e+15 0.00914226 -0.00653543 
79414.4 1.1261e+15 0.00911655 -0.00679399 
79431.3 1.12445e+15 0.00908865 -0.00583741 
79448.2 1.12304e+15 0.00907278 -0.00380231 
79465.2 1.12241e+15 0.00907654 -0.00102541 
79482.1 1.12275e+15 0.00909631 0.00201116 
79499 1.12367e+15 0.00911886 0.00476317 
79515.9 1.12439e+15 0.00912877 0.00672207 
79532.9 1.12411e+15 0.00911753 0.00750958 
79549.8 1.12258e+15 0.00908893 0.00695139 
79566.7 1.12027e+15 0.00905745 0.00511553 
79583.7 1.11825e+15 0.00904 0.00230686 
79600.6 1.11752e+15 0.0090458 -0.00098275 
79617.5 1.11836e+15 0.00907025 -0.00416061 
79634.5 1.12007e+15 0.00909702 -0.00664077 
79651.4 1.1213e+15 0.00910752 -0.00795322 
79668.4 1.12086e+15 0.00909228 -0.00783414 
79685.3 1.11857e+15 0.00905744 -0.00627965 
79702.3 1.11543e+15 0.00902172 -0.00355186 
79719.2 1.1131e+15 0.00900532 -0.000134964 
79736.2 1.11284e+15 0.00901731 0.00335128 
79753.2 1.11465e+15 0.00904926 0.00626525 
79770.1 1.11716e+15 0.00907968 0.0080631 
79787.1 1.11845e+15 0.00908704 0.00840168 
79804.1 1.11724e+15 0.00906346 0.00720506 
79821 1.11384e+15 0.00902045 0.00468136 
79838 1.11002e+15 0.00898244 0.00128626 
79855 1.10796e+15 0.00897172 -0.00236031 
79872 1.10877e+15 0.00899406 -0.00558898 
79888.9 1.11176e+15 0.00903423 -0.00780546 
79905.9 1.11473e+15 0.00906493 -0.00860136 
79922.9 1.11539e+15 0.0090639 -0.00783031 
79939.9 1.11286e+15 0.00902845 -0.00563491 
79956.9 1.10833e+15 0.00897802 -0.00241972 
79973.9 1.10438e+15 0.0089424 0.00122466 
79990.9 1.10331e+15 0.00894284 0.00463166 
80007.9 1.10562e+15 0.00897799 0.00718221 
80024.9 1.10958e+15 0.00902401 0.00841839 
80041.9 1.11232e+15 0.00904925 0.00812615 
80058.9 1.11164e+15 0.00903459 0.00637194 
80075.9 1.10754e+15 0.00898622 0.00348739 
80092.9 1.1023e+15 0.00893237 5.26887e-06 
80109.9 1.09901e+15 0.0089056 -0.0034403 
80127 1.09958e+15 0.0089217 -0.00623057 
80144 1.10341e+15 0.00896905 -0.00787401 
80161 1.10774e+15 0.0090154 -0.00809291 
80178 1.10939e+15 0.00902846 -0.00686956 
80195.1 1.10687e+15 0.00899685 -0.00444443 
80212.1 1.10143e+15 0.00893803 -0.001268 
80229.1 1.09627e+15 0.00888751 0.00208403 
80246.2 1.09447e+15 0.00887605 0.00501588 
80263.2 1.09696e+15 0.00890956 0.00701785 
80280.2 1.10185e+15 0.00896476 0.00775454 
80297.3 1.10564e+15 0.00900388 0.00712001 
80314.3 1.10547e+15 0.00899906 0.00525099 
80331.4 1.10107e+15 0.00895066 0.00249725 
80348.4 1.09497e+15 0.00888742 -0.000644554 
80365.5 1.09082e+15 0.00884813 -0.00362081 
80382.5 1.09108e+15 0.00885639 -0.00591836 
80399.6 1.09529e+15 0.00890511 -0.00715223 
80416.6 1.10039e+15 0.00896074 -0.00712902 
80433.7 1.10271e+15 0.00898496 -0.00587566 
80450.8 1.10038e+15 0.00895958 -0.00362977 
80467.8 1.09456e+15 0.00889861 -0.000794392 
80484.9 1.08876e+15 0.00883933 0.00213434 
80502 1.08646e+15 0.00881812 0.00465345 
80519.1 1.08887e+15 0.00884676 0.00633863 
80536.1 1.0941e+15 0.0089046 0.00691459 
80553.2 1.0984e+15 0.0089519 0.00629885 
80570.3 1.09861e+15 0.00895569 0.00461247 
80587.4 1.09428e+15 0.00891126 0.00215635 
80604.5 1.08792e+15 0.00884531 -0.000642026 
80621.6 1.08339e+15 0.00879857 -0.00330224 
80638.7 1.08335e+15 0.00879923 -0.00537245 
80655.8 1.0875e+15 0.00884461 -0.00650514 
80672.9 1.09277e+15 0.00890293 -0.00651469 
80690 1.09539e+15 0.00893405 -0.00540741 
80707.1 1.09332e+15 0.00891568 -0.00337926 
80724.2 1.08764e+15 0.00885778 -0.000781787 
80741.3 1.08176e+15 0.00879602 0.00193789 
80758.4 1.07923e+15 0.00876839 0.00431311 
80775.5 1.08136e+15 0.00879046 0.00593691 
80792.6 1.0864e+15 0.00884539 0.0065313 
80809.8 1.09071e+15 0.00889509 0.00599485 
80826.9 1.09115e+15 0.00890515 0.00442043 
80844 1.08716e+15 0.00886721 0.0020799 
80861.1 1.08108e+15 0.00880421 -0.00062189 
80878.3 1.07659e+15 0.00875512 -0.00321621 
80895.4 1.0763e+15 0.00874952 -0.00525116 
80912.5 1.08003e+15 0.00878841 -0.00637012 
80929.7 1.08497e+15 0.00884388 -0.0063744 
80946.8 1.08757e+15 0.00887758 -0.00525913 
80964 1.08583e+15 0.00886576 -0.00321561 
80981.1 1.08065e+15 0.00881454 -0.000599474 
80998.3 1.07514e+15 0.00875555 0.00213039 
81015.4 1.0726e+15 0.00872501 0.00449179 
81032.6 1.07432e+15 0.00874016 0.00606427 
81049.7 1.0788e+15 0.00878832 0.00656414 
81066.9 1.08275e+15 0.00883561 0.0058963 
81084 1.08328e+15 0.00884922 0.00417299 
81101.2 1.0798e+15 0.00881877 0.00169591 
81118.4 1.07434e+15 0.00876263 -0.00109584 
81135.5 1.07018e+15 0.00871552 -0.00370307 
81152.7 1.06972e+15 0.00870565 -0.0056556 
81169.9 1.07285e+15 0.00873658 -0.00659724 
81187.1 1.07716e+15 0.00878532 -0.00635127 
81204.2 1.07949e+15 0.0088178 -0.00495432 
81221.4 1.07805e+15 0.00881118 -0.00265196 
81238.6 1.07355e+15 0.00876847 0.000143649 
81255.8 1.06868e+15 0.00871599 0.002927 
81273 1.06633e+15 0.00868583 0.00519041 
81290.2 1.06766e+15 0.00869487 0.0065167 
81307.4 1.0714e+15 0.0087342 0.00665655 
81324.6 1.07474e+15 0.00877548 0.00557598 
81341.8 1.0752e+15 0.00878982 0.00346491 
81359 1.07223e+15 0.00876651 0.000704626 
81376.2 1.06756e+15 0.00871952 -0.00220046 
81393.4 1.06397e+15 0.00867779 -0.00471463 
81410.6 1.06348e+15 0.00866606 -0.00636962 
81427.8 1.06601e+15 0.00868893 -0.00685221 
81445 1.06951e+15 0.00872847 -0.00606403 
81462.2 1.07135e+15 0.00875649 -0.00414226 
81479.5 1.07006e+15 0.00875311 -0.0014367 
81496.7 1.06627e+15 0.00871943 0.00155319 
81513.9 1.06224e+15 0.00867611 0.00427 
81531.1 1.0603e+15 0.00864936 0.00620215 
81548.4 1.06135e+15 0.00865378 0.00698047 
81565.6 1.06429e+15 0.00868328 0.00644925 
81582.8 1.06681e+15 0.00871578 0.00469807 
81600.1 1.06696e+15 0.0087281 0.00204779 
81617.3 1.06442e+15 0.00871099 -0.00100737 
81634.6 1.06065e+15 0.00867461 -0.00389144 
81651.8 1.05788e+15 0.0086411 -0.00605502 
81669.1 1.05758e+15 0.00862983 -0.00708008 
81686.3 1.05953e+15 0.00864496 -0.00676131 
81703.6 1.06204e+15 0.00867344 -0.00514793 
81720.8 1.06312e+15 0.00869425 -0.00253746 
81738.1 1.06182e+15 0.00869235 0.000578162 
81755.3 1.0588e+15 0.00866805 0.00360468 
81772.6 1.05583e+15 0.00863605 0.00595855 
81789.9 1.05457e+15 0.00861516 0.00717967 
81807.1 1.05544e+15 0.00861602 0.00702189 
81824.4 1.05743e+15 0.00863471 0.00550343 
81841.7 1.05886e+15 0.00865618 0.00290668 
81859 1.0585e+15 0.00866456 -0.000273292 
81876.2 1.0564e+15 0.00865338 -0.00342256 
81893.5 1.05376e+15 0.00862905 -0.00592671 
81910.8 1.05206e+15 0.00860582 -0.00729098 
81928.1 1.05205e+15 0.0085962 -0.00723879 
81945.4 1.05329e+15 0.0086031 -0.00576858 
81962.7 1.05455e+15 0.00861885 -0.00315744 
81980 1.05468e+15 0.00863089 9.03132e-05 
81997.3 1.05338e+15 0.00863014 0.00334016 
82014.6 1.05134e+15 0.00861629 0.00595143 
82031.9 1.0497e+15 0.00859715 0.00740418 
82049.2 1.0492e+15 0.00858294 0.00740353 
82066.5 1.04974e+15 0.00857972 0.00594043 
82083.8 1.05052e+15 0.00858625 0.00329602 
82101.1 1.05066e+15 0.00859563 -1.18521e-05 
82118.4 1.04984e+15 0.00860017 -0.00333012 
82135.8 1.04844e+15 0.0085961 -0.00599986 
82153.1 1.04719e+15 0.00858507 -0.00748802 
82170.4 1.04663e+15 0.00857238 -0.00749474 
82187.7 1.04672e+15 0.00856338 -0.00601463 
82205.1 1.04695e+15 0.00856056 -0.00333908 
82222.4 1.04677e+15 0.00856285 1.11593e-06 
82239.7 1.04603e+15 0.00856686 0.0033416 
82257.1 1.04504e+15 0.008569 0.0060175 
82274.4 1.0443e+15 0.00856699 0.00749686 
82291.7 1.04403e+15 0.00856055 0.00748727 
82309.1 1.04404e+15 0.00855125 0.00599422 
82326.4 1.04387e+15 0.00854186 0.0033193 
82343.8 1.04321e+15 0.00853544 -1.38664e-06 
82361.1 1.04221e+15 0.00853401 -0.00330567 
82378.5 1.04132e+15 0.00853729 -0.00593868 
82395.8 1.04097e+15 0.00854227 -0.00738371 
82413.2 1.04117e+15 0.00854433 -0.00736437 
82430.6 1.04144e+15 0.00853976 -0.00589743 
82447.9 1.04117e+15 0.00852841 -0.00328627 
82465.3 1.04011e+15 0.00851456 -5.70954e-05 
82482.7 1.03862e+15 0.00850486 0.00314861 
82500.1 1.03748e+15 0.00850421 0.00570291 
82517.4 1.03726e+15 0.0085121 0.00711538 
82534.8 1.03792e+15 0.00852212 0.00712747 
82552.2 1.03869e+15 0.00852562 0.00575906 
82569.6 1.03866e+15 0.00851734 0.00329889 
82587 1.03742e+15 0.00849959 0.000242325 
82604.3 1.03544e+15 0.00848141 -0.00281001 
82621.7 1.03377e+15 0.00847304 -0.00527154 
82639.1 1.03335e+15 0.00847891 -0.00668297 
82656.5 1.03425e+15 0.008494 -0.00679752 
82673.9 1.0356e+15 0.0085065 -0.00562239 
82691.3 1.0361e+15 0.00850548 -0.00340995 
82708.7 1.03502e+15 0.00848854 -0.000602248 
82726.1 1.0327e+15 0.0084641 0.00225882 
82743.6 1.0304e+15 0.00844633 0.00463692 
82761 1.02945e+15 0.0084457 0.00610177 
82778.4 1.03029e+15 0.00846146 0.00640583 
82795.8 1.03209e+15 0.00848149 0.00552376 
82813.2 1.03329e+15 0.0084901 0.00364918 
82830.6 1.0327e+15 0.00847865 0.00115115 
82848.1 1.03033e+15 0.00845192 -0.00149959 
82865.5 1.02746e+15 0.00842545 -0.00381967 
82882.9 1.02578e+15 0.00841529 -0.00540056 
82900.4 1.0262e+15 0.00842693 -0.00597883 
82917.8 1.02819e+15 0.00845109 -0.00547756 
82935.2 1.0301e+15 0.00846948 -0.00401307 
82952.7 1.03026e+15 0.00846715 -0.00186752 
82970.1 1.0282e+15 0.00844284 0.000566131 
82987.6 1.02497e+15 0.0084104 0.00285588 
83005 1.02248e+15 0.00838968 0.00460635 
83022.5 1.02218e+15 0.00839312 0.00552519 
83039.9 1.02402e+15 0.00841689 0.0054697 
83057.4 1.02646e+15 0.00844312 0.00446671 
83074.8 1.02751e+15 0.00845176 0.00270361 
83092.3 1.0261e+15 0.00843434 0.000493051 
83109.8 1.02284e+15 0.00840003 -0.00178197 
83127.2 1.01965e+15 0.00836984 -0.00373324 
83144.7 1.01843e+15 0.0083624 -0.00503191 
83162.2 1.01975e+15 0.00838116 -0.00546212 
83179.7 1.02243e+15 0.00841167 -0.00495546 
83197.1 1.02434e+15 0.00843116 -0.00360101 
83214.6 1.02384e+15 0.00842398 -0.00162964 
83232.1 1.02094e+15 0.00839245 0.000624588 
83249.6 1.01728e+15 0.00835561 0.00277991 
83267.1 1.01509e+15 0.00833645 0.00447002 
83284.6 1.01557e+15 0.00834626 0.00540504 
83302.1 1.01813e+15 0.00837665 0.00542028 
83319.6 1.02073e+15 0.00840504 0.0045048 
83337.1 1.02128e+15 0.00840987 0.00280489 
83354.6 1.01908e+15 0.00838541 0.000601561 
83372.1 1.01529e+15 0.00834588 -0.00173483 
83389.6 1.01221e+15 0.00831601 -0.00380561 
83407.1 1.01163e+15 0.00831424 -0.0052507 
83424.6 1.0137e+15 0.00834005 -0.00581055 
83442.1 1.01671e+15 0.00837402 -0.00537227 
83459.6 1.01831e+15 0.0083909 -0.00399213 
83477.1 1.01709e+15 0.00837685 -0.00188979 
83494.7 1.01355e+15 0.008339 0.000585465 
83512.2 1.00979e+15 0.00830088 0.00301157 
83529.7 1.00807e+15 0.00828651 0.00496458 
83547.3 1.00931e+15 0.00830389 0.00609194 
83564.8 1.01238e+15 0.00833941 0.00617565 
83582.3 1.01491e+15 0.00836681 0.00517401 
83599.9 1.01485e+15 0.00836513 0.00323419 
83617.4 1.01191e+15 0.00833306 0.000672255 
83634.9 1.00777e+15 0.00829018 -0.00207684 
83652.5 1.00495e+15 0.0082637 -0.00453189 
83670 1.00511e+15 0.00826993 -0.00624866 
83687.6 1.00788e+15 0.00830287 -0.0068997 
83705.1 1.0111e+15 0.00833809 -0.00633637 
83722.7 1.01225e+15 0.00834927 -0.00462161 
83740.3 1.01021e+15 0.00832632 -0.00202635 
83757.8 1.00603e+15 0.00828254 0.00101135 
83775.4 1.00226e+15 0.00824577 0.00395871 
83793 1.00121e+15 0.00823939 0.0062805 
83810.5 1.00335e+15 0.0082661 0.0075357 
83828.1 1.00696e+15 0.00830575 0.00746097 
83845.7 1.00927e+15 0.00832896 0.00602545 
83863.3 1.00834e+15 0.00831736 0.00344544 
83880.8 1.00446e+15 0.00827642 0.000154522 
83898.4 9.99964e+14 0.00823207 -0.00326754 
83916 9.97677e+14 0.00821295 -0.00619583 
83933.6 9.98929e+14 0.00823057 -0.00807395 
83951.2 1.00262e+15 0.00827106 -0.00851984 
83968.8 1.00591e+15 0.00830443 -0.00740352 
83986.4 1.00619e+15 0.00830524 -0.00488103 
84004 1.0029e+15 0.00827038 -0.00137613 
84021.6 9.97981e+14 0.00822163 0.00248905 
84039.2 9.94539e+14 0.00819073 0.00600358 
84056.8 9.94722e+14 0.00819741 0.00849841 
84074.4 9.98168e+14 0.00823537 0.00947419 
84092 1.00221e+15 0.00827632 0.00870176 
84109.6 1.00371e+15 0.0082895 0.00627497 
84127.2 1.00126e+15 0.00826322 0.0026037 
84144.9 9.96212e+14 0.00821332 -0.00165376 
84162.5 9.91782e+14 0.00817245 -0.00570821 
84180.1 9.90809e+14 0.00816733 -0.00878625 
84197.7 9.93737e+14 0.00819986 -0.0102786 
84215.4 9.98255e+14 0.00824548 -0.00986189 
84233 1.00089e+15 0.0082701 -0.00756837 
84250.6 9.99432e+14 0.00825404 -0.00378997 
84268.3 9.94557e+14 0.00820606 0.000787664 
84285.9 9.89366e+14 0.00815757 0.00530955 
84303.6 9.87236e+14 0.00814067 0.00891181 
84321.2 9.8942e+14 0.00816549 0.010888 
84338.9 9.9412e+14 0.0082128 0.0108287 
84356.5 9.97724e+14 0.00824726 0.00870754 
84374.2 9.97353e+14 0.00824228 0.00489342 
84391.8 9.92921e+14 0.00819892 8.76447e-05 
84409.5 9.87234e+14 0.00814543 -0.00480569 
84427.2 9.84023e+14 0.00811747 -0.00885092 
84444.8 9.85296e+14 0.00813295 -0.0112613 
84462.5 9.89885e+14 0.00817912 -0.0115534 
84480.2 9.94251e+14 0.0082214 -0.00964548 
84497.8 9.9498e+14 0.00822768 -0.00587813 
84515.5 9.91224e+14 0.00819115 -0.000954095 
84533.2 9.85324e+14 0.00813535 0.00419392 
84550.9 9.81166e+14 0.0080976 0.00858139 
84568.5 9.8142e+14 0.0081027 0.0113622 
84586.2 9.85628e+14 0.00814516 0.0119933 
84603.9 9.90511e+14 0.00819297 0.0103425 
84621.6 9.92296e+14 0.00821012 0.00671556 
84639.3 9.89401e+14 0.0081822 0.00179995 
84657 9.8357e+14 0.00812671 -0.00346737 
84674.7 9.78645e+14 0.00808081 -0.00808024 
84692.4 9.77831e+14 0.00807502 -0.0111576 
84710.1 9.81414e+14 0.00811151 -0.0121138 
84727.8 9.86553e+14 0.00816245 -0.0107706 
84745.5 9.89299e+14 0.00818965 -0.00739095 
84763.2 9.87402e+14 0.00817164 -0.00262632 
84781 9.81911e+14 0.00811897 0.00261066 
84798.7 9.76428e+14 0.00806681 0.00732326 
84816.4 9.74547e+14 0.00805007 0.0106224 
84834.1 9.773e+14 0.00807864 0.0118962 
84851.9 9.82431e+14 0.00813028 0.0109234 
84869.6 9.86002e+14 0.00816635 0.00791161 
84887.3 9.8519e+14 0.00815917 0.00345135 
84905 9.80286e+14 0.00811165 -0.00160149 
84922.8 9.74476e+14 0.0080553 -0.00629231 
84940.5 9.71577e+14 0.00802796 -0.00974997 
84958.3 9.73336e+14 0.00804697 -0.0113495 
84976 9.78199e+14 0.0080969 -0.0108244 
84993.8 9.82426e+14 0.00814036 -0.00830926 
85011.5 9.8274e+14 0.00814451 -0.00430525 
85029.3 9.7864e+14 0.00810427 0.000421714 
85047 9.72742e+14 0.00804595 0.00498944 
85064.8 9.68919e+14 0.00800872 0.00856525 
85082.5 9.69565e+14 0.00801691 0.0105176 
85100.3 9.73916e+14 0.00806275 0.0105262 
85118.1 9.78603e+14 0.00811185 0.00863104 
85135.8 9.80032e+14 0.00812744 0.00521533 
85153.6 9.76918e+14 0.00809636 0.000925949 
85171.4 9.71175e+14 0.0080384 -0.00345014 
85189.2 9.66559e+14 0.0079924 -0.00713038 
85206.9 9.66022e+14 0.00798884 -0.0094753 
85224.7 9.6964e+14 0.00802831 -0.0100971 
85242.5 9.74571e+14 0.00808102 -0.00892046 
85260.3 9.77057e+14 0.00810772 -0.00618702 
85278.1 9.75068e+14 0.00808743 -0.00240481 
85295.9 9.69719e+14 0.00803224 0.00174639 
85313.7 9.64479e+14 0.00797895 0.00553619 
85331.5 9.62741e+14 0.00796315 0.00830992 
85349.3 9.65432e+14 0.00799412 0.00959897 
85367.1 9.70376e+14 0.00804817 0.00919716 
85384.9 9.73813e+14 0.00808521 0.00719154 
85402.7 9.73042e+14 0.00807695 0.00394365 
85420.5 9.68313e+14 0.00802696 2.51026e-05 
85438.3 9.62652e+14 0.00796825 -0.00388113 
85456.1 9.59744e+14 0.0079402 -0.00709733 
85474 9.61351e+14 0.00796077 -0.00906622 
85491.8 9.66068e+14 0.00801371 -0.00944577 
85509.6 9.70305e+14 0.0080598 -0.00816804 
85527.4 9.70797e+14 0.00806442 -0.00545184 
85545.3 9.66896e+14 0.00802198 -0.00176689 
85563.1 9.61039e+14 0.00796008 0.00224534 
85580.9 9.57048e+14 0.00792029 0.00588119 
85598.8 9.57451e+14 0.00792887 0.00849672 
85616.6 9.61705e+14 0.00797812 0.00962109 
85634.4 9.66551e+14 0.00803153 0.00904165 
85652.3 9.68298e+14 0.00804936 0.00684515 
85670.1 9.65408e+14 0.00801665 0.00340686 
85688 9.59598e+14 0.00795407 -0.000671792 
85705.9 9.54655e+14 0.00790359 -0.00466708 
85723.7 9.53783e+14 0.00789902 -0.00786072 
85741.6 9.57344e+14 0.00794202 -0.00966912 
85759.4 9.62579e+14 0.00800058 -0.00975057 
85777.3 9.65523e+14 0.00803138 -0.00807083 
85795.2 9.6379e+14 0.00801031 -0.00491387 
85813 9.58276e+14 0.00794973 -0.000835104 
85830.9 9.52555e+14 0.00789014 0.00343566 
85848.8 9.50383e+14 0.00787178 0.0071246 
85866.7 9.53048e+14 0.00790609 0.0095543 
85884.5 9.58431e+14 0.00796729 0.0102685 
85902.4 9.62465e+14 0.00801026 0.00911846 
85920.3 9.61993e+14 0.00800227 0.0062937 
85938.2 9.57014e+14 0.00794642 0.00229186 
85956.1 9.5072e+14 0.00787979 -0.00216857 
85974 9.47275e+14 0.00784757 -0.00627702 
85991.9 9.48875e+14 0.00787106 -0.00927792 
86009.8 9.54159e+14 0.00793218 -0.0106097 
86027.7 9.59135e+14 0.00798592 -0.01001 
86045.6 9.59976e+14 0.00799195 -0.00756723 
86063.5 9.55747e+14 0.0079434 -0.00370898 
86081.4 9.49108e+14 0.00787217 0.00087214 
86099.3 9.4447e+14 0.00782669 0.00534212 
86117.2 9.44881e+14 0.00783765 0.0088768 
86135.2 9.49828e+14 0.00789591 0.0108135 
86153.1 9.55559e+14 0.0079585 0.0107752 
86171 9.57708e+14 0.00797884 0.00874438 
86188.9 9.5441e+14 0.00793991 0.00507136 
86206.9 9.47662e+14 0.00786678 0.000415465 
86224.8 9.41961e+14 0.00780924 -0.00437232 
86242.7 9.41114e+14 0.00780654 -0.00840402 
86260.7 9.45507e+14 0.00785925 -0.0109191 
86278.6 9.51778e+14 0.00792833 -0.0114283 
86296.6 9.55174e+14 0.00796259 -0.00980946 
86314.5 9.52937e+14 0.00793514 -0.00633656 
86332.4 9.46318e+14 0.00786293 -0.00163547 
86350.4 9.39728e+14 0.00779513 0.00342773 
86368.4 9.37615e+14 0.0077783 0.00790559 
86386.3 9.41268e+14 0.00782303 0.0109467 
86404.3 9.47845e+14 0.00789591 0.0119585 
86422.2 9.52367e+14 0.00794302 0.0107236 
86440.2 9.51273e+14 0.00792836 0.00744801 
86458.2 9.45005e+14 0.00785984 0.00272818 
86476.1 9.37737e+14 0.00778408 -0.00255612 
86494.1 9.34411e+14 0.00775334 -0.0074057 
86512.1 9.37179e+14 0.00778806 -0.0108916 
86530.1 9.43821e+14 0.00786188 -0.0123342 
86548 9.49299e+14 0.00792016 -0.0114378 
86566 9.49368e+14 0.00791896 -0.00835192 
86584 9.43651e+14 0.00785671 -0.00364891 
86602 9.35945e+14 0.00777568 0.00178214 
86620 9.31516e+14 0.00773192 0.00690365 
86638 9.33302e+14 0.0077551 0.0107291 
86656 9.39768e+14 0.00782698 0.0125147 
86674 9.4599e+14 0.0078942 0.011906 
86692 9.47188e+14 0.00790647 0.00900988 
86710 9.42192e+14 0.00785273 0.00437658 
86728 9.34303e+14 0.00776933 -0.00110468 
86746 9.28932e+14 0.00771408 -0.00637741 
86764 9.29685e+14 0.00772479 -0.0104232 
86782 9.35751e+14 0.00779195 -0.0124603 
86800.1 9.42473e+14 0.00786548 -0.0120968 
86818.1 9.44713e+14 0.00789058 -0.0094071 
86836.1 9.4057e+14 0.00784718 -0.00491719 
86854.1 9.32757e+14 0.0077644 0.000498893 
86872.2 9.26644e+14 0.00769971 0.0057906 
86890.2 9.26364e+14 0.00769759 0.00993666 
86908.2 9.31826e+14 0.00775755 0.0121442 
86926.3 9.38789e+14 0.0078345 0.0120017 
86944.3 9.41939e+14 0.00787121 0.00955683 
86962.3 9.3874e+14 0.00783943 0.00530249 
86980.4 9.31253e+14 0.00776019 7.69175e-05 
86998.4 9.24627e+14 0.00768852 -0.00510338 
87016.5 9.23358e+14 0.00767383 -0.00924328 
87034.5 9.28044e+14 0.00772446 -0.0115619 
87052.6 9.34983e+14 0.00780185 -0.0116407 
87070.7 9.38876e+14 0.00784843 -0.00949887 
87088.7 9.36672e+14 0.00782904 -0.0055822 
87106.8 9.29741e+14 0.00775603 -0.000669129 
87124.9 9.22846e+14 0.00768007 0.00428556 
87142.9 9.2067e+14 0.0076536 0.00833793 
87161 9.24443e+14 0.00769323 0.0107359 
87179.1 9.31101e+14 0.00776813 0.0110588 
87197.1 9.35548e+14 0.0078225 0.00929022 
87215.2 9.34349e+14 0.00781573 0.00581069 
87233.3 9.28177e+14 0.00775128 0.00131543 
87251.4 9.21259e+14 0.00767382 -0.00332614 
87269.5 9.18288e+14 0.00763682 -0.0072397 
87287.6 9.21049e+14 0.0076643 -0.00971121 
87305.7 9.27191e+14 0.007734 -0.0103164 
87323.8 9.3199e+14 0.00779384 -0.00899173 
87341.9 9.31774e+14 0.00779938 -0.00603471 
87360 9.26526e+14 0.00774542 -0.00203718 
87378.1 9.19818e+14 0.00766919 0.00223433 
87396.2 9.16185e+14 0.00762325 0.00598625 
87414.3 9.17874e+14 0.00763793 0.00854511 
87432.4 9.23295e+14 0.00770005 0.00947701 
87450.5 9.28246e+14 0.00776295 0.00865862 
87468.6 9.28961e+14 0.00778008 0.00628861 
87486.8 9.24764e+14 0.00773803 0.00284022 
87504.9 9.18476e+14 0.00766554 -0.00103396 
87523 9.14323e+14 0.0076125 -0.00462553 
87541.1 9.14916e+14 0.00761424 -0.00729891 
87559.3 9.19451e+14 0.00766684 -0.00860171 
87577.4 9.2437e+14 0.00773044 -0.00833839 
87595.6 9.25938e+14 0.00775805 -0.00659587 
87613.7 9.22874e+14 0.00772879 -0.00371882 
87631.8 9.1718e+14 0.00766226 -0.00024121 
87650 9.12651e+14 0.00760404 0.00321215 
87668.1 9.12164e+14 0.0075932 0.00603623 
87686.3 9.15695e+14 0.00763482 0.00774917 
87704.4 9.20417e+14 0.00769694 0.00807161 
87722.6 9.22744e+14 0.00773365 0.00696959 
87740.8 9.20847e+14 0.00771753 0.00465514 
87758.9 9.15884e+14 0.00765874 0.00154584 
87777.1 9.11117e+14 0.00759732 -0.00180911 
87795.2 9.09598e+14 0.00757465 -0.0048235 
87813.4 9.12055e+14 0.00760437 -0.00697376 
87831.6 9.16444e+14 0.00766309 -0.00788743 
87849.8 9.1942e+14 0.00770732 -0.00740617 
87867.9 9.18682e+14 0.00770419 -0.00561305 
87886.1 9.14541e+14 0.00765448 -0.00281944 
87904.3 9.09665e+14 0.00759172 0.00048675 
87922.5 9.07192e+14 0.00755835 0.00372355 
87940.7 9.08552e+14 0.00757577 0.0063149 
87958.9 9.12503e+14 0.0076295 0.00779158 
87977.1 9.16013e+14 0.00767956 0.00787588 
87995.3 9.16383e+14 0.0076888 0.0065348 
88013.5 9.13114e+14 0.00764902 0.00399119 
88031.7 9.08243e+14 0.00758664 0.000689653 
88049.9 9.04917e+14 0.00754395 -0.00277879 
88068.1 9.05203e+14 0.0075492 -0.00578085 
88086.3 9.08642e+14 0.0075967 -0.00775615 
88104.5 9.12567e+14 0.00765089 -0.00832259 
88122.7 9.13961e+14 0.00767148 -0.00735176 
88141 9.11572e+14 0.00764201 -0.00499923 
88159.2 9.06801e+14 0.00758151 -0.00168223 
88177.4 9.02743e+14 0.00753109 0.00199275 
88195.6 9.02015e+14 0.00752473 0.00534038 
88213.9 9.04901e+14 0.00756517 0.00772479 
88232.1 9.09124e+14 0.00762182 0.00868167 
88250.3 9.1143e+14 0.00765243 0.00801023 
88268.6 9.09891e+14 0.00763319 0.00581647 
88286.8 9.05297e+14 0.00757582 0.00249821 
88305.1 9.00638e+14 0.00751936 -0.00132662 
88323.3 8.9899e+14 0.00750237 -0.00493537 
88341.6 9.01314e+14 0.0075353 -0.00763815 
88359.8 9.05726e+14 0.00759284 -0.00891094 
88378.1 9.08809e+14 0.00763189 -0.00849821 
88396.3 9.08055e+14 0.00762241 -0.0064648 
88414.6 9.03693e+14 0.00756913 -0.00318644 
88432.8 8.98569e+14 0.00750838 0.000719953 
88451.1 8.96126e+14 0.00748204 0.00451288 
88469.4 8.97908e+14 0.00750736 0.00746771 
88487.7 9.02407e+14 0.00756439 0.00901566 
88505.9 9.06115e+14 0.00761012 0.00885355 
88524.2 9.06053e+14 0.00760955 0.00700314 
88542.5 9.01956e+14 0.00756107 0.00380855 
88560.8 8.96508e+14 0.00749777 -0.000127934 
88579.1 8.93417e+14 0.00746363 -0.00405948 
88597.3 8.94703e+14 0.00748159 -0.00723636 
88615.6 8.99199e+14 0.00753683 -0.00904862 
88633.9 9.03367e+14 0.00758737 -0.00914298 
88652.2 9.03877e+14 0.0075946 -0.00749149 
88670.5 9.0006e+14 0.00755135 -0.00439885 
88688.8 8.94432e+14 0.00748722 -0.000446764 
88707.1 8.90859e+14 0.00744703 0.00361476 
88725.4 8.91717e+14 0.00745813 0.00700897 
88743.7 8.96125e+14 0.00751045 0.00908027 
88762.1 9.00577e+14 0.00756387 0.00942073 
88780.4 9.0152e+14 0.00757756 0.00795069 
88798.7 8.97988e+14 0.00753979 0.00493778 
88817 8.92324e+14 0.00747648 0.000949607 
88835.3 8.8845e+14 0.00743209 -0.00325184 
88853.7 8.88961e+14 0.00743702 -0.00685485 
88872 8.932e+14 0.00748545 -0.00915454 
88890.3 8.9775e+14 0.00753981 -0.00969132 
88908.7 8.98978e+14 0.00755848 -0.00834395 
88927 8.95731e+14 0.00752629 -0.00535807 
88945.3 8.9018e+14 0.0074654 -0.00130328 
88963.7 8.86192e+14 0.00741871 0.00303423 
88982 8.86438e+14 0.00741826 0.0068038 
89000.4 8.90424e+14 0.00746191 0.00925777 
89018.7 8.94886e+14 0.0075153 0.00990125 
89037.1 8.9625e+14 0.00753746 0.00859379 
89055.4 8.93289e+14 0.00751088 0.00558176 
89073.8 8.88004e+14 0.0074539 0.00145338 
89092.2 8.84087e+14 0.00740677 -0.00297567 
89110.5 8.84145e+14 0.00740176 -0.00682401 
89128.9 8.87788e+14 0.00743979 -0.00932151 
89147.3 8.91977e+14 0.0074904 -0.00996552 
89165.6 8.93337e+14 0.00751463 -0.00862414 
89184 8.90677e+14 0.00749366 -0.00556478 
89202.4 8.85812e+14 0.00744202 -0.00140153 
89220.8 8.82138e+14 0.00739617 0.00302857 
89239.2 8.82068e+14 0.00738732 0.00683526 
89257.5 8.8527e+14 0.00741897 0.00925603 
89275.9 8.89008e+14 0.00746514 0.00981104 
89294.3 8.9025e+14 0.00749016 0.00839994 
89312.7 8.87922e+14 0.00747487 0.00532065 
89331.1 8.83627e+14 0.00742987 0.00120647 
89349.5 8.80347e+14 0.0073868 -0.0031053 
89367.9 8.80181e+14 0.0073747 -0.00674559 
89386.3 8.82836e+14 0.00739921 -0.0089908 
89404.7 8.85966e+14 0.00743949 -0.00940838 
89423.2 8.87005e+14 0.00746429 -0.00794107 
89441.6 8.85062e+14 0.00745483 -0.00491312 
89460 8.8148e+14 0.0074176 -0.000958422 
89478.4 8.7871e+14 0.00737852 0.0031136 
89496.8 8.78446e+14 0.00736352 0.00648541 
89515.3 8.80443e+14 0.00738021 0.00849725 
89533.7 8.82838e+14 0.00741345 0.00877725 
89552.1 8.83631e+14 0.00743733 0.00730995 
89570.5 8.82146e+14 0.00743394 0.0044307 
89589 8.794e+14 0.0074054 0.000748826 
89607.4 8.77212e+14 0.00737114 -0.00298257 
89625.9 8.76815e+14 0.00735338 -0.00602221 
89644.3 8.78046e+14 0.00736163 -0.00778904 
89662.8 8.79618e+14 0.00738703 -0.00797348 
89681.2 8.8017e+14 0.00740964 -0.00659012 
89699.7 8.79231e+14 0.00741264 -0.00396345 
89718.1 8.77414e+14 0.00739344 -0.000651854 
89736.6 8.75826e+14 0.00736444 0.00267215 
89755 8.7523e+14 0.00734379 0.00535962 
89773.5 8.75601e+14 0.00734313 0.00691226 
89792 8.76313e+14 0.00736031 0.00707396 
89810.4 8.76675e+14 0.00738166 0.00587013 
89828.9 8.76373e+14 0.00739138 0.00358975 
89847.4 8.75536e+14 0.00738183 0.000716443 
89865.9 8.74513e+14 0.00735807 -0.00217482 
89884.4 8.73626e+14 0.00733427 -0.00453327 
89902.8 8.73074e+14 0.00732443 -0.00593675 
89921.3 8.72946e+14 0.00733343 -0.00616531 
89939.8 8.73206e+14 0.00735384 -0.00523181 
89958.3 8.73621e+14 0.00737057 -0.00336616 
89976.8 8.73763e+14 0.0073706 -0.000959769 
89995.3 8.73221e+14 0.00735169 0.00151697 
90013.8 8.71948e+14 0.00732434 0.00360625 
90032.3 8.70449e+14 0.00730535 0.00494609 
90050.8 8.69555e+14 0.00730664 0.00533025 
90069.3 8.69824e+14 0.00732665 0.00473585 
90087.8 8.71008e+14 0.00735052 0.00331612 
90106.3 8.72074e+14 0.00735968 0.00136245 
90124.9 8.71893e+14 0.0073449 -0.00075516 
90143.4 8.70149e+14 0.00731362 -0.00265709 
90161.9 8.67728e+14 0.0072858 -0.00402006 
90180.4 8.66186e+14 0.0072802 -0.0046291 
90199 8.66578e+14 0.00730047 -0.00440802 
90217.5 8.68546e+14 0.00733141 -0.00342506 
90236 8.70435e+14 0.0073489 -0.00187465 
90254.6 8.70479e+14 0.00733734 -3.96582e-05 
90273.1 8.68205e+14 0.00730187 0.00175862 
90291.6 8.64933e+14 0.00726584 0.00321437 
90310.2 8.62886e+14 0.0072544 0.00408671 
90328.7 8.63503e+14 0.0072756 0.00423726 
90347.3 8.66228e+14 0.00731331 0.00365073 
90365.8 8.68805e+14 0.00733808 0.00243551 
90384.4 8.68942e+14 0.00732875 0.000804793 
90403 8.66114e+14 0.00728893 -0.000959029 
90421.5 8.62095e+14 0.00724556 -0.00255115 
90440.1 8.59694e+14 0.00722948 -0.00369513 
90458.6 8.60608e+14 0.00725219 -0.00418965 
90477.2 8.64029e+14 0.00729618 -0.00394368 
90495.8 8.6715e+14 0.00732702 -0.00299384 
90514.4 8.67264e+14 0.00731893 -0.00150051 
90532.9 8.63891e+14 0.0072748 0.000277399 
90551.5 8.59246e+14 0.00722509 0.00202562 
90570.1 8.56629e+14 0.00720561 0.00342884 
90588.7 8.57887e+14 0.00723031 0.00422701 
90607.3 8.61924e+14 0.00727994 0.00426374 
90625.9 8.65447e+14 0.00731559 0.00351767 
90644.5 8.65447e+14 0.00730783 0.00211037 
90663.1 8.61555e+14 0.00725952 0.000288194 
90681.7 8.56408e+14 0.00720456 -0.00161947 
90700.3 8.53695e+14 0.00718286 -0.00325904 
90718.9 8.55324e+14 0.00720995 -0.0043181 
90737.5 8.59893e+14 0.00726451 -0.00458527 
90756.1 8.63689e+14 0.0073037 -0.00399309 
90774.7 8.63502e+14 0.00729541 -0.00263487 
90793.3 8.59126e+14 0.00724313 -0.000751595 
90812 8.53589e+14 0.00718403 0.00130999 
90830.6 8.50885e+14 0.00716126 0.00316071 
90849.2 8.52904e+14 0.00719108 0.00444247 
90867.8 8.57928e+14 0.00724984 0.00489782 
90886.5 8.61881e+14 0.00729132 0.00442209 
90905.1 8.61438e+14 0.0072817 0.00308745 
90923.7 8.56607e+14 0.00722568 0.00113328 
90942.4 8.50785e+14 0.00716353 -0.00107603 
90961 8.48191e+14 0.00714085 -0.00311866 
90979.7 8.50625e+14 0.00717371 -0.00459574 
90998.3 8.56032e+14 0.0072359 -0.0052093 
91017 8.60028e+14 0.0072784 -0.0048225 
91035.6 8.59257e+14 0.00726664 -0.00348997 
91054.3 8.53995e+14 0.00720715 -0.00145167 
91072.9 8.47992e+14 0.00714312 0.00090948 
91091.6 8.45618e+14 0.00712168 0.00313887 
91110.3 8.48496e+14 0.00715785 0.00479722 
91128.9 8.5421e+14 0.00722264 0.00554683 
91147.6 8.58125e+14 0.00726486 0.0052203 
91166.3 8.56945e+14 0.00725016 0.00385772 
91184.9 8.5128e+14 0.00718757 0.00170435 
91203.6 8.45216e+14 0.00712291 -0.000832186 
91222.3 8.43182e+14 0.0071039 -0.00325784 
91241 8.46531e+14 0.00714356 -0.00508753 
91259.7 8.5246e+14 0.00720997 -0.00594176 
91278.4 8.56149e+14 0.00725049 -0.00562551 
91297.1 8.54478e+14 0.00723215 -0.00417288 
91315.8 8.4846e+14 0.00716701 -0.00184754 
91334.5 8.4248e+14 0.00710311 0.000903115 
91353.2 8.40915e+14 0.00708769 0.00353255 
91371.9 8.44741e+14 0.00713082 0.00550295 
91390.6 8.5076e+14 0.00719765 0.00639534 
91409.3 8.54063e+14 0.00723505 0.00599951 
91428 8.51837e+14 0.00721253 0.00436429 
91446.7 8.45551e+14 0.00714566 0.00179604 
91465.4 8.39826e+14 0.00708406 -0.00119655 
91484.1 8.38849e+14 0.00707323 -0.00400215 
91502.9 8.43121e+14 0.00711951 -0.00603172 
91521.6 8.49068e+14 0.00718533 -0.00684328 
91540.3 8.51823e+14 0.00721824 -0.00623994 
91559.1 8.49011e+14 0.00719133 -0.00431895 
91577.8 8.42589e+14 0.00712385 -0.00145936 
91596.5 8.37308e+14 0.00706613 0.00175133 
91615.3 8.3701e+14 0.00706064 0.00463787 
91634 8.41643e+14 0.00710936 0.00658059 
91652.8 8.47323e+14 0.00717257 0.0071506 
91671.5 8.49385e+14 0.00719979 0.00620693 
91690.3 8.46014e+14 0.0071687 0.00393297 
91709 8.39634e+14 0.00710207 0.000802549 
91727.8 8.34985e+14 0.00704974 -0.00251877 
91746.5 8.35405e+14 0.0070499 -0.0053165 
91765.3 8.40254e+14 0.00709991 -0.00698335 
91784.1 8.45457e+14 0.00715884 -0.00715392 
91802.8 8.46722e+14 0.00717955 -0.00578736 
91821.6 8.42885e+14 0.007145 -0.00317869 
91840.4 8.36764e+14 0.00708091 0.000104624 
91859.2 8.32907e+14 0.0070352 0.00334735 
91877.9 8.34014e+14 0.00704079 0.00584468 
91896.7 8.38878e+14 0.00709056 0.00705837 
91915.5 8.43397e+14 0.00714365 0.00673554 
91934.3 8.43829e+14 0.00715756 0.00496315 
91953.1 8.39693e+14 0.0071208 0.00214601 
91971.9 8.34066e+14 0.00706099 -0.00108643 
91990.7 8.31104e+14 0.0070227 -0.00402275 
92009.5 8.32781e+14 0.00703287 -0.00602892 
92028.3 8.37417e+14 0.0070806 -0.00668791 
92047.1 8.41087e+14 0.00712662 -0.00588814 
92065.9 8.40739e+14 0.0071341 -0.0038416 
92084.7 8.36535e+14 0.00709682 -0.00102879 
92103.5 8.31619e+14 0.00704287 0.00191526 
92122.3 8.29571e+14 0.00701215 0.00434656 
92141.2 8.31618e+14 0.00702545 0.0057555 
92160 8.35773e+14 0.00706933 0.00587522 
92178.8 8.38503e+14 0.00710761 0.00473185 
92197.6 8.37527e+14 0.00710975 0.00262705 
92216.5 8.33526e+14 0.00707385 5.94427e-05 
92235.3 8.29478e+14 0.00702691 -0.00239459 
92254.1 8.28254e+14 0.00700314 -0.00421215 
92273 8.30404e+14 0.00701771 -0.00503662 
92291.8 8.33862e+14 0.00705619 -0.00474742 
92310.7 8.35671e+14 0.00708683 -0.00347315 
92329.5 8.34309e+14 0.00708529 -0.00154832 
92348.4 8.3077e+14 0.00705262 0.000573346 
92367.2 8.27648e+14 0.00701315 0.00242659 
92386.1 8.27049e+14 0.00699497 0.00363765 
92404.9 8.29019e+14 0.0070088 0.00399955 
92423.8 8.3165e+14 0.00704092 0.00350454 
92442.7 8.32676e+14 0.00706481 0.00232958 
92461.5 8.31217e+14 0.00706162 0.000781758 
92480.4 8.28334e+14 0.00703361 -0.000780563 
92499.3 8.26069e+14 0.00700121 -0.002031 
92518.1 8.25824e+14 0.00698678 -0.00274328 
92537 8.27368e+14 0.00699809 -0.00283013 
92555.9 8.29165e+14 0.00702366 -0.00234693 
92574.8 8.29643e+14 0.00704237 -0.00146277 
92593.7 8.28363e+14 0.00703951 -0.00040927 
92612.6 8.26218e+14 0.00701689 0.000578539 
92631.5 8.24629e+14 0.00699042 0.00131443 
92650.4 8.24451e+14 0.00697769 0.00169474 
92669.3 8.25422e+14 0.00698529 0.001708 
92688.2 8.26501e+14 0.00700494 0.0014214 
92707.1 8.26709e+14 0.00702039 0.000950548 
92726 8.25807e+14 0.00701942 0.000422849 
92744.9 8.24353e+14 0.00700211 -5.52783e-05 
92763.8 8.23193e+14 0.00697994 -0.000419057 
92782.7 8.22847e+14 0.00696712 -0.000650175 
92801.6 8.23223e+14 0.00697054 -0.000766936 
92820.6 8.23786e+14 0.00698551 -0.000805067 
92839.5 8.23972e+14 0.00699956 -0.000796763 
92858.4 8.23533e+14 0.00700141 -0.000755387 
92877.3 8.22625e+14 0.00698865 -0.000670847 
92896.3 8.2165e+14 0.00696903 -0.000516834 
92915.2 8.21003e+14 0.00695484 -0.000267016 
92934.1 8.20868e+14 0.00695432 8.57981e-05 
92953.1 8.21134e+14 0.00696609 0.000514754 
92972 8.21462e+14 0.00698022 0.000954459 
92991 8.21462e+14 0.00698516 0.00131002 
93009.9 8.2092e+14 0.00697584 0.00147855 
93028.9 8.19954e+14 0.00695726 0.0013781 
93047.8 8.18979e+14 0.00694101 0.000975879 
93066.8 8.18463e+14 0.0069372 0.000307457 
93085.8 8.18603e+14 0.00694717 -0.000520171 
93104.7 8.1914e+14 0.00696235 -0.00134438 
93123.7 8.19498e+14 0.00697021 -0.00197967 
93142.7 8.19175e+14 0.00696323 -0.00226048 
93161.6 8.18129e+14 0.00694454 -0.00208397 
93180.6 8.16858e+14 0.00692597 -0.00144174 
93199.6 8.16075e+14 0.0069196 -0.000431558 
93218.6 8.1618e+14 0.00692888 0.000755654 
93237.5 8.16932e+14 0.00694574 0.00187224 
93256.5 8.17578e+14 0.00695622 0.00266658 
93275.5 8.17395e+14 0.00695064 0.00294064 
93294.5 8.16239e+14 0.006931 0.00259897 
93313.5 8.147e+14 0.00690995 0.0016771 
93332.5 8.137e+14 0.00690165 0.000341561 
93351.5 8.13809e+14 0.00691115 -0.00114007 
93370.5 8.14784e+14 0.00693025 -0.00245349 
93389.5 8.15706e+14 0.00694314 -0.00330522 
93408.5 8.15635e+14 0.00693813 -0.0034887 
93427.5 8.14333e+14 0.0069167 -0.00293374 
93446.6 8.12496e+14 0.00689292 -0.00172788 
93465.6 8.1128e+14 0.00688324 -0.000103674 
93484.6 8.1144e+14 0.00689398 0.0016064 
93503.6 8.12711e+14 0.00691602 0.00303851 
93522.7 8.13947e+14 0.00693116 0.00387537 
93541.7 8.13947e+14 0.00692572 0.0039165 
93560.7 8.12394e+14 0.00690139 0.0031255 
93579.7 8.10172e+14 0.00687456 0.00164332 
93598.8 8.08756e+14 0.00686433 -0.000236326 
93617.8 8.09091e+14 0.00687769 -0.00212519 
93636.9 8.10797e+14 0.00690351 -0.00362079 
93655.9 8.12375e+14 0.00692041 -0.00439219 
93675 8.12318e+14 0.00691305 -0.00425292 
93694 8.10327e+14 0.00688447 -0.00320531 
93713.1 8.07636e+14 0.00685458 -0.00144562 
93732.1 8.06129e+14 0.00684524 0.000671985 
93751.2 8.06865e+14 0.00686299 0.00270637 
93770.3 8.09154e+14 0.00689321 0.00422103 
93789.3 8.11002e+14 0.0069107 0.00487759 
93808.4 8.10644e+14 0.00689931 0.00451114 
93827.5 8.07999e+14 0.00686523 0.00317089 
93846.5 8.04851e+14 0.00683302 0.00111623 
93865.6 8.03501e+14 0.00682679 -0.00123248 
93884.7 8.04914e+14 0.00685083 -0.00337922 
93903.8 8.07849e+14 0.00688531 -0.00485673 
93922.9 8.09743e+14 0.00690122 -0.00532816 
93942 8.08754e+14 0.00688338 -0.00466398 
93961.1 8.0531e+14 0.00684321 -0.00297652 
93980.2 8.01882e+14 0.00681054 -0.00060323 
93999.3 8.01049e+14 0.00681026 0.0019596 
94018.4 8.03375e+14 0.00684196 0.00416005 
94037.5 8.06847e+14 0.00687934 0.0055094 
94056.6 8.08419e+14 0.00689065 0.00569113 
94075.7 8.06481e+14 0.00686421 0.00463571 
94094.8 8.02255e+14 0.00681858 0.00254342 
94113.9 7.98897e+14 0.00678845 -0.000151743 
94133 7.98969e+14 0.00679697 -0.00287117 
94152.1 8.02293e+14 0.00683655 -0.00501583 
94171.3 8.06002e+14 0.00687415 -0.00609887 
94190.4 8.06813e+14 0.00687746 -0.0058573 
94209.5 8.03733e+14 0.00684124 -0.00431682 
94228.7 7.98948e+14 0.00679228 -0.00179361 
94247.8 7.96121e+14 0.0067684 0.00116929 
94266.9 7.97399e+14 0.00678785 0.00391877 
94286.1 8.01598e+14 0.00683399 0.00583647 
94305.2 8.05092e+14 0.00686805 0.00647935 
94324.4 8.04749e+14 0.00686035 0.00568389 
94343.5 8.0053e+14 0.00681467 0.00360873 
94362.7 7.95596e+14 0.00676588 0.000704656 
94381.8 7.93766e+14 0.00675198 -0.0023832 
94401 7.96372e+14 0.00678315 -0.0049596 
94420.1 8.01114e+14 0.00683293 -0.00643759 
94439.3 8.03885e+14 0.00685925 -0.00647449 
94458.5 8.02135e+14 0.00683861 -0.00505336 
94477.6 7.97004e+14 0.00678554 -0.00249013 
94496.8 7.92437e+14 0.00674126 0.00063634 
94516 7.91971e+14 0.00674033 0.003616 
94535.2 7.95809e+14 0.00678225 0.00577087 
94554.4 8.00609e+14 0.00683152 0.00661184 
94573.5 8.02194e+14 0.00684624 0.00595206 
94592.7 7.98995e+14 0.00681238 0.00395007 
94611.9 7.93367e+14 0.00675551 0.00107223 
94631.1 7.89691e+14 0.00672024 -0.00201675 
94650.3 7.90778e+14 0.00673385 -0.00460931 
94669.5 7.95537e+14 0.00678382 -0.0061197 
94688.7 7.99844e+14 0.0068278 -0.00621885 
94707.9 7.99921e+14 0.0068281 -0.00490761 
94727.1 7.9545e+14 0.00678256 -0.0025118 
94746.3 7.89858e+14 0.00672656 0.00039898 
94765.5 7.87511e+14 0.00670417 0.00314842 
94784.8 7.90121e+14 0.00673212 0.00511304 
94804 7.95328e+14 0.00678599 0.00586593 
94823.2 7.98625e+14 0.00682006 0.00527097 
94842.4 7.97067e+14 0.00680472 0.00350629 
94861.7 7.917e+14 0.00675076 0.00101328 
94880.9 7.86703e+14 0.00670064 -0.00161458 
94900.1 7.85957e+14 0.0066937 -0.0037749 
94919.4 7.89847e+14 0.00673395 -0.0049965 
94938.6 7.94944e+14 0.00678674 -0.00504328 
94957.8 7.96831e+14 0.00680714 -0.00395881 
94977.1 7.93733e+14 0.00677679 -0.00204335 
94996.3 7.87977e+14 0.00671893 0.000228043 
95015.6 7.84071e+14 0.00667931 0.00232425 
95034.8 7.84991e+14 0.00668869 0.00378369 
95054.1 7.89741e+14 0.0067376 0.00431676 
95073.3 7.94181e+14 0.0067842 0.0038621 
95092.6 7.9444e+14 0.00678863 0.00258626 
95111.9 7.90095e+14 0.0067457 0.000830355 
95131.1 7.84507e+14 0.00668906 -0.000980351 
95150.4 7.82042e+14 0.00666351 -0.00243992 
95169.7 7.84483e+14 0.00668822 -0.0032531 
95189 7.89577e+14 0.0067411 -0.00329388 
95208.2 7.92906e+14 0.00677702 -0.00262008 
95227.5 7.91525e+14 0.00676491 -0.00144412 
95246.8 7.86368e+14 0.00671322 -7.05551e-05 
95266.1 7.81461e+14 0.00666283 0.00118189 
95285.4 7.80602e+14 0.0066534 0.00205414 
95304.7 7.84246e+14 0.00669085 0.00239927 
95324 7.89156e+14 0.00674261 0.00220362 
95343.3 7.91077e+14 0.0067645 0.00157456 
95362.6 7.88232e+14 0.006737 0.000701603 
95381.9 7.82757e+14 0.00668121 -0.000197078 
95401.2 7.78931e+14 0.00664137 -0.000928179 
95420.5 7.79654e+14 0.00664847 -0.001364 
95439.8 7.84085e+14 0.00669487 -0.00146209 
95459.1 7.88351e+14 0.00674068 -0.00126171 
95478.5 7.8874e+14 0.00674663 -0.00086101 
95497.8 7.84734e+14 0.00670629 -0.000383307 
95517.1 7.79415e+14 0.00665128 5.75254e-05 
95536.4 7.76921e+14 0.00662518 0.000383327 
95555.8 7.79059e+14 0.00664774 0.000563838 
95575.1 7.83836e+14 0.00669867 0.000613446 
95594.4 7.87113e+14 0.0067344 0.000575592 
95613.8 7.85993e+14 0.00672391 0.000501107 
95633.1 7.81189e+14 0.00667424 0.000427876 
95652.5 7.76424e+14 0.00662463 0.000368239 
95671.8 7.75378e+14 0.00661427 0.00030767 
95691.2 7.78679e+14 0.00665006 0.000214588 
95710.5 7.834e+14 0.00670091 5.75781e-05 
95729.9 7.85453e+14 0.0067233 -0.000176084 
95749.3 7.82941e+14 0.00669709 -0.000467229 
95768.6 7.77701e+14 0.00664216 -0.000762087 
95788 7.73806e+14 0.0066021 -0.000982136 
95807.4 7.74233e+14 0.00660836 -0.00104474 
95826.7 7.78422e+14 0.00665431 -0.000889263 
95846.1 7.8273e+14 0.00670051 -0.000501049 
95865.5 7.83403e+14 0.00670717 7.42956e-05 
95884.9 7.79653e+14 0.00666694 0.000732065 
95904.2 7.74322e+14 0.00661119 0.00132675 
95923.6 7.71564e+14 0.00658433 0.00170451 
95943 7.73449e+14 0.00660714 0.00174259 
95962.4 7.78242e+14 0.00665946 0.00138558 
95981.8 7.818e+14 0.00669651 0.00066857 
96001.2 7.8096e+14 0.00668582 -0.000280735 
96020.6 7.76154e+14 0.0066342 -0.00126341 
96040 7.71092e+14 0.0065825 -0.00205122 
96059.4 7.69737e+14 0.00657203 -0.00244014 
96078.8 7.73039e+14 0.00661029 -0.00230271 
96098.2 7.78104e+14 0.00666435 -0.00162609 
96117.7 7.80539e+14 0.00668775 -0.000524752 
96137.1 7.78068e+14 0.00665901 0.000777062 
96156.5 7.72454e+14 0.00659983 0.00199111 
96175.9 7.681e+14 0.00655755 0.00282973 
96195.4 7.68432e+14 0.00656604 0.00307446 
96214.8 7.73031e+14 0.00661725 0.00263239 
96234.2 7.77916e+14 0.00666734 0.00156556 
96253.7 7.78794e+14 0.00667277 8.50476e-05 
96273.1 7.74645e+14 0.00662675 -0.00149078 
96292.5 7.68632e+14 0.00656543 -0.00280541 
96312 7.65538e+14 0.00653833 -0.00354559 
96331.4 7.67793e+14 0.00656704 -0.00351612 
96350.9 7.73384e+14 0.00662669 -0.00269016 
96370.3 7.77461e+14 0.00666607 -0.00122231 
96389.8 7.76352e+14 0.00665016 0.000579934 
96409.3 7.70675e+14 0.00658986 0.00232101 
96428.7 7.64907e+14 0.00653355 0.0036047 
96448.2 7.63687e+14 0.00652702 0.00412443 
96467.6 7.6791e+14 0.00657491 0.00373607 
96487.1 7.73895e+14 0.00663612 0.00249593 
96506.6 7.76403e+14 0.00665768 0.000654376 
96526.1 7.73037e+14 0.00661918 -0.00139457 
96545.6 7.6632e+14 0.00655055 -0.00319763 
96565 7.61657e+14 0.00650758 -0.00434244 
96584.5 7.62812e+14 0.00652529 -0.0045514 
96604 7.68687e+14 0.006588 -0.00374818 
96623.5 7.74167e+14 0.00664182 -0.002081 
96643 7.74385e+14 0.00663955 0.000103588 
96662.5 7.68857e+14 0.00658069 0.0023321 
96682 7.61967e+14 0.00651257 0.00410618 
96701.5 7.59322e+14 0.00649101 0.00501353 
96721 7.63012e+14 0.00653324 0.00482316 
96740.5 7.69775e+14 0.00660278 0.00354334 
96760 7.73696e+14 0.00663956 0.00142768 
96779.5 7.71192e+14 0.00661047 -0.00107351 
96799.1 7.64096e+14 0.0065377 -0.00340806 
96818.6 7.58165e+14 0.00648068 -0.00504314 
96838.1 7.58235e+14 0.00648622 -0.00558654 
96857.6 7.64094e+14 0.00654871 -0.00488062 
96877.2 7.70609e+14 0.00661427 -0.00304646 
96896.7 7.72035e+14 0.00662587 -0.000466142 
96916.2 7.66901e+14 0.00657156 0.00229524 
96935.8 7.593e+14 0.00649508 0.00461251 
96955.3 7.55457e+14 0.00645933 0.00594183 
96974.9 7.58449e+14 0.00649329 0.00594858 
96994.4 7.65564e+14 0.00656719 0.00459188 
97014 7.7057e+14 0.00661723 0.00214403 
97033.5 7.68991e+14 0.00659934 -0.000861914 
97053.1 7.61926e+14 0.0065266 -0.00374733 
97072.6 7.55138e+14 0.00645859 -0.00584111 
97092.2 7.54177e+14 0.00645124 -0.00663648 
97111.8 7.59661e+14 0.00650946 -0.00591452 
97131.3 7.66738e+14 0.00658279 -0.00380434 
97150.9 7.69195e+14 0.00660775 -0.000763056 
97170.5 7.64735e+14 0.0065615 0.00252204 
97190 7.56929e+14 0.00648131 0.00528888 
97209.6 7.52182e+14 0.00643318 0.00687832 
97229.2 7.54301e+14 0.00645624 0.00689256 
97248.8 7.61267e+14 0.00652955 0.00529586 
97268.4 7.66959e+14 0.00658976 0.00243182 
97288 7.66356e+14 0.00658454 -0.00104937 
97307.6 7.59784e+14 0.0065167 -0.00433866 
97327.2 7.52619e+14 0.00644187 -0.0066573 
97346.8 7.5071e+14 0.00642151 -0.00744294 
97366.4 7.55429e+14 0.00647112 -0.00648782 
97386 7.62537e+14 0.00654724 -0.00399459 
97405.6 7.65812e+14 0.00658422 -0.000534539 
97425.2 7.62315e+14 0.00654951 0.00308354 
97444.8 7.54846e+14 0.00647098 0.00600369 
97464.4 7.49528e+14 0.00641322 0.00752734 
97484.1 7.50608e+14 0.00642309 0.00728253 
97503.7 7.56903e+14 0.00649044 0.00531637 
97523.3 7.62854e+14 0.0065569 0.00208724 
97542.9 7.6326e+14 0.0065652 -0.00164242 
97562.6 7.57645e+14 0.0065072 -0.0049876 
97582.2 7.50595e+14 0.00643038 -0.00715287 
97601.8 7.47838e+14 0.00639764 -0.00762387 
97621.5 7.51415e+14 0.00643453 -0.00629123 
97641.1 7.58033e+14 0.00650811 -0.00347678 
97660.8 7.61905e+14 0.00655505 0.000144563 
97680.4 7.59636e+14 0.00653483 0.00370816 
97700.1 7.53022e+14 0.00646338 0.00636829 
97719.7 7.47454e+14 0.00639927 0.00750108 
97739.4 7.47353e+14 0.00639438 0.00685248 
97759.1 7.525e+14 0.00645069 0.00459578 
97778.7 7.58314e+14 0.00651917 0.00128528 
97798.4 7.59748e+14 0.00654116 -0.00228115 
97818.1 7.55496e+14 0.00649732 -0.00525638 
97837.7 7.49e+14 0.00642328 -0.00694727 
97857.4 7.45489e+14 0.00637939 -0.00697746 
97877.1 7.4761e+14 0.00640028 -0.00537119 
97896.8 7.53292e+14 0.0064664 -0.00253944 
97916.5 7.57568e+14 0.0065209 0.000826044 
97936.1 7.56741e+14 0.0065172 0.0039234 
97955.8 7.51401e+14 0.00645748 0.00603327 
97975.5 7.45847e+14 0.00639032 0.0066867 
97995.2 7.44456e+14 0.00636992 0.00576899 
98014.9 7.48087e+14 0.0064112 0.00353658 
98034.6 7.53459e+14 0.00647787 0.00054578 
98054.3 7.55934e+14 0.00651304 -0.00248693 
98074.1 7.53344e+14 0.00648646 -0.0048575 
98093.8 7.47717e+14 0.00641917 -0.00603811 
98113.5 7.43519e+14 0.00636566 -0.00579386 
98133.2 7.43964e+14 0.00636854 -0.00422699 
98152.9 7.48411e+14 0.00642349 -0.00174103 
98172.6 7.5297e+14 0.00648325 0.00106328 
98192.4 7.53723e+14 0.00649695 0.00353356 
98212.1 7.4992e+14 0.0064521 0.00511735 
98231.8 7.4453e+14 0.00638461 0.00548454 
98251.6 7.41778e+14 0.00634886 0.00459403 
98271.3 7.43687e+14 0.00637277 0.00269181 
98291.1 7.48464e+14 0.00643487 0.000244003 
98310.8 7.51996e+14 0.00648226 -0.00217708 
98330.5 7.51217e+14 0.0064743 -0.00402603 
98350.3 7.46589e+14 0.0064162 -0.00490601 
98370.1 7.41716e+14 0.00635461 -0.00465211 
98389.8 7.40394e+14 0.00633907 -0.00335965 
98409.6 7.43517e+14 0.00638101 -0.0013533 
98429.3 7.48343e+14 0.00644427 0.000893503 
98449.1 7.50722e+14 0.00647495 0.00286928 
98468.9 7.48491e+14 0.00644599 0.00413968 
98488.6 7.4326e+14 0.00637977 0.00444158 
98508.4 7.39128e+14 0.00632974 0.00373626 
98528.2 7.39334e+14 0.00633617 0.00221126 
98548 7.43567e+14 0.00639257 0.000232095 
98567.8 7.48174e+14 0.00645073 -0.00174411 
98587.5 7.49134e+14 0.00646062 -0.00327295 
98607.3 7.45394e+14 0.00641213 -0.00402177 
98627.1 7.39806e+14 0.00634391 -0.00384145 
98646.9 7.36823e+14 0.00631148 -0.00279567 
98666.7 7.38805e+14 0.0063409 -0.00114208 
98686.5 7.43987e+14 0.00640657 0.000729841 
98706.3 7.47872e+14 0.00645213 0.00238937 
98726.1 7.46957e+14 0.00643759 0.00346304 
98745.9 7.41724e+14 0.00637311 0.00371848 
98765.8 7.36324e+14 0.00631113 0.00311504 
98785.6 7.35145e+14 0.00630252 0.00180983 
98805.4 7.39083e+14 0.00635364 0.000118336 
98825.2 7.44691e+14 0.00642034 -0.00156073 
98845 7.47023e+14 0.00644481 -0.00283893 
98864.9 7.43824e+14 0.00640444 -0.00342798 
98884.7 7.3753e+14 0.00633139 -0.00320518 
98904.5 7.33282e+14 0.00628593 -0.00223948 
98924.4 7.34568e+14 0.00630548 -0.000772354 
98944.2 7.40184e+14 0.00637246 0.000841471 
98964 7.45177e+14 0.00642876 0.00221921 
98983.9 7.45043e+14 0.00642488 0.0030407 
99003.7 7.39625e+14 0.00636224 0.00312312 
99023.6 7.33326e+14 0.00629242 0.00246221 
99043.5 7.31376e+14 0.0062735 0.00123058 
99063.3 7.35316e+14 0.00632041 -0.00026615 
99083.2 7.41612e+14 0.0063919 -0.00166429 
99103 7.44647e+14 0.00642549 -0.00263002 
99122.9 7.41572e+14 0.0063909 -0.00293916 
99142.8 7.34808e+14 0.0063161 -0.00252955 
99162.6 7.29993e+14 0.00626356 -0.00151398 
99182.5 7.31113e+14 0.00627678 -0.000150688 
99202.4 7.37026e+14 0.00634295 0.0012211 
99222.3 7.42428e+14 0.00640389 0.00226461 
99242.2 7.42443e+14 0.006406 0.00272786 
99262.1 7.36864e+14 0.0063462 0.00250473 
99281.9 7.3034e+14 0.00627448 0.00165999 
99301.8 7.28334e+14 0.00625084 0.000412335 
99321.7 7.32372e+14 0.00629377 -0.00092062 
99341.6 7.38732e+14 0.00636459 -0.00200176 
99361.5 7.41695e+14 0.00640101 -0.00255889 
99381.4 7.38531e+14 0.00637075 -0.00245331 
99401.4 7.31846e+14 0.00629891 -0.00171515 
99421.3 7.27272e+14 0.00624596 -0.00053652 
99441.2 7.28551e+14 0.00625548 0.00077657 
99461.1 7.34303e+14 0.00631705 0.00188181 
99481 7.39297e+14 0.00637588 0.0024886 
99500.9 7.39039e+14 0.00638033 0.00243415 
99520.9 7.33657e+14 0.00632609 0.00172782 
99540.8 7.27707e+14 0.00625904 0.000551505 
99560.7 7.26146e+14 0.00623514 -0.000785107 
99580.7 7.3003e+14 0.00627247 -0.00192408 
99600.6 7.35693e+14 0.0063365 -0.00255354 
99620.5 7.38024e+14 0.00637072 -0.00249233 
99640.5 7.34919e+14 0.00634533 -0.00174225 
99660.4 7.29017e+14 0.00628194 -0.000492633 
99680.4 7.25285e+14 0.00623394 0.000925423 
99700.3 7.2667e+14 0.0062402 0.00212489 
99720.3 7.31626e+14 0.00629246 0.00276683 
99740.3 7.35594e+14 0.00634371 0.00265497 
99760.2 7.35028e+14 0.00634924 0.00179483 
99780.2 7.30402e+14 0.00630443 0.000399485 
99800.2 7.25645e+14 0.00624737 -0.00116149 
99820.1 7.24637e+14 0.00622516 -0.0024584 
99840.1 7.27887e+14 0.00625385 -0.00311826 
99860.1 7.3225e+14 0.00630606 -0.0029306 
99880.1 7.33781e+14 0.00633567 -0.00191255 
99900 7.31139e+14 0.00631738 -0.000313315 
99920 7.26597e+14 0.00626707 0.00144563 
99940 7.23918e+14 0.00622672 0.00288069 
99960 7.25078e+14 0.00622817 0.00357803 
99980 7.28693e+14 0.00626698 0.00331145 
100000 7.30729e+14 0.00629251 0.00292376 
100000 0 0.0032279 -1.43115e-05 
100020 0 0.0032279 -1.47674e-05 
100040 0 0.0032279 -1.55463e-05 
100060 0 0.0032279 -1.60544e-05 
100080 0 0.0032279 -1.62829e-05 
100100 0 0.0032279 -1.63265e-05 
