# DOI:10.1007/978-3-319-95138-6 
# | wavelength | n | k
300.0 3.969000 3.749000
300.5 3.973765 3.725800
301.0 3.978184 3.702600
301.5 3.982272 3.679400
302.0 3.986045 3.656200
302.5 3.989521 3.633000
303.0 3.992714 3.609800
303.5 3.995643 3.586600
304.0 3.998323 3.563400
304.5 4.000769 3.540200
305.0 4.003000 3.517000
305.5 4.005031 3.499300
306.0 4.006877 3.481600
306.5 4.008557 3.463900
307.0 4.010086 3.446200
307.5 4.011479 3.428500
308.0 4.012755 3.410800
308.5 4.013928 3.393100
309.0 4.015016 3.375400
309.5 4.016035 3.357700
310.0 4.017000 3.340000
310.5 4.017923 3.325900
311.0 4.018794 3.311800
311.5 4.019597 3.297700
312.0 4.020317 3.283600
312.5 4.020937 3.269500
313.0 4.021442 3.255400
313.5 4.021817 3.241300
314.0 4.022045 3.227200
314.5 4.022111 3.213100
315.0 4.022000 3.199000
315.5 4.021707 3.188900
316.0 4.021273 3.178800
316.5 4.020750 3.168700
317.0 4.020191 3.158600
317.5 4.019648 3.148500
318.0 4.019173 3.138400
318.5 4.018818 3.128300
319.0 4.018637 3.118200
319.5 4.018680 3.108100
320.0 4.019000 3.098000
320.5 4.019632 3.089100
321.0 4.020538 3.080200
321.5 4.021663 3.071300
322.0 4.022951 3.062400
322.5 4.024346 3.053500
323.0 4.025794 3.044600
323.5 4.027239 3.035700
324.0 4.028625 3.026800
324.5 4.029897 3.017900
325.0 4.031000 3.009000
325.5 4.031895 3.001300
326.0 4.032615 2.993600
326.5 4.033209 2.985900
327.0 4.033727 2.978200
327.5 4.034218 2.970500
328.0 4.034731 2.962800
328.5 4.035316 2.955100
329.0 4.036023 2.947400
329.5 4.036901 2.939700
330.0 4.038000 2.932000
330.5 4.039353 2.925200
331.0 4.040929 2.918400
331.5 4.042682 2.911600
332.0 4.044566 2.904800
332.5 4.046534 2.898000
333.0 4.048539 2.891200
333.5 4.050534 2.884400
334.0 4.052474 2.877600
334.5 4.054312 2.870800
335.0 4.056000 2.864000
335.5 4.057506 2.857800
336.0 4.058844 2.851600
336.5 4.060045 2.845400
337.0 4.061136 2.839200
337.5 4.062147 2.833000
338.0 4.063106 2.826800
338.5 4.064043 2.820600
339.0 4.064984 2.814400
339.5 4.065961 2.808200
340.0 4.067000 2.802000
340.5 4.068126 2.796700
341.0 4.069342 2.791400
341.5 4.070645 2.786100
342.0 4.072032 2.780800
342.5 4.073502 2.775500
343.0 4.075052 2.770200
343.5 4.076679 2.764900
344.0 4.078381 2.759600
344.5 4.080155 2.754300
345.0 4.082000 2.749000
345.5 4.083910 2.743800
346.0 4.085868 2.738600
346.5 4.087856 2.733400
347.0 4.089855 2.728200
347.5 4.091845 2.723000
348.0 4.093807 2.717800
348.5 4.095723 2.712600
349.0 4.097573 2.707400
349.5 4.099339 2.702200
350.0 4.101000 2.697000
350.5 4.102546 2.692700
351.0 4.103994 2.688400
351.5 4.105368 2.684100
352.0 4.106693 2.679800
352.5 4.107994 2.675500
353.0 4.109295 2.671200
353.5 4.110622 2.666900
354.0 4.111999 2.662600
354.5 4.113450 2.658300
355.0 4.115000 2.654000
355.5 4.116670 2.649600
356.0 4.118462 2.645200
356.5 4.120374 2.640800
357.0 4.122406 2.636400
357.5 4.124555 2.632000
358.0 4.126819 2.627600
358.5 4.129197 2.623200
359.0 4.131688 2.618800
359.5 4.134290 2.614400
360.0 4.137000 2.610000
360.5 4.139814 2.605100
361.0 4.142712 2.600200
361.5 4.145668 2.595300
362.0 4.148660 2.590400
362.5 4.151663 2.585500
363.0 4.154653 2.580600
363.5 4.157605 2.575700
364.0 4.160497 2.570800
364.5 4.163303 2.565900
365.0 4.166000 2.561000
365.5 4.168572 2.556300
366.0 4.171036 2.551600
366.5 4.173419 2.546900
367.0 4.175746 2.542200
367.5 4.178044 2.537500
368.0 4.180338 2.532800
368.5 4.182655 2.528100
369.0 4.185020 2.523400
369.5 4.187460 2.518700
370.0 4.190000 2.514000
370.5 4.192657 2.508500
371.0 4.195408 2.503000
371.5 4.198222 2.497500
372.0 4.201067 2.492000
372.5 4.203911 2.486500
373.0 4.206722 2.481000
373.5 4.209468 2.475500
374.0 4.212118 2.470000
374.5 4.214639 2.464500
375.0 4.217000 2.459000
375.5 4.219176 2.453200
376.0 4.221171 2.447400
376.5 4.222997 2.441600
377.0 4.224665 2.435800
377.5 4.226187 2.430000
378.0 4.227574 2.424200
378.5 4.228837 2.418400
379.0 4.229988 2.412600
379.5 4.231039 2.406800
380.0 4.232000 2.401000
380.5 4.232884 2.395300
381.0 4.233707 2.389600
381.5 4.234485 2.383900
382.0 4.235232 2.378200
382.5 4.235967 2.372500
383.0 4.236704 2.366800
383.5 4.237460 2.361100
384.0 4.238250 2.355400
384.5 4.239092 2.349700
385.0 4.240000 2.344000
385.5 4.240982 2.338100
386.0 4.242008 2.332200
386.5 4.243037 2.326300
387.0 4.244029 2.320400
387.5 4.244946 2.314500
388.0 4.245747 2.308600
388.5 4.246393 2.302700
389.0 4.246844 2.296800
389.5 4.247059 2.290900
390.0 4.247000 2.285000
390.5 4.246640 2.279400
391.0 4.246006 2.273800
391.5 4.245140 2.268200
392.0 4.244082 2.262600
392.5 4.242873 2.257000
393.0 4.241555 2.251400
393.5 4.240167 2.245800
394.0 4.238752 2.240200
394.5 4.237349 2.234600
395.0 4.236000 2.229000
395.5 4.234734 2.224200
396.0 4.233535 2.219400
396.5 4.232376 2.214600
397.0 4.231227 2.209800
397.5 4.230061 2.205000
398.0 4.228850 2.200200
398.5 4.227566 2.195400
399.0 4.226182 2.190600
399.5 4.224669 2.185800
400.0 4.223000 2.181000
400.5 4.221153 2.178050
401.0 4.219137 2.175100
401.5 4.216964 2.172150
402.0 4.214650 2.169200
402.5 4.212208 2.166250
403.0 4.209653 2.163300
403.5 4.207000 2.160350
404.0 4.204262 2.157400
404.5 4.201453 2.154450
405.0 4.198589 2.151500
405.5 4.195682 2.148550
406.0 4.192749 2.145600
406.5 4.189802 2.142650
407.0 4.186856 2.139700
407.5 4.183925 2.136750
408.0 4.181024 2.133800
408.5 4.178167 2.130850
409.0 4.175367 2.127900
409.5 4.172640 2.124950
410.0 4.170000 2.122000
410.5 4.167457 2.121000
411.0 4.165009 2.120000
411.5 4.162649 2.119000
412.0 4.160371 2.118000
412.5 4.158169 2.117000
413.0 4.156037 2.116000
413.5 4.153968 2.115000
414.0 4.151956 2.114000
414.5 4.149995 2.113000
415.0 4.148079 2.112000
415.5 4.146201 2.111000
416.0 4.144356 2.110000
416.5 4.142536 2.109000
417.0 4.140736 2.108000
417.5 4.138950 2.107000
418.0 4.137170 2.106000
418.5 4.135392 2.105000
419.0 4.133608 2.104000
419.5 4.131813 2.103000
420.0 4.130000 2.102000
420.5 4.128165 2.102700
421.0 4.126314 2.103400
421.5 4.124455 2.104100
422.0 4.122594 2.104800
422.5 4.120740 2.105500
423.0 4.118901 2.106200
423.5 4.117084 2.106900
424.0 4.115298 2.107600
424.5 4.113548 2.108300
425.0 4.111844 2.109000
425.5 4.110194 2.109700
426.0 4.108604 2.110400
426.5 4.107082 2.111100
427.0 4.105637 2.111800
427.5 4.104276 2.112500
428.0 4.103007 2.113200
428.5 4.101837 2.113900
429.0 4.100774 2.114600
429.5 4.099826 2.115300
430.0 4.099000 2.116000
430.5 4.098302 2.117350
431.0 4.097729 2.118700
431.5 4.097274 2.120050
432.0 4.096932 2.121400
432.5 4.096697 2.122750
433.0 4.096563 2.124100
433.5 4.096524 2.125450
434.0 4.096574 2.126800
434.5 4.096707 2.128150
435.0 4.096918 2.129500
435.5 4.097200 2.130850
436.0 4.097549 2.132200
436.5 4.097957 2.133550
437.0 4.098419 2.134900
437.5 4.098930 2.136250
438.0 4.099483 2.137600
438.5 4.100072 2.138950
439.0 4.100692 2.140300
439.5 4.101336 2.141650
440.0 4.102000 2.143000
440.5 4.102678 2.144700
441.0 4.103371 2.146400
441.5 4.104082 2.148100
442.0 4.104812 2.149800
442.5 4.105565 2.151500
443.0 4.106341 2.153200
443.5 4.107144 2.154900
444.0 4.107976 2.156600
444.5 4.108838 2.158300
445.0 4.109734 2.160000
445.5 4.110665 2.161700
446.0 4.111633 2.163400
446.5 4.112642 2.165100
447.0 4.113692 2.166800
447.5 4.114786 2.168500
448.0 4.115927 2.170200
448.5 4.117117 2.171900
449.0 4.118357 2.173600
449.5 4.119651 2.175300
450.0 4.121000 2.177000
450.5 4.122406 2.178850
451.0 4.123868 2.180700
451.5 4.125385 2.182550
452.0 4.126954 2.184400
452.5 4.128575 2.186250
453.0 4.130246 2.188100
453.5 4.131965 2.189950
454.0 4.133731 2.191800
454.5 4.135542 2.193650
455.0 4.137396 2.195500
455.5 4.139293 2.197350
456.0 4.141230 2.199200
456.5 4.143206 2.201050
457.0 4.145220 2.202900
457.5 4.147269 2.204750
458.0 4.149353 2.206600
458.5 4.151470 2.208450
459.0 4.153617 2.210300
459.5 4.155795 2.212150
460.0 4.158000 2.214000
460.5 4.160232 2.216100
461.0 4.162491 2.218200
461.5 4.164777 2.220300
462.0 4.167091 2.222400
462.5 4.169432 2.224500
463.0 4.171800 2.226600
463.5 4.174197 2.228700
464.0 4.176621 2.230800
464.5 4.179074 2.232900
465.0 4.181556 2.235000
465.5 4.184067 2.237100
466.0 4.186606 2.239200
466.5 4.189175 2.241300
467.0 4.191774 2.243400
467.5 4.194402 2.245500
468.0 4.197061 2.247600
468.5 4.199750 2.249700
469.0 4.202469 2.251800
469.5 4.205219 2.253900
470.0 4.208000 2.256000
470.5 4.210813 2.257750
471.0 4.213658 2.259500
471.5 4.216540 2.261250
472.0 4.219459 2.263000
472.5 4.222417 2.264750
473.0 4.225418 2.266500
473.5 4.228462 2.268250
474.0 4.231553 2.270000
474.5 4.234691 2.271750
475.0 4.237880 2.273500
475.5 4.241121 2.275250
476.0 4.244417 2.277000
476.5 4.247769 2.278750
477.0 4.251181 2.280500
477.5 4.254653 2.282250
478.0 4.258188 2.284000
478.5 4.261788 2.285750
479.0 4.265455 2.287500
479.5 4.269192 2.289250
480.0 4.273000 2.291000
480.5 4.276881 2.293000
481.0 4.280832 2.295000
481.5 4.284849 2.297000
482.0 4.288930 2.299000
482.5 4.293071 2.301000
483.0 4.297268 2.303000
483.5 4.301517 2.305000
484.0 4.305817 2.307000
484.5 4.310162 2.309000
485.0 4.314549 2.311000
485.5 4.318976 2.313000
486.0 4.323438 2.315000
486.5 4.327932 2.317000
487.0 4.332455 2.319000
487.5 4.337003 2.321000
488.0 4.341573 2.323000
488.5 4.346161 2.325000
489.0 4.350764 2.327000
489.5 4.355378 2.329000
490.0 4.360000 2.331000
490.5 4.364628 2.332750
491.0 4.369265 2.334500
491.5 4.373917 2.336250
492.0 4.378588 2.338000
492.5 4.383284 2.339750
493.0 4.388008 2.341500
493.5 4.392767 2.343250
494.0 4.397565 2.345000
494.5 4.402407 2.346750
495.0 4.407298 2.348500
495.5 4.412244 2.350250
496.0 4.417248 2.352000
496.5 4.422316 2.353750
497.0 4.427453 2.355500
497.5 4.432664 2.357250
498.0 4.437954 2.359000
498.5 4.443327 2.360750
499.0 4.448789 2.362500
499.5 4.454345 2.364250
500.0 4.460000 2.366000
500.5 4.465757 2.367450
501.0 4.471616 2.368900
501.5 4.477573 2.370350
502.0 4.483629 2.371800
502.5 4.489779 2.373250
503.0 4.496022 2.374700
503.5 4.502356 2.376150
504.0 4.508779 2.377600
504.5 4.515288 2.379050
505.0 4.521882 2.380500
505.5 4.528558 2.381950
506.0 4.535315 2.383400
506.5 4.542150 2.384850
507.0 4.549060 2.386300
507.5 4.556045 2.387750
508.0 4.563101 2.389200
508.5 4.570226 2.390650
509.0 4.577420 2.392100
509.5 4.584678 2.393550
510.0 4.592000 2.395000
510.5 4.599384 2.395950
511.0 4.606832 2.396900
511.5 4.614349 2.397850
512.0 4.621937 2.398800
512.5 4.629601 2.399750
513.0 4.637344 2.400700
513.5 4.645168 2.401650
514.0 4.653079 2.402600
514.5 4.661079 2.403550
515.0 4.669173 2.404500
515.5 4.677363 2.405450
516.0 4.685652 2.406400
516.5 4.694046 2.407350
517.0 4.702547 2.408300
517.5 4.711158 2.409250
518.0 4.719884 2.410200
518.5 4.728727 2.411150
519.0 4.737692 2.412100
519.5 4.746782 2.413050
520.0 4.756000 2.414000
520.5 4.765348 2.412200
521.0 4.774820 2.410400
521.5 4.784407 2.408600
522.0 4.794102 2.406800
522.5 4.803895 2.405000
523.0 4.813779 2.403200
523.5 4.823744 2.401400
524.0 4.833784 2.399600
524.5 4.843889 2.397800
525.0 4.854052 2.396000
525.5 4.864263 2.394200
526.0 4.874515 2.392400
526.5 4.884800 2.390600
527.0 4.895109 2.388800
527.5 4.905433 2.387000
528.0 4.915765 2.385200
528.5 4.926095 2.383400
529.0 4.936417 2.381600
529.5 4.946721 2.379800
530.0 4.957000 2.378000
530.5 4.967243 2.371200
531.0 4.977438 2.364400
531.5 4.987570 2.357600
532.0 4.997623 2.350800
532.5 5.007585 2.344000
533.0 5.017439 2.337200
533.5 5.027172 2.330400
534.0 5.036768 2.323600
534.5 5.046214 2.316800
535.0 5.055495 2.310000
535.5 5.064596 2.303200
536.0 5.073502 2.296400
536.5 5.082199 2.289600
537.0 5.090672 2.282800
537.5 5.098908 2.276000
538.0 5.106890 2.269200
538.5 5.114605 2.262400
539.0 5.122038 2.255600
539.5 5.129175 2.248800
540.0 5.136000 2.242000
540.5 5.142505 2.235200
541.0 5.148700 2.228400
541.5 5.154603 2.221600
542.0 5.160229 2.214800
542.5 5.165594 2.208000
543.0 5.170716 2.201200
543.5 5.175611 2.194400
544.0 5.180294 2.187600
544.5 5.184783 2.180800
545.0 5.189094 2.174000
545.5 5.193242 2.167200
546.0 5.197246 2.160400
546.5 5.201120 2.153600
547.0 5.204881 2.146800
547.5 5.208546 2.140000
548.0 5.212131 2.133200
548.5 5.215653 2.126400
549.0 5.219127 2.119600
549.5 5.222571 2.112800
550.0 5.226000 2.106000
550.5 5.229429 2.101650
551.0 5.232864 2.097300
551.5 5.236308 2.092950
552.0 5.239766 2.088600
552.5 5.243241 2.084250
553.0 5.246737 2.079900
553.5 5.250257 2.075550
554.0 5.253806 2.071200
554.5 5.257388 2.066850
555.0 5.261005 2.062500
555.5 5.264663 2.058150
556.0 5.268364 2.053800
556.5 5.272112 2.049450
557.0 5.275912 2.045100
557.5 5.279767 2.040750
558.0 5.283681 2.036400
558.5 5.287657 2.032050
559.0 5.291700 2.027700
559.5 5.295813 2.023350
560.0 5.300000 2.019000
560.5 5.304267 2.016250
561.0 5.308626 2.013500
561.5 5.313093 2.010750
562.0 5.317683 2.008000
562.5 5.322411 2.005250
563.0 5.327291 2.002500
563.5 5.332338 1.999750
564.0 5.337568 1.997000
564.5 5.342996 1.994250
565.0 5.348635 1.991500
565.5 5.354502 1.988750
566.0 5.360612 1.986000
566.5 5.366978 1.983250
567.0 5.373617 1.980500
567.5 5.380542 1.977750
568.0 5.387770 1.975000
568.5 5.395315 1.972250
569.0 5.403191 1.969500
569.5 5.411415 1.966750
570.0 5.420000 1.964000
570.5 5.428955 1.957650
571.0 5.438260 1.951300
571.5 5.447888 1.944950
572.0 5.457813 1.938600
572.5 5.468007 1.932250
573.0 5.478443 1.925900
573.5 5.489095 1.919550
574.0 5.499937 1.913200
574.5 5.510940 1.906850
575.0 5.522079 1.900500
575.5 5.533326 1.894150
576.0 5.544654 1.887800
576.5 5.556037 1.881450
577.0 5.567449 1.875100
577.5 5.578861 1.868750
578.0 5.590248 1.862400
578.5 5.601582 1.856050
579.0 5.612836 1.849700
579.5 5.623985 1.843350
580.0 5.635000 1.837000
580.5 5.645857 1.822550
581.0 5.656534 1.808100
581.5 5.667013 1.793650
582.0 5.677273 1.779200
582.5 5.687297 1.764750
583.0 5.697063 1.750300
583.5 5.706554 1.735850
584.0 5.715749 1.721400
584.5 5.724629 1.706950
585.0 5.733175 1.692500
585.5 5.741368 1.678050
586.0 5.749188 1.663600
586.5 5.756616 1.649150
587.0 5.763632 1.634700
587.5 5.770217 1.620250
588.0 5.776351 1.605800
588.5 5.782016 1.591350
589.0 5.787192 1.576900
589.5 5.791860 1.562450
590.0 5.796000 1.548000
590.5 5.799599 1.532650
591.0 5.802672 1.517300
591.5 5.805238 1.501950
592.0 5.807318 1.486600
592.5 5.808932 1.471250
593.0 5.810100 1.455900
593.5 5.810842 1.440550
594.0 5.811179 1.425200
594.5 5.811132 1.409850
595.0 5.810720 1.394500
595.5 5.809963 1.379150
596.0 5.808882 1.363800
596.5 5.807497 1.348450
597.0 5.805829 1.333100
597.5 5.803898 1.317750
598.0 5.801723 1.302400
598.5 5.799326 1.287050
599.0 5.796726 1.271700
599.5 5.793944 1.256350
600.0 5.791000 1.241000
600.5 5.787912 1.229500
601.0 5.784688 1.218000
601.5 5.781334 1.206500
602.0 5.777855 1.195000
602.5 5.774258 1.183500
603.0 5.770548 1.172000
603.5 5.766732 1.160500
604.0 5.762813 1.149000
604.5 5.758800 1.137500
605.0 5.754696 1.126000
605.5 5.750509 1.114500
606.0 5.746244 1.103000
606.5 5.741906 1.091500
607.0 5.737502 1.080000
607.5 5.733036 1.068500
608.0 5.728516 1.057000
608.5 5.723947 1.045500
609.0 5.719334 1.034000
609.5 5.714683 1.022500
610.0 5.710000 1.011000
610.5 5.705290 1.003000
611.0 5.700551 0.995000
611.5 5.695782 0.987000
612.0 5.690981 0.979000
612.5 5.686145 0.971000
613.0 5.681272 0.963000
613.5 5.676360 0.955000
614.0 5.671407 0.947000
614.5 5.666411 0.939000
615.0 5.661370 0.931000
615.5 5.656281 0.923000
616.0 5.651143 0.915000
616.5 5.645953 0.907000
617.0 5.640709 0.899000
617.5 5.635410 0.891000
618.0 5.630052 0.883000
618.5 5.624635 0.875000
619.0 5.619155 0.867000
619.5 5.613611 0.859000
620.0 5.608000 0.851000
620.5 5.602323 0.845150
621.0 5.596586 0.839300
621.5 5.590800 0.833450
622.0 5.584974 0.827600
622.5 5.579116 0.821750
623.0 5.573238 0.815900
623.5 5.567348 0.810050
624.0 5.561455 0.804200
624.5 5.555569 0.798350
625.0 5.549700 0.792500
625.5 5.543857 0.786650
626.0 5.538049 0.780800
626.5 5.532287 0.774950
627.0 5.526578 0.769100
627.5 5.520934 0.763250
628.0 5.515363 0.757400
628.5 5.509874 0.751550
629.0 5.504478 0.745700
629.5 5.499183 0.739850
630.0 5.494000 0.734000
630.5 5.488934 0.730550
631.0 5.483979 0.727100
631.5 5.479126 0.723650
632.0 5.474365 0.720200
632.5 5.469687 0.716750
633.0 5.465082 0.713300
633.5 5.460540 0.709850
634.0 5.456053 0.706400
634.5 5.451611 0.702950
635.0 5.447205 0.699500
635.5 5.442824 0.696050
636.0 5.438460 0.692600
636.5 5.434102 0.689150
637.0 5.429742 0.685700
637.5 5.425370 0.682250
638.0 5.420977 0.678800
638.5 5.416553 0.675350
639.0 5.412088 0.671900
639.5 5.407574 0.668450
640.0 5.403000 0.665000
640.5 5.398360 0.662100
641.0 5.393659 0.659200
641.5 5.388904 0.656300
642.0 5.384103 0.653400
642.5 5.379262 0.650500
643.0 5.374389 0.647600
643.5 5.369493 0.644700
644.0 5.364579 0.641800
644.5 5.359656 0.638900
645.0 5.354731 0.636000
645.5 5.349811 0.633100
646.0 5.344904 0.630200
646.5 5.340018 0.627300
647.0 5.335159 0.624400
647.5 5.330335 0.621500
648.0 5.325553 0.618600
648.5 5.320822 0.615700
649.0 5.316147 0.612800
649.5 5.311538 0.609900
650.0 5.307000 0.607000
650.5 5.302540 0.604900
651.0 5.298157 0.602800
651.5 5.293848 0.600700
652.0 5.289609 0.598600
652.5 5.285438 0.596500
653.0 5.281332 0.594400
653.5 5.277287 0.592300
654.0 5.273302 0.590200
654.5 5.269373 0.588100
655.0 5.265496 0.586000
655.5 5.261670 0.583900
656.0 5.257891 0.581800
656.5 5.254156 0.579700
657.0 5.250462 0.577600
657.5 5.246806 0.575500
658.0 5.243186 0.573400
658.5 5.239598 0.571300
659.0 5.236040 0.569200
659.5 5.232508 0.567100
660.0 5.229000 0.565000
660.5 5.225513 0.563250
661.0 5.222047 0.561500
661.5 5.218603 0.559750
662.0 5.215182 0.558000
662.5 5.211783 0.556250
663.0 5.208409 0.554500
663.5 5.205058 0.552750
664.0 5.201733 0.551000
664.5 5.198433 0.549250
665.0 5.195159 0.547500
665.5 5.191913 0.545750
666.0 5.188693 0.544000
666.5 5.185502 0.542250
667.0 5.182339 0.540500
667.5 5.179206 0.538750
668.0 5.176102 0.537000
668.5 5.173029 0.535250
669.0 5.169988 0.533500
669.5 5.166978 0.531750
670.0 5.164000 0.530000
670.5 5.161055 0.528500
671.0 5.158142 0.527000
671.5 5.155260 0.525500
672.0 5.152408 0.524000
672.5 5.149585 0.522500
673.0 5.146790 0.521000
673.5 5.144021 0.519500
674.0 5.141279 0.518000
674.5 5.138561 0.516500
675.0 5.135866 0.515000
675.5 5.133195 0.513500
676.0 5.130545 0.512000
676.5 5.127915 0.510500
677.0 5.125306 0.509000
677.5 5.122714 0.507500
678.0 5.120141 0.506000
678.5 5.117583 0.504500
679.0 5.115042 0.503000
679.5 5.112514 0.501500
680.0 5.110000 0.500000
680.5 5.107498 0.498600
681.0 5.105009 0.497200
681.5 5.102531 0.495800
682.0 5.100065 0.494400
682.5 5.097610 0.493000
683.0 5.095167 0.491600
683.5 5.092734 0.490200
684.0 5.090313 0.488800
684.5 5.087901 0.487400
685.0 5.085500 0.486000
685.5 5.083109 0.484600
686.0 5.080728 0.483200
686.5 5.078356 0.481800
687.0 5.075993 0.480400
687.5 5.073640 0.479000
688.0 5.071295 0.477600
688.5 5.068959 0.476200
689.0 5.066631 0.474800
689.5 5.064312 0.473400
690.0 5.062000 0.472000
690.5 5.059696 0.470700
691.0 5.057400 0.469400
691.5 5.055113 0.468100
692.0 5.052835 0.466800
692.5 5.050567 0.465500
693.0 5.048308 0.464200
693.5 5.046060 0.462900
694.0 5.043823 0.461600
694.5 5.041597 0.460300
695.0 5.039383 0.459000
695.5 5.037182 0.457700
696.0 5.034993 0.456400
696.5 5.032818 0.455100
697.0 5.030656 0.453800
697.5 5.028508 0.452500
698.0 5.026375 0.451200
698.5 5.024258 0.449900
699.0 5.022156 0.448600
699.5 5.020070 0.447300
700.0 5.018000 0.446000
700.5 5.015947 0.444800
701.0 5.013911 0.443600
701.5 5.011889 0.442400
702.0 5.009882 0.441200
702.5 5.007888 0.440000
703.0 5.005907 0.438800
703.5 5.003938 0.437600
704.0 5.001980 0.436400
704.5 5.000031 0.435200
705.0 4.998092 0.434000
705.5 4.996160 0.432800
706.0 4.994236 0.431600
706.5 4.992318 0.430400
707.0 4.990406 0.429200
707.5 4.988499 0.428000
708.0 4.986595 0.426800
708.5 4.984694 0.425600
709.0 4.982795 0.424400
709.5 4.980898 0.423200
710.0 4.979000 0.422000
710.5 4.977102 0.420950
711.0 4.975204 0.419900
711.5 4.973308 0.418850
712.0 4.971412 0.417800
712.5 4.969520 0.416750
713.0 4.967631 0.415700
713.5 4.965746 0.414650
714.0 4.963867 0.413600
714.5 4.961993 0.412550
715.0 4.960126 0.411500
715.5 4.958266 0.410450
716.0 4.956414 0.409400
716.5 4.954572 0.408350
717.0 4.952740 0.407300
717.5 4.950918 0.406250
718.0 4.949108 0.405200
718.5 4.947311 0.404150
719.0 4.945526 0.403100
719.5 4.943756 0.402050
720.0 4.942000 0.401000
720.5 4.940260 0.399950
721.0 4.938534 0.398900
721.5 4.936823 0.397850
722.0 4.935124 0.396800
722.5 4.933437 0.395750
723.0 4.931762 0.394700
723.5 4.930097 0.393650
724.0 4.928442 0.392600
724.5 4.926795 0.391550
725.0 4.925156 0.390500
725.5 4.923524 0.389450
726.0 4.921898 0.388400
726.5 4.920277 0.387350
727.0 4.918660 0.386300
727.5 4.917047 0.385250
728.0 4.915436 0.384200
728.5 4.913827 0.383150
729.0 4.912218 0.382100
729.5 4.910610 0.381050
730.0 4.909000 0.380000
730.5 4.907389 0.379100
731.0 4.905776 0.378200
731.5 4.904162 0.377300
732.0 4.902548 0.376400
732.5 4.900933 0.375500
733.0 4.899319 0.374600
733.5 4.897706 0.373700
734.0 4.896093 0.372800
734.5 4.894483 0.371900
735.0 4.892874 0.371000
735.5 4.891268 0.370100
736.0 4.889665 0.369200
736.5 4.888065 0.368300
737.0 4.886470 0.367400
737.5 4.884878 0.366500
738.0 4.883291 0.365600
738.5 4.881710 0.364700
739.0 4.880134 0.363800
739.5 4.878564 0.362900
740.0 4.877000 0.362000
740.5 4.875443 0.361100
741.0 4.873893 0.360200
741.5 4.872350 0.359300
742.0 4.870813 0.358400
742.5 4.869283 0.357500
743.0 4.867759 0.356600
743.5 4.866241 0.355700
744.0 4.864729 0.354800
744.5 4.863223 0.353900
745.0 4.861722 0.353000
745.5 4.860227 0.352100
746.0 4.858738 0.351200
746.5 4.857253 0.350300
747.0 4.855774 0.349400
747.5 4.854300 0.348500
748.0 4.852831 0.347600
748.5 4.851366 0.346700
749.0 4.849907 0.345800
749.5 4.848451 0.344900
750.0 4.847000 0.344000
750.5 4.845553 0.343200
751.0 4.844111 0.342400
751.5 4.842672 0.341600
752.0 4.841239 0.340800
752.5 4.839810 0.340000
753.0 4.838385 0.339200
753.5 4.836966 0.338400
754.0 4.835551 0.337600
754.5 4.834142 0.336800
755.0 4.832737 0.336000
755.5 4.831338 0.335200
756.0 4.829944 0.334400
756.5 4.828556 0.333600
757.0 4.827173 0.332800
757.5 4.825796 0.332000
758.0 4.824425 0.331200
758.5 4.823060 0.330400
759.0 4.821700 0.329600
759.5 4.820347 0.328800
760.0 4.819000 0.328000
760.5 4.817659 0.327250
761.0 4.816325 0.326500
761.5 4.814996 0.325750
762.0 4.813672 0.325000
762.5 4.812354 0.324250
763.0 4.811040 0.323500
763.5 4.809731 0.322750
764.0 4.808427 0.322000
764.5 4.807126 0.321250
765.0 4.805829 0.320500
765.5 4.804536 0.319750
766.0 4.803246 0.319000
766.5 4.801958 0.318250
767.0 4.800673 0.317500
767.5 4.799390 0.316750
768.0 4.798109 0.316000
768.5 4.796830 0.315250
769.0 4.795553 0.314500
769.5 4.794276 0.313750
770.0 4.793000 0.313000
770.5 4.791725 0.312350
771.0 4.790450 0.311700
771.5 4.789177 0.311050
772.0 4.787905 0.310400
772.5 4.786635 0.309750
773.0 4.785366 0.309100
773.5 4.784101 0.308450
774.0 4.782837 0.307800
774.5 4.781577 0.307150
775.0 4.780320 0.306500
775.5 4.779067 0.305850
776.0 4.777818 0.305200
776.5 4.776572 0.304550
777.0 4.775332 0.303900
777.5 4.774096 0.303250
778.0 4.772865 0.302600
778.5 4.771640 0.301950
779.0 4.770420 0.301300
779.5 4.769207 0.300650
780.0 4.768000 0.300000
780.5 4.766800 0.299350
781.0 4.765606 0.298700
781.5 4.764418 0.298050
782.0 4.763236 0.297400
782.5 4.762061 0.296750
783.0 4.760891 0.296100
783.5 4.759726 0.295450
784.0 4.758567 0.294800
784.5 4.757413 0.294150
785.0 4.756264 0.293500
785.5 4.755120 0.292850
786.0 4.753980 0.292200
786.5 4.752844 0.291550
787.0 4.751713 0.290900
787.5 4.750586 0.290250
788.0 4.749462 0.289600
788.5 4.748342 0.288950
789.0 4.747225 0.288300
789.5 4.746111 0.287650
790.0 4.745000 0.287000
790.5 4.743892 0.286400
791.0 4.742786 0.285800
791.5 4.741683 0.285200
792.0 4.740581 0.284600
792.5 4.739482 0.284000
793.0 4.738383 0.283400
793.5 4.737286 0.282800
794.0 4.736189 0.282200
794.5 4.735093 0.281600
795.0 4.733998 0.281000
795.5 4.732902 0.280400
796.0 4.731807 0.279800
796.5 4.730710 0.279200
797.0 4.729613 0.278600
797.5 4.728515 0.278000
798.0 4.727416 0.277400
798.5 4.726315 0.276800
799.0 4.725212 0.276200
799.5 4.724107 0.275600
800.0 4.723000 0.275000
800.5 4.721890 0.274450
801.0 4.720778 0.273900
801.5 4.719665 0.273350
802.0 4.718550 0.272800
802.5 4.717435 0.272250
803.0 4.716320 0.271700
803.5 4.715205 0.271150
804.0 4.714092 0.270600
804.5 4.712980 0.270050
805.0 4.711870 0.269500
805.5 4.710762 0.268950
806.0 4.709658 0.268400
806.5 4.708557 0.267850
807.0 4.707461 0.267300
807.5 4.706369 0.266750
808.0 4.705283 0.266200
808.5 4.704202 0.265650
809.0 4.703128 0.265100
809.5 4.702060 0.264550
810.0 4.701000 0.264000
810.5 4.699948 0.263450
811.0 4.698903 0.262900
811.5 4.697865 0.262350
812.0 4.696834 0.261800
812.5 4.695810 0.261250
813.0 4.694791 0.260700
813.5 4.693779 0.260150
814.0 4.692772 0.259600
814.5 4.691771 0.259050
815.0 4.690774 0.258500
815.5 4.689782 0.257950
816.0 4.688794 0.257400
816.5 4.687810 0.256850
817.0 4.686829 0.256300
817.5 4.685851 0.255750
818.0 4.684877 0.255200
818.5 4.683905 0.254650
819.0 4.682935 0.254100
819.5 4.681967 0.253550
820.0 4.681000 0.253000
820.5 4.680035 0.252500
821.0 4.679071 0.252000
821.5 4.678108 0.251500
822.0 4.677146 0.251000
822.5 4.676186 0.250500
823.0 4.675228 0.250000
823.5 4.674271 0.249500
824.0 4.673315 0.249000
824.5 4.672362 0.248500
825.0 4.671410 0.248000
825.5 4.670460 0.247500
826.0 4.669511 0.247000
826.5 4.668565 0.246500
827.0 4.667621 0.246000
827.5 4.666678 0.245500
828.0 4.665738 0.245000
828.5 4.664800 0.244500
829.0 4.663864 0.244000
829.5 4.662931 0.243500
830.0 4.662000 0.243000
830.5 4.661071 0.242550
831.0 4.660145 0.242100
831.5 4.659222 0.241650
832.0 4.658301 0.241200
832.5 4.657383 0.240750
833.0 4.656468 0.240300
833.5 4.655556 0.239850
834.0 4.654647 0.239400
834.5 4.653740 0.238950
835.0 4.652837 0.238500
835.5 4.651938 0.238050
836.0 4.651041 0.237600
836.5 4.650148 0.237150
837.0 4.649259 0.236700
837.5 4.648373 0.236250
838.0 4.647491 0.235800
838.5 4.646612 0.235350
839.0 4.645738 0.234900
839.5 4.644867 0.234450
840.0 4.644000 0.234000
840.5 4.643137 0.233600
841.0 4.642278 0.233200
841.5 4.641422 0.232800
842.0 4.640569 0.232400
842.5 4.639719 0.232000
843.0 4.638870 0.231600
843.5 4.638024 0.231200
844.0 4.637179 0.230800
844.5 4.636334 0.230400
845.0 4.635491 0.230000
845.5 4.634647 0.229600
846.0 4.633804 0.229200
846.5 4.632959 0.228800
847.0 4.632114 0.228400
847.5 4.631267 0.228000
848.0 4.630419 0.227600
848.5 4.629568 0.227200
849.0 4.628715 0.226800
849.5 4.627859 0.226400
850.0 4.627000 0.226000
850.5 4.626137 0.225550
851.0 4.625271 0.225100
851.5 4.624403 0.224650
852.0 4.623534 0.224200
852.5 4.622664 0.223750
853.0 4.621793 0.223300
853.5 4.620923 0.222850
854.0 4.620055 0.222400
854.5 4.619188 0.221950
855.0 4.618325 0.221500
855.5 4.617465 0.221050
856.0 4.616609 0.220600
856.5 4.615758 0.220150
857.0 4.614912 0.219700
857.5 4.614074 0.219250
858.0 4.613242 0.218800
858.5 4.612418 0.218350
859.0 4.611602 0.217900
859.5 4.610796 0.217450
860.0 4.610000 0.217000
860.5 4.609214 0.216650
861.0 4.608438 0.216300
861.5 4.607671 0.215950
862.0 4.606911 0.215600
862.5 4.606158 0.215250
863.0 4.605411 0.214900
863.5 4.604669 0.214550
864.0 4.603930 0.214200
864.5 4.603195 0.213850
865.0 4.602460 0.213500
865.5 4.601727 0.213150
866.0 4.600994 0.212800
866.5 4.600259 0.212450
867.0 4.599522 0.212100
867.5 4.598782 0.211750
868.0 4.598038 0.211400
868.5 4.597289 0.211050
869.0 4.596533 0.210700
869.5 4.595771 0.210350
870.0 4.595000 0.210000
870.5 4.594220 0.209600
871.0 4.593433 0.209200
871.5 4.592638 0.208800
872.0 4.591837 0.208400
872.5 4.591031 0.208000
873.0 4.590221 0.207600
873.5 4.589407 0.207200
874.0 4.588592 0.206800
874.5 4.587775 0.206400
875.0 4.586958 0.206000
875.5 4.586142 0.205600
876.0 4.585328 0.205200
876.5 4.584517 0.204800
877.0 4.583709 0.204400
877.5 4.582907 0.204000
878.0 4.582110 0.203600
878.5 4.581320 0.203200
879.0 4.580537 0.202800
879.5 4.579764 0.202400
880.0 4.579000 0.202000
880.5 4.578247 0.201700
881.0 4.577504 0.201400
881.5 4.576770 0.201100
882.0 4.576044 0.200800
882.5 4.575327 0.200500
883.0 4.574616 0.200200
883.5 4.573912 0.199900
884.0 4.573214 0.199600
884.5 4.572520 0.199300
885.0 4.571831 0.199000
885.5 4.571145 0.198700
886.0 4.570461 0.198400
886.5 4.569780 0.198100
887.0 4.569099 0.197800
887.5 4.568419 0.197500
888.0 4.567739 0.197200
888.5 4.567058 0.196900
889.0 4.566375 0.196600
889.5 4.565689 0.196300
890.0 4.565000 0.196000
890.5 4.564307 0.195650
891.0 4.563611 0.195300
891.5 4.562912 0.194950
892.0 4.562210 0.194600
892.5 4.561505 0.194250
893.0 4.560799 0.193900
893.5 4.560092 0.193550
894.0 4.559385 0.193200
894.5 4.558676 0.192850
895.0 4.557968 0.192500
895.5 4.557261 0.192150
896.0 4.556555 0.191800
896.5 4.555850 0.191450
897.0 4.555147 0.191100
897.5 4.554447 0.190750
898.0 4.553750 0.190400
898.5 4.553056 0.190050
899.0 4.552366 0.189700
899.5 4.551681 0.189350
900.0 4.551000 0.189000
900.5 4.550324 0.188700
901.0 4.549654 0.188400
901.5 4.548988 0.188100
902.0 4.548326 0.187800
902.5 4.547667 0.187500
903.0 4.547013 0.187200
903.5 4.546361 0.186900
904.0 4.545712 0.186600
904.5 4.545065 0.186300
905.0 4.544421 0.186000
905.5 4.543778 0.185700
906.0 4.543136 0.185400
906.5 4.542495 0.185100
907.0 4.541854 0.184800
907.5 4.541214 0.184500
908.0 4.540573 0.184200
908.5 4.539932 0.183900
909.0 4.539289 0.183600
909.5 4.538645 0.183300
910.0 4.538000 0.183000
910.5 4.537353 0.182700
911.0 4.536703 0.182400
911.5 4.536052 0.182100
912.0 4.535400 0.181800
912.5 4.534747 0.181500
913.0 4.534093 0.181200
913.5 4.533438 0.180900
914.0 4.532783 0.180600
914.5 4.532128 0.180300
915.0 4.531474 0.180000
915.5 4.530820 0.179700
916.0 4.530166 0.179400
916.5 4.529514 0.179100
917.0 4.528863 0.178800
917.5 4.528214 0.178500
918.0 4.527566 0.178200
918.5 4.526921 0.177900
919.0 4.526278 0.177600
919.5 4.525637 0.177300
920.0 4.525000 0.177000
920.5 4.524366 0.176700
921.0 4.523735 0.176400
921.5 4.523107 0.176100
922.0 4.522482 0.175800
922.5 4.521861 0.175500
923.0 4.521244 0.175200
923.5 4.520630 0.174900
924.0 4.520019 0.174600
924.5 4.519412 0.174300
925.0 4.518809 0.174000
925.5 4.518210 0.173700
926.0 4.517615 0.173400
926.5 4.517024 0.173100
927.0 4.516436 0.172800
927.5 4.515853 0.172500
928.0 4.515274 0.172200
928.5 4.514699 0.171900
929.0 4.514128 0.171600
929.5 4.513562 0.171300
930.0 4.513000 0.171000
930.5 4.512442 0.170750
931.0 4.511889 0.170500
931.5 4.511339 0.170250
932.0 4.510791 0.170000
932.5 4.510246 0.169750
933.0 4.509703 0.169500
933.5 4.509161 0.169250
934.0 4.508620 0.169000
934.5 4.508080 0.168750
935.0 4.507539 0.168500
935.5 4.506997 0.168250
936.0 4.506454 0.168000
936.5 4.505909 0.167750
937.0 4.505362 0.167500
937.5 4.504812 0.167250
938.0 4.504258 0.167000
938.5 4.503701 0.166750
939.0 4.503139 0.166500
939.5 4.502572 0.166250
940.0 4.502000 0.166000
940.5 4.501422 0.165750
941.0 4.500838 0.165500
941.5 4.500250 0.165250
942.0 4.499657 0.165000
942.5 4.499060 0.164750
943.0 4.498460 0.164500
943.5 4.497857 0.164250
944.0 4.497251 0.164000
944.5 4.496644 0.163750
945.0 4.496036 0.163500
945.5 4.495427 0.163250
946.0 4.494818 0.163000
946.5 4.494209 0.162750
947.0 4.493601 0.162500
947.5 4.492994 0.162250
948.0 4.492389 0.162000
948.5 4.491787 0.161750
949.0 4.491188 0.161500
949.5 4.490592 0.161250
950.0 4.490000 0.161000
950.5 4.489413 0.160750
951.0 4.488830 0.160500
951.5 4.488252 0.160250
952.0 4.487677 0.160000
952.5 4.487107 0.159750
953.0 4.486542 0.159500
953.5 4.485980 0.159250
954.0 4.485422 0.159000
954.5 4.484868 0.158750
955.0 4.484318 0.158500
955.5 4.483771 0.158250
956.0 4.483228 0.158000
956.5 4.482688 0.157750
957.0 4.482152 0.157500
957.5 4.481619 0.157250
958.0 4.481089 0.157000
958.5 4.480563 0.156750
959.0 4.480039 0.156500
959.5 4.479518 0.156250
960.0 4.479000 0.156000
960.5 4.478485 0.155800
961.0 4.477972 0.155600
961.5 4.477462 0.155400
962.0 4.476954 0.155200
962.5 4.476448 0.155000
963.0 4.475943 0.154800
963.5 4.475441 0.154600
964.0 4.474940 0.154400
964.5 4.474441 0.154200
965.0 4.473943 0.154000
965.5 4.473446 0.153800
966.0 4.472951 0.153600
966.5 4.472456 0.153400
967.0 4.471961 0.153200
967.5 4.471467 0.153000
968.0 4.470974 0.152800
968.5 4.470480 0.152600
969.0 4.469987 0.152400
969.5 4.469494 0.152200
970.0 4.469000 0.152000
970.5 4.468506 0.151750
971.0 4.468011 0.151500
971.5 4.467516 0.151250
972.0 4.467020 0.151000
972.5 4.466524 0.150750
973.0 4.466028 0.150500
973.5 4.465530 0.150250
974.0 4.465032 0.150000
974.5 4.464534 0.149750
975.0 4.464034 0.149500
975.5 4.463534 0.149250
976.0 4.463034 0.149000
976.5 4.462532 0.148750
977.0 4.462030 0.148500
977.5 4.461527 0.148250
978.0 4.461024 0.148000
978.5 4.460519 0.147750
979.0 4.460014 0.147500
979.5 4.459507 0.147250
980.0 4.459000 0.147000
980.5 4.458492 0.146800
981.0 4.457983 0.146600
981.5 4.457474 0.146400
982.0 4.456965 0.146200
982.5 4.456455 0.146000
983.0 4.455946 0.145800
983.5 4.455438 0.145600
984.0 4.454930 0.145400
984.5 4.454424 0.145200
985.0 4.453919 0.145000
985.5 4.453416 0.144800
986.0 4.452914 0.144600
986.5 4.452415 0.144400
987.0 4.451918 0.144200
987.5 4.451423 0.144000
988.0 4.450932 0.143800
988.5 4.450444 0.143600
989.0 4.449959 0.143400
989.5 4.449477 0.143200
990.0 4.449000 0.143000
990.5 4.448527 0.142800
991.0 4.448057 0.142600
991.5 4.447592 0.142400
992.0 4.447129 0.142200
992.5 4.446670 0.142000
993.0 4.446214 0.141800
993.5 4.445761 0.141600
994.0 4.445310 0.141400
994.5 4.444861 0.141200
995.0 4.444414 0.141000
995.5 4.443969 0.140800
996.0 4.443526 0.140600
996.5 4.443083 0.140400
997.0 4.442642 0.140200
997.5 4.442201 0.140000
998.0 4.441761 0.139800
998.5 4.441321 0.139600
999.0 4.440881 0.139400
999.5 4.440441 0.139200
1000.0 4.440000 0.139000
1000.5 4.439559 0.138800
1001.0 4.439116 0.138600
1001.5 4.438673 0.138400
1002.0 4.438230 0.138200
1002.5 4.437785 0.138000
1003.0 4.437340 0.137800
1003.5 4.436893 0.137600
1004.0 4.436446 0.137400
1004.5 4.435998 0.137200
1005.0 4.435549 0.137000
1005.5 4.435099 0.136800
1006.0 4.434648 0.136600
1006.5 4.434196 0.136400
1007.0 4.433742 0.136200
1007.5 4.433288 0.136000
1008.0 4.432833 0.135800
1008.5 4.432376 0.135600
1009.0 4.431919 0.135400
1009.5 4.431460 0.135200
1010.0 4.431000 0.135000
1010.5 4.430539 0.134800
1011.0 4.430077 0.134600
1011.5 4.429614 0.134400
1012.0 4.429152 0.134200
1012.5 4.428689 0.134000
1013.0 4.428227 0.133800
1013.5 4.427766 0.133600
1014.0 4.427306 0.133400
1014.5 4.426847 0.133200
1015.0 4.426390 0.133000
1015.5 4.425936 0.132800
1016.0 4.425484 0.132600
1016.5 4.425035 0.132400
1017.0 4.424589 0.132200
1017.5 4.424146 0.132000
1018.0 4.423708 0.131800
1018.5 4.423274 0.131600
1019.0 4.422844 0.131400
1019.5 4.422419 0.131200
1020.0 4.422000 0.131000
1020.5 4.421586 0.130850
1021.0 4.421177 0.130700
1021.5 4.420773 0.130550
1022.0 4.420372 0.130400
1022.5 4.419974 0.130250
1023.0 4.419580 0.130100
1023.5 4.419187 0.129950
1024.0 4.418796 0.129800
1024.5 4.418405 0.129650
1025.0 4.418015 0.129500
1025.5 4.417625 0.129350
1026.0 4.417233 0.129200
1026.5 4.416841 0.129050
1027.0 4.416446 0.128900
1027.5 4.416048 0.128750
1028.0 4.415648 0.128600
1028.5 4.415243 0.128450
1029.0 4.414834 0.128300
1029.5 4.414420 0.128150
1030.0 4.414000 0.128000
1030.5 4.413574 0.127800
1031.0 4.413143 0.127600
1031.5 4.412706 0.127400
1032.0 4.412265 0.127200
1032.5 4.411820 0.127000
1033.0 4.411371 0.126800
1033.5 4.410919 0.126600
1034.0 4.410464 0.126400
1034.5 4.410007 0.126200
1035.0 4.409549 0.126000
1035.5 4.409090 0.125800
1036.0 4.408631 0.125600
1036.5 4.408171 0.125400
1037.0 4.407712 0.125200
1037.5 4.407254 0.125000
1038.0 4.406798 0.124800
1038.5 4.406344 0.124600
1039.0 4.405893 0.124400
1039.5 4.405444 0.124200
1040.0 4.405000 0.124000
1040.5 4.404560 0.123850
1041.0 4.404124 0.123700
1041.5 4.403692 0.123550
1042.0 4.403264 0.123400
1042.5 4.402841 0.123250
1043.0 4.402422 0.123100
1043.5 4.402007 0.122950
1044.0 4.401596 0.122800
1044.5 4.401190 0.122650
1045.0 4.400788 0.122500
1045.5 4.400390 0.122350
1046.0 4.399996 0.122200
1046.5 4.399607 0.122050
1047.0 4.399222 0.121900
1047.5 4.398841 0.121750
1048.0 4.398464 0.121600
1048.5 4.398092 0.121450
1049.0 4.397724 0.121300
1049.5 4.397360 0.121150
1050.0 4.397000 0.121000
1050.5 4.396644 0.120850
1051.0 4.396293 0.120700
1051.5 4.395944 0.120550
1052.0 4.395598 0.120400
1052.5 4.395254 0.120250
1053.0 4.394912 0.120100
1053.5 4.394571 0.119950
1054.0 4.394230 0.119800
1054.5 4.393890 0.119650
1055.0 4.393549 0.119500
1055.5 4.393207 0.119350
1056.0 4.392864 0.119200
1056.5 4.392518 0.119050
1057.0 4.392170 0.118900
1057.5 4.391819 0.118750
1058.0 4.391465 0.118600
1058.5 4.391106 0.118450
1059.0 4.390743 0.118300
1059.5 4.390374 0.118150
1060.0 4.390000 0.118000
1060.5 4.389620 0.117850
1061.0 4.389234 0.117700
1061.5 4.388843 0.117550
1062.0 4.388448 0.117400
1062.5 4.388049 0.117250
1063.0 4.387646 0.117100
1063.5 4.387241 0.116950
1064.0 4.386834 0.116800
1064.5 4.386425 0.116650
1065.0 4.386016 0.116500
1065.5 4.385606 0.116350
1066.0 4.385196 0.116200
1066.5 4.384787 0.116050
1067.0 4.384380 0.115900
1067.5 4.383975 0.115750
1068.0 4.383572 0.115600
1068.5 4.383173 0.115450
1069.0 4.382777 0.115300
1069.5 4.382386 0.115150
1070.0 4.382000 0.115000
1070.5 4.381619 0.114850
1071.0 4.381244 0.114700
1071.5 4.380873 0.114550
1072.0 4.380507 0.114400
1072.5 4.380145 0.114250
1073.0 4.379787 0.114100
1073.5 4.379433 0.113950
1074.0 4.379082 0.113800
1074.5 4.378734 0.113650
1075.0 4.378388 0.113500
1075.5 4.378045 0.113350
1076.0 4.377703 0.113200
1076.5 4.377364 0.113050
1077.0 4.377025 0.112900
1077.5 4.376687 0.112750
1078.0 4.376350 0.112600
1078.5 4.376013 0.112450
1079.0 4.375676 0.112300
1079.5 4.375338 0.112150
1080.0 4.375000 0.112000
1080.5 4.374661 0.111850
1081.0 4.374320 0.111700
1081.5 4.373979 0.111550
1082.0 4.373636 0.111400
1082.5 4.373292 0.111250
1083.0 4.372947 0.111100
1083.5 4.372601 0.110950
1084.0 4.372254 0.110800
1084.5 4.371906 0.110650
1085.0 4.371556 0.110500
1085.5 4.371206 0.110350
1086.0 4.370854 0.110200
1086.5 4.370501 0.110050
1087.0 4.370147 0.109900
1087.5 4.369792 0.109750
1088.0 4.369436 0.109600
1088.5 4.369079 0.109450
1089.0 4.368720 0.109300
1089.5 4.368361 0.109150
1090.0 4.368000 0.109000
1090.5 4.367638 0.108900
1091.0 4.367275 0.108800
1091.5 4.366912 0.108700
1092.0 4.366549 0.108600
1092.5 4.366186 0.108500
1093.0 4.365824 0.108400
1093.5 4.365462 0.108300
1094.0 4.365102 0.108200
1094.5 4.364743 0.108100
1095.0 4.364386 0.108000
1095.5 4.364032 0.107900
1096.0 4.363680 0.107800
1096.5 4.363331 0.107700
1097.0 4.362985 0.107600
1097.5 4.362643 0.107500
1098.0 4.362305 0.107400
1098.5 4.361972 0.107300
1099.0 4.361643 0.107200
1099.5 4.361319 0.107100
1100.0 4.361000 0.107000
1100.5 4.360687 0.106850
1101.0 4.360379 0.106700
1101.5 4.360075 0.106550
1102.0 4.359776 0.106400
1102.5 4.359479 0.106250
1103.0 4.359185 0.106100
1103.5 4.358893 0.105950
1104.0 4.358603 0.105800
1104.5 4.358313 0.105650
1105.0 4.358023 0.105500
1105.5 4.357733 0.105350
1106.0 4.357442 0.105200
1106.5 4.357149 0.105050
1107.0 4.356854 0.104900
1107.5 4.356556 0.104750
1108.0 4.356254 0.104600
1108.5 4.355949 0.104450
1109.0 4.355638 0.104300
1109.5 4.355322 0.104150
1110.0 4.355000 0.104000
1110.5 4.354672 0.103900
1111.0 4.354337 0.103800
1111.5 4.353997 0.103700
1112.0 4.353653 0.103600
1112.5 4.353304 0.103500
1113.0 4.352952 0.103400
1113.5 4.352597 0.103300
1114.0 4.352239 0.103200
1114.5 4.351880 0.103100
1115.0 4.351520 0.103000
1115.5 4.351160 0.102900
1116.0 4.350799 0.102800
1116.5 4.350440 0.102700
1117.0 4.350082 0.102600
1117.5 4.349726 0.102500
1118.0 4.349373 0.102400
1118.5 4.349023 0.102300
1119.0 4.348677 0.102200
1119.5 4.348336 0.102100
1120.0 4.348000 0.102000
1120.5 4.347670 0.101885
1121.0 4.347345 0.101770
1121.5 4.347025 0.101655
1122.0 4.346709 0.101540
1122.5 4.346399 0.101425
1123.0 4.346092 0.101310
1123.5 4.345788 0.101195
1124.0 4.345488 0.101080
1124.5 4.345191 0.100965
1125.0 4.344896 0.100850
1125.5 4.344603 0.100735
1126.0 4.344312 0.100620
1126.5 4.344022 0.100505
1127.0 4.343734 0.100390
1127.5 4.343445 0.100275
1128.0 4.343157 0.100160
1128.5 4.342869 0.100045
1129.0 4.342581 0.099930
1129.5 4.342291 0.099815
1130.0 4.342000 0.099700
1130.5 4.341708 0.099590
1131.0 4.341413 0.099480
1131.5 4.341118 0.099370
1132.0 4.340821 0.099260
1132.5 4.340523 0.099150
1133.0 4.340224 0.099040
1133.5 4.339925 0.098930
1134.0 4.339624 0.098820
1134.5 4.339323 0.098710
1135.0 4.339021 0.098600
1135.5 4.338719 0.098490
1136.0 4.338416 0.098380
1136.5 4.338113 0.098270
1137.0 4.337810 0.098160
1137.5 4.337508 0.098050
1138.0 4.337205 0.097940
1138.5 4.336903 0.097830
1139.0 4.336601 0.097720
1139.5 4.336300 0.097610
1140.0 4.336000 0.097500
1140.5 4.335700 0.097400
1141.0 4.335402 0.097300
1141.5 4.335103 0.097200
1142.0 4.334805 0.097100
1142.5 4.334508 0.097000
1143.0 4.334211 0.096900
1143.5 4.333913 0.096800
1144.0 4.333616 0.096700
1144.5 4.333319 0.096600
1145.0 4.333021 0.096500
1145.5 4.332723 0.096400
1146.0 4.332424 0.096300
1146.5 4.332125 0.096200
1147.0 4.331825 0.096100
1147.5 4.331523 0.096000
1148.0 4.331221 0.095900
1148.5 4.330918 0.095800
1149.0 4.330614 0.095700
1149.5 4.330308 0.095600
1150.0 4.330000 0.095500
1150.5 4.329691 0.095400
1151.0 4.329380 0.095300
1151.5 4.329069 0.095200
1152.0 4.328757 0.095100
1152.5 4.328445 0.095000
1153.0 4.328133 0.094900
1153.5 4.327822 0.094800
1154.0 4.327512 0.094700
1154.5 4.327203 0.094600
1155.0 4.326896 0.094500
1155.5 4.326591 0.094400
1156.0 4.326288 0.094300
1156.5 4.325988 0.094200
1157.0 4.325691 0.094100
1157.5 4.325398 0.094000
1158.0 4.325109 0.093900
1158.5 4.324825 0.093800
1159.0 4.324544 0.093700
1159.5 4.324269 0.093600
1160.0 4.324000 0.093500
1160.5 4.323736 0.093405
1161.0 4.323478 0.093310
1161.5 4.323224 0.093215
1162.0 4.322973 0.093120
1162.5 4.322727 0.093025
1163.0 4.322483 0.092930
1163.5 4.322241 0.092835
1164.0 4.322000 0.092740
1164.5 4.321761 0.092645
1165.0 4.321521 0.092550
1165.5 4.321281 0.092455
1166.0 4.321040 0.092360
1166.5 4.320798 0.092265
1167.0 4.320553 0.092170
1167.5 4.320305 0.092075
1168.0 4.320054 0.091980
1168.5 4.319798 0.091885
1169.0 4.319538 0.091790
1169.5 4.319272 0.091695
1170.0 4.319000 0.091600
1170.5 4.318722 0.091515
1171.0 4.318437 0.091430
1171.5 4.318147 0.091345
1172.0 4.317853 0.091260
1172.5 4.317554 0.091175
1173.0 4.317252 0.091090
1173.5 4.316947 0.091005
1174.0 4.316639 0.090920
1174.5 4.316330 0.090835
1175.0 4.316020 0.090750
1175.5 4.315709 0.090665
1176.0 4.315399 0.090580
1176.5 4.315089 0.090495
1177.0 4.314781 0.090410
1177.5 4.314475 0.090325
1178.0 4.314172 0.090240
1178.5 4.313873 0.090155
1179.0 4.313577 0.090070
1179.5 4.313286 0.089985
1180.0 4.313000 0.089900
1180.5 4.312720 0.089815
1181.0 4.312445 0.089730
1181.5 4.312176 0.089645
1182.0 4.311911 0.089560
1182.5 4.311651 0.089475
1183.0 4.311394 0.089390
1183.5 4.311141 0.089305
1184.0 4.310892 0.089220
1184.5 4.310645 0.089135
1185.0 4.310400 0.089050
1185.5 4.310158 0.088965
1186.0 4.309917 0.088880
1186.5 4.309677 0.088795
1187.0 4.309438 0.088710
1187.5 4.309199 0.088625
1188.0 4.308961 0.088540
1188.5 4.308722 0.088455
1189.0 4.308483 0.088370
1189.5 4.308242 0.088285
1190.0 4.308000 0.088200
1190.5 4.307756 0.088120
1191.0 4.307510 0.088040
1191.5 4.307263 0.087960
1192.0 4.307015 0.087880
1192.5 4.306765 0.087800
1193.0 4.306514 0.087720
1193.5 4.306263 0.087640
1194.0 4.306011 0.087560
1194.5 4.305758 0.087480
1195.0 4.305505 0.087400
1195.5 4.305252 0.087320
1196.0 4.304999 0.087240
1196.5 4.304746 0.087160
1197.0 4.304494 0.087080
1197.5 4.304242 0.087000
1198.0 4.303992 0.086920
1198.5 4.303742 0.086840
1199.0 4.303493 0.086760
1199.5 4.303246 0.086680
1200.0 4.303000 0.086600
1200.5 4.302756 0.086527
1201.0 4.302513 0.086455
1201.5 4.302272 0.086383
1202.0 4.302033 0.086310
1202.5 4.301795 0.086237
1203.0 4.301559 0.086165
1203.5 4.301324 0.086092
1204.0 4.301090 0.086020
1204.5 4.300858 0.085947
1205.0 4.300626 0.085875
1205.5 4.300396 0.085802
1206.0 4.300167 0.085730
1206.5 4.299940 0.085657
1207.0 4.299713 0.085585
1207.5 4.299487 0.085512
1208.0 4.299262 0.085440
1208.5 4.299038 0.085367
1209.0 4.298815 0.085295
1209.5 4.298592 0.085222
1210.0 4.298370 0.085150
1210.5 4.298149 0.085078
1211.0 4.297929 0.085005
1211.5 4.297708 0.084932
1212.0 4.297489 0.084860
1212.5 4.297270 0.084787
1213.0 4.297051 0.084715
1213.5 4.296833 0.084642
1214.0 4.296615 0.084570
1214.5 4.296397 0.084497
1215.0 4.296179 0.084425
1215.5 4.295961 0.084352
1216.0 4.295744 0.084280
1216.5 4.295526 0.084207
1217.0 4.295309 0.084135
1217.5 4.295091 0.084062
1218.0 4.294874 0.083990
1218.5 4.294656 0.083918
1219.0 4.294437 0.083845
1219.5 4.294219 0.083772
1220.0 4.294000 0.083700
1220.5 4.293781 0.083638
1221.0 4.293561 0.083575
1221.5 4.293341 0.083513
1222.0 4.293121 0.083450
1222.5 4.292900 0.083388
1223.0 4.292679 0.083325
1223.5 4.292457 0.083262
1224.0 4.292235 0.083200
1224.5 4.292013 0.083137
1225.0 4.291791 0.083075
1225.5 4.291568 0.083012
1226.0 4.291345 0.082950
1226.5 4.291121 0.082888
1227.0 4.290897 0.082825
1227.5 4.290673 0.082762
1228.0 4.290449 0.082700
1228.5 4.290224 0.082638
1229.0 4.289999 0.082575
1229.5 4.289774 0.082512
1230.0 4.289549 0.082450
1230.5 4.289323 0.082388
1231.0 4.289097 0.082325
1231.5 4.288871 0.082262
1232.0 4.288645 0.082200
1232.5 4.288418 0.082138
1233.0 4.288192 0.082075
1233.5 4.287965 0.082012
1234.0 4.287738 0.081950
1234.5 4.287510 0.081887
1235.0 4.287283 0.081825
1235.5 4.287055 0.081763
1236.0 4.286827 0.081700
1236.5 4.286599 0.081638
1237.0 4.286371 0.081575
1237.5 4.286143 0.081513
1238.0 4.285915 0.081450
1238.5 4.285686 0.081387
1239.0 4.285457 0.081325
1239.5 4.285229 0.081262
1240.0 4.285000 0.081200
1240.5 4.284771 0.081145
1241.0 4.284542 0.081090
1241.5 4.284313 0.081035
1242.0 4.284084 0.080980
1242.5 4.283855 0.080925
1243.0 4.283626 0.080870
1243.5 4.283397 0.080815
1244.0 4.283168 0.080760
1244.5 4.282940 0.080705
1245.0 4.282711 0.080650
1245.5 4.282482 0.080595
1246.0 4.282254 0.080540
1246.5 4.282026 0.080485
1247.0 4.281798 0.080430
1247.5 4.281570 0.080375
1248.0 4.281342 0.080320
1248.5 4.281115 0.080265
1249.0 4.280887 0.080210
1249.5 4.280661 0.080155
1250.0 4.280434 0.080100
1250.5 4.280208 0.080045
1251.0 4.279982 0.079990
1251.5 4.279757 0.079935
1252.0 4.279531 0.079880
1252.5 4.279307 0.079825
1253.0 4.279082 0.079770
1253.5 4.278859 0.079715
1254.0 4.278635 0.079660
1254.5 4.278412 0.079605
1255.0 4.278190 0.079550
1255.5 4.277968 0.079495
1256.0 4.277747 0.079440
1256.5 4.277527 0.079385
1257.0 4.277307 0.079330
1257.5 4.277087 0.079275
1258.0 4.276868 0.079220
1258.5 4.276650 0.079165
1259.0 4.276433 0.079110
1259.5 4.276216 0.079055
1260.0 4.276000 0.079000
1260.5 4.275785 0.078952
1261.0 4.275570 0.078905
1261.5 4.275356 0.078857
1262.0 4.275143 0.078810
1262.5 4.274931 0.078763
1263.0 4.274720 0.078715
1263.5 4.274509 0.078668
1264.0 4.274299 0.078620
1264.5 4.274090 0.078573
1265.0 4.273881 0.078525
1265.5 4.273674 0.078478
1266.0 4.273467 0.078430
1266.5 4.273261 0.078383
1267.0 4.273055 0.078335
1267.5 4.272851 0.078288
1268.0 4.272647 0.078240
1268.5 4.272444 0.078192
1269.0 4.272242 0.078145
1269.5 4.272040 0.078098
1270.0 4.271840 0.078050
1270.5 4.271640 0.078003
1271.0 4.271441 0.077955
1271.5 4.271243 0.077907
1272.0 4.271045 0.077860
1272.5 4.270849 0.077813
1273.0 4.270653 0.077765
1273.5 4.270458 0.077717
1274.0 4.270264 0.077670
1274.5 4.270071 0.077623
1275.0 4.269878 0.077575
1275.5 4.269687 0.077527
1276.0 4.269496 0.077480
1276.5 4.269306 0.077433
1277.0 4.269117 0.077385
1277.5 4.268929 0.077338
1278.0 4.268741 0.077290
1278.5 4.268555 0.077243
1279.0 4.268369 0.077195
1279.5 4.268184 0.077148
1280.0 4.268000 0.077100
1280.5 4.267817 0.077060
1281.0 4.267634 0.077020
1281.5 4.267453 0.076980
1282.0 4.267272 0.076940
1282.5 4.267092 0.076900
1283.0 4.266913 0.076860
1283.5 4.266734 0.076820
1284.0 4.266556 0.076780
1284.5 4.266378 0.076740
1285.0 4.266202 0.076700
1285.5 4.266025 0.076660
1286.0 4.265849 0.076620
1286.5 4.265674 0.076580
1287.0 4.265499 0.076540
1287.5 4.265324 0.076500
1288.0 4.265150 0.076460
1288.5 4.264976 0.076420
1289.0 4.264803 0.076380
1289.5 4.264630 0.076340
1290.0 4.264457 0.076300
1290.5 4.264284 0.076260
1291.0 4.264111 0.076220
1291.5 4.263939 0.076180
1292.0 4.263767 0.076140
1292.5 4.263594 0.076100
1293.0 4.263422 0.076060
1293.5 4.263250 0.076020
1294.0 4.263078 0.075980
1294.5 4.262906 0.075940
1295.0 4.262734 0.075900
1295.5 4.262561 0.075860
1296.0 4.262389 0.075820
1296.5 4.262216 0.075780
1297.0 4.262043 0.075740
1297.5 4.261870 0.075700
1298.0 4.261697 0.075660
1298.5 4.261523 0.075620
1299.0 4.261349 0.075580
1299.5 4.261175 0.075540
1300.0 4.261000 0.075500
1300.5 4.260825 0.075465
1301.0 4.260649 0.075430
1301.5 4.260473 0.075395
1302.0 4.260297 0.075360
1302.5 4.260121 0.075325
1303.0 4.259944 0.075290
1303.5 4.259767 0.075255
1304.0 4.259590 0.075220
1304.5 4.259412 0.075185
1305.0 4.259235 0.075150
1305.5 4.259057 0.075115
1306.0 4.258879 0.075080
1306.5 4.258701 0.075045
1307.0 4.258524 0.075010
1307.5 4.258346 0.074975
1308.0 4.258168 0.074940
1308.5 4.257990 0.074905
1309.0 4.257813 0.074870
1309.5 4.257636 0.074835
1310.0 4.257458 0.074800
1310.5 4.257281 0.074765
1311.0 4.257105 0.074730
1311.5 4.256928 0.074695
1312.0 4.256752 0.074660
1312.5 4.256576 0.074625
1313.0 4.256401 0.074590
1313.5 4.256225 0.074555
1314.0 4.256051 0.074520
1314.5 4.255877 0.074485
1315.0 4.255703 0.074450
1315.5 4.255530 0.074415
1316.0 4.255357 0.074380
1316.5 4.255185 0.074345
1317.0 4.255014 0.074310
1317.5 4.254843 0.074275
1318.0 4.254673 0.074240
1318.5 4.254503 0.074205
1319.0 4.254335 0.074170
1319.5 4.254167 0.074135
1320.0 4.254000 0.074100
1320.5 4.253834 0.074075
1321.0 4.253668 0.074050
1321.5 4.253504 0.074025
1322.0 4.253340 0.074000
1322.5 4.253177 0.073975
1323.0 4.253015 0.073950
1323.5 4.252854 0.073925
1324.0 4.252694 0.073900
1324.5 4.252534 0.073875
1325.0 4.252376 0.073850
1325.5 4.252218 0.073825
1326.0 4.252061 0.073800
1326.5 4.251905 0.073775
1327.0 4.251749 0.073750
1327.5 4.251595 0.073725
1328.0 4.251441 0.073700
1328.5 4.251288 0.073675
1329.0 4.251136 0.073650
1329.5 4.250985 0.073625
1330.0 4.250835 0.073600
1330.5 4.250685 0.073575
1331.0 4.250537 0.073550
1331.5 4.250389 0.073525
1332.0 4.250242 0.073500
1332.5 4.250095 0.073475
1333.0 4.249950 0.073450
1333.5 4.249805 0.073425
1334.0 4.249662 0.073400
1334.5 4.249519 0.073375
1335.0 4.249377 0.073350
1335.5 4.249235 0.073325
1336.0 4.249095 0.073300
1336.5 4.248955 0.073275
1337.0 4.248816 0.073250
1337.5 4.248678 0.073225
1338.0 4.248541 0.073200
1338.5 4.248404 0.073175
1339.0 4.248269 0.073150
1339.5 4.248134 0.073125
1340.0 4.248000 0.073100
1340.5 4.247867 0.073083
1341.0 4.247734 0.073065
1341.5 4.247603 0.073048
1342.0 4.247472 0.073030
1342.5 4.247342 0.073013
1343.0 4.247212 0.072995
1343.5 4.247083 0.072978
1344.0 4.246955 0.072960
1344.5 4.246827 0.072943
1345.0 4.246700 0.072925
1345.5 4.246573 0.072908
1346.0 4.246447 0.072890
1346.5 4.246321 0.072873
1347.0 4.246196 0.072855
1347.5 4.246071 0.072837
1348.0 4.245947 0.072820
1348.5 4.245823 0.072802
1349.0 4.245699 0.072785
1349.5 4.245575 0.072768
1350.0 4.245452 0.072750
1350.5 4.245329 0.072733
1351.0 4.245206 0.072715
1351.5 4.245084 0.072697
1352.0 4.244961 0.072680
1352.5 4.244839 0.072663
1353.0 4.244717 0.072645
1353.5 4.244595 0.072628
1354.0 4.244472 0.072610
1354.5 4.244350 0.072593
1355.0 4.244228 0.072575
1355.5 4.244106 0.072557
1356.0 4.243984 0.072540
1356.5 4.243862 0.072523
1357.0 4.243739 0.072505
1357.5 4.243616 0.072488
1358.0 4.243494 0.072470
1358.5 4.243371 0.072453
1359.0 4.243247 0.072435
1359.5 4.243124 0.072417
1360.0 4.243000 0.072400
1360.5 4.242876 0.072387
1361.0 4.242751 0.072375
1361.5 4.242627 0.072363
1362.0 4.242502 0.072350
1362.5 4.242376 0.072337
1363.0 4.242251 0.072325
1363.5 4.242125 0.072313
1364.0 4.241999 0.072300
1364.5 4.241873 0.072288
1365.0 4.241747 0.072275
1365.5 4.241621 0.072263
1366.0 4.241494 0.072250
1366.5 4.241368 0.072238
1367.0 4.241241 0.072225
1367.5 4.241115 0.072213
1368.0 4.240988 0.072200
1368.5 4.240862 0.072188
1369.0 4.240735 0.072175
1369.5 4.240608 0.072163
1370.0 4.240482 0.072150
1370.5 4.240356 0.072138
1371.0 4.240229 0.072125
1371.5 4.240103 0.072112
1372.0 4.239977 0.072100
1372.5 4.239852 0.072087
1373.0 4.239726 0.072075
1373.5 4.239601 0.072063
1374.0 4.239476 0.072050
1374.5 4.239351 0.072038
1375.0 4.239226 0.072025
1375.5 4.239102 0.072013
1376.0 4.238978 0.072000
1376.5 4.238854 0.071988
1377.0 4.238731 0.071975
1377.5 4.238608 0.071963
1378.0 4.238485 0.071950
1378.5 4.238363 0.071938
1379.0 4.238242 0.071925
1379.5 4.238121 0.071913
1380.0 4.238000 0.071900
1380.5 4.237880 0.071895
1381.0 4.237760 0.071890
1381.5 4.237641 0.071885
1382.0 4.237523 0.071880
1382.5 4.237405 0.071875
1383.0 4.237288 0.071870
1383.5 4.237172 0.071865
1384.0 4.237056 0.071860
1384.5 4.236942 0.071855
1385.0 4.236828 0.071850
1385.5 4.236715 0.071845
1386.0 4.236603 0.071840
1386.5 4.236492 0.071835
1387.0 4.236382 0.071830
1387.5 4.236273 0.071825
1388.0 4.236165 0.071820
1388.5 4.236058 0.071815
1389.0 4.235952 0.071810
1389.5 4.235848 0.071805
1390.0 4.235745 0.071800
1390.5 4.235643 0.071795
1391.0 4.235542 0.071790
1391.5 4.235443 0.071785
1392.0 4.235345 0.071780
1392.5 4.235249 0.071775
1393.0 4.235154 0.071770
1393.5 4.235060 0.071765
1394.0 4.234969 0.071760
1394.5 4.234878 0.071755
1395.0 4.234789 0.071750
1395.5 4.234702 0.071745
1396.0 4.234617 0.071740
1396.5 4.234533 0.071735
1397.0 4.234452 0.071730
1397.5 4.234372 0.071725
1398.0 4.234293 0.071720
1398.5 4.234217 0.071715
1399.0 4.234143 0.071710
1399.5 4.234070 0.071705
1400.0 4.234000 0.071700
1400.5 4.233932 0.071703
1401.0 4.233865 0.071705
1401.5 4.233801 0.071708
1402.0 4.233738 0.071710
1402.5 4.233677 0.071712
1403.0 4.233618 0.071715
1403.5 4.233560 0.071717
1404.0 4.233503 0.071720
1404.5 4.233449 0.071722
1405.0 4.233395 0.071725
1405.5 4.233343 0.071727
1406.0 4.233291 0.071730
1406.5 4.233241 0.071733
1407.0 4.233192 0.071735
1407.5 4.233144 0.071737
1408.0 4.233096 0.071740
1408.5 4.233050 0.071742
1409.0 4.233004 0.071745
1409.5 4.232958 0.071747
1410.0 4.232914 0.071750
1410.5 4.232869 0.071752
1411.0 4.232825 0.071755
1411.5 4.232781 0.071758
1412.0 4.232738 0.071760
1412.5 4.232694 0.071763
1413.0 4.232651 0.071765
1413.5 4.232607 0.071768
1414.0 4.232563 0.071770
1414.5 4.232520 0.071773
1415.0 4.232475 0.071775
1415.5 4.232431 0.071778
1416.0 4.232386 0.071780
1416.5 4.232340 0.071782
1417.0 4.232294 0.071785
1417.5 4.232247 0.071788
1418.0 4.232200 0.071790
1418.5 4.232151 0.071792
1419.0 4.232102 0.071795
1419.5 4.232052 0.071798
1420.0 4.232000 0.071800
1420.5 4.231947 0.071810
1421.0 4.231894 0.071820
1421.5 4.231839 0.071830
1422.0 4.231783 0.071840
1422.5 4.231727 0.071850
1423.0 4.231670 0.071860
1423.5 4.231612 0.071870
1424.0 4.231554 0.071880
1424.5 4.231495 0.071890
1425.0 4.231436 0.071900
1425.5 4.231377 0.071910
1426.0 4.231318 0.071920
1426.5 4.231259 0.071930
1427.0 4.231199 0.071940
1427.5 4.231140 0.071950
1428.0 4.231082 0.071960
1428.5 4.231023 0.071970
1429.0 4.230965 0.071980
1429.5 4.230908 0.071990
1430.0 4.230851 0.072000
1430.5 4.230795 0.072010
1431.0 4.230740 0.072020
1431.5 4.230686 0.072030
1432.0 4.230632 0.072040
1432.5 4.230580 0.072050
1433.0 4.230530 0.072060
1433.5 4.230480 0.072070
1434.0 4.230432 0.072080
1434.5 4.230385 0.072090
1435.0 4.230340 0.072100
1435.5 4.230297 0.072110
1436.0 4.230256 0.072120
1436.5 4.230216 0.072130
1437.0 4.230178 0.072140
1437.5 4.230143 0.072150
1438.0 4.230110 0.072160
1438.5 4.230078 0.072170
1439.0 4.230050 0.072180
1439.5 4.230024 0.072190
1440.0 4.230000 0.072200
1440.5 4.229979 0.072218
1441.0 4.229961 0.072235
1441.5 4.229945 0.072252
1442.0 4.229932 0.072270
1442.5 4.229921 0.072287
1443.0 4.229913 0.072305
1443.5 4.229908 0.072322
1444.0 4.229905 0.072340
1444.5 4.229904 0.072358
1445.0 4.229906 0.072375
1445.5 4.229911 0.072392
1446.0 4.229918 0.072410
1446.5 4.229927 0.072428
1447.0 4.229939 0.072445
1447.5 4.229953 0.072462
1448.0 4.229969 0.072480
1448.5 4.229988 0.072497
1449.0 4.230008 0.072515
1449.5 4.230032 0.072532
1450.0 4.230057 0.072550
1450.5 4.230085 0.072568
1451.0 4.230114 0.072585
1451.5 4.230146 0.072603
1452.0 4.230181 0.072620
1452.5 4.230217 0.072638
1453.0 4.230255 0.072655
1453.5 4.230296 0.072673
1454.0 4.230338 0.072690
1454.5 4.230383 0.072708
1455.0 4.230429 0.072725
1455.5 4.230478 0.072743
1456.0 4.230528 0.072760
1456.5 4.230580 0.072778
1457.0 4.230635 0.072795
1457.5 4.230691 0.072813
1458.0 4.230749 0.072830
1458.5 4.230809 0.072848
1459.0 4.230871 0.072865
1459.5 4.230935 0.072883
1460.0 4.231000 0.072900
1460.5 4.231067 0.072920
1461.0 4.231136 0.072940
1461.5 4.231207 0.072960
1462.0 4.231280 0.072980
1462.5 4.231355 0.073000
1463.0 4.231433 0.073020
1463.5 4.231512 0.073040
1464.0 4.231594 0.073060
1464.5 4.231679 0.073080
1465.0 4.231766 0.073100
1465.5 4.231855 0.073120
1466.0 4.231948 0.073140
1466.5 4.232043 0.073160
1467.0 4.232141 0.073180
1467.5 4.232242 0.073200
1468.0 4.232346 0.073220
1468.5 4.232454 0.073240
1469.0 4.232564 0.073260
1469.5 4.232678 0.073280
1470.0 4.232796 0.073300
1470.5 4.232917 0.073320
1471.0 4.233041 0.073340
1471.5 4.233169 0.073360
1472.0 4.233301 0.073380
1472.5 4.233437 0.073400
1473.0 4.233577 0.073420
1473.5 4.233721 0.073440
1474.0 4.233869 0.073460
1474.5 4.234021 0.073480
1475.0 4.234178 0.073500
1475.5 4.234339 0.073520
1476.0 4.234504 0.073540
1476.5 4.234674 0.073560
1477.0 4.234849 0.073580
1477.5 4.235028 0.073600
1478.0 4.235213 0.073620
1478.5 4.235402 0.073640
1479.0 4.235596 0.073660
1479.5 4.235795 0.073680
1480.0 4.236000 0.073700
1480.5 4.236210 0.073603
1481.0 4.236425 0.073505
1481.5 4.236645 0.073408
1482.0 4.236871 0.073310
1482.5 4.237103 0.073212
1483.0 4.237339 0.073115
1483.5 4.237582 0.073017
1484.0 4.237830 0.072920
1484.5 4.238084 0.072822
1485.0 4.238343 0.072725
1485.5 4.238608 0.072627
1486.0 4.238879 0.072530
1486.5 4.239156 0.072433
1487.0 4.239438 0.072335
1487.5 4.239727 0.072237
1488.0 4.240021 0.072140
1488.5 4.240322 0.072042
1489.0 4.240628 0.071945
1489.5 4.240941 0.071848
1490.0 4.241260 0.071750
1490.5 4.241585 0.071653
1491.0 4.241916 0.071555
1491.5 4.242254 0.071458
1492.0 4.242598 0.071360
1492.5 4.242948 0.071263
1493.0 4.243305 0.071165
1493.5 4.243668 0.071068
1494.0 4.244038 0.070970
1494.5 4.244414 0.070873
1495.0 4.244797 0.070775
1495.5 4.245186 0.070678
1496.0 4.245583 0.070580
1496.5 4.245986 0.070483
1497.0 4.246396 0.070385
1497.5 4.246812 0.070288
1498.0 4.247236 0.070190
1498.5 4.247666 0.070092
1499.0 4.248104 0.069995
1499.5 4.248548 0.069898
1500.0 4.249000 0.069800
1500.5 4.249459 0.069153
1501.0 4.249923 0.068505
1501.5 4.250393 0.067858
1502.0 4.250868 0.067210
1502.5 4.251346 0.066563
1503.0 4.251826 0.065915
1503.5 4.252308 0.065267
1504.0 4.252790 0.064620
1504.5 4.253272 0.063973
1505.0 4.253753 0.063325
1505.5 4.254232 0.062677
1506.0 4.254708 0.062030
1506.5 4.255179 0.061383
1507.0 4.255646 0.060735
1507.5 4.256107 0.060088
1508.0 4.256561 0.059440
1508.5 4.257007 0.058792
1509.0 4.257445 0.058145
1509.5 4.257873 0.057498
1510.0 4.258290 0.056850
1510.5 4.258696 0.056203
1511.0 4.259090 0.055555
1511.5 4.259470 0.054907
1512.0 4.259836 0.054260
1512.5 4.260187 0.053613
1513.0 4.260522 0.052965
1513.5 4.260840 0.052318
1514.0 4.261140 0.051670
1514.5 4.261421 0.051022
1515.0 4.261682 0.050375
1515.5 4.261922 0.049728
1516.0 4.262141 0.049080
1516.5 4.262337 0.048433
1517.0 4.262510 0.047785
1517.5 4.262658 0.047137
1518.0 4.262781 0.046490
1518.5 4.262878 0.045843
1519.0 4.262947 0.045195
1519.5 4.262988 0.044548
1520.0 4.263000 0.043900
1520.5 4.262982 0.043150
1521.0 4.262935 0.042400
1521.5 4.262860 0.041650
1522.0 4.262757 0.040900
1522.5 4.262626 0.040150
1523.0 4.262470 0.039400
1523.5 4.262288 0.038650
1524.0 4.262082 0.037900
1524.5 4.261851 0.037150
1525.0 4.261597 0.036400
1525.5 4.261321 0.035650
1526.0 4.261024 0.034900
1526.5 4.260705 0.034150
1527.0 4.260366 0.033400
1527.5 4.260008 0.032650
1528.0 4.259632 0.031900
1528.5 4.259237 0.031150
1529.0 4.258826 0.030400
1529.5 4.258398 0.029650
1530.0 4.257955 0.028900
1530.5 4.257497 0.028150
1531.0 4.257025 0.027400
1531.5 4.256539 0.026650
1532.0 4.256041 0.025900
1532.5 4.255532 0.025150
1533.0 4.255011 0.024400
1533.5 4.254481 0.023650
1534.0 4.253940 0.022900
1534.5 4.253392 0.022150
1535.0 4.252835 0.021400
1535.5 4.252271 0.020650
1536.0 4.251701 0.019900
1536.5 4.251125 0.019150
1537.0 4.250544 0.018400
1537.5 4.249959 0.017650
1538.0 4.249371 0.016900
1538.5 4.248780 0.016150
1539.0 4.248188 0.015400
1539.5 4.247594 0.014650
1540.0 4.247000 0.013900
1540.5 4.246406 0.013684
1541.0 4.245814 0.013469
1541.5 4.245221 0.013253
1542.0 4.244630 0.013038
1542.5 4.244040 0.012823
1543.0 4.243450 0.012607
1543.5 4.242862 0.012391
1544.0 4.242276 0.012176
1544.5 4.241691 0.011960
1545.0 4.241107 0.011745
1545.5 4.240526 0.011529
1546.0 4.239946 0.011314
1546.5 4.239368 0.011099
1547.0 4.238792 0.010883
1547.5 4.238219 0.010667
1548.0 4.237648 0.010452
1548.5 4.237079 0.010236
1549.0 4.236514 0.010021
1549.5 4.235951 0.009805
1550.0 4.235391 0.009590
1550.5 4.234834 0.009374
1551.0 4.234280 0.009159
1551.5 4.233729 0.008944
1552.0 4.233182 0.008728
1552.5 4.232639 0.008512
1553.0 4.232099 0.008297
1553.5 4.231563 0.008081
1554.0 4.231031 0.007866
1554.5 4.230503 0.007650
1555.0 4.229979 0.007435
1555.5 4.229459 0.007220
1556.0 4.228944 0.007004
1556.5 4.228434 0.006789
1557.0 4.227928 0.006573
1557.5 4.227427 0.006358
1558.0 4.226931 0.006142
1558.5 4.226441 0.005926
1559.0 4.225955 0.005711
1559.5 4.225475 0.005496
1560.0 4.225000 0.005280
1560.5 4.224531 0.005246
1561.0 4.224067 0.005211
1561.5 4.223609 0.005177
1562.0 4.223157 0.005143
1562.5 4.222709 0.005109
1563.0 4.222267 0.005075
1563.5 4.221831 0.005040
1564.0 4.221399 0.005006
1564.5 4.220973 0.004972
1565.0 4.220552 0.004938
1565.5 4.220136 0.004903
1566.0 4.219725 0.004869
1566.5 4.219318 0.004835
1567.0 4.218917 0.004801
1567.5 4.218520 0.004766
1568.0 4.218128 0.004732
1568.5 4.217741 0.004698
1569.0 4.217359 0.004664
1569.5 4.216981 0.004629
1570.0 4.216608 0.004595
1570.5 4.216239 0.004561
1571.0 4.215874 0.004527
1571.5 4.215514 0.004492
1572.0 4.215158 0.004458
1572.5 4.214806 0.004424
1573.0 4.214459 0.004390
1573.5 4.214116 0.004355
1574.0 4.213776 0.004321
1574.5 4.213441 0.004287
1575.0 4.213110 0.004253
1575.5 4.212782 0.004218
1576.0 4.212458 0.004184
1576.5 4.212138 0.004150
1577.0 4.211822 0.004116
1577.5 4.211510 0.004081
1578.0 4.211201 0.004047
1578.5 4.210895 0.004013
1579.0 4.210594 0.003979
1579.5 4.210295 0.003944
1580.0 4.210000 0.003910
1580.5 4.209708 0.003892
1581.0 4.209420 0.003873
1581.5 4.209134 0.003855
1582.0 4.208852 0.003837
1582.5 4.208572 0.003819
1583.0 4.208296 0.003801
1583.5 4.208022 0.003782
1584.0 4.207751 0.003764
1584.5 4.207483 0.003746
1585.0 4.207217 0.003728
1585.5 4.206953 0.003709
1586.0 4.206692 0.003691
1586.5 4.206434 0.003673
1587.0 4.206177 0.003655
1587.5 4.205923 0.003636
1588.0 4.205670 0.003618
1588.5 4.205420 0.003600
1589.0 4.205171 0.003582
1589.5 4.204924 0.003563
1590.0 4.204679 0.003545
1590.5 4.204436 0.003527
1591.0 4.204194 0.003509
1591.5 4.203953 0.003490
1592.0 4.203714 0.003472
1592.5 4.203476 0.003454
1593.0 4.203239 0.003436
1593.5 4.203003 0.003417
1594.0 4.202769 0.003399
1594.5 4.202535 0.003381
1595.0 4.202302 0.003363
1595.5 4.202070 0.003344
1596.0 4.201838 0.003326
1596.5 4.201607 0.003308
1597.0 4.201377 0.003290
1597.5 4.201147 0.003271
1598.0 4.200917 0.003253
1598.5 4.200688 0.003235
1599.0 4.200458 0.003217
1599.5 4.200229 0.003198
1600.0 4.200000 0.003180
1600.5 4.199771 0.003166
1601.0 4.199541 0.003151
1601.5 4.199312 0.003137
1602.0 4.199082 0.003123
1602.5 4.198853 0.003109
1603.0 4.198623 0.003095
1603.5 4.198394 0.003080
1604.0 4.198165 0.003066
1604.5 4.197935 0.003052
1605.0 4.197706 0.003037
1605.5 4.197477 0.003023
1606.0 4.197248 0.003009
1606.5 4.197020 0.002995
1607.0 4.196791 0.002981
1607.5 4.196563 0.002966
1608.0 4.196335 0.002952
1608.5 4.196107 0.002938
1609.0 4.195880 0.002923
1609.5 4.195653 0.002909
1610.0 4.195426 0.002895
1610.5 4.195200 0.002881
1611.0 4.194974 0.002867
1611.5 4.194748 0.002852
1612.0 4.194523 0.002838
1612.5 4.194298 0.002824
1613.0 4.194074 0.002810
1613.5 4.193850 0.002795
1614.0 4.193627 0.002781
1614.5 4.193405 0.002767
1615.0 4.193183 0.002753
1615.5 4.192961 0.002738
1616.0 4.192741 0.002724
1616.5 4.192521 0.002710
1617.0 4.192301 0.002695
1617.5 4.192082 0.002681
1618.0 4.191864 0.002667
1618.5 4.191647 0.002653
1619.0 4.191431 0.002639
1619.5 4.191215 0.002624
1620.0 4.191000 0.002610
1620.5 4.190786 0.002599
1621.0 4.190573 0.002587
1621.5 4.190360 0.002576
1622.0 4.190149 0.002565
1622.5 4.189938 0.002554
1623.0 4.189728 0.002543
1623.5 4.189519 0.002531
1624.0 4.189310 0.002520
1624.5 4.189103 0.002509
1625.0 4.188896 0.002498
1625.5 4.188690 0.002486
1626.0 4.188484 0.002475
1626.5 4.188280 0.002464
1627.0 4.188076 0.002452
1627.5 4.187872 0.002441
1628.0 4.187670 0.002430
1628.5 4.187468 0.002419
1629.0 4.187267 0.002407
1629.5 4.187067 0.002396
1630.0 4.186867 0.002385
1630.5 4.186668 0.002374
1631.0 4.186469 0.002363
1631.5 4.186272 0.002351
1632.0 4.186074 0.002340
1632.5 4.185878 0.002329
1633.0 4.185682 0.002318
1633.5 4.185487 0.002306
1634.0 4.185292 0.002295
1634.5 4.185098 0.002284
1635.0 4.184905 0.002272
1635.5 4.184712 0.002261
1636.0 4.184519 0.002250
1636.5 4.184327 0.002239
1637.0 4.184136 0.002227
1637.5 4.183946 0.002216
1638.0 4.183755 0.002205
1638.5 4.183566 0.002194
1639.0 4.183377 0.002182
1639.5 4.183188 0.002171
1640.0 4.183000 0.002160
1640.5 4.182812 0.002151
1641.0 4.182625 0.002142
1641.5 4.182439 0.002133
1642.0 4.182253 0.002124
1642.5 4.182067 0.002115
1643.0 4.181882 0.002106
1643.5 4.181698 0.002097
1644.0 4.181514 0.002088
1644.5 4.181331 0.002079
1645.0 4.181148 0.002070
1645.5 4.180966 0.002061
1646.0 4.180784 0.002052
1646.5 4.180604 0.002043
1647.0 4.180423 0.002034
1647.5 4.180244 0.002025
1648.0 4.180065 0.002016
1648.5 4.179887 0.002007
1649.0 4.179709 0.001998
1649.5 4.179533 0.001989
1650.0 4.179356 0.001980
1650.5 4.179181 0.001971
1651.0 4.179006 0.001962
1651.5 4.178832 0.001953
1652.0 4.178659 0.001944
1652.5 4.178487 0.001935
1653.0 4.178315 0.001926
1653.5 4.178144 0.001917
1654.0 4.177974 0.001908
1654.5 4.177805 0.001899
1655.0 4.177637 0.001890
1655.5 4.177469 0.001881
1656.0 4.177302 0.001872
1656.5 4.177136 0.001863
1657.0 4.176971 0.001854
1657.5 4.176807 0.001845
1658.0 4.176644 0.001836
1658.5 4.176482 0.001827
1659.0 4.176320 0.001818
1659.5 4.176160 0.001809
1660.0 4.176000 0.001800
1660.5 4.175841 0.001792
1661.0 4.175684 0.001785
1661.5 4.175527 0.001778
1662.0 4.175371 0.001770
1662.5 4.175215 0.001762
1663.0 4.175061 0.001755
1663.5 4.174907 0.001747
1664.0 4.174754 0.001740
1664.5 4.174602 0.001733
1665.0 4.174450 0.001725
1665.5 4.174298 0.001718
1666.0 4.174148 0.001710
1666.5 4.173998 0.001703
1667.0 4.173848 0.001695
1667.5 4.173699 0.001687
1668.0 4.173550 0.001680
1668.5 4.173401 0.001672
1669.0 4.173253 0.001665
1669.5 4.173105 0.001658
1670.0 4.172957 0.001650
1670.5 4.172810 0.001642
1671.0 4.172663 0.001635
1671.5 4.172515 0.001628
1672.0 4.172368 0.001620
1672.5 4.172221 0.001613
1673.0 4.172074 0.001605
1673.5 4.171927 0.001597
1674.0 4.171781 0.001590
1674.5 4.171633 0.001582
1675.0 4.171486 0.001575
1675.5 4.171339 0.001568
1676.0 4.171191 0.001560
1676.5 4.171044 0.001553
1677.0 4.170896 0.001545
1677.5 4.170747 0.001538
1678.0 4.170599 0.001530
1678.5 4.170450 0.001522
1679.0 4.170300 0.001515
1679.5 4.170150 0.001508
1680.0 4.170000 0.001500
1680.5 4.169849 0.001494
1681.0 4.169698 0.001488
1681.5 4.169546 0.001482
1682.0 4.169394 0.001476
1682.5 4.169241 0.001470
1683.0 4.169089 0.001464
1683.5 4.168935 0.001458
1684.0 4.168782 0.001452
1684.5 4.168629 0.001446
1685.0 4.168475 0.001440
1685.5 4.168321 0.001434
1686.0 4.168167 0.001428
1686.5 4.168014 0.001422
1687.0 4.167860 0.001416
1687.5 4.167706 0.001410
1688.0 4.167552 0.001404
1688.5 4.167399 0.001398
1689.0 4.167245 0.001392
1689.5 4.167092 0.001386
1690.0 4.166939 0.001380
1690.5 4.166787 0.001374
1691.0 4.166634 0.001368
1691.5 4.166483 0.001362
1692.0 4.166331 0.001356
1692.5 4.166180 0.001350
1693.0 4.166030 0.001344
1693.5 4.165880 0.001338
1694.0 4.165731 0.001332
1694.5 4.165582 0.001326
1695.0 4.165434 0.001320
1695.5 4.165287 0.001314
1696.0 4.165140 0.001308
1696.5 4.164994 0.001302
1697.0 4.164850 0.001296
1697.5 4.164706 0.001290
1698.0 4.164562 0.001284
1698.5 4.164420 0.001278
1699.0 4.164279 0.001272
1699.5 4.164139 0.001266
1700.0 4.164000 0.001260
1700.5 4.163862 0.001255
1701.0 4.163725 0.001250
1701.5 4.163590 0.001246
1702.0 4.163455 0.001241
1702.5 4.163321 0.001236
1703.0 4.163188 0.001232
1703.5 4.163056 0.001227
1704.0 4.162925 0.001222
1704.5 4.162795 0.001217
1705.0 4.162666 0.001213
1705.5 4.162537 0.001208
1706.0 4.162410 0.001203
1706.5 4.162283 0.001198
1707.0 4.162156 0.001194
1707.5 4.162030 0.001189
1708.0 4.161905 0.001184
1708.5 4.161781 0.001179
1709.0 4.161657 0.001174
1709.5 4.161533 0.001170
1710.0 4.161410 0.001165
1710.5 4.161288 0.001160
1711.0 4.161166 0.001156
1711.5 4.161044 0.001151
1712.0 4.160923 0.001146
1712.5 4.160802 0.001141
1713.0 4.160681 0.001136
1713.5 4.160560 0.001132
1714.0 4.160440 0.001127
1714.5 4.160320 0.001122
1715.0 4.160200 0.001118
1715.5 4.160080 0.001113
1716.0 4.159960 0.001108
1716.5 4.159840 0.001103
1717.0 4.159720 0.001099
1717.5 4.159601 0.001094
1718.0 4.159481 0.001089
1718.5 4.159361 0.001084
1719.0 4.159241 0.001080
1719.5 4.159120 0.001075
1720.0 4.159000 0.001070
1720.5 4.158879 0.001066
1721.0 4.158758 0.001062
1721.5 4.158637 0.001057
1722.0 4.158516 0.001053
1722.5 4.158394 0.001049
1723.0 4.158273 0.001045
1723.5 4.158151 0.001041
1724.0 4.158028 0.001036
1724.5 4.157906 0.001032
1725.0 4.157783 0.001028
1725.5 4.157660 0.001024
1726.0 4.157537 0.001020
1726.5 4.157414 0.001015
1727.0 4.157290 0.001011
1727.5 4.157166 0.001007
1728.0 4.157042 0.001003
1728.5 4.156918 0.000999
1729.0 4.156793 0.000994
1729.5 4.156669 0.000990
1730.0 4.156544 0.000986
1730.5 4.156419 0.000982
1731.0 4.156293 0.000978
1731.5 4.156168 0.000973
1732.0 4.156042 0.000969
1732.5 4.155916 0.000965
1733.0 4.155790 0.000961
1733.5 4.155663 0.000957
1734.0 4.155537 0.000952
1734.5 4.155410 0.000948
1735.0 4.155283 0.000944
1735.5 4.155155 0.000940
1736.0 4.155028 0.000936
1736.5 4.154900 0.000931
1737.0 4.154772 0.000927
1737.5 4.154644 0.000923
1738.0 4.154516 0.000919
1738.5 4.154387 0.000915
1739.0 4.154258 0.000910
1739.5 4.154129 0.000906
1740.0 4.154000 0.000902
1740.5 4.153871 0.000898
1741.0 4.153741 0.000895
1741.5 4.153611 0.000892
1742.0 4.153481 0.000888
1742.5 4.153351 0.000884
1743.0 4.153221 0.000881
1743.5 4.153091 0.000877
1744.0 4.152961 0.000874
1744.5 4.152831 0.000870
1745.0 4.152702 0.000867
1745.5 4.152572 0.000864
1746.0 4.152442 0.000860
1746.5 4.152313 0.000857
1747.0 4.152184 0.000853
1747.5 4.152055 0.000849
1748.0 4.151926 0.000846
1748.5 4.151797 0.000842
1749.0 4.151669 0.000839
1749.5 4.151542 0.000836
1750.0 4.151414 0.000832
1750.5 4.151287 0.000829
1751.0 4.151161 0.000825
1751.5 4.151035 0.000821
1752.0 4.150909 0.000818
1752.5 4.150785 0.000815
1753.0 4.150660 0.000811
1753.5 4.150537 0.000807
1754.0 4.150414 0.000804
1754.5 4.150291 0.000800
1755.0 4.150170 0.000797
1755.5 4.150049 0.000793
1756.0 4.149929 0.000790
1756.5 4.149809 0.000786
1757.0 4.149691 0.000783
1757.5 4.149573 0.000780
1758.0 4.149457 0.000776
1758.5 4.149341 0.000772
1759.0 4.149226 0.000769
1759.5 4.149113 0.000765
1760.0 4.149000 0.000762
1760.5 4.148888 0.000759
1761.0 4.148778 0.000756
1761.5 4.148668 0.000753
1762.0 4.148560 0.000750
1762.5 4.148452 0.000747
1763.0 4.148345 0.000744
1763.5 4.148239 0.000741
1764.0 4.148134 0.000738
1764.5 4.148030 0.000735
1765.0 4.147926 0.000732
1765.5 4.147823 0.000730
1766.0 4.147721 0.000727
1766.5 4.147620 0.000724
1767.0 4.147519 0.000721
1767.5 4.147418 0.000718
1768.0 4.147319 0.000715
1768.5 4.147219 0.000712
1769.0 4.147121 0.000709
1769.5 4.147022 0.000706
1770.0 4.146924 0.000703
1770.5 4.146827 0.000700
1771.0 4.146730 0.000697
1771.5 4.146633 0.000694
1772.0 4.146536 0.000691
1772.5 4.146440 0.000688
1773.0 4.146344 0.000685
1773.5 4.146248 0.000682
1774.0 4.146152 0.000679
1774.5 4.146056 0.000676
1775.0 4.145961 0.000674
1775.5 4.145865 0.000671
1776.0 4.145769 0.000668
1776.5 4.145674 0.000665
1777.0 4.145578 0.000662
1777.5 4.145482 0.000659
1778.0 4.145386 0.000656
1778.5 4.145290 0.000653
1779.0 4.145194 0.000650
1779.5 4.145097 0.000647
1780.0 4.145000 0.000644
1780.5 4.144903 0.000641
1781.0 4.144805 0.000639
1781.5 4.144708 0.000636
1782.0 4.144609 0.000634
1782.5 4.144511 0.000631
1783.0 4.144413 0.000629
1783.5 4.144314 0.000626
1784.0 4.144215 0.000624
1784.5 4.144115 0.000621
1785.0 4.144016 0.000619
1785.5 4.143916 0.000616
1786.0 4.143817 0.000614
1786.5 4.143717 0.000611
1787.0 4.143616 0.000609
1787.5 4.143516 0.000606
1788.0 4.143416 0.000604
1788.5 4.143315 0.000601
1789.0 4.143215 0.000599
1789.5 4.143114 0.000596
1790.0 4.143013 0.000594
1790.5 4.142912 0.000591
1791.0 4.142811 0.000588
1791.5 4.142710 0.000586
1792.0 4.142610 0.000583
1792.5 4.142509 0.000581
1793.0 4.142408 0.000578
1793.5 4.142307 0.000576
1794.0 4.142206 0.000573
1794.5 4.142105 0.000571
1795.0 4.142004 0.000568
1795.5 4.141903 0.000566
1796.0 4.141802 0.000563
1796.5 4.141701 0.000561
1797.0 4.141601 0.000558
1797.5 4.141500 0.000556
1798.0 4.141400 0.000553
1798.5 4.141300 0.000551
1799.0 4.141200 0.000548
1799.5 4.141100 0.000546
1800.0 4.141000 0.000543
1800.5 4.140900 0.000541
1801.0 4.140801 0.000539
1801.5 4.140702 0.000537
1802.0 4.140603 0.000534
1802.5 4.140504 0.000532
1803.0 4.140405 0.000530
1803.5 4.140306 0.000528
1804.0 4.140207 0.000526
1804.5 4.140108 0.000524
1805.0 4.140010 0.000521
1805.5 4.139911 0.000519
1806.0 4.139813 0.000517
1806.5 4.139714 0.000515
1807.0 4.139615 0.000513
1807.5 4.139517 0.000511
1808.0 4.139418 0.000509
1808.5 4.139319 0.000506
1809.0 4.139221 0.000504
1809.5 4.139122 0.000502
1810.0 4.139023 0.000500
1810.5 4.138924 0.000498
1811.0 4.138825 0.000496
1811.5 4.138725 0.000494
1812.0 4.138626 0.000491
1812.5 4.138526 0.000489
1813.0 4.138426 0.000487
1813.5 4.138326 0.000485
1814.0 4.138226 0.000483
1814.5 4.138125 0.000481
1815.0 4.138025 0.000478
1815.5 4.137923 0.000476
1816.0 4.137822 0.000474
1816.5 4.137721 0.000472
1817.0 4.137619 0.000470
1817.5 4.137516 0.000468
1818.0 4.137414 0.000466
1818.5 4.137311 0.000463
1819.0 4.137208 0.000461
1819.5 4.137104 0.000459
1820.0 4.137000 0.000457
1820.5 4.136896 0.000455
1821.0 4.136791 0.000453
1821.5 4.136686 0.000451
1822.0 4.136580 0.000450
1822.5 4.136475 0.000448
1823.0 4.136369 0.000446
1823.5 4.136263 0.000444
1824.0 4.136157 0.000442
1824.5 4.136051 0.000440
1825.0 4.135945 0.000438
1825.5 4.135839 0.000437
1826.0 4.135733 0.000435
1826.5 4.135627 0.000433
1827.0 4.135522 0.000431
1827.5 4.135416 0.000429
1828.0 4.135311 0.000427
1828.5 4.135207 0.000426
1829.0 4.135103 0.000424
1829.5 4.134999 0.000422
1830.0 4.134895 0.000420
1830.5 4.134792 0.000418
1831.0 4.134690 0.000416
1831.5 4.134589 0.000414
1832.0 4.134488 0.000413
1832.5 4.134387 0.000411
1833.0 4.134288 0.000409
1833.5 4.134189 0.000407
1834.0 4.134091 0.000405
1834.5 4.133994 0.000403
1835.0 4.133898 0.000401
1835.5 4.133803 0.000400
1836.0 4.133709 0.000398
1836.5 4.133616 0.000396
1837.0 4.133524 0.000394
1837.5 4.133434 0.000392
1838.0 4.133344 0.000390
1838.5 4.133256 0.000389
1839.0 4.133169 0.000387
1839.5 4.133084 0.000385
1840.0 4.133000 0.000383
1840.5 4.132917 0.000381
1841.0 4.132836 0.000380
1841.5 4.132756 0.000378
1842.0 4.132678 0.000377
1842.5 4.132600 0.000375
1843.0 4.132524 0.000374
1843.5 4.132448 0.000372
1844.0 4.132373 0.000371
1844.5 4.132300 0.000369
1845.0 4.132227 0.000368
1845.5 4.132154 0.000366
1846.0 4.132083 0.000365
1846.5 4.132011 0.000363
1847.0 4.131941 0.000362
1847.5 4.131870 0.000360
1848.0 4.131800 0.000359
1848.5 4.131730 0.000357
1849.0 4.131660 0.000356
1849.5 4.131591 0.000354
1850.0 4.131521 0.000353
1850.5 4.131451 0.000351
1851.0 4.131381 0.000349
1851.5 4.131311 0.000348
1852.0 4.131240 0.000346
1852.5 4.131169 0.000345
1853.0 4.131097 0.000343
1853.5 4.131025 0.000342
1854.0 4.130952 0.000340
1854.5 4.130879 0.000339
1855.0 4.130805 0.000337
1855.5 4.130729 0.000336
1856.0 4.130653 0.000334
1856.5 4.130576 0.000333
1857.0 4.130498 0.000331
1857.5 4.130418 0.000330
1858.0 4.130337 0.000328
1858.5 4.130255 0.000327
1859.0 4.130172 0.000325
1859.5 4.130087 0.000324
1860.0 4.130000 0.000322
1860.5 4.129912 0.000321
1861.0 4.129822 0.000319
1861.5 4.129730 0.000318
1862.0 4.129638 0.000317
1862.5 4.129543 0.000315
1863.0 4.129448 0.000314
1863.5 4.129351 0.000313
1864.0 4.129253 0.000311
1864.5 4.129155 0.000310
1865.0 4.129055 0.000309
1865.5 4.128954 0.000307
1866.0 4.128853 0.000306
1866.5 4.128750 0.000304
1867.0 4.128648 0.000303
1867.5 4.128544 0.000302
1868.0 4.128440 0.000300
1868.5 4.128336 0.000299
1869.0 4.128231 0.000298
1869.5 4.128126 0.000296
1870.0 4.128021 0.000295
1870.5 4.127916 0.000294
1871.0 4.127811 0.000292
1871.5 4.127705 0.000291
1872.0 4.127600 0.000290
1872.5 4.127495 0.000288
1873.0 4.127391 0.000287
1873.5 4.127287 0.000286
1874.0 4.127183 0.000284
1874.5 4.127080 0.000283
1875.0 4.126977 0.000282
1875.5 4.126875 0.000280
1876.0 4.126774 0.000279
1876.5 4.126673 0.000277
1877.0 4.126574 0.000276
1877.5 4.126475 0.000275
1878.0 4.126378 0.000273
1878.5 4.126281 0.000272
1879.0 4.126186 0.000271
1879.5 4.126092 0.000269
1880.0 4.126000 0.000268
1880.5 4.125909 0.000267
1881.0 4.125819 0.000266
1881.5 4.125731 0.000265
1882.0 4.125644 0.000264
1882.5 4.125559 0.000262
1883.0 4.125474 0.000261
1883.5 4.125391 0.000260
1884.0 4.125309 0.000259
1884.5 4.125228 0.000258
1885.0 4.125148 0.000257
1885.5 4.125069 0.000256
1886.0 4.124991 0.000255
1886.5 4.124913 0.000254
1887.0 4.124837 0.000253
1887.5 4.124762 0.000251
1888.0 4.124687 0.000250
1888.5 4.124613 0.000249
1889.0 4.124539 0.000248
1889.5 4.124467 0.000247
1890.0 4.124394 0.000246
1890.5 4.124323 0.000245
1891.0 4.124252 0.000244
1891.5 4.124181 0.000243
1892.0 4.124111 0.000242
1892.5 4.124041 0.000240
1893.0 4.123971 0.000239
1893.5 4.123901 0.000238
1894.0 4.123832 0.000237
1894.5 4.123763 0.000236
1895.0 4.123694 0.000235
1895.5 4.123625 0.000234
1896.0 4.123556 0.000233
1896.5 4.123487 0.000232
1897.0 4.123418 0.000231
1897.5 4.123349 0.000229
1898.0 4.123280 0.000228
1898.5 4.123210 0.000227
1899.0 4.123140 0.000226
1899.5 4.123070 0.000225
1900.0 4.123000 0.000224
1900.5 4.122929 0.000223
1901.0 4.122858 0.000222
1901.5 4.122786 0.000221
1902.0 4.122714 0.000220
1902.5 4.122642 0.000220
1903.0 4.122570 0.000219
1903.5 4.122497 0.000218
1904.0 4.122423 0.000217
1904.5 4.122350 0.000216
1905.0 4.122276 0.000215
1905.5 4.122202 0.000214
1906.0 4.122127 0.000213
1906.5 4.122052 0.000213
1907.0 4.121977 0.000212
1907.5 4.121902 0.000211
1908.0 4.121827 0.000210
1908.5 4.121751 0.000209
1909.0 4.121675 0.000208
1909.5 4.121599 0.000207
1910.0 4.121523 0.000206
1910.5 4.121446 0.000206
1911.0 4.121369 0.000205
1911.5 4.121293 0.000204
1912.0 4.121216 0.000203
1912.5 4.121138 0.000202
1913.0 4.121061 0.000201
1913.5 4.120984 0.000200
1914.0 4.120906 0.000200
1914.5 4.120829 0.000199
1915.0 4.120751 0.000198
1915.5 4.120673 0.000197
1916.0 4.120596 0.000196
1916.5 4.120518 0.000195
1917.0 4.120440 0.000194
1917.5 4.120362 0.000193
1918.0 4.120284 0.000193
1918.5 4.120206 0.000192
1919.0 4.120128 0.000191
1919.5 4.120050 0.000190
1920.0 4.119972 0.000189
1920.5 4.119895 0.000188
1921.0 4.119817 0.000187
1921.5 4.119739 0.000186
1922.0 4.119661 0.000186
1922.5 4.119584 0.000185
1923.0 4.119506 0.000184
1923.5 4.119429 0.000183
1924.0 4.119351 0.000182
1924.5 4.119274 0.000181
1925.0 4.119197 0.000180
1925.5 4.119120 0.000179
1926.0 4.119043 0.000179
1926.5 4.118967 0.000178
1927.0 4.118890 0.000177
1927.5 4.118814 0.000176
1928.0 4.118738 0.000175
1928.5 4.118662 0.000174
1929.0 4.118587 0.000173
1929.5 4.118511 0.000172
1930.0 4.118436 0.000171
1930.5 4.118361 0.000171
1931.0 4.118287 0.000170
1931.5 4.118212 0.000169
1932.0 4.118138 0.000168
1932.5 4.118064 0.000167
1933.0 4.117991 0.000166
1933.5 4.117918 0.000165
1934.0 4.117845 0.000165
1934.5 4.117772 0.000164
1935.0 4.117700 0.000163
1935.5 4.117628 0.000162
1936.0 4.117557 0.000161
1936.5 4.117486 0.000160
1937.0 4.117415 0.000159
1937.5 4.117345 0.000158
1938.0 4.117275 0.000158
1938.5 4.117206 0.000157
1939.0 4.117137 0.000156
1939.5 4.117068 0.000155
1940.0 4.117000 0.000154
1940.5 4.116932 0.000153
1941.0 4.116865 0.000153
1941.5 4.116798 0.000152
1942.0 4.116732 0.000152
1942.5 4.116666 0.000151
1943.0 4.116601 0.000150
1943.5 4.116536 0.000150
1944.0 4.116471 0.000149
1944.5 4.116407 0.000148
1945.0 4.116343 0.000148
1945.5 4.116279 0.000147
1946.0 4.116216 0.000147
1946.5 4.116153 0.000146
1947.0 4.116090 0.000145
1947.5 4.116028 0.000145
1948.0 4.115966 0.000144
1948.5 4.115904 0.000144
1949.0 4.115842 0.000143
1949.5 4.115781 0.000142
1950.0 4.115720 0.000142
1950.5 4.115659 0.000141
1951.0 4.115598 0.000141
1951.5 4.115537 0.000140
1952.0 4.115477 0.000139
1952.5 4.115417 0.000139
1953.0 4.115357 0.000138
1953.5 4.115297 0.000137
1954.0 4.115237 0.000137
1954.5 4.115178 0.000136
1955.0 4.115118 0.000136
1955.5 4.115059 0.000135
1956.0 4.114999 0.000134
1956.5 4.114940 0.000134
1957.0 4.114881 0.000133
1957.5 4.114822 0.000133
1958.0 4.114763 0.000132
1958.5 4.114704 0.000131
1959.0 4.114644 0.000131
1959.5 4.114585 0.000130
1960.0 4.114526 0.000130
1960.5 4.114467 0.000129
1961.0 4.114408 0.000128
1961.5 4.114348 0.000128
1962.0 4.114289 0.000127
1962.5 4.114230 0.000126
1963.0 4.114170 0.000126
1963.5 4.114110 0.000125
1964.0 4.114051 0.000125
1964.5 4.113991 0.000124
1965.0 4.113931 0.000123
1965.5 4.113870 0.000123
1966.0 4.113810 0.000122
1966.5 4.113750 0.000122
1967.0 4.113689 0.000121
1967.5 4.113628 0.000120
1968.0 4.113567 0.000120
1968.5 4.113505 0.000119
1969.0 4.113444 0.000118
1969.5 4.113382 0.000118
1970.0 4.113320 0.000117
1970.5 4.113257 0.000117
1971.0 4.113194 0.000116
1971.5 4.113131 0.000115
1972.0 4.113068 0.000115
1972.5 4.113004 0.000114
1973.0 4.112940 0.000114
1973.5 4.112876 0.000113
1974.0 4.112811 0.000112
1974.5 4.112746 0.000112
1975.0 4.112680 0.000111
1975.5 4.112614 0.000111
1976.0 4.112548 0.000110
1976.5 4.112481 0.000109
1977.0 4.112414 0.000109
1977.5 4.112346 0.000108
1978.0 4.112278 0.000107
1978.5 4.112209 0.000107
1979.0 4.112140 0.000106
1979.5 4.112070 0.000106
1980.0 4.112000 0.000105
1980.5 4.111929 0.000105
1981.0 4.111858 0.000104
1981.5 4.111786 0.000104
1982.0 4.111714 0.000103
1982.5 4.111641 0.000103
1983.0 4.111568 0.000102
1983.5 4.111495 0.000102
1984.0 4.111421 0.000102
1984.5 4.111346 0.000101
1985.0 4.111271 0.000101
1985.5 4.111196 0.000100
1986.0 4.111121 0.000100
1986.5 4.111045 0.000099
1987.0 4.110969 0.000099
1987.5 4.110892 0.000099
1988.0 4.110815 0.000098
1988.5 4.110738 0.000098
1989.0 4.110661 0.000097
1989.5 4.110583 0.000097
1990.0 4.110505 0.000096
1990.5 4.110427 0.000096
1991.0 4.110349 0.000096
1991.5 4.110270 0.000095
1992.0 4.110192 0.000095
1992.5 4.110113 0.000094
1993.0 4.110034 0.000094
1993.5 4.109955 0.000093
1994.0 4.109876 0.000093
1994.5 4.109797 0.000093
1995.0 4.109717 0.000092
1995.5 4.109638 0.000092
1996.0 4.109559 0.000091
1996.5 4.109479 0.000091
1997.0 4.109400 0.000091
1997.5 4.109320 0.000090
1998.0 4.109241 0.000090
1998.5 4.109161 0.000089
1999.0 4.109082 0.000089
1999.5 4.109003 0.000088
2000.0 4.108923 0.000088
2000.5 4.108844 0.000088
2001.0 4.108765 0.000087
2001.5 4.108686 0.000087
2002.0 4.108607 0.000086
2002.5 4.108529 0.000086
2003.0 4.108450 0.000085
2003.5 4.108372 0.000085
2004.0 4.108294 0.000085
2004.5 4.108216 0.000084
2005.0 4.108139 0.000084
2005.5 4.108062 0.000083
2006.0 4.107984 0.000083
2006.5 4.107908 0.000082
2007.0 4.107831 0.000082
2007.5 4.107755 0.000082
2008.0 4.107679 0.000081
2008.5 4.107604 0.000081
2009.0 4.107529 0.000080
2009.5 4.107454 0.000080
2010.0 4.107380 0.000079
2010.5 4.107306 0.000079
2011.0 4.107232 0.000079
2011.5 4.107159 0.000078
2012.0 4.107087 0.000078
2012.5 4.107014 0.000077
2013.0 4.106943 0.000077
2013.5 4.106872 0.000076
2014.0 4.106801 0.000076
2014.5 4.106731 0.000076
2015.0 4.106661 0.000075
2015.5 4.106593 0.000075
2016.0 4.106524 0.000074
2016.5 4.106456 0.000074
2017.0 4.106389 0.000073
2017.5 4.106323 0.000073
2018.0 4.106257 0.000073
2018.5 4.106192 0.000072
2019.0 4.106127 0.000072
2019.5 4.106063 0.000071
2020.0 4.106000 0.000071
2020.5 4.105938 0.000071
2021.0 4.105876 0.000070
2021.5 4.105815 0.000070
2022.0 4.105754 0.000070
2022.5 4.105695 0.000069
2023.0 4.105636 0.000069
2023.5 4.105577 0.000069
2024.0 4.105520 0.000069
2024.5 4.105462 0.000068
2025.0 4.105406 0.000068
2025.5 4.105350 0.000068
2026.0 4.105294 0.000067
2026.5 4.105239 0.000067
2027.0 4.105185 0.000067
2027.5 4.105131 0.000067
2028.0 4.105078 0.000066
2028.5 4.105025 0.000066
2029.0 4.104972 0.000066
2029.5 4.104920 0.000065
2030.0 4.104869 0.000065
2030.5 4.104818 0.000065
2031.0 4.104767 0.000064
2031.5 4.104717 0.000064
2032.0 4.104667 0.000064
2032.5 4.104617 0.000064
2033.0 4.104568 0.000063
2033.5 4.104519 0.000063
2034.0 4.104470 0.000063
2034.5 4.104422 0.000062
2035.0 4.104374 0.000062
2035.5 4.104326 0.000062
2036.0 4.104279 0.000062
2036.5 4.104231 0.000061
2037.0 4.104184 0.000061
2037.5 4.104137 0.000061
2038.0 4.104091 0.000060
2038.5 4.104044 0.000060
2039.0 4.103998 0.000060
2039.5 4.103952 0.000059
2040.0 4.103906 0.000059
2040.5 4.103860 0.000059
2041.0 4.103814 0.000059
2041.5 4.103768 0.000058
2042.0 4.103723 0.000058
2042.5 4.103677 0.000058
2043.0 4.103632 0.000057
2043.5 4.103586 0.000057
2044.0 4.103541 0.000057
2044.5 4.103495 0.000057
2045.0 4.103450 0.000056
2045.5 4.103404 0.000056
2046.0 4.103358 0.000056
2046.5 4.103313 0.000055
2047.0 4.103267 0.000055
2047.5 4.103221 0.000055
2048.0 4.103175 0.000055
2048.5 4.103129 0.000054
2049.0 4.103083 0.000054
2049.5 4.103036 0.000054
2050.0 4.102990 0.000053
2050.5 4.102943 0.000053
2051.0 4.102896 0.000053
2051.5 4.102849 0.000052
2052.0 4.102802 0.000052
2052.5 4.102754 0.000052
2053.0 4.102706 0.000052
2053.5 4.102658 0.000051
2054.0 4.102610 0.000051
2054.5 4.102561 0.000051
2055.0 4.102512 0.000050
2055.5 4.102462 0.000050
2056.0 4.102413 0.000050
2056.5 4.102362 0.000050
2057.0 4.102312 0.000049
2057.5 4.102261 0.000049
2058.0 4.102210 0.000049
2058.5 4.102158 0.000048
2059.0 4.102106 0.000048
2059.5 4.102053 0.000048
2060.0 4.102000 0.000048
2060.5 4.101946 0.000047
2061.0 4.101892 0.000047
2061.5 4.101838 0.000047
2062.0 4.101783 0.000047
2062.5 4.101727 0.000047
2063.0 4.101671 0.000046
2063.5 4.101615 0.000046
2064.0 4.101558 0.000046
2064.5 4.101501 0.000046
2065.0 4.101444 0.000046
2065.5 4.101386 0.000045
2066.0 4.101327 0.000045
2066.5 4.101268 0.000045
2067.0 4.101209 0.000045
2067.5 4.101150 0.000045
2068.0 4.101090 0.000044
2068.5 4.101030 0.000044
2069.0 4.100970 0.000044
2069.5 4.100909 0.000044
2070.0 4.100848 0.000044
2070.5 4.100787 0.000043
2071.0 4.100725 0.000043
2071.5 4.100663 0.000043
2072.0 4.100601 0.000043
2072.5 4.100539 0.000043
2073.0 4.100476 0.000042
2073.5 4.100413 0.000042
2074.0 4.100350 0.000042
2074.5 4.100287 0.000042
2075.0 4.100223 0.000042
2075.5 4.100159 0.000041
2076.0 4.100095 0.000041
2076.5 4.100031 0.000041
2077.0 4.099967 0.000041
2077.5 4.099903 0.000041
2078.0 4.099838 0.000040
2078.5 4.099773 0.000040
2079.0 4.099709 0.000040
2079.5 4.099644 0.000040
2080.0 4.099579 0.000040
2080.5 4.099513 0.000039
2081.0 4.099448 0.000039
2081.5 4.099383 0.000039
2082.0 4.099317 0.000039
2082.5 4.099252 0.000039
2083.0 4.099187 0.000038
2083.5 4.099121 0.000038
2084.0 4.099055 0.000038
2084.5 4.098990 0.000038
2085.0 4.098924 0.000038
2085.5 4.098859 0.000037
2086.0 4.098793 0.000037
2086.5 4.098728 0.000037
2087.0 4.098662 0.000037
2087.5 4.098596 0.000037
2088.0 4.098531 0.000036
2088.5 4.098466 0.000036
2089.0 4.098400 0.000036
2089.5 4.098335 0.000036
2090.0 4.098270 0.000036
2090.5 4.098205 0.000035
2091.0 4.098140 0.000035
2091.5 4.098075 0.000035
2092.0 4.098010 0.000035
2092.5 4.097946 0.000035
2093.0 4.097881 0.000034
2093.5 4.097817 0.000034
2094.0 4.097753 0.000034
2094.5 4.097689 0.000034
2095.0 4.097625 0.000034
2095.5 4.097562 0.000033
2096.0 4.097498 0.000033
2096.5 4.097435 0.000033
2097.0 4.097372 0.000033
2097.5 4.097310 0.000033
2098.0 4.097247 0.000032
2098.5 4.097185 0.000032
2099.0 4.097123 0.000032
2099.5 4.097061 0.000032
2100.0 4.097000 0.000032
2100.5 4.096939 0.000031
2101.0 4.096878 0.000031
2101.5 4.096818 0.000031
2102.0 4.096757 0.000031
2102.5 4.096698 0.000031
2103.0 4.096638 0.000031
2103.5 4.096579 0.000031
2104.0 4.096519 0.000031
2104.5 4.096461 0.000030
2105.0 4.096402 0.000030
2105.5 4.096344 0.000030
2106.0 4.096286 0.000030
2106.5 4.096229 0.000030
2107.0 4.096171 0.000030
2107.5 4.096114 0.000030
2108.0 4.096057 0.000029
2108.5 4.096001 0.000029
2109.0 4.095945 0.000029
2109.5 4.095889 0.000029
2110.0 4.095833 0.000029
2110.5 4.095778 0.000029
2111.0 4.095723 0.000029
2111.5 4.095668 0.000029
2112.0 4.095614 0.000028
2112.5 4.095559 0.000028
2113.0 4.095506 0.000028
2113.5 4.095452 0.000028
2114.0 4.095399 0.000028
2114.5 4.095345 0.000028
2115.0 4.095293 0.000028
2115.5 4.095240 0.000027
2116.0 4.095188 0.000027
2116.5 4.095136 0.000027
2117.0 4.095084 0.000027
2117.5 4.095033 0.000027
2118.0 4.094982 0.000027
2118.5 4.094931 0.000027
2119.0 4.094880 0.000027
2119.5 4.094830 0.000026
2120.0 4.094780 0.000026
2120.5 4.094730 0.000026
2121.0 4.094681 0.000026
2121.5 4.094631 0.000026
2122.0 4.094583 0.000026
2122.5 4.094534 0.000026
2123.0 4.094486 0.000025
2123.5 4.094437 0.000025
2124.0 4.094390 0.000025
2124.5 4.094342 0.000025
2125.0 4.094295 0.000025
2125.5 4.094248 0.000025
2126.0 4.094201 0.000025
2126.5 4.094154 0.000025
2127.0 4.094108 0.000024
2127.5 4.094062 0.000024
2128.0 4.094017 0.000024
2128.5 4.093971 0.000024
2129.0 4.093926 0.000024
2129.5 4.093881 0.000024
2130.0 4.093837 0.000024
2130.5 4.093792 0.000023
2131.0 4.093748 0.000023
2131.5 4.093704 0.000023
2132.0 4.093661 0.000023
2132.5 4.093618 0.000023
2133.0 4.093575 0.000023
2133.5 4.093532 0.000023
2134.0 4.093489 0.000023
2134.5 4.093447 0.000022
2135.0 4.093405 0.000022
2135.5 4.093363 0.000022
2136.0 4.093322 0.000022
2136.5 4.093281 0.000022
2137.0 4.093240 0.000022
2137.5 4.093199 0.000022
2138.0 4.093159 0.000021
2138.5 4.093119 0.000021
2139.0 4.093079 0.000021
2139.5 4.093039 0.000021
2140.0 4.093000 0.000021
2140.5 4.092961 0.000021
2141.0 4.092922 0.000021
2141.5 4.092883 0.000021
2142.0 4.092845 0.000021
2142.5 4.092807 0.000020
2143.0 4.092769 0.000020
2143.5 4.092731 0.000020
2144.0 4.092694 0.000020
2144.5 4.092657 0.000020
2145.0 4.092619 0.000020
2145.5 4.092582 0.000020
2146.0 4.092546 0.000020
2146.5 4.092509 0.000020
2147.0 4.092473 0.000020
2147.5 4.092436 0.000020
2148.0 4.092400 0.000019
2148.5 4.092364 0.000019
2149.0 4.092328 0.000019
2149.5 4.092292 0.000019
2150.0 4.092256 0.000019
2150.5 4.092221 0.000019
2151.0 4.092185 0.000019
2151.5 4.092150 0.000019
2152.0 4.092115 0.000019
2152.5 4.092079 0.000019
2153.0 4.092044 0.000019
2153.5 4.092009 0.000018
2154.0 4.091974 0.000018
2154.5 4.091938 0.000018
2155.0 4.091903 0.000018
2155.5 4.091868 0.000018
2156.0 4.091833 0.000018
2156.5 4.091798 0.000018
2157.0 4.091763 0.000018
2157.5 4.091728 0.000018
2158.0 4.091693 0.000018
2158.5 4.091658 0.000018
2159.0 4.091622 0.000017
2159.5 4.091587 0.000017
2160.0 4.091552 0.000017
2160.5 4.091516 0.000017
2161.0 4.091481 0.000017
2161.5 4.091445 0.000017
2162.0 4.091410 0.000017
2162.5 4.091374 0.000017
2163.0 4.091338 0.000017
2163.5 4.091302 0.000017
2164.0 4.091266 0.000017
2164.5 4.091230 0.000016
2165.0 4.091194 0.000016
2165.5 4.091157 0.000016
2166.0 4.091121 0.000016
2166.5 4.091084 0.000016
2167.0 4.091047 0.000016
2167.5 4.091010 0.000016
2168.0 4.090972 0.000016
2168.5 4.090935 0.000016
2169.0 4.090897 0.000016
2169.5 4.090859 0.000016
2170.0 4.090821 0.000015
2170.5 4.090783 0.000015
2171.0 4.090744 0.000015
2171.5 4.090705 0.000015
2172.0 4.090666 0.000015
2172.5 4.090627 0.000015
2173.0 4.090587 0.000015
2173.5 4.090547 0.000015
2174.0 4.090507 0.000015
2174.5 4.090467 0.000015
2175.0 4.090426 0.000015
2175.5 4.090385 0.000015
2176.0 4.090343 0.000014
2176.5 4.090302 0.000014
2177.0 4.090260 0.000014
2177.5 4.090217 0.000014
2178.0 4.090175 0.000014
2178.5 4.090131 0.000014
2179.0 4.090088 0.000014
2179.5 4.090044 0.000014
2180.0 4.090000 0.000014
2180.5 4.089955 0.000014
2181.0 4.089910 0.000014
2181.5 4.089865 0.000014
2182.0 4.089819 0.000013
2182.5 4.089773 0.000013
2183.0 4.089727 0.000013
2183.5 4.089680 0.000013
2184.0 4.089633 0.000013
2184.5 4.089586 0.000013
2185.0 4.089538 0.000013
2185.5 4.089490 0.000013
2186.0 4.089442 0.000013
2186.5 4.089394 0.000013
2187.0 4.089345 0.000013
2187.5 4.089296 0.000013
2188.0 4.089246 0.000013
2188.5 4.089197 0.000013
2189.0 4.089147 0.000013
2189.5 4.089097 0.000013
2190.0 4.089047 0.000013
2190.5 4.088997 0.000012
2191.0 4.088946 0.000012
2191.5 4.088895 0.000012
2192.0 4.088844 0.000012
2192.5 4.088793 0.000012
2193.0 4.088742 0.000012
2193.5 4.088691 0.000012
2194.0 4.088639 0.000012
2194.5 4.088587 0.000012
2195.0 4.088536 0.000012
2195.5 4.088484 0.000012
2196.0 4.088432 0.000012
2196.5 4.088380 0.000012
2197.0 4.088327 0.000012
2197.5 4.088275 0.000012
2198.0 4.088223 0.000012
2198.5 4.088170 0.000012
2199.0 4.088118 0.000011
2199.5 4.088066 0.000011
2200.0 4.088013 0.000011
2200.5 4.087961 0.000011
2201.0 4.087908 0.000011
2201.5 4.087856 0.000011
2202.0 4.087803 0.000011
2202.5 4.087751 0.000011
2203.0 4.087698 0.000011
2203.5 4.087646 0.000011
2204.0 4.087594 0.000011
2204.5 4.087541 0.000011
2205.0 4.087489 0.000011
2205.5 4.087437 0.000011
2206.0 4.087385 0.000011
2206.5 4.087333 0.000011
2207.0 4.087281 0.000011
2207.5 4.087229 0.000010
2208.0 4.087178 0.000010
2208.5 4.087126 0.000010
2209.0 4.087075 0.000010
2209.5 4.087024 0.000010
2210.0 4.086973 0.000010
2210.5 4.086922 0.000010
2211.0 4.086871 0.000010
2211.5 4.086821 0.000010
2212.0 4.086770 0.000010
2212.5 4.086720 0.000010
2213.0 4.086670 0.000010
2213.5 4.086621 0.000010
2214.0 4.086571 0.000010
2214.5 4.086522 0.000010
2215.0 4.086473 0.000010
2215.5 4.086425 0.000010
2216.0 4.086376 0.000009
2216.5 4.086328 0.000009
2217.0 4.086280 0.000009
2217.5 4.086233 0.000009
2218.0 4.086186 0.000009
2218.5 4.086139 0.000009
2219.0 4.086092 0.000009
2219.5 4.086046 0.000009
2220.0 4.086000 0.000009
2220.5 4.085954 0.000009
2221.0 4.085909 0.000009
2221.5 4.085864 0.000009
2222.0 4.085820 0.000009
2222.5 4.085776 0.000009
2223.0 4.085732 0.000009
2223.5 4.085688 0.000009
2224.0 4.085645 0.000009
2224.5 4.085602 0.000009
2225.0 4.085560 0.000009
2225.5 4.085517 0.000009
2226.0 4.085475 0.000009
2226.5 4.085434 0.000008
2227.0 4.085392 0.000008
2227.5 4.085351 0.000008
2228.0 4.085310 0.000008
2228.5 4.085270 0.000008
2229.0 4.085229 0.000008
2229.5 4.085189 0.000008
2230.0 4.085149 0.000008
2230.5 4.085110 0.000008
2231.0 4.085070 0.000008
2231.5 4.085031 0.000008
2232.0 4.084992 0.000008
2232.5 4.084954 0.000008
2233.0 4.084915 0.000008
2233.5 4.084877 0.000008
2234.0 4.084839 0.000008
2234.5 4.084801 0.000008
2235.0 4.084763 0.000008
2235.5 4.084726 0.000008
2236.0 4.084688 0.000008
2236.5 4.084651 0.000008
2237.0 4.084614 0.000008
2237.5 4.084577 0.000008
2238.0 4.084541 0.000008
2238.5 4.084504 0.000008
2239.0 4.084468 0.000007
2239.5 4.084432 0.000007
2240.0 4.084396 0.000007
2240.5 4.084360 0.000007
2241.0 4.084324 0.000007
2241.5 4.084288 0.000007
2242.0 4.084253 0.000007
2242.5 4.084217 0.000007
2243.0 4.084182 0.000007
2243.5 4.084146 0.000007
2244.0 4.084111 0.000007
2244.5 4.084076 0.000007
2245.0 4.084041 0.000007
2245.5 4.084006 0.000007
2246.0 4.083971 0.000007
2246.5 4.083937 0.000007
2247.0 4.083902 0.000007
2247.5 4.083867 0.000007
2248.0 4.083832 0.000007
2248.5 4.083798 0.000007
2249.0 4.083763 0.000007
2249.5 4.083729 0.000007
2250.0 4.083694 0.000007
2250.5 4.083660 0.000007
2251.0 4.083625 0.000007
2251.5 4.083591 0.000007
2252.0 4.083556 0.000006
2252.5 4.083522 0.000006
2253.0 4.083487 0.000006
2253.5 4.083453 0.000006
2254.0 4.083418 0.000006
2254.5 4.083384 0.000006
2255.0 4.083349 0.000006
2255.5 4.083314 0.000006
2256.0 4.083280 0.000006
2256.5 4.083245 0.000006
2257.0 4.083210 0.000006
2257.5 4.083175 0.000006
2258.0 4.083140 0.000006
2258.5 4.083105 0.000006
2259.0 4.083070 0.000006
2259.5 4.083035 0.000006
2260.0 4.083000 0.000006
2260.5 4.082965 0.000006
2261.0 4.082929 0.000006
2261.5 4.082894 0.000006
2262.0 4.082858 0.000006
2262.5 4.082823 0.000006
2263.0 4.082787 0.000006
2263.5 4.082751 0.000006
2264.0 4.082715 0.000006
2264.5 4.082679 0.000006
2265.0 4.082643 0.000006
2265.5 4.082607 0.000006
2266.0 4.082570 0.000006
2266.5 4.082534 0.000006
2267.0 4.082498 0.000005
2267.5 4.082461 0.000005
2268.0 4.082425 0.000005
2268.5 4.082388 0.000005
2269.0 4.082351 0.000005
2269.5 4.082315 0.000005
2270.0 4.082278 0.000005
2270.5 4.082241 0.000005
2271.0 4.082204 0.000005
2271.5 4.082167 0.000005
2272.0 4.082130 0.000005
2272.5 4.082093 0.000005
2273.0 4.082055 0.000005
2273.5 4.082018 0.000005
2274.0 4.081981 0.000005
2274.5 4.081944 0.000005
2275.0 4.081906 0.000005
2275.5 4.081869 0.000005
2276.0 4.081831 0.000005
2276.5 4.081794 0.000005
2277.0 4.081756 0.000005
2277.5 4.081718 0.000005
2278.0 4.081681 0.000005
2278.5 4.081643 0.000005
2279.0 4.081605 0.000005
2279.5 4.081567 0.000005
2280.0 4.081529 0.000005
2280.5 4.081491 0.000005
2281.0 4.081454 0.000005
2281.5 4.081416 0.000005
2282.0 4.081378 0.000005
2282.5 4.081340 0.000005
2283.0 4.081301 0.000005
2283.5 4.081263 0.000005
2284.0 4.081225 0.000005
2284.5 4.081187 0.000005
2285.0 4.081149 0.000005
2285.5 4.081111 0.000005
2286.0 4.081073 0.000005
2286.5 4.081034 0.000004
2287.0 4.080996 0.000004
2287.5 4.080958 0.000004
2288.0 4.080920 0.000004
2288.5 4.080881 0.000004
2289.0 4.080843 0.000004
2289.5 4.080805 0.000004
2290.0 4.080766 0.000004
2290.5 4.080728 0.000004
2291.0 4.080690 0.000004
2291.5 4.080651 0.000004
2292.0 4.080613 0.000004
2292.5 4.080575 0.000004
2293.0 4.080536 0.000004
2293.5 4.080498 0.000004
2294.0 4.080460 0.000004
2294.5 4.080421 0.000004
2295.0 4.080383 0.000004
2295.5 4.080345 0.000004
2296.0 4.080306 0.000004
2296.5 4.080268 0.000004
2297.0 4.080230 0.000004
2297.5 4.080191 0.000004
2298.0 4.080153 0.000004
2298.5 4.080115 0.000004
2299.0 4.080076 0.000004
2299.5 4.080038 0.000004
2300.0 4.080000 0.000004
2300.5 4.079962 0.000004
2301.0 4.079924 0.000004
2301.5 4.079885 0.000004
2302.0 4.079847 0.000004
2302.5 4.079809 0.000004
2303.0 4.079771 0.000004
2303.5 4.079733 0.000004
2304.0 4.079695 0.000004
2304.5 4.079657 0.000004
2305.0 4.079619 0.000004
2305.5 4.079581 0.000004
2306.0 4.079543 0.000004
2306.5 4.079505 0.000004
2307.0 4.079467 0.000004
2307.5 4.079429 0.000004
2308.0 4.079391 0.000004
2308.5 4.079353 0.000004
2309.0 4.079315 0.000004
2309.5 4.079278 0.000003
2310.0 4.079240 0.000003
2310.5 4.079202 0.000003
2311.0 4.079164 0.000003
2311.5 4.079126 0.000003
2312.0 4.079089 0.000003
2312.5 4.079051 0.000003
2313.0 4.079013 0.000003
2313.5 4.078976 0.000003
2314.0 4.078938 0.000003
2314.5 4.078900 0.000003
2315.0 4.078863 0.000003
2315.5 4.078825 0.000003
2316.0 4.078787 0.000003
2316.5 4.078750 0.000003
2317.0 4.078712 0.000003
2317.5 4.078675 0.000003
2318.0 4.078637 0.000003
2318.5 4.078599 0.000003
2319.0 4.078562 0.000003
2319.5 4.078524 0.000003
2320.0 4.078487 0.000003
2320.5 4.078450 0.000003
2321.0 4.078412 0.000003
2321.5 4.078375 0.000003
2322.0 4.078337 0.000003
2322.5 4.078300 0.000003
2323.0 4.078262 0.000003
2323.5 4.078225 0.000003
2324.0 4.078188 0.000003
2324.5 4.078150 0.000003
2325.0 4.078113 0.000003
2325.5 4.078076 0.000003
2326.0 4.078038 0.000003
2326.5 4.078001 0.000003
2327.0 4.077964 0.000003
2327.5 4.077927 0.000003
2328.0 4.077889 0.000003
2328.5 4.077852 0.000003
2329.0 4.077815 0.000003
2329.5 4.077778 0.000003
2330.0 4.077741 0.000003
2330.5 4.077703 0.000003
2331.0 4.077666 0.000003
2331.5 4.077629 0.000003
2332.0 4.077592 0.000003
2332.5 4.077555 0.000003
2333.0 4.077518 0.000003
2333.5 4.077481 0.000003
2334.0 4.077444 0.000003
2334.5 4.077407 0.000003
2335.0 4.077370 0.000003
2335.5 4.077333 0.000003
2336.0 4.077296 0.000003
2336.5 4.077259 0.000003
2337.0 4.077222 0.000003
2337.5 4.077185 0.000003
2338.0 4.077148 0.000003
2338.5 4.077111 0.000003
2339.0 4.077074 0.000003
2339.5 4.077037 0.000002
2340.0 4.077000 0.000002
2340.5 4.076963 0.000002
2341.0 4.076926 0.000002
2341.5 4.076889 0.000002
2342.0 4.076852 0.000002
2342.5 4.076816 0.000002
2343.0 4.076779 0.000002
2343.5 4.076742 0.000002
2344.0 4.076705 0.000002
2344.5 4.076668 0.000002
2345.0 4.076631 0.000002
2345.5 4.076595 0.000002
2346.0 4.076558 0.000002
2346.5 4.076521 0.000002
2347.0 4.076484 0.000002
2347.5 4.076447 0.000002
2348.0 4.076410 0.000002
2348.5 4.076374 0.000002
2349.0 4.076337 0.000002
2349.5 4.076300 0.000002
2350.0 4.076263 0.000002
2350.5 4.076226 0.000002
2351.0 4.076189 0.000002
2351.5 4.076152 0.000002
2352.0 4.076115 0.000002
2352.5 4.076079 0.000002
2353.0 4.076042 0.000002
2353.5 4.076005 0.000002
2354.0 4.075968 0.000002
2354.5 4.075931 0.000002
2355.0 4.075894 0.000002
2355.5 4.075857 0.000002
2356.0 4.075820 0.000002
2356.5 4.075783 0.000002
2357.0 4.075746 0.000002
2357.5 4.075709 0.000002
2358.0 4.075671 0.000002
2358.5 4.075634 0.000002
2359.0 4.075597 0.000002
2359.5 4.075560 0.000002
2360.0 4.075523 0.000002
2360.5 4.075486 0.000002
2361.0 4.075448 0.000002
2361.5 4.075411 0.000002
2362.0 4.075374 0.000002
2362.5 4.075336 0.000002
2363.0 4.075299 0.000002
2363.5 4.075261 0.000002
2364.0 4.075224 0.000002
2364.5 4.075186 0.000002
2365.0 4.075149 0.000002
2365.5 4.075111 0.000002
2366.0 4.075074 0.000002
2366.5 4.075036 0.000002
2367.0 4.074998 0.000002
2367.5 4.074961 0.000002
2368.0 4.074923 0.000002
2368.5 4.074885 0.000002
2369.0 4.074847 0.000002
2369.5 4.074809 0.000002
2370.0 4.074771 0.000002
2370.5 4.074733 0.000002
2371.0 4.074695 0.000002
2371.5 4.074657 0.000002
2372.0 4.074619 0.000002
2372.5 4.074580 0.000002
2373.0 4.074542 0.000002
2373.5 4.074504 0.000002
2374.0 4.074465 0.000002
2374.5 4.074427 0.000002
2375.0 4.074389 0.000002
2375.5 4.074350 0.000002
2376.0 4.074311 0.000002
2376.5 4.074273 0.000002
2377.0 4.074234 0.000002
2377.5 4.074195 0.000002
2378.0 4.074156 0.000002
2378.5 4.074117 0.000002
2379.0 4.074078 0.000002
2379.5 4.074039 0.000002
2380.0 4.074000 0.000002
2380.5 4.073961 0.000002
2381.0 4.073922 0.000002
2381.5 4.073882 0.000002
2382.0 4.073843 0.000002
2382.5 4.073803 0.000002
2383.0 4.073764 0.000002
2383.5 4.073724 0.000002
2384.0 4.073685 0.000002
2384.5 4.073645 0.000002
2385.0 4.073605 0.000002
2385.5 4.073566 0.000002
2386.0 4.073526 0.000002
2386.5 4.073486 0.000002
2387.0 4.073447 0.000002
2387.5 4.073407 0.000002
2388.0 4.073367 0.000001
2388.5 4.073327 0.000001
2389.0 4.073288 0.000001
2389.5 4.073248 0.000001
2390.0 4.073208 0.000001
2390.5 4.073168 0.000001
2391.0 4.073129 0.000001
2391.5 4.073089 0.000001
2392.0 4.073049 0.000001
2392.5 4.073010 0.000001
2393.0 4.072970 0.000001
2393.5 4.072931 0.000001
2394.0 4.072891 0.000001
2394.5 4.072852 0.000001
2395.0 4.072812 0.000001
2395.5 4.072773 0.000001
2396.0 4.072734 0.000001
2396.5 4.072694 0.000001
2397.0 4.072655 0.000001
2397.5 4.072616 0.000001
2398.0 4.072577 0.000001
2398.5 4.072538 0.000001
2399.0 4.072499 0.000001
2399.5 4.072461 0.000001
2400.0 4.072422 0.000001
2400.5 4.072383 0.000001
2401.0 4.072345 0.000001
2401.5 4.072307 0.000001
2402.0 4.072268 0.000001
2402.5 4.072230 0.000001
2403.0 4.072192 0.000001
2403.5 4.072154 0.000001
2404.0 4.072117 0.000001
2404.5 4.072079 0.000001
2405.0 4.072041 0.000001
2405.5 4.072004 0.000001
2406.0 4.071967 0.000001
2406.5 4.071930 0.000001
2407.0 4.071893 0.000001
2407.5 4.071856 0.000001
2408.0 4.071820 0.000001
2408.5 4.071783 0.000001
2409.0 4.071747 0.000001
2409.5 4.071711 0.000001
2410.0 4.071675 0.000001
2410.5 4.071639 0.000001
2411.0 4.071604 0.000001
2411.5 4.071568 0.000001
2412.0 4.071533 0.000001
2412.5 4.071498 0.000001
2413.0 4.071463 0.000001
2413.5 4.071429 0.000001
2414.0 4.071394 0.000001
2414.5 4.071360 0.000001
2415.0 4.071326 0.000001
2415.5 4.071293 0.000001
2416.0 4.071259 0.000001
2416.5 4.071226 0.000001
2417.0 4.071193 0.000001
2417.5 4.071160 0.000001
2418.0 4.071128 0.000001
2418.5 4.071095 0.000001
2419.0 4.071063 0.000001
2419.5 4.071032 0.000001
2420.0 4.071000 0.000001
2420.5 4.070969 0.000001
2421.0 4.070938 0.000001
2421.5 4.070907 0.000001
2422.0 4.070877 0.000001
2422.5 4.070846 0.000001
2423.0 4.070816 0.000001
2423.5 4.070787 0.000001
2424.0 4.070757 0.000001
2424.5 4.070728 0.000001
2425.0 4.070699 0.000001
2425.5 4.070670 0.000001
2426.0 4.070641 0.000001
2426.5 4.070613 0.000001
2427.0 4.070585 0.000001
2427.5 4.070557 0.000001
2428.0 4.070529 0.000001
2428.5 4.070501 0.000001
2429.0 4.070474 0.000001
2429.5 4.070447 0.000001
2430.0 4.070420 0.000001
2430.5 4.070393 0.000001
2431.0 4.070367 0.000001
2431.5 4.070340 0.000001
2432.0 4.070314 0.000001
2432.5 4.070288 0.000001
2433.0 4.070262 0.000001
2433.5 4.070236 0.000001
2434.0 4.070210 0.000001
2434.5 4.070185 0.000001
2435.0 4.070160 0.000001
2435.5 4.070135 0.000001
2436.0 4.070110 0.000001
2436.5 4.070085 0.000001
2437.0 4.070060 0.000001
2437.5 4.070035 0.000001
2438.0 4.070011 0.000001
2438.5 4.069987 0.000001
2439.0 4.069962 0.000001
2439.5 4.069938 0.000001
2440.0 4.069914 0.000001
2440.5 4.069890 0.000001
2441.0 4.069866 0.000001
2441.5 4.069843 0.000001
2442.0 4.069819 0.000001
2442.5 4.069796 0.000001
2443.0 4.069772 0.000001
2443.5 4.069749 0.000001
2444.0 4.069726 0.000001
2444.5 4.069702 0.000001
2445.0 4.069679 0.000001
2445.5 4.069656 0.000001
2446.0 4.069633 0.000001
2446.5 4.069610 0.000001
2447.0 4.069588 0.000001
2447.5 4.069565 0.000001
2448.0 4.069542 0.000001
2448.5 4.069519 0.000001
2449.0 4.069497 0.000001
2449.5 4.069474 0.000001
2450.0 4.069451 0.000001
2450.5 4.069429 0.000001
2451.0 4.069406 0.000001
2451.5 4.069384 0.000001
2452.0 4.069361 0.000001
2452.5 4.069339 0.000001
2453.0 4.069316 0.000001
2453.5 4.069294 0.000001
2454.0 4.069271 0.000001
2454.5 4.069249 0.000001
2455.0 4.069226 0.000001
2455.5 4.069204 0.000001
2456.0 4.069181 0.000001
2456.5 4.069159 0.000001
2457.0 4.069136 0.000001
2457.5 4.069113 0.000001
2458.0 4.069091 0.000001
2458.5 4.069068 0.000001
2459.0 4.069046 0.000001
2459.5 4.069023 0.000001
2460.0 4.069000 0.000001
2460.5 4.068977 0.000001
2461.0 4.068954 0.000001
2461.5 4.068931 0.000001
2462.0 4.068908 0.000001
2462.5 4.068885 0.000001
2463.0 4.068862 0.000001
2463.5 4.068839 0.000001
2464.0 4.068816 0.000001
2464.5 4.068793 0.000001
2465.0 4.068770 0.000001
2465.5 4.068746 0.000001
2466.0 4.068723 0.000001
2466.5 4.068699 0.000001
2467.0 4.068676 0.000001
2467.5 4.068652 0.000001
2468.0 4.068629 0.000001
2468.5 4.068605 0.000001
2469.0 4.068581 0.000001
2469.5 4.068558 0.000001
2470.0 4.068534 0.000001
2470.5 4.068510 0.000001
2471.0 4.068486 0.000001
2471.5 4.068462 0.000001
2472.0 4.068438 0.000001
2472.5 4.068414 0.000001
2473.0 4.068390 0.000001
2473.5 4.068366 0.000001
2474.0 4.068341 0.000001
2474.5 4.068317 0.000001
2475.0 4.068293 0.000001
2475.5 4.068268 0.000001
2476.0 4.068244 0.000001
2476.5 4.068219 0.000001
2477.0 4.068195 0.000001
2477.5 4.068170 0.000001
2478.0 4.068146 0.000001
2478.5 4.068121 0.000001
2479.0 4.068096 0.000001
2479.5 4.068071 0.000001
2480.0 4.068046 0.000001
2480.5 4.068021 0.000001
2481.0 4.067996 0.000001
2481.5 4.067971 0.000001
2482.0 4.067946 0.000001
2482.5 4.067921 0.000001
2483.0 4.067896 0.000001
2483.5 4.067870 0.000001
2484.0 4.067845 0.000001
2484.5 4.067819 0.000001
2485.0 4.067794 0.000001
2485.5 4.067768 0.000001
2486.0 4.067743 0.000001
2486.5 4.067717 0.000001
2487.0 4.067691 0.000001
2487.5 4.067665 0.000001
2488.0 4.067640 0.000001
2488.5 4.067614 0.000001
2489.0 4.067588 0.000001
2489.5 4.067562 0.000000
2490.0 4.067536 0.000000
2490.5 4.067509 0.000000
2491.0 4.067483 0.000000
2491.5 4.067457 0.000000
2492.0 4.067430 0.000000
2492.5 4.067404 0.000000
2493.0 4.067378 0.000000
2493.5 4.067351 0.000000
2494.0 4.067324 0.000000
2494.5 4.067298 0.000000
2495.0 4.067271 0.000000
2495.5 4.067244 0.000000
2496.0 4.067217 0.000000
2496.5 4.067190 0.000000
2497.0 4.067163 0.000000
2497.5 4.067136 0.000000
2498.0 4.067109 0.000000
2498.5 4.067082 0.000000
2499.0 4.067055 0.000000
2499.5 4.067027 0.000000
2500.0 4.067000 0.000000
2500.5 4.066973 0.000000
2501.0 4.066945 0.000000
2501.5 4.066917 0.000000
2502.0 4.066890 0.000000
2502.5 4.066862 0.000000
2503.0 4.066834 0.000000
2503.5 4.066806 0.000000
2504.0 4.066779 0.000000
2504.5 4.066751 0.000000
2505.0 4.066723 0.000000
2505.5 4.066694 0.000000
2506.0 4.066666 0.000000
2506.5 4.066638 0.000000
2507.0 4.066610 0.000000
2507.5 4.066581 0.000000
2508.0 4.066553 0.000000
2508.5 4.066525 0.000000
2509.0 4.066496 0.000000
2509.5 4.066468 0.000000
2510.0 4.066439 0.000000
2510.5 4.066410 0.000000
2511.0 4.066381 0.000000
2511.5 4.066353 0.000000
2512.0 4.066324 0.000000
2512.5 4.066295 0.000000
2513.0 4.066266 0.000000
2513.5 4.066237 0.000000
2514.0 4.066208 0.000000
2514.5 4.066179 0.000000
2515.0 4.066150 0.000000
2515.5 4.066120 0.000000
2516.0 4.066091 0.000000
2516.5 4.066062 0.000000
2517.0 4.066032 0.000000
2517.5 4.066003 0.000000
2518.0 4.065973 0.000000
2518.5 4.065944 0.000000
2519.0 4.065914 0.000000
2519.5 4.065885 0.000000
2520.0 4.065855 0.000000
2520.5 4.065825 0.000000
2521.0 4.065795 0.000000
2521.5 4.065765 0.000000
2522.0 4.065736 0.000000
2522.5 4.065706 0.000000
2523.0 4.065676 0.000000
2523.5 4.065646 0.000000
2524.0 4.065616 0.000000
2524.5 4.065585 0.000000
2525.0 4.065555 0.000000
2525.5 4.065525 0.000000
2526.0 4.065495 0.000000
2526.5 4.065465 0.000000
2527.0 4.065434 0.000000
2527.5 4.065404 0.000000
2528.0 4.065373 0.000000
2528.5 4.065343 0.000000
2529.0 4.065312 0.000000
2529.5 4.065282 0.000000
2530.0 4.065251 0.000000
2530.5 4.065221 0.000000
2531.0 4.065190 0.000000
2531.5 4.065159 0.000000
2532.0 4.065129 0.000000
2532.5 4.065098 0.000000
2533.0 4.065067 0.000000
2533.5 4.065036 0.000000
2534.0 4.065005 0.000000
2534.5 4.064974 0.000000
2535.0 4.064943 0.000000
2535.5 4.064912 0.000000
2536.0 4.064881 0.000000
2536.5 4.064850 0.000000
2537.0 4.064819 0.000000
2537.5 4.064788 0.000000
2538.0 4.064757 0.000000
2538.5 4.064726 0.000000
2539.0 4.064694 0.000000
2539.5 4.064663 0.000000
2540.0 4.064632 0.000000
2540.5 4.064601 0.000000
2541.0 4.064569 0.000000
2541.5 4.064538 0.000000
2542.0 4.064506 0.000000
2542.5 4.064475 0.000000
2543.0 4.064443 0.000000
2543.5 4.064412 0.000000
2544.0 4.064380 0.000000
2544.5 4.064349 0.000000
2545.0 4.064317 0.000000
2545.5 4.064286 0.000000
2546.0 4.064254 0.000000
2546.5 4.064222 0.000000
2547.0 4.064191 0.000000
2547.5 4.064159 0.000000
2548.0 4.064127 0.000000
2548.5 4.064095 0.000000
2549.0 4.064064 0.000000
2549.5 4.064032 0.000000
2550.0 4.064000 0.000000
2550.5 4.063968 0.000000
2551.0 4.063936 0.000000
2551.5 4.063904 0.000000
2552.0 4.063872 0.000000
2552.5 4.063841 0.000000
2553.0 4.063809 0.000000
2553.5 4.063777 0.000000
2554.0 4.063745 0.000000
2554.5 4.063713 0.000000
2555.0 4.063681 0.000000
2555.5 4.063649 0.000000
2556.0 4.063617 0.000000
2556.5 4.063585 0.000000
2557.0 4.063553 0.000000
2557.5 4.063521 0.000000
2558.0 4.063489 0.000000
2558.5 4.063457 0.000000
2559.0 4.063425 0.000000
2559.5 4.063393 0.000000
2560.0 4.063361 0.000000
2560.5 4.063329 0.000000
2561.0 4.063297 0.000000
2561.5 4.063265 0.000000
2562.0 4.063233 0.000000
2562.5 4.063201 0.000000
2563.0 4.063170 0.000000
2563.5 4.063138 0.000000
2564.0 4.063106 0.000000
2564.5 4.063074 0.000000
2565.0 4.063043 0.000000
2565.5 4.063011 0.000000
2566.0 4.062979 0.000000
2566.5 4.062948 0.000000
2567.0 4.062916 0.000000
2567.5 4.062884 0.000000
2568.0 4.062853 0.000000
2568.5 4.062821 0.000000
2569.0 4.062790 0.000000
2569.5 4.062759 0.000000
2570.0 4.062727 0.000000
2570.5 4.062696 0.000000
2571.0 4.062665 0.000000
2571.5 4.062633 0.000000
2572.0 4.062602 0.000000
2572.5 4.062571 0.000000
2573.0 4.062540 0.000000
2573.5 4.062509 0.000000
2574.0 4.062478 0.000000
2574.5 4.062448 0.000000
2575.0 4.062417 0.000000
2575.5 4.062386 0.000000
2576.0 4.062355 0.000000
2576.5 4.062325 0.000000
2577.0 4.062294 0.000000
2577.5 4.062264 0.000000
2578.0 4.062234 0.000000
2578.5 4.062203 0.000000
2579.0 4.062173 0.000000
2579.5 4.062143 0.000000
2580.0 4.062113 0.000000
2580.5 4.062083 0.000000
2581.0 4.062053 0.000000
2581.5 4.062023 0.000000
2582.0 4.061994 0.000000
2582.5 4.061964 0.000000
2583.0 4.061935 0.000000
2583.5 4.061905 0.000000
2584.0 4.061876 0.000000
2584.5 4.061847 0.000000
2585.0 4.061818 0.000000
2585.5 4.061789 0.000000
2586.0 4.061760 0.000000
2586.5 4.061731 0.000000
2587.0 4.061702 0.000000
2587.5 4.061674 0.000000
2588.0 4.061645 0.000000
2588.5 4.061617 0.000000
2589.0 4.061589 0.000000
2589.5 4.061560 0.000000
2590.0 4.061532 0.000000
2590.5 4.061505 0.000000
2591.0 4.061477 0.000000
2591.5 4.061449 0.000000
2592.0 4.061422 0.000000
2592.5 4.061394 0.000000
2593.0 4.061367 0.000000
2593.5 4.061340 0.000000
2594.0 4.061313 0.000000
2594.5 4.061286 0.000000
2595.0 4.061259 0.000000
2595.5 4.061233 0.000000
2596.0 4.061206 0.000000
2596.5 4.061180 0.000000
2597.0 4.061154 0.000000
2597.5 4.061128 0.000000
2598.0 4.061102 0.000000
2598.5 4.061076 0.000000
2599.0 4.061051 0.000000
2599.5 4.061025 0.000000
2600.0 4.061000 0.000000
2600.5 4.060975 0.000000
2601.0 4.060950 0.000000
2601.5 4.060925 0.000000
2602.0 4.060900 0.000000
2602.5 4.060876 0.000000
2603.0 4.060852 0.000000
2603.5 4.060827 0.000000
2604.0 4.060803 0.000000
2604.5 4.060779 0.000000
2605.0 4.060756 0.000000
2605.5 4.060732 0.000000
2606.0 4.060709 0.000000
2606.5 4.060685 0.000000
2607.0 4.060662 0.000000
2607.5 4.060639 0.000000
2608.0 4.060616 0.000000
2608.5 4.060593 0.000000
2609.0 4.060570 0.000000
2609.5 4.060548 0.000000
2610.0 4.060525 0.000000
2610.5 4.060503 0.000000
2611.0 4.060481 0.000000
2611.5 4.060459 0.000000
2612.0 4.060437 0.000000
2612.5 4.060415 0.000000
2613.0 4.060393 0.000000
2613.5 4.060372 0.000000
2614.0 4.060350 0.000000
2614.5 4.060329 0.000000
2615.0 4.060307 0.000000
2615.5 4.060286 0.000000
2616.0 4.060265 0.000000
2616.5 4.060244 0.000000
2617.0 4.060223 0.000000
2617.5 4.060203 0.000000
2618.0 4.060182 0.000000
2618.5 4.060161 0.000000
2619.0 4.060141 0.000000
2619.5 4.060121 0.000000
2620.0 4.060100 0.000000
2620.5 4.060080 0.000000
2621.0 4.060060 0.000000
2621.5 4.060040 0.000000
2622.0 4.060020 0.000000
2622.5 4.060001 0.000000
2623.0 4.059981 0.000000
2623.5 4.059961 0.000000
2624.0 4.059942 0.000000
2624.5 4.059922 0.000000
2625.0 4.059903 0.000000
2625.5 4.059883 0.000000
2626.0 4.059864 0.000000
2626.5 4.059845 0.000000
2627.0 4.059826 0.000000
2627.5 4.059807 0.000000
2628.0 4.059788 0.000000
2628.5 4.059769 0.000000
2629.0 4.059750 0.000000
2629.5 4.059732 0.000000
2630.0 4.059713 0.000000
2630.5 4.059694 0.000000
2631.0 4.059676 0.000000
2631.5 4.059657 0.000000
2632.0 4.059639 0.000000
2632.5 4.059620 0.000000
2633.0 4.059602 0.000000
2633.5 4.059584 0.000000
2634.0 4.059566 0.000000
2634.5 4.059547 0.000000
2635.0 4.059529 0.000000
2635.5 4.059511 0.000000
2636.0 4.059493 0.000000
2636.5 4.059475 0.000000
2637.0 4.059457 0.000000
2637.5 4.059439 0.000000
2638.0 4.059421 0.000000
2638.5 4.059404 0.000000
2639.0 4.059386 0.000000
2639.5 4.059368 0.000000
2640.0 4.059350 0.000000
2640.5 4.059333 0.000000
2641.0 4.059315 0.000000
2641.5 4.059297 0.000000
2642.0 4.059280 0.000000
2642.5 4.059262 0.000000
2643.0 4.059244 0.000000
2643.5 4.059227 0.000000
2644.0 4.059209 0.000000
2644.5 4.059192 0.000000
2645.0 4.059174 0.000000
2645.5 4.059157 0.000000
2646.0 4.059139 0.000000
2646.5 4.059122 0.000000
2647.0 4.059104 0.000000
2647.5 4.059087 0.000000
2648.0 4.059070 0.000000
2648.5 4.059052 0.000000
2649.0 4.059035 0.000000
2649.5 4.059017 0.000000
2650.0 4.059000 0.000000
2650.5 4.058983 0.000000
2651.0 4.058965 0.000000
2651.5 4.058948 0.000000
2652.0 4.058930 0.000000
2652.5 4.058913 0.000000
2653.0 4.058896 0.000000
2653.5 4.058878 0.000000
2654.0 4.058861 0.000000
2654.5 4.058843 0.000000
2655.0 4.058826 0.000000
2655.5 4.058808 0.000000
2656.0 4.058791 0.000000
2656.5 4.058773 0.000000
2657.0 4.058756 0.000000
2657.5 4.058738 0.000000
2658.0 4.058720 0.000000
2658.5 4.058703 0.000000
2659.0 4.058685 0.000000
2659.5 4.058667 0.000000
2660.0 4.058650 0.000000
2660.5 4.058632 0.000000
2661.0 4.058614 0.000000
2661.5 4.058596 0.000000
2662.0 4.058579 0.000000
2662.5 4.058561 0.000000
2663.0 4.058543 0.000000
2663.5 4.058525 0.000000
2664.0 4.058507 0.000000
2664.5 4.058489 0.000000
2665.0 4.058471 0.000000
2665.5 4.058453 0.000000
2666.0 4.058434 0.000000
2666.5 4.058416 0.000000
2667.0 4.058398 0.000000
2667.5 4.058380 0.000000
2668.0 4.058361 0.000000
2668.5 4.058343 0.000000
2669.0 4.058324 0.000000
2669.5 4.058306 0.000000
2670.0 4.058287 0.000000
2670.5 4.058268 0.000000
2671.0 4.058250 0.000000
2671.5 4.058231 0.000000
2672.0 4.058212 0.000000
2672.5 4.058193 0.000000
2673.0 4.058174 0.000000
2673.5 4.058155 0.000000
2674.0 4.058136 0.000000
2674.5 4.058117 0.000000
2675.0 4.058097 0.000000
2675.5 4.058078 0.000000
2676.0 4.058058 0.000000
2676.5 4.058039 0.000000
2677.0 4.058019 0.000000
2677.5 4.057999 0.000000
2678.0 4.057980 0.000000
2678.5 4.057960 0.000000
2679.0 4.057940 0.000000
2679.5 4.057920 0.000000
2680.0 4.057900 0.000000
2680.5 4.057879 0.000000
2681.0 4.057859 0.000000
2681.5 4.057839 0.000000
2682.0 4.057818 0.000000
2682.5 4.057797 0.000000
2683.0 4.057777 0.000000
2683.5 4.057756 0.000000
2684.0 4.057735 0.000000
2684.5 4.057714 0.000000
2685.0 4.057693 0.000000
2685.5 4.057671 0.000000
2686.0 4.057650 0.000000
2686.5 4.057628 0.000000
2687.0 4.057607 0.000000
2687.5 4.057585 0.000000
2688.0 4.057563 0.000000
2688.5 4.057541 0.000000
2689.0 4.057519 0.000000
2689.5 4.057497 0.000000
2690.0 4.057475 0.000000
2690.5 4.057452 0.000000
2691.0 4.057430 0.000000
2691.5 4.057407 0.000000
2692.0 4.057384 0.000000
2692.5 4.057361 0.000000
2693.0 4.057338 0.000000
2693.5 4.057315 0.000000
2694.0 4.057291 0.000000
2694.5 4.057268 0.000000
2695.0 4.057244 0.000000
2695.5 4.057221 0.000000
2696.0 4.057197 0.000000
2696.5 4.057173 0.000000
2697.0 4.057148 0.000000
2697.5 4.057124 0.000000
2698.0 4.057100 0.000000
2698.5 4.057075 0.000000
2699.0 4.057050 0.000000
2699.5 4.057025 0.000000
2700.0 4.057000 0.000000
