$MeshFormat
2.2 0 8
$EndMeshFormat
$PhysicalNames
7
1 4 "source"
1 5 "gate"
1 6 "drain"
1 7 "backcontact"
2 1 "substrate"
2 2 "contact"
2 3 "oxide"
$EndPhysicalNames
$Nodes
4112
1 0 -0.25 0
2 0 0 0
3 0.1375 -0.25 0
4 -0.1375 -0.25 0
5 0.1375 0 0
6 -0.1375 0 0
7 -0.0475 0 0
8 -0.0425 0 0
9 0.0425 0 0
10 0.0475 0 0
11 -0.0375 0 0
12 0.0375 0 0
13 0.1375 -0.02 0
14 -0.1375 -0.02 0
15 -0.0425 -0.02 0
16 0.0425 -0.02 0
17 -0.0425 0.0025 0
18 0.0425 0.0025 0
19 0 0.0025 0
20 -0.1100000000000472 -0.25 0
21 -0.08250000000014367 -0.25 0
22 -0.05500000000014529 -0.25 0
23 -0.02750000000007535 -0.25 0
24 0.1375 -0.2223907881311759 0
25 0.1375 -0.1975434137475914 0
26 0.1375 -0.1751816091307258 0
27 0.1375 -0.1550567303337649 0
28 0.1375 -0.1369450129109472 0
29 0.1375 -0.1206450714428544 0
30 0.1375 -0.1059756669691717 0
31 0.1375 -0.09277369279975445 0
32 0.1375 -0.08089235810905959 0
33 0.1375 -0.07019955275018969 0
34 0.1375 -0.06057638608488833 0
35 0.1375 -0.05191585693217482 0
36 0.1375 -0.04412166957964495 0
37 0.1375 -0.03710716204636691 0
38 0.1375 -0.03079433766363932 0
39 0.1375 -0.02511300774761829 0
40 -0.1375 -0.2223907881311759 0
41 -0.1375 -0.1975434137475914 0
42 -0.1375 -0.1751816091307258 0
43 -0.1375 -0.1550567303337649 0
44 -0.1375 -0.1369450129109472 0
45 -0.1375 -0.1206450714428544 0
46 -0.1375 -0.1059756669691717 0
47 -0.1375 -0.09277369279975445 0
48 -0.1375 -0.08089235810905959 0
49 -0.1375 -0.07019955275018969 0
50 -0.1375 -0.06057638608488833 0
51 -0.1375 -0.05191585693217482 0
52 -0.1375 -0.04412166957964495 0
53 -0.1375 -0.03710716204636691 0
54 -0.1375 -0.03079433766363932 0
55 -0.1375 -0.02511300774761829 0
56 0.04700000000000081 0 0
57 0.04650000000000596 0 0
58 0.04600000000000488 0 0
59 0.04550000000001003 0 0
60 0.04500000000001084 0 0
61 0.04450000000000623 0 0
62 0.04400000000000785 0 0
63 0.04350000000000297 0 0
64 0.0430000000000046 0 0
65 0.03700000000000009 0 0
66 0.03650000000000154 0 0
67 0.03600000000000146 0 0
68 0.03550000000000172 0 0
69 0.03500000000000317 0 0
70 0.03450000000000293 0 0
71 0.03400000000000335 0 0
72 0.0335000000000048 0 0
73 0.03300000000000624 0 0
74 0.03250000000000769 0 0
75 0.03200000000000913 0 0
76 0.03150000000001259 0 0
77 0.03100000000001474 0 0
78 0.03050000000001618 0 0
79 0.03000000000001763 0 0
80 0.02950000000001908 0 0
81 0.02900000000002052 0 0
82 0.02850000000002197 0 0
83 0.02800000000002342 0 0
84 0.02750000000002487 0 0
85 0.02700000000002631 0 0
86 0.02650000000002776 0 0
87 0.02600000000002921 0 0
88 0.02550000000003065 0 0
89 0.0250000000000321 0 0
90 0.02450000000003354 0 0
91 0.02400000000003499 0 0
92 0.02350000000003591 0 0
93 0.02300000000003653 0 0
94 0.02250000000003798 0 0
95 0.02200000000003942 0 0
96 0.02150000000004087 0 0
97 0.02100000000004231 0 0
98 0.02050000000004375 0 0
99 0.0200000000000452 0 0
100 0.01950000000004664 0 0
101 0.01900000000004799 0 0
102 0.0185000000000477 0 0
103 0.01800000000004683 0 0
104 0.01750000000004578 0 0
105 0.01700000000004376 0 0
106 0.01650000000004288 0 0
107 0.01600000000004174 0 0
108 0.01550000000003979 0 0
109 0.01500000000003892 0 0
110 0.01450000000003771 0 0
111 0.01400000000003583 0 0
112 0.01350000000003497 0 0
113 0.01300000000003367 0 0
114 0.01250000000003187 0 0
115 0.01200000000003101 0 0
116 0.01150000000002963 0 0
117 0.01100000000002792 0 0
118 0.01050000000002705 0 0
119 0.01000000000002559 0 0
120 0.009500000000023961 0 0
121 0.009000000000022903 0 0
122 0.00850000000002088 0 0
123 0.008000000000020002 0 0
124 0.007500000000018867 0 0
125 0.007000000000016916 0 0
126 0.006500000000016045 0 0
127 0.006000000000015861 0 0
128 0.005500000000014993 0 0
129 0.005000000000012862 0 0
130 0.004500000000011904 0 0
131 0.004000000000011036 0 0
132 0.003500000000008809 0 0
133 0.003000000000007941 0 0
134 0.002500000000007066 0 0
135 0.002000000000004838 0 0
136 0.00150000000000397 0 0
137 0.001000000000003103 0 0
138 0.0005000000000008747 0 0
139 -0.04299999999999918 0 0
140 -0.04349999999999404 0 0
141 -0.04399999999999512 0 0
142 -0.04449999999998997 0 0
143 -0.04499999999998916 0 0
144 -0.04549999999999377 0 0
145 -0.04599999999999214 0 0
146 -0.04649999999999702 0 0
147 -0.04699999999999539 0 0
148 -0.03799999999999919 0 0
149 -0.03849999999999946 0 0
150 -0.03899999999999756 0 0
151 -0.03949999999999349 0 0
152 -0.03999999999999322 0 0
153 -0.04049999999999566 0 0
154 -0.04099999999999702 0 0
155 -0.04149999999999783 0 0
156 -0.04200000000000081 0 0
157 0.042 0 0
158 0.04150000000000162 0 0
159 0.04100000000000271 0 0
160 0.04050000000000325 0 0
161 0.04000000000000813 0 0
162 0.03950000000000758 0 0
163 0.03900000000000541 0 0
164 0.03850000000000379 0 0
165 0.03800000000000271 0 0
166 -0.04800211085100772 0 0
167 -0.04852943317223094 0 0
168 -0.04908323294462113 0 0
169 -0.04966483954262853 0 0
170 -0.05027564929299329 0 0
171 -0.05091712839829764 0 0
172 -0.0515908169345418 0 0
173 -0.05229833200645413 0 0
174 -0.05304137239149196 0 0
175 -0.05382172142268658 0 0
176 -0.0546412525593495 0 0
177 -0.05550193350351394 0 0
178 -0.05640582998789746 0 0
179 -0.05735511201012202 0 0
180 -0.05835205874803702 0 0
181 -0.05939906303580349 0 0
182 -0.06049863868478599 0 0
183 -0.06165342516898118 0 0
184 -0.06286619469775934 0 0
185 -0.06413985867609941 0 0
186 -0.06547747476928098 0 0
187 -0.06688225399836129 0 0
188 -0.06835756904288867 0 0
189 -0.0699069608369037 0 0
190 -0.07153414923862225 0 0
191 -0.07324304043880114 0 0
192 -0.07503773721031684 0 0
193 -0.07692254724580451 0 0
194 -0.07890199604606649 0 0
195 -0.08098083500722711 0 0
196 -0.08316405454414388 0 0
197 -0.08545689588231561 0 0
198 -0.08786486342097634 0 0
199 -0.09039373771955024 0 0
200 -0.09304958919358244 0 0
201 -0.09583879411879634 0 0
202 -0.09876804862352605 0 0
203 -0.1018443834031744 0 0
204 -0.1050751843234536 0 0
205 -0.1084682071343549 0 0
206 -0.1120315969994047 0 0
207 -0.1157739091833557 0 0
208 -0.1197041263510519 0 0
209 -0.1238316841943916 0 0
210 -0.1281664915654744 0 0
211 -0.1327189541370487 0 0
212 0.1327189541370813 0 0
213 0.1281664915655371 0 0
214 0.123831684194483 0 0
215 0.119704126351171 0 0
216 0.1157739091834995 0 0
217 0.1120315969995701 0 0
218 0.10846820713454 0 0
219 0.1050751843236562 0 0
220 0.1018443834033922 0 0
221 0.09876804862375732 0 0
222 0.09583879411903912 0 0
223 0.09304958919383524 0 0
224 0.09039373771978854 0 0
225 0.08786486342119521 0 0
226 0.08545689588251656 0 0
227 0.08316405454432793 0 0
228 0.08098083500739553 0 0
229 0.07890199604622045 0 0
230 0.07692254724594501 0 0
231 0.07503773721044474 0 0
232 0.07324304043891743 0 0
233 0.07153414923872747 0 0
234 0.06990696083699888 0 0
235 0.06835756904297437 0 0
236 0.06688225399843839 0 0
237 0.06547747476935005 0 0
238 0.06413985867616107 0 0
239 0.06286619469781402 0 0
240 0.06165342516902947 0 0
241 0.06049863868482841 0 0
242 0.05939906303584049 0 0
243 0.05835205874806949 0 0
244 0.05735511201015113 0 0
245 0.05640582998792361 0 0
246 0.0555019335035373 0 0
247 0.05464125255937016 0 0
248 0.05382172142270465 0 0
249 0.05304137239150773 0 0
250 0.05229833200646748 0 0
251 0.05159081693455292 0 0
252 0.05091712839830655 0 0
253 0.0502756492930003 0 0
254 0.04966483954263383 0 0
255 0.04908323294462488 0 0
256 0.04852943317223329 0 0
257 0.04800211085100889 0 0
258 0.02749999999993932 -0.25 0
259 0.05499999999985217 -0.25 0
260 0.08249999999985069 -0.25 0
261 0.1099999999999226 -0.25 0
262 -0.0004999999999990605 0 0
263 -0.0009999999999981265 0 0
264 -0.001499999999997067 0 0
265 -0.001999999999995969 0 0
266 -0.002499999999995027 0 0
267 -0.002999999999994271 0 0
268 -0.003499999999993471 0 0
269 -0.00399999999999268 0 0
270 -0.0044999999999918 0 0
271 -0.004999999999990728 0 0
272 -0.005499999999989269 0 0
273 -0.005999999999987809 0 0
274 -0.006499999999986352 0 0
275 -0.006999999999985043 0 0
276 -0.007499999999983772 0 0
277 -0.007999999999982315 0 0
278 -0.008499999999980854 0 0
279 -0.008999999999979398 0 0
280 -0.009499999999977939 0 0
281 -0.009999999999976481 0 0
282 -0.01049999999997502 0 0
283 -0.01099999999997356 0 0
284 -0.0114999999999721 0 0
285 -0.01199999999997064 0 0
286 -0.01249999999996919 0 0
287 -0.01299999999996773 0 0
288 -0.01349999999996627 0 0
289 -0.01399999999996508 0 0
290 -0.01449999999996403 0 0
291 -0.01499999999996257 0 0
292 -0.01549999999996111 0 0
293 -0.01599999999995965 0 0
294 -0.0164999999999582 0 0
295 -0.01699999999995674 0 0
296 -0.01749999999995529 0 0
297 -0.01799999999995383 0 0
298 -0.01849999999995247 0 0
299 -0.01899999999995275 0 0
300 -0.0194999999999536 0 0
301 -0.01999999999995464 0 0
302 -0.02049999999995665 0 0
303 -0.02099999999995752 0 0
304 -0.02149999999995864 0 0
305 -0.02199999999996059 0 0
306 -0.02249999999996144 0 0
307 -0.02299999999996264 0 0
308 -0.02349999999996451 0 0
309 -0.02399999999996537 0 0
310 -0.02449999999996664 0 0
311 -0.02499999999996843 0 0
312 -0.02549999999996928 0 0
313 -0.02599999999997064 0 0
314 -0.02649999999997235 0 0
315 -0.0269999999999732 0 0
316 -0.02749999999997465 0 0
317 -0.02799999999997627 0 0
318 -0.02849999999997732 0 0
319 -0.02899999999997933 0 0
320 -0.02949999999998019 0 0
321 -0.02999999999998132 0 0
322 -0.03049999999998326 0 0
323 -0.03099999999998411 0 0
324 -0.03149999999998428 0 0
325 -0.03199999999998514 0 0
326 -0.03249999999998725 0 0
327 -0.03299999999998821 0 0
328 -0.03349999999998907 0 0
329 -0.03399999999999127 0 0
330 -0.03449999999999213 0 0
331 -0.034999999999993 0 0
332 -0.03549999999999521 0 0
333 -0.03599999999999607 0 0
334 -0.03649999999999693 0 0
335 -0.03699999999999914 0 0
336 -0.1327371292171343 -0.02 0
337 -0.128117530173853 -0.02 0
338 -0.1236368937261701 -0.02 0
339 -0.1192910414088035 -0.02 0
340 -0.1150759182968277 -0.02 0
341 -0.1109875913675188 -0.02 0
342 -0.1070222466614884 -0.02 0
343 -0.1031761847800489 -0.02 0
344 -0.0994458176191029 -0.02 0
345 -0.09582766453447256 -0.02 0
346 -0.09231834983113191 -0.02 0
347 -0.08891460051373201 -0.02 0
348 -0.08561324001592618 -0.02 0
349 -0.08241118893399327 -0.02 0
350 -0.07930545943804149 -0.02 0
351 -0.07629315428102341 -0.02 0
352 -0.07337146344965206 -0.02 0
353 -0.07053766101157724 -0.02 0
354 -0.06778910318436096 -0.02 0
355 -0.06512322526469913 -0.02 0
356 -0.06253753979357286 -0.02 0
357 -0.06002963597442063 -0.02 0
358 -0.05759717255480529 -0.02 0
359 -0.05523788141821233 -0.02 0
360 -0.05294956082702916 -0.02 0
361 -0.05073007484364142 -0.02 0
362 -0.04857735441620499 -0.02 0
363 -0.04648939071450722 -0.02 0
364 -0.04446423594706045 -0.02 0
365 -0.04205355333656732 -0.01821421334626931 0
366 -0.04163700376660658 -0.01654801506642635 0
367 -0.04124834934417182 -0.01499339737668728 0
368 -0.04088572192537345 -0.01354288770149382 0
369 -0.04054737857890636 -0.01218951431562547 0
370 -0.04023169306098047 -0.01092677224392188 0
371 -0.0399371480876753 -0.009748592350701199 0
372 -0.03966232789378491 -0.008649311575139665 0
373 -0.0394059115861107 -0.007623646344442802 0
374 -0.03916666671635048 -0.00666666686540195 0
375 -0.03894344336657125 -0.005773773466285029 0
376 -0.03873516856136167 -0.004940674245446674 0
377 -0.03854084133787726 -0.004163365351509036 0
378 -0.03835952762525047 -0.003438110501001897 0
379 -0.03819035594272091 -0.002761423770883637 0
380 -0.03803251320484199 -0.002130052819367945 0
381 -0.03788524070111544 -0.001540962804461747 0
382 -0.0377478305948909 -0.0009913223795635778 0
383 -0.03761962243801641 -0.0004784897520656445 0
384 -0.1375 -0.01500000000001067 0
385 -0.1375 -0.01000000000002644 0
386 -0.1375 -0.005000000000013391 0
387 0.04205355333656732 -0.01821421334626931 0
388 0.04163700376660658 -0.01654801506642635 0
389 0.04124834934417182 -0.01499339737668728 0
390 0.04088572192537345 -0.01354288770149382 0
391 0.04054737857890636 -0.01218951431562547 0
392 0.04023169306098047 -0.01092677224392188 0
393 0.0399371480876753 -0.009748592350701199 0
394 0.03966232789378491 -0.008649311575139665 0
395 0.0394059115861107 -0.007623646344442802 0
396 0.03916666671635048 -0.00666666686540195 0
397 0.03894344336657125 -0.005773773466285029 0
398 0.03873516856136167 -0.004940674245446674 0
399 0.03854084133787726 -0.004163365351509036 0
400 0.03835952762525047 -0.003438110501001897 0
401 0.03819035594272091 -0.002761423770883637 0
402 0.03803251320484199 -0.002130052819367945 0
403 0.03788524070111544 -0.001540962804461747 0
404 0.0377478305948909 -0.0009913223795635778 0
405 0.03761962243801641 -0.0004784897520656445 0
406 0.04446423594705372 -0.02 0
407 0.0464893907144931 -0.02 0
408 0.04857735441618265 -0.02 0
409 0.05073007484361156 -0.02 0
410 0.0529495608269916 -0.02 0
411 0.0552378814181658 -0.02 0
412 0.05759717255474654 -0.02 0
413 0.06002963597434897 -0.02 0
414 0.06253753979348774 -0.02 0
415 0.0651232252645999 -0.02 0
416 0.06778910318424632 -0.02 0
417 0.07053766101144665 -0.02 0
418 0.07337146344950463 -0.02 0
419 0.07629315428085878 -0.02 0
420 0.07930545943785797 -0.02 0
421 0.0824111889337901 -0.02 0
422 0.085613240015702 -0.02 0
423 0.08891460051348615 -0.02 0
424 0.09231834983088924 -0.02 0
425 0.09582766453424546 -0.02 0
426 0.09944581761889357 -0.02 0
427 0.1031761847798578 -0.02 0
428 0.1070222466613179 -0.02 0
429 0.1109875913673702 -0.02 0
430 0.1150759182967018 -0.02 0
431 0.1192910414087024 -0.02 0
432 0.1236368937260958 -0.02 0
433 0.1281175301738042 -0.02 0
434 0.1327371292171078 -0.02 0
435 0.1375 -0.01500000000001067 0
436 0.1375 -0.01000000000002644 0
437 0.1375 -0.005000000000013391 0
438 -0.0425 0.000576461639176327 0
439 -0.0425 0.001379983097925179 0
440 0.0425 0.000576461639176327 0
441 0.0425 0.001379983097925179 0
442 0.04103448275862372 0.0025 0
443 0.03956896551724745 0.0025 0
444 0.03810344827586949 0.0025 0
445 0.03663793103449084 0.0025 0
446 0.03517241379311736 0.0025 0
447 0.03370689655174437 0.0025 0
448 0.03224137931037015 0.0025 0
449 0.03077586206899387 0.0025 0
450 0.02931034482762013 0.0025 0
451 0.02784482758624608 0.0025 0
452 0.0263793103448698 0.0025 0
453 0.02491379310349352 0.0025 0
454 0.02344827586211725 0.0025 0
455 0.02198275862074273 0.0025 0
456 0.02051724137936645 0.0025 0
457 0.01905172413798421 0.0025 0
458 0.01758620689660195 0.0025 0
459 0.01612068965521706 0.0025 0
460 0.01465517241383066 0.0025 0
461 0.01318965517244841 0.0025 0
462 0.01172413793106616 0.0025 0
463 0.01025862068968105 0.0025 0
464 0.008793103448296223 0.0025 0
465 0.007327586206913969 0.0025 0
466 0.005862068965531722 0.0025 0
467 0.004396551724149468 0.0025 0
468 0.002931034482767221 0.0025 0
469 0.001465517241384974 0.0025 0
470 -0.001465517241376516 0.0025 0
471 -0.002931034482752754 0.0025 0
472 -0.004396551724130047 0.0025 0
473 -0.005862068965506332 0.0025 0
474 -0.007327586206881085 0.0025 0
475 -0.008793103448254827 0.0025 0
476 -0.01025862068963039 0.0025 0
477 -0.01172413793100664 0.0025 0
478 -0.0131896551723807 0.0025 0
479 -0.01465517241375439 0.0025 0
480 -0.01612068965513064 0.0025 0
481 -0.01758620689650689 0.0025 0
482 -0.01905172413788315 0.0025 0
483 -0.02051724137925764 0.0025 0
484 -0.02198275862063389 0.0025 0
485 -0.02344827586201612 0.0025 0
486 -0.02491379310339834 0.0025 0
487 -0.02637931034478321 0.0025 0
488 -0.02784482758616958 0.0025 0
489 -0.02931034482755181 0.0025 0
490 -0.03077586206893403 0.0025 0
491 -0.03224137931031912 0.0025 0
492 -0.03370689655170393 0.0025 0
493 -0.03517241379308615 0.0025 0
494 -0.03663793103446838 0.0025 0
495 -0.0381034482758506 0.0025 0
496 -0.03956896551723282 0.0025 0
497 -0.04103448275861506 0.0025 0
498 -0.000381477388314905 -0.0336426647809237 0
499 0.01201221461870962 -0.007577981209516616 0
500 -0.009139621359487222 -0.005906182604497069 0
501 0.01195687947044519 -0.004213193693760701 0
502 -0.01429556211249585 -0.005448321812612791 0
503 0.02294008553706936 -0.01355442520021335 0
504 -0.01976028775014444 -0.01329249147689704 0
505 0.01585403554751916 -0.005048735293507431 0
506 -0.0212405256750438 -0.00781223858292378 0
507 -0.02289101053513407 -0.007249651740169971 0
508 0.02353520732681104 -0.007610820526395212 0
509 -0.02694197737630476 -0.009277414916185146 0
510 0.02508247622087704 -0.007304604018519606 0
511 -0.02853747138083856 -0.01062265834385042 0
512 0.02858064286420553 -0.008439176245481886 0
513 -0.0310673490945176 -0.01104257081662898 0
514 0.03156471535605791 -0.01115519748375501 0
515 -0.0337724909734031 -0.01093944585488533 0
516 0.03407119062205575 -0.01191796424035384 0
517 -0.02539423965786914 -0.004075708187881502 0
518 0.03042876101217466 -0.007897970070688242 0
519 -0.02966527916926231 -0.006806592643420199 0
520 -0.02882381410859805 -0.004941338060074103 0
521 0.03148502460885235 -0.008043970025222358 0
522 -0.03374212833011062 -0.007896197648273923 0
523 0.03529803602672141 -0.009640884584591676 0
524 0.03023099816243316 -0.004579448398609955 0
525 0.0327034218983792 -0.006767883483220813 0
526 -0.03037661167071963 -0.002312465856719784 0
527 0.03016359161555746 -0.001897518228535985 0
528 0.03420052712862011 -0.006157120030862697 0
529 0.03421954289720604 -0.005112027628011383 0
530 -0.03403864398551359 -0.005018501234982399 0
531 0.03506125309050677 -0.004568366243953977 0
532 0.0352691230806623 -0.003608966300069746 0
533 -0.03389952881327638 -0.003220601028442291 0
534 0.09804668253317679 -0.09777858794313395 0
535 -0.09801746129173157 -0.09788693490330343 0
536 0.09682527580649057 -0.06945496262062088 0
537 -0.09681317888782977 -0.06949581052573557 0
538 -0.03610180789306526 -0.003418342683395068 0
539 0.03472721393876469 -0.002464098963190543 0
540 0.07853878769124269 -0.04248985848623121 0
541 -0.07852522523271266 -0.04252114150345099 0
542 0.09703551661964943 -0.04569686721649344 0
543 -0.09703263990888816 -0.04570599065044436 0
544 0.03624971735152835 -0.001915210414742065 0
545 -0.03538709441193834 -0.002269575370152191 0
546 -0.03699642266386719 -0.002543400406047767 0
547 0.1098822737576514 -0.05066663098790283 0
548 -0.1098812077895705 -0.05067030537345919 0
549 -0.0356787245327546 -0.0009992376173446765 0
550 0.111368046778175 -0.03439401407439923 0
551 -0.1113679539308635 -0.03439435803187547 0
552 -0.03685354562543719 -0.001825598655523554 0
553 0.03650864437912571 -0.0008302555037200365 0
554 0.1249047422088673 -0.03172645748816603 0
555 -0.124904717796288 -0.03172654971385062 0
556 0.09876135988126154 -0.1853171154610438 0
557 -0.0874155793989828 -0.1922673492664731 0
558 0.1156442157801993 -0.2050919149661075 0
559 -0.1126049289410933 -0.2040807243807741 0
560 -0.0366325528837153 -0.0004702220368680451 0
561 0.03693359018021699 -0.0003846724903842046 0
562 0.01361553922179617 -0.005431785169620214 0
563 -0.02393807569103432 -0.01306988685037513 0
564 -0.01256584216608992 -0.002418989260158571 0
565 -0.01411830770361155 -0.003873092272508499 0
566 0.01391498978485518 -0.00268356702057346 0
567 0.02539842760806775 -0.01206282690328694 0
568 -0.01699025479481858 -0.004688117183407866 0
569 -0.01871915035377557 -0.005011394120991924 0
570 0.01645282970884612 -0.003472949671734772 0
571 0.02449733930206256 -0.03758219614503242 0
572 -0.0236488033552472 -0.03743048543972275 0
573 -0.01712019393488273 -0.003138358391150943 0
574 -0.019388062961293 -0.003445800847597831 0
575 -0.01784729662274386 -0.002937597062217453 0
576 0.01930942233489743 -0.004558510095477197 0
577 0.02033147387727765 -0.003452840465552017 0
578 -0.0194321266063502 -0.002710516548804903 0
579 0.02073567392193737 -0.005109838002075638 0
580 -0.0215688484139009 -0.003898190885976991 0
581 0.02025554714370253 -0.00219255865324156 0
582 -0.02423746038826293 -0.003977769461444693 0
583 0.0222031274995132 -0.002391790019520113 0
584 0.02281067376507379 -0.005058735927492379 0
585 0.02372722344796929 -0.003515175586568665 0
586 -0.008279335176955054 -0.001756806346083232 0
587 0.01132577191779947 -0.002130482865614884 0
588 0.02525126760148843 -0.00270435272955453 0
589 -0.004455601483156564 -0.003099920825630655 0
590 -0.04653971942154576 -0.08328005021485095 0
591 0.04690025872568828 -0.08304299424359259 0
592 0.0280496801417295 -0.004566498046297679 0
593 0.009147589404233672 -0.003565227757816794 0
594 0.01481216517865278 -0.08612622680021956 0
595 0.03047398285168051 -0.01833251182529685 0
596 -0.02865465086868679 -0.01911731519790066 0
597 -0.003055573747163445 -0.007558590779717387 0
598 -0.009190480739896178 -0.002744569564729169 0
599 0.00367914712639113 -0.005689659518180036 0
600 0.001600287649869429 -0.01028554267103169 0
601 -0.001036150858398981 -0.01044487167036076 0
602 -0.0003214992959577836 -0.007502937883051544 0
603 0.007524923926825602 -0.001515646369005811 0
604 -0.006767498994496676 -0.002182794681446962 0
605 0.06347829342012133 -0.05151775200682843 0
606 -0.0633996347616899 -0.05158981542561467 0
607 0.02922829016316652 -0.003481215445622854 0
608 -0.03194268392512727 -0.01397895031294631 0
609 0.01266951123614427 -0.002309173551817179 0
610 -0.007690915071655076 -0.001514200827620068 0
611 0.009253871035883168 -0.00155822534947436 0
612 -0.02134100109939533 -0.001678422063830464 0
613 0.01663187129319169 -0.007795473119451165 0
614 0.03440348568985027 -0.01473790386388126 0
615 -0.01652046493930496 -0.009044013919733456 0
616 0.03637060858315393 -0.01394606493251302 0
617 -0.0366517699938994 -0.01372755404025444 0
618 -0.02291439544446481 -0.001721755177474743 0
619 0.02125205934973535 -0.008305805124332473 0
620 -0.01038573510285005 -0.01376463848648651 0
621 -0.0315026908139571 -0.001683595017303346 0
622 0.009886049614449575 -0.01449875900127483 0
623 0.02732299289375604 -0.001260325459627454 0
624 0.01735344088492698 -0.01447048273127321 0
625 -0.02522144601795091 -0.001706584097387792 0
626 0.03642540261108754 -0.01210500952780311 0
627 -0.07894619206307943 -0.07520087450963608 0
628 0.07901276380745072 -0.075074245974578 0
629 -0.03203793735921856 -0.002881680183538238 0
630 -0.02812155939250155 -0.001383084116712513 0
631 0.03190334444877862 -0.001781203926831302 0
632 -0.03818425441168264 -0.01041224567958294 0
633 -0.04022017276015986 -0.01629162079973264 0
634 -0.03272320559597103 -0.002441026153961409 0
635 -0.02721988808703446 -0.001932950825892962 0
636 -0.02901392866629091 -0.007412832112997553 0
637 0.03835129878689619 -0.01393778975259085 0
638 -0.03585095718225563 -0.009410359388826674 0
639 0.02877643235256438 -0.001599406226706718 0
640 0.03348420242233324 -0.002029103179608657 0
641 0.1011537964330606 -0.03660939490470244 0
642 -0.1011536086954518 -0.03661012219728865 0
643 -0.03939620370859743 -0.01297630857131932 0
644 -0.02676152991274061 -0.006006170186298294 0
645 -0.02862278928475848 -0.001456149990483304 0
646 0.03577836848955881 -0.007594302462440185 0
647 -0.02647231022223065 -0.00130185861270318 0
648 0.0377840732976478 -0.01268264871414553 0
649 -0.03307593660992393 -0.0008781061165024374 0
650 -0.03751367638085347 -0.006542795583783329 0
651 0.0374450526958868 -0.006730367207762363 0
652 -0.02852396191515519 -0.005725711963960275 0
653 -0.03592148999997528 -0.005584917257172435 0
654 0.03592486245260798 -0.005728461129374403 0
655 -0.02964156289598182 -0.002141460241639852 0
656 0.03362989499487282 -0.0006397221791718189 0
657 0.02873390471783806 -0.0004550588412391618 0
658 -0.08412796734790205 -0.05723514910195086 0
659 0.08415338007800151 -0.05718113218247688 0
660 0.03255176462713925 -0.004113800487095039 0
661 -0.03414043910893594 -0.001856021998404492 0
662 -0.03667526903734349 -0.005419025140071494 0
663 0.0371139929587903 -0.005008923449913238 0
664 -0.03074074024534338 -0.004940615021883992 0
665 0.03936750852772533 -0.01296525670968983 0
666 -0.0364893815663454 -0.003864670995482745 0
667 -0.02920442565807422 -0.0008412298008276315 0
668 0.03701755027792247 -0.004038030544781226 0
669 0.03453418875276166 -0.001250050953201067 0
670 -0.03249840143260711 -0.004321345734911577 0
671 0.02543825150920644 -0.1923182604151541 0
672 0.09022334765053125 -0.04241999509836464 0
673 -0.09021803599753449 -0.04243567003126621 0
674 -0.0345945265002886 -0.0007967737876886809 0
675 -0.01635044285956444 -0.1900593409334814 0
676 0.03635529241312312 -0.002750418641442833 0
677 0.02963255476674335 -0.0008747072661314411 0
678 0.03171261816379976 -0.005869744164499505 0
679 0.1159944302582774 -0.08134330888414591 0
680 -0.1159844678557356 -0.08137611650507155 0
681 -0.03115287040811061 -0.00564449264281557 0
682 0.03028396253696665 -0.006222988360737316 0
683 -0.06354300760090124 -0.02907349222649265 0
684 0.06355757923300392 -0.02905710656975079 0
685 0.03554538130712818 -0.0008708815060390865 0
686 -0.08805833813727215 -0.0954426490198136 0
687 0.08621347884172709 -0.09567507014573105 0
688 -0.03249602875644876 -0.009319794321331289 0
689 0.1100606392170754 -0.1314187993302905 0
690 -0.109740983425871 -0.1317554182726929 0
691 0.03899438979531809 -0.01161000928282804 0
692 0.03065206554640724 -0.0005245665683043729 0
693 0.08301745734468917 -0.1528636961465608 0
694 -0.0824814865314064 -0.1531735790088058 0
695 0.06095744553503104 -0.1711022390258828 0
696 -0.04979911083637418 -0.1693203069723828 0
697 -0.05802107541070865 -0.1328816492462452 0
698 0.03755263668940841 -0.002259027860572339 0
699 0.03762683984818302 -0.009214187466533685 0
700 -0.05592520642472999 -0.2105852445712838 0
701 0.1238203518739843 -0.054195189777732 0
702 -0.1238193472515246 -0.05419878961489841 0
703 0.01180342994994664 -0.005020224916208076 0
704 -0.02633972992050601 -0.002677059884218963 0
705 0.1253835569354478 -0.100771279391729 0
706 -0.1253650560777148 -0.1008130782970728 0
707 -0.1028868704416541 -0.05451754328702901 0
708 0.1028902015844124 -0.05450644395136316 0
709 0.03601222716305101 -0.0007140365556125044 0
710 -0.1043713433003156 -0.02470173205762436 0
711 0.1043714646373893 -0.02470128249349901 0
712 -0.01231497004754815 -0.006254880098101927 0
713 -0.1164280901768382 -0.02664330387859223 0
714 0.1164281135356932 -0.02664321499775613 0
715 -0.03689724667681966 -0.003347409067411056 0
716 0.03731634166401448 -0.0015342383735869 0
717 -0.0001137753234530459 -0.1347885486613253 0
718 -0.03610322367630746 -0.001494411598251265 0
719 -0.02935196948953894 -0.005901655479459857 0
720 -0.02786296202287591 -0.004455972278699549 0
721 -0.03578864031604197 -0.004024775749235704 0
722 -0.0361720774465727 -0.000816009589311498 0
723 -0.03768361021113577 -0.002877646155297748 0
724 0.03054355906514944 -0.00291443407007673 0
725 -0.03533181414175091 -0.001660057041458279 0
726 -0.08603437972433696 -0.1110886830912662 0
727 0.08847250312762855 -0.1101443921516291 0
728 -0.03041705189671697 -0.008819126100897596 0
729 0.126374356049483 -0.03934160274231196 0
730 -0.1263742349433773 -0.03934204673889973 0
731 -0.1163284212370645 -0.1689170390375904 0
732 0.1160475550715467 -0.1686368119122512 0
733 0.03269744192672565 -0.01005463249524759 0
734 -0.03617019242514578 -0.002262234413991431 0
735 0.1085985765094407 -0.0449454555982534 0
736 -0.1085980785702546 -0.0449471843374669 0
737 -0.09388025194854312 -0.08676885664110925 0
738 0.09390851422358155 -0.08667058796060909 0
739 -0.035316293332162 -0.00338629006181579 0
740 0.03713833777661701 -0.0009077161507001448 0
741 0.1140704447337344 -0.04545291704784109 0
742 -0.1140698953153349 -0.04545485626414503 0
743 0.07368248330160185 -0.2154031287019691 0
744 -0.09568004524345167 -0.2331853888201324 0
745 -0.0315984055998593 -0.007341177748841936 0
746 0.03628455680459944 -0.0003824019990055628 0
747 0.1035347120464068 -0.04788066018590641 0
748 -0.1035330369812238 -0.04788622033487013 0
749 0.03522197501381464 -0.002020546073779111 0
750 0.1160564166147042 -0.03903511217100643 0
751 -0.1160562103691907 -0.03903585209541208 0
752 0.03213233168136059 -0.00727934549527112 0
753 -0.03746605898050855 -0.002046556766021293 0
754 -0.03642583244558881 -0.002921727831501205 0
755 0.1308898251227791 -0.02829164648374767 0
756 -0.1308898171650884 -0.02829167668166685 0
757 -0.0356957758867938 -0.002849275920187814 0
758 -0.0350841464863235 -0.002753188866575051 0
759 0.02300944318994404 -0.009557006711871008 0
760 -0.03677669619323663 -0.001093924618166091 0
761 -0.03734502147665374 -0.001361679755428997 0
762 -0.03724906114085261 -0.000627687985758539 0
763 -0.12130321563649 -0.03761336108234085 0
764 0.1213033608407667 -0.03761283462953972 0
765 -0.04417756767027128 -0.04011021124418118 0
766 0.04414238734068587 -0.03980142660131358 0
767 -0.01447231594568995 -0.002464988150383912 0
768 0.006021837099868538 -0.05019009475974364 0
769 -0.01595170547700963 -0.002199906430505606 0
770 -0.005205768527958919 -0.0502067332576397 0
771 0.01743495901998717 -0.001809837322296708 0
772 0.01923776089335428 -0.002725137226134693 0
773 -0.0331927337708881 -0.02779386594531428 0
774 -0.03684195640820196 -0.05950709127435624 0
775 0.03712312464768581 -0.05948977424054475 0
776 0.02131275998617495 -0.00245660891499617 0
777 0.03401459154700574 -0.02564121326388057 0
778 0.00805247682623589 -0.006389086614722507 0
779 -0.00264436994018976 -0.003719321162428488 0
780 0.009077860139083243 -0.004502308750251316 0
781 -0.02029790116025766 -0.01795828135876057 0
782 -0.02171154213609496 -0.0647243585802538 0
783 0.02257592213597512 -0.06434438969396637 0
784 -0.00107259340044921 -0.003690297433780815 0
785 0.001346526983193287 -0.004617294971126092 0
786 -6.795231996847414e-05 -0.002510807045602226 0
787 0.001467915140844176 -0.002716332559696251 0
788 0.003153261546016875 -0.003003870527437323 0
789 -0.01633312846345232 -0.01284232954194053 0
790 -0.01525799099368255 -0.02140887537860303 0
791 -0.05623897058456798 -0.02973512091488921 0
792 0.05627246752989461 -0.02971892806119507 0
793 0.01388797836215385 -0.02139272168208753 0
794 0.01850649724012786 -0.002102720200746903 0
795 -0.02525053397314323 -0.02178477223853766 0
796 -8.832720951071274e-05 -0.01668965034056393 0
797 -0.01212240244663052 -0.001881974428505238 0
798 -0.01497289627549227 -0.001074550622981832 0
799 0.01815329706740998 -0.001086595317653386 0
800 -0.002118687741754176 -0.001395540588201712 0
801 0.005885106769301698 -0.009301607784167975 0
802 -0.006578269536359767 -0.004157662900182403 0
803 -0.0174746639278929 -0.0008116536981556711 0
804 -0.006338436428784489 -0.007105881326443527 0
805 -0.03564734499522072 -0.01786842335498724 0
806 0.004178622434506576 -0.01348151606925443 0
807 -0.008736568475182763 -0.03186985249030978 0
808 0.03579608475090049 -0.01969603404244076 0
809 -0.0129485653340206 -0.01060472623878468 0
810 0.005131767431894817 -0.02142224751995795 0
811 0.003379520033766615 -0.001023183017656772 0
812 -0.005538359704385916 -0.02074896623578534 0
813 -0.02503358900806719 -0.006509035196705738 0
814 -0.01708737009618325 -0.00128701821270647 0
815 -0.01134517285367324 -0.008485910621928999 0
816 -0.005270391566851049 -0.01185689373832179 0
817 -0.06356445530046247 -0.03640055061890157 0
818 0.06359649963501778 -0.03637077485497708 0
819 0.02648706674586804 -0.02145679169723231 0
820 -0.0204799757499738 -0.002213517083373538 0
821 -0.07178587534460137 -0.03276428349918631 0
822 0.07179724175286713 -0.03274333858317117 0
823 0.02275316947559158 -0.00133597739147598 0
824 0.007297186164308112 -0.003564640964683267 0
825 -0.02697416620401723 -0.02575809075331391 0
826 0.02573111698164415 -0.0161625460370709 0
827 0.02098477314417099 -0.001032411636293957 0
828 -0.01601128145690039 -0.0008521536171766132 0
829 0.02910329197299572 -0.01203217195413193 0
830 -0.01169743313837475 -0.0009569227444555626 0
831 0.004326885083049912 -0.001417501826486787 0
832 0.01922006782906564 -0.001269412567840243 0
833 -0.008640792391433666 -0.009538669314241069 0
834 -0.003271410846957169 -0.001679441367429993 0
835 -0.07316924974076031 -0.02430351628978297 0
836 0.07317190732767585 -0.0242967369453443 0
837 -0.008358745385941993 -0.004134360017583427 0
838 -0.003986000728922314 -0.005619883984126957 0
839 0.02515340235923431 -0.004498966204795962 0
840 0.008173795364372526 -0.002228558764960321 0
841 0.01000359692062207 -0.0007233401737186483 0
842 -0.0182365382442831 -0.001691671883627285 0
843 0.01350719115652337 -0.001419397548135962 0
844 0.01024542889114932 -0.001789664223070135 0
845 0.02388186788589686 -0.001498658894599267 0
846 -0.01547699469704232 -0.005304735512472688 0
847 0.02326818096199742 -0.001445793045088384 0
848 0.02744166385435652 -0.002623538292421269 0
849 0.00564714416763893 -0.001159377227921742 0
850 -0.03910409721471637 -0.01742879936343086 0
851 0.0174088845078277 -0.005315268674022725 0
852 0.006881496833904033 -0.001902358949430498 0
853 0.02164111165953674 -0.001263023650818215 0
854 0.01341891697575159 -0.01385232638909363 0
855 0.02378280800686163 -0.005019967226202115 0
856 -0.05254358736496369 -0.06412181818363812 0
857 0.05272793037027286 -0.06400805153777853 0
858 -0.02853239653538637 -0.01366335044574608 0
859 -0.02558894744503031 -0.01645732933108602 0
860 0.01022118460429531 -0.005766924653561797 0
861 0.02842109673055452 -0.01335129243808179 0
862 0.01546582189029458 -0.006238921883827324 0
863 0.02443453165061188 -0.001160068710066723 0
864 -0.003724268632627554 -0.001163736428892603 0
865 0.0145909133823011 -0.001284117614000424 0
866 -0.02045713187442362 -0.006318183012563617 0
867 0.02538107051395909 -0.001380433878834755 0
868 0.01786232517511522 -0.00348519398082122 0
869 0.01197489210782359 -0.001152495739012155 0
870 -0.009017131118383306 -0.1099493234162292 0
871 -0.01906843615708278 -0.007367813368490924 0
872 0.004435245183828132 -0.1087702299047496 0
873 0.03833120046293629 -0.1037997260611855 0
874 -0.005783996994565302 -0.001343379424564096 0
875 0.004990475078545998 -0.004491261751443039 0
876 0.01105755800736945 -0.0009854148772788136 0
877 -0.02507242037973756 -0.008587851009272118 0
878 0.02809927004906563 -0.006566027207541673 0
879 0.02207830461246914 -0.0008044197694914008 0
880 -0.01479295470069739 -0.008228448407540032 0
881 -0.009418776566018397 -0.001100763991289756 0
882 -0.01960622156783509 -0.1045863652671891 0
883 0.02770602236761378 -0.1101885108274063 0
884 0.02861618873361038 -0.002884856684971512 0
885 0.01951747817835228 -0.01052348360035027 0
886 -0.004810686802181195 -0.001246734541378657 0
887 -0.0184989498916028 -0.0003565149934876707 0
888 -0.01561751546573568 -0.003695336921574523 0
889 -0.007874170896476769 -0.002688106170498142 0
890 -0.01886863941563879 -0.008214297610800225 0
891 -0.02365309896788584 -0.002930575127010357 0
892 0.02648337114430105 -0.005749388924316068 0
893 -0.02030241436139573 -0.004626295087956985 0
894 0.01245356739368823 -0.0009265448235296238 0
895 -0.01114250309670019 -0.004870782176586869 0
896 0.03366705592586545 -0.01670442866825185 0
897 0.06026502275639399 -0.1053440576999214 0
898 -0.006908851818672626 -0.000986345872801089 0
899 -0.01114996600487429 -0.002473336003424483 0
900 -0.01588318775587103 -0.006024830194080268 0
901 0.03197877698105898 -0.002873933392578738 0
902 -0.0213282631279411 -0.002742995761743759 0
903 -0.02234416032912367 -0.002937529407820356 0
904 0.03107740289270744 -0.01439458234667558 0
905 0.03302273643743975 -0.0009642862278043011 0
906 -0.0237210769536617 -0.005378821330726754 0
907 0.02656740922808625 -0.003692312740420171 0
908 -0.0958990921325534 -0.02553961012360815 0
909 0.09589960713465398 -0.02553776186881471 0
910 -0.009779878129440757 -0.004078735825036765 0
911 0.017473668455488 -0.009667200902126992 0
912 0.009363723236957985 -0.002304911591550874 0
913 -0.02053127877765299 -0.0009308841229773905 0
914 0.02207260660087187 -0.0104772083713751 0
915 0.06881194415687809 -0.06421542590885944 0
916 -0.06873539028383742 -0.0643295021317427 0
917 -0.0219271517751939 -0.005308790202248494 0
918 0.03331719785491755 -0.01309830878826123 0
919 -0.0700272854762865 -0.02403865722521496 0
920 0.07003010239180396 -0.02403166177133164 0
921 0.06434969189470843 -0.09418651070413039 0
922 -0.03156958183319029 -0.0007801809278241636 0
923 -0.06343639620649449 -0.09305039540028588 0
924 -0.02304468964595832 -0.009866547504396731 0
925 0.02518589159492707 -0.009252848288604643 0
926 0.02237646136392917 -0.006101514606986692 0
927 -0.0251826767955126 -0.003239771794632793 0
928 -0.06474981694624941 -0.07912010504955767 0
929 0.06491990946700867 -0.078928632529287 0
930 0.01729871352370031 -0.006173121920032895 0
931 -0.03237227658219239 -0.001445928443316589 0
932 0.02683963212944333 -0.007921305489942763 0
933 0.01107460174785072 -0.1608389188580844 0
934 -0.03752409004686896 -0.008980132774922225 0
935 0.02843459184816906 -0.164197208993315 0
936 -0.02924764406348528 -0.08454201536175543 0
937 0.02947706127020199 -0.005701346884513926 0
938 0.02981522562561528 -0.08435884988831599 0
939 -0.0071868618474447 -0.0005424558048688967 0
940 -0.0288244822648095 -0.1633448741128968 0
941 -0.02436840765737254 -0.003289014301266834 0
942 0.0104802075358122 -0.002769435457946173 0
943 -0.001190958952077805 -0.1643352384232342 0
944 0.01379554982316949 -0.004259797838294142 0
945 0.02765232610282328 -0.01041452861661594 0
946 -0.01965893997051506 -0.001361263039280049 0
947 0.03254725908924475 -0.000815241752861224 0
948 0.02959730556755879 -0.007424746056774855 0
949 0.03131367085275555 -0.003266833126640202 0
950 -0.02427777957765252 -0.001091867339565875 0
951 0.01513791404758225 -0.003764789777932041 0
952 0.02265411514078063 -0.003790117790995454 0
953 0.02815875076413338 -0.001634248726044113 0
954 0.02840788788983757 -0.000813371105127149 0
955 -0.03399121036275774 -0.0006993463818625556 0
956 0.02645619641808494 -0.002049955598798945 0
957 0.03297764435422429 -0.001487970019979912 0
958 -0.02713484350494534 -0.001294286276178145 0
959 0.02415912640714605 -0.0060066319008779 0
960 -0.01842185128520613 -0.01005650024234243 0
961 -0.00554588815568879 -0.002452164845704605 0
962 0.02066468755970341 -0.01532497542237119 0
963 -0.011103857937144 -0.006452886466200484 0
964 -0.03169380314960535 -0.003813680541240676 0
965 -0.008774513367002348 -0.002154006628502206 0
966 0.02030805959910925 -0.006084455654568308 0
967 0.09698479064337868 -0.03455450049482744 0
968 -0.09698363290368812 -0.03455853999855211 0
969 0.04048904710262392 -0.01764276180911543 0
970 0.01066980546134555 -0.004107482783326788 0
971 -0.02696794064070816 -0.008141605478531207 0
972 0.02915477487833958 -0.004286323096901655 0
973 -0.02285326680592463 -0.004104543173710707 0
974 0.07634264918882722 -0.05463516259065798 0
975 0.03168670471979647 -0.0005365794879490131 0
976 -0.07630405715490579 -0.054699673021296 0
977 -0.07522729081606847 -0.09382431163802375 0
978 0.1125832754093035 -0.02514075193366271 0
979 -0.1125832429648383 -0.02514087547795418 0
980 0.07593851063044135 -0.09175124341236497 0
981 0.04791498110553917 -0.1603021276196965 0
982 0.03001591242519319 -0.002464478173957322 0
983 0.02408710548183876 -0.008639598831570994 0
984 -0.03362766772116232 -0.001320640277005238 0
985 -0.02563998176000622 -0.00205917056236258 0
986 0.03612002170227824 -0.0047518823884521 0
987 -0.03703512228136213 -0.008281614334315833 0
988 0.02631739503008412 -0.0008708534618464025 0
989 -0.02859879490134272 -0.001057648729282664 0
990 0.02964430328163203 -0.009760040720004337 0
991 0.03710554179725804 -0.01060643494913367 0
992 -0.03287331819068084 -0.001621474478755309 0
993 0.02769536632629303 -0.000596065086841545 0
994 -0.0815069505872081 -0.06676967098796534 0
995 -0.02622097086067374 -0.001944647878214982 0
996 0.08155188752856039 -0.06668192118217109 0
997 -0.03094257224328149 -0.002621568392200031 0
998 0.07646185311609735 -0.1229793529729223 0
999 -0.03157428879799276 -0.01233272326902357 0
1000 -0.03091741528652239 -0.001343990135862727 0
1001 0.03113719585635519 -0.004175541071388838 0
1002 -0.09064980922968571 -0.03626316585274787 0
1003 0.09065363649269038 -0.03625252157876447 0
1004 0.03100664895490659 -0.002486979632598194 0
1005 -0.01423774099444935 -0.004568448308959824 0
1006 0.1024460723656594 -0.03099987150671751 0
1007 -0.1024457533146932 -0.03100103288513035 0
1008 -0.02516546350227148 -0.0004517564582075631 0
1009 0.03271294240069476 -0.01482424204648457 0
1010 0.01335330949567852 -0.002369224900828388 0
1011 0.00807891994114639 -0.001170622457716882 0
1012 -0.03368800340059245 -0.009382925411011196 0
1013 0.03080664009093633 -0.009063766007582462 0
1014 -0.02159054220243474 -0.000469868703081033 0
1015 -0.0347969434179663 -0.008799407227079168 0
1016 -0.03948808692598366 -0.1525308366575652 0
1017 0.02322330177264654 -0.006652592419772865 0
1018 -0.03170203890538435 -0.004887714128684386 0
1019 -0.0260665811976126 -0.01148467651778954 0
1020 0.03611491037611399 -0.003678065110994482 0
1021 -0.02881032268049761 -0.002476153329564886 0
1022 -0.03347718129404268 -0.002097064776082762 0
1023 -0.03183317904376717 -0.005743021298447197 0
1024 -0.02774043959631509 -0.0003792141103846513 0
1025 0.04912961559924441 -0.2056203096471978 0
1026 0.03108187193219804 -0.000892677329882991 0
1027 -0.03788437399177878 -0.005019594257687299 0
1028 -0.03319199304845357 -0.002942892794118425 0
1029 0.05721063829654284 -0.1475606928975337 0
1030 0.01893670229733106 -0.007900306754437396 0
1031 0.01298978995604843 -0.006090814171896066 0
1032 -0.03320585235444153 -0.003714312426799268 0
1033 0.03450089210536556 -0.008588087828821055 0
1034 -0.05360564974607238 -0.1492931800412536 0
1035 0.01628819920754962 -0.004153758465036419 0
1036 0.03668538715837159 -0.008375411065570503 0
1037 -0.02954626456488213 -0.001403716427762041 0
1038 -0.01296253377038026 -0.004517768498077957 0
1039 -0.01827186176612724 -0.003696136325296324 0
1040 -0.1136245230547921 -0.1505455961232704 0
1041 0.03959683571965834 -0.01548932881185209 0
1042 -0.03111958653829996 -0.003155506509880688 0
1043 -0.0354339312517328 -0.01324727705056488 0
1044 -0.02991661810477139 -0.01075208027239534 0
1045 -0.03702767897402486 -0.01502604432020673 0
1046 0.0307289758773099 -0.00185976579750395 0
1047 0.07331923012096524 -0.1920654911095356 0
1048 0.03050102646048743 -0.001237366690429918 0
1049 -0.03024588931763973 -0.001554180340817544 0
1050 0.03421967153822009 -0.004323303406154694 0
1051 0.03635480011125309 -0.009571426800870256 0
1052 0.02951610022295902 -0.001907591119463405 0
1053 0.03496690241795028 -0.006784896020475027 0
1054 0.03446053339657956 -0.003101551891146533 0
1055 0.1138290952733348 -0.1501584700210761 0
1056 -0.07254246372897658 -0.04206800286930463 0
1057 -0.01891523737359819 -0.2288213486476091 0
1058 0.0725650994303441 -0.04203029862457707 0
1059 0.03120954131627756 -0.005132469819412818 0
1060 0.03730116949193137 -0.005783041201760999 0
1061 -0.02748258184896171 -0.002832524660613714 0
1062 -0.02677249661629791 -0.001711517935779967 0
1063 0.03550729674079781 -0.005243454357054578 0
1064 0.02406893973840949 -0.01294583002738174 0
1065 -0.03292892436921858 -0.01582277649123278 0
1066 0.03303666829241026 -0.003342225608267357 0
1067 -0.03486515515181771 -0.007469324410797285 0
1068 -0.03731034970366466 -0.01273012872362984 0
1069 -0.0877099250700264 -0.07156451353543526 0
1070 0.08773630384087307 -0.07148729273322522 0
1071 -0.02588445076114164 -0.003351343943461683 0
1072 0.03117703178219574 -0.006865433909990486 0
1073 0.1081219115803099 -0.02955057728399424 0
1074 -0.1081218005931731 -0.02955099055516435 0
1075 0.03464295788078331 -0.0005790001200776618 0
1076 -0.03394556624471481 -0.002564616474236344 0
1077 0.09033985828117809 -0.06317999513068022 0
1078 0.02257663067862384 -0.007203025624783508 0
1079 -0.09032276182338023 -0.06322857437712774 0
1080 0.01173339252162002 -0.003351424514573823 0
1081 -0.03412167338352564 -0.006625551068752722 0
1082 0.01475192900028403 -0.005427587798223897 0
1083 -0.02615360816354859 -0.004206930572425644 0
1084 -0.09381821197584868 -0.05604975850380426 0
1085 0.09382704414629345 -0.05602289430383923 0
1086 0.008910869033543189 -0.000525903396879024 0
1087 0.03725791168082536 -0.003384475610189776 0
1088 -0.09631328072887539 -0.1439618119091259 0
1089 -0.03483495395836259 -0.01002214850807794 0
1090 -0.0189771832992228 -0.004159579337173981 0
1091 0.01258833169905325 -0.005004577434928136 0
1092 0.005605324085174755 -0.194802910876883 0
1093 0.04193189083466174 -0.1795608590974451 0
1094 0.1174906530316431 -0.03210093180499161 0
1095 -0.1174906095679814 -0.03210109423735905 0
1096 0.01203065953603971 -0.00584065077984536 0
1097 -0.02870008894661609 -0.0004692988042617558 0
1098 0.03825060906866456 -0.01044278462301119 0
1099 0.03353280566556523 -0.001253932184195605 0
1100 0.03661214956625152 -0.006379426076122963 0
1101 0.03341895885672917 -0.004550710251333511 0
1102 -0.1164676370569712 -0.1146257386405674 0
1103 0.02707594174025012 -0.000354745431461573 0
1104 0.1165862122118357 -0.1144763554948521 0
1105 0.02985885600097291 -0.001299813472036469 0
1106 -0.03595917698227296 -0.01066587596673251 0
1107 -0.03225872746967268 -0.01127614098822264 0
1108 -0.03254256294743084 -0.003411071283500688 0
1109 -0.02579016237398768 -0.001439378864731159 0
1110 0.03018034106520836 -0.006959377559650445 0
1111 0.09684219406980311 -0.1434478734972661 0
1112 -0.08996607934077158 -0.04924877825883036 0
1113 0.03499212494237761 -0.01300988056128606 0
1114 0.02308487112329675 -0.004363156844974633 0
1115 0.08997320109956226 -0.04922619095659962 0
1116 0.0975287555716413 -0.1625160193439149 0
1117 -0.02943769632740757 -0.002936524922560118 0
1118 0.0205859847949657 -0.004241601706675663 0
1119 -0.08367933498869273 -0.1717948251789087 0
1120 0.03048353084180004 -0.003708796468842296 0
1121 0.02185564289737903 -0.005139373724802213 0
1122 -0.1055212307683621 -0.0676377568998108 0
1123 0.1055292120887677 -0.06761042180090082 0
1124 -0.02799810713570544 -0.007429832103392332 0
1125 -0.0170532043333932 -0.008074874293669286 0
1126 0.03590976524048872 -0.01080817465207334 0
1127 0.03461130169703685 -0.001898648632953761 0
1128 -0.09807200051301679 -0.1610867899471984 0
1129 -0.0313791838105832 -0.009093732665657465 0
1130 -0.05346694817266676 -0.1920040256003803 0
1131 -0.029406205337811 -0.009425588598396243 0
1132 -0.01309474135578424 -0.002965208191547206 0
1133 0.03495515503939033 -0.001525062849919075 0
1134 -0.02978135670691827 -0.0008949632752534542 0
1135 0.02253322500632074 -0.008338532238833855 0
1136 -0.0331270098236888 -0.182607221611743 0
1137 -0.03030645566862247 -0.002951235183788874 0
1138 -0.06936179621505446 -0.1431285847740932 0
1139 -0.01978740446142376 -0.1329714808954538 0
1140 0.03783891433700101 -0.005217954330709216 0
1141 0.03407390410096162 -0.0003547351092732778 0
1142 0.08453201877635531 -0.04459165637826558 0
1143 -0.0845216814610046 -0.04461788071982566 0
1144 -0.03390196421802758 -0.01400209894547106 0
1145 0.04473810172461357 -0.1327787212652945 0
1146 0.03402515422569836 -0.009829334952088771 0
1147 0.03511238128585271 -0.005764277891167249 0
1148 0.03577709574532637 -0.002381092403946315 0
1149 0.002506373254209964 -0.007155138456458707 0
1150 0.03474281801513646 -0.01096526559801612 0
1151 -0.03060478714914779 -0.007108537168166244 0
1152 -0.0290167934216248 -0.001799878655056886 0
1153 0.07183522341816112 -0.1406463851010998 0
1154 -0.01838544476763328 -0.005959225545675868 0
1155 0.03243219087076867 -0.005092001605045538 0
1156 0.1171233761874735 -0.09185077883528062 0
1157 -0.1171071263364023 -0.09189845435707859 0
1158 -0.032144574422618 -0.001946222268721985 0
1159 0.02318984495820494 -0.01054561803022063 0
1160 -0.02828516625357006 -0.001979362988700094 0
1161 0.08194093177726103 -0.0488955996364968 0
1162 -0.08192383731836624 -0.04893444427488185 0
1163 0.02293344530370159 -0.002607362367783765 0
1164 0.02884033713225545 -0.0009898539427013002 0
1165 0.03007148041937872 -0.0007862375126360582 0
1166 0.03772330801625194 -0.01149886941321099 0
1167 0.03295131160048579 -0.0004026551846841201 0
1168 0.03780703571884585 -0.003753854384571976 0
1169 -0.0358065490795458 -0.0004679797801564613 0
1170 0.1044548907507327 -0.07501648584670041 0
1171 -0.1044444858245021 -0.07505360622956081 0
1172 0.03668788817150382 -0.007354349363418617 0
1173 0.03407098308822794 -0.001657625943520238 0
1174 0.02978129672158704 -0.1343176000028231 0
1175 -0.03065723003908029 -0.009884646240599565 0
1176 -0.03132254974321354 -0.006391539332743632 0
1177 -0.06067288563944015 -0.1179837470906007 0
1178 -0.03471442961969563 -0.001606755003755159 0
1179 0.03497547450313447 -0.007729577152611479 0
1180 0.03584709206395419 -0.006600952157166408 0
1181 -0.06867379357793139 -0.181683483404236 0
1182 -0.03435460164208951 -0.001218648532454708 0
1183 0.03672594045285003 -0.003317808251003293 0
1184 -0.02004120282648089 -0.009942791823200202 0
1185 0.03573323058781707 -0.001773182136228832 0
1186 0.1103018928570029 -0.1007395397429613 0
1187 -0.1102756617784974 -0.1008185210854578 0
1188 -0.0299693465585346 -0.003717120372519656 0
1189 0.0341723508897854 -0.002323698240926153 0
1190 0.1031070991691031 -0.1139353525185949 0
1191 -0.01904314264557978 -0.0004735645233923135 0
1192 0.03557514828300945 -0.008577811061918664 0
1193 -0.1026486792845267 -0.1138072295823942 0
1194 -0.03425194387506448 -0.2049976244049584 0
1195 -0.02184716656925955 -0.001824693082225364 0
1196 -0.03718622140773766 -0.01140804367403174 0
1197 0.08544335654383514 -0.08353854862881481 0
1198 0.0297812347844239 -0.004076201302015516 0
1199 -0.1151234417362538 -0.06858814435090853 0
1200 -0.1059000081897106 -0.03547373052841967 0
1201 0.1059001290091002 -0.03547327157891647 0
1202 -0.0853672308139094 -0.08362220227977753 0
1203 0.1151290127536217 -0.06856886725182632 0
1204 0.03024096645749926 -0.00542592066809703 0
1205 0.03363431844316049 -0.01081799427711285 0
1206 -0.03834206778974254 -0.007245083035399789 0
1207 -0.04402253565907591 -0.2260195163069355 0
1208 -0.03692888914014717 -0.009964167746510084 0
1209 -0.03282816240577047 -0.0101441196762411 0
1210 0.06296150438129827 -0.1135849154455138 0
1211 0.02421930284937286 -0.007005550085024481 0
1212 -0.02694212721043356 -0.002928754601526669 0
1213 -0.02347932515834442 -0.001652018855184223 0
1214 0.03771862014132184 -0.007880801508340982 0
1215 -0.06781910816608751 -0.1607043023704285 0
1216 -0.02681131575286926 -0.002296378188724931 0
1217 -0.03472630490850066 -0.002244728399294166 0
1218 0.02932878199809917 -0.001215615669669566 0
1219 0.03603446067113691 -0.001275194614261432 0
1220 -0.03812568746126808 -0.01394541043035078 0
1221 0.03014584415074362 -0.0003565438070677651 0
1222 0.1256555307591926 -0.126049743482051 0
1223 -0.1255544231370964 -0.1261764703943379 0
1224 -0.03193540903362754 -0.008331006526769007 0
1225 -0.03257170503191988 -0.007533923942133411 0
1226 -0.007302950499604268 -0.001945037492237291 0
1227 -0.0397479828275586 -0.01467299216127578 0
1228 0.1165577479326903 -0.05274648385308956 0
1229 -0.1165562762545563 -0.05275161386127564 0
1230 0.03325751072186323 -0.008583352399920172 0
1231 -0.03452668256209215 -0.01237404143118838 0
1232 0.03504443542255955 -0.001019976468365109 0
1233 -0.02776662404329377 -0.006107111094303752 0
1234 -0.02773661219018155 -0.002264442164954539 0
1235 0.09022883759257765 -0.2316848368416613 0
1236 0.03563668416634982 -0.0004180410739664347 0
1237 -0.03343052020788252 -0.0003980623688620059 0
1238 -0.1005600466727041 -0.06148164879350138 0
1239 0.1005680221089528 -0.06145642026418249 0
1240 -0.03302639568063159 -0.01241627778208504 0
1241 -0.02899637636123299 -0.001298754097854779 0
1242 -0.03038472739426512 -0.006018041641832473 0
1243 0.03708142753587306 -0.002800184261297087 0
1244 0.03831771636125352 -0.006784343724100135 0
1245 -0.1020228236646739 -0.1810848770956434 0
1246 -0.03773512645380491 -0.003748631774243274 0
1247 0.0340897020239276 -0.0009355252291328846 0
1248 -0.03096068081603753 -0.008136357403174322 0
1249 -0.03601048160756713 -0.008052821489088258 0
1250 0.03924921282236173 -0.01030795722533276 0
1251 -0.1241087486963209 -0.06328830104210642 0
1252 0.1241110037037298 -0.06328032966004486 0
1253 0.03201595995255221 -0.008941284359357912 0
1254 -0.03501863202963618 -0.001074114869350144 0
1255 -0.1098477645307168 -0.05949092978957345 0
1256 0.1098520244897112 -0.05947661168575041 0
1257 -0.02959233519197889 -0.0004380529477150005 0
1258 -0.03482694512488469 -0.005722630194771851 0
1259 0.03406997282430134 -0.007430862929061251 0
1260 0.02966118160820419 -0.0003803576664071915 0
1261 -0.09671033255164617 -0.0392918295913218 0
1262 0.09671208848568491 -0.03928593069405346 0
1263 -0.03450411436646647 -0.0003455865275225484 0
1264 -0.03878046075404449 -0.009198336551268104 0
1265 0.03570503465964243 -0.003079655327842073 0
1266 -0.02870440382714903 -0.006490034334502275 0
1267 -0.02803579535707758 -0.005253774800177342 0
1268 -0.03404101546846619 -0.00403432286111003 0
1269 -0.1302550825606663 -0.03468948116283591 0
1270 0.1302550992925064 -0.03468941745407972 0
1271 0.03370390145929276 -0.002834764923349789 0
1272 -0.02476961007516303 -0.004039156605125016 0
1273 0.08055068093577139 -0.1702455910839402 0
1274 0.03210959118724745 -0.006438759754871133 0
1275 -0.03501117513604811 -0.0004820481123294969 0
1276 0.02956343762578776 -0.008515766227395727 0
1277 -0.03149328237777168 -0.002434010147174919 0
1278 -0.03012887021593992 -0.004459968614460455 0
1279 -0.03284540459997311 -0.008461657470451026 0
1280 -0.0712719589652258 -0.2010452754795745 0
1281 0.03571476109782548 -0.0157350593409272 0
1282 -0.03180928297010658 -0.01010667391688222 0
1283 -0.02768279345784383 -0.001666596422833416 0
1284 0.03546311719372712 -0.001389576072773182 0
1285 -0.0298571493016393 -0.007989331502186442 0
1286 -0.03056326359016566 -0.0004022073806316464 0
1287 -0.03574808116378562 -0.001921569605963291 0
1288 -0.03260445119747805 -0.0005778760983653044 0
1289 -0.02863552622278566 -0.004059347831013602 0
1290 0.03095592729186938 -0.005938111523665404 0
1291 -0.09520569496066307 -0.07820536094563919 0
1292 0.09523071538183768 -0.07813262501056935 0
1293 0.03517695369747358 -0.002791128230022151 0
1294 -0.03093463348672622 -0.001995911972494175 0
1295 0.03300717991063696 -0.00747326311451255 0
1296 0.13132090513305 -0.05530450047957221 0
1297 -0.1313202989479521 -0.05530666765025346 0
1298 -0.03495408885926665 -0.003985786021617663 0
1299 0.0947001647829997 -0.2106416446756082 0
1300 0.07165144810094225 -0.1575422440773115 0
1301 -0.01683769332674958 -0.00560262624852375 0
1302 -0.0382347895454674 -0.01210854690094881 0
1303 0.03049249375193142 -0.002374510481351324 0
1304 -0.07038217374300244 -0.22575021949317 0
1305 -0.03548094750571467 -0.01489451895823909 0
1306 0.03879420511765167 -0.008955943958096563 0
1307 -0.09744736772967726 -0.05068165820699563 0
1308 0.09745213509926486 -0.05066661132284037 0
1309 -0.03926426862605113 -0.0114502274546134 0
1310 -0.03541089034262288 -0.00471858663903759 0
1311 0.02922381893518912 -0.0006489289276713871 0
1312 -0.03539863917522201 -0.0006260582685213798 0
1313 -0.1049335544192625 -0.08690537257122133 0
1314 0.1049528138597429 -0.08684049183721144 0
1315 0.03655862610490456 -0.005567094752353608 0
1316 0.03684509750647421 -0.002073180935509271 0
1317 -0.03399966070415893 -0.005755115086457345 0
1318 0.06542755488832577 -0.2320292871372873 0
1319 -0.01870792736981545 -0.002997824327873853 0
1320 -0.03563987398110113 -0.006713590212030419 0
1321 -0.002223107285514669 -0.006904615165716134 0
1322 -0.02868819608206255 -0.003310752141530624 0
1323 -0.07693776364311231 -0.1037651045079952 0
1324 0.03522771054678629 -0.01180032635683943 0
1325 -0.1099500465997996 -0.0398386014805038 0
1326 0.10995023327145 -0.03983793141900566 0
1327 -0.03643939742502433 -0.004621311036960367 0
1328 -0.03599557654117585 -0.01215984216821718 0
1329 -0.120859148712545 -0.02747209925841761 0
1330 0.120859169709266 -0.02747202009035275 0
1331 -0.09351744771529659 -0.215420725250952 0
1332 -0.1167127632772881 -0.02301319186781584 0
1333 0.1167127755841857 -0.0230131449962389 0
1334 0.1203874612431856 -0.1860263912400481 0
1335 -0.1144670703166481 -0.2291796044305058 0
1336 0.1142622030259499 -0.2283015307690921 0
1337 -0.0345602649885131 -0.003195136738497058 0
1338 0.103269293196399 -0.04138993022819019 0
1339 -0.1032682502138535 -0.04139338273147362 0
1340 -0.1211912347685663 -0.185361532678465 0
1341 0.03668209989148278 -0.001422632665419975 0
1342 0.04505879374820206 -0.02684803700476902 0
1343 -0.03082905472592081 -0.04827842475878178 0
1344 0.03114555746946799 -0.04844818885745462 0
1345 -0.03460799893796391 -0.03847636283611839 0
1346 0.03464025848572429 -0.0394025634995665 0
1347 -0.0001375995827992049 -0.02142851068535143 0
1348 -0.01852930623030502 -0.02823651077296025 0
1349 0.001756543483049522 -0.001561447970128144 0
1350 0.0007313601462462197 -0.001452456143868472 0
1351 -0.0001749854945038849 -0.001092270482611283 0
1352 -0.01642558939102034 -0.04600558083209572 0
1353 -0.0009362785599775587 -0.04206541329876267 0
1354 0.02064989032952444 -0.02872141254182172 0
1355 0.01696982294063898 -0.04593980037972319 0
1356 -0.03962938502503798 -0.03078297170212896 0
1357 0.03773898489316922 -0.03074473538972435 0
1358 -0.03881909829573314 -0.02438986115534851 0
1359 -0.001107540919256126 -0.002021805770111194 0
1360 -0.005260384178255344 -0.0155916600339189 0
1361 0.03857093480233064 -0.02401770336186233 0
1362 0.00993891961508586 -0.0393626292920711 0
1363 -0.009408957900755528 -0.04029321315122776 0
1364 -0.02050367141176688 -0.02258830737392335 0
1365 0.03086195482100536 -0.03077661616226786 0
1366 0.00999890286642755 -0.006823367127575904 0
1367 -0.05713742492348659 -0.04576479962191122 0
1368 0.05723401319630571 -0.04562865178632503 0
1369 -0.03998882375042374 -0.05002136202983415 0
1370 0.04022810533290479 -0.05025880415599462 0
1371 -0.01554458302532507 -0.01637436079976332 0
1372 0.002829538983361891 -0.002017329590455873 0
1373 -0.0305086643500442 -0.03169685234281742 0
1374 0.00553153215468744 -0.006043558065561766 0
1375 -0.002657122748047005 -0.02671746578836903 0
1376 0.008530501525604662 -0.008525588111092414 0
1377 0.003997533718188266 -0.01691069147979523 0
1378 0.0001906833968813842 -0.004543670090050474 0
1379 -0.01224207226823821 -0.01698715821153348 0
1380 -0.005390640149715649 -0.06670071638525957 0
1381 -0.03857251038326515 -0.01928032880215307 0
1382 -0.05238529524118981 -0.03172085977216797 0
1383 0.05261151619797243 -0.03110984008490821 0
1384 0.002453607379992298 -0.06462095304503099 0
1385 0.004591817400287971 -0.007213884689882839 0
1386 -0.001644994559222539 -0.00489769711993752 0
1387 -0.0006101287311105449 -0.005314597779702268 0
1388 -0.00865568965656187 -0.016746418854167 0
1389 0.01072637922859332 -0.02531645746400922 0
1390 -0.01291077174430436 -0.02711200996607449 0
1391 0.002648791742678636 -0.0267763094132812 0
1392 0.007939642684699771 -0.01134216295101791 0
1393 0.06038381414827848 -0.03228283695518151 0
1394 -0.06035436775614698 -0.03230392161098787 0
1395 -0.007806861562734837 -0.02659175773962601 0
1396 0.003605402878842934 -0.009492348791932738 0
1397 -0.002208905992311202 -0.002333923723283823 0
1398 -0.00782681694874701 -0.004849600250713157 0
1399 -0.003536861984148995 -0.01439096467464022 0
1400 0.00787562442101713 -0.0261084816495408 0
1401 0.01071475596716603 -0.07447981648066046 0
1402 -0.01337554430570205 -0.01395403258215308 0
1403 -0.001692241579548795 -0.002539258303908128 0
1404 -0.002331256012913988 -0.01748410510695319 0
1405 0.005675869475191772 -0.003879730839953474 0
1406 0.005465340278480305 -0.001802782871669844 0
1407 0.01723306595187975 -0.0007820103606951916 0
1408 0.03166631140658236 -0.02207431678698659 0
1409 0.001603702207500676 -0.01805044793646336 0
1410 -0.01397777845955129 -0.001420140228774272 0
1411 -0.007706142660215312 -0.013418735957096 0
1412 -0.03464235606852713 -0.02177194870864999 0
1413 0.008234204888763698 -0.01767069159032235 0
1414 -0.01498125355524003 -0.03481375300327142 0
1415 0.001877318196168738 -0.006219459422439452 0
1416 -0.0115114185115455 -0.01081278893228332 0
1417 -0.005911955073899348 -0.009165843204352752 0
1418 0.01611950142070022 -0.03443423319230656 0
1419 0.003526468062385064 -0.007960634638127888 0
1420 -0.01022831599609651 -0.00194082169119394 0
1421 0.006361932028155074 -0.003248345492409018 0
1422 -0.0182475684291462 -0.0185902833204563 0
1423 -0.002817902706235594 -0.00523934614262267 0
1424 0.03922330357440289 -0.01887811865537781 0
1425 0.006448500537039925 -0.004999148469481419 0
1426 0.03394086199426641 -0.021178211217213 0
1427 -0.01516096747316138 -0.009670032491486938 0
1428 0.004035936695369956 -0.00203780346546424 0
1429 0.01402199169257196 -0.01551492514948812 0
1430 -0.05973056063301944 -0.02725288677479994 0
1431 0.05957972906539852 -0.02800244001545702 0
1432 0.006252017845377948 -0.01405921340486028 0
1433 -0.04161578519282762 -0.07429803063355286 0
1434 0.04197421052409214 -0.0741072709325362 0
1435 -0.0003471789514163507 -0.01289817121241346 0
1436 0.006096322702463885 -0.00231968706096003 0
1437 0.008526011138276094 -0.009867373539696203 0
1438 -0.02456441926519837 -0.02725862935397167 0
1439 -0.00517587643593733 -0.003245592209951866 0
1440 0.02683021379104799 -0.01948080750141378 0
1441 0.006838017745738918 -0.0006941935647522455 0
1442 0.0153524114339809 -0.01184891897174192 0
1443 0.003374897203340858 -0.001740619088014091 0
1444 0.01308616577655275 -0.009282849111635155 0
1445 0.009155877719532718 -0.00527517838974056 0
1446 -0.003018654722303083 -0.002512148756573065 0
1447 -0.004573452732341042 -0.004023607964071476 0
1448 0.02261930467649152 -0.01542364226582141 0
1449 -0.03246580877375792 -0.07501036954788198 0
1450 0.03292018738370791 -0.07483719849088205 0
1451 0.004744530307214196 -0.001935182866776175 0
1452 -0.01039590538282246 -0.0214633469821443 0
1453 -0.003533571297853387 -0.008968356822922444 0
1454 -0.07850732955587041 -0.03689065585274205 0
1455 0.07851711463848915 -0.03686824875620614 0
1456 0.01209993685196883 -0.01248376484473288 0
1457 -0.01770323913127078 -0.002202598949081058 0
1458 -0.008817985938772673 -0.01076652755010304 0
1459 -0.004487701051069554 -0.001866538037458929 0
1460 0.01625608721554702 -0.001650695238088675 0
1461 -0.01268741210645977 -0.008311576548479709 0
1462 -0.001126729289540907 -0.0007769593223210274 0
1463 -0.009484431057174404 -0.001949367828116177 0
1464 -0.005228453086727094 -0.00482234189831703 0
1465 -0.01090372330933299 -0.003824856254070566 0
1466 -0.007285272923096032 -0.01030760537918524 0
1467 0.00736555585509683 -0.004658322592755768 0
1468 -0.01542244570839565 -0.001611529303078151 0
1469 -0.01304133547163483 -0.007094902051292775 0
1470 0.02198845672994637 -0.01860048803628584 0
1471 0.004948812775798357 -0.01183848756893808 0
1472 -0.01667290902114682 -0.01040719383048232 0
1473 0.006223182330552261 -0.001579851051634602 0
1474 -0.02142205814168304 -0.01404835526898067 0
1475 0.003312373031702159 -0.004229491771253539 0
1476 -0.02365422495563854 -0.07418457905095742 0
1477 0.02918338304329183 -0.01485277935683056 0
1478 -0.02155918324178874 -0.006893957424257036 0
1479 0.02419154605809143 -0.07406105533195194 0
1480 -0.01387791445836984 -0.0008042787963940721 0
1481 -0.02522432347186677 -0.01838360390590152 0
1482 0.0183110255001653 -0.01135812333384457 0
1483 0.02342433369547939 -0.002025302443119847 0
1484 -0.01327489402364211 -0.00225617226032624 0
1485 0.0201742883339788 -0.01851790828922103 0
1486 -0.02536494811855219 -0.01320574412778726 0
1487 -0.002282999326722403 -0.008592466367839991 0
1488 -0.01708565935801233 -0.001992739108636136 0
1489 -0.01394073736668092 -0.002050344809529715 0
1490 -0.01472212394265342 -0.0005078459831081885 0
1491 -0.007299030877327275 -0.006460686466729222 0
1492 -0.008803657334855306 -0.008124745536230464 0
1493 -0.05042655666079404 -0.07356589314986076 0
1494 0.01372363900976995 -0.01212602592174849 0
1495 0.01780011911934936 -0.001469479752576714 0
1496 0.0005718563788020402 -0.05254934871757939 0
1497 0.0506888112286291 -0.07339228184790289 0
1498 -0.01885489497864493 -0.002201123514336684 0
1499 0.01430772572080321 -0.002005467408055129 0
1500 -0.01463718048501524 -0.001738702011094664 0
1501 0.0239826822016065 -0.0008606394835586776 0
1502 0.005239720382697716 -0.03309294662559324 0
1503 0.006530424287636863 -0.008238575935617288 0
1504 -0.005625089910293726 -0.03313844937982557 0
1505 -0.0276107183764741 -0.02326705652174292 0
1506 -0.02697640291627137 -0.01288050013485287 0
1507 -0.01350001442475948 -0.07743868468595173 0
1508 -0.01599700197193879 -0.001407799685675809 0
1509 0.002413134678356809 -0.01464894958623486 0
1510 0.01062124320279201 -0.01164554612435323 0
1511 -0.003090161893852253 -0.0009832194986154424 0
1512 0.01548448471491146 -0.07879569022981393 0
1513 -0.007351552963783405 -0.003142677699486577 0
1514 0.02781589028756388 -0.003309717357570257 0
1515 -0.02241083251291826 -0.01919413281352475 0
1516 0.02924284115105796 -0.0203966937959091 0
1517 -0.01666360422866762 -0.05792817086485836 0
1518 0.01850163241262803 -0.003953882062781269 0
1519 -0.01217195149016152 -0.001219265252872237 0
1520 0.01682430153144783 -0.002928514548425043 0
1521 0.01571212137975031 -0.008640923919112075 0
1522 0.002171777467662348 -0.005252147867398495 0
1523 0.0083599883573852 -0.09654393466317508 0
1524 0.02532088429132556 -0.005875620470950064 0
1525 -0.003561166240766728 -0.004536796444797033 0
1526 0.02257402168785935 -0.0009292786168928501 0
1527 -0.0009095753556568888 -0.008937158786826055 0
1528 0.01676753994806642 -0.05877100474800935 0
1529 -0.02446640653288835 -0.01073276891319695 0
1530 0.01765872912441241 -0.09356484622730549 0
1531 -0.01595285853957983 -0.09359489830573722 0
1532 -0.01424088178898955 -0.00681264851517902 0
1533 -0.01054818605087929 -0.001277952073399609 0
1534 0.01919725865895343 -0.003559479952227756 0
1535 0.01373659275724644 -0.001901287576449023 0
1536 0.009416024495847801 -0.0005168618228496138 0
1537 -0.02370514218576602 -0.01681041297498208 0
1538 -0.02356566628915384 -0.0116404727411454 0
1539 0.01561564844821369 -0.001806581480899068 0
1540 -0.01096779982878565 -0.001869523937059214 0
1541 -0.04350061923955867 -0.06172457960663258 0
1542 0.01422818094876217 -0.00836116626641467 0
1543 -0.007417120778408877 -0.003957680001192215 0
1544 0.04374271417916886 -0.06166862117160055 0
1545 -0.009933270668048803 -0.008938967612471068 0
1546 -0.0101557624851643 -0.003526216573923183 0
1547 0.002798729520631627 -0.0007930951454596626 0
1548 0.008269731138466753 -0.004690062738874273 0
1549 -0.06458200894592854 -0.03227356349429312 0
1550 0.06460026540859357 -0.03225115889839546 0
1551 -0.008800188808900893 -0.0008629654327163721 0
1552 -0.05746448855931392 -0.0564855298134251 0
1553 -0.005998079957582086 -0.003018147649475818 0
1554 0.02553437434438838 -0.002040942357165126 0
1555 -0.009956242481681801 -0.002675839112821123 0
1556 0.05759131061226961 -0.05639355764993892 0
1557 -0.002657490475359247 -0.0005553402470855805 0
1558 0.0155367325140912 -0.00745157503934513 0
1559 0.01859890185502395 -0.003199785908632413 0
1560 -0.005193933596449562 -0.005906134938215028 0
1561 0.02658022443966187 -0.004648843181323068 0
1562 -0.01644160625265067 -0.003411533061435061 0
1563 -0.01210414070365281 -0.01177187435451857 0
1564 0.01922342295654332 -0.001985774586122434 0
1565 -0.002398430451722584 -0.01103352175256539 0
1566 0.004207045080487316 -0.003988292224013835 0
1567 -0.01374129477988814 -0.009277203525688147 0
1568 -0.0163125266037689 -0.004236537191459298 0
1569 -0.07148464842054827 -0.02755135296284275 0
1570 0.07148957600511466 -0.02753866764068366 0
1571 0.006995313760638442 -0.002632842159139522 0
1572 -0.08136326690192637 -0.02356540744793225 0
1573 0.08136473132842643 -0.02356148812995828 0
1574 0.01827283902569919 -0.004904986456629922 0
1575 0.0109890143600147 -0.008504726149367902 0
1576 -0.01529009136445849 -0.01136484793446333 0
1577 0.02349563356352434 -0.0004585970028497445 0
1578 0.01495015903904912 -0.0008057676773000066 0
1579 0.0005515937334681173 -0.008765553920641654 0
1580 0.07475221260732577 -0.03703761959222812 0
1581 -0.07473902975526849 -0.03706409038595633 0
1582 -0.01221551167349749 -0.0005160911298899257 0
1583 -0.008742883609018539 -0.004983407143541215 0
1584 -0.02409524871963387 -0.007018407557938339 0
1585 -0.01520658763908651 -0.002356285891668305 0
1586 -0.005238515402037572 -0.001757351814038123 0
1587 -0.01693316448052986 -0.0005720127326937785 0
1588 0.02523544250171561 -0.003586670068880583 0
1589 0.02804532014862686 -0.005567250006477658 0
1590 -0.02401528397299776 -0.00806295150143318 0
1591 -0.003787433119192307 -0.002143879718672521 0
1592 0.01331356958057582 -0.0005457665362219294 0
1593 0.01119432302868065 -0.006446190128704662 0
1594 -0.06538297298156313 -0.057154743097297 0
1595 0.06545935865442155 -0.05706490233414927 0
1596 -0.02714015310989734 -0.0005048297555002232 0
1597 0.02652842192438968 -0.002813980852101805 0
1598 -0.01270790239018928 -0.0003741082335798963 0
1599 0.06311400711658725 -0.02276175444318771 0
1600 -0.02588956271454332 -0.09546291455953193 0
1601 0.02550476740810552 -0.0007061956773833166 0
1602 0.02159921994726449 -0.0007478073798542502 0
1603 -0.05473591673037601 -0.09849294376919565 0
1604 0.01333103797618411 -0.00716907638079944 0
1605 -0.02226445500836656 -0.006176487388539097 0
1606 -0.02533657365725846 -0.009854496850709589 0
1607 0.02653362318126807 -0.09568235241515012 0
1608 0.0586002069720987 -0.07178960086142711 0
1609 -0.05842542214074947 -0.07195615575675972 0
1610 0.002615631837838184 -0.01188493010520721 0
1611 0.02512277974494823 -0.0135486816379272 0
1612 0.02060785652088194 -0.0004531030410003989 0
1613 -0.02155875475880752 -0.009900106641009045 0
1614 -0.01901689284019116 -0.001565465497143453 0
1615 -0.00956262020600864 -0.004919041624136732 0
1616 -0.06190736883867524 -0.04171098380233907 0
1617 0.06196234254910225 -0.04165918783873764 0
1618 -0.02736287731464791 -0.01766808702861842 0
1619 0.05153596782369511 -0.09969149573011181 0
1620 -0.01209907912794791 -0.004733876092535188 0
1621 -0.0165474213823721 -0.001764177873888021 0
1622 0.008048893420853702 -0.0005787219065690752 0
1623 -0.04407076035308538 -0.09608218676901484 0
1624 -0.07648381924145846 -0.03318640979869248 0
1625 0.01744001337086912 -0.00310319004169965 0
1626 0.07649243575516984 -0.03316790610365244 0
1627 -0.005748781375663189 -0.0006033000020436795 0
1628 0.006859020405282401 -0.001255595501199089 0
1629 0.02447114607162221 -0.003881946055142027 0
1630 0.0153742668948549 -0.01457153853239465 0
1631 0.04403498549413196 -0.09275176394477321 0
1632 -0.05347530916418269 -0.02409167849214333 0
1633 -0.01502653869384722 -0.003130855290758343 0
1634 0.05349798877990301 -0.02408303082067359 0
1635 0.02788727483713247 -0.0117893904481862 0
1636 -0.08369450341584993 -0.02548028294175398 0
1637 -0.01781888169969351 -0.01129820241320823 0
1638 0.08369646707316236 -0.02547492696822541 0
1639 -0.03748521913139374 -0.01762556324506922 0
1640 0.06765478016932816 -0.03025271828432093 0
1641 -0.02104379864588273 -0.0008025620003672677 0
1642 -0.06764400975388102 -0.03027129292312966 0
1643 0.0271349735169756 -0.009071136836697483 0
1644 0.03603252589386279 -0.09206411927250702 0
1645 0.02490548633877607 -0.001970710903622815 0
1646 -0.03462292209741217 -0.09446011786508519 0
1647 0.02185833233205032 -0.00185926703837935 0
1648 -0.006688712941958793 -0.00277486549511774 0
1649 0.0841372236362202 -0.029137848720154 0
1650 -0.08413399835980309 -0.02914659162274345 0
1651 -0.02575137555800107 -0.0004530032524248072 0
1652 -0.0193773600339836 -0.005840816386766639 0
1653 -0.01831444476775507 -0.002421759219656436 0
1654 0.01653120326226209 -0.00229756233992399 0
1655 -0.006285159354619167 -0.00171488434052806 0
1656 0.003954138285158909 -0.003012549974756635 0
1657 0.02636791339814253 -0.001372596221405625 0
1658 0.01613426410108939 -0.01016356144937677 0
1659 0.002186125666393412 -0.00873784296519616 0
1660 0.02666410346047379 -0.006839500497009891 0
1661 -0.02193335402623975 -0.008765553259348718 0
1662 0.02568855261900723 -0.005034722366824316 0
1663 -0.02688626751196922 -0.02026204111981523 0
1664 -0.02234317755915986 -0.01102057622469299 0
1665 -0.00668654316062038 -0.0005380655167085222 0
1666 -0.01139714829770813 -0.003184281744185813 0
1667 -0.01668391382047992 -0.006913661149821344 0
1668 0.02570560490620269 -0.006648752497363508 0
1669 0.011590924262321 -0.01425291309356365 0
1670 -0.01156130654291202 -0.002065375257307 0
1671 0.01190272677829759 -0.0005922635622751094 0
1672 0.02729783336490291 -0.005111618190260668 0
1673 -0.01801250045754724 -0.01245164311152574 0
1674 -0.02104867194540156 -0.005018970836459202 0
1675 0.02846097474789984 -0.003863248520041362 0
1676 0.008643689998793022 -0.002576046247020877 0
1677 0.02044417158400773 -0.009263828223163085 0
1678 -0.001193465198230267 -0.006852558802115478 0
1679 -0.02110946534004577 -0.01123921451971958 0
1680 0.01388395707047445 -0.003536973034441931 0
1681 0.02732565105105873 -0.004057128584479929 0
1682 -0.01997357517026878 -0.007871593397633995 0
1683 0.0272972110641115 -0.001901998489774322 0
1684 0.01829426301932173 -0.001541318851822792 0
1685 0.03220462772144547 -0.002277721393732684 0
1686 -0.07090950647263837 -0.03748078643843161 0
1687 0.07092720131799167 -0.03745054892912313 0
1688 0.01919046721916519 -0.0006340318666024437 0
1689 0.02599887802298018 -0.0004911503197731013 0
1690 0.01115019350259446 -0.001577844937090278 0
1691 0.02588949563827782 -0.004120260968196455 0
1692 0.02657066658725709 -0.0131484101891607 0
1693 -0.0702057648263112 -0.05229334570350574 0
1694 -0.02335855802356588 -0.006238426347997822 0
1695 0.07025467405028539 -0.05222648380684925 0
1696 -0.0123022172532123 -0.009551419333437314 0
1697 0.009621898035742512 -0.001119152823382475 0
1698 -0.01185293179459401 -0.002586653241425523 0
1699 -0.03004039486157029 -0.02612041783081951 0
1700 -0.003713735539091059 -0.0003929769071925238 0
1701 0.008247846670162805 -0.00376614253802705 0
1702 0.009076017803125646 -0.0009825362919703873 0
1703 0.01438282216687433 -0.0005533149083954264 0
1704 0.01921363012366554 -0.008986415062500322 0
1705 -0.004880343514312313 -0.00247422298607518 0
1706 0.008738195017892842 -0.001981529776700003 0
1707 -0.0230012033341023 -0.008462657605806341 0
1708 0.01017260318075158 -0.001252402541876135 0
1709 0.02833895205502888 -0.002172199561559082 0
1710 -0.01703613914233238 -0.003838257532958335 0
1711 0.009452635712051979 -0.1204684290674951 0
1712 0.01523769346539499 -0.00308723486793714 0
1713 -0.01176214880809116 -0.005505781802758705 0
1714 0.02875952436904796 -0.005074021878984843 0
1715 0.01245346646770114 -0.001589061343855596 0
1716 0.007903780912989253 -0.002887327915403479 0
1717 -0.02968194863519255 -0.06177011929550964 0
1718 0.02238477100215263 -0.001779025078730999 0
1719 -0.02424318540066455 -0.006062180176248871 0
1720 0.02378367327161464 -0.004181755101983833 0
1721 0.02115491804821196 -0.001809950699102462 0
1722 0.01452916786799745 -0.003244865138084356 0
1723 -0.01580715994287705 -0.002919353372465361 0
1724 0.01984969095078575 -0.00167434441292465 0
1725 0.03003417073077986 -0.06171568380787116 0
1726 0.0228637739292773 -0.001935118083060943 0
1727 -0.01432282526006978 -0.003293619017511335 0
1728 -0.02125360435468919 -0.005859927484427031 0
1729 -0.01802646284745692 -0.0006902229282764493 0
1730 0.02471279700308967 -0.0003916030168083933 0
1731 -0.01377492164536519 -0.002719400394922012 0
1732 0.02592574247044199 -0.001715126454180952 0
1733 -0.003187040059689686 -0.006282674689462707 0
1734 0.02515341362207756 -0.008222982330176673 0
1735 0.02637186875395451 -0.009857983461646708 0
1736 -0.08716324556110135 -0.02681600405648297 0
1737 0.08716511381327507 -0.02681053775301926 0
1738 0.0198254785402772 -0.005335508839277286 0
1739 -0.0228125462371311 -0.005451396539482172 0
1740 0.001149215054400323 -0.007368997682907961 0
1741 0.0197281271751837 -0.0069763242161111 0
1742 -0.02501124376564893 -0.005589350290624749 0
1743 0.004977916665086362 -0.001380226632361119 0
1744 -0.01340661597413081 -0.005948005449184629 0
1745 0.02715766041586385 -0.01475755692224343 0
1746 -0.008844318381536074 -0.001554755250971619 0
1747 0.01815313560425297 -0.008856185113872433 0
1748 0.007592403485489697 -0.002129659495996122 0
1749 -0.008096560355689147 -0.003370381390307042 0
1750 -0.009582409093116532 -0.0005309665986455092 0
1751 -0.06172456284761366 -0.06386809859363481 0
1752 -0.03641937693076674 -0.01644229868754385 0
1753 0.0618431750072638 -0.06374470697366373 0
1754 0.009822124745451818 -0.00305093930177763 0
1755 -0.0204811255625946 -0.001626596978526181 0
1756 0.002813839587965262 -0.003510578192933797 0
1757 0.01892920294309991 -0.005606285943038529 0
1758 0.02707954818716604 -0.003147188544384005 0
1759 -0.008519760163347894 -0.00278564510294979 0
1760 0.01998035519832971 -0.0005061489630452077 0
1761 -0.01949799997068354 -0.00204413284145043 0
1762 -0.02058652936095769 -0.007129946926660807 0
1763 -0.02427172726763177 -0.0004718043071920895 0
1764 -0.02162125586648786 -0.001159784652077155 0
1765 -0.02371349981368165 -0.0007897800082450773 0
1766 -0.02432913641332238 -0.01481965411798119 0
1767 -0.02328598220247345 -0.004717413896589099 0
1768 -0.01269787127384585 -0.005308873001160356 0
1769 -0.01030454076421735 -0.005592722879629324 0
1770 0.0191478533809673 -0.01444659686251889 0
1771 0.009786345669824259 -0.004962963026592196 0
1772 -0.02202890532286162 -0.00340043191551836 0
1773 -0.02665310383956789 -0.0008769977169983234 0
1774 -0.02314213884735549 -0.003503836389340576 0
1775 -0.005241784044715607 -0.007714782724989944 0
1776 -0.01538888965520158 -0.006943774650149881 0
1777 0.009974392630074186 -0.004038514835052846 0
1778 0.03214846925040863 -0.001234062468886606 0
1779 -0.0210038159520017 -0.00430786379231403 0
1780 -0.01649968347670472 -0.001062083118498596 0
1781 -0.02471997648498418 -0.01216891762515645 0
1782 0.03123303344540957 -0.01265682768924539 0
1783 0.02476243717205176 -0.005197315805579794 0
1784 -0.02001639167386582 -0.001845072198054855 0
1785 0.01768702060096169 -0.004344632780502775 0
1786 0.003959341543331048 -0.00482982975850102 0
1787 0.01696879046947491 -0.008876659412705211 0
1788 -0.002642252541430726 -0.001271324806365635 0
1789 -0.01773589589271026 -0.001199799340897843 0
1790 -0.0165926281863585 -0.002559601344828424 0
1791 -0.01860568707875614 -0.0009883728480571904 0
1792 -0.02098739206970859 -0.001392011783937287 0
1793 -0.0159929151646233 -0.008015950602400184 0
1794 0.01311852384849632 -0.001755839369540371 0
1795 0.02529764682394479 -0.01056179627672744 0
1796 -0.01279957786428942 -0.001632543410806562 0
1797 -0.05595107934191596 -0.08072556243211615 0
1798 -0.01300948516247787 -0.003732217676239384 0
1799 0.05621139342966922 -0.08050907560799943 0
1800 0.01977793190544729 -0.003167603037454638 0
1801 0.01500371168600686 -0.00454891368366072 0
1802 0.01061437234232835 -0.001457423985604101 0
1803 -0.02499056083820427 -0.007431963567440708 0
1804 -0.01504447628218798 -0.005846337093453596 0
1805 -0.07453801858070765 -0.04762420375523193 0
1806 0.0745681388576958 -0.04757644193005265 0
1807 -0.06733045633185765 -0.02277045315240401 0
1808 0.06688909297106148 -0.02268571451870013 0
1809 -0.0177795890808116 -0.005099915909730336 0
1810 0.02002669537170124 -0.008049679308584424 0
1811 0.03151187241176874 -0.009966386287878978 0
1812 0.01174480486277359 -0.001610155502360222 0
1813 0.03248177102277316 -0.001632204273745379 0
1814 -0.02713667793880181 -0.01045960080575811 0
1815 0.03217657947521375 -0.01235155315184482 0
1816 0.01221031349691342 -0.002819108884534505 0
1817 -0.022600501275326 -0.003467818344977785 0
1818 -0.01957428876669455 -0.004869015157171346 0
1819 0.03056275555646634 -0.0104114365591243 0
1820 0.01090735302431392 -0.0003977027415560473 0
1821 -0.02413854229278474 -0.009318510188948517 0
1822 0.00356386378914616 -0.006681976678843356 0
1823 -0.004772148189649231 -0.0005660837007357429 0
1824 -0.06611792958843667 -0.07122982397155267 0
1825 -0.01194087829694592 -0.007328599131864485 0
1826 0.066236232872784 -0.07108108352458857 0
1827 0.02164660425215518 -0.003049230177473819 0
1828 -0.03206573796297673 -0.0005626854263675387 0
1829 -0.0300201724677247 -0.0004100085579254577 0
1830 -0.02245860014913645 -0.004723851721091374 0
1831 0.003703733052025614 -0.0004535724898927463 0
1832 0.0265573048677165 -0.01127158914912085 0
1833 0.02823344705133541 -0.007518006193195186 0
1834 0.02746795316445447 -0.007194469248908496 0
1835 -0.01172432049580973 -0.003966917534710116 0
1836 0.01626648360658617 -0.006929609608207672 0
1837 0.01988991834288929 -0.00396948927549744 0
1838 0.01053273173343292 -0.0008758248226016499 0
1839 0.008640491254137845 -0.001371166891595782 0
1840 -0.02146017900469339 -0.003240471863479279 0
1841 0.01616631718226902 -0.0004658606899653039 0
1842 -0.008263507915771155 -0.001218417862902412 0
1843 -0.02328117218470444 -0.00118382693372594 0
1844 0.02311369281973319 -0.003246115254103748 0
1845 0.01790924977380535 -0.002056536312242843 0
1846 0.01438316841192043 -0.004034738377118058 0
1847 0.02053281666310995 -0.001716875080262602 0
1848 0.03809691080233427 -0.005871692362677402 0
1849 0.0170937799037366 -0.003686379933238042 0
1850 -0.01935006399994246 -0.0008965868083282109 0
1851 -0.0003068307443055934 -0.003671507123806837 0
1852 -0.0103081713318107 -0.00446872588889724 0
1853 -0.007385500434085886 -0.001053023322363484 0
1854 0.02083829456288159 -0.002987262361066268 0
1855 0.0314912371694041 -0.01634385629462563 0
1856 -0.03806550495537868 -0.08332579834365128 0
1857 -0.004293979463394599 -0.006783081479171629 0
1858 0.0200692955869934 -0.004642989583800645 0
1859 -0.01943186569093094 -0.009025888192354434 0
1860 0.02027407136318577 -0.002765256834654138 0
1861 -0.005243876934140373 -0.0009959532860922616 0
1862 0.01306085605817552 -0.001131123939643355 0
1863 0.009787729375867417 -0.001696926696743935 0
1864 -0.02327947050330367 -0.002246373558045912 0
1865 0.02808270420257404 -0.009250972400186458 0
1866 0.0386442990874161 -0.08294565507173114 0
1867 0.02675859984536223 -0.001104576480005057 0
1868 0.02875982500530669 -0.006029820838399472 0
1869 -0.02089694448293804 -0.003664607664748867 0
1870 0.0111883994671881 -0.00379748777610732 0
1871 -0.02473894487274437 -0.0003466187106886415 0
1872 -0.07105699860801426 -0.05841838106892427 0
1873 -0.02033557855609804 -0.00542220132755747 0
1874 -0.01482484718187434 -0.00396666173616753 0
1875 0.02734297522197078 -0.006171375679085741 0
1876 0.07111649454022011 -0.05833204908755448 0
1877 -0.03828226185071762 -0.006198145156677083 0
1878 0.05418608821408823 -0.08976063016139642 0
1879 0.03868062398453764 -0.007582280480076487 0
1880 0.01247266683340449 -0.003552793910619133 0
1881 -0.0977228311658051 -0.02268898435949503 0
1882 0.09772302078756995 -0.0226882913373843 0
1883 0.02443372303285942 -0.002995011555095076 0
1884 0.02609201285925099 -0.008663040100446393 0
1885 -0.001701853096284461 -0.003328813082798387 0
1886 -0.03138004635443409 -0.001143571493403457 0
1887 -0.05388590584328932 -0.089940116996307 0
1888 0.01401816984977095 -0.001391095609076582 0
1889 -0.02748891997652412 -0.0007416452622403523 0
1890 -0.0151878131913312 -0.0004807329709813474 0
1891 -0.02039851131460634 -0.004050104665524613 0
1892 0.01949306841723779 -0.006140932842189745 0
1893 0.03158683784256376 -0.001181744449508648 0
1894 0.01104124330817987 -0.003087258436456242 0
1895 0.03118412843968581 -0.0003907646772272754 0
1896 0.02846801206365712 -0.001245418898363479 0
1897 0.02592287386638757 -0.007600030822243138 0
1898 -0.02237974350378598 -0.002296925977896981 0
1899 0.009844107998248412 -0.000312706028823032 0
1900 -0.01979304317513152 -0.08432985984620228 0
1901 0.02259328616309164 -0.08390507726456094 0
1902 0.01864162575945941 -0.006823495022895419 0
1903 0.02598293423408351 -0.002449246335927727 0
1904 -0.01800449618572747 -0.007175446145321156 0
1905 -0.02369118642685509 -0.0003287371723793376 0
1906 0.02693467427370254 -0.002366116663933184 0
1907 -0.06757502710442023 -0.03500087884820929 0
1908 0.0006248158975747181 -0.002664319179799454 0
1909 -0.01555651133270602 -0.0045644105851594 0
1910 -0.02916500307783211 -0.01201805624241023 0
1911 0.06759406639154876 -0.03497406286467403 0
1912 0.01200489673927418 -0.002184506281627253 0
1913 0.0285301750334797 -0.01107723890030342 0
1914 0.02437706485667845 -0.00454158509848211 0
1915 0.02778764243903759 -0.002086467798564294 0
1916 -0.006163819882836627 -0.002342380645172301 0
1917 -0.02471654207793851 -0.0007728175188471271 0
1918 -0.067412032641796 -0.04593306178730351 0
1919 0.02082257586416597 -0.007108831190218642 0
1920 0.005615767869652771 -0.1498197400783813 0
1921 -0.09189084093229845 -0.02758160369917538 0
1922 0.09189224275280199 -0.0275772765929052 0
1923 -0.02746032679891274 -0.1475552140575313 0
1924 0.06745972469314297 -0.04588077582758041 0
1925 0.02998645330878114 -0.01322207312328213 0
1926 -0.09977228239641682 -0.0260331697249509 0
1927 0.0997726322272887 -0.02603191370054673 0
1928 0.02951027086883236 -0.006537134892148903 0
1929 -0.02598147870699492 -0.006752136929802322 0
1930 0.02593502423566618 -0.003240917732288632 0
1931 0.07335517251317068 -0.06965059027480973 0
1932 -0.07327804942540675 -0.06977427301286224 0
1933 0.02589493912745159 -0.001080975891315431 0
1934 -0.0176290909821742 -0.009483310647066232 0
1935 -0.03468480619958 -0.01640000729571436 0
1936 -0.00785344059226524 -0.0009621621391540623 0
1937 0.02441550110019545 -0.007756711158337393 0
1938 0.01879897434185022 -0.001544678388007889 0
1939 0.0105201307076105 -0.003477708797673335 0
1940 -0.02212505536246173 -0.007836811722501169 0
1941 -0.01352341183447506 -0.004992668042300519 0
1942 -0.02069654635796194 -0.008886361982745028 0
1943 -0.02446935770630435 -0.00530364263906228 0
1944 -0.02170547018276066 -0.004549947769626265 0
1945 -0.01890759359753812 -0.006619412732436039 0
1946 0.010982607614626 -0.002586918551368595 0
1947 -0.02941949973315626 -0.004346761075030872 0
1948 -0.03787412193879666 -0.004431779387266165 0
1949 -0.008802327379037732 -0.003425248966935903 0
1950 -0.01972843769904243 -0.00685796097075867 0
1951 -0.01552043359639128 -0.0009642340116240944 0
1952 -0.01760443832798946 -0.003556152099717191 0
1953 -0.009526453944034907 -0.003423124046153378 0
1954 0.03674384699654722 -0.01691275870632503 0
1955 -0.03924877275601306 -0.01035793810123296 0
1956 -0.03725074793778627 -0.004842182865505276 0
1957 -0.02608841428488721 -0.000904395851525803 0
1958 0.06744606984497938 -0.03986574502533761 0
1959 -0.02093606923753608 -0.001926007085513308 0
1960 0.02141899339916018 -0.004404181540150838 0
1961 0.02793713084114635 -0.001178582950072817 0
1962 -0.06741525606683883 -0.03990214803895775 0
1963 -0.03042823175922678 -0.01308510670619889 0
1964 -0.02084940631642625 -0.00307626015977492 0
1965 -0.01997644248969965 -0.002439532429988745 0
1966 -0.08427072803211257 -0.03864079057235913 0
1967 0.02685626464885996 -0.001675928152257431 0
1968 0.00382053374133931 -0.001423888168735308 0
1969 0.02361009079221417 -0.002715022925847621 0
1970 0.08427845023841304 -0.0386215732270933 0
1971 -0.01753822743628037 -0.006150174999814491 0
1972 -0.007680317626276716 -0.0005057056167942653 0
1973 0.004836650388650002 -0.00350213032988792 0
1974 -0.007279096681895073 -0.002503104903056218 0
1975 0.03542523779853982 -0.01774918608268163 0
1976 -0.03261113679103209 -0.005351543623180602 0
1977 0.01050139097288203 -0.004830523433840358 0
1978 -0.03744375613547737 -0.005704408121162874 0
1979 0.01976782154643162 -0.0024077748168829 0
1980 0.01526718726488003 -0.001353176035886445 0
1981 -0.03353133372543163 -0.0008240387860580591 0
1982 -0.007790127407949789 -0.002121043450357985 0
1983 -0.005803475957949491 -0.001922032214001437 0
1984 -0.01107826265153817 -0.005605543331293846 0
1985 0.03031299879855813 -0.01173797884363068 0
1986 -0.08772932196390482 -0.03137821742066204 0
1987 0.03784225053196643 -0.004520467051155227 0
1988 0.08773270611741205 -0.03136909814373019 0
1989 0.02889026541540166 -0.009233178564681222 0
1990 -0.03711394921583177 -0.004125772740731795 0
1991 -0.02375349799121747 -0.001309006013530914 0
1992 -0.02220259869165171 -0.004024130635150247 0
1993 0.00854599317928671 -0.0008342762057649205 0
1994 0.03564132706239032 -0.004151820010867576 0
1995 0.01582048587823902 -0.003619148993920424 0
1996 -0.030743084627409 -0.003975361380068236 0
1997 0.01319614923159328 -0.003841826925347111 0
1998 0.02228717303018261 -0.00443169012393375 0
1999 -0.01985262440206241 -0.002984178418873495 0
2000 -0.02606912506061987 -0.008989444885317624 0
2001 -0.03291097293564329 -0.0003537252914647067 0
2002 0.0001205313228262116 -0.009929117733149743 0
2003 0.01116742741588194 -0.005387446632931473 0
2004 -0.004286196106049515 -0.001288698360260916 0
2005 0.03845182267196582 -0.01712655744932197 0
2006 -0.01935355977066161 -0.01152030372946515 0
2007 0.02772322548816473 -0.008232511069068712 0
2008 -0.02377571230198885 -0.002155932461471966 0
2009 0.03522824312947096 -0.0004813165280747154 0
2010 0.005739029185918999 -0.0005612657146317211 0
2011 -0.06285791596739485 -0.08564085272324 0
2012 -0.03041858636079587 -0.0007839622189808532 0
2013 -0.02809317562190045 -0.0007893306473588197 0
2014 -0.07193243298961297 -0.08424285547395714 0
2015 -0.01490602210012597 -0.004949819174804305 0
2016 0.06312557767514589 -0.08585697282715238 0
2017 -0.02575125527795317 -0.002643883913887217 0
2018 0.07213471956302223 -0.08447452303407757 0
2019 -0.01160414979788508 -0.001574478070762407 0
2020 -0.02110249535867203 -0.0003345294461319632 0
2021 -0.08995750513958882 -0.02305091376461029 0
2022 0.08995810597483798 -0.02304893208740478 0
2023 -0.07495234635628908 -0.02293897718102568 0
2024 -0.01242713653561329 -0.004042045931365506 0
2025 0.07495405396538991 -0.02293474089552736 0
2026 -0.06673255258899356 -0.02632918782617544 0
2027 0.02415059798063706 -0.01124870911174979 0
2028 0.06672994145216118 -0.02631546951548439 0
2029 -0.1085733403640562 -0.02388485572428484 0
2030 0.1085733880845284 -0.02388467656556173 0
2031 -0.01977754886012374 -0.004083596305802539 0
2032 0.01670020825425053 -0.005936222750588138 0
2033 -0.006364180878006563 -0.001049315777568936 0
2034 -0.1308537458777448 -0.0233800079535792 0
2035 0.1308537483912653 -0.02337999839997905 0
2036 -0.009132496983936375 -0.004123586620387427 0
2037 0.01310012816415195 -0.003016095461165958 0
2038 0.0112089453339275 -0.00454785843085303 0
2039 -0.02730801350900863 -0.003608997084415002 0
2040 0.1131984000670249 -0.02956589801896078 0
2041 -0.1131983394467389 -0.02956612443618906 0
2042 0.007496496766143945 -0.0008292154069407668 0
2043 -0.08183393339074199 -0.1388125601074799 0
2044 0.03228599285932373 -0.0004095493299761286 0
2045 -0.07200948507105787 -0.02213228979468718 0
2046 0.07201086567122321 -0.02212882948870232 0
2047 0.03129913532251304 -0.001877159188425232 0
2048 -0.1247839859235519 -0.1400958456070027 0
2049 -0.02153606772986414 -0.002229478361683315 0
2050 -0.01826256650075163 -0.004439275826150557 0
2051 -0.02532457748502886 -0.000982249115731211 0
2052 0.03217181396611454 -0.003440986976709208 0
2053 -0.03659522428128688 -0.00892997432107224 0
2054 -0.1284774232543565 -0.1136472051488008 0
2055 -0.02770470991597782 -0.001153494156460576 0
2056 -0.02035247386745838 -0.002794348661585494 0
2057 -0.01764831925402413 -0.00422441895736704 0
2058 0.02894759257532785 -0.007756444875133013 0
2059 0.0186692513558957 -0.001003682978319551 0
2060 -0.02920425219483903 -0.0003634250432143201 0
2061 -0.02290785907284311 -0.002904920283755117 0
2062 0.1285250599812952 -0.1135836233561317 0
2063 0.01155328403730328 -0.001065511697335697 0
2064 0.03178445565527468 -0.004486732168549447 0
2065 0.03213296329349746 -0.0135246576981045 0
2066 0.02028579663418491 -0.210873180672407 0
2067 0.03263434951185307 -0.006057853210626175 0
2068 0.03858896049165128 -0.1474693966843903 0
2069 0.1249090530499206 -0.1399257512156259 0
2070 0.02885795185290446 -0.006972030010532184 0
2071 0.01599732255689367 -0.002822753637486546 0
2072 -0.02660074232108099 -0.003527171275610738 0
2073 -0.03827749846112472 -0.005517446955599958 0
2074 0.02710726333242856 -0.0007957909130300138 0
2075 -0.07583490223454573 -0.06187110822079025 0
2076 0.01004706970880664 -0.002323487196778555 0
2077 0.01686165123522589 -0.004770558648042375 0
2078 0.02099232299013569 -0.0102317388503688 0
2079 0.075888588000943 -0.06178271353775493 0
2080 0.008124788164977482 -0.001732863959329153 0
2081 0.08481286092989997 -0.1385758202905975 0
2082 0.02267590710942604 -0.01177258137693883 0
2083 0.07352322353547072 -0.1048093632188876 0
2084 0.01325731978275012 -0.004559146635421032 0
2085 0.03239920253382715 -0.008086233041693518 0
2086 0.03263557603081811 -0.001226752948655484 0
2087 -0.02015386250891703 -0.001261599548020001 0
2088 -0.03102321221927329 -0.0006672168017815057 0
2089 0.0145631410383848 -0.00712577986811262 0
2090 0.03282563838162378 -0.002065110929204488 0
2091 -0.00824758140234637 -0.002301121539678271 0
2092 -0.01617619475182607 -0.005070209485850544 0
2093 -0.03663915874945025 -0.006346861392560034 0
2094 -0.01016103783211128 -0.08697482205047091 0
2095 -0.0218443466433209 -0.002813357887407187 0
2096 -0.02477183442075081 -0.0013322045805766 0
2097 0.02158272533604969 -0.01391772232520369 0
2098 -0.0912236617377012 -0.1280196333359792 0
2099 0.02025764512532651 -0.001110771604225582 0
2100 0.02770074560043697 -0.0016123246848166 0
2101 0.02796592623255681 -0.002626818010114063 0
2102 -0.03193888685439227 -0.001215320840552891 0
2103 0.01819658916664665 -0.0005370548516919215 0
2104 0.02826743178680281 -0.0003728990066415712 0
2105 -0.02277908465555672 -0.0009680827724610723 0
2106 -0.01843052904657602 -0.009058785999601134 0
2107 0.0106922359304452 -0.002090751031067531 0
2108 0.03748187568063812 -0.01554203927172042 0
2109 -0.01970602017970312 -0.0003947017310980829 0
2110 0.01470635628291589 -0.002560426304085874 0
2111 0.01831833682055499 -0.01004489400394166 0
2112 0.01229155182904806 -0.00660050080880247 0
2113 -0.03328441462023491 -0.004638815305769929 0
2114 -0.0286116185567502 -0.008410927899864267 0
2115 0.02191835121513545 -0.003715217192798227 0
2116 0.03381009341218764 -0.003711542114355957 0
2117 -0.07458359803529231 -0.1267530714846654 0
2118 0.02870458619792481 -0.01011435424233945 0
2119 0.03205105275226747 -0.0008354354978363237 0
2120 0.01031774666102217 -0.0003983578426216278 0
2121 -0.0326239247377685 -0.00291916760377969 0
2122 -0.1322323220595525 -0.04028616237221638 0
2123 0.132232353905671 -0.04028604023896136 0
2124 -0.03794289779598681 -0.008240973488930119 0
2125 0.0222180582682981 -0.001309737446757233 0
2126 -0.02415187899536769 -0.00461575375577137 0
2127 -0.1256728466629512 -0.02489493239016994 0
2128 0.1256728559513669 -0.02489489726493803 0
2129 -0.03235337003961822 -0.006422401273353718 0
2130 -0.04648630538064191 -0.122522846953986 0
2131 0.0938798350838846 -0.12728622330794 0
2132 -0.1272304308691913 -0.07429220596515149 0
2133 0.1272341135827901 -0.07428041995789696 0
2134 -0.01414938706578642 -0.1725160437431814 0
2135 0.02178280739652782 -0.007553529727043795 0
2136 -0.0236936913011859 -0.003899943018683856 0
2137 -0.07100488420255704 -0.07591358640351317 0
2138 0.01872178119820985 -0.002603123578163288 0
2139 0.0294763518068428 -0.01085553686992235 0
2140 0.1267892461606648 -0.08698530632964442 0
2141 -0.1267811801898407 -0.08700765100553141 0
2142 -0.06950255945839746 -0.02171307122811747 0
2143 0.03333051440343729 -0.006562301947749187 0
2144 -0.02415032185828245 -0.001688309490305377 0
2145 -0.022274917273603 -0.01246618939378542 0
2146 0.0373104157041562 -0.2298157282210675 0
2147 0.06950379554562522 -0.02171007247147413 0
2148 -0.01778947008095509 -0.008508877346354327 0
2149 -0.02021651031498688 -0.003442699531986823 0
2150 0.07113175964468725 -0.07584181506746819 0
2151 -0.1204480731889691 -0.0233941931236753 0
2152 0.1204480823274908 -0.02339415839232067 0
2153 -0.03839380383998614 -0.01592442027832369 0
2154 -0.01364340466814282 -0.003458021456089332 0
2155 -0.006959741464805329 -0.001502488655147405 0
2156 0.02172954608379319 -0.006811454457050503 0
2157 -0.01229594368686817 -0.003270901939947446 0
2158 -0.01358248068892282 -0.004190369375695919 0
2159 0.01540251622225252 -0.002425983078988196 0
2160 0.01270299048797629 -0.004217988873035395 0
2161 0.03291024061302185 -0.01156594173942922 0
2162 -0.02094456133001572 -0.002484443400701624 0
2163 0.03459694940468767 -0.0038727138379864 0
2164 0.02112328368359596 -0.003641722240619472 0
2165 0.01153809657266607 -0.00268402348511808 0
2166 -0.03248106566628894 -0.001032858153467871 0
2167 -0.02563266948345046 -0.00500390320922155 0
2168 0.02072806796121112 -0.002321418757220534 0
2169 0.01805944368731393 -0.002709173114162894 0
2170 0.02413667208352957 -0.009949871581381524 0
2171 0.01746075691465931 -0.00694456303852039 0
2172 0.0232366943261781 -0.005757640463282182 0
2173 0.01800200377907431 -0.005961286842523314 0
2174 -0.07238814417450226 -0.1132913375686662 0
2175 0.008132183718445939 -0.177040672631637 0
2176 0.03770814919882068 -0.003066179398086119 0
2177 -0.06433094351045368 -0.1041023542474783 0
2178 -0.02761096316606684 -0.008562132799491504 0
2179 0.01002066976859789 -0.2300434888874007 0
2180 -0.02981780844150048 -0.005123572319725885 0
2181 0.01416234362454225 -0.004695012197226129 0
2182 0.09279647970731432 -0.03207677006944724 0
2183 -0.09279434491646492 -0.03208313666700351 0
2184 -0.006056956353094874 -0.2107506757833203 0
2185 0.03337121372680722 -0.005581406720038509 0
2186 0.03105467709633129 -0.001423802797625903 0
2187 0.02894489659947103 -0.002195342627357628 0
2188 -0.02078405765522757 -0.01251331087776957 0
2189 0.01967790996906982 -0.0009618000240308712 0
2190 0.02957266502750439 -0.005013412185421482 0
2191 0.02489747893498484 -0.006568231794547112 0
2192 -0.09399114222147736 -0.02305095535267183 0
2193 0.02657125101520895 -0.0005537821210121936 0
2194 0.09399153671013961 -0.02304959539834456 0
2195 -0.02731882187242074 -0.005238612952837135 0
2196 0.01410647511715989 -0.006270529231355995 0
2197 0.03161770071357638 -0.002427305110134392 0
2198 -0.1288227514513365 -0.04651943309701595 0
2199 0.02861401604343497 -0.004410824202750237 0
2200 0.128823100543554 -0.04651817862657417 0
2201 0.02130465995505233 -0.006059244605950333 0
2202 -0.02804081895942886 -0.009459720560590948 0
2203 0.09671675051515617 -0.02943965763079167 0
2204 -0.0967159204088673 -0.02944257717758387 0
2205 -0.03501777620346133 -0.01123227078582027 0
2206 -0.04762393900557414 -0.0226202208267706 0
2207 0.04778382348440294 -0.02259928087652267 0
2208 -0.05023026127304976 -0.02470000664866539 0
2209 0.04533169606806323 -0.0321911802605464 0
2210 -0.04507169554432663 -0.03168568115683276 0
2211 0.05008274213879724 -0.02450084412260381 0
2212 0.02280495731835687 -0.04592323797861556 0
2213 -0.02229716385173524 -0.04585531062552147 0
2214 0.04361854849213143 -0.02217958402167288 0
2215 0.04099186245731295 -0.03377656382666922 0
2216 -0.03359176372700352 -0.03112462223502321 0
2217 -0.02771190051475654 -0.04447414342575409 0
2218 0.02820007920653066 -0.04477266359903886 0
2219 0.04030149509486642 -0.02503276863775307 0
2220 0.0252794644280173 -0.03084870229709327 0
2221 -0.0240179776566705 -0.03085978198788677 0
2222 -0.02027580082566702 -0.03160974653407458 0
2223 -0.03808863396559445 -0.04498403114597763 0
2224 -0.01683425237075633 -0.02475304309903052 0
2225 0.05643149983200244 -0.02616056347897208 0
2226 -0.05619100920894387 -0.02570137037007494 0
2227 0.0007250647883762502 -0.0009489857997127315 0
2228 0.02184370769007441 -0.03178998040380162 0
2229 -0.04858412180651493 -0.04640957353417616 0
2230 0.04868827011351397 -0.04595463656664713 0
2231 0.00112218547289039 -0.001982681410362846 0
2232 -0.04129654721618177 -0.03355292880360249 0
2233 -0.05255449508098951 -0.04398140184323728 0
2234 0.0527550086643155 -0.04358662752935144 0
2235 -0.03981976243400193 -0.03784914342240552 0
2236 0.04158697175526276 -0.03006686290264075 0
2237 -0.02913368436307016 -0.03910918671781748 0
2238 0.05250643477393489 -0.02757633618225157 0
2239 -0.05250980219175189 -0.02762260242534427 0
2240 0.02956654962677888 -0.03936438459288178 0
2241 -0.04095405256791351 -0.02216825842780535 0
2242 0.02104517968896627 -0.0409211343678571 0
2243 0.03879577525298302 -0.02714028997041659 0
2244 0.01507015255934444 -0.02988080931379339 0
2245 -0.02032792415333166 -0.04091214174964616 0
2246 0.0164592802085461 -0.03925968174405092 0
2247 0.01673784164585782 -0.0006438907358973764 0
2248 0.02768243398110335 -0.03405738023457015 0
2249 0.04350254685955892 -0.04434013318281958 0
2250 0.04040097568615954 -0.03895634168446038 0
2251 -0.05110165954667948 -0.03894155147367822 0
2252 -0.03279663362338726 -0.04340438520263247 0
2253 0.05287407758363658 -0.03825525974176037 0
2254 -0.04196332919146195 -0.02515726174669215 0
2255 -0.04936131059251395 -0.03012809903835299 0
2256 -0.04377316663975165 -0.04517052657621957 0
2257 0.03753920667897325 -0.04468858473773172 0
2258 0.04891611198524176 -0.03011983583203246 0
2259 0.008835459387710977 -0.04460447420557758 0
2260 -0.04908684576061408 -0.03432117703500237 0
2261 -0.01575202551459063 -0.03941602415568105 0
2262 0.03235051367021827 -0.0348106630111211 0
2263 0.03656738258732842 -0.03492139394945687 0
2264 0.001758884945563833 -0.002155322260310083 0
2265 0.04983485418993838 -0.03423531916952579 0
2266 -0.008369932533676286 -0.04474041258752536 0
2267 -0.004057582773337418 -0.02369806762377694 0
2268 -0.01406818124500784 -0.0306165718291131 0
2269 -0.05583352090292715 -0.02245412441398402 0
2270 0.05663848405816407 -0.02259907653889466 0
2271 -0.0134405716835264 -0.01906124187633336 0
2272 -0.01796230454946547 -0.02247390761057848 0
2273 -0.02738266996717439 -0.03382800373695056 0
2274 -0.005576801035958864 -0.01783675052942094 0
2275 0.0002606071029321098 -0.0005936570239786855 0
2276 -0.03604327179729415 -0.02609122830140781 0
2277 -0.03674035983249586 -0.03391975711789395 0
2278 -0.009331356646815487 -0.01898713852543283 0
2279 -0.007364199465801154 -0.01859158778166895 0
2280 0.01863692767795875 -0.03130487247279645 0
2281 -0.0002725548816827553 -0.01460071941799393 0
2282 0.001287361829977269 -0.02393703806602586 0
2283 -0.01524061454778772 -0.01848689413837045 0
2284 0.002653651067093946 -0.03757233061346612 0
2285 -0.002814632356133618 -0.02137746163770425 0
2286 -0.001119812617015217 -0.001300707692593344 0
2287 -0.01474058640516137 -0.0522846393095615 0
2288 0.003871784222183013 -0.02386638373744578 0
2289 0.008701406362001795 -0.007248497195511007 0
2290 -0.03897327782279017 -0.02749606716983186 0
2291 -0.003105953153112836 -0.03665488532101856 0
2292 -0.005133418037816413 -0.01367284092015591 0
2293 -0.006614409958059644 -0.02375293430284642 0
2294 0.01517660982989944 -0.05221100101930977 0
2295 -0.01915477057080437 -0.03579604340360699 0
2296 -0.0005640821920776528 -0.001541235061095668 0
2297 -0.01420205366636317 -0.02438972961926568 0
2298 0.002513975882770111 -0.02161133758605523 0
2299 -0.01161660858407399 -0.02414805128506442 0
2300 -0.03632509308139548 -0.02966080305822449 0
2301 -0.01142706049149607 -0.01910279700856079 0
2302 0.006657962604802163 -0.02934241093003951 0
2303 -0.04258868635459518 -0.0287176870155372 0
2304 0.022051380021115 -0.1217234386596048 0
2305 -0.001393540941114893 -0.02396153626380772 0
2306 -0.03168951897126374 -0.05460656587935511 0
2307 -0.004001987760829694 -0.0298878785146755 0
2308 0.03199937061688295 -0.05464579861265915 0
2309 -0.01706494797225743 -0.03154918700389069 0
2310 -0.006703272158244279 -0.02951511950001437 0
2311 0.03547150919934263 -0.02778212132001312 0
2312 -0.00139192663990687 -0.03002183005803359 0
2313 0.00480453466863623 -0.00045329964930999 0
2314 -0.01125259052470417 -0.01516600004579436 0
2315 -0.02200660898806002 -0.02480381809133737 0
2316 0.02963826767230047 -0.02750623667459016 0
2317 0.03274010267436672 -0.04421643985135093 0
2318 -0.01948596661180692 -0.0251181423345932 0
2319 -0.0008135287937381633 -0.002853024637076752 0
2320 0.01028632574525654 -0.03565026300237834 0
2321 -0.0387756182010254 -0.02172411710676054 0
2322 0.003986552733948571 -0.02979494726590983 0
2323 0.001295836608650105 -0.03000538983860109 0
2324 0.02024457122807616 -0.03573829082486431 0
2325 0.0326924062231139 -0.02778220769295868 0
2326 -0.009663607958185097 -0.01509763412876594 0
2327 -0.04166729339924801 -0.0557654002514161 0
2328 0.0023077808354042 -0.001163710332473852 0
2329 -0.0207534913160169 -0.0160594962893146 0
2330 0.01592314964857768 -0.02341706066045576 0
2331 0.03622669701509234 -0.025064184471094 0
2332 -0.01286788032237528 -0.01516192961446073 0
2333 -0.009144158341901147 -0.02394859696372293 0
2334 -0.03335519070858262 -0.02435862787347863 0
2335 -0.01599024047207283 -0.01439225585691335 0
2336 0.04189904147085547 -0.05580796183603237 0
2337 -0.01968551687976349 -0.02023335813310554 0
2338 -0.01430347520397703 -0.01482403267624345 0
2339 0.03428837877122164 -0.03115458705350418 0
2340 0.006319155471371722 -0.02377736796335522 0
2341 0.01731712801146902 -0.001315528813357348 0
2342 0.0001795368784951748 -0.04752829305723167 0
2343 -0.004085833566331141 -0.01287523658562886 0
2344 0.006813880296865776 -0.01931060807095546 0
2345 -0.03679696753038057 -0.02066705259245728 0
2346 -0.03636533145035484 -0.02303919187463123 0
2347 0.003781075878185677 -0.04381768738061623 0
2348 -0.0196792560679864 -0.01490916059099488 0
2349 -0.001672028408238452 -0.01365187422834637 0
2350 -0.004294707607969109 -0.0004547121796757572 0
2351 -0.003838749712946333 -0.05796009054739835 0
2352 -0.002837839424646454 -0.01252926592807195 0
2353 0.04030875508382796 -0.02068966391688879 0
2354 0.002278885495387086 -0.001821027284689858 0
2355 -0.004222643311497196 -0.04502187338304059 0
2356 0.007653640876398369 -0.008144785741391778 0
2357 0.01974904160465842 -0.01203721757869142 0
2358 -0.06099156541093285 -0.02434055791246616 0
2359 -0.008120589036280561 -0.01484395320433929 0
2360 0.05975865790739437 -0.02458511464686923 0
2361 -0.008064731583297634 -0.02124876179860012 0
2362 0.0009650805283561605 -0.01375037882096414 0
2363 -0.0008472972068788697 -0.0003991397855239621 0
2364 0.02797227780557223 -0.0299108626450923 0
2365 0.004359964180123833 -0.006212120491950716 0
2366 -0.05571928815362098 -0.04043799824766121 0
2367 0.05674540707314282 -0.04125718861160616 0
2368 0.01323151595628649 -0.03717280239246518 0
2369 -0.02154686104878004 -0.02811758301473988 0
2370 0.002304558483767898 -0.0005026401650740917 0
2371 0.00502457268424889 -0.008456460729953808 0
2372 0.01288666978741513 -0.0423513557281569 0
2373 -0.0009915281642487235 -0.01910452680725296 0
2374 -0.03708930346265432 -0.05387861884696254 0
2375 -0.004635756533043681 -0.01012694741591365 0
2376 -0.01272336513366078 -0.02159567369166193 0
2377 -0.007078172620174551 -0.004640287978058114 0
2378 0.004059378474818924 -0.05661973223491265 0
2379 0.006034112494414367 -0.007088693757327728 0
2380 0.007117190586386849 -0.009714605358570964 0
2381 0.008782376522131659 -0.02387063873835145 0
2382 0.003929011518499298 -0.01909928604482591 0
2383 0.0007815530949638431 -0.003499898161403814 0
2384 0.002447126452833073 -0.002649011447719448 0
2385 -0.000818883578005471 -0.00439327518701368 0
2386 -0.01228707050581512 -0.04251636020145292 0
2387 -0.001769172412094125 -0.001782517730832145 0
2388 -0.02474912390257641 -0.02397134936388512 0
2389 0.0003653645700198648 -0.00118229705994245 0
2390 -0.00875263451486257 -0.0003530599352048399 0
2391 0.01225284857333663 -0.01969208794339087 0
2392 0.01068354433852749 -0.02914876286253799 0
2393 -0.02606639078963387 -0.00777915610064931 0
2394 -0.000365731520335657 -0.0004658838906007878 0
2395 0.007137007664082946 -0.03624699087603376 0
2396 0.007099138326544618 -0.01562318101861491 0
2397 0.0373525963843647 -0.0539608096388282 0
2398 0.01678359679076344 -0.001156764503447828 0
2399 -0.0005083790634490821 -0.006343600125774622 0
2400 -0.006607153790760164 -0.01435698591420036 0
2401 -0.02422053373064035 -0.05722323016288212 0
2402 -0.001627878468835996 -0.001101984217309467 0
2403 -0.01560158553816569 -0.02777617538172246 0
2404 0.02460714567855535 -0.05720716458828707 0
2405 0.004908420383967151 -0.009690148766600928 0
2406 -0.00903279531026477 -0.02880299039645488 0
2407 0.01623149332241098 -0.001008387339056393 0
2408 0.02494044603187933 -0.0008710794958433097 0
2409 -0.01066355409934119 -0.01230512547882586 0
2410 -0.01133891076996278 -0.04819638987350624 0
2411 0.006949208231738029 -0.005959387615777072 0
2412 -0.006487090554128535 -0.005012680490923352 0
2413 -0.008263578904507643 -0.03614954277719187 0
2414 -0.003570418214360752 -0.01887011237753012 0
2415 -0.03332896343083198 -0.02001215814531767 0
2416 0.01187990917204449 -0.04814478432092312 0
2417 0.02339877440111729 -0.02873308576987191 0
2418 -0.006506441464414459 -0.01277529075193314 0
2419 0.01820393024416986 -0.02773790811906508 0
2420 0.0365098774439573 -0.02203283051682844 0
2421 -0.001672020265904921 -0.004075589367486845 0
2422 0.009565112628168783 -0.01987322301089363 0
2423 -0.01127225505667198 -0.02973323846751261 0
2424 0.01873169530850913 -0.0004448569219680073 0
2425 -0.03096840895037341 -0.02915137852717127 0
2426 -0.01042872959100015 -0.01701452446237573 0
2427 -0.00201182675150305 -0.01558102961942694 0
2428 0.01818244868679732 -0.01294493450746418 0
2429 0.03988994286076503 -0.01418573207046278 0
2430 0.004259372452534154 -0.0004381167471863148 0
2431 0.02392924139509785 -0.01718951087345307 0
2432 0.01079779472339975 -0.007446688548980276 0
2433 -0.01029724176665851 -0.02672277413640922 0
2434 -0.01718729065436704 -0.01978393571881833 0
2435 0.005181171182331069 -0.0008233213339517671 0
2436 0.009681784863686241 -0.009213011865772197 0
2437 -0.0007265496638394833 -0.0009113763663630664 0
2438 -0.01699843366595168 -0.01591581100125002 0
2439 -0.01229831064486756 -0.01336267491367915 0
2440 -0.009102425607225894 -0.01336858622378936 0
2441 -0.02252794929981072 -0.01544810942775485 0
2442 -0.05400605571791277 -0.02171386966368708 0
2443 -0.0187083534884099 -0.016469786704939 0
2444 -0.03488100051696203 -0.04904136759854294 0
2445 0.05401432786910132 -0.02171040368097218 0
2446 0.01384258700578612 -0.0004941579999475775 0
2447 0.0351674898594934 -0.04936977097566986 0
2448 -0.02004586103039184 -0.05170478332102074 0
2449 0.0001870406644101682 -0.001815400073579556 0
2450 -0.03669036934245586 -0.0190474379106834 0
2451 -0.001291792608428314 -0.01198635857146847 0
2452 -0.00590954663152442 -0.003734653944664735 0
2453 0.001383512372344431 -0.01985882181198978 0
2454 0.005580738707843488 -0.01049581825742319 0
2455 -0.01575558260748899 -0.000466827626852246 0
2456 -3.510002462712633e-05 -0.02690326157135308 0
2457 -0.001849091820723069 -0.005957867440914695 0
2458 0.0517696489325957 -0.02213130409941544 0
2459 -0.05835551366494588 -0.03659872882966699 0
2460 0.0123050860100653 -0.03313433053003467 0
2461 -0.05178751280457446 -0.02216913488033185 0
2462 -0.01219629891161068 -0.03775751906661939 0
2463 0.006989792343804515 -0.08276486934103712 0
2464 0.0204940231981825 -0.05169127546177379 0
2465 0.05844621320767271 -0.03735829236000413 0
2466 0.02122109536033872 -0.1486533594488899 0
2467 -0.02956174799227176 -0.02119728116047992 0
2468 -0.00658243418040638 -0.01145762273650711 0
2469 -0.003742944570218667 -0.002833875162009852 0
2470 -0.005306872826875479 -0.02669387057821805 0
2471 -0.00783136868134039 -0.01203982273423365 0
2472 -0.01699690170027287 -0.01766697842979138 0
2473 -0.03684993838234438 -0.06671707890178068 0
2474 -0.006930802860602992 -0.01632789271961924 0
2475 0.01687483888010876 -0.01649861494589356 0
2476 -0.01415972213953006 -0.01055477332607828 0
2477 0.005726076400423863 -0.01277720719729883 0
2478 0.03718468396373927 -0.06661911137284258 0
2479 0.01621977637381983 -0.01309129757331705 0
2480 -0.03509737114305735 -0.01953280763857688 0
2481 -0.01393986617520496 -0.0168159362194508 0
2482 -0.00337983769176914 -0.01030829724599933 0
2483 -0.1008976918523379 -0.02268477722841406 0
2484 0.1008978240101999 -0.02268429750628601 0
2485 0.01721564021520962 -0.0003667968022453473 0
2486 0.0224115560385032 -0.003133305467112521 0
2487 0.03403967912245195 -0.02330387132324979 0
2488 0.007950111477621436 -0.02177997667502493 0
2489 0.02409074248267029 -0.000340501124501671 0
2490 0.01366579078569917 -0.0009821662653999804 0
2491 -0.03882673316393388 -0.008191470199036096 0
2492 0.01110366295610843 -0.01595547338304701 0
2493 -0.004472244395165253 -0.0008845284827159749 0
2494 -0.04877303455295749 -0.05707088904822633 0
2495 0.04895638744875477 -0.05704161610815437 0
2496 0.007299661375883187 -0.007103116876610309 0
2497 0.005226645199333539 -0.02661098349326206 0
2498 -0.0222089483835911 -0.0006528193105312985 0
2499 -0.04591031648201427 -0.05115376240051889 0
2500 0.02598422947762079 -0.1782792502843878 0
2501 0.004686648696544502 -0.005336144438307913 0
2502 0.001130508351730576 -0.07264609482740927 0
2503 0.02619677641157359 -0.02737859790811381 0
2504 0.006469222722431882 -0.04032082247355296 0
2505 -0.03466579751328912 -0.00467154600196793 0
2506 -0.005343799182824197 -0.004037094837711073 0
2507 -0.002434124250614306 -0.004481512275506556 0
2508 0.1178940281507475 -0.05965349644568863 0
2509 -0.1178911156938745 -0.05966355573175249 0
2510 0.009266533514389056 -0.01610189117278199 0
2511 0.1210008255127024 -0.04498604554972785 0
2512 -0.12100027588883 -0.04498799325056967 0
2513 0.02514001330715271 -0.0003782986537030328 0
2514 -0.005896772475266036 -0.004481325349702967 0
2515 -0.02613233880411809 -0.05035707636221922 0
2516 0.01138632998942564 -0.0006037211137340781 0
2517 -0.02777325979040996 -0.01158861673222601 0
2518 -0.03711512595377966 -0.007400279707497228 0
2519 -0.009891480902272187 -0.006957655399236861 0
2520 -0.0004732127121260496 -0.002148454517493079 0
2521 -0.0309866516090373 -0.01922488314011763 0
2522 0.04608601183601863 -0.05109515670749284 0
2523 -0.01680061113591957 -0.01163167622531428 0
2524 0.000635761707464955 -0.01181977502523553 0
2525 -0.01628328533692364 -0.0004921795158702056 0
2526 -0.00233846908484748 -0.002942884868796711 0
2527 0.006422363206915174 -0.01151838000803569 0
2528 -0.00380015047945238 -0.01154496608512926 0
2529 0.02654185558132939 -0.05044805484963818 0
2530 0.006477827589462433 -0.004207020412680771 0
2531 0.0107735975440335 -0.02230017769511916 0
2532 0.003705935731744851 -0.01532042966210918 0
2533 -0.08641307621358209 -0.02306064646458498 0
2534 -0.003142291585212656 -0.003140456513853183 0
2535 0.08641399304048479 -0.0230580058843194 0
2536 0.02300962462765293 -0.001036222520055546 0
2537 0.02821618712556175 -0.01805398443486965 0
2538 0.006809034428163591 -0.0002994699661576452 0
2539 0.001234100357480086 -0.001252886118565613 0
2540 0.06005903127037818 -0.1282715866634243 0
2541 0.03177197908563469 -0.003910308012600826 0
2542 -0.02942081073398067 -0.01764735863598956 0
2543 -0.02294570279955207 -0.02194675569734041 0
2544 0.003493545432545545 -0.003554188284502986 0
2545 -0.005839257575704647 -0.04083281144374953 0
2546 0.00547462285108541 -0.002993914783372508 0
2547 0.004324851095181155 -0.01073818394068204 0
2548 -0.004002852522536211 -0.0008084824793604337 0
2549 -0.01815114601580161 -0.001142516750214692 0
2550 0.002104750711372151 -0.01620588760999458 0
2551 -0.003714591362856832 -0.01662577039031505 0
2552 0.005285760275184728 -0.002331741899478951 0
2553 -0.02820674083295704 -0.0003275687124010454 0
2554 -0.008514321283936374 -0.006827213746370559 0
2555 -0.02451009936797672 -0.02024025126449757 0
2556 0.00102441676537833 -0.01517911715515029 0
2557 0.002766818985844868 -0.0003228889164178122 0
2558 0.009034848586405445 -0.00618135791982533 0
2559 -0.008110233583787306 -0.005717713260725622 0
2560 0.02013317802625523 -0.01352369518514015 0
2561 0.01887626528674867 -0.01599834493605787 0
2562 -0.01413211910764339 -0.06871045733982004 0
2563 0.0174106806748888 -0.01063088177452595 0
2564 0.0202744886176283 -0.0002616494997262146 0
2565 -0.00209056092551591 -0.0008603238290863062 0
2566 0.007221718086338716 -0.01294199871496519 0
2567 -0.001687860013337673 -0.007720686280545434 0
2568 0.008632933396169259 -0.003134406786778606 0
2569 0.01397552608404935 -0.009728404492951339 0
2570 0.01692855132403968 -0.01169331952446548 0
2571 -0.00635955831557847 -0.008087822126328465 0
2572 0.01771791546582929 -0.0009331253351014549 0
2573 0.03256380361628871 -0.002755846981651086 0
2574 -0.01446406888580743 -0.01322817570648017 0
2575 0.06467616443737777 -0.02450002131781333 0
2576 0.03796766120133549 -0.02025320058484856 0
2577 -0.06366546992586018 -0.02309069111448393 0
2578 0.006325250217547357 -0.0004512265280197915 0
2579 -0.003244189120652995 -0.0004374412633734373 0
2580 -0.03207053031838777 -0.02174935790790941 0
2581 0.01668240552085653 -0.1061645984726432 0
2582 0.02037762344930303 -0.0172142525518917 0
2583 -0.02074309070995059 -0.0004001103201832132 0
2584 0.00306293886961365 -0.0107254518656748 0
2585 0.01453602666044158 -0.01067490596016507 0
2586 0.05027567304076392 -0.1154284689635767 0
2587 0.01536251447670714 -0.06830316583523015 0
2588 -0.003914433586297663 -0.001650574904993919 0
2589 -0.02895990417287245 -0.06841840603199105 0
2590 -0.01158635602470349 -0.03349007960566969 0
2591 0.002613688766179856 -0.009810296573458846 0
2592 0.002789546196080296 -0.001440628111790862 0
2593 -0.01333445809766333 -0.001139342435664544 0
2594 0.008137949726245944 -0.005525565978615918 0
2595 0.02418566920592673 -0.002198027218920677 0
2596 -0.01092812145967692 -0.06163451633958017 0
2597 -0.003531252116458683 -0.0007478819990757674 0
2598 0.04093812265385507 -0.01924308085690895 0
2599 0.01464703693854859 -0.1346727137076751 0
2600 -0.0312107711680842 -0.004379903264839139 0
2601 0.008091462517024533 -0.01441357634959713 0
2602 0.008741064691697708 -0.03274074318956468 0
2603 0.01559917189386049 -0.0008100072254784453 0
2604 -0.02833496932595349 -0.01253731483675127 0
2605 0.02132741536593639 -0.01270382623684178 0
2606 0.02938130205445872 -0.06831548773950283 0
2607 0.003345893474079407 -0.002379316848659563 0
2608 0.01779881372306156 -0.007866113743647004 0
2609 0.02447908304365531 -0.0007343835909182975 0
2610 -0.04498729736809769 -0.06808548009509301 0
2611 0.01194470853210975 -0.009606008875352472 0
2612 -0.01274594580219505 -0.0009081983818019098 0
2613 -0.007406383154007747 -0.00768288995715485 0
2614 -0.01330056016230709 -0.0005149866014400051 0
2615 -0.03044272331685045 -0.01184616405028055 0
2616 -0.05601924722528484 -0.03308060176266349 0
2617 -0.01038888773964826 -0.0546829377266659 0
2618 0.0550704904762322 -0.03382674606209585 0
2619 -0.005756263096458802 -0.09872456400984553 0
2620 -0.006902576560662664 -0.1204120972462172 0
2621 -0.05254728062017454 -0.05021785712566181 0
2622 0.0232727151606789 -0.003819264115725267 0
2623 0.002161646237304537 -0.01311710992137923 0
2624 0.05268959013009337 -0.05003805034180614 0
2625 -0.009175668163809287 -0.0004746259929760796 0
2626 0.04526367005318045 -0.06795906737253216 0
2627 -0.01019421443616739 -0.007995773158829097 0
2628 0.131533204483914 -0.0647282377865184 0
2629 -0.1315318957026928 -0.06473262269851787 0
2630 -0.007361154827357995 -0.008796671144844656 0
2631 -0.01004646928438296 -0.000897889602494465 0
2632 6.343635535910019e-05 -0.003051274027671505 0
2633 0.02171730478683591 -0.009362353253324053 0
2634 0.01476143127153181 -0.01301839521346295 0
2635 0.01694061839914188 -0.001720602354859743 0
2636 0.0229702925602675 -0.0006396462748770549 0
2637 -0.03325810518795397 -0.006054891647506615 0
2638 -0.04923328889714747 -0.1087999189888815 0
2639 0.01300065305803133 -0.01072028045860945 0
2640 0.005642009406944561 -0.004834348482028521 0
2641 0.02459582027845952 -0.01965957976993491 0
2642 0.03231001711491762 -0.01820231727776774 0
2643 0.005261525640308636 -0.01538109696334683 0
2644 0.02434102902191797 -0.01568965719896851 0
2645 0.009434086421824242 -0.06160441292277028 0
2646 -0.005852183388480728 -0.005297895278777836 0
2647 -0.007176645691028695 -0.005445040656426948 0
2648 -0.008268435463330618 -0.0005760161379398035 0
2649 -0.02324214439601822 -0.0005148177765809226 0
2650 -0.001130427679389041 -0.08864931375666094 0
2651 -0.01010894591047325 -0.01093653583028303 0
2652 -0.00665721380160289 -0.003464281281686581 0
2653 0.02105579530823011 -0.01129100933576103 0
2654 -0.01748904854262426 -0.0003456482265209832 0
2655 -0.03048192431042304 -0.003432160108256569 0
2656 -0.02580497209819042 -0.00593751309541803 0
2657 0.01566819544402441 -0.0003578210323291455 0
2658 0.007819094519484055 -0.06833088862222023 0
2659 -0.01792602862365211 -0.01432478261206579 0
2660 0.01650652301873555 -0.01824246048873652 0
2661 -0.0263101870461195 -0.010013126795152 0
2662 -0.03345977216177158 -0.01805647229053855 0
2663 -0.01756974054449194 -0.001674765498989758 0
2664 -0.002504847376141747 -0.001829149495447729 0
2665 -0.08196729627578683 -0.03271392019760105 0
2666 -0.03351509275017604 -0.1221078404922491 0
2667 0.002495722003719069 -0.03279393072985729 0
2668 0.01063796992269754 -0.05452874903737465 0
2669 0.05633454552247561 -0.1870872247200153 0
2670 0.08197318037653985 -0.03269974597542735 0
2671 -0.02198204559620998 -0.01702653679702518 0
2672 0.005853562667316326 -0.01729019806353989 0
2673 0.03548061238977159 -0.1197060776299818 0
2674 -0.0805648441724021 -0.02739068734845018 0
2675 0.08056829869257498 -0.02738213065139496 0
2676 0.02344729228791723 -0.0009794889689919877 0
2677 -0.01081137854359744 -0.009743752015876406 0
2678 -0.02777389910739641 -0.02924788743890762 0
2679 0.02791304905706299 -0.003949148127097307 0
2680 0.0172832358649997 -0.00236098541115917 0
2681 0.006236033017670065 -0.0009421171133588195 0
2682 -0.01883625884911462 -0.003574835209485497 0
2683 0.02894058885384174 -0.02288475348382668 0
2684 0.003826171402587585 -0.01173371390995131 0
2685 0.01408206327543453 -0.0009244264247891779 0
2686 0.01958718309665284 -0.0005254952134196307 0
2687 0.02408823319693355 -0.01437557394599818 0
2688 -0.02285335663664416 -0.01396328586795738 0
2689 0.02550191432476081 -0.01461373765522816 0
2690 -0.01370077576953393 -0.007944955809635936 0
2691 0.02958396589654026 -0.0165360518620077 0
2692 0.007230906425463846 -0.0003513482073556317 0
2693 -0.02072295428841019 -0.117473207903075 0
2694 -0.02644757811318138 -0.0003913180823498795 0
2695 -0.002343347355828724 -0.00968359924848607 0
2696 0.004603058660712667 -0.0009055420155519305 0
2697 -0.02848791700134928 -0.0157555104116064 0
2698 0.00944165143604705 -0.01072136350203469 0
2699 -0.01205693942012088 -0.1517354783949344 0
2700 0.007795079957008625 -0.00416979220858509 0
2701 -0.03052771645145731 -0.02333854825888608 0
2702 0.01491722383481856 -0.009513792417603986 0
2703 -0.006258529562007493 -0.005989275491412223 0
2704 -0.00146205844970886 -0.0005052675059031827 0
2705 -0.01726980344665364 -0.002566178971182803 0
2706 0.02626753225956152 -0.0002612331101963237 0
2707 0.009105499225088029 -0.01279466491219978 0
2708 -0.002901286970491606 -0.03266914161089539 0
2709 0.02615991384685359 -0.01781152208052 0
2710 -0.022291765737191 -0.001437343495444436 0
2711 0.01220274272432728 -0.008646060040069936 0
2712 -0.004505293718559796 -0.004979850965365294 0
2713 -0.01089512088524055 -0.007444164955611986 0
2714 0.003191466932047579 -0.0004321232615711655 0
2715 -0.01561682556944676 -0.008739611355290153 0
2716 -0.009681859214951603 -0.009911389014394931 0
2717 -0.06278329241356657 -0.02612086377998014 0
2718 0.06288150939635452 -0.02590700747415569 0
2719 0.02765690350931027 -0.0163227038663777 0
2720 -0.01066577033557658 -0.003007554851573817 0
2721 -0.006265893234846856 -0.0004537941107929142 0
2722 0.01562086927337938 -0.004227069242811408 0
2723 -0.02992740443212767 -0.002575500312158037 0
2724 0.03393390269165866 -0.01900141143206924 0
2725 0.02252613260336401 -0.0004586311533695255 0
2726 0.04419602445670873 -0.02464754370865538 0
2727 0.01297769455641215 -0.01726209615615805 0
2728 -0.04781908365166176 -0.02535473989154694 0
2729 0.04709710745950774 -0.0253378563273762 0
2730 0.04188193012133114 -0.02198498790933749 0
2731 -0.00997803882712116 -0.001442020454817784 0
2732 0.04541363249361633 -0.03666674252178224 0
2733 0.001268412628475728 -0.000306575002362359 0
2734 0.04491449684181428 -0.02905748269652559 0
2735 0.01764386846660966 -0.0004364978916223192 0
2736 0.01858679945076175 -0.01807356418582383 0
2737 -0.04460555399004609 -0.03587295180007927 0
2738 -0.04540734866560419 -0.02181519483295449 0
2739 -0.02278033856096823 -0.03392675581278401 0
2740 0.0147454323369258 -0.01898904795250424 0
2741 0.04196904416663486 -0.0239981596100352 0
2742 0.02522282102853905 -0.04171272333668515 0
2743 0.07477091774247985 -0.02971059070559373 0
2744 -0.07476425270069745 -0.02972503562383987 0
2745 -0.04037667452745121 -0.02027096219793121 0
2746 0.04563860664015595 -0.022429952885544 0
2747 -0.0109059229535988 -0.0008051232749909576 0
2748 -0.02455079133686014 -0.04151613200314787 0
2749 0.0159605555410338 -0.002200715155077295 0
2750 -0.01165893483025899 -0.0004200898458127142 0
2751 -0.0478493925868128 -0.03781088887748527 0
2752 0.004015517170571379 -0.0009436340442516431 0
2753 0.0125245683673268 -0.01536548347045511 0
2754 0.02341692935095815 -0.02563196544028421 0
2755 0.002762322902617624 -0.005932109419130771 0
2756 -0.03350319140162462 -0.106704892257943 0
2757 0.01523859314041478 -0.0003897217629730661 0
2758 0.0239087657569841 -0.03409369078358965 0
2759 0.04037767501876321 -0.02291601784391622 0
2760 0.02937071806779491 -0.002702273275266964 0
2761 0.02028456671462921 -0.02557776885001516 0
2762 0.0008265669246622573 -0.0004277265685227277 0
2763 -0.01994685615238538 -0.0008629536002210653 0
2764 -0.0334449785193139 -0.005388491086399194 0
2765 0.0004455390857790682 -0.005626496277197168 0
2766 -0.0373573814563221 -0.04128905263229415 0
2767 -0.03633542804892542 -0.00712940337304228 0
2768 -0.0481888244827799 -0.04178340512451226 0
2769 0.01876154806789958 -0.02301994944332325 0
2770 -0.03322185621497457 -0.006913622068361129 0
2771 -0.03199419019629201 -0.03469246416443683 0
2772 0.009794422628010195 -0.007984930152320333 0
2773 -0.02274603548701803 -0.0004271439719146587 0
2774 0.01498354149478166 -0.001898974103782173 0
2775 -0.02644135431536639 -0.005130511930636187 0
2776 -0.01354414984538949 -0.0118145120790007 0
2777 0.03033399725048591 -0.01553181746503487 0
2778 0.04715481567810764 -0.02789092464028873 0
2779 -0.02917338352854741 -0.003636900177724269 0
2780 0.03879191939699985 -0.02192821893601455 0
2781 0.001258279025398724 -0.0006980450582327842 0
2782 0.029903874224588 -0.003224566455963614 0
2783 -0.01350525169444303 -0.001699714726543324 0
2784 -0.0247569819161574 -0.002679446539627996 0
2785 0.00167791043573717 -0.0003973382318447594 0
2786 -0.02692367853817947 -0.007036001982162869 0
2787 0.02169527917624567 -0.02298479777709363 0
2788 -0.02490483328063393 -0.004771252447947745 0
2789 0.01071539169444034 -0.01011789539835735 0
2790 -0.005465332619070351 -0.006699831192046471 0
2791 0.01297206840890718 -0.008207426601687164 0
2792 0.02007884158052549 -0.02035429025090001 0
2793 0.02191586276210843 -0.01675057382996464 0
2794 0.04915144240711785 -0.02708515942091055 0
2795 -0.02694758370071687 -0.004361366015770709 0
2796 -0.04978982846860895 -0.02189787247115357 0
2797 0.007655640949092282 -0.0003423747051816833 0
2798 -0.0491936189540263 -0.02730599255052618 0
2799 0.04978872876311802 -0.02184628581970838 0
2800 0.0106573158374911 -0.01318267787376678 0
2801 -0.02664374787989729 -0.01468557211984752 0
2802 0.01167638666786845 -0.01091469914028107 0
2803 -0.04613382037134456 -0.02785071384723637 0
2804 0.0169271817807971 -0.02049844209483302 0
2805 -0.0451749105416915 -0.02445256170174312 0
2806 -0.003686637758647569 -0.003558996345465114 0
2807 0.04240322875949602 -0.02668444921868509 0
2808 0.009122012156321153 -0.002926306336988956 0
2809 0.004721939800443866 -0.002635553886622738 0
2810 0.03312706604107369 -0.002617747976076956 0
2811 0.02469398734483537 -0.002455021036348122 0
2812 -0.01059361892940297 -0.002393415119214515 0
2813 -0.02138643090100018 -0.02099063850447351 0
2814 0.02618864428015635 -0.02430136777920688 0
2815 -0.004705474137355344 -0.008718296486380207 0
2816 0.01501067518517189 -0.01686798950038529 0
2817 -0.009304856047430679 -0.01188331956344699 0
2818 -0.03975768170454515 -0.1372641531090848 0
2819 -0.01022859342299659 -0.0004133852954633535 0
2820 0.0017565287701396 -0.0009293446460532075 0
2821 -0.0307290073161079 -0.0158596080638504 0
2822 0.00305063554702252 -0.005033921878806222 0
2823 -0.004300295461547205 -0.08025356673070387 0
2824 0.04805898894915044 -0.04085021170909189 0
2825 0.001874894614882288 -0.003564188880315467 0
2826 -0.02473846444906671 -0.002060841990080544 0
2827 -0.01117353131666177 -0.001204427823057019 0
2828 -0.0434106461522886 -0.02226554611819918 0
2829 -0.005252961299886558 -0.0004330673977743368 0
2830 0.01481431486928297 -0.0003497608697336998 0
2831 -0.0104904279502302 -0.0007398617218409641 0
2832 -0.01118425365892398 -0.0003787897202224115 0
2833 0.07792955537059904 -0.02961802582688211 0
2834 -0.07792411865820766 -0.02963055222743655 0
2835 -0.02023787430326723 -0.0004314416290799587 0
2836 0.03131011129098205 -0.02491992548366022 0
2837 -0.06055251350218297 -0.02177484616415815 0
2838 -0.02424049785845897 -0.002467353318293846 0
2839 0.00524494700738283 -0.0003675773395786956 0
2840 0.01056667618619646 -0.01775924387609898 0
2841 0.0225178054433827 -0.02093423743659033 0
2842 -0.004270804747589881 -0.002483687345969428 0
2843 -0.005937162055459298 -0.01058298249485611 0
2844 -0.01071819966428302 -0.0003895266687529478 0
2845 -0.03622223588196536 -0.0003508422812672009 0
2846 -0.02817708258081882 -0.002784674324492035 0
2847 0.02480234597733044 -0.001421751152435918 0
2848 -0.05848491011080752 -0.05008018698055673 0
2849 0.04904538830408543 -0.03750188328554007 0
2850 0.05858733241165252 -0.04997350666911575 0
2851 -0.04068446960739751 -0.1150338746732649 0
2852 -0.05848272370213526 -0.02358729760591387 0
2853 0.02845487770177084 -0.02539817626587955 0
2854 -0.01440745321016273 -0.0009831848441588162 0
2855 -0.02521513436944117 -0.002398283149663154 0
2856 -0.06166827425529105 -0.04701576952354504 0
2857 -0.01132401517956366 -0.000753070681707733 0
2858 0.06174434125406496 -0.04693197482571745 0
2859 0.02415025754584507 -0.02249478998339038 0
2860 -0.07590906185512784 -0.02662834495134522 0
2861 0.0759129742955351 -0.02661897939754557 0
2862 0.02444198021170839 -0.00164984337592908 0
2863 -0.04063771599839521 -0.01829056279656335 0
2864 0.03726799283228196 -0.01843597592016596 0
2865 -0.05377797493205586 -0.03585015285347338 0
2866 -0.04064330243318828 -0.04188059300421561 0
2867 -0.004166076538096477 -0.007948621658636322 0
2868 0.01582400295078712 -0.001309945273571619 0
2869 -0.02802572704441888 -0.003508711386794088 0
2870 0.001370804426333073 -0.005660071554237438 0
2871 -0.031531704757574 -0.01731192291109001 0
2872 0.0003542749726109783 -0.006686145507148295 0
2873 -0.007238512158387031 -0.0731499039938289 0
2874 -0.03012399821870004 -0.01451960093967775 0
2875 0.01233369556115483 -0.0004371918796290793 0
2876 0.002428341205404644 -0.004367937260305601 0
2877 0.03320437129711658 -0.003929569615262966 0
2878 0.03192798620169392 -0.01986424372254042 0
2879 0.001039430347058436 -0.006312234088786062 0
2880 0.0212876710619857 -0.0004352940526840756 0
2881 0.01337118477363362 -0.02442171122837463 0
2882 -0.03486341191033229 -0.006632773971588069 0
2883 0.01277694809894333 -0.0005067711965039979 0
2884 0.01565235261974821 -0.02637927785603273 0
2885 -0.01585884673302072 -0.06324937578112809 0
2886 -0.0142408653331522 -0.0004457146643834484 0
2887 -0.0439651866147733 -0.02654455607780221 0
2888 -0.04214657853503539 -0.03118481716952535 0
2889 0.02192733260360023 -0.0003494503364856075 0
2890 -0.0270208724102312 -0.01614162472278959 0
2891 -0.07806468883413505 -0.02342056948812556 0
2892 0.07806644533344054 -0.02341622317907103 0
2893 -0.08615428887537246 -0.03474902351084252 0
2894 0.08615949330626382 -0.03473573473125383 0
2895 -0.08389905509625557 -0.02242126737085424 0
2896 0.08389992407831315 -0.02241888419650062 0
2897 0.01793715763859133 -0.02530007085372386 0
2898 -0.0137838679907521 -0.0003529960124435051 0
2899 -0.03152642200256564 -0.000335013859328868 0
2900 -0.03424916057313521 -0.01527985042266432 0
2901 0.01310072270396941 -0.02702940374494959 0
2902 0.05994591623412149 -0.02165765760482527 0
2903 -0.00203501830842868 -0.0003201552636791782 0
2904 0.008500959272291232 -0.0003231502515355033 0
2905 0.04572024170694695 -0.002717680755183915 0
2906 0.04229162805559248 -0.00705000350228842 0
2907 0.04356071363820117 -0.004738241311957967 0
2908 0.04901757257482713 -0.008545660931091771 0
2909 0.04368210679220522 -0.002406467257762088 0
2910 0.04259983967493422 -0.002217812058326237 0
2911 0.04111792900922172 -0.002354896932095719 0
2912 0.06331347019068613 -0.007901837289943505 0
2913 0.04057294908846414 -0.003005098602713016 0
2914 0.06978012420260209 -0.0100842228010974 0
2915 0.0717105089956135 -0.006061288727280679 0
2916 0.03937731047339563 -0.002919488287058567 0
2917 0.07366189978760078 -0.01109214465184897 0
2918 0.07658354633685861 -0.007243143547226071 0
2919 0.08339049522434958 -0.00711622914373543 0
2920 0.08508709441134583 -0.009862615639679497 0
2921 0.0395899658688316 -0.00121973959066941 0
2922 0.0953409363500179 -0.009935707720000407 0
2923 0.09911111372390156 -0.01078507877380956 0
2924 0.03902523575945656 -0.001321477429348872 0
2925 0.1069143871011098 -0.01013288333741538 0
2926 0.1107112591656328 -0.008045684570388238 0
2927 0.1142228625871512 -0.009418226978927772 0
2928 0.04660735103980661 -0.01423947527794666 0
2929 0.1178679456050606 -0.008899865141789661 0
2930 0.03820904118941525 -0.0007372758687645421 0
2931 0.03824419350594924 -0.0003169962460087261 0
2932 0.04766038420739883 -0.00285259477094374 0
2933 0.04988163169966941 -0.004690670988984628 0
2934 0.04987115066874629 -0.01444706271836758 0
2935 0.05304063627101838 -0.01247789382026921 0
2936 0.05269675179692871 -0.003031328431025369 0
2937 0.04277420764253586 -0.01052873663076556 0
2938 0.04512584894268721 -0.001375133526792981 0
2939 0.05774421129005871 -0.004435843196574479 0
2940 0.05523536621691568 -0.002799565654541874 0
2941 0.06004148521729466 -0.004276304596831064 0
2942 0.04774135953440226 -0.0005836514205153187 0
2943 0.05933410797902526 -0.01404434356123778 0
2944 0.06311655649830925 -0.004651891802532081 0
2945 0.04109190978774344 -0.005441944893092136 0
2946 0.06691689403313175 -0.0131991091396762 0
2947 0.07083806986684922 -0.01468180554949829 0
2948 0.07418811168000662 -0.006583026306481722 0
2949 0.04198682761177085 -0.003703507724630086 0
2950 0.0464491361417419 -0.001406005390627505 0
2951 0.04466018381564985 -0.003827768426411983 0
2952 0.04339880534059375 -0.003543552393709347 0
2953 0.07172223117106998 -0.003080384023046819 0
2954 0.04751831682364593 -0.01788144616328395 0
2955 0.04103052030971367 -0.0009416175249073476 0
2956 0.04614589829241923 -0.00441284394005398 0
2957 0.08589216133991316 -0.007634474478499185 0
2958 0.04711506405617966 -0.007166714006918161 0
2959 0.07707534288135019 -0.003660234589619945 0
2960 0.04074149370873192 -0.008895401066500348 0
2961 0.07892859406811679 -0.01428918194828078 0
2962 0.04331930003782917 -0.006480307627573494 0
2963 0.04434987430937246 -0.002554019878964643 0
2964 0.05575176205429005 -0.00811072932103443 0
2965 0.08535925272071922 -0.01491741052583379 0
2966 0.09347991335685192 -0.005376522044561144 0
2967 0.08246469647558727 -0.00247868720094244 0
2968 0.09755770678709641 -0.005084665376938221 0
2969 0.03998765035339744 -0.001560686238055934 0
2970 0.09140676351462873 -0.01463030474977558 0
2971 0.04403493357706232 -0.003233018814269995 0
2972 0.1004917686172379 -0.005152416067828883 0
2973 0.04006207434847148 -0.006948361992171193 0
2974 0.08731880911440425 -0.003932371235452655 0
2975 0.04477023321715787 -0.005441982670533785 0
2976 0.1097484553981084 -0.003645613833761433 0
2977 0.113792440676915 -0.004739386566351159 0
2978 0.04559825445868248 -0.01808994074619115 0
2979 0.1155619778751692 -0.01537773544084888 0
2980 0.1181912078074492 -0.004444174436399806 0
2981 0.08152975290223753 -0.00913863202565986 0
2982 0.1223880775736946 -0.01730147784211134 0
2983 0.07623706212349619 -0.01111124978803879 0
2984 0.1032897595670067 -0.003442648504169486 0
2985 0.1222539312062811 -0.007226402262180832 0
2986 0.1251057206134859 -0.01511205727602906 0
2987 0.03978851532491372 -0.0006002835217458907 0
2988 0.05181336805277353 -0.007993192010348222 0
2989 0.1282453849768735 -0.006944542807073183 0
2990 0.1296014417031912 -0.01557530074557827 0
2991 0.03886031960954171 -0.002318609472700319 0
2992 0.04189322433154263 -0.002060067672642584 0
2993 0.088283673782296 -0.009181536336309082 0
2994 0.0385574881492068 -0.00162624067316257 0
2995 0.03991785692611544 -0.002794083047769902 0
2996 0.1320847357974582 -0.01137161564543572 0
2997 0.05336361525913345 -0.00539883794659447 0
2998 0.0614378487778166 -0.008514711995345545 0
2999 0.04352410568934564 -0.01479277100427031 0
3000 0.03865227665490056 -0.00102973443831194 0
3001 0.05928235477962687 -0.009701275912854754 0
3002 0.05656396193927389 -0.007108517885125408 0
3003 0.04320911948924001 -0.002129634533059906 0
3004 0.03821037545790579 -0.001185107232852875 0
3005 0.03928765727428134 -0.001704528691383524 0
3006 0.03921970708219081 -0.0008608839344754503 0
3007 0.03874224002687337 -0.0004977762667780696 0
3008 0.1258312594750391 -0.0107472986963672 0
3009 0.07465677406608633 -0.00901756268398525 0
3010 0.07214693512023251 -0.009766901357270879 0
3011 0.06540558070553851 -0.008741949428688278 0
3012 0.07940306300723414 -0.006871213214722539 0
3013 0.05000516053962459 -0.002074825857090576 0
3014 0.04860711332223471 -0.001396999771398604 0
3015 0.04780702918510876 -0.004502659305818652 0
3016 0.0494828450019713 -0.007048417703025949 0
3017 0.05817103125723604 -0.001914789518086858 0
3018 0.05096270278080534 -0.00667546319720203 0
3019 0.04819188751254454 -0.006498857247897855 0
3020 0.05342597920446903 -0.001443663887521407 0
3021 0.04292261602577256 -0.01247608277816988 0
3022 0.05028620977510119 -0.01116575244010221 0
3023 0.06041016552371755 -0.002321373062777775 0
3024 0.04661370999004534 -0.008901857020239486 0
3025 0.05169817761045117 -0.001484534353824958 0
3026 0.0581256391676759 -0.005746610038867962 0
3027 0.0452301145841828 -0.008919024071209206 0
3028 0.04405044112107984 -0.008244369923709064 0
3029 0.05245004981420385 -0.006526278190490324 0
3030 0.0502985787382528 -0.009461653433627861 0
3031 0.04442838530789195 -0.01265949046237956 0
3032 0.04775615923742116 -0.00974458153210837 0
3033 0.0417514421540047 -0.01182927445359855 0
3034 0.06300944061919771 -0.002328539316353078 0
3035 0.04894479885324549 -0.00305671491031455 0
3036 0.05097565247600287 -0.003083036572456967 0
3037 0.04612477599810083 -0.002073358759246647 0
3038 0.05545762335773972 -0.004757708940657135 0
3039 0.04673363438065686 -0.003716508041398398 0
3040 0.06236537517850493 -0.006152971368760228 0
3041 0.05534518158818277 -0.01709582014555816 0
3042 0.06049123835710601 -0.007335557556999245 0
3043 0.05423206032233416 -0.002835416863594089 0
3044 0.05494424175142918 -0.009423810491092997 0
3045 0.06369998673060143 -0.01576953362111824 0
3046 0.0536032203415827 -0.003810924771964695 0
3047 0.06005724838857086 -0.01118300257704983 0
3048 0.04104113130166911 -0.003745454491449075 0
3049 0.06688414430842678 -0.01578025645697056 0
3050 0.08057890211441787 -0.002679217361956612 0
3051 0.05470451502026078 -0.00370747547552824 0
3052 0.06412280872379411 -0.006009887164196944 0
3053 0.05667125662122744 -0.003174483224747619 0
3054 0.04691481916633818 -0.006024181110914537 0
3055 0.06868208542095226 -0.001959207849673197 0
3056 0.04145689669227447 -0.004572379315234259 0
3057 0.05230756346630708 -0.009322583145070715 0
3058 0.04599085870621952 -0.01273848271965459 0
3059 0.04597002605963475 -0.003604270459630065 0
3060 0.05539084585086254 -0.0008509286191133826 0
3061 0.0662246415205527 -0.005388675303547282 0
3062 0.04007978579249508 -0.005376401412370446 0
3063 0.05989233191277562 -0.01693863745933667 0
3064 0.07508855987440401 -0.00307760489769357 0
3065 0.04300861592575798 -0.004134616773249336 0
3066 0.04537908448649623 -0.0009016057796693934 0
3067 0.04760854700176453 -0.01268036784124959 0
3068 0.04225945990369224 -0.004572420901762632 0
3069 0.06552086789471685 -0.0110004884101302 0
3070 0.04654495148944906 -0.002847201307503278 0
3071 0.04046078913823668 -0.0007953958838758513 0
3072 0.04055743733771851 -0.004540895669227778 0
3073 0.05101111635635728 -0.01261811134919413 0
3074 0.04569860187119957 -0.005791732575228994 0
3075 0.06568432014202058 -0.001980962996572423 0
3076 0.04935019296889063 -0.01276873321380959 0
3077 0.06350971182747558 -0.01175625432415225 0
3078 0.04444294756532807 -0.01618106776893947 0
3079 0.04165913864378249 -0.001048471866877128 0
3080 0.04153902641440458 -0.01083321733024417 0
3081 0.08474502968968488 -0.003343309099246637 0
3082 0.04375325571840651 -0.01031012397659551 0
3083 0.04550162465451373 -0.00195058012229515 0
3084 0.05510473625980687 -0.00637018355331162 0
3085 0.04337924737537835 -0.005551006810351175 0
3086 0.0792105850677341 -0.004402631736816323 0
3087 0.073299964051633 -0.004401930815026123 0
3088 0.08785353644715622 -0.006320894253007235 0
3089 0.04127852946029611 -0.001529720131673714 0
3090 0.04864561830406607 -0.0160511157045425 0
3091 0.04168719646616768 -0.008122283328934558 0
3092 0.06757278563012406 -0.009483011530617197 0
3093 0.08678958403131698 -0.01217344353880216 0
3094 0.04472553642050366 -0.00201120730676349 0
3095 0.05379942686943081 -0.006808944187578871 0
3096 0.0450234531163673 -0.01433068718692717 0
3097 0.04058250197760072 -0.001288041083601517 0
3098 0.04580668980431181 -0.001277162252950589 0
3099 0.04334142371014515 -0.01787646874159867 0
3100 0.04823327459123115 -0.007541315196448595 0
3101 0.06807458694141032 -0.01145037459896659 0
3102 0.04376706630163309 -0.0007045742597635581 0
3103 0.08186797782095047 -0.01450156665950739 0
3104 0.05901132774985744 -0.0039486864478718 0
3105 0.06977824804275198 -0.01238508005516112 0
3106 0.04059275491640404 -0.006197386320222677 0
3107 0.04523990223436158 -0.003380940815134441 0
3108 0.09206847407245213 -0.002319083056903902 0
3109 0.04425572857936644 -0.0004604499366203337 0
3110 0.04931983948981598 -0.01003417180836881 0
3111 0.04118188653560717 -0.007090904844482338 0
3112 0.06831784909318978 -0.0063850262475093 0
3113 0.05484844348850482 -0.01197748641397648 0
3114 0.06967470421399476 -0.003432807449171709 0
3115 0.05745464965549212 -0.01381765988951387 0
3116 0.03959115461063972 -0.004549044410134083 0
3117 0.08960373593078415 -0.01207720336226055 0
3118 0.05676901783163568 -0.005727149088494754 0
3119 0.07638533942046191 -0.01544101489010962 0
3120 0.04055472524884313 -0.001869747898258114 0
3121 0.04222363294375842 -0.002828837943588679 0
3122 0.0415725567736644 -0.006221344068355192 0
3123 0.07137803871630041 -0.0045656926400682 0
3124 0.08335627639269932 -0.01191204329591277 0
3125 0.04466723140663047 -0.00311836257016509 0
3126 0.05764012599804391 -0.008519886558911338 0
3127 0.09955761743729884 -0.002642598425431495 0
3128 0.04808345688789681 -0.01444789422903023 0
3129 0.07574442922516707 -0.005259442529047042 0
3130 0.06147491944738184 -0.004596784778553011 0
3131 0.04238256049079364 -0.001573731963176794 0
3132 0.03925009248679818 -0.0003917887445998821 0
3133 0.04189967388554799 -0.009499779877829599 0
3134 0.04659575095819798 -0.01594777774502934 0
3135 0.04533010850448116 -0.004208418942193612 0
3136 0.04015375574958836 -0.003726772019005086 0
3137 0.09337384534153036 -0.01226745793667161 0
3138 0.0746670084176768 -0.01301366303103043 0
3139 0.07050856699781013 -0.007620073444909646 0
3140 0.08419052697472473 -0.00153219856774003 0
3141 0.04494219538412766 -0.006457619980559624 0
3142 0.04047746585669584 -0.007872341991217819 0
3143 0.04031901979057675 -0.0003924231976181669 0
3144 0.04634658963720734 -0.000420670297580014 0
3145 0.07985970548063438 -0.01718043336381543 0
3146 0.04237756386962139 -0.01397540564337404 0
3147 0.0447209764706071 -0.004617858498989232 0
3148 0.06809309636339299 -0.004523176950378006 0
3149 0.04143710281868195 -0.003031506316403818 0
3150 0.04037885839532622 -0.002425985280186191 0
3151 0.09573574510647075 -0.002164634307115233 0
3152 0.08665692316220815 -0.00166797653150576 0
3153 0.09025820616692944 -0.004418123422836589 0
3154 0.09071705561801564 -0.007075517626635344 0
3155 0.08875846139123729 -0.01462806750159675 0
3156 0.04501965550122067 -0.00260037183533608 0
3157 0.06479767167250326 -0.004195111963905765 0
3158 0.04370893300526008 -0.001672377901813845 0
3159 0.04416254610970482 -0.005928784617149634 0
3160 0.1124689142456773 -0.01572819188115924 0
3161 0.04008233966199948 -0.001084129263106912 0
3162 0.04272045496470652 -0.001086674333675671 0
3163 0.04254462314799515 -0.005979300127163272 0
3164 0.07323947135309104 -0.01513764855208385 0
3165 0.04283079483835237 -0.003427539996359173 0
3166 0.0687857261000608 -0.01415630619039688 0
3167 0.07187712936843448 -0.01226308328523781 0
3168 0.08318790974980593 -0.004765278641528385 0
3169 0.1066776639415407 -0.002795445933428636 0
3170 0.04553119363839738 -0.004971028789681918 0
3171 0.042778177964575 -0.005048666093305739 0
3172 0.04412140360541625 -0.007053273665933502 0
3173 0.09048428528450807 -0.01726370461842631 0
3174 0.06994712739671693 -0.005431344243219591 0
3175 0.09143648620916715 -0.009713530399206015 0
3176 0.04667746727453746 -0.01116694940998526 0
3177 0.04392925652213634 -0.004149291495979814 0
3178 0.07259174637087305 -0.007805983718145094 0
3179 0.09639273615863568 -0.007658774876706935 0
3180 0.05048993033650141 -0.008090674430558803 0
3181 0.1066257053548944 -0.005842529866138213 0
3182 0.03970953418530312 -0.003323764855683939 0
3183 0.1020258668056422 -0.01346145031282494 0
3184 0.09471300445711893 -0.01499635104023394 0
3185 0.111132512618902 -0.01172335500526084 0
3186 0.05439431348455687 -0.00817773839975041 0
3187 0.04338898504457853 -0.0004492186607193402 0
3188 0.04191640779642514 -0.005316410635350048 0
3189 0.07196202748319916 -0.001438346332478175 0
3190 0.0763527824845638 -0.001587256619272237 0
3191 0.04310948946267205 -0.002855055572169757 0
3192 0.04411530084535861 -0.005068332671769881 0
3193 0.1010685111269859 -0.01670632340754546 0
3194 0.03975518200365399 -0.002212579543883284 0
3195 0.06483108047132466 -0.01335298284374146 0
3196 0.1045239012772212 -0.01607408882841302 0
3197 0.08919064002278131 -0.002007239764742962 0
3198 0.09342460277013541 -0.00788082168527216 0
3199 0.1337322749422518 -0.01622083285563763 0
3200 0.125782758285499 -0.003419386275124052 0
3201 0.1034233403330033 -0.007362278693871527 0
3202 0.03883534544860436 -0.003058469620109324 0
3203 0.05052179615516916 -0.000998515596939573 0
3204 0.04995180780963825 -0.003001569313528324 0
3205 0.04933512716101882 -0.0009721492777222712 0
3206 0.04797807474649135 -0.002164251437458813 0
3207 0.05077692618013091 -0.001673655617418857 0
3208 0.05136102140462846 -0.002297377112991013 0
3209 0.05219694452496567 -0.0021983245982899 0
3210 0.04873452420201934 -0.002290127502514895 0
3211 0.04876412400888031 -0.0005915208184947484 0
3212 0.04930779972061954 -0.005718116629812172 0
3213 0.04875106158389696 -0.004641476162946431 0
3214 0.05040810311639684 -0.003865108559807481 0
3215 0.05362233831941705 -0.01716950910489733 0
3216 0.05259856234921576 -0.001479995447398904 0
3217 0.05049760195736957 -0.005566906010313108 0
3218 0.04930514136153196 -0.001744299249905521 0
3219 0.05103804996835119 -0.004651532609529911 0
3220 0.0493621879104244 -0.003834226085269863 0
3221 0.07039651897689075 -0.001544347491634551 0
3222 0.05756659143923237 -0.0170121234477271 0
3223 0.04940490970560039 -0.002422349311177764 0
3224 0.04844294453281687 -0.003768782302890994 0
3225 0.06234951383074838 -0.003363159117433999 0
3226 0.05298936599377697 -0.002145524181584697 0
3227 0.05239914336807749 -0.01642306746462619 0
3228 0.05921851873529983 -0.001938685503354831 0
3229 0.04755902509702155 -0.003664881449681386 0
3230 0.06167917302214315 -0.002086685115478533 0
3231 0.04298187049181573 -0.001649589744655061 0
3232 0.04291105122443017 -0.0005927788452829945 0
3233 0.05354413861717289 -0.009524245637457377 0
3234 0.06093483530230511 -0.003296975432037089 0
3235 0.0564895507268438 -0.009974544892626766 0
3236 0.0539371731212401 -0.01545589386322106 0
3237 0.06424492811260116 -0.002082670640162293 0
3238 0.04805465132347616 -0.00543946048479426 0
3239 0.05132908972024366 -0.003844871099210288 0
3240 0.05065076133879748 -0.002417886943847555 0
3241 0.04724994698510589 -0.005183960248386668 0
3242 0.05809800148897946 -0.001025963766479703 0
3243 0.06047951249297845 -0.001061627951502929 0
3244 0.06708461417061189 -0.001951398141779855 0
3245 0.05799752765069908 -0.006952244901288676 0
3246 0.05423817841733599 -0.01860207945534975 0
3247 0.05414854284940054 -0.01076344661985376 0
3248 0.04700281290247194 -0.004472364849405165 0
3249 0.06479220855742189 -0.001015124612029054 0
3250 0.05141228980563581 -0.01013390603838519 0
3251 0.05967895154262758 -0.003124811446153829 0
3252 0.0637757160572144 -0.003277436937045024 0
3253 0.0589225340450387 -0.0125004221336945 0
3254 0.04675123884447616 -0.0008906032544049701 0
3255 0.04415396077786457 -0.002044997014783891 0
3256 0.04575003759363631 -0.0005458060107531854 0
3257 0.05265294738334339 -0.01056935699097172 0
3258 0.08377374113198648 -0.01736986837451611 0
3259 0.07459110884151031 -0.0014151590878739 0
3260 0.054298335504289 -0.001112825834218982 0
3261 0.06100796718084628 -0.01837924167115167 0
3262 0.0444580394950626 -0.001481643581214022 0
3263 0.04711055623785695 -0.001406790658932251 0
3264 0.04475202380826678 -0.0008554965166456926 0
3265 0.04723510188663432 -0.002496856475670125 0
3266 0.05320770139500469 -0.0008466062262811068 0
3267 0.0433903256867114 -0.001024020679015526 0
3268 0.04827286236099929 -0.0009030403284427108 0
3269 0.07694410680375116 -0.01795715918240624 0
3270 0.0587779305195145 -0.01847980780251923 0
3271 0.04820250963482152 -0.0004232727198112647 0
3272 0.05821112396855339 -0.01067324946587205 0
3273 0.08715059684293985 -0.01736317517006216 0
3274 0.05629025643619833 -0.01543414691768805 0
3275 0.06068718403254381 -0.005955294726419931 0
3276 0.06169503916209945 -0.01693914535473168 0
3277 0.05164925109232208 -0.0113292694307684 0
3278 0.05614663220257425 -0.00143718122079816 0
3279 0.06078307526759561 -0.009825455497982588 0
3280 0.05823576440700354 -0.002881500035200536 0
3281 0.04291968330390045 -0.008607961582472254 0
3282 0.04080029744635625 -0.0004565641373151953 0
3283 0.04399736064073737 -0.009354361073302347 0
3284 0.05446319448945138 -0.004979518668116953 0
3285 0.06300715468781232 -0.001079738414596671 0
3286 0.06171116786883338 -0.01139578182728489 0
3287 0.06097278380661681 -0.01501598328448392 0
3288 0.06774686595218155 -0.0009685011710697638 0
3289 0.03938357371830208 -0.005349050849020197 0
3290 0.04737818437157496 -0.008327531952568362 0
3291 0.05164407720913611 -0.005540094608206592 0
3292 0.05306890588277 -0.008054142298563407 0
3293 0.056460489322863 -0.01853163847519237 0
3294 0.04505272889836594 -0.007547114362515169 0
3295 0.06258903755318181 -0.01333803388379429 0
3296 0.06497686466911481 -0.002899398511647028 0
3297 0.04365562491181442 -0.01371146498122241 0
3298 0.06627795626500406 -0.0009859978202418492 0
3299 0.05865984578288563 -0.01545833058701449 0
3300 0.07468103222837687 -0.01766263996826275 0
3301 0.0534523609982163 -0.002764359449589342 0
3302 0.05225697345253952 -0.004351108369604268 0
3303 0.07849665456881061 -0.001722723766297427 0
3304 0.09370644195852512 -0.01733563485505975 0
3305 0.06629467607892735 -0.003378336884018357 0
3306 0.06334451357416492 -0.01810194876566687 0
3307 0.04703670243900725 -0.00040679196111408 0
3308 0.05718146935797631 -0.00178153500386912 0
3309 0.05547133022962199 -0.0109047609982364 0
3310 0.06796583524957585 -0.003048985455004225 0
3311 0.06765747524830798 -0.01792542401913239 0
3312 0.121806974911081 -0.003094333246828549 0
3313 0.0482250014986613 -0.002952190041110365 0
3314 0.06537214637238394 -0.007084401938836314 0
3315 0.0416969445107357 -0.01280263297845235 0
3316 0.04778929022670412 -0.00132288760336387 0
3317 0.04621584189416032 -0.0008526146904875853 0
3318 0.05491339661358777 -0.001844540020995392 0
3319 0.04189076509595248 -0.001463695573615772 0
3320 0.04276189899086977 -0.01572785426688269 0
3321 0.05955152528838782 -0.008180808069848123 0
3322 0.04385627986876934 -0.01134147797535634 0
3323 0.05641874995718971 -0.004329333447625187 0
3324 0.04631433636458302 -0.009767941739341226 0
3325 0.05933616280368915 -0.006560766571028344 0
3326 0.04714403852208343 -0.003088347317690227 0
3327 0.0397047164764324 -0.006051940150911916 0
3328 0.0565965327348874 -0.0119447396238591 0
3329 0.05388524977277887 -0.002024388372917318 0
3330 0.04680612060491549 -0.001979197311527985 0
3331 0.06308448607246693 -0.009914847501846343 0
3332 0.09779880496007722 -0.01353989500377469 0
3333 0.05602962420245629 -0.002207461024990433 0
3334 0.05168275022518917 -0.0005590415732024432 0
3335 0.1136741060147012 -0.0129456089798618 0
3336 0.07331782197678897 -0.002235570859353098 0
3337 0.1183433561294173 -0.0169603109873345 0
3338 0.04257756696906843 -0.01141671754780274 0
3339 0.0459594779740393 -0.006823982208959762 0
3340 0.05126434607989412 -0.009000401811598158 0
3341 0.05195117430578371 -0.01797848313184167 0
3342 0.08137028903005496 -0.005066866357463431 0
3343 0.06059781327354447 -0.0129129278779242 0
3344 0.09989400223500677 -0.007924334495869999 0
3345 0.06697618618877534 -0.007498369590279302 0
3346 0.06865166052164721 -0.008147296653975029 0
3347 0.05508669265046966 -0.01357981050053173 0
3348 0.05569088391985701 -0.003769006577789087 0
3349 0.1163196522842898 -0.01190941981932368 0
3350 0.03922392420437985 -0.003597002149214561 0
3351 0.04642387880932203 -0.005142685252278543 0
3352 0.04517019423552925 -0.0004482526120056879 0
3353 0.05915766837685327 -0.005153917596265597 0
3354 0.05203053841516925 -0.01454682361499289 0
3355 0.08535747999238689 -0.005550038290177157 0
3356 0.04321184851831237 -0.007551085739643497 0
3357 0.04185360842699137 -0.000526152051738005 0
3358 0.04130726080447469 -0.0004954675968062794 0
3359 0.04237262410627352 -0.0005719366695206156 0
3360 0.05068352619201603 -0.01610773256971859 0
3361 0.04853444219406389 -0.01123807760576187 0
3362 0.06901800004599956 -0.0008944113024755022 0
3363 0.05184428381566051 -0.003167783801427864 0
3364 0.05420878157300368 -0.005873939945621758 0
3365 0.06165902330733149 -0.00717207458749369 0
3366 0.09706764472014802 -0.01707379914348013 0
3367 0.1203522261481989 -0.01277896120892502 0
3368 0.04622487997906467 -0.007947703937068356 0
3369 0.06942595576628084 -0.01666396823349582 0
3370 0.05910587261409418 -0.0008113367216585699 0
3371 0.06170481634299085 -0.001057012870394533 0
3372 0.1307354986835897 -0.00337255480931249 0
3373 0.05239342241897079 -0.0007418409840885231 0
3374 0.1334003693488318 -0.006433874797129382 0
3375 0.04083182180113205 -0.009973351292428151 0
3376 0.06578334017095046 -0.01789435961044061 0
3377 0.05242867893375323 -0.005454079778723913 0
3378 0.05006273736519144 -0.006252225885088315 0
3379 0.05647288375975897 -0.0007076255080605702 0
3380 0.04473558932463591 -0.0003528398130543429 0
3381 0.0450315036473305 -0.01033512785661169 0
3382 0.05000294222985948 -0.001314575355937143 0
3383 0.04968434414755099 -0.01800312959489779 0
3384 0.04739733632798604 -0.001852860851501136 0
3385 0.07772405242814773 -0.005724087855730891 0
3386 0.04405535281271674 -0.001033093812512163 0
3387 0.04378235598511777 -0.0003228485714206465 0
3388 0.0510256091065646 -0.0008537593636363441 0
3389 0.1049310099146557 -0.01304814998970616 0
3390 0.1343709644339006 -0.002961285921291053 0
3391 0.04166797227580119 -0.0025688272161827 0
3392 0.04217250330581222 -0.001092784341824551 0
3393 0.04941045411825044 -0.0004069183299626884 0
3394 0.116018614169144 -0.006875413280867099 0
3395 0.04996681208143895 -0.0005855668001419871 0
3396 0.07714440009987553 -0.0129467402086907 0
3397 0.1027166200188865 -0.01045236260058293 0
3398 0.07201560894592487 -0.01735767705055679 0
3399 0.04306883623822564 -0.009660192628193055 0
3400 0.07958378420895522 -0.01192542400048544 0
3401 0.05727686665421647 -0.0008787810696023485 0
3402 0.1082829375980363 -0.01524380986313638 0
3403 0.05352376011447435 -0.01401510544975372 0
3404 0.077998997107478 -0.009217870876686326 0
3405 0.04252758908599324 -0.007832833538334682 0
3406 0.05054139900689592 -0.0004875683521435808 0
3407 0.04519689896094975 -0.01164830568479749 0
3408 0.08142340004096904 -0.007048235185395314 0
3409 0.04728582945648934 -0.000922144979666098 0
3410 -0.0005063402411033091 0.001370613164341389 0
3411 0.0007229750395418159 0.001450686197432261 0
3412 -0.01956371420892785 0.001399261515835738 0
3413 0.01960187455083751 0.001381104696196068 0
3414 0.001836890472849965 0.001381918356545343 0
3415 -0.04033978495554742 0.0015101877719341 0
3416 -0.003634056863129959 0.001366635553961168 0
3417 0.03905306484823765 0.001314804312124728 0
3418 0.02539545270643703 0.001379492699940966 0
3419 0.005210817369252686 0.001383437731180211 0
3420 0.02732377600031228 0.001278117028172366 0
3421 -0.01539468287454729 0.001615923551848815 0
3422 -0.01395385074417213 0.001535611350165495 0
3423 -0.02858403775954397 0.001532571290445419 0
3424 0.03446971686834732 0.001430830107650699 0
3425 -0.01213762106483052 0.001319545025614256 0
3426 -0.03018169799489331 0.001496429170899845 0
3427 -0.009643710981511197 0.001432930805785856 0
3428 0.009563669950762656 0.001526785714285714 0
3429 0.03243921420060066 0.001247703934127303 0
3430 -0.01056222468144162 0.001216604862612001 0
3431 0.01041629720856522 0.001327752976190476 0
3432 -0.008821030383459759 0.001142474941908187 0
3433 0.008768469270691989 0.001153368070318405 0
3434 0.02882045052418641 0.001054808063271605 0
3435 0.006818636254806222 0.001056857638888889 0
3436 -0.02784361906622457 0.001166595608630438 0
3437 -0.01599379939176553 0.001232507448256564 0
3438 -0.00431526843282259 0.0006087346968775841 0
3439 0.0244582359452157 0.001416581013052777 0
3440 -0.002372356337094984 0.001287143772640348 0
3441 0.0402698577487754 0.001362279504379638 0
3442 0.02153965122983124 0.0004288264735737161 0
3443 -0.02139318539303026 0.001335389805824542 0
3444 -0.02190061843723251 0.0004849916193408803 0
3445 -0.03452730694812733 0.000928821830166373 0
3446 0.02958929112997441 0.00106351501132115 0
3447 -0.02244537355577065 0.001355296145105255 0
3448 0.01417308424152937 0.001493184571779574 0
3449 -0.0362129018611374 0.001445409553821406 0
3450 -0.03422380042469843 0.00156081526455923 0
3451 0.01538643078229373 0.001367897790915666 0
3452 -0.00680405190914786 0.001386944625622655 0
3453 -0.02564810353277212 0.001502522348186236 0
3454 0.01222852402721109 0.001301929718779191 0
3455 -0.02437925581754201 0.001406781541477903 0
3456 -0.003691343141918249 0.0004933982950121393 0
3457 0.03878036825113215 0.0005212243165792684 0
3458 0.02549317172676497 0.0003873214413077829 0
3459 -0.009404411383705723 0.0005174808734102521 0
3460 0.009562042071701974 0.0006292683088860545 0
3461 0.02370488393876774 0.001146315088408771 0
3462 0.03144791683811105 0.00129028841332637 0
3463 -0.007870707911118853 0.001487527037287596 0
3464 0.007883554024532257 0.001372745031551256 0
3465 -0.03292332797598636 0.001397442155985906 0
3466 -0.02686537733735113 0.001521074764309056 0
3467 -0.01682602126209266 0.001496328378838393 0
3468 -0.02264098731484176 0.0005482046665810569 0
3469 -0.03439379011014326 0.0004047743055555556 0
3470 0.03009781427532953 0.0004095008832639232 0
3471 -0.0240987195188732 0.0004948666260498534 0
3472 0.04021445985928247 0.0004431823289788059 0
3473 0.01700074962669347 0.0004315212807663458 0
3474 -0.02554730751970339 0.0005211501560033375 0
3475 -0.03745559518085878 0.0004296517695577928 0
3476 -0.03589638878420303 0.0005600393139379756 0
3477 0.0154630672720989 0.0005040511813409359 0
3478 0.03206451993107 0.0004808367530170528 0
3479 -0.03219847568697073 0.0006015283591971368 0
3480 -0.02720696691546734 0.0006716838404655804 0
3481 0.02874050241350644 0.0004245542029504703 0
3482 -0.006559550565327772 0.0003928342751318243 0
3483 0.006743429341809081 0.0004332645525141274 0
3484 0.01387065796021707 0.0005791222592916042 0
3485 -0.008213733674200752 0.000655359759119436 0
3486 0.008161741552683736 0.0005550533726221971 0
3487 0.01237142965857165 0.0005354863912213532 0
3488 -0.008786373613901083 0.0004706307132227892 0
3489 0.008778264597866927 0.0004718930352812422 0
3490 -0.01072622238508848 0.0004908074718964553 0
3491 0.01046611483901194 0.000491720809417517 0
3492 -0.0278530089871314 0.0004353310101244824 0
3493 0.02817610386071747 0.001550323109567901 0
3494 0.00618476412836796 0.00155078125 0
3495 -0.01640975162983239 0.000533211152712271 0
3496 0.0242139917468173 0.0005864664304163609 0
3497 0.01188348164543822 0.0005195070437911725 0
3498 -0.003011741129578649 0.0005179809987374469 0
3499 0.03953849548440665 0.0004626279516895504 0
3500 -0.01131407498628907 0.001593551587301587 0
3501 0.01118900687957425 0.001677960360784997 0
3502 -0.03375561042719396 0.000740744654449408 0
3503 0.03381638303041267 0.0006434396434018153 0
3504 -0.03073378183985536 0.0006571992370976901 0
3505 -0.007416236708321683 0.000577483784409615 0
3506 0.007431787413801402 0.0004711911074780442 0
3507 0.01294278440561702 0.0005417593832026138 0
3508 0.0002151924936700387 0.0006609669738264764 0
3509 0.02941758959931936 0.0004301731977513227 0
3510 -0.03509283136571522 0.0005246042947202581 0
3511 0.01125594578970699 0.0007648975781106515 0
3512 0.01898041797035198 0.0005536479647086086 0
3513 -0.01898233407986458 0.0005939299442633089 0
3514 -0.02639539361503003 0.0006023473012806015 0
3515 0.01470698633899854 0.0006430848669363047 0
3516 -0.03989364365145987 0.0005946876837989715 0
3517 -0.03681542816724784 0.0006256711654454311 0
3518 0.01625198588592322 0.0006947018261112863 0
3519 0.02229156538646744 0.0007118116403160996 0
3520 -0.02485411671451913 0.0006616826463620688 0
3521 0.03819905818194672 0.001141859172398936 0
3522 -0.0314813742604208 0.001379486777949134 0
3523 0.006118919308172879 0.0007162541317358926 0
3524 0.02814802137465522 0.000678009053574076 0
3525 -0.03138879525796907 0.000484966288212816 0
3526 0.0352143154522591 0.0006586324407815643 0
3527 -0.01132714635959373 0.0007198011679914667 0
3528 0.02273582746548293 0.001472723076064416 0
3529 0.02162269716446655 0.001414401277056556 0
3530 -0.004826794761068766 0.001372310372191346 0
3531 0.01849021690264206 0.001472940880213285 0
3532 -0.03924715657027394 0.001247204717708821 0
3533 -0.001422591077631926 0.001207302745875849 0
3534 -0.03297559352225013 0.000489308816739328 0
3535 -0.01854498084682436 0.001461091114282645 0
3536 -0.0118596837265168 0.0005301269459311683 0
3537 0.03079886883165133 0.0005331300239660608 0
3538 0.03033668299528005 0.001382739055312917 0
3539 -0.04078905956315935 0.0006665373901207135 0
3540 0.02304594520238388 0.0005532396754565222 0
3541 -0.0009326781322834228 0.0005624336828870495 0
3542 -0.04155933026841276 0.001384565868748607 0
3543 0.02752846584898662 0.0004300499013651724 0
3544 -0.01013942823861642 0.0006096373356174273 0
3545 0.00109496587536212 0.0005778623583032096 0
3546 0.003683608025372028 0.0004297361093394551 0
3547 0.03760825811583535 0.0005335722858578049 0
3548 -0.01738786965001813 0.0005769499165259561 0
3549 0.001970685272848587 0.0003948977814555501 0
3550 0.03451835927205611 0.0004837540794293296 0
3551 -0.02989344095196544 0.0005530321239176919 0
3552 -0.01407879341582067 0.0005890351836199394 0
3553 0.02690452626606675 0.0004342660949343457 0
3554 -0.0003439057173706065 0.0005081936738935231 0
3555 0.03331332246408686 0.001444986825848515 0
3556 0.03601136015953611 0.0005701615143650815 0
3557 0.003930936222512693 0.001369894367226901 0
3558 -0.01771185596882814 0.001290904646515582 0
3559 0.02372992258608616 0.0004434739780981182 0
3560 0.01328094116140459 0.001283199186610597 0
3561 -0.01819963092297419 0.0006447443896374947 0
3562 0.03135816365570286 0.0004799176537544234 0
3563 0.017180048867498 0.001251189697795672 0
3564 0.03567923479175842 0.001480276511690883 0
3565 -0.03739512217467579 0.001413515569235212 0
3566 0.01813661068857107 0.0006338495239685329 0
3567 0.03651024326539263 0.001352817936210803 0
3568 -0.01471552542060576 0.001235030506570504 0
3569 -0.0292994749051639 0.001165490056655242 0
3570 -0.01545344843377556 0.0006459496883095979 0
3571 -0.03913999459423601 0.0004844763546980055 0
3572 -0.004964661483092232 0.000394669325402429 0
3573 -0.03517607040815445 0.001256501736250696 0
3574 -0.02928147496222061 0.0004113795564198657 0
3575 -0.04144159850354336 0.0005097830162426031 0
3576 -0.01474860157337251 0.0004930499788826581 0
3577 0.01754927063782844 0.0004620773157962527 0
3578 0.03833605828772014 0.0003794951736076461 0
3579 0.02628517672064397 0.0008541710377650656 0
3580 0.03294763423231269 0.000545281022342098 0
3581 -0.02041568741537644 0.001086431825325979 0
3582 -0.001768676185321324 0.00058926159515862 0
3583 0.004527440808339685 0.000538128560760701 0
3584 0.02484302839763422 0.0006188827075201687 0
3585 -0.005788161097731434 0.0008638226569068934 0
3586 -0.02854520196002717 0.000588920940284431 0
3587 0.0373250526171516 0.001425872228377395 0
3588 -0.002330554730397191 0.000478877273307283 0
3589 0.016234788797733 0.001453447328705656 0
3590 0.03682581902631955 0.0006470706608018474 0
3591 -0.03827893354948323 0.0007437343680676831 0
3592 0.01990250800977186 0.0003869928598694055 0
3593 0.002836164925195072 0.0008680638020810356 0
3594 -0.01980028836795968 0.0005846005270317041 0
3595 -0.03851872521750328 0.001680890931002343 0
3596 -0.02100706939274186 0.0004763990181795143 0
3597 0.02066913890490852 0.0008730464723851066 0
3598 0.04180971831004332 0.0008473111654180379 0
3599 -0.01313010729829356 0.0008539910606356429 0
3600 -0.02034460903519785 0.0004294862741074395 0
3601 0.040974184028104 0.0006023990781816246 0
3602 0.04152525227861928 0.001564020548494891 0
3603 -0.02335894458128155 0.0009007355684591527 0
3604 -0.01241854197972757 0.0005393444174385371 0
3605 0.005392862914301494 0.0004396367372794675 0
3606 -0.01276239600948292 0.0003483925082469154 0
3607 -0.04572024170694176 -0.002717680755183915 0
3608 -0.04229198879289708 -0.007049199249485347 0
3609 -0.04356174780006995 -0.00473585112648863 0
3610 -0.04901757257483163 -0.008545660931091771 0
3611 -0.04372621273854419 -0.002575623046713902 0
3612 -0.04267625761997615 -0.002240927726279168 0
3613 -0.04127144443670554 -0.001878200707863911 0
3614 -0.06331347019068687 -0.007901837289943505 0
3615 -0.04062814011169955 -0.002996446763171518 0
3616 -0.06978012420261924 -0.0100842228010974 0
3617 -0.07171050899558126 -0.006061288727280679 0
3618 -0.03933864095998493 -0.002804195876821433 0
3619 -0.07366189978762941 -0.01109214465184897 0
3620 -0.0765835463368312 -0.007243143547226071 0
3621 -0.08339049522430421 -0.00711622914373543 0
3622 -0.08508709441135236 -0.009862615639679497 0
3623 -0.03960030641169621 -0.001186355390712546 0
3624 -0.09534093635001208 -0.009935707720000407 0
3625 -0.09911111372390917 -0.01078507877380956 0
3626 -0.03904227620678744 -0.0012986334867712 0
3627 -0.1069143871011019 -0.01013288333741538 0
3628 -0.1107112591655947 -0.008045684570388238 0
3629 -0.1142228625871362 -0.009418226978927772 0
3630 -0.04660735103981568 -0.01423947527794666 0
3631 -0.1178679456050415 -0.008899865141789661 0
3632 -0.03820904118941233 -0.0007372758687645421 0
3633 -0.03824419350594563 -0.0003169962460087261 0
3634 -0.0476603842073958 -0.00285259477094374 0
3635 -0.0498816316996679 -0.004690670988984628 0
3636 -0.04987115066876246 -0.01444706271836758 0
3637 -0.05304063627103565 -0.01247789382026921 0
3638 -0.05269675179692085 -0.003031328431025369 0
3639 -0.04277422418097656 -0.01052869875392879 0
3640 -0.04515910122689304 -0.001325483926696918 0
3641 -0.05774421129004576 -0.004435843196574479 0
3642 -0.05523536621690182 -0.002799565654541874 0
3643 -0.06004148521727632 -0.004276304596831064 0
3644 -0.0477414172568666 -0.0005835699300929465 0
3645 -0.05933410797906119 -0.01404434356123778 0
3646 -0.0631165564982865 -0.004651891802532081 0
3647 -0.04109301097862388 -0.00543939978819423 0
3648 -0.06691689403317899 -0.0131991091396762 0
3649 -0.07083806986691997 -0.01468180554949829 0
3650 -0.07418811167997497 -0.006583026306481722 0
3651 -0.04199281918451494 -0.003689659824688682 0
3652 -0.04645051036249759 -0.001404055812756858 0
3653 -0.04466024126908296 -0.003827635638330353 0
3654 -0.04340094260845626 -0.003538612677072714 0
3655 -0.07172223117100178 -0.003080384023046819 0
3656 -0.0419221911721765 -0.0009303518656554327 0
3657 -0.04751831682366137 -0.01788144616328395 0
3658 -0.04614590090796699 -0.004412837894917548 0
3659 -0.08589216133987163 -0.007634474478499185 0
3660 -0.04711506623326416 -0.007166708975179331 0
3661 -0.07707534288126595 -0.003660234589619945 0
3662 -0.04074151722022654 -0.008895346726039574 0
3663 -0.07892859406820243 -0.01428918194828078 0
3664 -0.04331967319217903 -0.006479469748596597 0
3665 -0.0443631753352152 -0.00258803273285576 0
3666 -0.04252726900037535 -0.001045305036801717 0
3667 -0.05575176205429402 -0.00811072932103443 0
3668 -0.08535925272082999 -0.01491741052583379 0
3669 -0.09347991335673896 -0.005376522044561144 0
3670 -0.08246469647545575 -0.00247868720094244 0
3671 -0.09755770678697956 -0.005084665376938221 0
3672 -0.04014654853461402 -0.00138696757344663 0
3673 -0.0914067635147362 -0.01463030474977558 0
3674 -0.04403611975229256 -0.003231897201427314 0
3675 -0.1004917686171275 -0.005152416067828883 0
3676 -0.04006219911924844 -0.006948073618264802 0
3677 -0.04011464001218128 -0.0009124259948855255 0
3678 -0.08731880911427714 -0.003932371235452655 0
3679 -0.04477023321715626 -0.005441982670533785 0
3680 -0.1097484553979936 -0.003645613833761433 0
3681 -0.1137924406768313 -0.004739386566351159 0
3682 -0.04559825445869239 -0.01808994074619115 0
3683 -0.1155619778752314 -0.01537773544084888 0
3684 -0.1181912078073762 -0.004444174436399806 0
3685 -0.08152975290223427 -0.00913863202565986 0
3686 -0.1223880775737523 -0.01730147784211134 0
3687 -0.07623706212352684 -0.01111124978803879 0
3688 -0.1032897595668668 -0.003442648504169486 0
3689 -0.1222539312062495 -0.007226402262180832 0
3690 -0.1251057206135155 -0.01511205727602906 0
3691 -0.03966354653865397 -0.000501645163588564 0
3692 -0.05181336805277797 -0.007993192010348222 0
3693 -0.1282453849768529 -0.006944542807073183 0
3694 -0.1296014417032101 -0.01557530074557827 0
3695 -0.03883603776525806 -0.002298429382715677 0
3696 -0.04203828136944336 -0.001994752915355723 0
3697 -0.08828367378228244 -0.009181536336309082 0
3698 -0.03855992249882352 -0.001622977252794331 0
3699 -0.03999068748881957 -0.002626933274034713 0
3700 -0.1320847357974583 -0.01137161564543572 0
3701 -0.05336361525913048 -0.00539883794659447 0
3702 -0.0614378487778223 -0.008514711995345545 0
3703 -0.04352410568934932 -0.01479277100427031 0
3704 -0.03865552245438884 -0.001025383211154288 0
3705 -0.05928235477963902 -0.009701275912854754 0
3706 -0.05656396193927363 -0.007108517885125408 0
3707 -0.04326746920348576 -0.002125263151745298 0
3708 -0.03909010774002977 -0.003437104965508782 0
3709 -0.0382115114877262 -0.001183584303347697 0
3710 -0.03926886758760543 -0.001711485766262974 0
3711 -0.03916849290722282 -0.0007879289725057501 0
3712 -0.03872052636532736 -0.0004476800684782433 0
3713 -0.1258312594750388 -0.0107472986963672 0
3714 -0.07465677406608721 -0.00901756268398525 0
3715 -0.0721469351202441 -0.009766901357270879 0
3716 -0.0654055807055441 -0.008741949428688278 0
3717 -0.07940306300719423 -0.006871213214722539 0
3718 -0.05000516053961951 -0.002074825857090576 0
3719 -0.04860711332223124 -0.001396999771398604 0
3720 -0.04780702918510726 -0.004502659305818652 0
3721 -0.04948284500197347 -0.007048417703025949 0
3722 -0.0581710312572114 -0.001914789518086858 0
3723 -0.05096270278080684 -0.00667546319720203 0
3724 -0.04819188751254559 -0.006498857247897855 0
3725 -0.05342597920445567 -0.001443663887521407 0
3726 -0.04292261602577457 -0.01247608277816988 0
3727 -0.05028620977511165 -0.01116575244010221 0
3728 -0.06041016552368766 -0.002321373062777775 0
3729 -0.04661370999004845 -0.008901857020239486 0
3730 -0.0516981776104421 -0.001484534353824958 0
3731 -0.05812563916766823 -0.005746610038867962 0
3732 -0.0452301295031053 -0.008918989590159592 0
3733 -0.04405050448409042 -0.00824422347724886 0
3734 -0.05245004981420445 -0.006526278190490324 0
3735 -0.05029857873825978 -0.009461653433627861 0
3736 -0.04442838650303225 -0.01265948770638355 0
3737 -0.04775615980005614 -0.009744580231742021 0
3738 -0.04175144215400552 -0.01182927445359855 0
3739 -0.06300944061915845 -0.002328539316353078 0
3740 -0.04894479885324243 -0.00305671491031455 0
3741 -0.05097565247599778 -0.003083036572456967 0
3742 -0.04612597947209198 -0.002071641991386075 0
3743 -0.05545762335773202 -0.004757708940657135 0
3744 -0.0467336348165791 -0.00371650703387566 0
3745 -0.06236537517849435 -0.006152971368760228 0
3746 -0.05534518158822088 -0.01709582014555816 0
3747 -0.06049123835710492 -0.007335557556999245 0
3748 -0.0542320603223226 -0.002835416863594089 0
3749 -0.05494424175143801 -0.009423810491092997 0
3750 -0.063699986730662 -0.01576953362111824 0
3751 -0.04105148989725464 -0.0037671153682752 0
3752 -0.05360322034157512 -0.003810924771964695 0
3753 -0.06005724838859195 -0.01118300257704983 0
3754 -0.06688414430849851 -0.01578025645697056 0
3755 -0.08057890211430022 -0.002679217361956612 0
3756 -0.05470451502025089 -0.00370747547552824 0
3757 -0.06412280872377948 -0.006009887164196944 0
3758 -0.05667125662121168 -0.003174483224747619 0
3759 -0.04146156131908937 -0.004564429417735271 0
3760 -0.04691481916633814 -0.006024181110914537 0
3761 -0.06868208542088505 -0.001959207849673197 0
3762 -0.05230756346631484 -0.009322583145070715 0
3763 -0.04599085989671931 -0.01273847997542896 0
3764 -0.04597002605963146 -0.003604270459630065 0
3765 -0.05539084585084214 -0.0008509286191133826 0
3766 -0.06622464152052825 -0.005388675303547282 0
3767 -0.04007906015022979 -0.005370193300304501 0
3768 -0.0598923319128294 -0.01693863745933667 0
3769 -0.0750885598743201 -0.00307760489769357 0
3770 -0.04301152541472027 -0.004127892276397163 0
3771 -0.04226288806732768 -0.004565189681659915 0
3772 -0.04532799558526247 -0.0008554670051773613 0
3773 -0.04760854707131775 -0.0126803676805169 0
3774 -0.06552086789474219 -0.0110004884101302 0
3775 -0.04654495155171996 -0.002847201163571459 0
3776 -0.04056133000013678 -0.004535883326011169 0
3777 -0.0510111163563718 -0.01261811134919413 0
3778 -0.04569860262483178 -0.005791730833410021 0
3779 -0.06568432014196755 -0.001980962996572423 0
3780 -0.04935019298049329 -0.01276873318702081 0
3781 -0.06350971182750512 -0.01175625432415225 0
3782 -0.04444294756533409 -0.01618106776893947 0
3783 -0.04153903115510134 -0.01083320637340718 0
3784 -0.08474502968955809 -0.003343309099246637 0
3785 -0.04375327828277393 -0.01031007232878559 0
3786 -0.04550162465450555 -0.00195058012229515 0
3787 -0.05510473625980513 -0.00637018355331162 0
3788 -0.04338002442681601 -0.005549275914106936 0
3789 -0.04104028740797439 -0.001278098676431356 0
3790 -0.07921058506765281 -0.004402631736816323 0
3791 -0.07329996405157498 -0.004401930815026123 0
3792 -0.08785353644708031 -0.006320894253007235 0
3793 -0.04864561830408202 -0.0160511157045425 0
3794 -0.04168731924029092 -0.008122005846035911 0
3795 -0.06757278563013532 -0.009483011530617197 0
3796 -0.04137495510276931 -0.002529961814477332 0
3797 -0.0867895840313716 -0.01217344353880216 0
3798 -0.04468356308462983 -0.001889793174040234 0
3799 -0.05379942686943138 -0.006808944187578871 0
3800 -0.0450234531163735 -0.01433068718692717 0
3801 -0.04581253634745747 -0.001268811408712999 0
3802 -0.0435742727058083 -0.01800943963758387 0
3803 -0.04823327459123364 -0.007541315196448595 0
3804 -0.06807458694144146 -0.01145037459896659 0
3805 -0.04354887466092082 -0.0008860581427636569 0
3806 -0.08186797782104689 -0.01450156665950739 0
3807 -0.05901132774983962 -0.0039486864478718 0
3808 -0.06977824804279389 -0.01238508005516112 0
3809 -0.04059300613321457 -0.006195491494189504 0
3810 -0.04523991180992987 -0.003380918683787502 0
3811 -0.09206847407226748 -0.002319083056903902 0
3812 -0.04443843090950813 -0.000732109488903155 0
3813 -0.04931983960234924 -0.01003417154829554 0
3814 -0.04118198510954316 -0.007090677017488227 0
3815 -0.06831784909316986 -0.0063850262475093 0
3816 -0.054848443488523 -0.01197748641397648 0
3817 -0.06967470421393902 -0.003432807449171709 0
3818 -0.03959497123079864 -0.004539777223098158 0
3819 -0.04163684555348394 -0.0004314212073418491 0
3820 -0.05745464965552271 -0.01381765988951387 0
3821 -0.08960373593083477 -0.01207720336226055 0
3822 -0.05676901783162967 -0.005727149088494754 0
3823 -0.07638533942055852 -0.01544101489010962 0
3824 -0.04157313402597079 -0.006220009905768791 0
3825 -0.07137803871625144 -0.0045656926400682 0
3826 -0.08335627639274827 -0.01191204329591277 0
3827 -0.04222554235538901 -0.002838436862093013 0
3828 -0.04272412323055898 -0.001631932580192745 0
3829 -0.04063653273999419 -0.001655452174432814 0
3830 -0.04466780359570481 -0.003118061899500044 0
3831 -0.05764012599804953 -0.008519886558911338 0
3832 -0.09955761743713083 -0.002642598425431495 0
3833 -0.04067243579687174 -0.00227498251306147 0
3834 -0.04020936634131094 -0.003864406663346643 0
3835 -0.04808345688790914 -0.01444789422903023 0
3836 -0.0757444292251125 -0.005259442529047042 0
3837 -0.06147491944736232 -0.004596784778553011 0
3838 -0.04189972175624427 -0.009499670872206647 0
3839 -0.04659575095820887 -0.01594777774502934 0
3840 -0.0453301196759798 -0.004208393122288851 0
3841 -0.09337384534158054 -0.01226745793667161 0
3842 -0.07466700841773362 -0.01301366303103043 0
3843 -0.07050856699779896 -0.007620073444909646 0
3844 -0.0841905269745644 -0.00153219856774003 0
3845 -0.04494223500665594 -0.006457528403800545 0
3846 -0.04047749083530375 -0.007872284259920939 0
3847 -0.04634658963719818 -0.000420670297580014 0
3848 -0.07985970548077273 -0.01718043336381543 0
3849 -0.04237756386962304 -0.01397540564337404 0
3850 -0.04472098790809421 -0.004617832064324833 0
3851 -0.06809309636335459 -0.004523176950378006 0
3852 -0.04050752928782737 -0.001169045556369563 0
3853 -0.04143858908762632 -0.003162527960705451 0
3854 -0.09573574510628269 -0.002164634307115233 0
3855 -0.08665692316203459 -0.00166797653150576 0
3856 -0.09025820616680121 -0.004418123422836589 0
3857 -0.09071705561794859 -0.007075517626635344 0
3858 -0.08875846139134547 -0.01462806750159675 0
3859 -0.04502022237731559 -0.002600273818269918 0
3860 -0.06479767167247227 -0.004195111963905765 0
3861 -0.0441626586226849 -0.005928524573823108 0
3862 -0.112468914245753 -0.01572819188115924 0
3863 -0.04254558841947378 -0.005977227153172699 0
3864 -0.07323947135317392 -0.01513764855208385 0
3865 -0.06878572610012139 -0.01415630619039688 0
3866 -0.07187712936847745 -0.01226308328523781 0
3867 -0.0428176055878652 -0.003404727733196784 0
3868 -0.08318790974971577 -0.004765278641528385 0
3869 -0.04016169588674141 -0.001955055707345225 0
3870 -0.1066776639413994 -0.002795445933428636 0
3871 -0.04553119796809125 -0.004971018782761157 0
3872 -0.04412153527157498 -0.00705297344961421 0
3873 -0.09048428528467996 -0.01726370461842631 0
3874 -0.0427800432178522 -0.005044614533620463 0
3875 -0.04163876868377008 -0.001403882393578127 0
3876 -0.06994712739668252 -0.005431344243219591 0
3877 -0.0914364862091603 -0.009713530399206015 0
3878 -0.04667747006160847 -0.01116694298551803 0
3879 -0.04393030451997086 -0.004147100748187406 0
3880 -0.07259174637086044 -0.007805983718145094 0
3881 -0.09639273615857691 -0.007658774876706935 0
3882 -0.05048993033650576 -0.008090674430558803 0
3883 -0.1066257053548096 -0.005842529866138213 0
3884 -0.03981012579329004 -0.003279402429464243 0
3885 -0.04129111562067284 -0.0008649122102451972 0
3886 -0.04308669805378125 -0.001168410803687016 0
3887 -0.1020258668057017 -0.01346145031282494 0
3888 -0.09471300445722948 -0.01499635104023394 0
3889 -0.1111325126189203 -0.01172335500526084 0
3890 -0.05439431348456136 -0.00817773839975041 0
3891 -0.04342157518614566 -0.0004041370920961443 0
3892 -0.04191848517870553 -0.005312251049897436 0
3893 -0.07196202748310915 -0.001438346332478175 0
3894 -0.07635278248445142 -0.001587256619272237 0
3895 -0.03919760943669107 -0.0003500040015386839 0
3896 -0.04463844447074906 -0.001259125560918466 0
3897 -0.0441157502647407 -0.005067332529706879 0
3898 -0.04068581174834548 -0.0008282282435732144 0
3899 -0.1010685111271167 -0.01670632340754546 0
3900 -0.04314134850922614 -0.002842768465140662 0
3901 -0.03978148428676266 -0.00167692376582009 0
3902 -0.06483108047136943 -0.01335298284374146 0
3903 -0.03958059445373965 -0.002189129428682911 0
3904 -0.1045239012773284 -0.01607408882841302 0
3905 -0.08919064002260131 -0.002007239764742962 0
3906 -0.09342460277008349 -0.00788082168527216 0
3907 -0.1337322749422608 -0.01622083285563763 0
3908 -0.1257827582854476 -0.003419386275124052 0
3909 -0.1034233403329407 -0.007362278693871527 0
3910 -0.05052179615516215 -0.000998515596939573 0
3911 -0.04995180780963427 -0.003001569313528324 0
3912 -0.04933512716101419 -0.0009721492777222712 0
3913 -0.04797809381519465 -0.002164224393016441 0
3914 -0.05077692618012406 -0.001673655617418857 0
3915 -0.05136102140462152 -0.002297377112991013 0
3916 -0.05219694452495688 -0.0021983245982899 0
3917 -0.04873452420201587 -0.002290127502514895 0
3918 -0.04876412400887675 -0.0005915208184947484 0
3919 -0.04930779972061959 -0.005718116629812172 0
3920 -0.04875106158389569 -0.004641476162946431 0
3921 -0.05040810311639366 -0.003865108559807481 0
3922 -0.05362233831944969 -0.01716950910489733 0
3923 -0.05259856234920453 -0.001479995447398904 0
3924 -0.05049760195736912 -0.005566906010313108 0
3925 -0.04930514136152764 -0.001744299249905521 0
3926 -0.05103804996834872 -0.004651532609529911 0
3927 -0.04936218791042187 -0.003834226085269863 0
3928 -0.07039651897681028 -0.001544347491634551 0
3929 -0.05756659143927793 -0.0170121234477271 0
3930 -0.0494049097055964 -0.002422349311177764 0
3931 -0.04844294453281459 -0.003768782302890994 0
3932 -0.06234951383071868 -0.003363159117433999 0
3933 -0.05298936599376638 -0.002145524181584697 0
3934 -0.05239914336810432 -0.01642306746462619 0
3935 -0.05921851873527189 -0.001938685503354831 0
3936 -0.04755902515929412 -0.003664881305749566 0
3937 -0.0616791730221073 -0.002086685115478533 0
3938 -0.05354413861718148 -0.009524245637457377 0
3939 -0.06093483530227901 -0.003296975432037089 0
3940 -0.05648955072685571 -0.009974544892626766 0
3941 -0.05393717312126856 -0.01545589386322106 0
3942 -0.06424492811255535 -0.002082670640162293 0
3943 -0.04805465132347576 -0.00543946048479426 0
3944 -0.05132908972023946 -0.003844871099210288 0
3945 -0.05065076133879182 -0.002417886943847555 0
3946 -0.047249946985105 -0.005183960248386668 0
3947 -0.05809800148895155 -0.001025963766479703 0
3948 -0.06047951249294156 -0.001061627951502929 0
3949 -0.06708461417055216 -0.001951398141779855 0
3950 -0.05799752765069738 -0.006952244901288676 0
3951 -0.05423817841737499 -0.01860207945534975 0
3952 -0.05414854284941362 -0.01076344661985376 0
3953 -0.04700281342142849 -0.004472363649973333 0
3954 -0.06479220855736482 -0.001015124612029054 0
3955 -0.05141228980564508 -0.01013390603838519 0
3956 -0.05967895154260414 -0.003124811446153829 0
3957 -0.06377571605717934 -0.003277436937045024 0
3958 -0.05892253404506537 -0.0125004221336945 0
3959 -0.04675183114541498 -0.0008897713768193585 0
3960 -0.04573952040483194 -0.0005393282756116127 0
3961 -0.05265294738335465 -0.01056935699097172 0
3962 -0.08377374113214443 -0.01736986837451611 0
3963 -0.07459110884140555 -0.0014151590878739 0
3964 -0.05429833550427244 -0.001112825834218982 0
3965 -0.06100796718091313 -0.01837924167115167 0
3966 -0.04711104464622665 -0.001406099185542063 0
3967 -0.04723512244165207 -0.002496827308938823 0
3968 -0.0532077013949904 -0.0008466062262811068 0
3969 -0.04489411154900975 -0.0009084657734844207 0
3970 -0.0482728739542204 -0.0009030239507732529 0
3971 -0.07694410680388949 -0.01795715918240624 0
3972 -0.05877793051957204 -0.01847980780251923 0
3973 -0.04820250963481894 -0.0004232727198112647 0
3974 -0.0582111239685699 -0.01067324946587205 0
3975 -0.08715059684310968 -0.01736317517006216 0
3976 -0.05629025643623318 -0.01543414691768805 0
3977 -0.0606871840325343 -0.005955294726419931 0
3978 -0.06169503916216047 -0.01693914535473168 0
3979 -0.05164925109233439 -0.0113292694307684 0
3980 -0.05614663220255356 -0.00143718122079816 0
3981 -0.06078307526760948 -0.009825455497982588 0
3982 -0.05823576440698279 -0.002881500035200536 0
3983 -0.04291978878977355 -0.008607722185694668 0
3984 -0.04399740533807045 -0.009354258860128866 0
3985 -0.05446319448944595 -0.004979518668116953 0
3986 -0.0439133792492408 -0.0004042118480999977 0
3987 -0.0630071546877643 -0.001079738414596671 0
3988 -0.06171116786885817 -0.01139578182728489 0
3989 -0.0609727838066631 -0.01501598328448392 0
3990 -0.06774686595210884 -0.0009685011710697638 0
3991 -0.04342762261922647 -0.001528473974664446 0
3992 -0.03938425814492653 -0.005345802714050167 0
3993 -0.04737818437157795 -0.008327531952568362 0
3994 -0.05164407720913491 -0.005540094608206592 0
3995 -0.05306890588277441 -0.008054142298563407 0
3996 -0.04409294472875656 -0.001302499225611939 0
3997 -0.05646048932291057 -0.01853163847519237 0
3998 -0.04505277267055272 -0.007547013877344974 0
3999 -0.06258903755322143 -0.01333803388379429 0
4000 -0.04392890336812976 -0.002014756025056587 0
4001 -0.06497686466907249 -0.002899398511647028 0
4002 -0.04365562491181798 -0.01371146498122241 0
4003 -0.06627795626493928 -0.0009859978202418492 0
4004 -0.05865984578292733 -0.01545833058701449 0
4005 -0.07468103222849977 -0.01766263996826275 0
4006 -0.05345236099820626 -0.002764359449589342 0
4007 -0.05225697345253517 -0.004351108369604268 0
4008 -0.07849665456868773 -0.001722723766297427 0
4009 -0.09370644195869383 -0.01733563485505975 0
4010 -0.0662946760788841 -0.003378336884018357 0
4011 -0.06334451357424109 -0.01810194876566687 0
4012 -0.04703682203770078 -0.0004066236826189419 0
4013 -0.05718146935795403 -0.00178153500386912 0
4014 -0.05547133022963689 -0.0109047609982364 0
4015 -0.06796583524952299 -0.003048985455004225 0
4016 -0.06765747524840277 -0.01792542401913239 0
4017 -0.03944908248866133 -0.003856811326585372 0
4018 -0.1218069749110083 -0.003094333246828549 0
4019 -0.04822500150903752 -0.002952190017121728 0
4020 -0.06537214637237553 -0.007084401938836314 0
4021 -0.04169694451073659 -0.01280263297845235 0
4022 -0.04778942633420367 -0.001322694934471883 0
4023 -0.04621739749024019 -0.0008504543172456484 0
4024 -0.0549133966135717 -0.001844540020995392 0
4025 -0.04269397089678006 -0.01610204426336437 0
4026 -0.05955152528839199 -0.008180808069848123 0
4027 -0.04385628775548097 -0.01134145988585196 0
4028 -0.05641874995717884 -0.004329333447625187 0
4029 -0.04229068764283053 -0.0005252369307942009 0
4030 -0.04631434017807286 -0.009767932925499902 0
4031 -0.05933616280368448 -0.006560766571028344 0
4032 -0.03970477227175685 -0.006050000243082659 0
4033 -0.04714403863595448 -0.003088347054500614 0
4034 -0.0565965327349079 -0.0119447396238591 0
4035 -0.05388524977276584 -0.002024388372917318 0
4036 -0.04680662372963937 -0.001978482238417378 0
4037 -0.06308448607248228 -0.009914847501846343 0
4038 -0.09779880496014813 -0.01353989500377469 0
4039 -0.05602962420243855 -0.002207461024990433 0
4040 -0.05168275022517863 -0.0005590415732024432 0
4041 -0.1136741060147347 -0.0129456089798618 0
4042 -0.07331782197670211 -0.002235570859353098 0
4043 -0.1183433561294902 -0.0169603109873345 0
4044 -0.0425775683349733 -0.01141671439088654 0
4045 -0.04595949332442744 -0.006823946844423338 0
4046 -0.05126434607990069 -0.009000401811598158 0
4047 -0.05195117430581326 -0.01797848313184167 0
4048 -0.08137028902997709 -0.005066866357463431 0
4049 -0.04030003310022989 -0.0004373676291447961 0
4050 -0.06059781327357686 -0.0129129278779242 0
4051 -0.09989400223495304 -0.007924334495869999 0
4052 -0.06697618618876834 -0.007498369590279302 0
4053 -0.06865166052164456 -0.008147296653975029 0
4054 -0.0550866926504943 -0.01357981050053173 0
4055 -0.05569088391984547 -0.003769006577789087 0
4056 -0.1163196522843069 -0.01190941981932368 0
4057 -0.04642388017896027 -0.00514268208672721 0
4058 -0.05915766837684145 -0.005153917596265597 0
4059 -0.05203053841519034 -0.01454682361499289 0
4060 -0.08535747999230324 -0.005550038290177157 0
4061 -0.04321205728406363 -0.007550615458126579 0
4062 -0.05068352619203752 -0.01610773256971859 0
4063 -0.048534442524257 -0.01123807684262906 0
4064 -0.06901800004591931 -0.0008944113024755022 0
4065 -0.05184428381565435 -0.003167783801427864 0
4066 -0.05420878157300123 -0.005873939945621758 0
4067 -0.06165902330732855 -0.00717207458749369 0
4068 -0.09706764472030073 -0.01707379914348013 0
4069 -0.1203522261482222 -0.01277896120892502 0
4070 -0.03876293400664883 -0.002947852899386285 0
4071 -0.04622489268216267 -0.007947674709985848 0
4072 -0.06942595576637019 -0.01666396823349582 0
4073 -0.05910587261406178 -0.0008113367216585699 0
4074 -0.06170481634294858 -0.001057012870394533 0
4075 -0.1307354986835586 -0.00337255480931249 0
4076 -0.05239342241895851 -0.0007418409840885231 0
4077 -0.1334003693488207 -0.006433874797129382 0
4078 -0.0408318335796186 -0.009973324172002499 0
4079 -0.06578334017103649 -0.01789435961044061 0
4080 -0.05242867893375125 -0.005454079778723913 0
4081 -0.05006273736519226 -0.006252225885088315 0
4082 -0.05647288375973498 -0.0007076255080605702 0
4083 -0.04503151812181068 -0.01033509465837808 0
4084 -0.05000294222985375 -0.001314575355937143 0
4085 -0.04215909426959498 -0.001395616546602432 0
4086 -0.04968434414757342 -0.01800312959489779 0
4087 -0.04739752512025291 -0.001852593136639597 0
4088 -0.07772405242809385 -0.005724087855730891 0
4089 -0.05102560910655629 -0.0008537593636363441 0
4090 -0.1049310099147035 -0.01304814998970616 0
4091 -0.1343709644338856 -0.002961285921291053 0
4092 -0.04941045411824568 -0.0004069183299626884 0
4093 -0.1160186141690963 -0.006875413280867099 0
4094 -0.04996681208143296 -0.0005855668001419871 0
4095 -0.07714440009993519 -0.0129467402086907 0
4096 -0.04098768657467466 -0.0003659898986150081 0
4097 -0.102716620018885 -0.01045236260058293 0
4098 -0.07201560894603219 -0.01735767705055679 0
4099 -0.04306888366956775 -0.009660084600148913 0
4100 -0.07958378420900168 -0.01192542400048544 0
4101 -0.05727686665419065 -0.0008787810696023485 0
4102 -0.1082829375981163 -0.01524380986313638 0
4103 -0.05352376011449721 -0.01401510544975372 0
4104 -0.07799899710747925 -0.009217870876686326 0
4105 -0.04504778860393455 -0.0004322312183339269 0
4106 -0.0425277885267563 -0.007832385684835626 0
4107 -0.05054139900688846 -0.0004875683521435808 0
4108 -0.04291755502441869 -0.0005764412593127201 0
4109 -0.04519690446773034 -0.01164829304231211 0
4110 -0.04399840738710657 -0.0008312196763446871 0
4111 -0.08142340004092745 -0.007048235185395314 0
4112 -0.04728610828408254 -0.0009217518219090384 0
$EndNodes
$Elements
8154
1 1 2 7 1 4 20
2 1 2 7 1 20 21
3 1 2 7 1 21 22
4 1 2 7 1 22 23
5 1 2 7 1 23 1
6 1 2 4 13 7 166
7 1 2 4 13 166 167
8 1 2 4 13 167 168
9 1 2 4 13 168 169
10 1 2 4 13 169 170
11 1 2 4 13 170 171
12 1 2 4 13 171 172
13 1 2 4 13 172 173
14 1 2 4 13 173 174
15 1 2 4 13 174 175
16 1 2 4 13 175 176
17 1 2 4 13 176 177
18 1 2 4 13 177 178
19 1 2 4 13 178 179
20 1 2 4 13 179 180
21 1 2 4 13 180 181
22 1 2 4 13 181 182
23 1 2 4 13 182 183
24 1 2 4 13 183 184
25 1 2 4 13 184 185
26 1 2 4 13 185 186
27 1 2 4 13 186 187
28 1 2 4 13 187 188
29 1 2 4 13 188 189
30 1 2 4 13 189 190
31 1 2 4 13 190 191
32 1 2 4 13 191 192
33 1 2 4 13 192 193
34 1 2 4 13 193 194
35 1 2 4 13 194 195
36 1 2 4 13 195 196
37 1 2 4 13 196 197
38 1 2 4 13 197 198
39 1 2 4 13 198 199
40 1 2 4 13 199 200
41 1 2 4 13 200 201
42 1 2 4 13 201 202
43 1 2 4 13 202 203
44 1 2 4 13 203 204
45 1 2 4 13 204 205
46 1 2 4 13 205 206
47 1 2 4 13 206 207
48 1 2 4 13 207 208
49 1 2 4 13 208 209
50 1 2 4 13 209 210
51 1 2 4 13 210 211
52 1 2 4 13 211 6
53 1 2 6 19 5 212
54 1 2 6 19 212 213
55 1 2 6 19 213 214
56 1 2 6 19 214 215
57 1 2 6 19 215 216
58 1 2 6 19 216 217
59 1 2 6 19 217 218
60 1 2 6 19 218 219
61 1 2 6 19 219 220
62 1 2 6 19 220 221
63 1 2 6 19 221 222
64 1 2 6 19 222 223
65 1 2 6 19 223 224
66 1 2 6 19 224 225
67 1 2 6 19 225 226
68 1 2 6 19 226 227
69 1 2 6 19 227 228
70 1 2 6 19 228 229
71 1 2 6 19 229 230
72 1 2 6 19 230 231
73 1 2 6 19 231 232
74 1 2 6 19 232 233
75 1 2 6 19 233 234
76 1 2 6 19 234 235
77 1 2 6 19 235 236
78 1 2 6 19 236 237
79 1 2 6 19 237 238
80 1 2 6 19 238 239
81 1 2 6 19 239 240
82 1 2 6 19 240 241
83 1 2 6 19 241 242
84 1 2 6 19 242 243
85 1 2 6 19 243 244
86 1 2 6 19 244 245
87 1 2 6 19 245 246
88 1 2 6 19 246 247
89 1 2 6 19 247 248
90 1 2 6 19 248 249
91 1 2 6 19 249 250
92 1 2 6 19 250 251
93 1 2 6 19 251 252
94 1 2 6 19 252 253
95 1 2 6 19 253 254
96 1 2 6 19 254 255
97 1 2 6 19 255 256
98 1 2 6 19 256 257
99 1 2 6 19 257 10
100 1 2 7 28 1 258
101 1 2 7 28 258 259
102 1 2 7 28 259 260
103 1 2 7 28 260 261
104 1 2 7 28 261 3
105 1 2 5 38 18 442
106 1 2 5 38 442 443
107 1 2 5 38 443 444
108 1 2 5 38 444 445
109 1 2 5 38 445 446
110 1 2 5 38 446 447
111 1 2 5 38 447 448
112 1 2 5 38 448 449
113 1 2 5 38 449 450
114 1 2 5 38 450 451
115 1 2 5 38 451 452
116 1 2 5 38 452 453
117 1 2 5 38 453 454
118 1 2 5 38 454 455
119 1 2 5 38 455 456
120 1 2 5 38 456 457
121 1 2 5 38 457 458
122 1 2 5 38 458 459
123 1 2 5 38 459 460
124 1 2 5 38 460 461
125 1 2 5 38 461 462
126 1 2 5 38 462 463
127 1 2 5 38 463 464
128 1 2 5 38 464 465
129 1 2 5 38 465 466
130 1 2 5 38 466 467
131 1 2 5 38 467 468
132 1 2 5 38 468 469
133 1 2 5 38 469 19
134 1 2 5 39 19 470
135 1 2 5 39 470 471
136 1 2 5 39 471 472
137 1 2 5 39 472 473
138 1 2 5 39 473 474
139 1 2 5 39 474 475
140 1 2 5 39 475 476
141 1 2 5 39 476 477
142 1 2 5 39 477 478
143 1 2 5 39 478 479
144 1 2 5 39 479 480
145 1 2 5 39 480 481
146 1 2 5 39 481 482
147 1 2 5 39 482 483
148 1 2 5 39 483 484
149 1 2 5 39 484 485
150 1 2 5 39 485 486
151 1 2 5 39 486 487
152 1 2 5 39 487 488
153 1 2 5 39 488 489
154 1 2 5 39 489 490
155 1 2 5 39 490 491
156 1 2 5 39 491 492
157 1 2 5 39 492 493
158 1 2 5 39 493 494
159 1 2 5 39 494 495
160 1 2 5 39 495 496
161 1 2 5 39 496 497
162 1 2 5 39 497 17
163 2 2 1 41 24 25 558
164 2 2 1 41 559 41 40
165 2 2 1 41 65 66 561
166 2 2 1 41 719 652 520
167 2 2 1 41 538 666 721
168 2 2 1 41 722 718 549
169 2 2 1 41 723 715 546
170 2 2 1 41 726 686 535
171 2 2 1 41 534 687 727
172 2 2 1 41 535 686 737
173 2 2 1 41 738 687 534
174 2 2 1 41 538 721 739
175 2 2 1 41 740 561 553
176 2 2 1 41 741 735 547
177 2 2 1 41 548 736 742
178 2 2 1 41 746 66 67
179 2 2 1 41 561 66 746
180 2 2 1 41 754 715 538
181 2 2 1 41 754 734 546
182 2 2 1 41 546 715 754
183 2 2 1 41 545 734 757
184 2 2 1 41 538 739 757
185 2 2 1 41 552 718 760
186 2 2 1 41 20 21 744
187 2 2 1 41 755 38 39
188 2 2 1 41 55 54 756
189 2 2 1 41 747 547 735
190 2 2 1 41 736 548 748
191 2 2 1 41 666 538 715
192 2 2 1 41 47 46 706
193 2 2 1 41 705 30 31
194 2 2 1 41 725 549 718
195 2 2 1 41 722 560 760
196 2 2 1 41 722 760 718
197 2 2 1 41 754 538 757
198 2 2 1 41 754 757 734
199 2 2 1 41 758 545 757
200 2 2 1 41 739 758 757
201 2 2 1 41 747 708 547
202 2 2 1 41 548 707 748
203 2 2 1 41 367 366 633
204 2 2 1 41 369 368 643
205 2 2 1 41 626 616 648
206 2 2 1 41 335 11 762
207 2 2 1 41 762 560 335
208 2 2 1 41 762 11 383
209 2 2 1 41 710 343 342
210 2 2 1 41 428 427 711
211 2 2 1 41 405 740 404
212 2 2 1 41 561 740 405
213 2 2 1 41 43 42 731
214 2 2 1 41 732 26 27
215 2 2 1 41 381 380 753
216 2 2 1 41 381 753 761
217 2 2 1 41 546 552 753
218 2 2 1 41 761 753 552
219 2 2 1 41 382 381 761
220 2 2 1 41 761 552 760
221 2 2 1 41 753 723 546
222 2 2 1 41 762 383 382
223 2 2 1 41 761 762 382
224 2 2 1 41 560 762 760
225 2 2 1 41 761 760 762
226 2 2 1 41 698 401 402
227 2 2 1 41 691 665 391
228 2 2 1 41 691 391 392
229 2 2 1 41 665 691 648
230 2 2 1 41 648 616 637
231 2 2 1 41 648 637 665
232 2 2 1 41 553 561 746
233 2 2 1 41 709 553 746
234 2 2 1 41 560 334 335
235 2 2 1 41 552 546 734
236 2 2 1 41 552 734 718
237 2 2 1 41 275 276 939
238 2 2 1 41 645 630 989
239 2 2 1 41 649 984 992
240 2 2 1 41 1013 521 518
241 2 2 1 41 1015 1012 522
242 2 2 1 41 696 940 1016
243 2 2 1 41 1018 964 670
244 2 2 1 41 1022 984 661
245 2 2 1 41 634 1022 1028
246 2 2 1 41 1029 981 695
247 2 2 1 41 696 1016 1034
248 2 2 1 41 1040 43 731
249 2 2 1 41 629 964 1042
250 2 2 1 41 1047 1025 743
251 2 2 1 41 1048 1026 692
252 2 2 1 41 699 1036 1051
253 2 2 1 41 1051 991 699
254 2 2 1 41 732 27 1055
255 2 2 1 41 1059 1001 524
256 2 2 1 41 1062 958 635
257 2 2 1 41 1062 995 647
258 2 2 1 41 647 958 1062
259 2 2 1 41 1063 986 531
260 2 2 1 41 654 986 1063
261 2 2 1 41 1067 1015 522
262 2 2 1 41 627 994 1069
263 2 2 1 41 1070 996 628
264 2 2 1 41 711 1006 1073
265 2 2 1 41 1074 1007 710
266 2 2 1 41 1076 1022 661
267 2 2 1 41 659 996 1077
268 2 2 1 41 1079 994 658
269 2 2 1 41 1081 1067 522
270 2 2 1 41 1082 862 505
271 2 2 1 41 1084 1079 658
272 2 2 1 41 659 1077 1085
273 2 2 1 41 690 1040 1088
274 2 2 1 41 515 1012 1089
275 2 2 1 41 1091 1031 562
276 2 2 1 41 671 1025 1093
277 2 2 1 41 318 319 1097
278 2 2 1 41 667 989 1097
279 2 2 1 41 699 991 1098
280 2 2 1 41 656 905 1099
281 2 2 1 41 651 1060 1100
282 2 2 1 41 527 1048 1105
283 2 2 1 41 1105 1052 527
284 2 2 1 41 1106 1089 638
285 2 2 1 41 1107 999 513
286 2 2 1 41 1108 964 629
287 2 2 1 41 670 964 1108
288 2 2 1 41 1109 985 625
289 2 2 1 41 1110 948 518
290 2 2 1 41 1111 1055 689
291 2 2 1 41 516 918 1113
292 2 2 1 41 584 855 1114
293 2 2 1 41 732 1055 1116
294 2 2 1 41 1116 556 732
295 2 2 1 41 1117 1021 655
296 2 2 1 41 1120 949 724
297 2 2 1 41 626 991 1126
298 2 2 1 41 539 749 1127
299 2 2 1 41 1128 1040 731
300 2 2 1 41 1128 1119 694
301 2 2 1 41 1131 1044 511
302 2 2 1 41 1133 1127 749
303 2 2 1 41 669 1127 1133
304 2 2 1 41 1135 983 508
305 2 2 1 41 759 983 1135
306 2 2 1 41 696 1130 1136
307 2 2 1 41 1136 940 696
308 2 2 1 41 526 997 1137
309 2 2 1 41 1138 1034 697
310 2 2 1 41 70 71 1141
311 2 2 1 41 1141 1075 70
312 2 2 1 41 1142 1115 672
313 2 2 1 41 673 1112 1143
314 2 2 1 41 523 1033 1146
315 2 2 1 41 528 1053 1147
316 2 2 1 41 676 544 1148
317 2 2 1 41 1150 1126 523
318 2 2 1 41 1152 1037 655
319 2 2 1 41 655 1021 1152
320 2 2 1 41 634 629 1158
321 2 2 1 41 759 914 1159
322 2 2 1 41 659 1115 1161
323 2 2 1 41 1161 974 659
324 2 2 1 41 1162 1112 658
325 2 2 1 41 658 976 1162
326 2 2 1 41 657 954 1164
327 2 2 1 41 1165 1048 692
328 2 2 1 41 626 648 1166
329 2 2 1 41 1166 648 691
330 2 2 1 41 1166 991 626
331 2 2 1 41 1167 72 73
332 2 2 1 41 656 72 1167
333 2 2 1 41 722 549 1169
334 2 2 1 41 1170 1123 536
335 2 2 1 41 537 1122 1171
336 2 2 1 41 646 1036 1172
337 2 2 1 41 651 1100 1172
338 2 2 1 41 1173 1099 640
339 2 2 1 41 1173 1127 669
340 2 2 1 41 513 1044 1175
341 2 2 1 41 728 1129 1175
342 2 2 1 41 681 1023 1176
343 2 2 1 41 745 1151 1176
344 2 2 1 41 646 1053 1179
345 2 2 1 41 1180 1053 646
346 2 2 1 41 1180 1100 654
347 2 2 1 41 1181 1119 557
348 2 2 1 41 1181 1130 696
349 2 2 1 41 1182 955 674
350 2 2 1 41 1182 1178 661
351 2 2 1 41 1183 1020 668
352 2 2 1 41 676 1020 1183
353 2 2 1 41 668 1087 1183
354 2 2 1 41 705 1156 1186
355 2 2 1 41 1187 1157 706
356 2 2 1 41 1189 1054 539
357 2 2 1 41 299 300 1191
358 2 2 1 41 1192 1033 523
359 2 2 1 41 1192 1036 646
360 2 2 1 41 1194 1130 700
361 2 2 1 41 1197 1070 628
362 2 2 1 41 607 972 1198
363 2 2 1 41 524 1120 1198
364 2 2 1 41 642 1007 1200
365 2 2 1 41 1201 1006 641
366 2 2 1 41 627 1069 1202
367 2 2 1 41 1204 937 682
368 2 2 1 41 1204 1059 524
369 2 2 1 41 1207 22 23
370 2 2 1 41 23 1057 1207
371 2 2 1 41 1208 934 632
372 2 2 1 41 1209 1012 515
373 2 2 1 41 688 1012 1209
374 2 2 1 41 1214 1036 699
375 2 2 1 41 696 1034 1215
376 2 2 1 41 694 1119 1215
377 2 2 1 41 704 995 1216
378 2 2 1 41 635 1061 1216
379 2 2 1 41 1217 1076 661
380 2 2 1 41 639 1052 1218
381 2 2 1 41 1218 1164 639
382 2 2 1 41 1219 709 685
383 2 2 1 41 1220 1045 617
384 2 2 1 41 617 1068 1220
385 2 2 1 41 1221 78 79
386 2 2 1 41 1221 1165 692
387 2 2 1 41 692 78 1221
388 2 2 1 41 688 1129 1224
389 2 2 1 41 1228 741 547
390 2 2 1 41 548 742 1229
391 2 2 1 41 669 1133 1232
392 2 2 1 41 1234 1061 635
393 2 2 1 41 1235 260 261
394 2 2 1 41 1236 67 68
395 2 2 1 41 1237 327 328
396 2 2 1 41 537 1079 1238
397 2 2 1 41 1238 1122 537
398 2 2 1 41 1239 1077 536
399 2 2 1 41 536 1123 1239
400 2 2 1 41 608 999 1240
401 2 2 1 41 1240 1144 608
402 2 2 1 41 645 989 1241
403 2 2 1 41 667 1037 1241
404 2 2 1 41 1241 989 667
405 2 2 1 41 1242 664 681
406 2 2 1 41 1245 559 557
407 2 2 1 41 557 1119 1245
408 2 2 1 41 715 723 1246
409 2 2 1 41 669 1075 1247
410 2 2 1 41 656 1099 1247
411 2 2 1 41 1248 1129 728
412 2 2 1 41 1248 1151 745
413 2 2 1 41 638 1015 1249
414 2 2 1 41 1250 392 393
415 2 2 1 41 1250 1098 691
416 2 2 1 41 691 392 1250
417 2 2 1 41 1259 1053 528
418 2 2 1 41 532 1020 1265
419 2 2 1 41 1265 1020 676
420 2 2 1 41 1266 519 636
421 2 2 1 41 719 519 1266
422 2 2 1 41 1267 520 652
423 2 2 1 41 720 520 1267
424 2 2 1 41 1268 1032 533
425 2 2 1 41 1272 927 517
426 2 2 1 41 1273 1047 556
427 2 2 1 41 695 1047 1273
428 2 2 1 41 1274 1072 752
429 2 2 1 41 752 525 1274
430 2 2 1 41 678 1072 1274
431 2 2 1 41 1275 1254 674
432 2 2 1 41 518 948 1276
433 2 2 1 41 1277 1158 629
434 2 2 1 41 621 1158 1277
435 2 2 1 41 522 1012 1279
436 2 2 1 41 1279 1012 688
437 2 2 1 41 700 1130 1280
438 2 2 1 41 1281 616 614
439 2 2 1 41 614 896 1281
440 2 2 1 41 1282 1129 688
441 2 2 1 41 635 958 1283
442 2 2 1 41 749 1185 1284
443 2 2 1 41 1284 1133 749
444 2 2 1 41 519 1151 1285
445 2 2 1 41 1287 545 725
446 2 2 1 41 1287 718 734
447 2 2 1 41 734 545 1287
448 2 2 1 41 725 718 1287
449 2 2 1 41 678 1059 1290
450 2 2 1 41 682 1072 1290
451 2 2 1 41 1290 1072 678
452 2 2 1 41 1291 1069 537
453 2 2 1 41 537 1171 1291
454 2 2 1 41 536 1070 1292
455 2 2 1 41 1292 1170 536
456 2 2 1 41 1293 1054 532
457 2 2 1 41 539 1054 1293
458 2 2 1 41 1294 997 526
459 2 2 1 41 1294 1000 621
460 2 2 1 41 1295 525 752
461 2 2 1 41 556 1047 1299
462 2 2 1 41 1299 1047 743
463 2 2 1 41 1300 1029 695
464 2 2 1 41 527 982 1303
465 2 2 1 41 724 1004 1303
466 2 2 1 41 1303 982 724
467 2 2 1 41 700 1280 1304
468 2 2 1 41 1305 1043 617
469 2 2 1 41 543 748 1307
470 2 2 1 41 707 1084 1307
471 2 2 1 41 1307 748 707
472 2 2 1 41 1308 747 542
473 2 2 1 41 1308 1085 708
474 2 2 1 41 708 747 1308
475 2 2 1 41 657 1164 1311
476 2 2 1 41 677 1260 1311
477 2 2 1 41 1312 1169 549
478 2 2 1 41 549 1254 1312
479 2 2 1 41 1313 1171 680
480 2 2 1 41 679 1170 1314
481 2 2 1 41 1315 986 654
482 2 2 1 41 1315 1060 663
483 2 2 1 41 663 986 1315
484 2 2 1 41 259 260 1318
485 2 2 1 41 1319 1039 575
486 2 2 1 41 626 1126 1324
487 2 2 1 41 551 751 1325
488 2 2 1 41 1325 1200 551
489 2 2 1 41 1326 750 550
490 2 2 1 41 550 1201 1326
491 2 2 1 41 617 1043 1328
492 2 2 1 41 1328 1068 617
493 2 2 1 41 557 559 1331
494 2 2 1 41 1331 1280 557
495 2 2 1 41 1334 556 558
496 2 2 1 41 732 556 1334
497 2 2 1 41 1335 4 20
498 2 2 1 41 40 4 1335
499 2 2 1 41 1336 3 24
500 2 2 1 41 261 3 1336
501 2 2 1 41 533 1076 1337
502 2 2 1 41 1338 1201 641
503 2 2 1 41 642 1200 1339
504 2 2 1 41 559 1245 1340
505 2 2 1 41 1340 1245 731
506 2 2 1 41 740 553 1341
507 2 2 1 41 709 1219 553
508 2 2 1 41 1318 260 1235
509 2 2 1 41 743 1318 1235
510 2 2 1 41 1148 544 1185
511 2 2 1 41 1148 1185 749
512 2 2 1 41 1326 735 741
513 2 2 1 41 750 1326 741
514 2 2 1 41 742 736 1325
515 2 2 1 41 742 1325 751
516 2 2 1 41 1141 71 72
517 2 2 1 41 656 1141 72
518 2 2 1 41 1004 724 949
519 2 2 1 41 957 640 1099
520 2 2 1 41 957 1099 905
521 2 2 1 41 1007 642 968
522 2 2 1 41 967 641 1006
523 2 2 1 41 1071 517 927
524 2 2 1 41 1272 582 941
525 2 2 1 41 927 1272 941
526 2 2 1 41 992 634 1158
527 2 2 1 41 992 1158 931
528 2 2 1 41 1093 695 981
529 2 2 1 41 935 1093 981
530 2 2 1 41 1120 524 1001
531 2 2 1 41 949 1120 1001
532 2 2 1 41 1182 661 984
533 2 2 1 41 955 1182 984
534 2 2 1 41 982 527 1052
535 2 2 1 41 1017 508 1211
536 2 2 1 41 1017 1211 959
537 2 2 1 41 1032 670 1108
538 2 2 1 41 986 663 668
539 2 2 1 41 1022 634 992
540 2 2 1 41 984 1022 992
541 2 2 1 41 1109 647 995
542 2 2 1 41 985 1109 995
543 2 2 1 41 1013 518 1276
544 2 2 1 41 1013 1276 990
545 2 2 1 41 1051 523 1126
546 2 2 1 41 1051 1126 991
547 2 2 1 41 1166 691 1098
548 2 2 1 41 991 1166 1098
549 2 2 1 41 1079 537 1069
550 2 2 1 41 994 1079 1069
551 2 2 1 41 1062 635 1216
552 2 2 1 41 1062 1216 995
553 2 2 1 41 1070 536 1077
554 2 2 1 41 1070 1077 996
555 2 2 1 41 1042 1137 997
556 2 2 1 41 1294 621 1277
557 2 2 1 41 997 1294 1277
558 2 2 1 41 1277 629 1042
559 2 2 1 41 997 1277 1042
560 2 2 1 41 1294 526 1049
561 2 2 1 41 1000 1294 1049
562 2 2 1 41 1059 678 1155
563 2 2 1 41 905 656 1167
564 2 2 1 41 1046 527 1303
565 2 2 1 41 1046 1303 1004
566 2 2 1 41 1201 550 1073
567 2 2 1 41 1006 1201 1073
568 2 2 1 41 1074 551 1200
569 2 2 1 41 1074 1200 1007
570 2 2 1 41 1015 638 1089
571 2 2 1 41 1015 1089 1012
572 2 2 1 41 1037 667 1134
573 2 2 1 41 1067 1249 1015
574 2 2 1 41 1083 517 1071
575 2 2 1 41 1160 645 1152
576 2 2 1 41 1021 1160 1152
577 2 2 1 41 1076 533 1028
578 2 2 1 41 1022 1076 1028
579 2 2 1 41 1318 743 1025
580 2 2 1 41 1048 527 1046
581 2 2 1 41 1300 693 1153
582 2 2 1 41 1029 1300 1153
583 2 2 1 41 1135 508 1078
584 2 2 1 41 1091 703 1096
585 2 2 1 41 1091 1096 1031
586 2 2 1 41 1033 1230 1146
587 2 2 1 41 1192 646 1179
588 2 2 1 41 1033 1192 1179
589 2 2 1 41 1138 694 1215
590 2 2 1 41 1138 1215 1034
591 2 2 1 41 1192 523 1051
592 2 2 1 41 1036 1192 1051
593 2 2 1 41 1214 651 1172
594 2 2 1 41 1036 1214 1172
595 2 2 1 41 1152 645 1241
596 2 2 1 41 1152 1241 1037
597 2 2 1 41 1128 694 1088
598 2 2 1 41 1040 1128 1088
599 2 2 1 41 1150 523 1146
600 2 2 1 41 1043 1305 1144
601 2 2 1 41 1131 728 1175
602 2 2 1 41 1131 1175 1044
603 2 2 1 41 1220 643 1227
604 2 2 1 41 1165 677 1105
605 2 2 1 41 1048 1165 1105
606 2 2 1 41 1105 677 1218
607 2 2 1 41 1105 1218 1052
608 2 2 1 41 1180 654 1147
609 2 2 1 41 1053 1180 1147
610 2 2 1 41 1053 1259 1179
611 2 2 1 41 1111 693 1116
612 2 2 1 41 1111 1116 1055
613 2 2 1 41 1194 700 1207
614 2 2 1 41 1194 1207 1057
615 2 2 1 41 1204 682 1290
616 2 2 1 41 1204 1290 1059
617 2 2 1 41 1315 654 1100
618 2 2 1 41 1060 1315 1100
619 2 2 1 41 1212 704 1216
620 2 2 1 41 1212 1216 1061
621 2 2 1 41 1282 688 1209
622 2 2 1 41 1068 1328 1196
623 2 2 1 41 1302 643 1220
624 2 2 1 41 1068 1302 1220
625 2 2 1 41 1291 737 1202
626 2 2 1 41 1069 1291 1202
627 2 2 1 41 1104 705 1186
628 2 2 1 41 1187 706 1102
629 2 2 1 41 1197 738 1292
630 2 2 1 41 1197 1292 1070
631 2 2 1 41 1141 656 1247
632 2 2 1 41 1141 1247 1075
633 2 2 1 41 1217 758 1337
634 2 2 1 41 1217 1337 1076
635 2 2 1 41 1239 708 1085
636 2 2 1 41 1077 1239 1085
637 2 2 1 41 1084 707 1238
638 2 2 1 41 1084 1238 1079
639 2 2 1 41 1265 676 1148
640 2 2 1 41 1243 676 1183
641 2 2 1 41 1087 1243 1183
642 2 2 1 41 1106 638 1208
643 2 2 1 41 1173 669 1247
644 2 2 1 41 1173 1247 1099
645 2 2 1 41 1180 646 1172
646 2 2 1 41 1100 1180 1172
647 2 2 1 41 1162 541 1143
648 2 2 1 41 1112 1162 1143
649 2 2 1 41 1142 540 1161
650 2 2 1 41 1142 1161 1115
651 2 2 1 41 1234 635 1283
652 2 2 1 41 1181 696 1215
653 2 2 1 41 1181 1215 1119
654 2 2 1 41 1128 731 1245
655 2 2 1 41 1128 1245 1119
656 2 2 1 41 1199 680 1171
657 2 2 1 41 1122 1199 1171
658 2 2 1 41 1170 679 1203
659 2 2 1 41 1170 1203 1123
660 2 2 1 41 1150 516 1324
661 2 2 1 41 1150 1324 1126
662 2 2 1 41 1282 513 1175
663 2 2 1 41 1129 1282 1175
664 2 2 1 41 1248 745 1224
665 2 2 1 41 1129 1248 1224
666 2 2 1 41 1181 557 1280
667 2 2 1 41 1181 1280 1130
668 2 2 1 41 1194 675 1136
669 2 2 1 41 1130 1194 1136
670 2 2 1 41 1284 685 1232
671 2 2 1 41 1133 1284 1232
672 2 2 1 41 1248 728 1285
673 2 2 1 41 1248 1285 1151
674 2 2 1 41 1298 721 1310
675 2 2 1 41 1218 677 1311
676 2 2 1 41 1218 1311 1164
677 2 2 1 41 1300 695 1273
678 2 2 1 41 1168 399 400
679 2 2 1 41 1292 738 1314
680 2 2 1 41 1292 1314 1170
681 2 2 1 41 1313 737 1291
682 2 2 1 41 1171 1313 1291
683 2 2 1 41 1219 685 1284
684 2 2 1 41 1219 1284 1185
685 2 2 1 41 45 44 1223
686 2 2 1 41 1222 28 29
687 2 2 1 41 1325 736 1339
688 2 2 1 41 1325 1339 1200
689 2 2 1 41 1338 735 1326
690 2 2 1 41 1201 1338 1326
691 2 2 1 41 1279 688 1224
692 2 2 1 41 1275 674 1263
693 2 2 1 41 1255 548 1229
694 2 2 1 41 1228 547 1256
695 2 2 1 41 1275 1312 1254
696 2 2 1 41 1331 744 1304
697 2 2 1 41 1280 1331 1304
698 2 2 1 41 578 574 1319
699 2 2 1 41 1113 614 616
700 2 2 1 41 1078 508 1017
701 2 2 1 41 926 1078 1017
702 2 2 1 41 330 331 1263
703 2 2 1 41 331 1275 1263
704 2 2 1 41 545 758 1217
705 2 2 1 41 725 545 1217
706 2 2 1 41 661 1178 1217
707 2 2 1 41 725 1217 1178
708 2 2 1 41 534 727 1190
709 2 2 1 41 534 1190 1186
710 2 2 1 41 1104 1190 689
711 2 2 1 41 1104 1186 1190
712 2 2 1 41 1193 726 535
713 2 2 1 41 1187 1193 535
714 2 2 1 41 690 1193 1102
715 2 2 1 41 1193 1187 1102
716 2 2 1 41 81 82 657
717 2 2 1 41 75 76 975
718 2 2 1 41 340 339 1332
719 2 2 1 41 713 979 1332
720 2 2 1 41 1333 431 430
721 2 2 1 41 1333 978 714
722 2 2 1 41 1014 304 305
723 2 2 1 41 316 317 1024
724 2 2 1 41 1305 617 1045
725 2 2 1 41 69 70 1075
726 2 2 1 41 1232 1075 669
727 2 2 1 41 1103 85 86
728 2 2 1 41 84 85 1103
729 2 2 1 41 1103 993 84
730 2 2 1 41 1244 396 397
731 2 2 1 41 1113 918 614
732 2 2 1 41 1009 614 918
733 2 2 1 41 896 614 1009
734 2 2 1 41 1306 394 395
735 2 2 1 41 1214 699 1306
736 2 2 1 41 372 371 1264
737 2 2 1 41 632 934 1264
738 2 2 1 41 79 80 1260
739 2 2 1 41 1221 79 1260
740 2 2 1 41 677 1165 1260
741 2 2 1 41 1165 1221 1260
742 2 2 1 41 329 330 1263
743 2 2 1 41 1263 955 329
744 2 2 1 41 674 955 1263
745 2 2 1 41 1257 320 321
746 2 2 1 41 667 1257 1134
747 2 2 1 41 1286 322 323
748 2 2 1 41 1168 1087 668
749 2 2 1 41 1167 73 74
750 2 2 1 41 905 1167 947
751 2 2 1 41 1237 328 329
752 2 2 1 41 329 955 1237
753 2 2 1 41 1214 1244 651
754 2 2 1 41 388 389 1041
755 2 2 1 41 1041 969 388
756 2 2 1 41 1309 370 369
757 2 2 1 41 369 643 1309
758 2 2 1 41 1302 1309 643
759 2 2 1 41 393 394 1306
760 2 2 1 41 1250 393 1306
761 2 2 1 41 699 1098 1306
762 2 2 1 41 1098 1250 1306
763 2 2 1 41 690 1102 1223
764 2 2 1 41 1222 1104 689
765 2 2 1 41 34 35 1296
766 2 2 1 41 1297 51 50
767 2 2 1 41 1246 378 377
768 2 2 1 41 1060 1140 663
769 2 2 1 41 1206 374 373
770 2 2 1 41 1268 533 1337
771 2 2 1 41 1337 758 739
772 2 2 1 41 662 653 1327
773 2 2 1 41 721 666 1327
774 2 2 1 41 721 1327 1310
775 2 2 1 41 1310 1327 653
776 2 2 1 41 1231 1328 1043
777 2 2 1 41 1144 1231 1043
778 2 2 1 41 21 22 1304
779 2 2 1 41 1304 744 21
780 2 2 1 41 700 1304 1207
781 2 2 1 41 1304 22 1207
782 2 2 1 41 1155 1101 660
783 2 2 1 41 630 645 1160
784 2 2 1 41 630 1160 1283
785 2 2 1 41 1234 1283 1160
786 2 2 1 41 636 519 1285
787 2 2 1 41 1285 728 1131
788 2 2 1 41 25 26 1334
789 2 2 1 41 1334 558 25
790 2 2 1 41 1334 26 732
791 2 2 1 41 1282 1107 513
792 2 2 1 41 515 1107 1209
793 2 2 1 41 1107 1282 1209
794 2 2 1 41 739 721 1298
795 2 2 1 41 739 1298 1337
796 2 2 1 41 1298 1268 1337
797 2 2 1 41 529 528 1147
798 2 2 1 41 1147 531 529
799 2 2 1 41 1063 1147 654
800 2 2 1 41 531 1147 1063
801 2 2 1 41 501 703 1091
802 2 2 1 41 632 1196 1208
803 2 2 1 41 1106 1208 1196
804 2 2 1 41 1137 1188 1117
805 2 2 1 41 1340 42 41
806 2 2 1 41 41 559 1340
807 2 2 1 41 731 42 1340
808 2 2 1 41 763 1095 555
809 2 2 1 41 1329 555 1095
810 2 2 1 41 713 1329 1095
811 2 2 1 41 763 751 1095
812 2 2 1 41 551 1095 751
813 2 2 1 41 554 1094 764
814 2 2 1 41 1094 554 1330
815 2 2 1 41 1094 1330 714
816 2 2 1 41 1094 750 764
817 2 2 1 41 750 1094 550
818 2 2 1 41 1112 673 543
819 2 2 1 41 1112 543 1307
820 2 2 1 41 1112 1084 658
821 2 2 1 41 1112 1307 1084
822 2 2 1 41 1182 674 1254
823 2 2 1 41 725 1178 1254
824 2 2 1 41 1254 549 725
825 2 2 1 41 1182 1254 1178
826 2 2 1 41 542 672 1115
827 2 2 1 41 1308 542 1115
828 2 2 1 41 659 1085 1115
829 2 2 1 41 1085 1308 1115
830 2 2 1 41 261 1336 1235
831 2 2 1 41 1336 24 558
832 2 2 1 41 20 744 1335
833 2 2 1 41 559 40 1335
834 2 2 1 41 1331 559 1335
835 2 2 1 41 744 1331 1335
836 2 2 1 41 1150 1205 516
837 2 2 1 41 1205 1150 1146
838 2 2 1 41 1262 1338 641
839 2 2 1 41 747 735 1338
840 2 2 1 41 1338 542 747
841 2 2 1 41 542 1338 1262
842 2 2 1 41 642 1339 1261
843 2 2 1 41 1339 736 748
844 2 2 1 41 748 543 1339
845 2 2 1 41 1261 1339 543
846 2 2 1 41 1057 23 1
847 2 2 1 41 1323 977 686
848 2 2 1 41 686 726 1323
849 2 2 1 41 1269 555 756
850 2 2 1 41 54 1269 756
851 2 2 1 41 54 53 1269
852 2 2 1 41 755 554 1270
853 2 2 1 41 755 1270 38
854 2 2 1 41 1270 37 38
855 2 2 1 41 1121 926 584
856 2 2 1 41 1072 518 521
857 2 2 1 41 521 752 1072
858 2 2 1 41 1110 1072 682
859 2 2 1 41 518 1072 1110
860 2 2 1 41 1020 986 668
861 2 2 1 41 558 556 1299
862 2 2 1 41 1299 1336 558
863 2 2 1 41 1299 743 1235
864 2 2 1 41 1336 1299 1235
865 2 2 1 41 1242 681 1176
866 2 2 1 41 519 719 1242
867 2 2 1 41 1242 1151 519
868 2 2 1 41 1151 1242 1176
869 2 2 1 41 544 676 1316
870 2 2 1 41 698 716 1316
871 2 2 1 41 698 1316 1243
872 2 2 1 41 1243 1316 676
873 2 2 1 41 1197 980 687
874 2 2 1 41 687 738 1197
875 2 2 1 41 434 39 13
876 2 2 1 41 14 55 336
877 2 2 1 41 81 657 1311
878 2 2 1 41 529 531 1050
879 2 2 1 41 529 1050 1101
880 2 2 1 41 716 740 1341
881 2 2 1 41 716 1341 1316
882 2 2 1 41 1316 1341 544
883 2 2 1 41 686 977 1202
884 2 2 1 41 1202 737 686
885 2 2 1 41 1261 968 642
886 2 2 1 41 1261 543 673
887 2 2 1 41 1261 673 1002
888 2 2 1 41 968 1261 1002
889 2 2 1 41 641 967 1262
890 2 2 1 41 672 542 1262
891 2 2 1 41 1003 672 1262
892 2 2 1 41 1003 1262 967
893 2 2 1 41 1265 1293 532
894 2 2 1 41 749 539 1293
895 2 2 1 41 749 1293 1148
896 2 2 1 41 1293 1265 1148
897 2 2 1 41 653 1258 1310
898 2 2 1 41 521 1013 1253
899 2 2 1 41 1279 1225 522
900 2 2 1 41 745 1225 1224
901 2 2 1 41 1225 1279 1224
902 2 2 1 41 520 720 1289
903 2 2 1 41 1256 547 708
904 2 2 1 41 1256 708 1239
905 2 2 1 41 1256 1239 1123
906 2 2 1 41 707 548 1255
907 2 2 1 41 1238 707 1255
908 2 2 1 41 1122 1238 1255
909 2 2 1 41 1049 526 655
910 2 2 1 41 1037 1049 655
911 2 2 1 41 1037 1134 1049
912 2 2 1 41 692 77 78
913 2 2 1 41 740 716 404
914 2 2 1 41 636 1124 1266
915 2 2 1 41 652 719 1266
916 2 2 1 41 1233 652 1266
917 2 2 1 41 1124 1233 1266
918 2 2 1 41 1320 1258 653
919 2 2 1 41 685 709 1236
920 2 2 1 41 1267 652 1233
921 2 2 1 41 1032 1028 533
922 2 2 1 41 1032 1108 1028
923 2 2 1 41 65 561 12
924 2 2 1 41 405 12 561
925 2 2 1 41 681 664 1018
926 2 2 1 41 1023 681 1018
927 2 2 1 41 1275 331 332
928 2 2 1 41 332 1169 1312
929 2 2 1 41 1275 332 1312
930 2 2 1 41 535 737 1313
931 2 2 1 41 1187 535 1313
932 2 2 1 41 680 1157 1313
933 2 2 1 41 1187 1313 1157
934 2 2 1 41 1314 738 534
935 2 2 1 41 1314 534 1186
936 2 2 1 41 1314 1156 679
937 2 2 1 41 1156 1314 1186
938 2 2 1 41 367 633 1227
939 2 2 1 41 1227 368 367
940 2 2 1 41 643 368 1227
941 2 2 1 41 709 746 67
942 2 2 1 41 1236 709 67
943 2 2 1 41 1169 332 333
944 2 2 1 41 979 341 340
945 2 2 1 41 1332 979 340
946 2 2 1 41 430 429 978
947 2 2 1 41 430 978 1333
948 2 2 1 41 887 298 299
949 2 2 1 41 1191 887 299
950 2 2 1 41 80 81 1311
951 2 2 1 41 80 1311 1260
952 2 2 1 41 403 404 716
953 2 2 1 41 1430 1394 791
954 2 2 1 41 683 1394 1430
955 2 2 1 41 792 1393 1431
956 2 2 1 41 1431 1393 684
957 2 2 1 41 589 1439 1447
958 2 2 1 41 831 1428 1451
959 2 2 1 41 598 965 1463
960 2 2 1 41 1472 1427 615
961 2 2 1 41 849 1406 1473
962 2 2 1 41 1476 1449 936
963 2 2 1 41 938 1450 1479
964 2 2 1 41 845 847 1483
965 2 2 1 41 1132 564 1484
966 2 2 1 41 590 1433 1493
967 2 2 1 41 1497 1434 591
968 2 2 1 41 578 1319 1498
969 2 2 1 41 798 1468 1500
970 2 2 1 41 845 863 1501
971 2 2 1 41 769 1468 1508
972 2 2 1 41 1511 864 834
973 2 2 1 41 1516 1440 819
974 2 2 1 41 838 1423 1525
975 2 2 1 41 594 1523 1530
976 2 2 1 41 1534 1518 576
977 2 2 1 41 1535 1010 566
978 2 2 1 41 566 1499 1535
979 2 2 1 41 859 1481 1537
980 2 2 1 41 924 1529 1538
981 2 2 1 41 837 1398 1543
982 2 2 1 41 1548 1445 780
983 2 2 1 41 817 1394 1549
984 2 2 1 41 1549 1394 683
985 2 2 1 41 1550 1393 818
986 2 2 1 41 684 1393 1550
987 2 2 1 41 1553 1439 961
988 2 2 1 41 1558 1521 613
989 2 2 1 41 868 1518 1559
990 2 2 1 41 1563 1416 809
991 2 2 1 41 880 1427 1567
992 2 2 1 41 888 1562 1568
993 2 2 1 41 1571 1421 824
994 2 2 1 41 576 1518 1574
995 2 2 1 41 602 1527 1579
996 2 2 1 41 1580 1058 540
997 2 2 1 41 540 1455 1580
998 2 2 1 41 541 1056 1581
999 2 2 1 41 1581 1454 541
1000 2 2 1 41 1582 285 286
1001 2 2 1 41 1583 1398 837
1002 2 2 1 41 1585 1468 769
1003 2 2 1 41 1586 1459 886
1004 2 2 1 41 1587 803 814
1005 2 2 1 41 507 1584 1590
1006 2 2 1 41 1591 1446 834
1007 2 2 1 41 860 1366 1593
1008 2 2 1 41 1594 1552 606
1009 2 2 1 41 605 1556 1595
1010 2 2 1 41 882 1531 1600
1011 2 2 1 41 853 879 1602
1012 2 2 1 41 507 1478 1605
1013 2 2 1 41 1019 1529 1606
1014 2 2 1 41 883 873 1607
1015 2 2 1 41 857 1497 1608
1016 2 2 1 41 1609 1493 856
1017 2 2 1 41 1614 1498 842
1018 2 2 1 41 500 1583 1615
1019 2 2 1 41 1618 1481 859
1020 2 2 1 41 1619 897 921
1021 2 2 1 41 814 1488 1621
1022 2 2 1 41 769 1508 1621
1023 2 2 1 41 852 603 1628
1024 2 2 1 41 873 1619 1631
1025 2 2 1 41 767 1585 1633
1026 2 2 1 41 861 829 1635
1027 2 2 1 41 1637 1472 960
1028 2 2 1 41 850 1381 1639
1029 2 2 1 41 684 1550 1640
1030 2 2 1 41 1642 1549 683
1031 2 2 1 41 1644 1607 873
1032 2 2 1 41 938 1607 1644
1033 2 2 1 41 873 1631 1644
1034 2 2 1 41 1645 1554 867
1035 2 2 1 41 1646 1600 936
1036 2 2 1 41 1647 776 583
1037 2 2 1 41 575 1457 1653
1038 2 2 1 41 1653 1457 842
1039 2 2 1 41 1659 1579 600
1040 2 2 1 41 924 1613 1661
1041 2 2 1 41 892 1561 1662
1042 2 2 1 41 1662 1524 892
1043 2 2 1 41 1663 1505 795
1044 2 2 1 41 924 1538 1664
1045 2 2 1 41 1664 1613 924
1046 2 2 1 41 1665 939 898
1047 2 2 1 41 1668 1660 892
1048 2 2 1 41 892 1524 1668
1049 2 2 1 41 854 1456 1669
1050 2 2 1 41 899 1540 1670
1051 2 2 1 41 869 894 1671
1052 2 2 1 41 1672 1561 892
1053 2 2 1 41 1672 1589 592
1054 2 2 1 41 884 1514 1675
1055 2 2 1 41 1184 1613 1679
1056 2 2 1 41 907 1561 1681
1057 2 2 1 41 799 1495 1684
1058 2 2 1 41 1686 1581 1056
1059 2 2 1 41 821 1581 1686
1060 2 2 1 41 1058 1580 1687
1061 2 2 1 41 1687 1580 822
1062 2 2 1 41 1689 87 88
1063 2 2 1 41 88 1601 1689
1064 2 2 1 41 1691 1561 907
1065 2 2 1 41 1691 1588 839
1066 2 2 1 41 861 1635 1692
1067 2 2 1 41 1693 1594 606
1068 2 2 1 41 1694 1584 507
1069 2 2 1 41 507 1605 1694
1070 2 2 1 41 605 1595 1695
1071 2 2 1 41 809 1416 1696
1072 2 2 1 41 815 1461 1696
1073 2 2 1 41 841 1536 1697
1074 2 2 1 41 899 1670 1698
1075 2 2 1 41 1698 1666 899
1076 2 2 1 41 1702 1536 1086
1077 2 2 1 41 885 1677 1704
1078 2 2 1 41 1705 1439 589
1079 2 2 1 41 961 1439 1705
1080 2 2 1 41 507 1590 1707
1081 2 2 1 41 924 1661 1707
1082 2 2 1 41 841 1697 1708
1083 2 2 1 41 1709 639 953
1084 2 2 1 41 1710 1562 573
1085 2 2 1 41 712 963 1713
1086 2 2 1 41 895 1620 1713
1087 2 2 1 41 592 1589 1714
1088 2 2 1 41 1716 1571 824
1089 2 2 1 41 1716 1676 840
1090 2 2 1 41 1718 1647 583
1091 2 2 1 41 813 1584 1719
1092 2 2 1 41 1720 1114 855
1093 2 2 1 41 1720 1629 585
1094 2 2 1 41 776 1647 1721
1095 2 2 1 41 1721 1647 853
1096 2 2 1 41 566 1680 1722
1097 2 2 1 41 951 1712 1722
1098 2 2 1 41 1723 1562 888
1099 2 2 1 41 1723 1585 769
1100 2 2 1 41 823 1718 1726
1101 2 2 1 41 767 1633 1727
1102 2 2 1 41 1728 1478 866
1103 2 2 1 41 1728 1674 917
1104 2 2 1 41 1132 1484 1731
1105 2 2 1 41 767 1727 1731
1106 2 2 1 41 867 1554 1732
1107 2 2 1 41 956 1657 1732
1108 2 2 1 41 1733 597 1321
1109 2 2 1 41 1733 1423 838
1110 2 2 1 41 1734 983 925
1111 2 2 1 41 945 1643 1735
1112 2 2 1 41 966 579 1738
1113 2 2 1 41 1739 1605 917
1114 2 2 1 41 1149 1415 1740
1115 2 2 1 41 602 1579 1740
1116 2 2 1 41 813 1719 1742
1117 2 2 1 41 1743 1406 849
1118 2 2 1 41 1744 1469 712
1119 2 2 1 41 1745 1477 861
1120 2 2 1 41 1746 1551 881
1121 2 2 1 41 1747 1704 1030
1122 2 2 1 41 852 1571 1748
1123 2 2 1 41 1748 603 852
1124 2 2 1 41 1749 1513 889
1125 2 2 1 41 856 1552 1751
1126 2 2 1 41 1751 1609 856
1127 2 2 1 41 1752 1305 1045
1128 2 2 1 41 1752 1639 805
1129 2 2 1 41 1753 1556 857
1130 2 2 1 41 857 1608 1753
1131 2 2 1 41 576 1574 1757
1132 2 2 1 41 1757 1738 576
1133 2 2 1 41 1758 1514 848
1134 2 2 1 41 1758 1597 907
1135 2 2 1 41 1759 965 598
1136 2 2 1 41 1759 1749 889
1137 2 2 1 41 578 1498 1761
1138 2 2 1 41 1762 1478 506
1139 2 2 1 41 866 1478 1762
1140 2 2 1 41 506 1682 1762
1141 2 2 1 41 1764 1641 1014
1142 2 2 1 41 563 1486 1766
1143 2 2 1 41 906 1739 1767
1144 2 2 1 41 1768 1620 1038
1145 2 2 1 41 1768 1744 712
1146 2 2 1 41 1771 1445 860
1147 2 2 1 41 780 1445 1771
1148 2 2 1 41 958 647 1773
1149 2 2 1 41 1773 1596 958
1150 2 2 1 41 880 1532 1776
1151 2 2 1 41 900 1667 1776
1152 2 2 1 41 780 1771 1777
1153 2 2 1 41 1779 1674 893
1154 2 2 1 41 1780 1508 828
1155 2 2 1 41 1781 1486 563
1156 2 2 1 41 1781 1529 1019
1157 2 2 1 41 1019 1486 1781
1158 2 2 1 41 959 1524 1783
1159 2 2 1 41 1783 855 959
1160 2 2 1 41 1784 1755 820
1161 2 2 1 41 1784 1761 946
1162 2 2 1 41 1785 1518 868
1163 2 2 1 41 613 1521 1787
1164 2 2 1 41 911 1747 1787
1165 2 2 1 41 1788 1511 834
1166 2 2 1 41 803 1729 1789
1167 2 2 1 41 573 1562 1790
1168 2 2 1 41 1791 1729 887
1169 2 2 1 41 1792 1755 913
1170 2 2 1 41 913 1641 1792
1171 2 2 1 41 1794 1535 843
1172 2 2 1 41 1010 1535 1794
1173 2 2 1 41 1795 1735 925
1174 2 2 1 41 797 1519 1796
1175 2 2 1 41 590 1493 1797
1176 2 2 1 41 1799 1497 591
1177 2 2 1 41 772 1534 1800
1178 2 2 1 41 1802 1690 876
1179 2 2 1 41 1802 1708 844
1180 2 2 1 41 1803 1584 813
1181 2 2 1 41 1804 846 900
1182 2 2 1 41 1804 1532 502
1183 2 2 1 41 541 1162 1805
1184 2 2 1 41 1805 1162 976
1185 2 2 1 41 1806 1161 540
1186 2 2 1 41 974 1161 1806
1187 2 2 1 41 355 354 1807
1188 2 2 1 41 1808 416 415
1189 2 2 1 41 415 1599 1808
1190 2 2 1 41 1810 1677 619
1191 2 2 1 41 1810 1741 1030
1192 2 2 1 41 733 1253 1811
1193 2 2 1 41 1811 1253 1013
1194 2 2 1 41 1812 1690 587
1195 2 2 1 41 1812 1715 869
1196 2 2 1 41 631 1685 1813
1197 2 2 1 41 1813 1778 631
1198 2 2 1 41 514 1782 1815
1199 2 2 1 41 1817 1772 903
1200 2 2 1 41 1817 1774 973
1201 2 2 1 41 569 1090 1818
1202 2 2 1 41 1821 1529 924
1203 2 2 1 41 1821 1590 877
1204 2 2 1 41 928 1609 1824
1205 2 2 1 41 1826 1608 929
1206 2 2 1 41 1829 1257 321
1207 2 2 1 41 1134 1257 1829
1208 2 2 1 41 1830 1739 917
1209 2 2 1 41 945 1735 1832
1210 2 2 1 41 1832 1635 945
1211 2 2 1 41 1834 1660 932
1212 2 2 1 41 1834 1833 878
1213 2 2 1 41 1835 1620 895
1214 2 2 1 41 895 1465 1835
1215 2 2 1 41 862 1558 1836
1216 2 2 1 41 1836 1558 613
1217 2 2 1 41 1837 1118 577
1218 2 2 1 41 1837 1534 576
1219 2 2 1 41 841 1708 1838
1220 2 2 1 41 611 1702 1839
1221 2 2 1 41 1839 1706 611
1222 2 2 1 41 1840 1772 580
1223 2 2 1 41 586 610 1842
1224 2 2 1 41 1846 1680 944
1225 2 2 1 41 1847 1724 581
1226 2 2 1 41 1848 1140 1060
1227 2 2 1 41 1848 1244 397
1228 2 2 1 41 1849 1785 868
1229 2 2 1 41 946 1614 1850
1230 2 2 1 41 1852 1465 895
1231 2 2 1 41 1853 898 939
1232 2 2 1 41 1854 1827 776
1233 2 2 1 41 1856 1433 590
1234 2 2 1 41 590 1623 1856
1235 2 2 1 41 1857 1733 838
1236 2 2 1 41 838 1560 1857
1237 2 2 1 41 597 1733 1857
1238 2 2 1 41 1858 1738 579
1239 2 2 1 41 579 1118 1858
1240 2 2 1 41 576 1738 1858
1241 2 2 1 41 1184 960 1859
1242 2 2 1 41 1860 1800 577
1243 2 2 1 41 577 1854 1860
1244 2 2 1 41 874 1586 1861
1245 2 2 1 41 1861 1586 886
1246 2 2 1 41 611 912 1863
1247 2 2 1 41 1863 1697 611
1248 2 2 1 41 1865 1643 945
1249 2 2 1 41 591 1434 1866
1250 2 2 1 41 1866 1631 591
1251 2 2 1 41 988 1657 1867
1252 2 2 1 41 1868 1589 878
1253 2 2 1 41 580 1779 1869
1254 2 2 1 41 1869 1840 580
1255 2 2 1 41 310 311 1871
1256 2 2 1 41 1871 311 1008
1257 2 2 1 41 1871 1763 310
1258 2 2 1 41 916 1594 1872
1259 2 2 1 41 893 1674 1873
1260 2 2 1 41 878 1589 1875
1261 2 2 1 41 892 1660 1875
1262 2 2 1 41 1876 1595 915
1263 2 2 1 41 375 374 1877
1264 2 2 1 41 1877 374 1206
1265 2 2 1 41 1878 1619 921
1266 2 2 1 41 1878 1799 591
1267 2 2 1 41 1214 1306 1879
1268 2 2 1 41 1879 1244 1214
1269 2 2 1 41 1879 1306 395
1270 2 2 1 41 1080 501 1880
1271 2 2 1 41 1884 1643 932
1272 2 2 1 41 1884 1734 925
1273 2 2 1 41 621 1000 1886
1274 2 2 1 41 923 1603 1887
1275 2 2 1 41 590 1797 1887
1276 2 2 1 41 1888 1499 865
1277 2 2 1 41 958 1596 1889
1278 2 2 1 41 1891 1779 893
1279 2 2 1 41 966 1738 1892
1280 2 2 1 41 1892 1741 966
1281 2 2 1 41 1894 1870 1080
1282 2 2 1 41 1895 76 77
1283 2 2 1 41 975 76 1895
1284 2 2 1 41 1896 953 639
1285 2 2 1 41 1896 1164 954
1286 2 2 1 41 639 1164 1896
1287 2 2 1 41 932 1660 1897
1288 2 2 1 41 510 1734 1897
1289 2 2 1 41 1899 119 120
1290 2 2 1 41 1899 1536 841
1291 2 2 1 41 120 1536 1899
1292 2 2 1 41 1900 1476 936
1293 2 2 1 41 938 1479 1901
1294 2 2 1 41 594 1530 1901
1295 2 2 1 41 1030 1741 1902
1296 2 2 1 41 1903 1554 588
1297 2 2 1 41 1903 1597 956
1298 2 2 1 41 871 890 1904
1299 2 2 1 41 1905 308 309
1300 2 2 1 41 956 1597 1906
1301 2 2 1 41 848 1683 1906
1302 2 2 1 41 817 1549 1907
1303 2 2 1 41 821 1686 1907
1304 2 2 1 41 1909 1874 888
1305 2 2 1 41 888 1568 1909
1306 2 2 1 41 1911 1550 818
1307 2 2 1 41 1911 1687 822
1308 2 2 1 41 1912 1816 609
1309 2 2 1 41 609 1715 1912
1310 2 2 1 41 945 1635 1913
1311 2 2 1 41 1913 1635 829
1312 2 2 1 41 839 1629 1914
1313 2 2 1 41 855 1783 1914
1314 2 2 1 41 1914 1783 839
1315 2 2 1 41 1915 1683 848
1316 2 2 1 41 1915 1709 953
1317 2 2 1 41 1916 1553 961
1318 2 2 1 41 1916 1655 604
1319 2 2 1 41 950 1763 1917
1320 2 2 1 41 1918 1693 606
1321 2 2 1 41 1923 1016 940
1322 2 2 1 41 605 1695 1924
1323 2 2 1 41 904 1782 1925
1324 2 2 1 41 710 1007 1926
1325 2 2 1 41 1927 1006 711
1326 2 2 1 41 1928 682 937
1327 2 2 1 41 937 1868 1928
1328 2 2 1 41 588 1588 1930
1329 2 2 1 41 907 1597 1930
1330 2 2 1 41 628 996 1931
1331 2 2 1 41 915 1826 1931
1332 2 2 1 41 1932 994 627
1333 2 2 1 41 1932 1824 916
1334 2 2 1 41 1933 1601 867
1335 2 2 1 41 1933 1657 988
1336 2 2 1 41 960 1472 1934
1337 2 2 1 41 1934 1472 615
1338 2 2 1 41 1936 1842 610
1339 2 2 1 41 610 1853 1936
1340 2 2 1 41 510 1211 1937
1341 2 2 1 41 983 1734 1937
1342 2 2 1 41 1937 1734 510
1343 2 2 1 41 794 1564 1938
1344 2 2 1 41 1938 1564 832
1345 2 2 1 41 1938 1684 794
1346 2 2 1 41 970 1870 1939
1347 2 2 1 41 506 1478 1940
1348 2 2 1 41 1940 1478 507
1349 2 2 1 41 1940 1661 506
1350 2 2 1 41 1941 1005 502
1351 2 2 1 41 502 1744 1941
1352 2 2 1 41 1942 1613 1184
1353 2 2 1 41 1943 1719 906
1354 2 2 1 41 1944 1830 917
1355 2 2 1 41 917 1674 1944
1356 2 2 1 41 1154 1652 1945
1357 2 2 1 41 942 1894 1946
1358 2 2 1 41 1947 520 1289
1359 2 2 1 41 1246 377 1948
1360 2 2 1 41 837 1749 1949
1361 2 2 1 41 1950 1652 866
1362 2 2 1 41 1950 1682 871
1363 2 2 1 41 1951 1468 798
1364 2 2 1 41 573 575 1952
1365 2 2 1 41 1952 575 1039
1366 2 2 1 41 1952 1710 573
1367 2 2 1 41 1953 1546 910
1368 2 2 1 41 1953 1949 598
1369 2 2 1 41 1955 1264 371
1370 2 2 1 41 1955 1309 632
1371 2 2 1 41 632 1264 1955
1372 2 2 1 41 1956 662 1327
1373 2 2 1 41 1956 1948 1027
1374 2 2 1 41 1957 647 1109
1375 2 2 1 41 818 1617 1958
1376 2 2 1 41 1058 1687 1958
1377 2 2 1 41 820 1755 1959
1378 2 2 1 41 953 1896 1961
1379 2 2 1 41 1961 1896 954
1380 2 2 1 41 1962 1616 817
1381 2 2 1 41 1962 1686 1056
1382 2 2 1 41 902 1840 1964
1383 2 2 1 41 578 1761 1965
1384 2 2 1 41 1966 1143 541
1385 2 2 1 41 541 1454 1966
1386 2 2 1 41 1967 1657 956
1387 2 2 1 41 1967 1683 623
1388 2 2 1 41 1968 1428 831
1389 2 2 1 41 540 1142 1970
1390 2 2 1 41 1970 1455 540
1391 2 2 1 41 1972 1853 939
1392 2 2 1 41 1973 1566 875
1393 2 2 1 41 875 1405 1973
1394 2 2 1 41 604 1226 1974
1395 2 2 1 41 889 1513 1974
1396 2 2 1 41 1975 1281 896
1397 2 2 1 41 1977 1771 860
1398 2 2 1 41 772 1800 1979
1399 2 2 1 41 1981 984 649
1400 2 2 1 41 1981 1237 955
1401 2 2 1 41 955 984 1981
1402 2 2 1 41 649 1237 1981
1403 2 2 1 41 1982 1226 610
1404 2 2 1 41 610 586 1982
1405 2 2 1 41 1983 1586 874
1406 2 2 1 41 961 1586 1983
1407 2 2 1 41 874 1655 1983
1408 2 2 1 41 1984 1713 963
1409 2 2 1 41 895 1713 1984
1410 2 2 1 41 1985 1782 514
1411 2 2 1 41 514 1819 1985
1412 2 2 1 41 1987 399 1168
1413 2 2 1 41 1989 1276 512
1414 2 2 1 41 990 1276 1989
1415 2 2 1 41 512 1865 1989
1416 2 2 1 41 1990 715 1246
1417 2 2 1 41 1246 1948 1990
1418 2 2 1 41 1991 1765 950
1419 2 2 1 41 580 1772 1992
1420 2 2 1 41 973 1830 1992
1421 2 2 1 41 1993 1622 1011
1422 2 2 1 41 1993 1702 1086
1423 2 2 1 41 532 531 1994
1424 2 2 1 41 986 1020 1994
1425 2 2 1 41 1994 531 986
1426 2 2 1 41 1994 1020 532
1427 2 2 1 41 944 1680 1997
1428 2 2 1 41 584 1114 1998
1429 2 2 1 41 1998 1114 952
1430 2 2 1 41 1999 574 578
1431 2 2 1 41 578 1965 1999
1432 2 2 1 41 2000 1606 877
1433 2 2 1 41 2001 327 1237
1434 2 2 1 41 2001 649 1288
1435 2 2 1 41 1237 649 2001
1436 2 2 1 41 2002 1527 601
1437 2 2 1 41 2003 1593 1096
1438 2 2 1 41 1096 703 2003
1439 2 2 1 41 860 1593 2003
1440 2 2 1 41 886 1459 2004
1441 2 2 1 41 969 1041 2005
1442 2 2 1 41 2006 1637 960
1443 2 2 1 41 932 1643 2007
1444 2 2 1 41 512 1833 2007
1445 2 2 1 41 2009 69 1075
1446 2 2 1 41 1075 1232 2009
1447 2 2 1 41 2011 1797 928
1448 2 2 1 41 1134 1829 2012
1449 2 2 1 41 2013 1889 1024
1450 2 2 1 41 627 1202 2014
1451 2 2 1 41 2014 1202 977
1452 2 2 1 41 1005 1874 2015
1453 2 2 1 41 929 1799 2016
1454 2 2 1 41 2018 1197 628
1455 2 2 1 41 980 1197 2018
1456 2 2 1 41 2019 1519 797
1457 2 2 1 41 830 1519 2019
1458 2 2 1 41 303 304 2020
1459 2 2 1 41 2020 304 1014
1460 2 2 1 41 347 346 2021
1461 2 2 1 41 2022 424 423
1462 2 2 1 41 2023 352 351
1463 2 2 1 41 2024 1798 1038
1464 2 2 1 41 1038 1620 2024
1465 2 2 1 41 419 418 2025
1466 2 2 1 41 2029 1074 710
1467 2 2 1 41 979 1074 2029
1468 2 2 1 41 711 1073 2030
1469 2 2 1 41 2030 1073 978
1470 2 2 1 41 2031 1891 893
1471 2 2 1 41 862 1836 2032
1472 2 2 1 41 2033 1655 874
1473 2 2 1 41 336 55 2034
1474 2 2 1 41 2034 55 756
1475 2 2 1 41 2035 39 434
1476 2 2 1 41 755 39 2035
1477 2 2 1 41 2036 1583 837
1478 2 2 1 41 837 1949 2036
1479 2 2 1 41 970 1977 2038
1480 2 2 1 41 1073 550 2040
1481 2 2 1 41 2040 550 1094
1482 2 2 1 41 2041 551 1074
1483 2 2 1 41 1095 551 2041
1484 2 2 1 41 2042 1628 603
1485 2 2 1 41 694 1138 2043
1486 2 2 1 41 2043 1088 694
1487 2 2 1 41 2044 1167 74
1488 2 2 1 41 947 1167 2044
1489 2 2 1 41 353 352 2045
1490 2 2 1 41 835 919 2045
1491 2 2 1 41 2046 418 417
1492 2 2 1 41 2046 920 836
1493 2 2 1 41 631 1893 2047
1494 2 2 1 41 44 43 2048
1495 2 2 1 41 2048 43 1040
1496 2 2 1 41 2048 1223 44
1497 2 2 1 41 2049 1959 612
1498 2 2 1 41 2050 1090 569
1499 2 2 1 41 1039 1090 2050
1500 2 2 1 41 569 1809 2050
1501 2 2 1 41 2051 1917 1008
1502 2 2 1 41 2053 934 1208
1503 2 2 1 41 1208 638 2053
1504 2 2 1 41 987 934 2053
1505 2 2 1 41 2054 706 46
1506 2 2 1 41 1102 706 2054
1507 2 2 1 41 46 45 2054
1508 2 2 1 41 630 1283 2055
1509 2 2 1 41 958 1889 2055
1510 2 2 1 41 2055 1283 958
1511 2 2 1 41 2056 1965 820
1512 2 2 1 41 568 1710 2057
1513 2 2 1 41 2057 1809 568
1514 2 2 1 41 512 1276 2058
1515 2 2 1 41 2058 1276 948
1516 2 2 1 41 2058 1833 512
1517 2 2 1 41 799 1684 2059
1518 2 2 1 41 832 1688 2059
1519 2 2 1 41 1097 319 2060
1520 2 2 1 41 1257 667 2060
1521 2 2 1 41 2060 667 1097
1522 2 2 1 41 891 1774 2061
1523 2 2 1 41 2061 1864 891
1524 2 2 1 41 30 705 2062
1525 2 2 1 41 2062 705 1104
1526 2 2 1 41 2062 29 30
1527 2 2 1 41 876 1690 2063
1528 2 2 1 41 2064 1059 1155
1529 2 2 1 41 1155 660 2064
1530 2 2 1 41 1001 1059 2064
1531 2 2 1 41 904 1009 2065
1532 2 2 1 41 2065 1009 918
1533 2 2 1 41 2065 1782 904
1534 2 2 1 41 2066 1025 671
1535 2 2 1 41 981 1029 2068
1536 2 2 1 41 2069 27 28
1537 2 2 1 41 1055 27 2069
1538 2 2 1 41 28 1222 2069
1539 2 2 1 41 878 1833 2070
1540 2 2 1 41 2070 1868 878
1541 2 2 1 41 570 1520 2071
1542 2 2 1 41 2072 1071 704
1543 2 2 1 41 704 1212 2072
1544 2 2 1 41 2073 376 375
1545 2 2 1 41 1027 376 2073
1546 2 2 1 41 623 993 2074
1547 2 2 1 41 2074 993 1103
1548 2 2 1 41 2074 1867 623
1549 2 2 1 41 916 1872 2075
1550 2 2 1 41 994 1932 2075
1551 2 2 1 41 2075 1932 916
1552 2 2 1 41 844 1863 2076
1553 2 2 1 41 2076 1863 912
1554 2 2 1 41 851 1785 2077
1555 2 2 1 41 2078 1677 885
1556 2 2 1 41 2079 1876 915
1557 2 2 1 41 2079 1931 996
1558 2 2 1 41 915 1931 2079
1559 2 2 1 41 840 1706 2080
1560 2 2 1 41 2081 1153 693
1561 2 2 1 41 998 1153 2081
1562 2 2 1 41 693 1111 2081
1563 2 2 1 41 503 1064 2082
1564 2 2 1 41 980 921 2083
1565 2 2 1 41 1091 562 2084
1566 2 2 1 41 752 521 2085
1567 2 2 1 41 2085 521 1253
1568 2 2 1 41 2086 905 947
1569 2 2 1 41 957 905 2086
1570 2 2 1 41 947 1778 2086
1571 2 2 1 41 913 1755 2087
1572 2 2 1 41 2089 1558 862
1573 2 2 1 41 2090 640 957
1574 2 2 1 41 2091 1759 889
1575 2 2 1 41 965 1759 2091
1576 2 2 1 41 2092 900 846
1577 2 2 1 41 1301 900 2092
1578 2 2 1 41 1320 653 2093
1579 2 2 1 41 903 1772 2095
1580 2 2 1 41 950 1917 2096
1581 2 2 1 41 2097 1448 503
1582 2 2 1 41 962 1448 2097
1583 2 2 1 41 690 1088 2098
1584 2 2 1 41 827 1612 2099
1585 2 2 1 41 623 1683 2100
1586 2 2 1 41 848 1514 2101
1587 2 2 1 41 884 1709 2101
1588 2 2 1 41 2101 1514 884
1589 2 2 1 41 922 1828 2102
1590 2 2 1 41 2102 1886 922
1591 2 2 1 41 2104 657 82
1592 2 2 1 41 954 657 2104
1593 2 2 1 41 890 1859 2106
1594 2 2 1 41 960 1934 2106
1595 2 2 1 41 2106 1859 960
1596 2 2 1 41 2108 637 616
1597 2 2 1 41 616 1281 2108
1598 2 2 1 41 1191 300 2109
1599 2 2 1 41 2110 1499 566
1600 2 2 1 41 885 1704 2111
1601 2 2 1 41 499 1604 2112
1602 2 2 1 41 2112 1604 1031
1603 2 2 1 41 2113 670 1032
1604 2 2 1 41 1285 1131 2114
1605 2 2 1 41 2114 636 1285
1606 2 2 1 41 2117 1138 697
1607 2 2 1 41 697 1177 2117
1608 2 2 1 41 2118 1865 945
1609 2 2 1 41 945 1913 2118
1610 2 2 1 41 118 119 2120
1611 2 2 1 41 629 634 2121
1612 2 2 1 41 1028 1108 2121
1613 2 2 1 41 2121 634 1028
1614 2 2 1 41 2121 1108 629
1615 2 2 1 41 53 52 2122
1616 2 2 1 41 730 1269 2122
1617 2 2 1 41 2122 1269 53
1618 2 2 1 41 2123 36 37
1619 2 2 1 41 2123 1270 729
1620 2 2 1 41 37 1270 2123
1621 2 2 1 41 823 1526 2125
1622 2 2 1 41 2125 1526 879
1623 2 2 1 41 582 1272 2126
1624 2 2 1 41 2129 1176 1023
1625 2 2 1 41 2131 1111 689
1626 2 2 1 41 2135 1919 619
1627 2 2 1 41 2136 1767 973
1628 2 2 1 41 928 1824 2137
1629 2 2 1 41 772 1564 2138
1630 2 2 1 41 2138 1564 794
1631 2 2 1 41 2139 1819 990
1632 2 2 1 41 2139 1913 829
1633 2 2 1 41 2140 705 31
1634 2 2 1 41 1156 705 2140
1635 2 2 1 41 47 706 2141
1636 2 2 1 41 2141 706 1157
1637 2 2 1 41 2142 354 353
1638 2 2 1 41 2142 2045 919
1639 2 2 1 41 353 2045 2142
1640 2 2 1 41 2143 1295 1259
1641 2 2 1 41 525 1295 2143
1642 2 2 1 41 2145 1538 563
1643 2 2 1 41 2146 258 259
1644 2 2 1 41 417 416 2147
1645 2 2 1 41 920 2046 2147
1646 2 2 1 41 2147 2046 417
1647 2 2 1 41 615 1125 2148
1648 2 2 1 41 2148 1934 615
1649 2 2 1 41 574 1999 2149
1650 2 2 1 41 2150 1826 929
1651 2 2 1 41 2151 1332 339
1652 2 2 1 41 431 1333 2152
1653 2 2 1 41 850 1639 2153
1654 2 2 1 41 2154 1727 565
1655 2 2 1 41 2154 1798 1132
1656 2 2 1 41 1078 926 2156
1657 2 2 1 41 1038 1798 2158
1658 2 2 1 41 2160 1880 501
1659 2 2 1 41 2161 733 514
1660 2 2 1 41 1205 733 2161
1661 2 2 1 41 514 1815 2161
1662 2 2 1 41 820 1959 2162
1663 2 2 1 41 902 1964 2162
1664 2 2 1 41 2163 531 532
1665 2 2 1 41 1050 531 2163
1666 2 2 1 41 532 1054 2163
1667 2 2 1 41 577 1118 2164
1668 2 2 1 41 2165 1894 1080
1669 2 2 1 41 1080 1816 2165
1670 2 2 1 41 649 992 2166
1671 2 2 1 41 2166 992 931
1672 2 2 1 41 2167 517 1083
1673 2 2 1 41 2168 1854 776
1674 2 2 1 41 2169 1625 868
1675 2 2 1 41 868 1559 2169
1676 2 2 1 41 983 759 2170
1677 2 2 1 41 2170 925 983
1678 2 2 1 41 584 926 2172
1679 2 2 1 41 2172 926 1017
1680 2 2 1 41 401 698 2176
1681 2 2 1 41 2177 1603 923
1682 2 2 1 41 1 258 2179
1683 2 2 1 41 1242 719 2180
1684 2 2 1 41 2180 664 1242
1685 2 2 1 41 944 2084 2181
1686 2 2 1 41 2181 2084 562
1687 2 2 1 41 2182 1988 1003
1688 2 2 1 41 1002 1986 2183
1689 2 2 1 41 675 1194 2184
1690 2 2 1 41 2184 1194 1057
1691 2 2 1 41 2185 528 529
1692 2 2 1 41 1026 1048 2186
1693 2 2 1 41 2186 1048 1046
1694 2 2 1 41 2186 1893 1026
1695 2 2 1 41 2187 1052 639
1696 2 2 1 41 2190 1714 937
1697 2 2 1 41 972 1714 2190
1698 2 2 1 41 2191 1211 510
1699 2 2 1 41 2191 1524 959
1700 2 2 1 41 959 1211 2191
1701 2 2 1 41 2192 346 345
1702 2 2 1 41 345 1881 2192
1703 2 2 1 41 988 1867 2193
1704 2 2 1 41 425 424 2194
1705 2 2 1 41 2194 1882 425
1706 2 2 1 41 2197 949 901
1707 2 2 1 41 1004 949 2197
1708 2 2 1 41 2199 1714 972
1709 2 2 1 41 592 1714 2199
1710 2 2 1 41 579 966 2201
1711 2 2 1 41 2203 1927 909
1712 2 2 1 41 1006 1927 2203
1713 2 2 1 41 908 1926 2204
1714 2 2 1 41 2204 1926 1007
1715 2 2 1 41 2205 515 1089
1716 2 2 1 41 1231 515 2205
1717 2 2 1 41 1089 1106 2205
1718 2 2 1 41 2200 36 2123
1719 2 2 1 41 729 2200 2123
1720 2 2 1 41 2122 52 2198
1721 2 2 1 41 2122 2198 730
1722 2 2 1 41 860 2003 1977
1723 2 2 1 41 1963 858 1910
1724 2 2 1 41 1177 697 2130
1725 2 2 1 41 1110 682 1928
1726 2 2 1 41 1110 1928 948
1727 2 2 1 41 2021 346 2192
1728 2 2 1 41 2194 424 2022
1729 2 2 1 41 995 704 2017
1730 2 2 1 41 995 2017 985
1731 2 2 1 41 2053 638 1249
1732 2 2 1 41 987 2053 1249
1733 2 2 1 41 1978 662 1956
1734 2 2 1 41 1027 1978 1956
1735 2 2 1 41 2116 1050 2163
1736 2 2 1 41 2116 2163 1054
1737 2 2 1 41 2176 698 1243
1738 2 2 1 41 1087 2176 1243
1739 2 2 1 41 1904 890 2148
1740 2 2 1 41 1904 2148 1125
1741 2 2 1 41 1138 2117 2043
1742 2 2 1 41 1773 647 1957
1743 2 2 1 41 1675 592 2199
1744 2 2 1 41 1844 1969 1163
1745 2 2 1 41 1177 2174 2117
1746 2 2 1 41 1191 2109 1850
1747 2 2 1 41 508 983 1937
1748 2 2 1 41 508 1937 1211
1749 2 2 1 41 1982 889 1974
1750 2 2 1 41 1226 1982 1974
1751 2 2 1 41 1286 2088 2012
1752 2 2 1 41 326 327 2001
1753 2 2 1 41 326 2001 1288
1754 2 2 1 41 2151 1329 713
1755 2 2 1 41 1332 2151 713
1756 2 2 1 41 714 1330 2152
1757 2 2 1 41 714 2152 1333
1758 2 2 1 41 2045 352 2023
1759 2 2 1 41 835 2045 2023
1760 2 2 1 41 2025 418 2046
1761 2 2 1 41 2025 2046 836
1762 2 2 1 41 1281 1975 1954
1763 2 2 1 41 726 2174 1323
1764 2 2 1 41 1807 354 2142
1765 2 2 1 41 1807 2142 919
1766 2 2 1 41 2147 416 1808
1767 2 2 1 41 920 2147 1808
1768 2 2 1 41 1948 377 376
1769 2 2 1 41 1027 1948 376
1770 2 2 1 41 745 1176 2129
1771 2 2 1 41 745 2129 1225
1772 2 2 1 41 2082 1064 2027
1773 2 2 1 41 1159 2082 2027
1774 2 2 1 41 1837 576 1858
1775 2 2 1 41 1837 1858 1118
1776 2 2 1 41 2143 1259 528
1777 2 2 1 41 2120 119 1899
1778 2 2 1 41 841 2120 1899
1779 2 2 1 41 32 33 2133
1780 2 2 1 41 2132 49 48
1781 2 2 1 41 1881 345 344
1782 2 2 1 41 1926 908 1881
1783 2 2 1 41 426 425 1882
1784 2 2 1 41 1882 909 1927
1785 2 2 1 41 1848 1060 651
1786 2 2 1 41 1244 1848 651
1787 2 2 1 41 1955 371 370
1788 2 2 1 41 1309 1955 370
1789 2 2 1 41 2060 319 320
1790 2 2 1 41 1257 2060 320
1791 2 2 1 41 398 399 1987
1792 2 2 1 41 398 1987 1140
1793 2 2 1 41 1879 395 396
1794 2 2 1 41 1244 1879 396
1795 2 2 1 41 1848 397 398
1796 2 2 1 41 1140 1848 398
1797 2 2 1 41 2048 1040 690
1798 2 2 1 41 1223 2048 690
1799 2 2 1 41 689 1055 2069
1800 2 2 1 41 689 2069 1222
1801 2 2 1 41 48 47 2141
1802 2 2 1 41 2140 31 32
1803 2 2 1 41 666 715 1990
1804 2 2 1 41 666 1990 1327
1805 2 2 1 41 433 432 2128
1806 2 2 1 41 2127 338 337
1807 2 2 1 41 2035 434 433
1808 2 2 1 41 337 336 2034
1809 2 2 1 41 2043 2098 1088
1810 2 2 1 41 2131 998 2081
1811 2 2 1 41 1111 2131 2081
1812 2 2 1 41 68 69 2009
1813 2 2 1 41 68 2009 1236
1814 2 2 1 41 2009 1232 685
1815 2 2 1 41 1236 2009 685
1816 2 2 1 41 1222 29 2062
1817 2 2 1 41 1222 2062 1104
1818 2 2 1 41 2054 45 1223
1819 2 2 1 41 1102 2054 1223
1820 2 2 1 41 1822 1149 1419
1821 2 2 1 41 1385 1822 1419
1822 2 2 1 41 1419 1149 1659
1823 2 2 1 41 1419 1659 1396
1824 2 2 1 41 1630 854 1429
1825 2 2 1 41 1743 831 1451
1826 2 2 1 41 1406 1743 1451
1827 2 2 1 41 1436 852 1473
1828 2 2 1 41 1436 1473 1406
1829 2 2 1 41 1500 767 1489
1830 2 2 1 41 1410 1500 1489
1831 2 2 1 41 1466 833 1458
1832 2 2 1 41 1555 598 1463
1833 2 2 1 41 1420 1555 1463
1834 2 2 1 41 1533 1540 1420
1835 2 2 1 41 1571 852 1436
1836 2 2 1 41 1421 1571 1436
1837 2 2 1 41 1699 825 1505
1838 2 2 1 41 1472 1576 1427
1839 2 2 1 41 1968 811 1443
1840 2 2 1 41 1428 1968 1443
1841 2 2 1 41 1856 936 1449
1842 2 2 1 41 1433 1856 1449
1843 2 2 1 41 1450 938 1866
1844 2 2 1 41 1450 1866 1434
1845 2 2 1 41 1456 854 1494
1846 2 2 1 41 1473 852 1628
1847 2 2 1 41 1545 833 1492
1848 2 2 1 41 1581 821 1624
1849 2 2 1 41 1581 1624 1454
1850 2 2 1 41 1626 822 1580
1851 2 2 1 41 1455 1626 1580
1852 2 2 1 41 1586 961 1705
1853 2 2 1 41 1586 1705 1459
1854 2 2 1 41 1567 809 1696
1855 2 2 1 41 1567 1696 1461
1856 2 2 1 41 1969 585 1883
1857 2 2 1 41 1483 1163 1969
1858 2 2 1 41 1852 910 1546
1859 2 2 1 41 1465 1852 1546
1860 2 2 1 41 1951 828 1508
1861 2 2 1 41 1468 1951 1508
1862 2 2 1 41 1585 767 1500
1863 2 2 1 41 1468 1585 1500
1864 2 2 1 41 1744 502 1532
1865 2 2 1 41 1469 1744 1532
1866 2 2 1 41 1766 859 1537
1867 2 2 1 41 1786 875 1566
1868 2 2 1 41 1475 1786 1566
1869 2 2 1 41 1476 1900 1507
1870 2 2 1 41 1728 917 1605
1871 2 2 1 41 1478 1728 1605
1872 2 2 1 41 1512 594 1901
1873 2 2 1 41 1512 1901 1479
1874 2 2 1 41 1618 596 1663
1875 2 2 1 41 1618 1663 1481
1876 2 2 1 41 1515 1537 1481
1877 2 2 1 41 1486 1019 1506
1878 2 2 1 41 1489 767 1731
1879 2 2 1 41 1489 1731 1484
1880 2 2 1 41 1790 769 1621
1881 2 2 1 41 1488 1790 1621
1882 2 2 1 41 1609 928 1797
1883 2 2 1 41 1609 1797 1493
1884 2 2 1 41 1799 929 1608
1885 2 2 1 41 1497 1799 1608
1886 2 2 1 41 1614 946 1761
1887 2 2 1 41 1614 1761 1498
1888 2 2 1 41 1888 843 1535
1889 2 2 1 41 1499 1888 1535
1890 2 2 1 41 1780 814 1621
1891 2 2 1 41 1508 1780 1621
1892 2 2 1 41 1511 1788 1557
1893 2 2 1 41 1648 604 1974
1894 2 2 1 41 1648 1974 1513
1895 2 2 1 41 1749 837 1543
1896 2 2 1 41 1513 1749 1543
1897 2 2 1 41 1519 830 1582
1898 2 2 1 41 1758 907 1681
1899 2 2 1 41 1514 1758 1681
1900 2 2 1 41 1785 851 1574
1901 2 2 1 41 1518 1785 1574
1902 2 2 1 41 1534 772 1559
1903 2 2 1 41 1534 1559 1518
1904 2 2 1 41 1654 2071 1520
1905 2 2 1 41 1521 1558 1542
1906 2 2 1 41 1658 911 1787
1907 2 2 1 41 1658 1787 1521
1908 2 2 1 41 1564 772 1979
1909 2 2 1 41 2191 510 1668
1910 2 2 1 41 1524 2191 1668
1911 2 2 1 41 1662 839 1783
1912 2 2 1 41 1662 1783 1524
1913 2 2 1 41 1745 861 1692
1914 2 2 1 41 2002 600 1579
1915 2 2 1 41 1527 2002 1579
1916 2 2 1 41 1781 563 1538
1917 2 2 1 41 1529 1781 1538
1918 2 2 1 41 1821 877 1606
1919 2 2 1 41 1529 1821 1606
1920 2 2 1 41 1607 938 1901
1921 2 2 1 41 1607 1901 1530
1922 2 2 1 41 1900 936 1600
1923 2 2 1 41 1531 1900 1600
1924 2 2 1 41 1804 900 1776
1925 2 2 1 41 1532 1804 1776
1926 2 2 1 41 1629 839 1588
1927 2 2 1 41 1837 577 1800
1928 2 2 1 41 1534 1837 1800
1929 2 2 1 41 1702 611 1697
1930 2 2 1 41 1536 1702 1697
1931 2 2 1 41 2033 874 1627
1932 2 2 1 41 1538 2145 1664
1933 2 2 1 41 1615 910 1852
1934 2 2 1 41 1984 963 1769
1935 2 2 1 41 1953 598 1555
1936 2 2 1 41 1546 1953 1555
1937 2 2 1 41 1642 821 1907
1938 2 2 1 41 1642 1907 1549
1939 2 2 1 41 1911 822 1640
1940 2 2 1 41 1550 1911 1640
1941 2 2 1 41 1746 586 1842
1942 2 2 1 41 1746 1842 1551
1943 2 2 1 41 1594 916 1751
1944 2 2 1 41 1594 1751 1552
1945 2 2 1 41 1916 604 1648
1946 2 2 1 41 1553 1916 1648
1947 2 2 1 41 1903 956 1732
1948 2 2 1 41 1554 1903 1732
1949 2 2 1 41 1642 683 2026
1950 2 2 1 41 919 835 1569
1951 2 2 1 41 2028 684 1640
1952 2 2 1 41 1570 836 920
1953 2 2 1 41 1753 915 1595
1954 2 2 1 41 1556 1753 1595
1955 2 2 1 41 1672 592 1681
1956 2 2 1 41 1672 1681 1561
1957 2 2 1 41 1691 839 1662
1958 2 2 1 41 1561 1691 1662
1959 2 2 1 41 1723 769 1790
1960 2 2 1 41 1723 1790 1562
1961 2 2 1 41 1710 568 1568
1962 2 2 1 41 1562 1710 1568
1963 2 2 1 41 1566 1973 1656
1964 2 2 1 41 1716 840 1748
1965 2 2 1 41 1716 1748 1571
1966 2 2 1 41 1659 1149 1740
1967 2 2 1 41 1659 1740 1579
1968 2 2 1 41 2036 910 1615
1969 2 2 1 41 1583 2036 1615
1970 2 2 1 41 1803 877 1590
1971 2 2 1 41 1584 1803 1590
1972 2 2 1 41 1694 906 1719
1973 2 2 1 41 1694 1719 1584
1974 2 2 1 41 1723 888 1633
1975 2 2 1 41 1585 1723 1633
1976 2 2 1 41 1691 907 1930
1977 2 2 1 41 1691 1930 1588
1978 2 2 1 41 1672 892 1875
1979 2 2 1 41 1672 1875 1589
1980 2 2 1 41 1868 937 1714
1981 2 2 1 41 1589 1868 1714
1982 2 2 1 41 1821 924 1707
1983 2 2 1 41 1590 1821 1707
1984 2 2 1 41 1942 1184 1859
1985 2 2 1 41 1693 976 1872
1986 2 2 1 41 1693 1872 1594
1987 2 2 1 41 1876 974 1695
1988 2 2 1 41 1595 1876 1695
1989 2 2 1 41 1807 919 2026
1990 2 2 1 41 1903 588 1930
1991 2 2 1 41 1903 1930 1597
1992 2 2 1 41 1758 848 1906
1993 2 2 1 41 1758 1906 1597
1994 2 2 1 41 2028 920 1808
1995 2 2 1 41 1933 988 1689
1996 2 2 1 41 1601 1933 1689
1997 2 2 1 41 1623 590 1887
1998 2 2 1 41 1623 1887 1603
1999 2 2 1 41 1739 906 1694
2000 2 2 1 41 1605 1739 1694
2001 2 2 1 41 1826 915 1753
2002 2 2 1 41 1608 1826 1753
2003 2 2 1 41 1751 916 1824
2004 2 2 1 41 1751 1824 1609
2005 2 2 1 41 1942 506 1661
2006 2 2 1 41 1613 1942 1661
2007 2 2 1 41 1664 1679 1613
2008 2 2 1 41 1962 1056 1918
2009 2 2 1 41 1616 1962 1918
2010 2 2 1 41 1924 1058 1958
2011 2 2 1 41 1924 1958 1617
2012 2 2 1 41 1878 591 1631
2013 2 2 1 41 1619 1878 1631
2014 2 2 1 41 1768 712 1713
2015 2 2 1 41 1620 1768 1713
2016 2 2 1 41 2020 1014 1641
2017 2 2 1 41 1646 936 1856
2018 2 2 1 41 1646 1856 1623
2019 2 2 1 41 1652 1154 569
2020 2 2 1 41 1818 893 1873
2021 2 2 1 41 1720 855 1914
2022 2 2 1 41 1720 1914 1629
2023 2 2 1 41 1866 938 1644
2024 2 2 1 41 1631 1866 1644
2025 2 2 1 41 1832 567 1692
2026 2 2 1 41 1635 1832 1692
2027 2 2 1 41 1636 1736 1650
2028 2 2 1 41 2006 504 1673
2029 2 2 1 41 1637 2006 1673
2030 2 2 1 41 1649 1737 1638
2031 2 2 1 41 1752 1045 2153
2032 2 2 1 41 1752 2153 1639
2033 2 2 1 41 1764 612 1792
2034 2 2 1 41 1764 1792 1641
2035 2 2 1 41 1865 512 2007
2036 2 2 1 41 1865 2007 1643
2037 2 2 1 41 1884 925 1735
2038 2 2 1 41 1643 1884 1735
2039 2 2 1 41 1950 871 1945
2040 2 2 1 41 1652 1950 1945
2041 2 2 1 41 1916 961 1983
2042 2 2 1 41 1916 1983 1655
2043 2 2 1 41 1967 623 1867
2044 2 2 1 41 1657 1967 1867
2045 2 2 1 41 1933 867 1732
2046 2 2 1 41 1657 1933 1732
2047 2 2 1 41 1668 510 1897
2048 2 2 1 41 1668 1897 1660
2049 2 2 1 41 1834 878 1875
2050 2 2 1 41 1834 1875 1660
2051 2 2 1 41 1940 507 1707
2052 2 2 1 41 1661 1940 1707
2053 2 2 1 41 1698 564 2157
2054 2 2 1 41 1698 2157 1666
2055 2 2 1 41 797 564 1698
2056 2 2 1 41 797 1698 1670
2057 2 2 1 41 1939 942 1754
2058 2 2 1 41 1779 580 1944
2059 2 2 1 41 1779 1944 1674
2060 2 2 1 41 1728 866 1873
2061 2 2 1 41 1728 1873 1674
2062 2 2 1 41 1716 824 1701
2063 2 2 1 41 1847 581 2168
2064 2 2 1 41 1810 1030 1704
2065 2 2 1 41 1677 1810 1704
2066 2 2 1 41 1846 951 1722
2067 2 2 1 41 1680 1846 1722
2068 2 2 1 41 1950 866 1762
2069 2 2 1 41 1682 1950 1762
2070 2 2 1 41 1915 953 2100
2071 2 2 1 41 1915 2100 1683
2072 2 2 1 41 1967 956 1906
2073 2 2 1 41 1683 1967 1906
2074 2 2 1 41 1938 832 2059
2075 2 2 1 41 1938 2059 1684
2076 2 2 1 41 2090 957 1813
2077 2 2 1 41 1685 2090 1813
2078 2 2 1 41 1962 817 1907
2079 2 2 1 41 1686 1962 1907
2080 2 2 1 41 2120 841 1838
2081 2 2 1 41 1911 818 1958
2082 2 2 1 41 1911 1958 1687
2083 2 2 1 41 1812 869 2063
2084 2 2 1 41 1812 2063 1690
2085 2 2 1 41 1863 844 1708
2086 2 2 1 41 1697 1863 1708
2087 2 2 1 41 1978 1027 2073
2088 2 2 1 41 1993 1011 1839
2089 2 2 1 41 1702 1993 1839
2090 2 2 1 41 1995 570 2071
2091 2 2 1 41 1747 911 2111
2092 2 2 1 41 1747 2111 1704
2093 2 2 1 41 1839 1011 2080
2094 2 2 1 41 1839 2080 1706
2095 2 2 1 41 1802 876 1838
2096 2 2 1 41 1802 1838 1708
2097 2 2 1 41 1915 848 2101
2098 2 2 1 41 1915 2101 1709
2099 2 2 1 41 1952 1039 2057
2100 2 2 1 41 1952 2057 1710
2101 2 2 1 41 2110 566 1722
2102 2 2 1 41 1712 2110 1722
2103 2 2 1 41 1812 587 1912
2104 2 2 1 41 1812 1912 1715
2105 2 2 1 41 583 1163 1726
2106 2 2 1 41 583 1726 1718
2107 2 2 1 41 1719 1943 1742
2108 2 2 1 41 1847 827 2099
2109 2 2 1 41 1847 2099 1724
2110 2 2 1 41 2154 1132 1731
2111 2 2 1 41 1727 2154 1731
2112 2 2 1 41 1884 932 1897
2113 2 2 1 41 1884 1897 1734
2114 2 2 1 41 1795 567 1832
2115 2 2 1 41 1795 1832 1735
2116 2 2 1 41 2136 973 1774
2117 2 2 1 41 1757 1892 1738
2118 2 2 1 41 1830 973 1767
2119 2 2 1 41 1739 1830 1767
2120 2 2 1 41 1892 1902 1741
2121 2 2 1 41 1768 1038 1941
2122 2 2 1 41 1768 1941 1744
2123 2 2 1 41 1759 598 1949
2124 2 2 1 41 1759 1949 1749
2125 2 2 1 41 1792 612 1959
2126 2 2 1 41 1792 1959 1755
2127 2 2 1 41 1784 946 2087
2128 2 2 1 41 1784 2087 1755
2129 2 2 1 41 1784 820 1965
2130 2 2 1 41 1784 1965 1761
2131 2 2 1 41 1778 947 2119
2132 2 2 1 41 1871 1008 1917
2133 2 2 1 41 1871 1917 1763
2134 2 2 1 41 1991 1213 1843
2135 2 2 1 41 1765 1991 1843
2136 2 2 1 41 1977 970 1777
2137 2 2 1 41 1771 1977 1777
2138 2 2 1 41 1840 902 2095
2139 2 2 1 41 1840 2095 1772
2140 2 2 1 41 1817 973 1992
2141 2 2 1 41 1817 1992 1772
2142 2 2 1 41 1817 903 2061
2143 2 2 1 41 1817 2061 1774
2144 2 2 1 41 1813 957 2086
2145 2 2 1 41 1813 2086 1778
2146 2 2 1 41 1779 1891 1869
2147 2 2 1 41 1985 829 1925
2148 2 2 1 41 1782 1985 1925
2149 2 2 1 41 2065 918 1815
2150 2 2 1 41 1782 2065 1815
2151 2 2 1 41 1849 1035 2077
2152 2 2 1 41 1849 2077 1785
2153 2 2 1 41 1816 1080 1880
2154 2 2 1 41 2011 923 1887
2155 2 2 1 41 1797 2011 1887
2156 2 2 1 41 2154 565 2158
2157 2 2 1 41 2154 2158 1798
2158 2 2 1 41 1878 921 2016
2159 2 2 1 41 1878 2016 1799
2160 2 2 1 41 1860 581 1979
2161 2 2 1 41 1860 1979 1800
2162 2 2 1 41 2202 511 1814
2163 2 2 1 41 1013 990 1819
2164 2 2 1 41 2057 1039 2050
2165 2 2 1 41 1809 2057 2050
2166 2 2 1 41 2084 944 1997
2167 2 2 1 41 1912 587 2165
2168 2 2 1 41 1912 2165 1816
2169 2 2 1 41 570 1035 1849
2170 2 2 1 41 2139 829 1985
2171 2 2 1 41 1819 2139 1985
2172 2 2 1 41 1932 627 2137
2173 2 2 1 41 1932 2137 1824
2174 2 2 1 41 2150 628 1931
2175 2 2 1 41 1826 2150 1931
2176 2 2 1 41 1854 577 2164
2177 2 2 1 41 1854 2164 1827
2178 2 2 1 41 1944 580 1992
2179 2 2 1 41 1944 1992 1830
2180 2 2 1 41 1834 932 2007
2181 2 2 1 41 1834 2007 1833
2182 2 2 1 41 2058 948 2070
2183 2 2 1 41 2058 2070 1833
2184 2 2 1 41 1869 1964 1840
2185 2 2 1 41 2107 942 1946
2186 2 2 1 41 1853 1972 1936
2187 2 2 1 41 2168 581 1860
2188 2 2 1 41 1854 2168 1860
2189 2 2 1 41 2118 990 1989
2190 2 2 1 41 1865 2118 1989
2191 2 2 1 41 2074 1103 2193
2192 2 2 1 41 2074 2193 1867
2193 2 2 1 41 2070 948 1928
2194 2 2 1 41 1868 2070 1928
2195 2 2 1 41 1894 942 1939
2196 2 2 1 41 1894 1939 1870
2197 2 2 1 41 1909 846 2015
2198 2 2 1 41 1909 2015 1874
2199 2 2 1 41 2013 630 2055
2200 2 2 1 41 2013 2055 1889
2201 2 2 1 41 1898 903 2095
2202 2 2 1 41 2031 574 2149
2203 2 2 1 41 2031 2149 1891
2204 2 2 1 41 2186 1046 2047
2205 2 2 1 41 1893 2186 2047
2206 2 2 1 41 2165 587 1946
2207 2 2 1 41 1894 2165 1946
2208 2 2 1 41 2139 990 2118
2209 2 2 1 41 1913 2139 2118
2210 2 2 1 41 2051 625 2096
2211 2 2 1 41 2051 2096 1917
2212 2 2 1 41 2135 1078 2156
2213 2 2 1 41 2135 2156 1919
2214 2 2 1 41 2148 890 2106
2215 2 2 1 41 1934 2148 2106
2216 2 2 1 41 2018 628 2150
2217 2 2 1 41 2137 627 2014
2218 2 2 1 41 1956 1327 1990
2219 2 2 1 41 1956 1990 1948
2220 2 2 1 41 1953 910 2036
2221 2 2 1 41 1953 2036 1949
2222 2 2 1 41 2049 902 2162
2223 2 2 1 41 2049 2162 1959
2224 2 2 1 41 2056 820 2162
2225 2 2 1 41 2056 2162 1964
2226 2 2 1 41 1965 2056 1999
2227 2 2 1 41 2003 703 2038
2228 2 2 1 41 1977 2003 2038
2229 2 2 1 41 2202 509 2178
2230 2 2 1 41 2029 710 342
2231 2 2 1 41 428 711 2030
2232 2 2 1 41 2107 844 2076
2233 2 2 1 41 2041 1074 979
2234 2 2 1 41 978 1073 2040
2235 2 2 1 41 1193 690 2098
2236 2 2 1 41 2131 689 1190
2237 2 2 1 41 1288 649 2166
2238 2 2 1 41 633 850 2153
2239 2 2 1 41 2146 259 1318
2240 2 2 1 41 2193 1103 86
2241 2 2 1 41 586 965 2091
2242 2 2 1 41 2091 1982 586
2243 2 2 1 41 889 1982 2091
2244 2 2 1 41 893 1818 2031
2245 2 2 1 41 2031 1818 1090
2246 2 2 1 41 1090 574 2031
2247 2 2 1 41 881 1463 1746
2248 2 2 1 41 1746 1463 965
2249 2 2 1 41 965 586 1746
2250 2 2 1 41 2153 1227 633
2251 2 2 1 41 2153 1045 1220
2252 2 2 1 41 1227 2153 1220
2253 2 2 1 41 610 1226 2155
2254 2 2 1 41 2155 1853 610
2255 2 2 1 41 898 1853 2155
2256 2 2 1 41 1318 1025 2146
2257 2 2 1 41 2146 1025 2066
2258 2 2 1 41 1599 415 414
2259 2 2 1 41 1572 350 349
2260 2 2 1 41 421 420 1573
2261 2 2 1 41 1793 880 1776
2262 2 2 1 41 1793 1667 1125
2263 2 2 1 41 1125 615 1793
2264 2 2 1 41 1793 1776 1667
2265 2 2 1 41 1976 2129 1023
2266 2 2 1 41 1035 570 1995
2267 2 2 1 41 272 273 1627
2268 2 2 1 41 1861 1627 874
2269 2 2 1 41 1729 297 887
2270 2 2 1 41 887 297 298
2271 2 2 1 41 268 269 1700
2272 2 2 1 41 2151 339 338
2273 2 2 1 41 2127 2151 338
2274 2 2 1 41 2151 2127 1329
2275 2 2 1 41 432 431 2152
2276 2 2 1 41 432 2152 2128
2277 2 2 1 41 1330 2128 2152
2278 2 2 1 41 2033 1665 898
2279 2 2 1 41 1253 1230 2085
2280 2 2 1 41 2085 1230 1295
2281 2 2 1 41 1295 752 2085
2282 2 2 1 41 1577 92 93
2283 2 2 1 41 1849 1520 570
2284 2 2 1 41 1849 868 1625
2285 2 2 1 41 1520 1849 1625
2286 2 2 1 41 286 287 1598
2287 2 2 1 41 286 1598 1582
2288 2 2 1 41 294 295 1587
2289 2 2 1 41 1780 1587 814
2290 2 2 1 41 1602 827 853
2291 2 2 1 41 131 132 1831
2292 2 2 1 41 97 98 1612
2293 2 2 1 41 1861 886 1823
2294 2 2 1 41 270 271 1823
2295 2 2 1 41 403 698 402
2296 2 2 1 41 716 698 403
2297 2 2 1 41 1671 115 116
2298 2 2 1 41 869 1671 2063
2299 2 2 1 41 100 101 1688
2300 2 2 1 41 2189 1688 832
2301 2 2 1 41 865 1578 1703
2302 2 2 1 41 1703 110 111
2303 2 2 1 41 1730 89 90
2304 2 2 1 41 127 128 2010
2305 2 2 1 41 1760 2099 1612
2306 2 2 1 41 309 310 1763
2307 2 2 1 41 309 1763 1905
2308 2 2 1 41 1765 1763 950
2309 2 2 1 41 1765 1905 1763
2310 2 2 1 41 1820 117 118
2311 2 2 1 41 2120 1820 118
2312 2 2 1 41 876 1820 1838
2313 2 2 1 41 1820 2120 1838
2314 2 2 1 41 106 107 1841
2315 2 2 1 41 798 1490 1890
2316 2 2 1 41 1890 291 292
2317 2 2 1 41 798 1890 1951
2318 2 2 1 41 2044 74 75
2319 2 2 1 41 75 975 2044
2320 2 2 1 41 947 2044 2119
2321 2 2 1 41 2119 2044 975
2322 2 2 1 41 2104 82 83
2323 2 2 1 41 2104 993 954
2324 2 2 1 41 2103 799 2059
2325 2 2 1 41 2103 102 103
2326 2 2 1 41 1991 2144 1213
2327 2 2 1 41 950 2144 1991
2328 2 2 1 41 2144 950 2096
2329 2 2 1 41 400 401 2176
2330 2 2 1 41 2176 1168 400
2331 2 2 1 41 1087 1168 2176
2332 2 2 1 41 2175 933 943
2333 2 2 1 41 2134 2175 943
2334 2 2 1 41 2175 675 1092
2335 2 2 1 41 675 2175 2134
2336 2 2 1 41 2158 565 1005
2337 2 2 1 41 1005 1941 2158
2338 2 2 1 41 2158 1941 1038
2339 2 2 1 41 842 1498 1653
2340 2 2 1 41 1653 1498 1319
2341 2 2 1 41 1319 575 1653
2342 2 2 1 41 855 584 2172
2343 2 2 1 41 2172 959 855
2344 2 2 1 41 1017 959 2172
2345 2 2 1 41 2155 1226 604
2346 2 2 1 41 604 1655 2155
2347 2 2 1 41 2033 898 2155
2348 2 2 1 41 1655 2033 2155
2349 2 2 1 41 2038 703 501
2350 2 2 1 41 2038 1870 970
2351 2 2 1 41 1874 1005 565
2352 2 2 1 41 1874 565 1727
2353 2 2 1 41 1874 1633 888
2354 2 2 1 41 1633 1874 1727
2355 2 2 1 41 2037 1010 609
2356 2 2 1 41 1816 2037 609
2357 2 2 1 41 1816 1880 2037
2358 2 2 1 41 969 387 388
2359 2 2 1 41 567 1064 1611
2360 2 2 1 41 567 1611 1692
2361 2 2 1 41 1935 1752 805
2362 2 2 1 41 1305 1752 1935
2363 2 2 1 41 896 1009 1855
2364 2 2 1 41 2113 1032 1268
2365 2 2 1 41 1268 530 2113
2366 2 2 1 41 935 981 2068
2367 2 2 1 41 2196 862 1082
2368 2 2 1 41 1082 562 2196
2369 2 2 1 41 862 2196 2089
2370 2 2 1 41 1942 1682 506
2371 2 2 1 41 890 871 1682
2372 2 2 1 41 890 1682 1859
2373 2 2 1 41 1682 1942 1859
2374 2 2 1 41 902 2049 2095
2375 2 2 1 41 2049 612 1195
2376 2 2 1 41 1898 2049 1195
2377 2 2 1 41 1898 2095 2049
2378 2 2 1 41 2112 1593 499
2379 2 2 1 41 1096 1593 2112
2380 2 2 1 41 2112 1031 1096
2381 2 2 1 41 2138 1559 772
2382 2 2 1 41 375 1877 2073
2383 2 2 1 41 1877 1206 650
2384 2 2 1 41 1978 1877 650
2385 2 2 1 41 1978 2073 1877
2386 2 2 1 41 1737 1922 2022
2387 2 2 1 41 2021 1921 1736
2388 2 2 1 41 2066 671 1092
2389 2 2 1 41 502 1005 2015
2390 2 2 1 41 2015 1804 502
2391 2 2 1 41 846 1804 2015
2392 2 2 1 41 2134 1136 675
2393 2 2 1 41 940 1136 2134
2394 2 2 1 41 1031 1604 2196
2395 2 2 1 41 2196 562 1031
2396 2 2 1 41 121 1536 120
2397 2 2 1 41 1086 1536 121
2398 2 2 1 41 891 1864 2008
2399 2 2 1 41 1864 618 1213
2400 2 2 1 41 2171 1836 613
2401 2 2 1 41 2171 2173 930
2402 2 2 1 41 1963 999 608
2403 2 2 1 41 2116 1101 1050
2404 2 2 1 41 1791 1614 842
2405 2 2 1 41 1791 887 1191
2406 2 2 1 41 1791 1191 1850
2407 2 2 1 41 1791 1850 1614
2408 2 2 1 41 316 1596 315
2409 2 2 1 41 1845 1495 771
2410 2 2 1 41 1845 794 1684
2411 2 2 1 41 1495 1845 1684
2412 2 2 1 41 1453 1487 597
2413 2 2 1 41 776 1721 2168
2414 2 2 1 41 1721 853 827
2415 2 2 1 41 1847 1721 827
2416 2 2 1 41 1847 2168 1721
2417 2 2 1 41 1818 1652 569
2418 2 2 1 41 866 1652 1873
2419 2 2 1 41 1818 1873 1652
2420 2 2 1 41 2201 926 1121
2421 2 2 1 41 1121 579 2201
2422 2 2 1 41 1106 1196 1328
2423 2 2 1 41 2205 1106 1328
2424 2 2 1 41 1231 2205 1328
2425 2 2 1 41 1092 675 2184
2426 2 2 1 41 2184 2066 1092
2427 2 2 1 41 618 1843 1213
2428 2 2 1 41 2105 1843 618
2429 2 2 1 41 1920 943 933
2430 2 2 1 41 1274 525 2067
2431 2 2 1 41 678 1274 2067
2432 2 2 1 41 1155 678 2067
2433 2 2 1 41 2182 1003 967
2434 2 2 1 41 968 1002 2183
2435 2 2 1 41 556 1116 1273
2436 2 2 1 41 1273 1116 693
2437 2 2 1 41 1300 1273 693
2438 2 2 1 41 609 1010 1794
2439 2 2 1 41 1794 843 1862
2440 2 2 1 41 1810 619 1919
2441 2 2 1 41 966 1741 1919
2442 2 2 1 41 1741 1810 1919
2443 2 2 1 41 1846 944 2181
2444 2 2 1 41 2181 562 1082
2445 2 2 1 41 2080 1011 603
2446 2 2 1 41 603 1748 2080
2447 2 2 1 41 2080 1748 840
2448 2 2 1 41 505 862 2032
2449 2 2 1 41 2032 930 851
2450 2 2 1 41 1132 1798 2157
2451 2 2 1 41 2157 564 1132
2452 2 2 1 41 1798 2024 2157
2453 2 2 1 41 1778 1893 631
2454 2 2 1 41 975 1026 1893
2455 2 2 1 41 975 1893 2119
2456 2 2 1 41 1778 2119 1893
2457 2 2 1 41 989 630 2013
2458 2 2 1 41 1097 989 2013
2459 2 2 1 41 1071 927 2017
2460 2 2 1 41 2017 704 1071
2461 2 2 1 41 847 823 1726
2462 2 2 1 41 1726 1483 847
2463 2 2 1 41 1163 1483 1726
2464 2 2 1 41 2052 901 949
2465 2 2 1 41 1809 1301 568
2466 2 2 1 41 1809 569 1154
2467 2 2 1 41 1971 1809 1154
2468 2 2 1 41 1301 1809 1971
2469 2 2 1 41 1195 612 1764
2470 2 2 1 41 1642 1569 821
2471 2 2 1 41 919 1569 2026
2472 2 2 1 41 1642 2026 1569
2473 2 2 1 41 822 1570 1640
2474 2 2 1 41 2028 1570 920
2475 2 2 1 41 1570 2028 1640
2476 2 2 1 41 276 277 1972
2477 2 2 1 41 1972 939 276
2478 2 2 1 41 2131 727 998
2479 2 2 1 41 1190 727 2131
2480 2 2 1 41 953 1961 2100
2481 2 2 1 41 1961 954 993
2482 2 2 1 41 993 623 1961
2483 2 2 1 41 2100 1961 623
2484 2 2 1 41 2082 1159 914
2485 2 2 1 41 2098 726 1193
2486 2 2 1 41 2166 931 2102
2487 2 2 1 41 2166 1828 1288
2488 2 2 1 41 1828 2166 2102
2489 2 2 1 41 1806 1695 974
2490 2 2 1 41 1806 540 1058
2491 2 2 1 41 1806 1058 1924
2492 2 2 1 41 1806 1924 1695
2493 2 2 1 41 976 1693 1805
2494 2 2 1 41 1056 541 1805
2495 2 2 1 41 1918 1056 1805
2496 2 2 1 41 1693 1918 1805
2497 2 2 1 41 2190 1204 524
2498 2 2 1 41 937 1204 2190
2499 2 2 1 41 566 1010 2037
2500 2 2 1 41 2037 1680 566
2501 2 2 1 41 2037 1997 1680
2502 2 2 1 41 851 930 2173
2503 2 2 1 41 2173 1574 851
2504 2 2 1 41 1574 2173 1757
2505 2 2 1 41 871 1904 1945
2506 2 2 1 41 1945 1904 1154
2507 2 2 1 41 1904 1971 1154
2508 2 2 1 41 514 733 1811
2509 2 2 1 41 514 1811 1819
2510 2 2 1 41 1013 1819 1811
2511 2 2 1 41 668 663 1987
2512 2 2 1 41 1987 1168 668
2513 2 2 1 41 1987 663 1140
2514 2 2 1 41 2027 1064 567
2515 2 2 1 41 567 1795 2027
2516 2 2 1 41 2185 529 1101
2517 2 2 1 41 1101 1155 2185
2518 2 2 1 41 2067 2185 1155
2519 2 2 1 41 639 1709 2187
2520 2 2 1 41 2187 1709 884
2521 2 2 1 41 568 1301 2092
2522 2 2 1 41 2092 1568 568
2523 2 2 1 41 2092 846 1909
2524 2 2 1 41 2092 1909 1568
2525 2 2 1 41 2040 714 978
2526 2 2 1 41 1094 714 2040
2527 2 2 1 41 313 1651 312
2528 2 2 1 41 312 1651 1008
2529 2 2 1 41 311 312 1008
2530 2 2 1 41 979 713 2041
2531 2 2 1 41 2041 713 1095
2532 2 2 1 41 2175 1092 671
2533 2 2 1 41 2188 1474 504
2534 2 2 1 41 1855 1009 904
2535 2 2 1 41 2034 2127 337
2536 2 2 1 41 433 2128 2035
2537 2 2 1 41 1718 823 2125
2538 2 2 1 41 853 1647 2125
2539 2 2 1 41 2125 879 853
2540 2 2 1 41 1647 1718 2125
2541 2 2 1 41 934 987 2124
2542 2 2 1 41 1264 934 2124
2543 2 2 1 41 1199 2132 680
2544 2 2 1 41 679 2133 1203
2545 2 2 1 41 1794 1715 609
2546 2 2 1 41 894 869 1715
2547 2 2 1 41 894 1715 1862
2548 2 2 1 41 1794 1862 1715
2549 2 2 1 41 1960 1118 579
2550 2 2 1 41 579 1121 1960
2551 2 2 1 41 1960 2164 1118
2552 2 2 1 41 1969 1844 585
2553 2 2 1 41 1998 952 2115
2554 2 2 1 41 1998 1960 1121
2555 2 2 1 41 1121 584 1998
2556 2 2 1 41 1998 2115 1960
2557 2 2 1 41 1188 1278 1947
2558 2 2 1 41 275 1665 274
2559 2 2 1 41 939 1665 275
2560 2 2 1 41 2047 1046 1004
2561 2 2 1 41 2047 1004 2197
2562 2 2 1 41 2171 1902 2173
2563 2 2 1 41 322 1829 321
2564 2 2 1 41 2111 1482 885
2565 2 2 1 41 516 1113 1324
2566 2 2 1 41 616 626 1113
2567 2 2 1 41 1324 1113 626
2568 2 2 1 41 971 509 2000
2569 2 2 1 41 1825 963 712
2570 2 2 1 41 1825 712 1469
2571 2 2 1 41 1825 1461 815
2572 2 2 1 41 1461 1825 1469
2573 2 2 1 41 1258 1081 1317
2574 2 2 1 41 814 803 1789
2575 2 2 1 41 665 390 391
2576 2 2 1 41 2012 1000 1049
2577 2 2 1 41 1000 2012 2088
2578 2 2 1 41 2012 1049 1134
2579 2 2 1 41 511 1044 1910
2580 2 2 1 41 1042 964 1996
2581 2 2 1 41 1188 1996 1278
2582 2 2 1 41 2178 509 971
2583 2 2 1 41 971 1124 2178
2584 2 2 1 41 2052 660 1066
2585 2 2 1 41 583 776 1827
2586 2 2 1 41 2019 797 1670
2587 2 2 1 41 2019 1670 1540
2588 2 2 1 41 1302 632 1309
2589 2 2 1 41 632 1302 1196
2590 2 2 1 41 1302 1068 1196
2591 2 2 1 41 1057 1 2179
2592 2 2 1 41 2184 1057 2179
2593 2 2 1 41 2066 2184 2179
2594 2 2 1 41 1008 1651 2051
2595 2 2 1 41 1109 625 2051
2596 2 2 1 41 1957 1109 2051
2597 2 2 1 41 1957 2051 1651
2598 2 2 1 41 1230 733 1146
2599 2 2 1 41 733 1205 1146
2600 2 2 1 41 1230 1253 733
2601 2 2 1 41 2188 504 2006
2602 2 2 1 41 1184 1679 2006
2603 2 2 1 41 2006 960 1184
2604 2 2 1 41 1679 2188 2006
2605 2 2 1 41 2193 1689 988
2606 2 2 1 41 2030 429 428
2607 2 2 1 41 978 429 2030
2608 2 2 1 41 342 341 2029
2609 2 2 1 41 2029 341 979
2610 2 2 1 41 1629 1883 585
2611 2 2 1 41 588 1883 1588
2612 2 2 1 41 1883 1629 1588
2613 2 2 1 41 2042 603 1011
2614 2 2 1 41 1011 1622 2042
2615 2 2 1 41 1675 972 607
2616 2 2 1 41 607 884 1675
2617 2 2 1 41 972 1675 2199
2618 2 2 1 41 1185 544 1219
2619 2 2 1 41 1219 544 1341
2620 2 2 1 41 1341 553 1219
2621 2 2 1 41 701 1252 1296
2622 2 2 1 41 1297 1251 702
2623 2 2 1 41 1929 1803 813
2624 2 2 1 41 618 1864 1898
2625 2 2 1 41 2061 903 1898
2626 2 2 1 41 1864 2061 1898
2627 2 2 1 41 1996 664 1278
2628 2 2 1 41 77 692 1895
2629 2 2 1 41 1026 975 1895
2630 2 2 1 41 1895 692 1026
2631 2 2 1 41 1212 1061 2039
2632 2 2 1 41 840 1676 1706
2633 2 2 1 41 1706 1676 912
2634 2 2 1 41 912 611 1706
2635 2 2 1 41 2016 2018 929
2636 2 2 1 41 929 2018 2150
2637 2 2 1 41 2018 921 980
2638 2 2 1 41 921 2018 2016
2639 2 2 1 41 2202 1814 509
2640 2 2 1 41 909 1922 2203
2641 2 2 1 41 967 1006 2203
2642 2 2 1 41 2182 967 2203
2643 2 2 1 41 2182 2203 1922
2644 2 2 1 41 2204 1921 908
2645 2 2 1 41 2204 1007 968
2646 2 2 1 41 2204 968 2183
2647 2 2 1 41 1921 2204 2183
2648 2 2 1 41 593 780 1777
2649 2 2 1 41 593 1777 1754
2650 2 2 1 41 1939 1777 970
2651 2 2 1 41 1777 1939 1754
2652 2 2 1 41 581 1724 1979
2653 2 2 1 41 1564 1724 832
2654 2 2 1 41 832 1724 2189
2655 2 2 1 41 1564 1979 1724
2656 2 2 1 41 1301 1667 900
2657 2 2 1 41 1904 1125 1667
2658 2 2 1 41 1971 1667 1301
2659 2 2 1 41 1904 1667 1971
2660 2 2 1 41 928 2014 2011
2661 2 2 1 41 2137 2014 928
2662 2 2 1 41 977 923 2014
2663 2 2 1 41 2011 2014 923
2664 2 2 1 41 1846 1801 951
2665 2 2 1 41 1082 505 1801
2666 2 2 1 41 1082 1801 2181
2667 2 2 1 41 1846 2181 1801
2668 2 2 1 41 1258 1317 530
2669 2 2 1 41 1995 1712 951
2670 2 2 1 41 1995 2071 1712
2671 2 2 1 41 2160 501 1091
2672 2 2 1 41 2084 2160 1091
2673 2 2 1 41 2160 2084 1997
2674 2 2 1 41 1249 1067 1320
2675 2 2 1 41 2077 1035 505
2676 2 2 1 41 2032 2077 505
2677 2 2 1 41 2077 2032 851
2678 2 2 1 41 1240 515 1231
2679 2 2 1 41 515 1240 1107
2680 2 2 1 41 1240 999 1107
2681 2 2 1 41 1144 1240 1231
2682 2 2 1 41 780 593 1701
2683 2 2 1 41 1548 780 1701
2684 2 2 1 41 1925 829 861
2685 2 2 1 41 861 1477 1925
2686 2 2 1 41 1925 1477 904
2687 2 2 1 41 2190 524 1198
2688 2 2 1 41 972 2190 1198
2689 2 2 1 41 730 763 555
2690 2 2 1 41 1269 730 555
2691 2 2 1 41 554 764 729
2692 2 2 1 41 554 729 1270
2693 2 2 1 41 1029 1145 2068
2694 2 2 1 41 1177 2177 2174
2695 2 2 1 41 2008 1864 1213
2696 2 2 1 41 2144 2008 1213
2697 2 2 1 41 930 2032 1836
2698 2 2 1 41 930 1836 2171
2699 2 2 1 41 1596 316 1024
2700 2 2 1 41 1889 1596 1024
2701 2 2 1 41 1829 322 1286
2702 2 2 1 41 2012 1829 1286
2703 2 2 1 41 2206 363 362
2704 2 2 1 41 408 407 2207
2705 2 2 1 41 2225 792 1431
2706 2 2 1 41 1430 791 2226
2707 2 2 1 41 1908 787 2231
2708 2 2 1 41 792 2225 2238
2709 2 2 1 41 2238 2225 1634
2710 2 2 1 41 1632 2226 2239
2711 2 2 1 41 2239 2226 791
2712 2 2 1 41 1355 2212 2242
2713 2 2 1 41 2243 2219 1361
2714 2 2 1 41 2245 2213 1352
2715 2 2 1 41 1355 2242 2246
2716 2 2 1 41 2247 106 1841
2717 2 2 1 41 571 2240 2248
2718 2 2 1 41 2250 2249 766
2719 2 2 1 41 1343 2217 2252
2720 2 2 1 41 1369 2223 2256
2721 2 2 1 41 1370 2249 2257
2722 2 2 1 41 2261 2245 1352
2723 2 2 1 41 2262 2240 1346
2724 2 2 1 41 2263 2215 1357
2725 2 2 1 41 2263 2262 1346
2726 2 2 1 41 1349 2231 2264
2727 2 2 1 41 2264 2231 787
2728 2 2 1 41 2269 2226 1632
2729 2 2 1 41 1634 2225 2270
2730 2 2 1 41 2272 2224 790
2731 2 2 1 41 2273 2237 572
2732 2 2 1 41 138 2 2275
2733 2 2 1 41 1356 2232 2277
2734 2 2 1 41 812 2274 2279
2735 2 2 1 41 1388 2278 2279
2736 2 2 1 41 2280 2228 1354
2737 2 2 1 41 2280 2244 1418
2738 2 2 1 41 790 2271 2283
2739 2 2 1 41 812 2267 2285
2740 2 2 1 41 2288 2282 1391
2741 2 2 1 41 2290 2276 1358
2742 2 2 1 41 1358 2254 2290
2743 2 2 1 41 1360 1399 2292
2744 2 2 1 41 2293 2267 812
2745 2 2 1 41 572 2245 2295
2746 2 2 1 41 2296 2286 1359
2747 2 2 1 41 790 2224 2297
2748 2 2 1 41 1347 2282 2298
2749 2 2 1 41 2299 2297 1390
2750 2 2 1 41 2300 2216 773
2751 2 2 1 41 773 2276 2300
2752 2 2 1 41 1379 2271 2301
2753 2 2 1 41 1452 2278 2301
2754 2 2 1 41 2305 2267 1375
2755 2 2 1 41 2305 2282 1347
2756 2 2 1 41 1348 2222 2309
2757 2 2 1 41 1414 2268 2309
2758 2 2 1 41 1504 2307 2310
2759 2 2 1 41 2310 807 1504
2760 2 2 1 41 1357 2243 2311
2761 2 2 1 41 1375 2307 2312
2762 2 2 1 41 2317 2218 1344
2763 2 2 1 41 2317 2257 1346
2764 2 2 1 41 1348 2224 2318
2765 2 2 1 41 1364 2315 2318
2766 2 2 1 41 1359 1403 2319
2767 2 2 1 41 2321 2241 1358
2768 2 2 1 41 1502 2302 2322
2769 2 2 1 41 2323 2312 498
2770 2 2 1 41 2323 2322 1391
2771 2 2 1 41 2324 2242 571
2772 2 2 1 41 2325 2311 777
2773 2 2 1 41 2325 2316 1365
2774 2 2 1 41 620 2314 2326
2775 2 2 1 41 1541 774 2327
2776 2 2 1 41 2331 2243 1361
2777 2 2 1 41 1379 2314 2332
2778 2 2 1 41 1395 2293 2333
2779 2 2 1 41 1452 2299 2333
2780 2 2 1 41 773 1699 2334
2781 2 2 1 41 2336 775 1544
2782 2 2 1 41 1364 2272 2337
2783 2 2 1 41 2338 2332 1402
2784 2 2 1 41 2338 2335 1371
2785 2 2 1 41 1365 2262 2339
2786 2 2 1 41 1357 2311 2339
2787 2 2 1 41 810 2288 2340
2788 2 2 1 41 771 1495 2341
2789 2 2 1 41 1496 768 2342
2790 2 2 1 41 2343 2292 1399
2791 2 2 1 41 816 2292 2343
2792 2 2 1 41 1381 2321 2345
2793 2 2 1 41 1358 2276 2346
2794 2 2 1 41 2346 2321 1358
2795 2 2 1 41 768 2259 2347
2796 2 2 1 41 2347 2342 768
2797 2 2 1 41 1474 2329 2348
2798 2 2 1 41 2348 504 1474
2799 2 2 1 41 2349 2281 1435
2800 2 2 1 41 2350 270 1823
2801 2 2 1 41 1380 1384 2351
2802 2 2 1 41 2352 2343 1399
2803 2 2 1 41 1399 2349 2352
2804 2 2 1 41 1349 2264 2354
2805 2 2 1 41 2355 2266 770
2806 2 2 1 41 1376 2289 2356
2807 2 2 1 41 2357 885 1482
2808 2 2 1 41 2359 2326 1388
2809 2 2 1 41 2360 2225 1431
2810 2 2 1 41 2361 2278 1452
2811 2 2 1 41 2361 2293 812
2812 2 2 1 41 1435 2281 2362
2813 2 2 1 41 262 263 2363
2814 2 2 1 41 1365 2316 2364
2815 2 2 1 41 599 1822 2365
2816 2 2 1 41 2365 1822 1385
2817 2 2 1 41 1367 2233 2366
2818 2 2 1 41 2366 1616 1367
2819 2 2 1 41 2367 2234 1368
2820 2 2 1 41 1368 1617 2367
2821 2 2 1 41 2368 2246 1418
2822 2 2 1 41 2368 2320 1362
2823 2 2 1 41 2369 2315 1438
2824 2 2 1 41 1438 2221 2369
2825 2 2 1 41 2370 134 135
2826 2 2 1 41 801 1503 2371
2827 2 2 1 41 1355 2246 2372
2828 2 2 1 41 1362 2259 2372
2829 2 2 1 41 2373 2285 1347
2830 2 2 1 41 774 2306 2374
2831 2 2 1 41 1369 2327 2374
2832 2 2 1 41 2374 2327 774
2833 2 2 1 41 2376 2271 790
2834 2 2 1 41 790 2297 2376
2835 2 2 1 41 2377 1543 1398
2836 2 2 1 41 802 1543 2377
2837 2 2 1 41 2378 2351 1384
2838 2 2 1 41 1496 2351 2378
2839 2 2 1 41 2379 2371 1503
2840 2 2 1 41 1385 2371 2379
2841 2 2 1 41 1400 1389 2381
2842 2 2 1 41 2381 2340 1400
2843 2 2 1 41 2382 2298 810
2844 2 2 1 41 2383 1851 1378
2845 2 2 1 41 2384 2264 787
2846 2 2 1 41 1387 1378 2385
2847 2 2 1 41 2385 1378 1851
2848 2 2 1 41 2386 2261 1352
2849 2 2 1 41 2386 2266 1363
2850 2 2 1 41 1359 2286 2387
2851 2 2 1 41 1438 2315 2388
2852 2 2 1 41 1350 2227 2389
2853 2 2 1 41 1400 2302 2392
2854 2 2 1 41 1803 1929 2393
2855 2 2 1 41 971 2000 2393
2856 2 2 1 41 262 2363 2394
2857 2 2 1 41 1362 2320 2395
2858 2 2 1 41 2397 2308 775
2859 2 2 1 41 2397 2336 1370
2860 2 2 1 41 775 2336 2397
2861 2 2 1 41 1407 2247 2398
2862 2 2 1 41 2398 2341 1407
2863 2 2 1 41 1360 2292 2400
2864 2 2 1 41 1411 2359 2400
2865 2 2 1 41 2402 2286 1462
2866 2 2 1 41 2403 2224 1348
2867 2 2 1 41 2403 2268 1390
2868 2 2 1 41 2406 2310 1395
2869 2 2 1 41 807 2310 2406
2870 2 2 1 41 2407 2247 1841
2871 2 2 1 41 867 1601 2408
2872 2 2 1 41 770 2266 2410
2873 2 2 1 41 1352 2287 2410
2874 2 2 1 41 2411 1467 1425
2875 2 2 1 41 802 2377 2412
2876 2 2 1 41 2413 2291 1504
2877 2 2 1 41 2414 2274 812
2878 2 2 1 41 812 2285 2414
2879 2 2 1 41 2416 2259 768
2880 2 2 1 41 2416 2294 1355
2881 2 2 1 41 2418 2292 816
2882 2 2 1 41 2420 2331 1361
2883 2 2 1 41 1390 2268 2423
2884 2 2 1 41 807 2406 2423
2885 2 2 1 41 1688 101 2424
2886 2 2 1 41 2103 2059 2424
2887 2 2 1 41 2424 2059 1688
2888 2 2 1 41 2425 1699 773
2889 2 2 1 41 2425 2216 1373
2890 2 2 1 41 773 2216 2425
2891 2 2 1 41 2426 2278 1388
2892 2 2 1 41 2426 2314 1379
2893 2 2 1 41 2427 1404 796
2894 2 2 1 41 796 2281 2427
2895 2 2 1 41 2428 2357 1482
2896 2 2 1 41 390 665 2429
2897 2 2 1 41 637 1041 2429
2898 2 2 1 41 2429 665 637
2899 2 2 1 41 2430 131 1831
2900 2 2 1 41 499 1593 2432
2901 2 2 1 41 2432 1593 1366
2902 2 2 1 41 2433 2299 1390
2903 2 2 1 41 2433 2406 1395
2904 2 2 1 41 2434 2272 790
2905 2 2 1 41 790 2283 2434
2906 2 2 1 41 1743 849 2435
2907 2 2 1 41 2435 849 2010
2908 2 2 1 41 2437 2363 1462
2909 2 2 1 41 1462 2286 2437
2910 2 2 1 41 1371 2335 2438
2911 2 2 1 41 2439 2314 620
2912 2 2 1 41 620 2326 2440
2913 2 2 1 41 2440 2409 620
2914 2 2 1 41 2441 1766 1537
2915 2 2 1 41 2441 2329 1474
2916 2 2 1 41 2442 360 359
2917 2 2 1 41 2442 2269 1632
2918 2 2 1 41 359 2269 2442
2919 2 2 1 41 2444 2223 1369
2920 2 2 1 41 2444 2306 1343
2921 2 2 1 41 411 410 2445
2922 2 2 1 41 1634 2270 2445
2923 2 2 1 41 2445 2270 411
2924 2 2 1 41 111 112 2446
2925 2 2 1 41 2446 112 1592
2926 2 2 1 41 1370 2257 2447
2927 2 2 1 41 1344 2308 2447
2928 2 2 1 41 1517 2287 2448
2929 2 2 1 41 805 1639 2450
2930 2 2 1 41 1381 2345 2450
2931 2 2 1 41 2450 1639 1381
2932 2 2 1 41 2451 601 1565
2933 2 2 1 41 2451 2349 1435
2934 2 2 1 41 1439 1553 2452
2935 2 2 1 41 1347 2298 2453
2936 2 2 1 41 801 2405 2454
2937 2 2 1 41 1890 292 2455
2938 2 2 1 41 2455 1951 1890
2939 2 2 1 41 1391 2282 2456
2940 2 2 1 41 1375 2312 2456
2941 2 2 1 41 1386 1423 2457
2942 2 2 1 41 2458 410 409
2943 2 2 1 41 2459 1394 817
2944 2 2 1 41 1418 2244 2460
2945 2 2 1 41 361 360 2461
2946 2 2 1 41 1414 2261 2462
2947 2 2 1 41 2464 2294 1528
2948 2 2 1 41 818 1393 2465
2949 2 2 1 41 935 2068 2466
2950 2 2 1 41 2466 2068 1174
2951 2 2 1 41 2467 1663 596
2952 2 2 1 41 1505 1663 2467
2953 2 2 1 41 2469 1446 1591
2954 2 2 1 41 1375 2267 2470
2955 2 2 1 41 2470 2307 1375
2956 2 2 1 41 2472 2283 1371
2957 2 2 1 41 1371 2438 2472
2958 2 2 1 41 2473 1717 774
2959 2 2 1 41 2474 2274 1360
2960 2 2 1 41 2474 2359 1388
2961 2 2 1 41 809 1567 2476
2962 2 2 1 41 1427 1576 2476
2963 2 2 1 41 2476 1567 1427
2964 2 2 1 41 2477 806 1432
2965 2 2 1 41 1471 806 2477
2966 2 2 1 41 775 1725 2478
2967 2 2 1 41 2479 1630 624
2968 2 2 1 41 1412 2415 2480
2969 2 2 1 41 2480 2345 1412
2970 2 2 1 41 1379 2332 2481
2971 2 2 1 41 2481 2271 1379
2972 2 2 1 41 1453 2375 2482
2973 2 2 1 41 2483 344 343
2974 2 2 1 41 2483 710 1926
2975 2 2 1 41 343 710 2483
2976 2 2 1 41 427 426 2484
2977 2 2 1 41 1927 711 2484
2978 2 2 1 41 2484 711 427
2979 2 2 1 41 2486 1163 583
2980 2 2 1 41 1844 1163 2486
2981 2 2 1 41 777 2331 2487
2982 2 2 1 41 810 2340 2488
2983 2 2 1 41 2488 2344 810
2984 2 2 1 41 2489 1577 1501
2985 2 2 1 41 2490 843 1888
2986 2 2 1 41 2491 373 372
2987 2 2 1 41 2491 1264 2124
2988 2 2 1 41 372 1264 2491
2989 2 2 1 41 1823 886 2493
2990 2 2 1 41 2493 886 2004
2991 2 2 1 41 2493 2350 1823
2992 2 2 1 41 1541 2327 2494
2993 2 2 1 41 2495 2336 1544
2994 2 2 1 41 2496 2289 778
2995 2 2 1 41 2497 2288 1391
2996 2 2 1 41 2497 2302 1400
2997 2 2 1 41 1014 305 2498
2998 2 2 1 41 2499 2327 1369
2999 2 2 1 41 671 1093 2500
3000 2 2 1 41 2500 1093 935
3001 2 2 1 41 2500 2175 671
3002 2 2 1 41 2501 875 1786
3003 2 2 1 41 2504 2259 1362
3004 2 2 1 41 2505 530 1268
3005 2 2 1 41 1268 1298 2505
3006 2 2 1 41 2506 1447 1439
3007 2 2 1 41 1464 1447 2506
3008 2 2 1 41 1439 2452 2506
3009 2 2 1 41 2508 1228 1256
3010 2 2 1 41 1255 1229 2509
3011 2 2 1 41 2510 2396 1413
3012 2 2 1 41 741 1228 2511
3013 2 2 1 41 2512 1229 742
3014 2 2 1 41 2513 88 89
3015 2 2 1 41 1601 88 2513
3016 2 2 1 41 89 1730 2513
3017 2 2 1 41 802 2412 2514
3018 2 2 1 41 2514 2452 802
3019 2 2 1 41 1671 116 2516
3020 2 2 1 41 2516 2063 1671
3021 2 2 1 41 1506 1019 2517
3022 2 2 1 41 2517 1019 1814
3023 2 2 1 41 2518 2124 987
3024 2 2 1 41 500 1769 2519
3025 2 2 1 41 1370 2336 2522
3026 2 2 1 41 2523 1576 1472
3027 2 2 1 41 1472 1637 2523
3028 2 2 1 41 789 1576 2523
3029 2 2 1 41 600 2002 2524
3030 2 2 1 41 2525 294 1587
3031 2 2 1 41 1587 1780 2525
3032 2 2 1 41 2526 1403 1397
3033 2 2 1 41 1885 1403 2526
3034 2 2 1 41 1471 2477 2527
3035 2 2 1 41 816 2343 2528
3036 2 2 1 41 2528 2375 816
3037 2 2 1 41 824 1421 2530
3038 2 2 1 41 2530 1421 1405
3039 2 2 1 41 2531 2381 1389
3040 2 2 1 41 2536 823 847
3041 2 2 1 41 1526 823 2536
3042 2 2 1 41 2537 1440 1516
3043 2 2 1 41 1516 595 2537
3044 2 2 1 41 2538 125 126
3045 2 2 1 41 1350 2231 2539
3046 2 2 1 41 2539 2231 1349
3047 2 2 1 41 2541 949 1001
3048 2 2 1 41 2052 949 2541
3049 2 2 1 41 1001 2064 2541
3050 2 2 1 41 596 1618 2542
3051 2 2 1 41 788 1756 2544
3052 2 2 1 41 2544 1756 1475
3053 2 2 1 41 1363 2266 2545
3054 2 2 1 41 1353 2291 2545
3055 2 2 1 41 2546 1421 1436
3056 2 2 1 41 2547 2405 1396
3057 2 2 1 41 2004 864 2548
3058 2 2 1 41 1700 2350 2548
3059 2 2 1 41 2549 842 1789
3060 2 2 1 41 2549 1729 1791
3061 2 2 1 41 1791 842 2549
3062 2 2 1 41 1789 1729 2549
3063 2 2 1 41 2550 796 1409
3064 2 2 1 41 2550 2532 1509
3065 2 2 1 41 1360 2274 2551
3066 2 2 1 41 318 1097 2553
3067 2 2 1 41 2553 1097 2013
3068 2 2 1 41 2553 317 318
3069 2 2 1 41 2554 2519 1492
3070 2 2 1 41 500 2519 2554
3071 2 2 1 41 1481 1663 2555
3072 2 2 1 41 2555 1515 1481
3073 2 2 1 41 2555 1663 795
3074 2 2 1 41 2556 2281 796
3075 2 2 1 41 2556 2550 1509
3076 2 2 1 41 796 2550 2556
3077 2 2 1 41 133 134 2557
3078 2 2 1 41 1366 860 2558
3079 2 2 1 41 2558 860 1445
3080 2 2 1 41 2559 2554 1491
3081 2 2 1 41 500 2554 2559
3082 2 2 1 41 2563 911 1658
3083 2 2 1 41 98 99 2564
3084 2 2 1 41 1760 1612 2564
3085 2 2 1 41 2564 99 1760
3086 2 2 1 41 2564 1612 98
3087 2 2 1 41 2565 1788 800
3088 2 2 1 41 1557 1788 2565
3089 2 2 1 41 2566 2477 1432
3090 2 2 1 41 1527 602 2567
3091 2 2 1 41 2567 602 1678
3092 2 2 1 41 2568 1716 1701
3093 2 2 1 41 1701 593 2568
3094 2 2 1 41 1676 1716 2568
3095 2 2 1 41 1482 2563 2570
3096 2 2 1 41 1417 1775 2571
3097 2 2 1 41 2571 1775 804
3098 2 2 1 41 2572 1495 799
3099 2 2 1 41 901 2052 2573
3100 2 2 1 41 2575 1808 1599
3101 2 2 1 41 2028 1808 2575
3102 2 2 1 41 2577 1807 2026
3103 2 2 1 41 2578 126 127
3104 2 2 1 41 2580 2415 1412
3105 2 2 1 41 2584 600 1610
3106 2 2 1 41 2584 2547 1396
3107 2 2 1 41 1401 1512 2587
3108 2 2 1 41 2004 1459 2588
3109 2 2 1 41 2588 864 2004
3110 2 2 1 41 2588 1459 1591
3111 2 2 1 41 1476 782 2589
3112 2 2 1 41 2589 782 1717
3113 2 2 1 41 2590 2268 1414
3114 2 2 1 41 2591 1659 600
3115 2 2 1 41 2591 2584 1396
3116 2 2 1 41 1396 1659 2591
3117 2 2 1 41 600 2584 2591
3118 2 2 1 41 2592 1443 811
3119 2 2 1 41 1372 1443 2592
3120 2 2 1 41 2595 845 1483
3121 2 2 1 41 2597 864 1511
3122 2 2 1 41 16 387 2598
3123 2 2 1 41 2599 1711 717
3124 2 2 1 41 1018 664 2600
3125 2 2 1 41 1996 964 2600
3126 2 2 1 41 2600 664 1996
3127 2 2 1 41 2600 964 1018
3128 2 2 1 41 1432 2396 2601
3129 2 2 1 41 2602 2302 1502
3130 2 2 1 41 2604 858 1506
3131 2 2 1 41 1910 858 2604
3132 2 2 1 41 2606 783 1479
3133 2 2 1 41 1725 783 2606
3134 2 2 1 41 2607 1428 1443
3135 2 2 1 41 1747 1030 2608
3136 2 2 1 41 2608 1787 1747
3137 2 2 1 41 1501 863 2609
3138 2 2 1 41 2610 856 1493
3139 2 2 1 41 1541 856 2610
3140 2 2 1 41 1519 1582 2612
3141 2 2 1 41 2612 1582 1598
3142 2 2 1 41 2613 804 1491
3143 2 2 1 41 2614 287 288
3144 2 2 1 41 1598 287 2614
3145 2 2 1 41 2615 513 999
3146 2 2 1 41 2615 1963 1910
3147 2 2 1 41 999 1963 2615
3148 2 2 1 41 2617 2287 1517
3149 2 2 1 41 872 1523 2619
3150 2 2 1 41 2620 872 870
3151 2 2 1 41 1711 872 2620
3152 2 2 1 41 1720 585 2622
3153 2 2 1 41 2622 585 1844
3154 2 2 1 41 2622 1114 1720
3155 2 2 1 41 1509 806 2623
3156 2 2 1 41 2623 806 1610
3157 2 2 1 41 2623 2362 1509
3158 2 2 1 41 279 280 2625
3159 2 2 1 41 2625 280 1750
3160 2 2 1 41 2625 2390 279
3161 2 2 1 41 1497 857 2626
3162 2 2 1 41 2626 857 1544
3163 2 2 1 41 1545 1492 2627
3164 2 2 1 41 2627 815 1545
3165 2 2 1 41 33 34 2628
3166 2 2 1 41 1252 2133 2628
3167 2 2 1 41 2628 2133 33
3168 2 2 1 41 2629 50 49
3169 2 2 1 41 2629 2132 1251
3170 2 2 1 41 49 2132 2629
3171 2 2 1 41 2630 833 1466
3172 2 2 1 41 1466 1417 2630
3173 2 2 1 41 914 759 2633
3174 2 2 1 41 1494 854 2634
3175 2 2 1 41 2634 854 1630
3176 2 2 1 41 1460 1654 2635
3177 2 2 1 41 771 2341 2635
3178 2 2 1 41 1526 2536 2636
3179 2 2 1 41 2639 1456 1494
3180 2 2 1 41 2640 1405 875
3181 2 2 1 41 2640 1374 1425
3182 2 2 1 41 2643 2396 1432
3183 2 2 1 41 1448 2431 2644
3184 2 2 1 41 2644 2431 826
3185 2 2 1 41 2646 1560 1464
3186 2 2 1 41 2647 2377 1398
3187 2 2 1 41 1972 277 2648
3188 2 2 1 41 2650 2619 1523
3189 2 2 1 41 1648 1513 2652
3190 2 2 1 41 2652 1553 1648
3191 2 2 1 41 2654 296 297
3192 2 2 1 41 2654 1729 803
3193 2 2 1 41 297 1729 2654
3194 2 2 1 41 1137 1042 2655
3195 2 2 1 41 1996 1188 2655
3196 2 2 1 41 2655 1042 1996
3197 2 2 1 41 2655 1188 1137
3198 2 2 1 41 2656 644 1929
3199 2 2 1 41 2657 107 108
3200 2 2 1 41 1841 107 2657
3201 2 2 1 41 1673 504 2659
3202 2 2 1 41 2661 1019 1606
3203 2 2 1 41 2661 509 1814
3204 2 2 1 41 1814 1019 2661
3205 2 2 1 41 1488 814 2663
3206 2 2 1 41 2663 814 1789
3207 2 2 1 41 2663 1457 1488
3208 2 2 1 41 1788 834 2664
3209 2 2 1 41 1454 1624 2665
3210 2 2 1 41 1502 2322 2667
3211 2 2 1 41 1528 2294 2668
3212 2 2 1 41 1047 695 2669
3213 2 2 1 41 1093 1025 2669
3214 2 2 1 41 2669 695 1093
3215 2 2 1 41 2669 1025 1047
3216 2 2 1 41 2670 1626 1455
3217 2 2 1 41 2671 1515 781
3218 2 2 1 41 1537 1515 2671
3219 2 2 1 41 781 2329 2671
3220 2 2 1 41 1413 2396 2672
3221 2 2 1 41 2673 2304 1174
3222 2 2 1 41 1636 1650 2674
3223 2 2 1 41 2675 1649 1638
3224 2 2 1 41 2676 2536 847
3225 2 2 1 41 815 1696 2677
3226 2 2 1 41 2677 1696 1416
3227 2 2 1 41 592 1675 2679
3228 2 2 1 41 1514 1681 2679
3229 2 2 1 41 2679 1675 1514
3230 2 2 1 41 2679 1681 592
3231 2 2 1 41 2680 1845 771
3232 2 2 1 41 2681 1628 1441
3233 2 2 1 41 1473 1628 2681
3234 2 2 1 41 2682 574 1090
3235 2 2 1 41 2682 1039 1319
3236 2 2 1 41 1319 574 2682
3237 2 2 1 41 1090 1039 2682
3238 2 2 1 41 2684 806 1471
3239 2 2 1 41 1610 806 2684
3240 2 2 1 41 1471 2547 2684
3241 2 2 1 41 2685 865 1703
3242 2 2 1 41 1888 865 2685
3243 2 2 1 41 2686 100 1688
3244 2 2 1 41 2686 2189 1760
3245 2 2 1 41 1688 2189 2686
3246 2 2 1 41 2687 503 1448
3247 2 2 1 41 1448 2644 2687
3248 2 2 1 41 563 1766 2688
3249 2 2 1 41 2688 2145 563
3250 2 2 1 41 2689 2644 826
3251 2 2 1 41 880 1567 2690
3252 2 2 1 41 2690 1567 1461
3253 2 2 1 41 124 125 2692
3254 2 2 1 41 601 1527 2695
3255 2 2 1 41 2695 1527 1487
3256 2 2 1 41 1923 940 2699
3257 2 2 1 41 2700 824 1467
3258 2 2 1 41 2700 1548 1701
3259 2 2 1 41 1701 824 2700
3260 2 2 1 41 1467 1548 2700
3261 2 2 1 41 2701 2334 1699
3262 2 2 1 41 1699 1505 2701
3263 2 2 1 41 2702 1521 1542
3264 2 2 1 41 2704 263 264
3265 2 2 1 41 2705 1790 1488
3266 2 2 1 41 1488 1457 2705
3267 2 2 1 41 573 1790 2705
3268 2 2 1 41 86 87 2706
3269 2 2 1 41 1689 2193 2706
3270 2 2 1 41 2706 87 1689
3271 2 2 1 41 2706 2193 86
3272 2 2 1 41 2708 2307 1504
3273 2 2 1 41 2710 1898 1195
3274 2 2 1 41 618 1898 2710
3275 2 2 1 41 2712 1560 838
3276 2 2 1 41 1464 1560 2712
3277 2 2 1 41 2713 963 1825
3278 2 2 1 41 2714 132 133
3279 2 2 1 41 1831 132 2714
3280 2 2 1 41 2715 615 1427
3281 2 2 1 41 2715 880 1793
3282 2 2 1 41 1793 615 2715
3283 2 2 1 41 1427 880 2715
3284 2 2 1 41 1458 833 2716
3285 2 2 1 41 2716 833 1545
3286 2 2 1 41 683 1430 2717
3287 2 2 1 41 2718 1431 684
3288 2 2 1 41 2719 1477 1745
3289 2 2 1 41 1745 826 2719
3290 2 2 1 41 1627 273 2721
3291 2 2 1 41 1665 2033 2721
3292 2 2 1 41 2721 2033 1627
3293 2 2 1 41 2722 505 1035
3294 2 2 1 41 1801 505 2722
3295 2 2 1 41 1035 1995 2722
3296 2 2 1 41 655 526 2723
3297 2 2 1 41 1137 1117 2723
3298 2 2 1 41 2723 526 1137
3299 2 2 1 41 2723 1117 655
3300 2 2 1 41 2725 879 1526
3301 2 2 1 41 1619 873 2586
3302 2 2 1 41 1619 2586 897
3303 2 2 1 41 1685 901 2573
3304 2 2 1 41 2699 940 2134
3305 2 2 1 41 943 2699 2134
3306 2 2 1 41 2692 125 2538
3307 2 2 1 41 2640 875 2501
3308 2 2 1 41 1374 2640 2501
3309 2 2 1 41 2659 504 2348
3310 2 2 1 41 2664 834 1446
3311 2 2 1 41 1397 2664 1446
3312 2 2 1 41 1885 784 2319
3313 2 2 1 41 1885 2319 1403
3314 2 2 1 41 1733 1321 2457
3315 2 2 1 41 1733 2457 1423
3316 2 2 1 41 2607 788 1656
3317 2 2 1 41 1428 2607 1656
3318 2 2 1 41 2538 126 2578
3319 2 2 1 41 2538 2578 1441
3320 2 2 1 41 575 573 2705
3321 2 2 1 41 575 2705 1457
3322 2 2 1 41 2719 826 2709
3323 2 2 1 41 2111 911 2563
3324 2 2 1 41 2111 2563 1482
3325 2 2 1 41 2613 1491 2554
3326 2 2 1 41 1492 2613 2554
3327 2 2 1 41 2572 1407 2341
3328 2 2 1 41 1495 2572 2341
3329 2 2 1 41 2717 1430 2358
3330 2 2 1 41 2360 1431 2718
3331 2 2 1 41 2562 782 1476
3332 2 2 1 41 1507 2562 1476
3333 2 2 1 41 1479 783 2587
3334 2 2 1 41 1479 2587 1512
3335 2 2 1 41 1543 802 2652
3336 2 2 1 41 1543 2652 1513
3337 2 2 1 41 2652 802 2452
3338 2 2 1 41 1553 2652 2452
3339 2 2 1 41 2571 804 2613
3340 2 2 1 41 2709 826 2431
3341 2 2 1 41 1862 843 2490
3342 2 2 1 41 1862 2490 1592
3343 2 2 1 41 1603 2638 1623
3344 2 2 1 41 1618 2697 2542
3345 2 2 1 41 1673 789 2523
3346 2 2 1 41 1673 2523 1637
3347 2 2 1 41 2521 596 2542
3348 2 2 1 41 2548 864 2597
3349 2 2 1 41 2548 2597 1700
3350 2 2 1 41 2599 1174 2304
3351 2 2 1 41 1711 2599 2304
3352 2 2 1 41 2609 863 2408
3353 2 2 1 41 1730 2609 2408
3354 2 2 1 41 2441 1474 2688
3355 2 2 1 41 2441 2688 1766
3356 2 2 1 41 1841 2603 2407
3357 2 2 1 41 2105 618 2710
3358 2 2 1 41 2648 277 278
3359 2 2 1 41 2518 650 1206
3360 2 2 1 41 2124 2518 1206
3361 2 2 1 41 2451 1435 2524
3362 2 2 1 41 951 1801 2722
3363 2 2 1 41 951 2722 1995
3364 2 2 1 41 2363 263 2704
3365 2 2 1 41 2363 2704 1462
3366 2 2 1 41 2721 273 274
3367 2 2 1 41 1665 2721 274
3368 2 2 1 41 2557 134 2370
3369 2 2 1 41 1547 2557 2370
3370 2 2 1 41 2408 1601 2513
3371 2 2 1 41 2408 2513 1730
3372 2 2 1 41 2516 1820 876
3373 2 2 1 41 2063 2516 876
3374 2 2 1 41 2498 305 306
3375 2 2 1 41 2455 292 293
3376 2 2 1 41 293 294 2525
3377 2 2 1 41 2525 1780 828
3378 2 2 1 41 2598 387 969
3379 2 2 1 41 1424 2598 969
3380 2 2 1 41 1064 503 2687
3381 2 2 1 41 1064 2687 1611
3382 2 2 1 41 834 864 2588
3383 2 2 1 41 834 2588 1591
3384 2 2 1 41 2511 1228 701
3385 2 2 1 41 2200 2511 701
3386 2 2 1 41 702 1229 2512
3387 2 2 1 41 702 2512 2198
3388 2 2 1 41 1024 317 2553
3389 2 2 1 41 1024 2553 2013
3390 2 2 1 41 717 1711 2620
3391 2 2 1 41 660 2052 2541
3392 2 2 1 41 660 2541 2064
3393 2 2 1 41 613 1787 2608
3394 2 2 1 41 613 2608 2171
3395 2 2 1 41 2608 1030 1902
3396 2 2 1 41 2171 2608 1902
3397 2 2 1 41 1206 373 2491
3398 2 2 1 41 1206 2491 2124
3399 2 2 1 41 952 1114 2622
3400 2 2 1 41 952 2622 1844
3401 2 2 1 41 2461 360 2442
3402 2 2 1 41 1632 2461 2442
3403 2 2 1 41 2445 410 2458
3404 2 2 1 41 2445 2458 1634
3405 2 2 1 41 877 1803 2393
3406 2 2 1 41 877 2393 2000
3407 2 2 1 41 842 1457 2663
3408 2 2 1 41 842 2663 1789
3409 2 2 1 41 2484 426 1882
3410 2 2 1 41 1927 2484 1882
3411 2 2 1 41 1881 344 2483
3412 2 2 1 41 1881 2483 1926
3413 2 2 1 41 2573 2052 1066
3414 2 2 1 41 1044 513 2615
3415 2 2 1 41 1044 2615 1910
3416 2 2 1 41 701 1228 2508
3417 2 2 1 41 701 2508 1252
3418 2 2 1 41 2509 1229 702
3419 2 2 1 41 1251 2509 702
3420 2 2 1 41 1297 50 2629
3421 2 2 1 41 1297 2629 1251
3422 2 2 1 41 2628 34 1296
3423 2 2 1 41 1252 2628 1296
3424 2 2 1 41 2000 509 2661
3425 2 2 1 41 2000 2661 1606
3426 2 2 1 41 2265 1383 2258
3427 2 2 1 41 2209 2265 2258
3428 2 2 1 41 2236 1357 2215
3429 2 2 1 41 2209 2236 2215
3430 2 2 1 41 2255 1382 2260
3431 2 2 1 41 2255 2260 2210
3432 2 2 1 41 2254 1358 2241
3433 2 2 1 41 2529 1344 2218
3434 2 2 1 41 2212 2529 2218
3435 2 2 1 41 2217 1343 2515
3436 2 2 1 41 2217 2515 2213
3437 2 2 1 41 2263 1346 2250
3438 2 2 1 41 2215 2263 2250
3439 2 2 1 41 2300 1356 2277
3440 2 2 1 41 2216 2300 2277
3441 2 2 1 41 2237 1345 2252
3442 2 2 1 41 2237 2252 2217
3443 2 2 1 41 2317 1346 2240
3444 2 2 1 41 2218 2317 2240
3445 2 2 1 41 2243 1357 2236
3446 2 2 1 41 2417 1354 2228
3447 2 2 1 41 2220 2417 2228
3448 2 2 1 41 2248 1365 2364
3449 2 2 1 41 2248 2364 2220
3450 2 2 1 41 2222 1348 2369
3451 2 2 1 41 2222 2369 2221
3452 2 2 1 41 2295 1414 2309
3453 2 2 1 41 2295 2309 2222
3454 2 2 1 41 2444 1343 2252
3455 2 2 1 41 2223 2444 2252
3456 2 2 1 41 2272 1364 2318
3457 2 2 1 41 2272 2318 2224
3458 2 2 1 41 2403 1390 2297
3459 2 2 1 41 2224 2403 2297
3460 2 2 1 41 2225 2360 2270
3461 2 2 1 41 2275 1351 2389
3462 2 2 1 41 2275 2389 2227
3463 2 2 1 41 2280 1418 2324
3464 2 2 1 41 2280 2324 2228
3465 2 2 1 41 2499 1369 2256
3466 2 2 1 41 2229 2499 2256
3467 2 2 1 41 2249 1370 2522
3468 2 2 1 41 2249 2522 2230
3469 2 2 1 41 2235 1345 2277
3470 2 2 1 41 2235 2277 2232
3471 2 2 1 41 2251 2366 2233
3472 2 2 1 41 2234 2367 2253
3473 2 2 1 41 2262 1365 2248
3474 2 2 1 41 2240 2262 2248
3475 2 2 1 41 2324 1418 2246
3476 2 2 1 41 2242 2324 2246
3477 2 2 1 41 2331 777 2311
3478 2 2 1 41 2243 2331 2311
3479 2 2 1 41 2280 1354 2419
3480 2 2 1 41 2280 2419 2244
3481 2 2 1 41 2328 1547 2370
3482 2 2 1 41 2261 1414 2295
3483 2 2 1 41 2261 2295 2245
3484 2 2 1 41 2368 1362 2372
3485 2 2 1 41 2368 2372 2246
3486 2 2 1 41 2407 1460 2398
3487 2 2 1 41 2247 2407 2398
3488 2 2 1 41 2250 1346 2257
3489 2 2 1 41 2250 2257 2249
3490 2 2 1 41 2303 1356 2290
3491 2 2 1 41 2254 2303 2290
3492 2 2 1 41 2317 1344 2447
3493 2 2 1 41 2317 2447 2257
3494 2 2 1 41 2259 2504 2347
3495 2 2 1 41 2416 1355 2372
3496 2 2 1 41 2259 2416 2372
3497 2 2 1 41 2386 1363 2462
3498 2 2 1 41 2386 2462 2261
3499 2 2 1 41 2263 1357 2339
3500 2 2 1 41 2263 2339 2262
3501 2 2 1 41 2384 1372 2354
3502 2 2 1 41 2264 2384 2354
3503 2 2 1 41 2386 1352 2410
3504 2 2 1 41 2386 2410 2266
3505 2 2 1 41 2355 1353 2545
3506 2 2 1 41 2355 2545 2266
3507 2 2 1 41 2305 1347 2285
3508 2 2 1 41 2267 2305 2285
3509 2 2 1 41 2293 1395 2470
3510 2 2 1 41 2293 2470 2267
3511 2 2 1 41 2296 1359 2520
3512 2 2 1 41 2449 1350 2389
3513 2 2 1 41 2590 807 2423
3514 2 2 1 41 2268 2590 2423
3515 2 2 1 41 2403 1348 2309
3516 2 2 1 41 2268 2403 2309
3517 2 2 1 41 2481 1371 2283
3518 2 2 1 41 2271 2481 2283
3519 2 2 1 41 2376 1452 2301
3520 2 2 1 41 2271 2376 2301
3521 2 2 1 41 2434 1422 2337
3522 2 2 1 41 2272 2434 2337
3523 2 2 1 41 2474 1388 2279
3524 2 2 1 41 2274 2474 2279
3525 2 2 1 41 2414 1404 2551
3526 2 2 1 41 2414 2551 2274
3527 2 2 1 41 2290 1356 2300
3528 2 2 1 41 2290 2300 2276
3529 2 2 1 41 2361 812 2279
3530 2 2 1 41 2278 2361 2279
3531 2 2 1 41 2426 1379 2301
3532 2 2 1 41 2278 2426 2301
3533 2 2 1 41 2667 498 2284
3534 2 2 1 41 2504 1362 2395
3535 2 2 1 41 2349 1399 2427
3536 2 2 1 41 2349 2427 2281
3537 2 2 1 41 2556 1509 2362
3538 2 2 1 41 2281 2556 2362
3539 2 2 1 41 2288 810 2298
3540 2 2 1 41 2288 2298 2282
3541 2 2 1 41 2305 1375 2456
3542 2 2 1 41 2305 2456 2282
3543 2 2 1 41 2472 1422 2434
3544 2 2 1 41 2283 2472 2434
3545 2 2 1 41 2502 1401 2658
3546 2 2 1 41 2373 1404 2414
3547 2 2 1 41 2373 2414 2285
3548 2 2 1 41 2402 800 2387
3549 2 2 1 41 2286 2402 2387
3550 2 2 1 41 2296 1351 2437
3551 2 2 1 41 2296 2437 2286
3552 2 2 1 41 2708 1504 2291
3553 2 2 1 41 2617 770 2410
3554 2 2 1 41 2287 2617 2410
3555 2 2 1 41 2497 1400 2340
3556 2 2 1 41 2288 2497 2340
3557 2 2 1 41 2496 1503 2356
3558 2 2 1 41 2289 2496 2356
3559 2 2 1 41 2413 1363 2545
3560 2 2 1 41 2413 2545 2291
3561 2 2 1 41 2418 1411 2400
3562 2 2 1 41 2292 2418 2400
3563 2 2 1 41 2361 1452 2333
3564 2 2 1 41 2293 2361 2333
3565 2 2 1 41 2416 768 2668
3566 2 2 1 41 2416 2668 2294
3567 2 2 1 41 2299 1452 2376
3568 2 2 1 41 2299 2376 2297
3569 2 2 1 41 2382 1409 2453
3570 2 2 1 41 2382 2453 2298
3571 2 2 1 41 2433 1395 2333
3572 2 2 1 41 2299 2433 2333
3573 2 2 1 41 2302 2602 2392
3574 2 2 1 41 2497 1391 2322
3575 2 2 1 41 2302 2497 2322
3576 2 2 1 41 2444 1369 2374
3577 2 2 1 41 2306 2444 2374
3578 2 2 1 41 2708 498 2312
3579 2 2 1 41 2307 2708 2312
3580 2 2 1 41 2470 1395 2310
3581 2 2 1 41 2307 2470 2310
3582 2 2 1 41 2397 1370 2447
3583 2 2 1 41 2397 2447 2308
3584 2 2 1 41 2328 1349 2354
3585 2 2 1 41 2325 1365 2339
3586 2 2 1 41 2325 2339 2311
3587 2 2 1 41 2323 1391 2456
3588 2 2 1 41 2323 2456 2312
3589 2 2 1 41 2426 1388 2326
3590 2 2 1 41 2314 2426 2326
3591 2 2 1 41 2439 1402 2332
3592 2 2 1 41 2314 2439 2332
3593 2 2 1 41 2369 1348 2318
3594 2 2 1 41 2315 2369 2318
3595 2 2 1 41 2353 1424 2576
3596 2 2 1 41 2602 1502 2395
3597 2 2 1 41 2320 2602 2395
3598 2 2 1 41 2368 1418 2460
3599 2 2 1 41 2368 2460 2320
3600 2 2 1 41 2346 1412 2345
3601 2 2 1 41 2321 2346 2345
3602 2 2 1 41 2323 498 2667
3603 2 2 1 41 2323 2667 2322
3604 2 2 1 41 2344 1413 2672
3605 2 2 1 41 2359 1411 2440
3606 2 2 1 41 2359 2440 2326
3607 2 2 1 41 2327 2499 2494
3608 2 2 1 41 2617 1517 2596
3609 2 2 1 41 2441 1537 2671
3610 2 2 1 41 2441 2671 2329
3611 2 2 1 41 2420 1426 2487
3612 2 2 1 41 2420 2487 2331
3613 2 2 1 41 2338 1371 2481
3614 2 2 1 41 2338 2481 2332
3615 2 2 1 41 2454 1471 2527
3616 2 2 1 41 2495 2522 2336
3617 2 2 1 41 2381 2488 2340
3618 2 2 1 41 2398 1460 2635
3619 2 2 1 41 2398 2635 2341
3620 2 2 1 41 2352 1565 2528
3621 2 2 1 41 2352 2528 2343
3622 2 2 1 41 2645 1384 2658
3623 2 2 1 41 2480 805 2450
3624 2 2 1 41 2345 2480 2450
3625 2 2 1 41 2365 1385 1374
3626 2 2 1 41 2451 1565 2352
3627 2 2 1 41 2349 2451 2352
3628 2 2 1 41 2493 2004 2548
3629 2 2 1 41 2493 2548 2350
3630 2 2 1 41 2645 1528 2668
3631 2 2 1 41 2566 1432 2601
3632 2 2 1 41 2707 1510 2698
3633 2 2 1 41 2428 1770 2560
3634 2 2 1 41 2428 2560 2357
3635 2 2 1 41 2474 1360 2400
3636 2 2 1 41 2359 2474 2400
3637 2 2 1 41 2437 1351 2394
3638 2 2 1 41 2363 2437 2394
3639 2 2 1 41 2490 1888 2685
3640 2 2 1 41 2528 1565 2482
3641 2 2 1 41 2375 2528 2482
3642 2 2 1 41 2377 2647 2412
3643 2 2 1 41 2570 1442 2479
3644 2 2 1 41 2590 1414 2462
3645 2 2 1 41 2510 622 2601
3646 2 2 1 41 2510 2601 2396
3647 2 2 1 41 2643 1377 2672
3648 2 2 1 41 2643 2672 2396
3649 2 2 1 41 2650 1523 2463
3650 2 2 1 41 2418 816 2468
3651 2 2 1 41 2547 1471 2454
3652 2 2 1 41 2405 2547 2454
3653 2 2 1 41 2433 1390 2423
3654 2 2 1 41 2406 2433 2423
3655 2 2 1 41 2440 1411 2471
3656 2 2 1 41 2646 1464 2514
3657 2 2 1 41 2412 2646 2514
3658 2 2 1 41 2443 1422 2472
3659 2 2 1 41 2443 2472 2438
3660 2 2 1 41 781 1422 2443
3661 2 2 1 41 2514 1464 2506
3662 2 2 1 41 2452 2514 2506
3663 2 2 1 41 2714 133 2557
3664 2 2 1 41 2566 1392 2527
3665 2 2 1 41 2477 2566 2527
3666 2 2 1 41 1399 1360 2551
3667 2 2 1 41 806 1509 2532
3668 2 2 1 41 2550 1409 1377
3669 2 2 1 41 2532 2550 1377
3670 2 2 1 41 2676 1577 2636
3671 2 2 1 41 2536 2676 2636
3672 2 2 1 41 2544 1475 1566
3673 2 2 1 41 2584 1610 2684
3674 2 2 1 41 2584 2684 2547
3675 2 2 1 41 2690 1461 1469
3676 2 2 1 41 1658 1442 2570
3677 2 2 1 41 1658 2570 2563
3678 2 2 1 41 2639 1494 2585
3679 2 2 1 41 2569 2639 2585
3680 2 2 1 41 1855 595 2642
3681 2 2 1 41 2636 1577 93
3682 2 2 1 41 2651 1458 2716
3683 2 2 1 41 1434 1497 2626
3684 2 2 1 41 2689 1611 2687
3685 2 2 1 41 2644 2689 2687
3686 2 2 1 41 1447 1464 2712
3687 2 2 1 41 1491 804 2703
3688 2 2 1 41 2689 826 1745
3689 2 2 1 41 933 935 2466
3690 2 2 1 41 933 2466 1920
3691 2 2 1 41 2524 2002 601
3692 2 2 1 41 2451 2524 601
3693 2 2 1 41 2678 2425 1373
3694 2 2 1 41 1699 2425 2678
3695 2 2 1 41 2678 825 1699
3696 2 2 1 41 2214 406 16
3697 2 2 1 41 1386 2421 2507
3698 2 2 1 41 2421 784 1885
3699 2 2 1 41 1885 779 2421
3700 2 2 1 41 2507 2421 779
3701 2 2 1 41 2653 2078 885
3702 2 2 1 41 885 2357 2653
3703 2 2 1 41 813 2656 1929
3704 2 2 1 41 2656 1742 2167
3705 2 2 1 41 813 1742 2656
3706 2 2 1 41 1174 2599 2466
3707 2 2 1 41 2599 717 1920
3708 2 2 1 41 1920 2466 2599
3709 2 2 1 41 2539 2227 1350
3710 2 2 1 41 1296 2200 701
3711 2 2 1 41 702 2198 1297
3712 2 2 1 41 914 2078 2653
3713 2 2 1 41 2653 2082 914
3714 2 2 1 41 2082 2653 2605
3715 2 2 1 41 2461 1632 2208
3716 2 2 1 41 2211 1634 2458
3717 2 2 1 41 2526 1397 1446
3718 2 2 1 41 2534 2526 1446
3719 2 2 1 41 2526 779 1885
3720 2 2 1 41 779 2526 2534
3721 2 2 1 41 962 2561 2582
3722 2 2 1 41 1485 1470 2582
3723 2 2 1 41 2 262 2394
3724 2 2 1 41 2394 2275 2
3725 2 2 1 41 1351 2275 2394
3726 2 2 1 41 90 91 2489
3727 2 2 1 41 2489 1730 90
3728 2 2 1 41 2609 2489 1501
3729 2 2 1 41 1730 2489 2609
3730 2 2 1 41 2485 104 105
3731 2 2 1 41 2485 2247 1407
3732 2 2 1 41 1210 897 2586
3733 2 2 1 41 1210 2586 2540
3734 2 2 1 41 2540 2586 1145
3735 2 2 1 41 800 1788 2664
3736 2 2 1 41 2115 1827 2164
3737 2 2 1 41 2164 1960 2115
3738 2 2 1 41 2605 2097 503
3739 2 2 1 41 503 2082 2605
3740 2 2 1 41 314 315 2694
3741 2 2 1 41 1596 1773 2694
3742 2 2 1 41 2694 315 1596
3743 2 2 1 41 2678 1373 2273
3744 2 2 1 41 2678 2221 1438
3745 2 2 1 41 1438 825 2678
3746 2 2 1 41 2221 2678 2273
3747 2 2 1 41 1542 2089 1604
3748 2 2 1 41 1558 2089 1542
3749 2 2 1 41 2196 1604 2089
3750 2 2 1 41 102 2424 101
3751 2 2 1 41 2103 2424 102
3752 2 2 1 41 2517 1814 511
3753 2 2 1 41 511 1910 2517
3754 2 2 1 41 1506 2517 2604
3755 2 2 1 41 2604 2517 1910
3756 2 2 1 41 2607 1443 1372
3757 2 2 1 41 411 2270 412
3758 2 2 1 41 2618 792 1383
3759 2 2 1 41 2618 1383 2265
3760 2 2 1 41 2253 2618 2265
3761 2 2 1 41 358 2269 359
3762 2 2 1 41 2606 1479 1450
3763 2 2 1 41 1450 2478 2606
3764 2 2 1 41 2606 2478 1725
3765 2 2 1 41 1382 791 2616
3766 2 2 1 41 1449 1476 2589
3767 2 2 1 41 2589 2473 1449
3768 2 2 1 41 1717 2473 2589
3769 2 2 1 41 2478 1544 775
3770 2 2 1 41 2478 1450 1434
3771 2 2 1 41 2594 2411 778
3772 2 2 1 41 1467 2411 2594
3773 2 2 1 41 2594 1548 1467
3774 2 2 1 41 2572 799 2103
3775 2 2 1 41 2544 1656 788
3776 2 2 1 41 1566 1656 2544
3777 2 2 1 41 2457 1387 1386
3778 2 2 1 41 2457 1321 1678
3779 2 2 1 41 2399 2457 1678
3780 2 2 1 41 1387 2457 2399
3781 2 2 1 41 774 1541 2473
3782 2 2 1 41 1433 1449 2473
3783 2 2 1 41 2385 1851 784
3784 2 2 1 41 2421 2385 784
3785 2 2 1 41 2385 1386 1387
3786 2 2 1 41 1386 2385 2421
3787 2 2 1 41 564 797 1796
3788 2 2 1 41 1796 1484 564
3789 2 2 1 41 291 1490 290
3790 2 2 1 41 1890 1490 291
3791 2 2 1 41 2501 1786 599
3792 2 2 1 41 2365 2501 599
3793 2 2 1 41 2501 2365 1374
3794 2 2 1 41 2179 258 2146
3795 2 2 1 41 2146 2066 2179
3796 2 2 1 41 2475 624 1630
3797 2 2 1 41 2561 962 1770
3798 2 2 1 41 2561 1770 624
3799 2 2 1 41 2475 2561 624
3800 2 2 1 41 2492 1669 622
3801 2 2 1 41 2510 2492 622
3802 2 2 1 41 684 2028 2718
3803 2 2 1 41 1599 2718 2575
3804 2 2 1 41 1599 2360 2718
3805 2 2 1 41 2575 2718 2028
3806 2 2 1 41 2717 2026 683
3807 2 2 1 41 2026 2717 2577
3808 2 2 1 41 2711 499 1575
3809 2 2 1 41 83 84 993
3810 2 2 1 41 993 2104 83
3811 2 2 1 41 2690 1532 880
3812 2 2 1 41 1469 1532 2690
3813 2 2 1 41 1882 2194 909
3814 2 2 1 41 909 2194 1922
3815 2 2 1 41 1922 2194 2022
3816 2 2 1 41 1487 1453 2695
3817 2 2 1 41 1565 601 2695
3818 2 2 1 41 1565 2695 2482
3819 2 2 1 41 2482 2695 1453
3820 2 2 1 41 908 2192 1881
3821 2 2 1 41 1921 2192 908
3822 2 2 1 41 2021 2192 1921
3823 2 2 1 41 2680 771 2635
3824 2 2 1 41 2680 1654 1520
3825 2 2 1 41 1520 1625 2680
3826 2 2 1 41 1654 2680 2635
3827 2 2 1 41 1406 1451 2552
3828 2 2 1 41 2552 1436 1406
3829 2 2 1 41 1436 2552 2546
3830 2 2 1 41 1442 1494 2634
3831 2 2 1 41 2634 2479 1442
3832 2 2 1 41 1630 2479 2634
3833 2 2 1 41 800 2402 2565
3834 2 2 1 41 2626 2478 1434
3835 2 2 1 41 1544 2478 2626
3836 2 2 1 41 2610 1493 1433
3837 2 2 1 41 1433 2473 2610
3838 2 2 1 41 2610 2473 1541
3839 2 2 1 41 2487 1426 1408
3840 2 2 1 41 1445 1548 2594
3841 2 2 1 41 2699 943 1920
3842 2 2 1 41 717 2699 1920
3843 2 2 1 41 2699 1139 1923
3844 2 2 1 41 717 1139 2699
3845 2 2 1 41 921 897 2083
3846 2 2 1 41 2083 897 1210
3847 2 2 1 41 2662 1935 805
3848 2 2 1 41 2662 805 2480
3849 2 2 1 41 2415 2662 2480
3850 2 2 1 41 2355 2342 1353
3851 2 2 1 41 2342 770 1496
3852 2 2 1 41 770 2342 2355
3853 2 2 1 41 2651 2677 1416
3854 2 2 1 41 1545 815 2677
3855 2 2 1 41 1545 2677 2716
3856 2 2 1 41 2651 2716 2677
3857 2 2 1 41 1572 1636 2674
3858 2 2 1 41 2675 1638 1573
3859 2 2 1 41 2413 1504 807
3860 2 2 1 41 2590 2413 807
3861 2 2 1 41 1363 2413 2462
3862 2 2 1 41 2413 2590 2462
3863 2 2 1 41 2337 1422 781
3864 2 2 1 41 781 1515 2337
3865 2 2 1 41 93 94 2725
3866 2 2 1 41 2636 2725 1526
3867 2 2 1 41 2725 2636 93
3868 2 2 1 41 1256 1123 1203
3869 2 2 1 41 1203 2133 1252
3870 2 2 1 41 2508 1203 1252
3871 2 2 1 41 1256 1203 2508
3872 2 2 1 41 789 1673 2659
3873 2 2 1 41 2659 2335 789
3874 2 2 1 41 2659 2438 2335
3875 2 2 1 41 1199 1122 1255
3876 2 2 1 41 1251 2132 1199
3877 2 2 1 41 1251 1199 2509
3878 2 2 1 41 2509 1199 1255
3879 2 2 1 41 795 1505 2388
3880 2 2 1 41 2388 1505 825
3881 2 2 1 41 825 1438 2388
3882 2 2 1 41 1575 499 2432
3883 2 2 1 41 2043 2117 2098
3884 2 2 1 41 726 2098 2117
3885 2 2 1 41 2174 726 2117
3886 2 2 1 41 1664 2145 1679
3887 2 2 1 41 2188 1679 2145
3888 2 2 1 41 2188 2145 1474
3889 2 2 1 41 2688 1474 2145
3890 2 2 1 41 2643 1432 806
3891 2 2 1 41 806 2532 2643
3892 2 2 1 41 1377 2643 2532
3893 2 2 1 41 2578 127 2010
3894 2 2 1 41 2696 831 1743
3895 2 2 1 41 2696 1743 2435
3896 2 2 1 41 2313 2696 2435
3897 2 2 1 41 2618 2465 1393
3898 2 2 1 41 1393 792 2618
3899 2 2 1 41 1394 2459 2616
3900 2 2 1 41 2616 791 1394
3901 2 2 1 41 2642 896 1855
3902 2 2 1 41 2189 1724 2099
3903 2 2 1 41 1760 2189 2099
3904 2 2 1 41 270 2350 269
3905 2 2 1 41 269 2350 1700
3906 2 2 1 41 1851 2383 2632
3907 2 2 1 41 2632 2383 1908
3908 2 2 1 41 1908 786 2632
3909 2 2 1 41 2579 267 268
3910 2 2 1 41 1511 1557 2579
3911 2 2 1 41 1511 2579 2597
3912 2 2 1 41 268 1700 2579
3913 2 2 1 41 2597 2579 1700
3914 2 2 1 41 2418 2471 1411
3915 2 2 1 41 1466 1458 2471
3916 2 2 1 41 1466 2471 2468
3917 2 2 1 41 2418 2468 2471
3918 2 2 1 41 2574 1576 789
3919 2 2 1 41 789 2335 2574
3920 2 2 1 41 2338 1402 2574
3921 2 2 1 41 2338 2574 2335
3922 2 2 1 41 1153 998 2540
3923 2 2 1 41 2540 998 1210
3924 2 2 1 41 2540 1029 1153
3925 2 2 1 41 1029 2540 1145
3926 2 2 1 41 2037 1880 1997
3927 2 2 1 41 1880 2160 1997
3928 2 2 1 41 2399 1678 602
3929 2 2 1 41 912 1754 2076
3930 2 2 1 41 2076 1754 942
3931 2 2 1 41 2107 2076 942
3932 2 2 1 41 2596 2562 1380
3933 2 2 1 41 2110 1712 2159
3934 2 2 1 41 2704 2402 1462
3935 2 2 1 41 2402 2704 2565
3936 2 2 1 41 2683 1408 1516
3937 2 2 1 41 1516 819 2683
3938 2 2 1 41 32 2133 2140
3939 2 2 1 41 1156 2140 679
3940 2 2 1 41 2140 2133 679
3941 2 2 1 41 2141 2132 48
3942 2 2 1 41 680 2141 1157
3943 2 2 1 41 680 2132 2141
3944 2 2 1 41 2143 528 2185
3945 2 2 1 41 2143 2067 525
3946 2 2 1 41 2143 2185 2067
3947 2 2 1 41 1401 2587 2658
3948 2 2 1 41 2587 783 1528
3949 2 2 1 41 2645 2587 1528
3950 2 2 1 41 2645 2658 2587
3951 2 2 1 41 1374 1385 2379
3952 2 2 1 41 2379 1503 2496
3953 2 2 1 41 2068 1145 1174
3954 2 2 1 41 1174 1145 2673
3955 2 2 1 41 650 2093 1978
3956 2 2 1 41 653 662 2093
3957 2 2 1 41 2093 662 1978
3958 2 2 1 41 796 1404 2373
3959 2 2 1 41 2373 1409 796
3960 2 2 1 41 2453 2373 1347
3961 2 2 1 41 1409 2373 2453
3962 2 2 1 41 1578 1980 2603
3963 2 2 1 41 2657 2603 1841
3964 2 2 1 41 2569 1542 1444
3965 2 2 1 41 1542 2569 2702
3966 2 2 1 41 2713 1825 815
3967 2 2 1 41 815 2627 2713
3968 2 2 1 41 2344 2382 810
3969 2 2 1 41 1377 1409 2382
3970 2 2 1 41 1377 2382 2672
3971 2 2 1 41 2344 2672 2382
3972 2 2 1 41 778 2411 2496
3973 2 2 1 41 2411 1425 1374
3974 2 2 1 41 2379 2411 1374
3975 2 2 1 41 2379 2496 2411
3976 2 2 1 41 1317 1081 2637
3977 2 2 1 41 1976 2637 2129
3978 2 2 1 41 2581 2304 883
3979 2 2 1 41 1711 2304 2581
3980 2 2 1 41 2581 872 1711
3981 2 2 1 41 922 1886 2088
3982 2 2 1 41 2088 1886 1000
3983 2 2 1 41 2351 1496 770
3984 2 2 1 41 2617 2351 770
3985 2 2 1 41 1380 2351 2596
3986 2 2 1 41 2351 2617 2596
3987 2 2 1 41 1575 2611 2711
3988 2 2 1 41 2711 2611 1444
3989 2 2 1 41 1372 2592 2354
3990 2 2 1 41 2592 811 1547
3991 2 2 1 41 2328 2592 1547
3992 2 2 1 41 2328 2354 2592
3993 2 2 1 41 801 2371 2405
3994 2 2 1 41 1419 1396 2371
3995 2 2 1 41 2371 1385 1419
3996 2 2 1 41 2405 2371 1396
3997 2 2 1 41 2383 1378 785
3998 2 2 1 41 2383 787 1908
3999 2 2 1 41 918 516 2161
4000 2 2 1 41 2161 1815 918
4001 2 2 1 41 2161 516 1205
4002 2 2 1 41 899 1666 2720
4003 2 2 1 41 1546 1555 2720
4004 2 2 1 41 1465 1546 2720
4005 2 2 1 41 2720 1666 1465
4006 2 2 1 41 779 1525 2507
4007 2 2 1 41 2507 1525 1423
4008 2 2 1 41 1423 1386 2507
4009 2 2 1 41 624 1770 2428
4010 2 2 1 41 624 2428 2479
4011 2 2 1 41 2570 2428 1482
4012 2 2 1 41 2428 2570 2479
4013 2 2 1 41 819 1440 2641
4014 2 2 1 41 2490 2446 1592
4015 2 2 1 41 1703 111 2446
4016 2 2 1 41 1703 2446 2685
4017 2 2 1 41 2490 2685 2446
4018 2 2 1 41 768 1496 2378
4019 2 2 1 41 768 2378 2668
4020 2 2 1 41 2645 2378 1384
4021 2 2 1 41 2645 2668 2378
4022 2 2 1 41 808 1426 2420
4023 2 2 1 41 808 2420 2576
4024 2 2 1 41 1372 2384 2607
4025 2 2 1 41 1756 788 2384
4026 2 2 1 41 2607 2384 788
4027 2 2 1 41 2404 1528 783
4028 2 2 1 41 783 1725 2404
4029 2 2 1 41 1528 2404 2464
4030 2 2 1 41 1757 1902 1892
4031 2 2 1 41 2173 1902 1757
4032 2 2 1 41 782 1517 2401
4033 2 2 1 41 2401 1717 782
4034 2 2 1 41 2448 2401 1517
4035 2 2 1 41 1835 1465 1666
4036 2 2 1 41 2024 1620 1835
4037 2 2 1 41 1835 1666 2157
4038 2 2 1 41 2024 1835 2157
4039 2 2 1 41 1523 594 2463
4040 2 2 1 41 2463 594 1512
4041 2 2 1 41 1401 2463 1512
4042 2 2 1 41 2502 2463 1401
4043 2 2 1 41 962 2097 2560
4044 2 2 1 41 2560 1770 962
4045 2 2 1 41 2097 2605 2560
4046 2 2 1 41 1389 1400 2392
4047 2 2 1 41 2392 2460 2244
4048 2 2 1 41 595 1855 2691
4049 2 2 1 41 2537 595 2691
4050 2 2 1 41 2691 1477 2719
4051 2 2 1 41 2486 583 1827
4052 2 2 1 41 1827 2115 2486
4053 2 2 1 41 952 1844 2486
4054 2 2 1 41 952 2486 2115
4055 2 2 1 41 2694 313 314
4056 2 2 1 41 1651 313 2694
4057 2 2 1 41 1957 1651 2694
4058 2 2 1 41 1773 1957 2694
4059 2 2 1 41 2159 1712 2071
4060 2 2 1 41 2530 1405 2640
4061 2 2 1 41 2530 1425 1467
4062 2 2 1 41 1467 824 2530
4063 2 2 1 41 2530 2640 1425
4064 2 2 1 41 1041 637 2108
4065 2 2 1 41 2005 1041 2108
4066 2 2 1 41 2108 1281 1954
4067 2 2 1 41 2005 2108 1954
4068 2 2 1 41 2291 2284 498
4069 2 2 1 41 2708 2291 498
4070 2 2 1 41 1353 2284 2291
4071 2 2 1 41 1437 1392 2698
4072 2 2 1 41 1259 1033 1179
4073 2 2 1 41 1230 1033 1259
4074 2 2 1 41 1230 1259 1295
4075 2 2 1 41 1442 1658 2585
4076 2 2 1 41 2585 1494 1442
4077 2 2 1 41 2195 720 1267
4078 2 2 1 41 2511 729 764
4079 2 2 1 41 729 2511 2200
4080 2 2 1 41 741 2511 750
4081 2 2 1 41 750 2511 764
4082 2 2 1 41 763 730 2512
4083 2 2 1 41 2198 2512 730
4084 2 2 1 41 751 2512 742
4085 2 2 1 41 763 2512 751
4086 2 2 1 41 1117 1322 1021
4087 2 2 1 41 2689 1692 1611
4088 2 2 1 41 1745 1692 2689
4089 2 2 1 41 1159 2170 759
4090 2 2 1 41 925 2170 1795
4091 2 2 1 41 2170 1159 2027
4092 2 2 1 41 2027 1795 2170
4093 2 2 1 41 390 2429 389
4094 2 2 1 41 389 2429 1041
4095 2 2 1 41 1359 2319 2520
4096 2 2 1 41 2319 784 1851
4097 2 2 1 41 2632 2319 1851
4098 2 2 1 41 2520 2319 786
4099 2 2 1 41 786 2319 2632
4100 2 2 1 41 378 1246 723
4101 2 2 1 41 723 379 378
4102 2 2 1 41 2093 650 2518
4103 2 2 1 41 2518 987 1249
4104 2 2 1 41 2109 300 301
4105 2 2 1 41 2631 881 1750
4106 2 2 1 41 2495 1544 857
4107 2 2 1 41 857 1556 2495
4108 2 2 1 41 2624 2495 1556
4109 2 2 1 41 2465 2367 1617
4110 2 2 1 41 1617 818 2465
4111 2 2 1 41 348 347 2533
4112 2 2 1 41 2533 347 2021
4113 2 2 1 41 1736 1636 2533
4114 2 2 1 41 2021 1736 2533
4115 2 2 1 41 2535 423 422
4116 2 2 1 41 2022 423 2535
4117 2 2 1 41 2535 1638 1737
4118 2 2 1 41 2535 1737 2022
4119 2 2 1 41 1616 2366 2459
4120 2 2 1 41 2459 817 1616
4121 2 2 1 41 1286 323 2088
4122 2 2 1 41 1502 2284 2395
4123 2 2 1 41 2667 2284 1502
4124 2 2 1 41 2284 2504 2395
4125 2 2 1 41 2664 2387 800
4126 2 2 1 41 1403 1359 2387
4127 2 2 1 41 2387 1397 1403
4128 2 2 1 41 1397 2387 2664
4129 2 2 1 41 856 1541 2494
4130 2 2 1 41 2494 1552 856
4131 2 2 1 41 1552 2494 2621
4132 2 2 1 41 2581 883 1607
4133 2 2 1 41 2581 1530 1523
4134 2 2 1 41 1523 872 2581
4135 2 2 1 41 1530 2581 1607
4136 2 2 1 41 2090 1685 2573
4137 2 2 1 41 1891 2149 1869
4138 2 2 1 41 1869 2149 1964
4139 2 2 1 41 2056 1964 2149
4140 2 2 1 41 2056 2149 1999
4141 2 2 1 41 1376 1437 2436
4142 2 2 1 41 2079 659 974
4143 2 2 1 41 974 1876 2079
4144 2 2 1 41 996 659 2079
4145 2 2 1 41 307 308 2649
4146 2 2 1 41 2649 308 1905
4147 2 2 1 41 2649 1765 1843
4148 2 2 1 41 1765 2649 1905
4149 2 2 1 41 870 872 2619
4150 2 2 1 41 2156 926 2201
4151 2 2 1 41 1919 2201 966
4152 2 2 1 41 2201 1919 2156
4153 2 2 1 41 1413 2344 2422
4154 2 2 1 41 2344 2488 2422
4155 2 2 1 41 2555 795 2543
4156 2 2 1 41 2543 795 2388
4157 2 2 1 41 2543 2315 1364
4158 2 2 1 41 1515 2555 2543
4159 2 2 1 41 2315 2543 2388
4160 2 2 1 41 2583 302 303
4161 2 2 1 41 913 2583 1641
4162 2 2 1 41 2020 2583 303
4163 2 2 1 41 2583 2020 1641
4164 2 2 1 41 976 658 2075
4165 2 2 1 41 2075 1872 976
4166 2 2 1 41 2075 658 994
4167 2 2 1 41 2648 1551 1842
4168 2 2 1 41 2648 1842 1936
4169 2 2 1 41 1972 2648 1936
4170 2 2 1 41 1195 1764 2710
4171 2 2 1 41 2529 2308 1344
4172 2 2 1 41 1725 775 2308
4173 2 2 1 41 1725 2308 2404
4174 2 2 1 41 2308 2529 2404
4175 2 2 1 41 849 1473 2681
4176 2 2 1 41 2010 849 2681
4177 2 2 1 41 1441 2578 2681
4178 2 2 1 41 2010 2681 2578
4179 2 2 1 41 847 845 2676
4180 2 2 1 41 1501 1577 2676
4181 2 2 1 41 2676 845 1501
4182 2 2 1 41 1065 1935 2662
4183 2 2 1 41 2197 1685 631
4184 2 2 1 41 2047 2197 631
4185 2 2 1 41 901 1685 2197
4186 2 2 1 41 838 1525 2712
4187 2 2 1 41 2712 1525 1447
4188 2 2 1 41 2598 2353 16
4189 2 2 1 41 1424 2353 2598
4190 2 2 1 41 1554 1645 588
4191 2 2 1 41 2083 727 687
4192 2 2 1 41 2083 998 727
4193 2 2 1 41 998 2083 1210
4194 2 2 1 41 687 980 2083
4195 2 2 1 41 2136 582 2126
4196 2 2 1 41 2126 1943 906
4197 2 2 1 41 906 1767 2126
4198 2 2 1 41 1767 2136 2126
4199 2 2 1 41 2551 2427 1399
4200 2 2 1 41 1404 2427 2551
4201 2 2 1 41 2138 794 2169
4202 2 2 1 41 1845 2169 794
4203 2 2 1 41 2169 1559 2138
4204 2 2 1 41 2680 1625 2169
4205 2 2 1 41 1845 2680 2169
4206 2 2 1 41 1343 2306 2515
4207 2 2 1 41 2306 774 1717
4208 2 2 1 41 2401 2306 1717
4209 2 2 1 41 2401 2515 2306
4210 2 2 1 41 2128 554 755
4211 2 2 1 41 1330 554 2128
4212 2 2 1 41 2128 755 2035
4213 2 2 1 41 756 555 2127
4214 2 2 1 41 2127 555 1329
4215 2 2 1 41 2034 756 2127
4216 2 2 1 41 1435 2362 2524
4217 2 2 1 41 1610 600 2524
4218 2 2 1 41 2623 1610 2524
4219 2 2 1 41 2362 2623 2524
4220 2 2 1 41 622 2707 2601
4221 2 2 1 41 2566 2707 1392
4222 2 2 1 41 1392 2707 2698
4223 2 2 1 41 2566 2601 2707
4224 2 2 1 41 719 520 2180
4225 2 2 1 41 2180 520 1947
4226 2 2 1 41 1278 664 2180
4227 2 2 1 41 1947 1278 2180
4228 2 2 1 41 326 1828 325
4229 2 2 1 41 1288 1828 326
4230 2 2 1 41 1124 636 2114
4231 2 2 1 41 2178 1124 2114
4232 2 2 1 41 1480 1410 2593
4233 2 2 1 41 1480 2593 2614
4234 2 2 1 41 977 1323 2177
4235 2 2 1 41 2177 923 977
4236 2 2 1 41 1323 2174 2177
4237 2 2 1 41 1383 792 2238
4238 2 2 1 41 2258 1383 2238
4239 2 2 1 41 1634 2211 2238
4240 2 2 1 41 2334 2276 773
4241 2 2 1 41 1412 2334 2580
4242 2 2 1 41 2334 1412 2346
4243 2 2 1 41 2334 2346 2276
4244 2 2 1 41 2102 1158 621
4245 2 2 1 41 621 1886 2102
4246 2 2 1 41 931 1158 2102
4247 2 2 1 41 2239 791 1382
4248 2 2 1 41 2239 1382 2255
4249 2 2 1 41 2239 2208 1632
4250 2 2 1 41 2390 278 279
4251 2 2 1 41 2390 2648 278
4252 2 2 1 41 2390 1551 2648
4253 2 2 1 41 2439 620 2409
4254 2 2 1 41 1416 1563 2409
4255 2 2 1 41 1416 2409 2651
4256 2 2 1 41 1563 2439 2409
4257 2 2 1 41 1900 2094 1507
4258 2 2 1 41 1900 1531 2094
4259 2 2 1 41 2005 1424 969
4260 2 2 1 41 2534 1446 2469
4261 2 2 1 41 99 100 2686
4262 2 2 1 41 99 2686 1760
4263 2 2 1 41 2516 116 117
4264 2 2 1 41 1820 2516 117
4265 2 2 1 41 2500 935 933
4266 2 2 1 41 2175 2500 933
4267 2 2 1 41 35 36 2200
4268 2 2 1 41 35 2200 1296
4269 2 2 1 41 2198 52 51
4270 2 2 1 41 1297 2198 51
4271 2 2 1 41 105 106 2247
4272 2 2 1 41 105 2247 2485
4273 2 2 1 41 91 92 1577
4274 2 2 1 41 91 1577 2489
4275 2 2 1 41 2729 2726 1342
4276 2 2 1 41 2214 16 2730
4277 2 2 1 41 2730 16 2353
4278 2 2 1 41 2731 1533 1420
4279 2 2 1 41 2631 1533 2731
4280 2 2 1 41 2732 2265 2209
4281 2 2 1 41 2733 136 137
4282 2 2 1 41 2209 2258 2734
4283 2 2 1 41 2734 2236 2209
4284 2 2 1 41 104 2485 2735
4285 2 2 1 41 765 2235 2737
4286 2 2 1 41 2737 2235 2232
4287 2 2 1 41 2738 364 363
4288 2 2 1 41 363 2206 2738
4289 2 2 1 41 572 2295 2739
4290 2 2 1 41 2739 2295 2222
4291 2 2 1 41 2391 793 2740
4292 2 2 1 41 2741 2726 2214
4293 2 2 1 41 2214 2730 2741
4294 2 2 1 41 2742 2240 571
4295 2 2 1 41 2218 2240 2742
4296 2 2 1 41 1570 822 2743
4297 2 2 1 41 2743 822 1626
4298 2 2 1 41 2744 821 1569
4299 2 2 1 41 1624 821 2744
4300 2 2 1 41 2745 15 2241
4301 2 2 1 41 2241 2321 2745
4302 2 2 1 41 2214 2726 2746
4303 2 2 1 41 572 2237 2748
4304 2 2 1 41 2748 2237 2217
4305 2 2 1 41 2159 2071 2749
4306 2 2 1 41 2749 1539 2159
4307 2 2 1 41 2749 2071 1654
4308 2 2 1 41 2260 2251 2751
4309 2 2 1 41 2752 2696 2430
4310 2 2 1 41 2430 1831 2752
4311 2 2 1 41 1429 854 2753
4312 2 2 1 41 2753 854 1669
4313 2 2 1 41 2754 1354 2417
4314 2 2 1 41 2755 1522 1415
4315 2 2 1 41 2755 1822 599
4316 2 2 1 41 2756 2666 2693
4317 2 2 1 41 2758 2324 571
4318 2 2 1 41 2228 2324 2758
4319 2 2 1 41 2759 1361 2219
4320 2 2 1 41 2759 2730 2353
4321 2 2 1 41 2760 982 1052
4322 2 2 1 41 1052 2187 2760
4323 2 2 1 41 2419 1354 2761
4324 2 2 1 41 2762 2733 137
4325 2 2 1 41 2764 1976 2113
4326 2 2 1 41 2637 1976 2764
4327 2 2 1 41 2113 530 2764
4328 2 2 1 41 1345 2235 2766
4329 2 2 1 41 2223 2252 2766
4330 2 2 1 41 2766 2252 1345
4331 2 2 1 41 1320 2093 2767
4332 2 2 1 41 2518 1249 2767
4333 2 2 1 41 2767 2093 2518
4334 2 2 1 41 2767 1249 1320
4335 2 2 1 41 2768 2251 2233
4336 2 2 1 41 2129 2637 2770
4337 2 2 1 41 2770 1225 2129
4338 2 2 1 41 2216 2277 2771
4339 2 2 1 41 2771 2277 1345
4340 2 2 1 41 2772 1376 2436
4341 2 2 1 41 2772 2432 1366
4342 2 2 1 41 2773 306 307
4343 2 2 1 41 307 2649 2773
4344 2 2 1 41 1499 2110 2774
4345 2 2 1 41 2774 2110 2159
4346 2 2 1 41 2775 644 2656
4347 2 2 1 41 2776 1563 809
4348 2 2 1 41 2776 1576 2574
4349 2 2 1 41 904 1477 2777
4350 2 2 1 41 2691 1855 2777
4351 2 2 1 41 2777 1477 2691
4352 2 2 1 41 2777 1855 904
4353 2 2 1 41 2778 2734 2258
4354 2 2 1 41 1342 2734 2778
4355 2 2 1 41 2779 1947 1289
4356 2 2 1 41 1188 1947 2779
4357 2 2 1 41 2780 2576 2420
4358 2 2 1 41 2420 1361 2780
4359 2 2 1 41 2353 2576 2780
4360 2 2 1 41 2227 2539 2781
4361 2 2 1 41 1120 724 2782
4362 2 2 1 41 2782 1198 1120
4363 2 2 1 41 135 136 2785
4364 2 2 1 41 2785 2370 135
4365 2 2 1 41 644 1233 2786
4366 2 2 1 41 2786 1233 1124
4367 2 2 1 41 2167 1742 2788
4368 2 2 1 41 2788 517 2167
4369 2 2 1 41 1575 2436 2789
4370 2 2 1 41 2789 2611 1575
4371 2 2 1 41 1775 1857 2790
4372 2 2 1 41 2790 804 1775
4373 2 2 1 41 2790 1857 1560
4374 2 2 1 41 1444 1542 2791
4375 2 2 1 41 2791 1542 1604
4376 2 2 1 41 2791 2711 1444
4377 2 2 1 41 1485 2736 2792
4378 2 2 1 41 2431 1448 2793
4379 2 2 1 41 2582 1470 2793
4380 2 2 1 41 2793 1470 2431
4381 2 2 1 41 2794 2238 2211
4382 2 2 1 41 2258 2238 2794
4383 2 2 1 41 2206 362 2796
4384 2 2 1 41 2461 2208 2796
4385 2 2 1 41 2796 2208 2206
4386 2 2 1 41 2797 123 124
4387 2 2 1 41 1622 123 2797
4388 2 2 1 41 124 2692 2797
4389 2 2 1 41 2208 2239 2798
4390 2 2 1 41 2798 2239 2255
4391 2 2 1 41 2798 2728 2208
4392 2 2 1 41 2799 408 2207
4393 2 2 1 41 2799 2211 2458
4394 2 2 1 41 2207 2211 2799
4395 2 2 1 41 2800 622 1669
4396 2 2 1 41 2707 622 2800
4397 2 2 1 41 2801 1766 1486
4398 2 2 1 41 859 1766 2801
4399 2 2 1 41 2802 1510 1456
4400 2 2 1 41 2804 2736 2660
4401 2 2 1 41 2805 2738 2206
4402 2 2 1 41 2806 589 1447
4403 2 2 1 41 1447 1525 2806
4404 2 2 1 41 2219 2243 2807
4405 2 2 1 41 2807 2243 2236
4406 2 2 1 41 2808 1754 912
4407 2 2 1 41 912 1676 2808
4408 2 2 1 41 593 1754 2808
4409 2 2 1 41 1451 1428 2809
4410 2 2 1 41 2809 1428 1656
4411 2 2 1 41 1271 640 2810
4412 2 2 1 41 2090 2573 2810
4413 2 2 1 41 2810 640 2090
4414 2 2 1 41 2811 588 1645
4415 2 2 1 41 1883 588 2811
4416 2 2 1 41 2812 1555 1420
4417 2 2 1 41 2720 1555 2812
4418 2 2 1 41 2813 1364 2337
4419 2 2 1 41 2813 1515 2543
4420 2 2 1 41 2543 1364 2813
4421 2 2 1 41 2337 1515 2813
4422 2 2 1 41 2814 2683 819
4423 2 2 1 41 2817 2440 2471
4424 2 2 1 41 2471 1458 2817
4425 2 2 1 41 2409 2440 2817
4426 2 2 1 41 1016 1923 2818
4427 2 2 1 41 2328 2370 2820
4428 2 2 1 41 1522 2755 2822
4429 2 2 1 41 2822 2755 599
4430 2 2 1 41 1756 2384 2825
4431 2 2 1 41 2825 2384 787
4432 2 2 1 41 2827 2019 1540
4433 2 2 1 41 1540 1533 2827
4434 2 2 1 41 15 364 2828
4435 2 2 1 41 2828 2241 15
4436 2 2 1 41 2772 1366 2289
4437 2 2 1 41 1376 2772 2289
4438 2 2 1 41 2639 2802 1456
4439 2 2 1 41 2776 809 2476
4440 2 2 1 41 1576 2776 2476
4441 2 2 1 41 2568 593 2808
4442 2 2 1 41 2568 2808 1676
4443 2 2 1 41 2498 306 2773
4444 2 2 1 41 2755 1415 1149
4445 2 2 1 41 1822 2755 1149
4446 2 2 1 41 2752 1831 811
4447 2 2 1 41 1968 2752 811
4448 2 2 1 41 2828 364 2738
4449 2 2 1 41 2768 765 2751
4450 2 2 1 41 2251 2768 2751
4451 2 2 1 41 2785 136 2733
4452 2 2 1 41 2761 1354 2754
4453 2 2 1 41 2780 1361 2759
4454 2 2 1 41 2353 2780 2759
4455 2 2 1 41 2817 1458 2651
4456 2 2 1 41 2409 2817 2651
4457 2 2 1 41 2764 530 1317
4458 2 2 1 41 2637 2764 1317
4459 2 2 1 41 2791 1604 499
4460 2 2 1 41 2711 2791 499
4461 2 2 1 41 2796 362 361
4462 2 2 1 41 2461 2796 361
4463 2 2 1 41 409 408 2799
4464 2 2 1 41 409 2799 2458
4465 2 2 1 41 2785 2820 2370
4466 2 2 1 41 2752 1968 831
4467 2 2 1 41 2696 2752 831
4468 2 2 1 41 2042 1622 2797
4469 2 2 1 41 2042 2797 2692
4470 2 2 1 41 2735 2485 1407
4471 2 2 1 41 2572 2735 1407
4472 2 2 1 41 1630 1429 2816
4473 2 2 1 41 1630 2816 2475
4474 2 2 1 41 1575 2432 2772
4475 2 2 1 41 1575 2772 2436
4476 2 2 1 41 2439 1563 2776
4477 2 2 1 41 2818 1923 1139
4478 2 2 1 41 2666 2818 1139
4479 2 2 1 41 607 1198 2782
4480 2 2 1 41 2782 724 982
4481 2 2 1 41 2745 2321 1381
4482 2 2 1 41 1272 517 2788
4483 2 2 1 41 1272 2788 2126
4484 2 2 1 41 2788 1742 1943
4485 2 2 1 41 2126 2788 1943
4486 2 2 1 41 1796 2783 1484
4487 2 2 1 41 2727 2391 2740
4488 2 2 1 41 2729 2207 2746
4489 2 2 1 41 2729 2746 2726
4490 2 2 1 41 2778 2258 2794
4491 2 2 1 41 2206 2208 2728
4492 2 2 1 41 2798 2255 2803
4493 2 2 1 41 2798 2803 2728
4494 2 2 1 41 2759 2219 2741
4495 2 2 1 41 2730 2759 2741
4496 2 2 1 41 2762 2227 2781
4497 2 2 1 41 2762 2781 2733
4498 2 2 1 41 2736 2804 2792
4499 2 2 1 41 2746 2207 407
4500 2 2 1 41 2737 2232 2210
4501 2 2 1 41 2775 2656 2167
4502 2 2 1 41 1489 1484 2783
4503 2 2 1 41 2812 1420 1540
4504 2 2 1 41 571 2248 2758
4505 2 2 1 41 2758 2248 2220
4506 2 2 1 41 2220 2228 2758
4507 2 2 1 41 2096 625 2826
4508 2 2 1 41 2826 2144 2096
4509 2 2 1 41 2673 1145 2586
4510 2 2 1 41 2739 2273 572
4511 2 2 1 41 2221 2273 2739
4512 2 2 1 41 2739 2222 2221
4513 2 2 1 41 138 2275 2762
4514 2 2 1 41 2762 137 138
4515 2 2 1 41 2762 2275 2227
4516 2 2 1 41 2735 2103 103
4517 2 2 1 41 103 104 2735
4518 2 2 1 41 2572 2103 2735
4519 2 2 1 41 1973 2809 1656
4520 2 2 1 41 2552 1451 2809
4521 2 2 1 41 1429 2753 2727
4522 2 2 1 41 2753 1669 2492
4523 2 2 1 41 2750 284 285
4524 2 2 1 41 2750 1582 830
4525 2 2 1 41 285 1582 2750
4526 2 2 1 41 765 2737 2751
4527 2 2 1 41 2210 2260 2737
4528 2 2 1 41 2751 2737 2260
4529 2 2 1 41 2768 2256 765
4530 2 2 1 41 2229 2256 2768
4531 2 2 1 41 2768 2233 2229
4532 2 2 1 41 2727 2816 1429
4533 2 2 1 41 2660 2816 2740
4534 2 2 1 41 2727 2740 2816
4535 2 2 1 41 599 1786 2822
4536 2 2 1 41 2822 1786 1475
4537 2 2 1 41 1658 1521 2702
4538 2 2 1 41 2585 1658 2702
4539 2 2 1 41 2702 2569 2585
4540 2 2 1 41 2602 2320 2460
4541 2 2 1 41 2392 2602 2460
4542 2 2 1 41 766 2249 2824
4543 2 2 1 41 2234 2253 2824
4544 2 2 1 41 2230 2234 2824
4545 2 2 1 41 2824 2249 2230
4546 2 2 1 41 108 109 2757
4547 2 2 1 41 1578 2603 2757
4548 2 2 1 41 2657 108 2757
4549 2 2 1 41 2603 2657 2757
4550 2 2 1 41 2505 1310 1258
4551 2 2 1 41 530 2505 1258
4552 2 2 1 41 1298 1310 2505
4553 2 2 1 41 267 1557 266
4554 2 2 1 41 2579 1557 267
4555 2 2 1 41 2732 2250 766
4556 2 2 1 41 2215 2250 2732
4557 2 2 1 41 2732 2209 2215
4558 2 2 1 41 2824 2732 766
4559 2 2 1 41 2546 1973 1405
4560 2 2 1 41 1405 1421 2546
4561 2 2 1 41 2167 1083 2775
4562 2 2 1 41 2775 2795 2195
4563 2 2 1 41 2775 1083 2795
4564 2 2 1 41 1796 2593 2783
4565 2 2 1 41 2693 2666 1139
4566 2 2 1 41 2559 1583 500
4567 2 2 1 41 1398 1583 2559
4568 2 2 1 41 2703 1560 2646
4569 2 2 1 41 2646 2412 2703
4570 2 2 1 41 2647 2703 2412
4571 2 2 1 41 1578 865 1980
4572 2 2 1 41 1540 899 2812
4573 2 2 1 41 2812 899 2720
4574 2 2 1 41 2795 2039 720
4575 2 2 1 41 2795 720 2195
4576 2 2 1 41 571 2242 2742
4577 2 2 1 41 2742 2242 2212
4578 2 2 1 41 2212 2218 2742
4579 2 2 1 41 619 1677 2633
4580 2 2 1 41 2078 914 2633
4581 2 2 1 41 1677 2078 2633
4582 2 2 1 41 1349 2328 2820
4583 2 2 1 41 2820 2539 1349
4584 2 2 1 41 2820 2781 2539
4585 2 2 1 41 2748 2245 572
4586 2 2 1 41 2213 2245 2748
4587 2 2 1 41 2748 2217 2213
4588 2 2 1 41 1547 811 2714
4589 2 2 1 41 1547 2714 2557
4590 2 2 1 41 2714 811 1831
4591 2 2 1 41 1492 833 2630
4592 2 2 1 41 2571 2630 1417
4593 2 2 1 41 2613 1492 2630
4594 2 2 1 41 2571 2613 2630
4595 2 2 1 41 1437 1376 2380
4596 2 2 1 41 1503 801 2380
4597 2 2 1 41 1503 2380 2356
4598 2 2 1 41 2356 2380 1376
4599 2 2 1 41 2381 2531 2488
4600 2 2 1 41 2488 2531 2422
4601 2 2 1 41 1188 2779 1117
4602 2 2 1 41 1117 2779 1322
4603 2 2 1 41 2779 1289 1322
4604 2 2 1 41 1463 881 2731
4605 2 2 1 41 2731 1420 1463
4606 2 2 1 41 2731 881 2631
4607 2 2 1 41 2492 2727 2753
4608 2 2 1 41 2605 2357 2560
4609 2 2 1 41 2605 2653 2357
4610 2 2 1 41 2819 281 282
4611 2 2 1 41 2631 1750 2819
4612 2 2 1 41 2783 1410 1489
4613 2 2 1 41 2593 1410 2783
4614 2 2 1 41 1441 1628 2042
4615 2 2 1 41 2692 1441 2042
4616 2 2 1 41 1441 2692 2538
4617 2 2 1 41 2662 2415 2521
4618 2 2 1 41 2805 2206 2728
4619 2 2 1 41 130 2313 129
4620 2 2 1 41 2736 1485 2582
4621 2 2 1 41 2736 2582 2561
4622 2 2 1 41 2778 2729 1342
4623 2 2 1 41 2211 2207 2729
4624 2 2 1 41 2211 2729 2794
4625 2 2 1 41 2778 2794 2729
4626 2 2 1 41 2430 130 131
4627 2 2 1 41 2430 2313 130
4628 2 2 1 41 2696 2313 2430
4629 2 2 1 41 2619 1531 882
4630 2 2 1 41 2619 882 870
4631 2 2 1 41 1531 2619 2094
4632 2 2 1 41 2650 2094 2619
4633 2 2 1 41 2454 2380 801
4634 2 2 1 41 1392 1437 2380
4635 2 2 1 41 1392 2380 2527
4636 2 2 1 41 2454 2527 2380
4637 2 2 1 41 293 2525 2455
4638 2 2 1 41 2455 828 1951
4639 2 2 1 41 2455 2525 828
4640 2 2 1 41 2529 2212 2464
4641 2 2 1 41 2529 2464 2404
4642 2 2 1 41 1485 2792 1470
4643 2 2 1 41 2787 2792 2769
4644 2 2 1 41 1600 2756 882
4645 2 2 1 41 2693 882 2756
4646 2 2 1 41 2756 1600 1646
4647 2 2 1 41 1646 1623 2756
4648 2 2 1 41 2638 2756 1623
4649 2 2 1 41 2467 596 2521
4650 2 2 1 41 2448 2213 2515
4651 2 2 1 41 2401 2448 2515
4652 2 2 1 41 1440 2537 2709
4653 2 2 1 41 2537 2719 2709
4654 2 2 1 41 2691 2719 2537
4655 2 2 1 41 2620 1139 717
4656 2 2 1 41 865 1499 2774
4657 2 2 1 41 2774 1980 865
4658 2 2 1 41 1539 1980 2774
4659 2 2 1 41 2159 1539 2774
4660 2 2 1 41 2698 2436 1437
4661 2 2 1 41 1398 2559 2647
4662 2 2 1 41 2784 927 941
4663 2 2 1 41 2754 2417 2503
4664 2 2 1 41 2814 2754 2503
4665 2 2 1 41 1843 2105 2649
4666 2 2 1 41 2105 2773 2649
4667 2 2 1 41 1456 1510 2800
4668 2 2 1 41 2800 1669 1456
4669 2 2 1 41 2800 1510 2707
4670 2 2 1 41 2449 2231 1350
4671 2 2 1 41 1908 2231 2449
4672 2 2 1 41 2449 786 1908
4673 2 2 1 41 1321 597 2567
4674 2 2 1 41 1678 1321 2567
4675 2 2 1 41 2567 597 1487
4676 2 2 1 41 1487 1527 2567
4677 2 2 1 41 2284 1353 2347
4678 2 2 1 41 2342 2347 1353
4679 2 2 1 41 2504 2284 2347
4680 2 2 1 41 1444 2639 2569
4681 2 2 1 41 2639 1444 2611
4682 2 2 1 41 2802 2639 2611
4683 2 2 1 41 2330 2804 793
4684 2 2 1 41 2740 793 2804
4685 2 2 1 41 2660 2740 2804
4686 2 2 1 41 2625 881 1551
4687 2 2 1 41 1551 2390 2625
4688 2 2 1 41 1750 881 2625
4689 2 2 1 41 2670 1649 2675
4690 2 2 1 41 2674 1650 2665
4691 2 2 1 41 870 882 2693
4692 2 2 1 41 2693 2620 870
4693 2 2 1 41 1139 2620 2693
4694 2 2 1 41 1807 2577 355
4695 2 2 1 41 356 355 2577
4696 2 2 1 41 2717 2358 2577
4697 2 2 1 41 2815 1775 1417
4698 2 2 1 41 1417 2375 2815
4699 2 2 1 41 2815 2375 1453
4700 2 2 1 41 793 2391 2531
4701 2 2 1 41 2422 2531 2391
4702 2 2 1 41 2818 697 1034
4703 2 2 1 41 2130 697 2818
4704 2 2 1 41 1016 2818 1034
4705 2 2 1 41 2130 2818 2666
4706 2 2 1 41 963 2519 1769
4707 2 2 1 41 2519 963 2713
4708 2 2 1 41 2627 1492 2519
4709 2 2 1 41 2713 2627 2519
4710 2 2 1 41 2136 941 582
4711 2 2 1 41 891 941 2136
4712 2 2 1 41 891 2136 1774
4713 2 2 1 41 786 2449 2520
4714 2 2 1 41 2296 2449 1351
4715 2 2 1 41 1351 2449 2389
4716 2 2 1 41 2296 2520 2449
4717 2 2 1 41 1650 1986 2665
4718 2 2 1 41 2670 1988 1649
4719 2 2 1 41 2660 2736 2475
4720 2 2 1 41 2660 2475 2816
4721 2 2 1 41 2561 2475 2736
4722 2 2 1 41 406 2746 407
4723 2 2 1 41 2746 406 2214
4724 2 2 1 41 2673 873 883
4725 2 2 1 41 883 2304 2673
4726 2 2 1 41 2586 873 2673
4727 2 2 1 41 2443 2329 781
4728 2 2 1 41 2329 2443 2348
4729 2 2 1 41 2443 2659 2348
4730 2 2 1 41 2659 2443 2438
4731 2 2 1 41 1355 2294 2464
4732 2 2 1 41 2464 2212 1355
4733 2 2 1 41 2415 2580 2521
4734 2 2 1 41 2467 2521 2580
4735 2 2 1 41 808 1975 2724
4736 2 2 1 41 1426 808 2724
4737 2 2 1 41 896 2724 1975
4738 2 2 1 41 2724 896 2642
4739 2 2 1 41 2701 1505 2467
4740 2 2 1 41 2334 2701 2580
4741 2 2 1 41 2467 2580 2701
4742 2 2 1 41 1271 1054 1189
4743 2 2 1 41 2116 1054 1271
4744 2 2 1 41 2116 1271 1066
4745 2 2 1 41 2624 2230 2522
4746 2 2 1 41 2495 2624 2522
4747 2 2 1 41 2448 2287 1352
4748 2 2 1 41 1352 2213 2448
4749 2 2 1 41 1018 670 1976
4750 2 2 1 41 1976 1023 1018
4751 2 2 1 41 1976 670 2113
4752 2 2 1 41 2499 2229 2621
4753 2 2 1 41 2499 2621 2494
4754 2 2 1 41 295 296 2654
4755 2 2 1 41 2654 1587 295
4756 2 2 1 41 803 1587 2654
4757 2 2 1 41 913 2087 2763
4758 2 2 1 41 946 2763 2087
4759 2 2 1 41 2109 2763 1850
4760 2 2 1 41 1850 2763 946
4761 2 2 1 41 2202 1131 511
4762 2 2 1 41 2202 2114 1131
4763 2 2 1 41 2114 2202 2178
4764 2 2 1 41 587 1690 2107
4765 2 2 1 41 587 2107 1946
4766 2 2 1 41 1802 844 2107
4767 2 2 1 41 1802 2107 1690
4768 2 2 1 41 2289 2558 778
4769 2 2 1 41 778 2558 2594
4770 2 2 1 41 2558 2289 1366
4771 2 2 1 41 2594 2558 1445
4772 2 2 1 41 1483 1969 2595
4773 2 2 1 41 2595 1969 1883
4774 2 2 1 41 2811 2595 1883
4775 2 2 1 41 1645 2595 2811
4776 2 2 1 41 1402 2439 2776
4777 2 2 1 41 1402 2776 2574
4778 2 2 1 41 2316 2503 2364
4779 2 2 1 41 1750 280 281
4780 2 2 1 41 2819 1750 281
4781 2 2 1 41 2829 1823 271
4782 2 2 1 41 1861 1823 2829
4783 2 2 1 41 110 1703 2830
4784 2 2 1 41 2830 1703 1578
4785 2 2 1 41 2830 109 110
4786 2 2 1 41 2831 1533 2631
4787 2 2 1 41 2747 1533 2831
4788 2 2 1 41 2631 2819 2831
4789 2 2 1 41 284 2750 2832
4790 2 2 1 41 2832 283 284
4791 2 2 1 41 2670 2675 2833
4792 2 2 1 41 2833 1626 2670
4793 2 2 1 41 2834 2674 2665
4794 2 2 1 41 2665 1624 2834
4795 2 2 1 41 2835 301 302
4796 2 2 1 41 302 2583 2835
4797 2 2 1 41 2487 1408 2836
4798 2 2 1 41 2839 2435 2010
4799 2 2 1 41 2313 2435 2839
4800 2 2 1 41 2010 128 2839
4801 2 2 1 41 2422 2391 2840
4802 2 2 1 41 2840 2391 2727
4803 2 2 1 41 2841 2641 1470
4804 2 2 1 41 2841 2792 2787
4805 2 2 1 41 1470 2792 2841
4806 2 2 1 41 2842 1705 589
4807 2 2 1 41 2842 1591 1459
4808 2 2 1 41 1459 1705 2842
4809 2 2 1 41 2843 1417 1466
4810 2 2 1 41 2375 1417 2843
4811 2 2 1 41 1466 2468 2843
4812 2 2 1 41 282 283 2844
4813 2 2 1 41 2845 1169 333
4814 2 2 1 41 722 1169 2845
4815 2 2 1 41 867 2408 2847
4816 2 2 1 41 2847 1645 867
4817 2 2 1 41 2847 2408 863
4818 2 2 1 41 2848 1552 2621
4819 2 2 1 41 2621 1367 2848
4820 2 2 1 41 606 1552 2848
4821 2 2 1 41 2265 2732 2849
4822 2 2 1 41 2824 2253 2849
4823 2 2 1 41 2849 2732 2824
4824 2 2 1 41 2849 2253 2265
4825 2 2 1 41 2624 1556 2850
4826 2 2 1 41 2850 1368 2624
4827 2 2 1 41 2850 1556 605
4828 2 2 1 41 2851 2638 2130
4829 2 2 1 41 2851 2666 2756
4830 2 2 1 41 2756 2638 2851
4831 2 2 1 41 2130 2666 2851
4832 2 2 1 41 2853 2814 2503
4833 2 2 1 41 2503 2316 2853
4834 2 2 1 41 798 1500 2854
4835 2 2 1 41 2854 1500 1410
4836 2 2 1 41 2017 927 2855
4837 2 2 1 41 2855 927 2784
4838 2 2 1 41 2856 1918 606
4839 2 2 1 41 2856 1367 1616
4840 2 2 1 41 1616 1918 2856
4841 2 2 1 41 2857 2750 830
4842 2 2 1 41 605 1924 2858
4843 2 2 1 41 1617 1368 2858
4844 2 2 1 41 2858 1924 1617
4845 2 2 1 41 2787 2754 2859
4846 2 2 1 41 2859 2754 2814
4847 2 2 1 41 2860 835 2023
4848 2 2 1 41 2025 836 2861
4849 2 2 1 41 863 845 2862
4850 2 2 1 41 2595 1645 2862
4851 2 2 1 41 2862 845 2595
4852 2 2 1 41 2863 366 365
4853 2 2 1 41 2005 1954 2864
4854 2 2 1 41 808 2576 2864
4855 2 2 1 41 2260 1382 2865
4856 2 2 1 41 2865 1382 2616
4857 2 2 1 41 2865 2251 2260
4858 2 2 1 41 2235 765 2866
4859 2 2 1 41 2256 2223 2866
4860 2 2 1 41 2866 765 2256
4861 2 2 1 41 597 1857 2867
4862 2 2 1 41 1775 2815 2867
4863 2 2 1 41 2867 1857 1775
4864 2 2 1 41 2868 1980 1539
4865 2 2 1 41 2603 1980 2868
4866 2 2 1 41 1289 720 2869
4867 2 2 1 41 2869 720 2039
4868 2 2 1 41 2856 606 2848
4869 2 2 1 41 1367 2856 2848
4870 2 2 1 41 2850 605 2858
4871 2 2 1 41 2850 2858 1368
4872 2 2 1 41 2842 589 2469
4873 2 2 1 41 1591 2842 2469
4874 2 2 1 41 1975 808 2864
4875 2 2 1 41 1975 2864 1954
4876 2 2 1 41 2834 1624 2744
4877 2 2 1 41 2743 1626 2833
4878 2 2 1 41 2847 863 2862
4879 2 2 1 41 2847 2862 1645
4880 2 2 1 41 2866 2223 2766
4881 2 2 1 41 2235 2866 2766
4882 2 2 1 41 2839 128 129
4883 2 2 1 41 2313 2839 129
4884 2 2 1 41 2838 2008 2144
4885 2 2 1 41 816 2375 2843
4886 2 2 1 41 816 2843 2468
4887 2 2 1 41 1424 2005 2864
4888 2 2 1 41 1424 2864 2576
4889 2 2 1 41 2835 2583 913
4890 2 2 1 41 2763 2835 913
4891 2 2 1 41 2109 301 2835
4892 2 2 1 41 2109 2835 2763
4893 2 2 1 41 1453 597 2867
4894 2 2 1 41 1453 2867 2815
4895 2 2 1 41 2844 283 2832
4896 2 2 1 41 2747 2844 2832
4897 2 2 1 41 2857 2747 2832
4898 2 2 1 41 2750 2857 2832
4899 2 2 1 41 2814 2853 2683
4900 2 2 1 41 2838 2144 2826
4901 2 2 1 41 2757 109 2830
4902 2 2 1 41 2757 2830 1578
4903 2 2 1 41 633 366 2863
4904 2 2 1 41 633 2863 850
4905 2 2 1 41 2837 2358 2852
4906 2 2 1 41 560 722 2845
4907 2 2 1 41 2859 2814 819
4908 2 2 1 41 985 2017 2855
4909 2 2 1 41 1322 1289 2869
4910 2 2 1 41 2747 2831 2844
4911 2 2 1 41 2844 2831 2819
4912 2 2 1 41 2819 282 2844
4913 2 2 1 41 2838 2826 2784
4914 2 2 1 41 2829 271 272
4915 2 2 1 41 272 1627 2829
4916 2 2 1 41 2829 1627 1861
4917 2 2 1 41 819 2641 2859
4918 2 2 1 41 2787 2859 2841
4919 2 2 1 41 2859 2641 2841
4920 2 2 1 41 625 985 2855
4921 2 2 1 41 2784 2826 2855
4922 2 2 1 41 625 2855 2826
4923 2 2 1 41 2810 2573 1066
4924 2 2 1 41 1066 1271 2810
4925 2 2 1 41 2785 2733 2781
4926 2 2 1 41 2820 2785 2781
4927 2 2 1 41 333 334 2845
4928 2 2 1 41 2845 334 560
4929 2 2 1 41 2253 2367 2465
4930 2 2 1 41 2253 2465 2618
4931 2 2 1 41 2770 1081 522
4932 2 2 1 41 522 1225 2770
4933 2 2 1 41 2637 1081 2770
4934 2 2 1 41 2709 2641 1440
4935 2 2 1 41 2431 1470 2641
4936 2 2 1 41 2641 2709 2431
4937 2 2 1 41 2837 358 357
4938 2 2 1 41 2269 358 2852
4939 2 2 1 41 2837 2852 358
4940 2 2 1 41 357 356 2837
4941 2 2 1 41 2837 356 2577
4942 2 2 1 41 2577 2358 2837
4943 2 2 1 41 2823 2094 2650
4944 2 2 1 41 2823 2463 2502
4945 2 2 1 41 2823 2650 2463
4946 2 2 1 41 2754 2787 2761
4947 2 2 1 41 2761 2787 2769
4948 2 2 1 41 2838 941 891
4949 2 2 1 41 891 2008 2838
4950 2 2 1 41 2784 941 2838
4951 2 2 1 41 2827 830 2019
4952 2 2 1 41 830 2827 2857
4953 2 2 1 41 2747 2827 1533
4954 2 2 1 41 2857 2827 2747
4955 2 2 1 41 1177 2130 2638
4956 2 2 1 41 1177 2638 2177
4957 2 2 1 41 2638 1603 2177
4958 2 2 1 41 2807 2734 1342
4959 2 2 1 41 2236 2734 2807
4960 2 2 1 41 2869 2846 1322
4961 2 2 1 41 2869 2039 1061
4962 2 2 1 41 2846 2869 1061
4963 2 2 1 41 1510 2789 2698
4964 2 2 1 41 2789 1510 2802
4965 2 2 1 41 2789 2802 2611
4966 2 2 1 41 2789 2436 2698
4967 2 2 1 41 1410 1480 2854
4968 2 2 1 41 1490 798 2854
4969 2 2 1 41 2868 1539 1460
4970 2 2 1 41 1460 2407 2868
4971 2 2 1 41 2868 2407 2603
4972 2 2 1 41 2233 1367 2621
4973 2 2 1 41 2233 2621 2229
4974 2 2 1 41 2072 1083 1071
4975 2 2 1 41 2795 1083 2072
4976 2 2 1 41 2039 2072 1212
4977 2 2 1 41 2795 2072 2039
4978 2 2 1 41 1387 2765 1378
4979 2 2 1 41 2399 2765 1387
4980 2 2 1 41 1342 2726 2807
4981 2 2 1 41 2741 2219 2807
4982 2 2 1 41 2726 2741 2807
4983 2 2 1 41 2612 1598 2614
4984 2 2 1 41 1519 2612 1796
4985 2 2 1 41 2612 2593 1796
4986 2 2 1 41 2612 2614 2593
4987 2 2 1 41 785 1378 2765
4988 2 2 1 41 2624 1368 2234
4989 2 2 1 41 2230 2624 2234
4990 2 2 1 41 2863 365 15
4991 2 2 1 41 1381 850 2863
4992 2 2 1 41 2863 15 2745
4993 2 2 1 41 2863 2745 1381
4994 2 2 1 41 644 2195 1233
4995 2 2 1 41 2195 644 2775
4996 2 2 1 41 1267 1233 2195
4997 2 2 1 41 1160 1021 2846
4998 2 2 1 41 2846 1021 1322
4999 2 2 1 41 2846 1061 1234
5000 2 2 1 41 1234 1160 2846
5001 2 2 1 41 1973 2546 2809
5002 2 2 1 41 2809 2546 2552
5003 2 2 1 41 1345 2237 2771
5004 2 2 1 41 1373 2216 2771
5005 2 2 1 41 2273 1373 2771
5006 2 2 1 41 2237 2273 2771
5007 2 2 1 41 1615 1769 500
5008 2 2 1 41 895 1769 1852
5009 2 2 1 41 1984 1769 895
5010 2 2 1 41 1615 1852 1769
5011 2 2 1 41 2503 2220 2364
5012 2 2 1 41 2417 2220 2503
5013 2 2 1 41 2105 2498 2773
5014 2 2 1 41 2498 2105 2710
5015 2 2 1 41 2498 1764 1014
5016 2 2 1 41 2498 2710 1764
5017 2 2 1 41 1929 644 2786
5018 2 2 1 41 2786 1124 971
5019 2 2 1 41 971 2393 2786
5020 2 2 1 41 2786 2393 1929
5021 2 2 1 41 539 1127 1189
5022 2 2 1 41 1271 1189 640
5023 2 2 1 41 1173 640 1189
5024 2 2 1 41 1127 1173 1189
5025 2 2 1 41 2821 608 1065
5026 2 2 1 41 1003 1970 672
5027 2 2 1 41 672 1970 1142
5028 2 2 1 41 2670 1455 1970
5029 2 2 1 41 673 1966 1002
5030 2 2 1 41 1143 1966 673
5031 2 2 1 41 1966 1454 2665
5032 2 2 1 41 2852 1430 2226
5033 2 2 1 41 2226 2269 2852
5034 2 2 1 41 2358 1430 2852
5035 2 2 1 41 2210 2303 2803
5036 2 2 1 41 2803 2255 2210
5037 2 2 1 41 2469 589 2806
5038 2 2 1 41 1525 779 2806
5039 2 2 1 41 2534 2806 779
5040 2 2 1 41 2806 2534 2469
5041 2 2 1 41 2760 884 607
5042 2 2 1 41 607 2782 2760
5043 2 2 1 41 2760 2782 982
5044 2 2 1 41 884 2760 2187
5045 2 2 1 41 619 1135 2135
5046 2 2 1 41 2633 1135 619
5047 2 2 1 41 2633 759 1135
5048 2 2 1 41 2135 1135 1078
5049 2 2 1 41 2094 2823 1507
5050 2 2 1 41 1592 112 113
5051 2 2 1 41 1522 785 2870
5052 2 2 1 41 2870 785 2765
5053 2 2 1 41 2870 1415 1522
5054 2 2 1 41 2521 2542 2871
5055 2 2 1 41 2871 2542 2821
5056 2 2 1 41 602 1740 2872
5057 2 2 1 41 2765 2399 2872
5058 2 2 1 41 2872 2399 602
5059 2 2 1 41 2873 1380 2562
5060 2 2 1 41 2873 1507 2823
5061 2 2 1 41 2562 1507 2873
5062 2 2 1 41 1963 608 2874
5063 2 2 1 41 2874 608 2821
5064 2 2 1 41 2876 1475 1756
5065 2 2 1 41 1066 660 2877
5066 2 2 1 41 1101 2116 2877
5067 2 2 1 41 2877 660 1101
5068 2 2 1 41 2877 2116 1066
5069 2 2 1 41 2878 1426 2724
5070 2 2 1 41 1408 1426 2878
5071 2 2 1 41 1740 1415 2879
5072 2 2 1 41 2765 2872 2879
5073 2 2 1 41 2879 2872 1740
5074 2 2 1 41 96 97 2880
5075 2 2 1 41 2881 793 2531
5076 2 2 1 41 2531 1389 2881
5077 2 2 1 41 2882 1067 1081
5078 2 2 1 41 2882 1258 1320
5079 2 2 1 41 1320 1067 2882
5080 2 2 1 41 1081 1258 2882
5081 2 2 1 41 2883 894 1862
5082 2 2 1 41 1862 1592 2883
5083 2 2 1 41 1517 782 2885
5084 2 2 1 41 2562 2596 2885
5085 2 2 1 41 2885 782 2562
5086 2 2 1 41 2885 2596 1517
5087 2 2 1 41 2822 1475 2876
5088 2 2 1 41 2822 2876 1522
5089 2 2 1 41 785 1522 2876
5090 2 2 1 41 2875 894 2883
5091 2 2 1 41 2879 1415 2870
5092 2 2 1 41 2765 2879 2870
5093 2 2 1 41 2662 2521 2871
5094 2 2 1 41 115 1671 2875
5095 2 2 1 41 2875 114 115
5096 2 2 1 41 2875 1671 894
5097 2 2 1 41 858 1963 2874
5098 2 2 1 41 2325 777 2836
5099 2 2 1 41 777 2487 2836
5100 2 2 1 41 2325 2836 2316
5101 2 2 1 41 836 1570 2861
5102 2 2 1 41 2743 2861 1570
5103 2 2 1 41 2833 2675 2861
5104 2 2 1 41 2743 2833 2861
5105 2 2 1 41 2860 1569 835
5106 2 2 1 41 1569 2860 2744
5107 2 2 1 41 2860 2674 2834
5108 2 2 1 41 2860 2834 2744
5109 2 2 1 41 2510 1413 2840
5110 2 2 1 41 1413 2422 2840
5111 2 2 1 41 2510 2840 2492
5112 2 2 1 41 2727 2492 2840
5113 2 2 1 41 1408 2683 2836
5114 2 2 1 41 2853 2836 2683
5115 2 2 1 41 2853 2316 2836
5116 2 2 1 41 595 1516 2878
5117 2 2 1 41 595 2878 2642
5118 2 2 1 41 2878 1516 1408
5119 2 2 1 41 2878 2724 2642
5120 2 2 1 41 2805 2728 2803
5121 2 2 1 41 1649 1988 1737
5122 2 2 1 41 1922 1737 1988
5123 2 2 1 41 2182 1922 1988
5124 2 2 1 41 1736 1986 1650
5125 2 2 1 41 1986 1736 1921
5126 2 2 1 41 1986 1921 2183
5127 2 2 1 41 1065 608 1144
5128 2 2 1 41 2874 2697 858
5129 2 2 1 41 2697 2821 2542
5130 2 2 1 41 2821 2697 2874
5131 2 2 1 41 1384 1380 2502
5132 2 2 1 41 2502 1380 2873
5133 2 2 1 41 1384 2502 2658
5134 2 2 1 41 2502 2873 2823
5135 2 2 1 41 2251 2865 2366
5136 2 2 1 41 2459 2366 2865
5137 2 2 1 41 2616 2459 2865
5138 2 2 1 41 2886 290 1490
5139 2 2 1 41 2303 2254 2887
5140 2 2 1 41 2805 2803 2887
5141 2 2 1 41 2887 2254 2805
5142 2 2 1 41 2887 2803 2303
5143 2 2 1 41 2232 1356 2888
5144 2 2 1 41 2303 2210 2888
5145 2 2 1 41 2888 1356 2303
5146 2 2 1 41 2888 2210 2232
5147 2 2 1 41 879 2725 2889
5148 2 2 1 41 2697 1618 2890
5149 2 2 1 41 2890 1618 859
5150 2 2 1 41 1572 2674 2891
5151 2 2 1 41 2891 2674 2860
5152 2 2 1 41 2892 2675 1573
5153 2 2 1 41 2861 2675 2892
5154 2 2 1 41 2893 1002 1966
5155 2 2 1 41 2893 2665 1986
5156 2 2 1 41 1986 1002 2893
5157 2 2 1 41 1966 2665 2893
5158 2 2 1 41 1970 1003 2894
5159 2 2 1 41 1988 2670 2894
5160 2 2 1 41 2894 1003 1988
5161 2 2 1 41 2894 2670 1970
5162 2 2 1 41 1572 349 2895
5163 2 2 1 41 2533 1636 2895
5164 2 2 1 41 2895 1636 1572
5165 2 2 1 41 2896 421 1573
5166 2 2 1 41 2896 1638 2535
5167 2 2 1 41 1573 1638 2896
5168 2 2 1 41 2897 2761 2769
5169 2 2 1 41 2769 2330 2897
5170 2 2 1 41 2419 2761 2897
5171 2 2 1 41 2890 859 2801
5172 2 2 1 41 2854 1480 2886
5173 2 2 1 41 2854 2886 1490
5174 2 2 1 41 2895 349 348
5175 2 2 1 41 2533 2895 348
5176 2 2 1 41 422 421 2896
5177 2 2 1 41 422 2896 2535
5178 2 2 1 41 2897 2330 2884
5179 2 2 1 41 2419 2897 2884
5180 2 2 1 41 94 95 2889
5181 2 2 1 41 94 2889 2725
5182 2 2 1 41 289 290 2886
5183 2 2 1 41 2025 2861 2892
5184 2 2 1 41 2891 2860 2023
5185 2 2 1 41 2871 1065 2662
5186 2 2 1 41 2821 1065 2871
5187 2 2 1 41 2880 827 1602
5188 2 2 1 41 1612 827 2880
5189 2 2 1 41 2880 97 1612
5190 2 2 1 41 95 96 2889
5191 2 2 1 41 1602 879 2889
5192 2 2 1 41 1602 2889 2880
5193 2 2 1 41 2889 96 2880
5194 2 2 1 41 2254 2241 2828
5195 2 2 1 41 2828 2805 2254
5196 2 2 1 41 2828 2738 2805
5197 2 2 1 41 2244 2419 2884
5198 2 2 1 41 1573 420 2892
5199 2 2 1 41 2025 2892 419
5200 2 2 1 41 2892 420 419
5201 2 2 1 41 2891 350 1572
5202 2 2 1 41 351 2891 2023
5203 2 2 1 41 351 350 2891
5204 2 2 1 41 2883 1592 113
5205 2 2 1 41 2883 113 114
5206 2 2 1 41 2875 2883 114
5207 2 2 1 41 2825 2383 785
5208 2 2 1 41 785 2876 2825
5209 2 2 1 41 1756 2825 2876
5210 2 2 1 41 787 2383 2825
5211 2 2 1 41 858 2801 1506
5212 2 2 1 41 858 2697 2801
5213 2 2 1 41 1486 1506 2801
5214 2 2 1 41 2890 2801 2697
5215 2 2 1 41 289 2886 2898
5216 2 2 1 41 2898 2886 1480
5217 2 2 1 41 2899 323 324
5218 2 2 1 41 2899 922 2088
5219 2 2 1 41 2088 323 2899
5220 2 2 1 41 1065 1144 2900
5221 2 2 1 41 1305 1935 2900
5222 2 2 1 41 2900 1144 1305
5223 2 2 1 41 2900 1935 1065
5224 2 2 1 41 2392 2244 2901
5225 2 2 1 41 2901 2244 2884
5226 2 2 1 41 1389 2392 2901
5227 2 2 1 41 288 289 2898
5228 2 2 1 41 2898 2614 288
5229 2 2 1 41 1480 2614 2898
5230 2 2 1 41 1389 2901 2881
5231 2 2 1 41 2881 2330 793
5232 2 2 1 41 2884 2330 2881
5233 2 2 1 41 2884 2881 2901
5234 2 2 1 41 2769 2804 2330
5235 2 2 1 41 2804 2769 2792
5236 2 2 1 41 2360 1599 2902
5237 2 2 1 41 2565 2704 2903
5238 2 2 1 41 1993 1086 2904
5239 2 2 1 41 2904 1622 1993
5240 2 2 1 41 264 265 2903
5241 2 2 1 41 264 2903 2704
5242 2 2 1 41 2904 122 123
5243 2 2 1 41 1622 2904 123
5244 2 2 1 41 121 122 2904
5245 2 2 1 41 121 2904 1086
5246 2 2 1 41 2270 2360 2902
5247 2 2 1 41 413 412 2902
5248 2 2 1 41 2270 2902 412
5249 2 2 1 41 413 2902 414
5250 2 2 1 41 414 2902 1599
5251 2 2 1 41 265 266 2903
5252 2 2 1 41 2903 266 1557
5253 2 2 1 41 1557 2565 2903
5254 2 2 1 41 325 1828 2899
5255 2 2 1 41 324 325 2899
5256 2 2 1 41 2899 1828 922
5257 2 2 1 41 380 379 723
5258 2 2 1 41 380 723 753
5259 2 2 1 41 1460 1539 2749
5260 2 2 1 41 1460 2749 1654
5261 2 2 1 41 501 1080 1870
5262 2 2 1 41 501 1870 2038
5263 2 2 1 41 2793 1448 962
5264 2 2 1 41 2582 2793 962
5265 2 2 1 41 2647 2559 1491
5266 2 2 1 41 2703 2647 1491
5267 2 2 1 41 2703 804 2790
5268 2 2 1 41 2703 2790 1560
5269 2 2 2 44 2931 164 165
5270 2 2 2 44 405 2931 165
5271 2 2 2 44 405 165 12
5272 2 2 2 44 405 404 2930
5273 2 2 2 44 405 2930 2931
5274 2 2 2 44 2957 2919 2920
5275 2 2 2 44 2920 2919 2981
5276 2 2 2 44 3000 2994 2924
5277 2 2 2 44 3004 404 403
5278 2 2 2 44 2930 404 3004
5279 2 2 2 44 403 2994 3004
5280 2 2 2 44 3006 2924 2921
5281 2 2 2 44 2921 2987 3006
5282 2 2 2 44 2918 2948 3009
5283 2 2 2 44 2917 2983 3009
5284 2 2 2 44 3000 2924 3006
5285 2 2 2 44 3010 2917 3009
5286 2 2 2 44 2963 2909 2971
5287 2 2 2 44 407 408 2954
5288 2 2 2 44 2976 217 218
5289 2 2 2 44 3000 2930 3004
5290 2 2 2 44 3000 3004 2994
5291 2 2 2 44 3005 2969 2921
5292 2 2 2 44 2921 2924 3005
5293 2 2 2 44 161 162 2987
5294 2 2 2 44 2984 219 220
5295 2 2 2 44 3007 163 164
5296 2 2 2 44 164 2931 3007
5297 2 2 2 44 2930 3007 2931
5298 2 2 2 44 2977 216 217
5299 2 2 2 44 217 2976 2977
5300 2 2 2 44 2926 2927 2977
5301 2 2 2 44 2926 2977 2976
5302 2 2 2 44 2985 3008 2989
5303 2 2 2 44 2980 215 216
5304 2 2 2 44 216 2977 2980
5305 2 2 2 44 2929 2985 2980
5306 2 2 2 44 431 432 2982
5307 2 2 2 44 402 401 2991
5308 2 2 2 44 2990 3008 2986
5309 2 2 2 44 2994 403 402
5310 2 2 2 44 402 2991 2994
5311 2 2 2 44 3005 2924 2994
5312 2 2 2 44 2991 3005 2994
5313 2 2 2 44 407 2978 406
5314 2 2 2 44 394 393 2960
5315 2 2 2 44 407 2954 2978
5316 2 2 2 44 2930 3000 3007
5317 2 2 2 44 3007 3000 3006
5318 2 2 2 44 2920 2993 2957
5319 2 2 2 44 2940 3043 3051
5320 2 2 2 44 2949 3048 3056
5321 2 2 2 44 2956 3039 3059
5322 2 2 2 44 3067 3058 2928
5323 2 2 2 44 2949 3056 3068
5324 2 2 2 44 3068 3065 2949
5325 2 2 2 44 2905 3037 3083
5326 2 2 2 44 3087 2915 2948
5327 2 2 2 44 3088 2957 2993
5328 2 2 2 44 3089 3079 2955
5329 2 2 2 44 3011 3069 3092
5330 2 2 2 44 2993 2920 3093
5331 2 2 2 44 3094 3083 2938
5332 2 2 2 44 2997 3029 3095
5333 2 2 2 44 2999 3078 3096
5334 2 2 2 44 2955 3071 3097
5335 2 2 2 44 3098 3037 2950
5336 2 2 2 44 2978 3078 3099
5337 2 2 2 44 3099 406 2978
5338 2 2 2 44 2908 3016 3100
5339 2 2 2 44 3101 3069 2946
5340 2 2 2 44 2914 3101 3105
5341 2 2 2 44 2945 3062 3106
5342 2 2 2 44 3107 3059 2905
5343 2 2 2 44 3110 3030 2908
5344 2 2 2 44 2908 3032 3110
5345 2 2 2 44 3111 3091 2906
5346 2 2 2 44 3111 3106 2973
5347 2 2 2 44 2993 3093 3117
5348 2 2 2 44 3118 3026 2939
5349 2 2 2 44 2945 3106 3122
5350 2 2 2 44 2915 3087 3123
5351 2 2 2 44 2953 3114 3123
5352 2 2 2 44 3123 3087 2953
5353 2 2 2 44 3124 3103 2965
5354 2 2 2 44 3125 2971 2951
5355 2 2 2 44 2963 2971 3125
5356 2 2 2 44 2951 3107 3125
5357 2 2 2 44 3127 2984 220
5358 2 2 2 44 2972 2984 3127
5359 2 2 2 44 3128 3067 2928
5360 2 2 2 44 3128 3090 2934
5361 2 2 2 44 2987 162 3132
5362 2 2 2 44 3007 3006 3132
5363 2 2 2 44 3132 3006 2987
5364 2 2 2 44 3133 3080 2937
5365 2 2 2 44 3134 3078 2978
5366 2 2 2 44 2956 3059 3135
5367 2 2 2 44 3136 3048 2913
5368 2 2 2 44 3137 3117 2970
5369 2 2 2 44 2914 3010 3139
5370 2 2 2 44 226 227 3140
5371 2 2 2 44 2967 3081 3140
5372 2 2 2 44 3141 3074 2975
5373 2 2 2 44 3142 394 2960
5374 2 2 2 44 2960 3091 3142
5375 2 2 2 44 160 161 3143
5376 2 2 2 44 2987 3071 3143
5377 2 2 2 44 3143 161 2987
5378 2 2 2 44 390 389 3146
5379 2 2 2 44 3147 3135 2951
5380 2 2 2 44 2913 3048 3149
5381 2 2 2 44 3149 3048 2949
5382 2 2 2 44 3150 2913 2911
5383 2 2 2 44 2995 2913 3150
5384 2 2 2 44 2911 3120 3150
5385 2 2 2 44 3152 225 226
5386 2 2 2 44 3152 3081 2974
5387 2 2 2 44 2974 3088 3153
5388 2 2 2 44 3154 3088 2993
5389 2 2 2 44 3155 3093 2965
5390 2 2 2 44 2905 3083 3156
5391 2 2 2 44 3156 3107 2905
5392 2 2 2 44 3159 3085 2962
5393 2 2 2 44 3159 3141 2975
5394 2 2 2 44 3160 429 430
5395 2 2 2 44 430 2979 3160
5396 2 2 2 44 3161 2921 2969
5397 2 2 2 44 3161 3071 2987
5398 2 2 2 44 2987 2921 3161
5399 2 2 2 44 3163 3122 2906
5400 2 2 2 44 2949 3065 3165
5401 2 2 2 44 3165 3065 2952
5402 2 2 2 44 3165 3121 2949
5403 2 2 2 44 2946 3049 3166
5404 2 2 2 44 3166 3101 2946
5405 2 2 2 44 3167 3138 2917
5406 2 2 2 44 218 219 3169
5407 2 2 2 44 3169 219 2984
5408 2 2 2 44 3169 2976 218
5409 2 2 2 44 2975 3074 3170
5410 2 2 2 44 2956 3135 3170
5411 2 2 2 44 2907 3065 3171
5412 2 2 2 44 3171 3085 2907
5413 2 2 2 44 3175 3154 2993
5414 2 2 2 44 2993 3117 3175
5415 2 2 2 44 3177 3147 2951
5416 2 2 2 44 3178 3009 2948
5417 2 2 2 44 3010 3009 3178
5418 2 2 2 44 3180 3016 2908
5419 2 2 2 44 2908 3030 3180
5420 2 2 2 44 2925 2926 3181
5421 2 2 2 44 3181 2926 2976
5422 2 2 2 44 3184 3137 2970
5423 2 2 2 44 2964 3084 3186
5424 2 2 2 44 3186 3044 2964
5425 2 2 2 44 3188 3056 2945
5426 2 2 2 44 2945 3122 3188
5427 2 2 2 44 3191 2971 2909
5428 2 2 2 44 2952 2971 3191
5429 2 2 2 44 2907 3085 3192
5430 2 2 2 44 2975 3147 3192
5431 2 2 2 44 224 225 3197
5432 2 2 2 44 2966 3154 3198
5433 2 2 2 44 434 13 3199
5434 2 2 2 44 3199 13 435
5435 2 2 2 44 2991 401 3202
5436 2 2 2 44 3202 2916 2991
5437 2 2 2 44 3197 225 3152
5438 2 2 2 44 2974 3197 3152
5439 2 2 2 44 3202 401 400
5440 2 2 2 44 3054 2958 3019
5441 2 2 2 44 3180 2988 3018
5442 2 2 2 44 3016 3180 3018
5443 2 2 2 44 3019 2958 3100
5444 2 2 2 44 3019 3100 3016
5445 2 2 2 44 3018 2988 3029
5446 2 2 2 44 3076 2934 3073
5447 2 2 2 44 3022 3076 3073
5448 2 2 2 44 3037 2905 3070
5449 2 2 2 44 3030 3110 3022
5450 2 2 2 44 3096 2928 3058
5451 2 2 2 44 3031 3096 3058
5452 2 2 2 44 3040 2944 3130
5453 2 2 2 44 3098 2938 3083
5454 2 2 2 44 3037 3098 3083
5455 2 2 2 44 3070 2905 3059
5456 2 2 2 44 3039 3070 3059
5457 2 2 2 44 3157 2944 3052
5458 2 2 2 44 3046 3051 3043
5459 2 2 2 44 3072 2945 3056
5460 2 2 2 44 3048 3072 3056
5461 2 2 2 44 3091 2960 3133
5462 2 2 2 44 3056 3188 3068
5463 2 2 2 44 3067 3176 3058
5464 2 2 2 44 3107 2951 3135
5465 2 2 2 44 3107 3135 3059
5466 2 2 2 44 3112 3148 3061
5467 2 2 2 44 3062 2945 3072
5468 2 2 2 44 3195 2946 3069
5469 2 2 2 44 3068 3171 3065
5470 2 2 2 44 3128 2934 3076
5471 2 2 2 44 3067 3128 3076
5472 2 2 2 44 3101 2914 3092
5473 2 2 2 44 3069 3101 3092
5474 2 2 2 44 3161 2969 3097
5475 2 2 2 44 3071 3161 3097
5476 2 2 2 44 3134 2928 3096
5477 2 2 2 44 3078 3134 3096
5478 2 2 2 44 3152 226 3140
5479 2 2 2 44 3081 3152 3140
5480 2 2 2 44 3097 2969 3120
5481 2 2 2 44 3094 2963 3156
5482 2 2 2 44 3094 3156 3083
5483 2 2 2 44 3095 3186 3084
5484 2 2 2 44 3159 2975 3192
5485 2 2 2 44 3159 3192 3085
5486 2 2 2 44 3154 2966 3153
5487 2 2 2 44 3088 3154 3153
5488 2 2 2 44 3111 2973 3142
5489 2 2 2 44 3111 3142 3091
5490 2 2 2 44 3155 2970 3117
5491 2 2 2 44 3093 3155 3117
5492 2 2 2 44 3197 2974 3153
5493 2 2 2 44 3166 2947 3105
5494 2 2 2 44 3101 3166 3105
5495 2 2 2 44 3111 2906 3122
5496 2 2 2 44 3111 3122 3106
5497 2 2 2 44 3156 2963 3125
5498 2 2 2 44 3107 3156 3125
5499 2 2 2 44 3174 2915 3123
5500 2 2 2 44 3114 3174 3123
5501 2 2 2 44 3137 2922 3175
5502 2 2 2 44 3137 3175 3117
5503 2 2 2 44 3163 3188 3122
5504 2 2 2 44 3127 220 221
5505 2 2 2 44 3147 2975 3170
5506 2 2 2 44 3147 3170 3135
5507 2 2 2 44 3167 2947 3164
5508 2 2 2 44 3138 3167 3164
5509 2 2 2 44 3159 2962 3172
5510 2 2 2 44 3159 3172 3141
5511 2 2 2 44 3177 2907 3192
5512 2 2 2 44 3177 3192 3147
5513 2 2 2 44 3175 2922 3198
5514 2 2 2 44 3175 3198 3154
5515 2 2 2 44 3177 2951 2971
5516 2 2 2 44 3178 2948 2915
5517 2 2 2 44 3077 3195 3069
5518 2 2 2 44 2927 2926 3185
5519 2 2 2 44 3052 3040 2912
5520 2 2 2 44 2944 3040 3052
5521 2 2 2 44 3060 246 247
5522 2 2 2 44 3098 3066 2938
5523 2 2 2 44 2991 2916 3194
5524 2 2 2 44 2995 3194 2916
5525 2 2 2 44 3005 2991 3194
5526 2 2 2 44 3144 57 58
5527 2 2 2 44 3109 61 62
5528 2 2 2 44 2922 3179 3198
5529 2 2 2 44 2968 2966 3179
5530 2 2 2 44 3198 3179 2966
5531 2 2 2 44 3190 230 231
5532 2 2 2 44 3190 3064 2959
5533 2 2 2 44 3108 223 224
5534 2 2 2 44 3197 3108 224
5535 2 2 2 44 2966 3108 3153
5536 2 2 2 44 3108 3197 3153
5537 2 2 2 44 3151 222 223
5538 2 2 2 44 223 3108 3151
5539 2 2 2 44 2966 2968 3151
5540 2 2 2 44 2966 3151 3108
5541 2 2 2 44 232 233 3189
5542 2 2 2 44 3187 63 64
5543 2 2 2 44 2968 2972 3127
5544 2 2 2 44 2947 3167 3105
5545 2 2 2 44 3167 2917 3010
5546 2 2 2 44 3010 2914 3167
5547 2 2 2 44 3105 3167 2914
5548 2 2 2 44 3002 2964 3126
5549 2 2 2 44 221 222 3151
5550 2 2 2 44 221 3151 3127
5551 2 2 2 44 2968 3127 3151
5552 2 2 2 44 2973 396 395
5553 2 2 2 44 3121 2910 2992
5554 2 2 2 44 3080 392 391
5555 2 2 2 44 391 3033 3080
5556 2 2 2 44 3193 426 427
5557 2 2 2 44 423 424 3173
5558 2 2 2 44 3173 2970 3155
5559 2 2 2 44 3119 3145 2961
5560 2 2 2 44 3062 3072 3116
5561 2 2 2 44 257 10 2942
5562 2 2 2 44 3145 420 421
5563 2 2 2 44 3145 3103 2961
5564 2 2 2 44 2995 2916 3182
5565 2 2 2 44 3049 2946 3195
5566 2 2 2 44 3049 3195 3045
5567 2 2 2 44 3185 2926 2925
5568 2 2 2 44 2911 2913 3149
5569 2 2 2 44 2949 3121 3149
5570 2 2 2 44 3131 2992 2910
5571 2 2 2 44 2920 2981 3124
5572 2 2 2 44 3124 3093 2920
5573 2 2 2 44 2965 3093 3124
5574 2 2 2 44 394 3142 395
5575 2 2 2 44 395 3142 2973
5576 2 2 2 44 3128 2928 3134
5577 2 2 2 44 2954 3090 3134
5578 2 2 2 44 3134 2978 2954
5579 2 2 2 44 3128 3134 3090
5580 2 2 2 44 2983 2917 3138
5581 2 2 2 44 3177 3065 2907
5582 2 2 2 44 3177 2971 2952
5583 2 2 2 44 2952 3065 3177
5584 2 2 2 44 3116 399 398
5585 2 2 2 44 163 3132 162
5586 2 2 2 44 3007 3132 163
5587 2 2 2 44 3165 2952 3191
5588 2 2 2 44 3191 2909 3003
5589 2 2 2 44 3191 3003 2910
5590 2 2 2 44 2910 3121 3191
5591 2 2 2 44 3121 3165 3191
5592 2 2 2 44 16 3099 387
5593 2 2 2 44 406 3099 16
5594 2 2 2 44 3168 3081 2967
5595 2 2 2 44 3061 3157 3052
5596 2 2 2 44 2911 2992 3089
5597 2 2 2 44 2911 3089 3120
5598 2 2 2 44 3097 3089 2955
5599 2 2 2 44 3097 3120 3089
5600 2 2 2 44 2922 2923 3179
5601 2 2 2 44 3084 2964 3002
5602 2 2 2 44 3084 3002 3118
5603 2 2 2 44 3084 3118 3038
5604 2 2 2 44 3200 213 214
5605 2 2 2 44 3200 2985 2989
5606 2 2 2 44 2969 3005 3194
5607 2 2 2 44 3194 3120 2969
5608 2 2 2 44 3194 2995 3150
5609 2 2 2 44 3120 3194 3150
5610 2 2 2 44 2996 2989 3008
5611 2 2 2 44 3008 2990 2996
5612 2 2 2 44 2915 3139 3178
5613 2 2 2 44 3178 3139 3010
5614 2 2 2 44 3158 3003 2909
5615 2 2 2 44 2984 2972 3201
5616 2 2 2 44 3181 3201 2925
5617 2 2 2 44 3174 3139 2915
5618 2 2 2 44 3139 3174 3112
5619 2 2 2 44 2948 2918 3129
5620 2 2 2 44 3087 2948 3129
5621 2 2 2 44 2959 3064 3129
5622 2 2 2 44 3087 3129 3064
5623 2 2 2 44 2967 3140 227
5624 2 2 2 44 3136 2913 2995
5625 2 2 2 44 3136 2995 3182
5626 2 2 2 44 3025 3207 3208
5627 2 2 2 44 3025 3208 3209
5628 2 2 2 44 3014 3206 3210
5629 2 2 2 44 3036 3204 3214
5630 2 2 2 44 3025 3209 3216
5631 2 2 2 44 2933 3212 3217
5632 2 2 2 44 3014 3210 3218
5633 2 2 2 44 3219 3214 2933
5634 2 2 2 44 2933 3217 3219
5635 2 2 2 44 3220 3204 3035
5636 2 2 2 44 3220 3213 2933
5637 2 2 2 44 3221 3055 3114
5638 2 2 2 44 3223 3204 3013
5639 2 2 2 44 3223 3210 3035
5640 2 2 2 44 3035 3204 3223
5641 2 2 2 44 3015 3213 3224
5642 2 2 2 44 3130 2944 3225
5643 2 2 2 44 3226 3209 2936
5644 2 2 2 44 3015 3224 3229
5645 2 2 2 44 3230 3225 3034
5646 2 2 2 44 3162 3131 3231
5647 2 2 2 44 3003 3158 3231
5648 2 2 2 44 3232 3187 64
5649 2 2 2 44 3044 3186 3233
5650 2 2 2 44 3130 3225 3234
5651 2 2 2 44 3234 2941 3130
5652 2 2 2 44 3235 2964 3044
5653 2 2 2 44 3126 2964 3235
5654 2 2 2 44 3236 3215 3041
5655 2 2 2 44 3238 3054 3019
5656 2 2 2 44 3036 3214 3239
5657 2 2 2 44 3013 3204 3240
5658 2 2 2 44 3240 3204 3036
5659 2 2 2 44 3240 3207 3013
5660 2 2 2 44 3054 3238 3241
5661 2 2 2 44 3241 3238 3015
5662 2 2 2 44 3245 3002 3126
5663 2 2 2 44 410 411 3246
5664 2 2 2 44 3041 3215 3246
5665 2 2 2 44 2935 3113 3247
5666 2 2 2 44 3044 3233 3247
5667 2 2 2 44 3248 3039 2956
5668 2 2 2 44 3248 3241 3015
5669 2 2 2 44 3249 237 238
5670 2 2 2 44 3249 3237 3075
5671 2 2 2 44 3250 3030 3022
5672 2 2 2 44 3023 3228 3251
5673 2 2 2 44 3252 3237 3034
5674 2 2 2 44 3115 2943 3253
5675 2 2 2 44 3255 2909 2963
5676 2 2 2 44 3158 2909 3255
5677 2 2 2 44 3066 3098 3256
5678 2 2 2 44 3057 3250 3257
5679 2 2 2 44 3257 3233 3057
5680 2 2 2 44 3258 3145 421
5681 2 2 2 44 3103 3145 3258
5682 2 2 2 44 3259 3190 231
5683 2 2 2 44 3064 3190 3259
5684 2 2 2 44 3261 413 414
5685 2 2 2 44 3264 2938 3066
5686 2 2 2 44 3162 3231 3267
5687 2 2 2 44 3267 3231 3158
5688 2 2 2 44 3014 3211 3268
5689 2 2 2 44 3269 3145 3119
5690 2 2 2 44 412 413 3270
5691 2 2 2 44 3063 3222 3270
5692 2 2 2 44 256 257 3271
5693 2 2 2 44 3271 257 2942
5694 2 2 2 44 3271 3211 256
5695 2 2 2 44 3173 3155 3273
5696 2 2 2 44 3273 423 3173
5697 2 2 2 44 3274 3236 3041
5698 2 2 2 44 3063 3261 3276
5699 2 2 2 44 3277 3073 2935
5700 2 2 2 44 3277 3250 3022
5701 2 2 2 44 3022 3073 3277
5702 2 2 2 44 3280 3228 3017
5703 2 2 2 44 3281 3091 3133
5704 2 2 2 44 3071 2955 3282
5705 2 2 2 44 3284 3046 2997
5706 2 2 2 44 3051 3046 3284
5707 2 2 2 44 3286 3279 3047
5708 2 2 2 44 3063 3276 3287
5709 2 2 2 44 3288 235 236
5710 2 2 2 44 3288 3244 3055
5711 2 2 2 44 398 397 3289
5712 2 2 2 44 3062 3116 3289
5713 2 2 2 44 3289 3116 398
5714 2 2 2 44 3290 3024 3032
5715 2 2 2 44 3290 3100 2958
5716 2 2 2 44 3292 3233 3186
5717 2 2 2 44 3057 3233 3292
5718 2 2 2 44 3293 411 412
5719 2 2 2 44 3293 3222 3041
5720 2 2 2 44 3294 3172 3028
5721 2 2 2 44 3028 3027 3294
5722 2 2 2 44 3077 3286 3295
5723 2 2 2 44 3075 3237 3296
5724 2 2 2 44 3297 3096 3031
5725 2 2 2 44 3031 3021 3297
5726 2 2 2 44 2999 3096 3297
5727 2 2 2 44 236 237 3298
5728 2 2 2 44 3075 3244 3298
5729 2 2 2 44 3299 2943 3115
5730 2 2 2 44 3299 3222 3063
5731 2 2 2 44 2936 3046 3301
5732 2 2 2 44 3301 3046 3043
5733 2 2 2 44 3301 3226 2936
5734 2 2 2 44 3173 424 3304
5735 2 2 2 44 3305 3244 3075
5736 2 2 2 44 3306 3261 414
5737 2 2 2 44 3309 3235 3044
5738 2 2 2 44 3055 3244 3310
5739 2 2 2 44 3312 215 2980
5740 2 2 2 44 3312 2985 3200
5741 2 2 2 44 2980 2985 3312
5742 2 2 2 44 3313 3206 2932
5743 2 2 2 44 3313 3224 3035
5744 2 2 2 44 3061 3052 3314
5745 2 2 2 44 3146 3021 3315
5746 2 2 2 44 3315 390 3146
5747 2 2 2 44 3315 3021 3033
5748 2 2 2 44 3316 3206 3014
5749 2 2 2 44 3014 3268 3316
5750 2 2 2 44 3098 2950 3317
5751 2 2 2 44 3144 3256 3317
5752 2 2 2 44 3317 3256 3098
5753 2 2 2 44 3318 3278 3060
5754 2 2 2 44 3320 389 388
5755 2 2 2 44 3323 3118 2939
5756 2 2 2 44 3038 3118 3323
5757 2 2 2 44 3324 3032 3024
5758 2 2 2 44 3176 3032 3324
5759 2 2 2 44 3042 3275 3325
5760 2 2 2 44 3039 3229 3326
5761 2 2 2 44 3326 3070 3039
5762 2 2 2 44 3326 3229 2932
5763 2 2 2 44 3327 397 396
5764 2 2 2 44 3020 3226 3329
5765 2 2 2 44 3070 3265 3330
5766 2 2 2 44 3330 3037 3070
5767 2 2 2 44 2998 3279 3331
5768 2 2 2 44 3332 3183 2923
5769 2 2 2 44 3335 2927 3185
5770 2 2 2 44 3335 3160 2979
5771 2 2 2 44 3189 2953 3336
5772 2 2 2 44 3337 430 431
5773 2 2 2 44 2979 430 3337
5774 2 2 2 44 431 2982 3337
5775 2 2 2 44 2937 3080 3338
5776 2 2 2 44 3338 3080 3033
5777 2 2 2 44 3057 2988 3340
5778 2 2 2 44 3180 3030 3340
5779 2 2 2 44 3340 2988 3180
5780 2 2 2 44 3341 409 410
5781 2 2 2 44 3342 2967 3050
5782 2 2 2 44 3168 2967 3342
5783 2 2 2 44 3343 3286 3047
5784 2 2 2 44 3344 3179 2923
5785 2 2 2 44 3344 3201 2972
5786 2 2 2 44 3092 2914 3346
5787 2 2 2 44 3346 2914 3139
5788 2 2 2 44 3346 3345 3092
5789 2 2 2 44 3113 2935 3347
5790 2 2 2 44 3348 2940 3051
5791 2 2 2 44 3053 2940 3348
5792 2 2 2 44 3349 2929 2927
5793 2 2 2 44 3349 3335 2979
5794 2 2 2 44 2927 3335 3349
5795 2 2 2 44 3054 3241 3351
5796 2 2 2 44 3351 3074 3054
5797 2 2 2 44 3352 59 60
5798 2 2 2 44 3353 3275 2941
5799 2 2 2 44 3354 2935 3073
5800 2 2 2 44 3355 2919 2957
5801 2 2 2 44 3168 2919 3355
5802 2 2 2 44 2962 2906 3356
5803 2 2 2 44 3356 3172 2962
5804 2 2 2 44 3358 2955 3079
5805 2 2 2 44 3162 3232 3359
5806 2 2 2 44 3022 3110 3361
5807 2 2 2 44 3361 3076 3022
5808 2 2 2 44 234 235 3362
5809 2 2 2 44 3055 3221 3362
5810 2 2 2 44 3362 3221 234
5811 2 2 2 44 3363 3208 3036
5812 2 2 2 44 2997 3095 3364
5813 2 2 2 44 3364 3095 3084
5814 2 2 2 44 2998 2912 3365
5815 2 2 2 44 3365 2912 3040
5816 2 2 2 44 3365 3042 2998
5817 2 2 2 44 3366 426 3193
5818 2 2 2 44 3367 2929 3349
5819 2 2 2 44 2979 3367 3349
5820 2 2 2 44 3367 2979 3337
5821 2 2 2 44 2982 3367 3337
5822 2 2 2 44 3146 389 3320
5823 2 2 2 44 3146 3320 2999
5824 2 2 2 44 3146 2999 3297
5825 2 2 2 44 3146 3297 3021
5826 2 2 2 44 3118 3002 3245
5827 2 2 2 44 3118 3245 3026
5828 2 2 2 44 391 390 3315
5829 2 2 2 44 391 3315 3033
5830 2 2 2 44 3248 3015 3229
5831 2 2 2 44 3039 3248 3229
5832 2 2 2 44 3047 3279 3001
5833 2 2 2 44 3253 2943 3343
5834 2 2 2 44 3253 3343 3047
5835 2 2 2 44 2912 3011 3314
5836 2 2 2 44 2912 3314 3052
5837 2 2 2 44 3362 235 3288
5838 2 2 2 44 3055 3362 3288
5839 2 2 2 44 3055 3310 3114
5840 2 2 2 44 3057 3292 2988
5841 2 2 2 44 3289 397 3327
5842 2 2 2 44 3289 3327 3062
5843 2 2 2 44 3270 413 3261
5844 2 2 2 44 3063 3270 3261
5845 2 2 2 44 3287 2943 3299
5846 2 2 2 44 3287 3299 3063
5847 2 2 2 44 3336 2953 3087
5848 2 2 2 44 3064 3336 3087
5849 2 2 2 44 3326 2932 3265
5850 2 2 2 44 3070 3326 3265
5851 2 2 2 44 3141 3339 3074
5852 2 2 2 44 3351 2956 3170
5853 2 2 2 44 3074 3351 3170
5854 2 2 2 44 3298 237 3249
5855 2 2 2 44 3075 3298 3249
5856 2 2 2 44 3296 3305 3075
5857 2 2 2 44 3290 3032 2908
5858 2 2 2 44 3100 3290 2908
5859 2 2 2 44 3317 2950 3254
5860 2 2 2 44 3144 3317 3254
5861 2 2 2 44 3246 411 3293
5862 2 2 2 44 3246 3293 3041
5863 2 2 2 44 2970 3173 3304
5864 2 2 2 44 2970 3304 3184
5865 2 2 2 44 3344 2972 2968
5866 2 2 2 44 3179 3344 2968
5867 2 2 2 44 228 229 3303
5868 2 2 2 44 3221 3114 2953
5869 2 2 2 44 3189 3221 2953
5870 2 2 2 44 214 215 3312
5871 2 2 2 44 214 3312 3200
5872 2 2 2 44 3113 3328 3309
5873 2 2 2 44 3304 424 425
5874 2 2 2 44 3258 421 422
5875 2 2 2 44 425 426 3366
5876 2 2 2 44 3269 419 420
5877 2 2 2 44 3145 3269 420
5878 2 2 2 44 422 423 3273
5879 2 2 2 44 3273 3155 2965
5880 2 2 2 44 3309 3044 3247
5881 2 2 2 44 3113 3309 3247
5882 2 2 2 44 2910 3003 3231
5883 2 2 2 44 2910 3231 3131
5884 2 2 2 44 3116 3350 399
5885 2 2 2 44 3172 3356 3028
5886 2 2 2 44 3168 3355 3081
5887 2 2 2 44 3340 3030 3250
5888 2 2 2 44 3057 3340 3250
5889 2 2 2 44 3205 3014 3218
5890 2 2 2 44 3220 2933 3214
5891 2 2 2 44 3204 3220 3214
5892 2 2 2 44 3313 3035 3210
5893 2 2 2 44 3206 3313 3210
5894 2 2 2 44 3240 3036 3208
5895 2 2 2 44 3207 3240 3208
5896 2 2 2 44 3363 2936 3209
5897 2 2 2 44 3208 3363 3209
5898 2 2 2 44 3226 3020 3216
5899 2 2 2 44 3209 3226 3216
5900 2 2 2 44 3223 3013 3218
5901 2 2 2 44 3210 3223 3218
5902 2 2 2 44 3271 2942 3268
5903 2 2 2 44 3211 3271 3268
5904 2 2 2 44 3213 3015 3238
5905 2 2 2 44 3019 3016 3212
5906 2 2 2 44 3220 3035 3224
5907 2 2 2 44 3220 3224 3213
5908 2 2 2 44 3219 3239 3214
5909 2 2 2 44 3341 410 3246
5910 2 2 2 44 3215 3341 3246
5911 2 2 2 44 3215 3236 3227
5912 2 2 2 44 3293 412 3270
5913 2 2 2 44 3222 3293 3270
5914 2 2 2 44 3313 2932 3229
5915 2 2 2 44 3224 3313 3229
5916 2 2 2 44 3230 3023 3234
5917 2 2 2 44 3230 3234 3225
5918 2 2 2 44 3301 3043 3329
5919 2 2 2 44 3301 3329 3226
5920 2 2 2 44 3280 3104 3251
5921 2 2 2 44 3228 3280 3251
5922 2 2 2 44 3260 3020 3329
5923 2 2 2 44 3325 3026 3245
5924 2 2 2 44 3363 3036 3239
5925 2 2 2 44 3257 2935 3247
5926 2 2 2 44 3233 3257 3247
5927 2 2 2 44 3336 3064 3259
5928 2 2 2 44 3252 3157 3296
5929 2 2 2 44 3252 3296 3237
5930 2 2 2 44 3248 2956 3351
5931 2 2 2 44 3248 3351 3241
5932 2 2 2 44 3288 236 3298
5933 2 2 2 44 3288 3298 3244
5934 2 2 2 44 3305 3148 3310
5935 2 2 2 44 3305 3310 3244
5936 2 2 2 44 3277 2935 3257
5937 2 2 2 44 3250 3277 3257
5938 2 2 2 44 2944 3157 3252
5939 2 2 2 44 3255 2963 3094
5940 2 2 2 44 3266 3020 3260
5941 2 2 2 44 3352 3066 3256
5942 2 2 2 44 3306 3045 3276
5943 2 2 2 44 3261 3306 3276
5944 2 2 2 44 3353 3026 3325
5945 2 2 2 44 3275 3353 3325
5946 2 2 2 44 3318 2940 3333
5947 2 2 2 44 3318 3333 3278
5948 2 2 2 44 3286 3077 3331
5949 2 2 2 44 3286 3331 3279
5950 2 2 2 44 3286 3343 3295
5951 2 2 2 44 3323 2939 3053
5952 2 2 2 44 3353 2941 3104
5953 2 2 2 44 3346 3139 3112
5954 2 2 2 44 3345 3346 3112
5955 2 2 2 44 3352 3256 59
5956 2 2 2 44 3143 3071 3282
5957 2 2 2 44 255 256 3211
5958 2 2 2 44 3014 3205 3211
5959 2 2 2 44 3368 3294 3027
5960 2 2 2 44 3334 251 252
5961 2 2 2 44 2912 2998 3331
5962 2 2 2 44 3011 2912 3331
5963 2 2 2 44 3077 3069 3331
5964 2 2 2 44 3331 3069 3011
5965 2 2 2 44 3243 241 242
5966 2 2 2 44 3228 3023 3243
5967 2 2 2 44 3242 243 244
5968 2 2 2 44 3017 3242 3308
5969 2 2 2 44 3230 3034 3285
5970 2 2 2 44 3342 3050 3086
5971 2 2 2 44 3168 3342 2919
5972 2 2 2 44 3266 248 249
5973 2 2 2 44 3020 3266 3216
5974 2 2 2 44 10 56 3307
5975 2 2 2 44 3307 2942 10
5976 2 2 2 44 3307 56 57
5977 2 2 2 44 57 3144 3307
5978 2 2 2 44 3254 3307 3144
5979 2 2 2 44 250 251 3334
5980 2 2 2 44 240 241 3243
5981 2 2 2 44 3230 3243 3023
5982 2 2 2 44 3228 3242 3017
5983 2 2 2 44 3262 3255 3094
5984 2 2 2 44 3255 3262 3158
5985 2 2 2 44 238 239 3285
5986 2 2 2 44 3249 238 3285
5987 2 2 2 44 3034 3237 3285
5988 2 2 2 44 3237 3249 3285
5989 2 2 2 44 231 232 3259
5990 2 2 2 44 3336 232 3189
5991 2 2 2 44 232 3336 3259
5992 2 2 2 44 3338 3033 3021
5993 2 2 2 44 3042 3365 3275
5994 2 2 2 44 3275 3040 3130
5995 2 2 2 44 3130 2941 3275
5996 2 2 2 44 3365 3040 3275
5997 2 2 2 44 3027 3028 3283
5998 2 2 2 44 3324 3024 3027
5999 2 2 2 44 160 3282 159
6000 2 2 2 44 3143 3282 160
6001 2 2 2 44 3353 2939 3026
6002 2 2 2 44 3104 2939 3353
6003 2 2 2 44 3072 3048 3136
6004 2 2 2 44 3136 3116 3072
6005 2 2 2 44 3116 3136 3350
6006 2 2 2 44 3350 3136 3182
6007 2 2 2 44 3368 3027 3024
6008 2 2 2 44 3024 3290 3368
6009 2 2 2 44 3368 3290 2958
6010 2 2 2 44 3252 3225 2944
6011 2 2 2 44 3034 3225 3252
6012 2 2 2 44 396 2973 3327
6013 2 2 2 44 3106 3062 3327
6014 2 2 2 44 3327 2973 3106
6015 2 2 2 44 3306 414 415
6016 2 2 2 44 3041 3222 3274
6017 2 2 2 44 3299 3115 3274
6018 2 2 2 44 3222 3299 3274
6019 2 2 2 44 3354 3073 2934
6020 2 2 2 44 3274 3347 3236
6021 2 2 2 44 3079 3357 3358
6022 2 2 2 44 3251 3104 2941
6023 2 2 2 44 2941 3234 3251
6024 2 2 2 44 3251 3234 3023
6025 2 2 2 44 3160 3335 3185
6026 2 2 2 44 3187 3267 3102
6027 2 2 2 44 3232 3162 3267
6028 2 2 2 44 3187 3232 3267
6029 2 2 2 44 2932 3206 3265
6030 2 2 2 44 2934 3090 3360
6031 2 2 2 44 3354 2934 3360
6032 2 2 2 44 3354 3360 3227
6033 2 2 2 44 3256 58 59
6034 2 2 2 44 3144 58 3256
6035 2 2 2 44 2929 3367 2985
6036 2 2 2 44 2985 3367 3008
6037 2 2 2 44 3008 3367 2986
6038 2 2 2 44 3367 2982 2986
6039 2 2 2 44 3333 2940 3053
6040 2 2 2 44 3115 3253 3328
6041 2 2 2 44 9 3232 64
6042 2 2 2 44 9 3359 3232
6043 2 2 2 44 3345 3112 3061
6044 2 2 2 44 3314 3345 3061
6045 2 2 2 44 3345 3011 3092
6046 2 2 2 44 3011 3345 3314
6047 2 2 2 44 234 3221 233
6048 2 2 2 44 233 3221 3189
6049 2 2 2 44 228 3050 2967
6050 2 2 2 44 228 2967 227
6051 2 2 2 44 3050 228 3303
6052 2 2 2 44 3126 3235 3272
6053 2 2 2 44 3272 3001 3126
6054 2 2 2 44 3339 2958 3054
6055 2 2 2 44 3054 3074 3339
6056 2 2 2 44 3364 3284 2997
6057 2 2 2 44 3284 3084 3038
6058 2 2 2 44 3038 3051 3284
6059 2 2 2 44 3084 3284 3364
6060 2 2 2 44 2988 3292 3029
6061 2 2 2 44 3095 3029 3292
6062 2 2 2 44 3095 3292 3186
6063 2 2 2 44 3302 3046 2936
6064 2 2 2 44 3363 3302 2936
6065 2 2 2 44 3302 3363 3239
6066 2 2 2 44 3348 3051 3038
6067 2 2 2 44 3323 3348 3038
6068 2 2 2 44 3348 3323 3053
6069 2 2 2 44 3094 2938 3262
6070 2 2 2 44 3262 2938 3264
6071 2 2 2 44 3188 3171 3068
6072 2 2 2 44 3163 3171 3188
6073 2 2 2 44 3043 2940 3318
6074 2 2 2 44 3043 3318 3329
6075 2 2 2 44 3260 3318 3060
6076 2 2 2 44 3260 3329 3318
6077 2 2 2 44 3042 3321 2998
6078 2 2 2 44 2998 3321 3279
6079 2 2 2 44 3279 3321 3001
6080 2 2 2 44 3193 3183 3332
6081 2 2 2 44 3086 3012 3342
6082 2 2 2 44 3021 3031 3322
6083 2 2 2 44 3322 3338 3021
6084 2 2 2 44 3322 3082 2937
6085 2 2 2 44 3338 3322 2937
6086 2 2 2 44 3280 3053 2939
6087 2 2 2 44 2939 3104 3280
6088 2 2 2 44 3325 3321 3042
6089 2 2 2 44 3126 3001 3321
6090 2 2 2 44 3126 3321 3245
6091 2 2 2 44 3321 3325 3245
6092 2 2 2 44 3305 3061 3148
6093 2 2 2 44 3157 3061 3305
6094 2 2 2 44 3157 3305 3296
6095 2 2 2 44 2976 3169 3181
6096 2 2 2 44 3181 3169 2984
6097 2 2 2 44 2984 3201 3181
6098 2 2 2 44 3320 3099 3078
6099 2 2 2 44 3078 2999 3320
6100 2 2 2 44 3089 2992 3319
6101 2 2 2 44 3319 3079 3089
6102 2 2 2 44 3319 2992 3131
6103 2 2 2 44 3352 3264 3066
6104 2 2 2 44 3193 3332 3366
6105 2 2 2 44 3332 2923 2922
6106 2 2 2 44 2922 3137 3332
6107 2 2 2 44 3137 3184 3332
6108 2 2 2 44 3164 3119 3138
6109 2 2 2 44 3060 247 3260
6110 2 2 2 44 3050 3303 3086
6111 2 2 2 44 3190 2959 3303
6112 2 2 2 44 3190 3303 230
6113 2 2 2 44 3303 2959 3086
6114 2 2 2 44 3303 229 230
6115 2 2 2 44 3291 3217 3018
6116 2 2 2 44 3018 3029 3291
6117 2 2 2 44 3217 3291 3219
6118 2 2 2 44 3366 3332 3184
6119 2 2 2 44 3272 3253 3047
6120 2 2 2 44 3047 3001 3272
6121 2 2 2 44 3272 3328 3253
6122 2 2 2 44 3213 3212 2933
6123 2 2 2 44 3019 3212 3238
6124 2 2 2 44 3213 3238 3212
6125 2 2 2 44 2997 3046 3302
6126 2 2 2 44 2990 3199 2996
6127 2 2 2 44 3028 3281 3283
6128 2 2 2 44 3260 247 248
6129 2 2 2 44 3266 3260 248
6130 2 2 2 44 3228 3243 3370
6131 2 2 2 44 3370 3242 3228
6132 2 2 2 44 3370 3243 242
6133 2 2 2 44 240 3243 3371
6134 2 2 2 44 3230 3285 3371
6135 2 2 2 44 3371 3243 3230
6136 2 2 2 44 3373 3025 3216
6137 2 2 2 44 3334 3025 3373
6138 2 2 2 44 3374 436 437
6139 2 2 2 44 2996 436 3374
6140 2 2 2 44 3375 2960 393
6141 2 2 2 44 3375 3080 3133
6142 2 2 2 44 3133 2960 3375
6143 2 2 2 44 3306 415 3376
6144 2 2 2 44 3377 3029 2997
6145 2 2 2 44 3291 3029 3377
6146 2 2 2 44 2997 3302 3377
6147 2 2 2 44 3378 3016 3018
6148 2 2 2 44 3378 3217 3212
6149 2 2 2 44 3212 3016 3378
6150 2 2 2 44 3018 3217 3378
6151 2 2 2 44 61 3109 3380
6152 2 2 2 44 3264 3352 3380
6153 2 2 2 44 3380 3109 3264
6154 2 2 2 44 3382 3205 3218
6155 2 2 2 44 3383 3090 2954
6156 2 2 2 44 3360 3090 3383
6157 2 2 2 44 3265 3206 3384
6158 2 2 2 44 3385 3129 2918
6159 2 2 2 44 3385 3012 3086
6160 2 2 2 44 2918 3012 3385
6161 2 2 2 44 3262 3264 3386
6162 2 2 2 44 3386 3264 3109
6163 2 2 2 44 62 63 3387
6164 2 2 2 44 3102 3109 3387
6165 2 2 2 44 3387 3109 62
6166 2 2 2 44 3207 3025 3388
6167 2 2 2 44 3388 3025 3334
6168 2 2 2 44 3390 5 212
6169 2 2 2 44 437 5 3390
6170 2 2 2 44 2992 2911 3391
6171 2 2 2 44 3149 3121 3391
6172 2 2 2 44 3391 2911 3149
6173 2 2 2 44 3391 3121 2992
6174 2 2 2 44 3131 3162 3392
6175 2 2 2 44 3392 3319 3131
6176 2 2 2 44 254 255 3393
6177 2 2 2 44 2927 2929 3394
6178 2 2 2 44 2980 2977 3394
6179 2 2 2 44 3394 2929 2980
6180 2 2 2 44 3394 2977 2927
6181 2 2 2 44 3372 212 213
6182 2 2 2 44 3385 3086 2959
6183 2 2 2 44 3129 3385 2959
6184 2 2 2 44 3375 393 392
6185 2 2 2 44 3080 3375 392
6186 2 2 2 44 3393 255 3211
6187 2 2 2 44 3205 3393 3211
6188 2 2 2 44 3370 242 243
6189 2 2 2 44 3242 3370 243
6190 2 2 2 44 3379 244 245
6191 2 2 2 44 3376 415 416
6192 2 2 2 44 3311 3376 416
6193 2 2 2 44 3387 63 3187
6194 2 2 2 44 3102 3387 3187
6195 2 2 2 44 3079 3319 3392
6196 2 2 2 44 3079 3392 3357
6197 2 2 2 44 3392 3162 3359
6198 2 2 2 44 3357 3392 3359
6199 2 2 2 44 3390 212 3372
6200 2 2 2 44 3381 3027 3283
6201 2 2 2 44 3283 3082 3381
6202 2 2 2 44 3324 3027 3381
6203 2 2 2 44 3395 253 254
6204 2 2 2 44 3393 3395 254
6205 2 2 2 44 3382 3203 3395
6206 2 2 2 44 3205 3395 3393
6207 2 2 2 44 3205 3382 3395
6208 2 2 2 44 3390 3374 437
6209 2 2 2 44 2989 2996 3374
6210 2 2 2 44 2989 3374 3372
6211 2 2 2 44 3374 3390 3372
6212 2 2 2 44 3376 3049 3045
6213 2 2 2 44 3045 3306 3376
6214 2 2 2 44 3311 3049 3376
6215 2 2 2 44 3372 213 3200
6216 2 2 2 44 3372 3200 2989
6217 2 2 2 44 61 3380 60
6218 2 2 2 44 60 3380 3352
6219 2 2 2 44 3366 3304 425
6220 2 2 2 44 3184 3304 3366
6221 2 2 2 44 3308 3278 3333
6222 2 2 2 44 3328 3272 3235
6223 2 2 2 44 3328 3235 3309
6224 2 2 2 44 3013 3207 3382
6225 2 2 2 44 3382 3218 3013
6226 2 2 2 44 3382 3207 3203
6227 2 2 2 44 3381 3082 3322
6228 2 2 2 44 3381 3176 3324
6229 2 2 2 44 3219 3302 3239
6230 2 2 2 44 3291 3302 3219
6231 2 2 2 44 3302 3291 3377
6232 2 2 2 44 3295 3045 3195
6233 2 2 2 44 3195 3077 3295
6234 2 2 2 44 3300 418 419
6235 2 2 2 44 3269 3300 419
6236 2 2 2 44 3119 3300 3269
6237 2 2 2 44 3119 3164 3300
6238 2 2 2 44 3368 2958 3339
6239 2 2 2 44 3163 2906 2962
6240 2 2 2 44 2962 3085 3163
6241 2 2 2 44 3085 3171 3163
6242 2 2 2 44 3369 2947 3166
6243 2 2 2 44 3369 3166 3049
6244 2 2 2 44 3369 3049 3311
6245 2 2 2 44 2957 3088 3355
6246 2 2 2 44 3355 3088 2974
6247 2 2 2 44 2974 3081 3355
6248 2 2 2 44 3110 3032 3361
6249 2 2 2 44 3176 3361 3032
6250 2 2 2 44 3361 3067 3076
6251 2 2 2 44 3067 3361 3176
6252 2 2 2 44 3341 3215 3227
6253 2 2 2 44 3341 3227 3360
6254 2 2 2 44 3294 3141 3172
6255 2 2 2 44 3141 3294 3339
6256 2 2 2 44 3339 3294 3368
6257 2 2 2 44 250 3334 3373
6258 2 2 2 44 249 250 3373
6259 2 2 2 44 3216 3266 3373
6260 2 2 2 44 249 3373 3266
6261 2 2 2 44 3174 3148 3112
6262 2 2 2 44 3174 3114 3148
6263 2 2 2 44 3310 3148 3114
6264 2 2 2 44 3386 3109 3102
6265 2 2 2 44 3102 3267 3386
6266 2 2 2 44 3262 3386 3158
6267 2 2 2 44 3386 3267 3158
6268 2 2 2 44 3354 3227 3236
6269 2 2 2 44 3379 245 246
6270 2 2 2 44 246 3060 3379
6271 2 2 2 44 3278 3379 3060
6272 2 2 2 44 3356 3281 3028
6273 2 2 2 44 3350 400 399
6274 2 2 2 44 3350 3202 400
6275 2 2 2 44 3350 2916 3202
6276 2 2 2 44 2916 3350 3182
6277 2 2 2 44 158 159 3358
6278 2 2 2 44 3358 159 3282
6279 2 2 2 44 3282 2955 3358
6280 2 2 2 44 422 3273 3258
6281 2 2 2 44 2965 3103 3258
6282 2 2 2 44 3258 3273 2965
6283 2 2 2 44 3254 2950 3263
6284 2 2 2 44 239 240 3371
6285 2 2 2 44 239 3371 3285
6286 2 2 2 44 3311 416 417
6287 2 2 2 44 3369 3311 417
6288 2 2 2 44 3119 2961 3396
6289 2 2 2 44 3396 3138 3119
6290 2 2 2 44 2923 3183 3397
6291 2 2 2 44 3397 3183 3389
6292 2 2 2 44 3369 417 3398
6293 2 2 2 44 3300 3164 3398
6294 2 2 2 44 3399 3133 2937
6295 2 2 2 44 3399 3283 3281
6296 2 2 2 44 3281 3133 3399
6297 2 2 2 44 3242 244 3401
6298 2 2 2 44 3401 244 3379
6299 2 2 2 44 3401 3308 3242
6300 2 2 2 44 3403 3347 2935
6301 2 2 2 44 3403 3354 3236
6302 2 2 2 44 3236 3347 3403
6303 2 2 2 44 2935 3354 3403
6304 2 2 2 44 2906 3091 3405
6305 2 2 2 44 3281 3356 3405
6306 2 2 2 44 3405 3091 3281
6307 2 2 2 44 3405 3356 2906
6308 2 2 2 44 3406 252 253
6309 2 2 2 44 253 3395 3406
6310 2 2 2 44 3058 3176 3407
6311 2 2 2 44 3381 3322 3407
6312 2 2 2 44 3407 3176 3381
6313 2 2 2 44 3031 3058 3407
6314 2 2 2 44 3031 3407 3322
6315 2 2 2 44 3399 2937 3082
6316 2 2 2 44 3283 3399 3082
6317 2 2 2 44 3398 417 418
6318 2 2 2 44 3300 3398 418
6319 2 2 2 44 3160 3185 3402
6320 2 2 2 44 3203 3406 3395
6321 2 2 2 44 2983 3138 3396
6322 2 2 2 44 3398 3164 2947
6323 2 2 2 44 3369 3398 2947
6324 2 2 2 44 3344 2923 3397
6325 2 2 2 44 3397 3201 3344
6326 2 2 2 44 2925 3397 3389
6327 2 2 2 44 2925 3201 3397
6328 2 2 2 44 2918 3009 3404
6329 2 2 2 44 3404 3009 2983
6330 2 2 2 44 429 3160 3402
6331 2 2 2 44 3196 428 3402
6332 2 2 2 44 3402 428 429
6333 2 2 2 44 2942 3316 3268
6334 2 2 2 44 3384 3206 3316
6335 2 2 2 44 3384 3316 3263
6336 2 2 2 44 3185 2925 3402
6337 2 2 2 44 3389 3196 3402
6338 2 2 2 44 3402 2925 3389
6339 2 2 2 44 3037 3330 2950
6340 2 2 2 44 3263 2950 3330
6341 2 2 2 44 3330 3384 3263
6342 2 2 2 44 3384 3330 3265
6343 2 2 2 44 3012 2918 3404
6344 2 2 2 44 3404 2981 3012
6345 2 2 2 44 2981 3404 3400
6346 2 2 2 44 3328 3113 3347
6347 2 2 2 44 3115 3347 3274
6348 2 2 2 44 3328 3347 3115
6349 2 2 2 44 436 2996 435
6350 2 2 2 44 435 2996 3199
6351 2 2 2 44 157 3357 3359
6352 2 2 2 44 9 157 3359
6353 2 2 2 44 3199 2990 434
6354 2 2 2 44 3203 3207 3388
6355 2 2 2 44 3203 3388 3406
6356 2 2 2 44 3334 252 3388
6357 2 2 2 44 3388 252 3406
6358 2 2 2 44 3343 2943 3287
6359 2 2 2 44 3045 3287 3276
6360 2 2 2 44 3287 3045 3295
6361 2 2 2 44 3343 3287 3295
6362 2 2 2 44 408 409 3383
6363 2 2 2 44 3383 2954 408
6364 2 2 2 44 3383 409 3341
6365 2 2 2 44 3360 3383 3341
6366 2 2 2 44 3183 3193 3196
6367 2 2 2 44 3196 3193 427
6368 2 2 2 44 3389 3183 3196
6369 2 2 2 44 3196 427 428
6370 2 2 2 44 3308 3280 3017
6371 2 2 2 44 3053 3308 3333
6372 2 2 2 44 3053 3280 3308
6373 2 2 2 44 3278 3308 3401
6374 2 2 2 44 3278 3401 3379
6375 2 2 2 44 433 434 2990
6376 2 2 2 44 3408 2981 2919
6377 2 2 2 44 3408 3342 3012
6378 2 2 2 44 3012 2981 3408
6379 2 2 2 44 2919 3342 3408
6380 2 2 2 44 3409 3316 2942
6381 2 2 2 44 3263 3316 3409
6382 2 2 2 44 3409 2942 3307
6383 2 2 2 44 2983 3396 3400
6384 2 2 2 44 2983 3400 3404
6385 2 2 2 44 3396 2961 3400
6386 2 2 2 44 158 3357 157
6387 2 2 2 44 3358 3357 158
6388 2 2 2 44 2990 2986 433
6389 2 2 2 44 3409 3254 3263
6390 2 2 2 44 3307 3254 3409
6391 2 2 2 44 2961 3103 3400
6392 2 2 2 44 3124 2981 3400
6393 2 2 2 44 3124 3400 3103
6394 2 2 2 44 432 433 2986
6395 2 2 2 44 432 2986 2982
6396 2 2 2 44 388 387 3099
6397 2 2 2 44 388 3099 3320
6398 2 2 3 46 3410 470 19
6399 2 2 3 46 469 3411 19
6400 2 2 3 46 482 3412 483
6401 2 2 3 46 3413 457 456
6402 2 2 3 46 496 3415 497
6403 2 2 3 46 3416 472 471
6404 2 2 3 46 479 3421 480
6405 2 2 3 46 3423 489 488
6406 2 2 3 46 3427 476 475
6407 2 2 3 46 463 3428 464
6408 2 2 3 46 488 3436 3423
6409 2 2 3 46 3433 464 3428
6410 2 2 3 46 463 3431 3428
6411 2 2 3 46 3430 476 3427
6412 2 2 3 46 96 3442 95
6413 2 2 3 46 3437 480 3421
6414 2 2 3 46 3439 453 3418
6415 2 2 3 46 475 3432 3427
6416 2 2 3 46 471 3440 3416
6417 2 2 3 46 443 3441 3417
6418 2 2 3 46 306 3444 305
6419 2 2 3 46 3447 3443 3444
6420 2 2 3 46 460 3448 461
6421 2 2 3 46 3449 494 493
6422 2 2 3 46 3450 493 492
6423 2 2 3 46 459 3451 460
6424 2 2 3 46 473 3452 474
6425 2 2 3 46 486 3453 487
6426 2 2 3 46 485 3455 486
6427 2 2 3 46 3462 449 448
6428 2 2 3 46 3429 3462 448
6429 2 2 3 46 3465 492 491
6430 2 2 3 46 487 3466 488
6431 2 2 3 46 3466 3436 488
6432 2 2 3 46 3467 481 480
6433 2 2 3 46 3437 3467 480
6434 2 2 3 46 3468 306 307
6435 2 2 3 46 306 3468 3444
6436 2 2 3 46 330 3469 329
6437 2 2 3 46 79 3470 78
6438 2 2 3 46 3471 309 310
6439 2 2 3 46 3472 160 161
6440 2 2 3 46 3473 105 106
6441 2 2 3 46 3474 312 313
6442 2 2 3 46 11 3475 335
6443 2 2 3 46 333 3476 332
6444 2 2 3 46 3477 108 109
6445 2 2 3 46 3480 315 316
6446 2 2 3 46 82 3481 81
6447 2 2 3 46 3482 274 275
6448 2 2 3 46 126 3483 125
6449 2 2 3 46 3484 111 112
6450 2 2 3 46 3485 277 278
6451 2 2 3 46 123 3486 122
6452 2 2 3 46 3487 114 115
6453 2 2 3 46 279 3488 278
6454 2 2 3 46 3489 121 122
6455 2 2 3 46 317 3492 316
6456 2 2 3 46 451 3493 3420
6457 2 2 3 46 466 3494 3419
6458 2 2 3 46 3495 293 294
6459 2 2 3 46 116 3497 115
6460 2 2 3 46 267 3498 266
6461 2 2 3 46 162 3499 161
6462 2 2 3 46 3500 477 476
6463 2 2 3 46 3430 3500 476
6464 2 2 3 46 462 3501 463
6465 2 2 3 46 3501 3431 463
6466 2 2 3 46 3502 328 329
6467 2 2 3 46 276 3505 275
6468 2 2 3 46 3506 124 125
6469 2 2 3 46 113 3507 112
6470 2 2 3 46 3509 80 81
6471 2 2 3 46 3510 331 332
6472 2 2 3 46 3511 3431 3501
6473 2 2 3 46 3512 100 101
6474 2 2 3 46 300 3513 299
6475 2 2 3 46 314 3514 313
6476 2 2 3 46 110 3515 109
6477 2 2 3 46 152 3516 151
6478 2 2 3 46 3517 334 335
6479 2 2 3 46 107 3518 106
6480 2 2 3 46 311 3520 310
6481 2 2 3 46 324 3525 323
6482 2 2 3 46 3525 3504 323
6483 2 2 3 46 3444 304 305
6484 2 2 3 46 3518 3473 106
6485 2 2 3 46 3515 3477 109
6486 2 2 3 46 3492 3480 316
6487 2 2 3 46 3436 3480 3492
6488 2 2 3 46 3514 3474 313
6489 2 2 3 46 3497 3487 115
6490 2 2 3 46 3488 3485 278
6491 2 2 3 46 3432 3485 3488
6492 2 2 3 46 3520 3471 310
6493 2 2 3 46 3486 3489 122
6494 2 2 3 46 3486 3433 3489
6495 2 2 3 46 3507 3484 112
6496 2 2 3 46 3505 3482 275
6497 2 2 3 46 3469 3502 329
6498 2 2 3 46 3481 3509 81
6499 2 2 3 46 3481 3434 3509
6500 2 2 3 46 3499 3472 161
6501 2 2 3 46 3441 3472 3499
6502 2 2 3 46 3483 3506 125
6503 2 2 3 46 3483 3435 3506
6504 2 2 3 46 3475 3517 335
6505 2 2 3 46 3476 3510 332
6506 2 2 3 46 3463 3485 3432
6507 2 2 3 46 3486 3464 3433
6508 2 2 3 46 3447 3444 3468
6509 2 2 3 46 3465 3450 492
6510 2 2 3 46 121 3460 120
6511 2 2 3 46 121 3489 3460
6512 2 2 3 46 3428 3460 3433
6513 2 2 3 46 3489 3433 3460
6514 2 2 3 46 3458 87 88
6515 2 2 3 46 89 3458 88
6516 2 2 3 46 3460 119 120
6517 2 2 3 46 3431 3460 3428
6518 2 2 3 46 3459 279 280
6519 2 2 3 46 3488 279 3459
6520 2 2 3 46 3459 3427 3432
6521 2 2 3 46 3432 3488 3459
6522 2 2 3 46 281 3459 280
6523 2 2 3 46 269 3456 268
6524 2 2 3 46 3416 3456 3438
6525 2 2 3 46 164 3457 163
6526 2 2 3 46 76 3478 75
6527 2 2 3 46 3479 3522 3525
6528 2 2 3 46 3478 74 75
6529 2 2 3 46 326 3479 325
6530 2 2 3 46 3491 117 118
6531 2 2 3 46 119 3491 118
6532 2 2 3 46 119 3460 3491
6533 2 2 3 46 3431 3491 3460
6534 2 2 3 46 283 3490 282
6535 2 2 3 46 268 3498 267
6536 2 2 3 46 268 3456 3498
6537 2 2 3 46 3440 3498 3416
6538 2 2 3 46 3456 3416 3498
6539 2 2 3 46 163 3499 162
6540 2 2 3 46 163 3457 3499
6541 2 2 3 46 3441 3499 3417
6542 2 2 3 46 3457 3417 3499
6543 2 2 3 46 3506 123 124
6544 2 2 3 46 3486 123 3506
6545 2 2 3 46 3435 3464 3506
6546 2 2 3 46 3506 3464 3486
6547 2 2 3 46 3463 3505 3485
6548 2 2 3 46 3510 3445 3469
6549 2 2 3 46 3434 3446 3509
6550 2 2 3 46 3509 3446 3470
6551 2 2 3 46 3454 3507 3487
6552 2 2 3 46 477 3500 3425
6553 2 2 3 46 3494 466 465
6554 2 2 3 46 3493 451 450
6555 2 2 3 46 8 438 156
6556 2 2 3 46 440 9 157
6557 2 2 3 46 3434 450 3446
6558 2 2 3 46 450 3434 3493
6559 2 2 3 46 465 3464 3435
6560 2 2 3 46 465 3435 3494
6561 2 2 3 46 454 3439 3461
6562 2 2 3 46 3439 454 453
6563 2 2 3 46 3500 3527 3425
6564 2 2 3 46 3527 3500 3430
6565 2 2 3 46 3430 3490 3527
6566 2 2 3 46 466 3419 467
6567 2 2 3 46 451 3420 452
6568 2 2 3 46 3493 3524 3420
6569 2 2 3 46 3434 3481 3524
6570 2 2 3 46 3493 3434 3524
6571 2 2 3 46 3417 3457 3521
6572 2 2 3 46 3511 116 117
6573 2 2 3 46 3497 116 3511
6574 2 2 3 46 3491 3431 3511
6575 2 2 3 46 117 3491 3511
6576 2 2 3 46 3494 3523 3419
6577 2 2 3 46 3435 3483 3523
6578 2 2 3 46 3494 3435 3523
6579 2 2 3 46 484 3443 3447
6580 2 2 3 46 3450 3502 3445
6581 2 2 3 46 3469 3445 3502
6582 2 2 3 46 3502 3450 3465
6583 2 2 3 46 3525 3522 3504
6584 2 2 3 46 470 3440 471
6585 2 2 3 46 325 3525 324
6586 2 2 3 46 325 3479 3525
6587 2 2 3 46 331 3469 330
6588 2 2 3 46 331 3510 3469
6589 2 2 3 46 3474 311 312
6590 2 2 3 46 3520 311 3474
6591 2 2 3 46 3482 273 274
6592 2 2 3 46 334 3476 333
6593 2 2 3 46 334 3517 3476
6594 2 2 3 46 3484 110 111
6595 2 2 3 46 3515 110 3484
6596 2 2 3 46 3471 308 309
6597 2 2 3 46 148 3475 11
6598 2 2 3 46 3477 107 108
6599 2 2 3 46 3518 107 3477
6600 2 2 3 46 3473 104 105
6601 2 2 3 46 3414 3411 469
6602 2 2 3 46 3452 3463 474
6603 2 2 3 46 3452 3505 3463
6604 2 2 3 46 3411 3410 19
6605 2 2 3 46 3508 3410 3411
6606 2 2 3 46 3528 455 454
6607 2 2 3 46 3530 472 3416
6608 2 2 3 46 3438 3530 3416
6609 2 2 3 46 3531 457 3413
6610 2 2 3 46 496 3532 3415
6611 2 2 3 46 3533 470 3410
6612 2 2 3 46 470 3533 3440
6613 2 2 3 46 482 3535 3412
6614 2 2 3 46 3527 3536 3425
6615 2 2 3 46 3446 3538 3470
6616 2 2 3 46 93 3540 92
6617 2 2 3 46 3542 439 17
6618 2 2 3 46 497 3542 17
6619 2 2 3 46 3524 3543 3420
6620 2 2 3 46 3544 3459 281
6621 2 2 3 46 3544 3490 3430
6622 2 2 3 46 3543 83 84
6623 2 2 3 46 3524 83 3543
6624 2 2 3 46 3536 284 285
6625 2 2 3 46 3527 284 3536
6626 2 2 3 46 3427 3544 3430
6627 2 2 3 46 3427 3459 3544
6628 2 2 3 46 282 3544 281
6629 2 2 3 46 282 3490 3544
6630 2 2 3 46 328 3534 327
6631 2 2 3 46 328 3502 3534
6632 2 2 3 46 94 3540 93
6633 2 2 3 46 94 3519 3540
6634 2 2 3 46 3461 3528 454
6635 2 2 3 46 3529 455 3528
6636 2 2 3 46 3519 3529 3528
6637 2 2 3 46 3529 3519 3442
6638 2 2 3 46 3539 153 154
6639 2 2 3 46 457 3531 458
6640 2 2 3 46 3535 482 481
6641 2 2 3 46 474 3463 475
6642 2 2 3 46 3463 3432 475
6643 2 2 3 46 326 327 3534
6644 2 2 3 46 3479 326 3534
6645 2 2 3 46 3519 94 95
6646 2 2 3 46 3442 3519 95
6647 2 2 3 46 113 114 3507
6648 2 2 3 46 114 3487 3507
6649 2 2 3 46 314 315 3514
6650 2 2 3 46 315 3480 3514
6651 2 2 3 46 276 277 3505
6652 2 2 3 46 277 3485 3505
6653 2 2 3 46 3527 283 284
6654 2 2 3 46 283 3527 3490
6655 2 2 3 46 3448 3515 3484
6656 2 2 3 46 3515 3448 3451
6657 2 2 3 46 3451 3448 460
6658 2 2 3 46 3517 3449 3476
6659 2 2 3 46 3452 3482 3505
6660 2 2 3 46 3451 3518 3477
6661 2 2 3 46 3451 3477 3515
6662 2 2 3 46 3453 3520 3474
6663 2 2 3 46 3453 3474 3514
6664 2 2 3 46 3520 3453 3455
6665 2 2 3 46 3455 3453 486
6666 2 2 3 46 3542 497 3415
6667 2 2 3 46 3539 3542 3415
6668 2 2 3 46 3455 3471 3520
6669 2 2 3 46 3524 82 83
6670 2 2 3 46 82 3524 3481
6671 2 2 3 46 126 3523 3483
6672 2 2 3 46 461 3454 462
6673 2 2 3 46 3454 3501 462
6674 2 2 3 46 3466 3480 3436
6675 2 2 3 46 3466 3514 3480
6676 2 2 3 46 3453 3514 3466
6677 2 2 3 46 3453 3466 487
6678 2 2 3 46 3541 262 263
6679 2 2 3 46 3478 3462 3429
6680 2 2 3 46 3464 465 464
6681 2 2 3 46 3433 3464 464
6682 2 2 3 46 85 3543 84
6683 2 2 3 46 3508 3411 3545
6684 2 2 3 46 3414 3545 3411
6685 2 2 3 46 3534 3465 3479
6686 2 2 3 46 3465 3534 3502
6687 2 2 3 46 3461 3540 3528
6688 2 2 3 46 3528 3540 3519
6689 2 2 3 46 3422 479 478
6690 2 2 3 46 3438 269 270
6691 2 2 3 46 269 3438 3456
6692 2 2 3 46 96 97 3442
6693 2 2 3 46 3537 77 78
6694 2 2 3 46 3470 3537 78
6695 2 2 3 46 3538 3537 3470
6696 2 2 3 46 3454 3487 3497
6697 2 2 3 46 3497 3511 3454
6698 2 2 3 46 3454 3511 3501
6699 2 2 3 46 489 3426 490
6700 2 2 3 46 446 3424 447
6701 2 2 3 46 3509 79 80
6702 2 2 3 46 3470 79 3509
6703 2 2 3 46 3426 3522 490
6704 2 2 3 46 3504 3522 3426
6705 2 2 3 46 3414 3549 3545
6706 2 2 3 46 3424 3550 3503
6707 2 2 3 46 3550 3424 3526
6708 2 2 3 46 321 3551 320
6709 2 2 3 46 3552 289 290
6710 2 2 3 46 3553 3420 3543
6711 2 2 3 46 85 3553 3543
6712 2 2 3 46 3410 3554 3541
6713 2 2 3 46 3554 3410 3508
6714 2 2 3 46 3554 262 3541
6715 2 2 3 46 3555 447 3424
6716 2 2 3 46 3503 3555 3424
6717 2 2 3 46 67 3556 66
6718 2 2 3 46 3557 467 3419
6719 2 2 3 46 481 3558 3535
6720 2 2 3 46 3558 481 3467
6721 2 2 3 46 3559 92 3540
6722 2 2 3 46 3461 3559 3540
6723 2 2 3 46 3448 3560 461
6724 2 2 3 46 3454 3560 3507
6725 2 2 3 46 3560 3454 461
6726 2 2 3 46 298 3561 297
6727 2 2 3 46 3562 3478 76
6728 2 2 3 46 3562 3537 3462
6729 2 2 3 46 3478 3562 3462
6730 2 2 3 46 3424 3564 3526
6731 2 2 3 46 3564 3424 446
6732 2 2 3 46 3568 3421 479
6733 2 2 3 46 3422 3568 479
6734 2 2 3 46 3423 3569 489
6735 2 2 3 46 3569 3426 489
6736 2 2 3 46 3570 291 292
6737 2 2 3 46 272 3572 271
6738 2 2 3 46 3573 3449 493
6739 2 2 3 46 3573 3445 3510
6740 2 2 3 46 3450 3573 493
6741 2 2 3 46 3450 3445 3573
6742 2 2 3 46 3573 3476 3449
6743 2 2 3 46 3510 3476 3573
6744 2 2 3 46 3484 3560 3448
6745 2 2 3 46 3484 3507 3560
6746 2 2 3 46 77 3562 76
6747 2 2 3 46 77 3537 3562
6748 2 2 3 46 3548 3558 3467
6749 2 2 3 46 3555 448 447
6750 2 2 3 46 3429 448 3555
6751 2 2 3 46 3545 137 138
6752 2 2 3 46 2 3508 138
6753 2 2 3 46 138 3508 3545
6754 2 2 3 46 135 136 3549
6755 2 2 3 46 136 3545 3549
6756 2 2 3 46 137 3545 136
6757 2 2 3 46 295 3495 294
6758 2 2 3 46 295 3548 3495
6759 2 2 3 46 3495 3467 3437
6760 2 2 3 46 3495 3548 3467
6761 2 2 3 46 3548 295 296
6762 2 2 3 46 297 3548 296
6763 2 2 3 46 3561 3548 297
6764 2 2 3 46 92 3559 91
6765 2 2 3 46 3566 102 103
6766 2 2 3 46 2 262 3554
6767 2 2 3 46 3508 2 3554
6768 2 2 3 46 70 71 3550
6769 2 2 3 46 71 3503 3550
6770 2 2 3 46 72 3503 71
6771 2 2 3 46 3516 3539 3415
6772 2 2 3 46 3538 450 449
6773 2 2 3 46 3538 3446 450
6774 2 2 3 46 3462 3538 449
6775 2 2 3 46 3537 3538 3462
6776 2 2 3 46 91 3496 90
6777 2 2 3 46 3496 91 3559
6778 2 2 3 46 3496 3461 3439
6779 2 2 3 46 3496 3559 3461
6780 2 2 3 46 3572 3530 3438
6781 2 2 3 46 3438 270 3572
6782 2 2 3 46 3572 270 271
6783 2 2 3 46 293 3570 292
6784 2 2 3 46 3421 3570 3437
6785 2 2 3 46 293 3495 3570
6786 2 2 3 46 3495 3437 3570
6787 2 2 3 46 3426 3551 3504
6788 2 2 3 46 3551 3426 3569
6789 2 2 3 46 3521 444 3417
6790 2 2 3 46 443 3417 444
6791 2 2 3 46 3570 3421 3568
6792 2 2 3 46 3512 3531 3413
6793 2 2 3 46 3512 3566 3531
6794 2 2 3 46 3558 3561 3535
6795 2 2 3 46 3548 3561 3558
6796 2 2 3 46 3422 3552 3568
6797 2 2 3 46 3532 3516 3415
6798 2 2 3 46 3571 3516 3532
6799 2 2 3 46 131 132 3546
6800 2 2 3 46 3522 3465 491
6801 2 2 3 46 490 3522 491
6802 2 2 3 46 3479 3465 3522
6803 2 2 3 46 442 3441 443
6804 2 2 3 46 3541 3533 3410
6805 2 2 3 46 151 3571 150
6806 2 2 3 46 151 3516 3571
6807 2 2 3 46 3539 3575 3542
6808 2 2 3 46 290 3576 3552
6809 2 2 3 46 3576 3568 3552
6810 2 2 3 46 3577 104 3473
6811 2 2 3 46 3578 3457 164
6812 2 2 3 46 3457 3578 3521
6813 2 2 3 46 3579 87 3458
6814 2 2 3 46 3580 72 73
6815 2 2 3 46 72 3580 3503
6816 2 2 3 46 3582 264 265
6817 2 2 3 46 3583 131 3546
6818 2 2 3 46 3584 3458 89
6819 2 2 3 46 3584 3496 3439
6820 2 2 3 46 3585 272 273
6821 2 2 3 46 272 3585 3572
6822 2 2 3 46 319 3586 318
6823 2 2 3 46 3586 319 3574
6824 2 2 3 46 90 3584 89
6825 2 2 3 46 90 3496 3584
6826 2 2 3 46 3482 3585 273
6827 2 2 3 46 3418 3584 3439
6828 2 2 3 46 3418 3458 3584
6829 2 2 3 46 165 3578 164
6830 2 2 3 46 3579 86 87
6831 2 2 3 46 3583 130 131
6832 2 2 3 46 320 3574 319
6833 2 2 3 46 3574 320 3551
6834 2 2 3 46 3569 3574 3551
6835 2 2 3 46 3576 291 3570
6836 2 2 3 46 291 3576 290
6837 2 2 3 46 3568 3576 3570
6838 2 2 3 46 321 322 3551
6839 2 2 3 46 323 3504 322
6840 2 2 3 46 322 3504 3551
6841 2 2 3 46 103 104 3577
6842 2 2 3 46 3566 103 3577
6843 2 2 3 46 101 102 3512
6844 2 2 3 46 102 3566 3512
6845 2 2 3 46 134 135 3549
6846 2 2 3 46 288 289 3552
6847 2 2 3 46 3513 298 299
6848 2 2 3 46 3561 298 3513
6849 2 2 3 46 3535 3513 3412
6850 2 2 3 46 3535 3561 3513
6851 2 2 3 46 85 86 3553
6852 2 2 3 46 154 155 3575
6853 2 2 3 46 3539 154 3575
6854 2 2 3 46 3582 3533 3541
6855 2 2 3 46 165 12 3547
6856 2 2 3 46 12 65 3547
6857 2 2 3 46 3563 3473 3518
6858 2 2 3 46 3563 3577 3473
6859 2 2 3 46 3566 3563 3531
6860 2 2 3 46 3563 458 3531
6861 2 2 3 46 3577 3563 3566
6862 2 2 3 46 3452 3585 3482
6863 2 2 3 46 3572 3585 3530
6864 2 2 3 46 3565 495 494
6865 2 2 3 46 3449 3565 494
6866 2 2 3 46 3449 3517 3565
6867 2 2 3 46 3475 3565 3517
6868 2 2 3 46 3583 3557 3419
6869 2 2 3 46 3542 438 439
6870 2 2 3 46 3575 438 3542
6871 2 2 3 46 3586 317 318
6872 2 2 3 46 3492 317 3586
6873 2 2 3 46 3586 3423 3436
6874 2 2 3 46 3436 3492 3586
6875 2 2 3 46 3423 3586 3569
6876 2 2 3 46 3574 3569 3586
6877 2 2 3 46 69 70 3550
6878 2 2 3 46 3526 69 3550
6879 2 2 3 46 69 3526 68
6880 2 2 3 46 74 3580 73
6881 2 2 3 46 3580 74 3478
6882 2 2 3 46 3478 3429 3580
6883 2 2 3 46 3555 3580 3429
6884 2 2 3 46 3580 3555 3503
6885 2 2 3 46 3582 3440 3533
6886 2 2 3 46 132 133 3546
6887 2 2 3 46 3458 3418 3579
6888 2 2 3 46 3420 3553 3579
6889 2 2 3 46 86 3579 3553
6890 2 2 3 46 264 3541 263
6891 2 2 3 46 264 3582 3541
6892 2 2 3 46 3547 3578 165
6893 2 2 3 46 3547 3521 3578
6894 2 2 3 46 156 3575 155
6895 2 2 3 46 156 438 3575
6896 2 2 3 46 445 3564 446
6897 2 2 3 46 445 3567 3564
6898 2 2 3 46 444 3587 445
6899 2 2 3 46 3587 3567 445
6900 2 2 3 46 3588 3498 3440
6901 2 2 3 46 3582 3588 3440
6902 2 2 3 46 3498 3588 266
6903 2 2 3 46 3589 3451 459
6904 2 2 3 46 3589 3563 3518
6905 2 2 3 46 3451 3589 3518
6906 2 2 3 46 3590 3547 65
6907 2 2 3 46 3590 3556 3567
6908 2 2 3 46 148 3591 3475
6909 2 2 3 46 3592 3512 3413
6910 2 2 3 46 3512 3592 100
6911 2 2 3 46 133 3593 3546
6912 2 2 3 46 3592 99 100
6913 2 2 3 46 66 3590 65
6914 2 2 3 46 66 3556 3590
6915 2 2 3 46 3588 265 266
6916 2 2 3 46 3582 265 3588
6917 2 2 3 46 3521 3587 444
6918 2 2 3 46 149 3591 148
6919 2 2 3 46 3593 134 3549
6920 2 2 3 46 134 3593 133
6921 2 2 3 46 152 153 3516
6922 2 2 3 46 153 3539 3516
6923 2 2 3 46 3549 3414 3593
6924 2 2 3 46 3591 3571 3532
6925 2 2 3 46 3591 3565 3475
6926 2 2 3 46 472 3530 473
6927 2 2 3 46 3418 453 452
6928 2 2 3 46 3557 468 467
6929 2 2 3 46 3546 3557 3583
6930 2 2 3 46 3557 3546 3593
6931 2 2 3 46 458 3589 459
6932 2 2 3 46 458 3563 3589
6933 2 2 3 46 3571 149 150
6934 2 2 3 46 3591 149 3571
6935 2 2 3 46 300 3594 3513
6936 2 2 3 46 3594 3412 3513
6937 2 2 3 46 3591 3595 3565
6938 2 2 3 46 3595 3591 3532
6939 2 2 3 46 3595 495 3565
6940 2 2 3 46 3595 496 495
6941 2 2 3 46 3532 496 3595
6942 2 2 3 46 301 3594 300
6943 2 2 3 46 3412 3594 3581
6944 2 2 3 46 67 68 3556
6945 2 2 3 46 68 3526 3556
6946 2 2 3 46 3564 3556 3526
6947 2 2 3 46 3567 3556 3564
6948 2 2 3 46 3587 3521 3547
6949 2 2 3 46 3567 3587 3590
6950 2 2 3 46 3590 3587 3547
6951 2 2 3 46 98 99 3592
6952 2 2 3 46 483 3581 3443
6953 2 2 3 46 3581 483 3412
6954 2 2 3 46 3443 484 483
6955 2 2 3 46 97 3597 3442
6956 2 2 3 46 3597 97 98
6957 2 2 3 46 3592 3597 98
6958 2 2 3 46 3596 302 303
6959 2 2 3 46 3597 3529 3442
6960 2 2 3 46 3597 3592 3413
6961 2 2 3 46 3600 3596 3581
6962 2 2 3 46 3596 3600 302
6963 2 2 3 46 3594 3600 3581
6964 2 2 3 46 160 3601 159
6965 2 2 3 46 3601 160 3472
6966 2 2 3 46 441 3602 18
6967 2 2 3 46 3602 442 18
6968 2 2 3 46 3602 441 3598
6969 2 2 3 46 440 3598 441
6970 2 2 3 46 3600 301 302
6971 2 2 3 46 3594 301 3600
6972 2 2 3 46 3441 3601 3472
6973 2 2 3 46 3596 303 304
6974 2 2 3 46 3443 3596 3444
6975 2 2 3 46 3596 3443 3581
6976 2 2 3 46 3444 3596 304
6977 2 2 3 46 442 3602 3441
6978 2 2 3 46 3602 3601 3441
6979 2 2 3 46 3601 3602 3598
6980 2 2 3 46 3552 3422 3599
6981 2 2 3 46 3601 3598 158
6982 2 2 3 46 159 3601 158
6983 2 2 3 46 3447 3468 3603
6984 2 2 3 46 3455 3603 3471
6985 2 2 3 46 3583 129 130
6986 2 2 3 46 3598 157 158
6987 2 2 3 46 440 157 3598
6988 2 2 3 46 3425 3604 3599
6989 2 2 3 46 3604 3425 3536
6990 2 2 3 46 3605 3419 3523
6991 2 2 3 46 3606 286 287
6992 2 2 3 46 3606 3599 3604
6993 2 2 3 46 286 3606 3604
6994 2 2 3 46 3605 3583 3419
6995 2 2 3 46 3604 285 286
6996 2 2 3 46 3536 285 3604
6997 2 2 3 46 129 3583 3605
6998 2 2 3 46 3605 128 129
6999 2 2 3 46 127 128 3605
7000 2 2 3 46 3523 127 3605
7001 2 2 3 46 3523 126 127
7002 2 2 3 46 485 3603 3455
7003 2 2 3 46 3603 485 3447
7004 2 2 3 46 484 3447 485
7005 2 2 3 46 3599 288 3552
7006 2 2 3 46 288 3599 287
7007 2 2 3 46 3599 3606 287
7008 2 2 3 46 456 3597 3413
7009 2 2 3 46 3597 456 3529
7010 2 2 3 46 455 3529 456
7011 2 2 3 46 468 3593 3414
7012 2 2 3 46 3593 468 3557
7013 2 2 3 46 3414 469 468
7014 2 2 3 46 473 3585 3452
7015 2 2 3 46 3585 473 3530
7016 2 2 3 46 478 3599 3422
7017 2 2 3 46 3599 478 3425
7018 2 2 3 46 477 3425 478
7019 2 2 3 46 3579 452 3420
7020 2 2 3 46 452 3579 3418
7021 2 2 3 46 3603 307 308
7022 2 2 3 46 307 3603 3468
7023 2 2 3 46 3471 3603 308
7024 2 2 2 47 148 149 3633
7025 2 2 2 47 148 3633 383
7026 2 2 2 47 11 148 383
7027 2 2 2 47 3632 382 383
7028 2 2 2 47 3633 3632 383
7029 2 2 2 47 3622 3621 3659
7030 2 2 2 47 3685 3621 3622
7031 2 2 2 47 3626 3698 3704
7032 2 2 2 47 381 382 3709
7033 2 2 2 47 3709 382 3632
7034 2 2 2 47 3709 3698 381
7035 2 2 2 47 3623 3626 3711
7036 2 2 2 47 3711 3691 3623
7037 2 2 2 47 3714 3650 3620
7038 2 2 2 47 3714 3687 3619
7039 2 2 2 47 3711 3626 3704
7040 2 2 2 47 3714 3619 3715
7041 2 2 2 47 3674 3611 3665
7042 2 2 2 47 3672 3623 3677
7043 2 2 2 47 3657 362 363
7044 2 2 2 47 205 206 3680
7045 2 2 2 47 3709 3632 3704
7046 2 2 2 47 3698 3709 3704
7047 2 2 2 47 3710 3626 3623
7048 2 2 2 47 3691 151 152
7049 2 2 2 47 3691 3677 3623
7050 2 2 2 47 203 204 3688
7051 2 2 2 47 149 150 3712
7052 2 2 2 47 3712 3633 149
7053 2 2 2 47 3633 3712 3632
7054 2 2 2 47 206 207 3681
7055 2 2 2 47 3681 3680 206
7056 2 2 2 47 3681 3629 3628
7057 2 2 2 47 3680 3681 3628
7058 2 2 2 47 3693 3713 3689
7059 2 2 2 47 207 208 3684
7060 2 2 2 47 3684 3681 207
7061 2 2 2 47 3684 3689 3631
7062 2 2 2 47 3686 338 339
7063 2 2 2 47 3695 379 380
7064 2 2 2 47 3690 3713 3694
7065 2 2 2 47 380 381 3698
7066 2 2 2 47 3698 3695 380
7067 2 2 2 47 3698 3626 3710
7068 2 2 2 47 3698 3710 3695
7069 2 2 2 47 377 378 3708
7070 2 2 2 47 364 3682 363
7071 2 2 2 47 3662 371 372
7072 2 2 2 47 3682 3657 363
7073 2 2 2 47 3712 3704 3632
7074 2 2 2 47 3711 3704 3712
7075 2 2 2 47 3659 3697 3622
7076 2 2 2 47 3756 3748 3642
7077 2 2 2 47 3759 3751 3651
7078 2 2 2 47 3764 3744 3658
7079 2 2 2 47 3771 3759 3651
7080 2 2 2 47 3651 3770 3771
7081 2 2 2 47 3630 3763 3773
7082 2 2 2 47 3786 3742 3607
7083 2 2 2 47 3650 3617 3791
7084 2 2 2 47 3697 3659 3792
7085 2 2 2 47 3795 3774 3716
7086 2 2 2 47 3796 3613 3696
7087 2 2 2 47 3797 3622 3697
7088 2 2 2 47 3640 3786 3798
7089 2 2 2 47 3799 3734 3701
7090 2 2 2 47 3800 3782 3703
7091 2 2 2 47 3652 3742 3801
7092 2 2 2 47 3802 3782 3682
7093 2 2 2 47 3682 364 3802
7094 2 2 2 47 3803 3721 3610
7095 2 2 2 47 3648 3774 3804
7096 2 2 2 47 3808 3804 3616
7097 2 2 2 47 3809 3767 3647
7098 2 2 2 47 3607 3764 3810
7099 2 2 2 47 3610 3735 3813
7100 2 2 2 47 3813 3737 3610
7101 2 2 2 47 3608 3794 3814
7102 2 2 2 47 3676 3809 3814
7103 2 2 2 47 3821 3797 3697
7104 2 2 2 47 3641 3731 3822
7105 2 2 2 47 3824 3809 3647
7106 2 2 2 47 3825 3791 3617
7107 2 2 2 47 3825 3817 3655
7108 2 2 2 47 3655 3791 3825
7109 2 2 2 47 3668 3806 3826
7110 2 2 2 47 3829 3789 3613
7111 2 2 2 47 3653 3674 3830
7112 2 2 2 47 3830 3674 3665
7113 2 2 2 47 3830 3810 3653
7114 2 2 2 47 203 3688 3832
7115 2 2 2 47 3832 3688 3675
7116 2 2 2 47 3833 3615 3699
7117 2 2 2 47 3833 3829 3613
7118 2 2 2 47 3615 3751 3834
7119 2 2 2 47 3630 3773 3835
7120 2 2 2 47 3636 3793 3835
7121 2 2 2 47 3639 3783 3838
7122 2 2 2 47 3682 3782 3839
7123 2 2 2 47 3840 3764 3658
7124 2 2 2 47 3673 3821 3841
7125 2 2 2 47 3843 3715 3616
7126 2 2 2 47 3844 196 197
7127 2 2 2 47 3844 3784 3670
7128 2 2 2 47 3679 3778 3845
7129 2 2 2 47 3662 372 3846
7130 2 2 2 47 3846 3794 3662
7131 2 2 2 47 3849 367 368
7132 2 2 2 47 3653 3840 3850
7133 2 2 2 47 3672 3677 3852
7134 2 2 2 47 3853 3751 3615
7135 2 2 2 47 3651 3751 3853
7136 2 2 2 47 3615 3796 3853
7137 2 2 2 47 197 198 3855
7138 2 2 2 47 3678 3784 3855
7139 2 2 2 47 3856 3792 3678
7140 2 2 2 47 3697 3792 3857
7141 2 2 2 47 3668 3797 3858
7142 2 2 2 47 3859 3786 3607
7143 2 2 2 47 3607 3810 3859
7144 2 2 2 47 3664 3788 3861
7145 2 2 2 47 3679 3845 3861
7146 2 2 2 47 340 341 3862
7147 2 2 2 47 3862 3683 340
7148 2 2 2 47 3608 3824 3863
7149 2 2 2 47 3865 3754 3648
7150 2 2 2 47 3648 3804 3865
7151 2 2 2 47 3619 3842 3866
7152 2 2 2 47 3867 3770 3651
7153 2 2 2 47 3654 3770 3867
7154 2 2 2 47 3651 3827 3867
7155 2 2 2 47 3672 3829 3869
7156 2 2 2 47 3870 204 205
7157 2 2 2 47 3688 204 3870
7158 2 2 2 47 205 3680 3870
7159 2 2 2 47 3871 3778 3679
7160 2 2 2 47 3871 3840 3658
7161 2 2 2 47 3874 3770 3609
7162 2 2 2 47 3609 3788 3874
7163 2 2 2 47 3697 3857 3877
7164 2 2 2 47 3877 3821 3697
7165 2 2 2 47 3653 3850 3879
7166 2 2 2 47 3650 3714 3880
7167 2 2 2 47 3880 3714 3715
7168 2 2 2 47 3610 3721 3882
7169 2 2 2 47 3882 3735 3610
7170 2 2 2 47 3883 3628 3627
7171 2 2 2 47 3680 3628 3883
7172 2 2 2 47 3885 3819 3656
7173 2 2 2 47 3673 3841 3888
7174 2 2 2 47 3890 3787 3667
7175 2 2 2 47 3667 3749 3890
7176 2 2 2 47 3647 3759 3892
7177 2 2 2 47 3892 3824 3647
7178 2 2 2 47 150 151 3895
7179 2 2 2 47 3895 151 3691
7180 2 2 2 47 3895 3712 150
7181 2 2 2 47 3897 3788 3609
7182 2 2 2 47 3897 3850 3679
7183 2 2 2 47 3898 3852 3677
7184 2 2 2 47 3611 3674 3900
7185 2 2 2 47 3900 3674 3654
7186 2 2 2 47 3901 3623 3672
7187 2 2 2 47 3710 3623 3901
7188 2 2 2 47 3672 3869 3901
7189 2 2 2 47 3903 3869 3699
7190 2 2 2 47 3905 198 199
7191 2 2 2 47 3906 3857 3669
7192 2 2 2 47 3907 14 336
7193 2 2 2 47 384 14 3907
7194 2 2 2 47 3833 3613 3796
7195 2 2 2 47 3615 3833 3796
7196 2 2 2 47 3855 198 3905
7197 2 2 2 47 3855 3905 3678
7198 2 2 2 47 3895 3691 3711
7199 2 2 2 47 3712 3895 3711
7200 2 2 2 47 3724 3660 3760
7201 2 2 2 47 3723 3692 3882
7202 2 2 2 47 3723 3882 3721
7203 2 2 2 47 3803 3660 3724
7204 2 2 2 47 3721 3803 3724
7205 2 2 2 47 3734 3692 3723
7206 2 2 2 47 3777 3636 3780
7207 2 2 2 47 3777 3780 3727
7208 2 2 2 47 3775 3607 3742
7209 2 2 2 47 3727 3813 3735
7210 2 2 2 47 3763 3630 3800
7211 2 2 2 47 3763 3800 3736
7212 2 2 2 47 3837 3646 3745
7213 2 2 2 47 3786 3640 3801
7214 2 2 2 47 3786 3801 3742
7215 2 2 2 47 3764 3607 3775
7216 2 2 2 47 3764 3775 3744
7217 2 2 2 47 3757 3646 3860
7218 2 2 2 47 3748 3756 3752
7219 2 2 2 47 3759 3647 3776
7220 2 2 2 47 3759 3776 3751
7221 2 2 2 47 3838 3662 3794
7222 2 2 2 47 3771 3892 3759
7223 2 2 2 47 3763 3878 3773
7224 2 2 2 47 3840 3653 3810
7225 2 2 2 47 3764 3840 3810
7226 2 2 2 47 3776 3647 3767
7227 2 2 2 47 3766 3851 3815
7228 2 2 2 47 3774 3648 3902
7229 2 2 2 47 3770 3874 3771
7230 2 2 2 47 3780 3636 3835
7231 2 2 2 47 3780 3835 3773
7232 2 2 2 47 3795 3616 3804
7233 2 2 2 47 3795 3804 3774
7234 2 2 2 47 3800 3630 3839
7235 2 2 2 47 3800 3839 3782
7236 2 2 2 47 3896 3640 3798
7237 2 2 2 47 3844 197 3855
7238 2 2 2 47 3844 3855 3784
7239 2 2 2 47 3859 3665 3798
7240 2 2 2 47 3786 3859 3798
7241 2 2 2 47 3787 3890 3799
7242 2 2 2 47 3897 3679 3861
7243 2 2 2 47 3788 3897 3861
7244 2 2 2 47 3829 3672 3852
7245 2 2 2 47 3829 3852 3789
7246 2 2 2 47 3856 3669 3857
7247 2 2 2 47 3856 3857 3792
7248 2 2 2 47 3846 3676 3814
7249 2 2 2 47 3794 3846 3814
7250 2 2 2 47 3821 3673 3858
7251 2 2 2 47 3821 3858 3797
7252 2 2 2 47 3856 3678 3905
7253 2 2 2 47 3808 3649 3865
7254 2 2 2 47 3808 3865 3804
7255 2 2 2 47 3824 3608 3814
7256 2 2 2 47 3809 3824 3814
7257 2 2 2 47 3830 3665 3859
7258 2 2 2 47 3830 3859 3810
7259 2 2 2 47 3825 3617 3876
7260 2 2 2 47 3825 3876 3817
7261 2 2 2 47 3877 3624 3841
7262 2 2 2 47 3821 3877 3841
7263 2 2 2 47 3824 3892 3863
7264 2 2 2 47 202 203 3832
7265 2 2 2 47 3833 3699 3869
7266 2 2 2 47 3833 3869 3829
7267 2 2 2 47 3871 3679 3850
7268 2 2 2 47 3840 3871 3850
7269 2 2 2 47 3864 3649 3866
7270 2 2 2 47 3864 3866 3842
7271 2 2 2 47 3872 3664 3861
7272 2 2 2 47 3845 3872 3861
7273 2 2 2 47 3897 3609 3879
7274 2 2 2 47 3850 3897 3879
7275 2 2 2 47 3906 3624 3877
7276 2 2 2 47 3857 3906 3877
7277 2 2 2 47 3674 3653 3879
7278 2 2 2 47 3903 3710 3901
7279 2 2 2 47 3869 3903 3901
7280 2 2 2 47 3617 3650 3880
7281 2 2 2 47 3774 3902 3781
7282 2 2 2 47 3827 3651 3853
7283 2 2 2 47 3827 3796 3696
7284 2 2 2 47 3696 3612 3827
7285 2 2 2 47 3827 3853 3796
7286 2 2 2 47 3889 3628 3629
7287 2 2 2 47 3614 3745 3757
7288 2 2 2 47 3757 3745 3646
7289 2 2 2 47 3612 3696 3828
7290 2 2 2 47 3828 3707 3612
7291 2 2 2 47 176 177 3765
7292 2 2 2 47 3640 3772 3801
7293 2 2 2 47 145 146 3847
7294 2 2 2 47 3819 155 156
7295 2 2 2 47 3906 3881 3624
7296 2 2 2 47 3881 3669 3671
7297 2 2 2 47 3669 3881 3906
7298 2 2 2 47 192 193 3894
7299 2 2 2 47 3661 3769 3894
7300 2 2 2 47 199 200 3811
7301 2 2 2 47 199 3811 3905
7302 2 2 2 47 3856 3811 3669
7303 2 2 2 47 3856 3905 3811
7304 2 2 2 47 200 201 3854
7305 2 2 2 47 3854 3811 200
7306 2 2 2 47 3854 3671 3669
7307 2 2 2 47 3811 3854 3669
7308 2 2 2 47 3893 190 191
7309 2 2 2 47 139 140 3891
7310 2 2 2 47 3832 3675 3671
7311 2 2 2 47 3808 3866 3649
7312 2 2 2 47 3715 3619 3866
7313 2 2 2 47 3866 3616 3715
7314 2 2 2 47 3616 3866 3808
7315 2 2 2 47 3831 3667 3706
7316 2 2 2 47 3854 201 202
7317 2 2 2 47 3832 3854 202
7318 2 2 2 47 3854 3832 3671
7319 2 2 2 47 373 374 3676
7320 2 2 2 47 369 370 3783
7321 2 2 2 47 3783 3738 369
7322 2 2 2 47 343 344 3899
7323 2 2 2 47 3873 346 347
7324 2 2 2 47 3858 3673 3873
7325 2 2 2 47 3663 3848 3823
7326 2 2 2 47 3644 7 166
7327 2 2 2 47 3818 3776 3767
7328 2 2 2 47 349 350 3848
7329 2 2 2 47 3663 3806 3848
7330 2 2 2 47 3884 3708 3618
7331 2 2 2 47 3884 3618 3699
7332 2 2 2 47 3834 3884 3615
7333 2 2 2 47 3699 3615 3884
7334 2 2 2 47 3903 3618 3695
7335 2 2 2 47 3618 3903 3699
7336 2 2 2 47 3903 3695 3710
7337 2 2 2 47 3902 3648 3754
7338 2 2 2 47 3750 3902 3754
7339 2 2 2 47 3627 3628 3889
7340 2 2 2 47 3826 3685 3622
7341 2 2 2 47 3622 3797 3826
7342 2 2 2 47 3826 3797 3668
7343 2 2 2 47 373 3846 372
7344 2 2 2 47 3676 3846 373
7345 2 2 2 47 3839 3630 3835
7346 2 2 2 47 3839 3793 3657
7347 2 2 2 47 3657 3682 3839
7348 2 2 2 47 3793 3839 3835
7349 2 2 2 47 3842 3619 3687
7350 2 2 2 47 3609 3770 3879
7351 2 2 2 47 3654 3674 3879
7352 2 2 2 47 3879 3770 3654
7353 2 2 2 47 376 377 3818
7354 2 2 2 47 3900 3654 3867
7355 2 2 2 47 3707 3611 3900
7356 2 2 2 47 3612 3707 3900
7357 2 2 2 47 3900 3827 3612
7358 2 2 2 47 3900 3867 3827
7359 2 2 2 47 15 3802 364
7360 2 2 2 47 365 3802 15
7361 2 2 2 47 3670 3784 3868
7362 2 2 2 47 3666 3886 3828
7363 2 2 2 47 3757 3860 3766
7364 2 2 2 47 3881 3625 3624
7365 2 2 2 47 3706 3667 3787
7366 2 2 2 47 3822 3706 3787
7367 2 2 2 47 3743 3822 3787
7368 2 2 2 47 209 210 3908
7369 2 2 2 47 3693 3689 3908
7370 2 2 2 47 3875 3696 3613
7371 2 2 2 47 3613 3789 3875
7372 2 2 2 47 3885 3656 3875
7373 2 2 2 47 3789 3885 3875
7374 2 2 2 47 3713 3693 3700
7375 2 2 2 47 3700 3694 3713
7376 2 2 2 47 3880 3843 3617
7377 2 2 2 47 3715 3843 3880
7378 2 2 2 47 3909 3675 3688
7379 2 2 2 47 3627 3909 3883
7380 2 2 2 47 3617 3843 3876
7381 2 2 2 47 3815 3876 3843
7382 2 2 2 47 3836 3620 3650
7383 2 2 2 47 3836 3650 3791
7384 2 2 2 47 3836 3769 3661
7385 2 2 2 47 3769 3836 3791
7386 2 2 2 47 196 3844 3670
7387 2 2 2 47 3915 3914 3730
7388 2 2 2 47 3916 3915 3730
7389 2 2 2 47 3917 3913 3719
7390 2 2 2 47 3921 3911 3741
7391 2 2 2 47 3923 3916 3730
7392 2 2 2 47 3924 3919 3635
7393 2 2 2 47 3925 3917 3719
7394 2 2 2 47 3635 3921 3926
7395 2 2 2 47 3926 3924 3635
7396 2 2 2 47 3740 3911 3927
7397 2 2 2 47 3635 3920 3927
7398 2 2 2 47 3817 3761 3928
7399 2 2 2 47 3718 3911 3930
7400 2 2 2 47 3740 3917 3930
7401 2 2 2 47 3930 3911 3740
7402 2 2 2 47 3931 3920 3720
7403 2 2 2 47 3932 3646 3837
7404 2 2 2 47 3638 3916 3933
7405 2 2 2 47 3936 3931 3720
7406 2 2 2 47 3739 3932 3937
7407 2 2 2 47 3938 3890 3749
7408 2 2 2 47 3939 3932 3837
7409 2 2 2 47 3837 3643 3939
7410 2 2 2 47 3749 3667 3940
7411 2 2 2 47 3940 3667 3831
7412 2 2 2 47 3746 3922 3941
7413 2 2 2 47 3724 3760 3943
7414 2 2 2 47 3944 3921 3741
7415 2 2 2 47 3945 3911 3718
7416 2 2 2 47 3741 3911 3945
7417 2 2 2 47 3718 3914 3945
7418 2 2 2 47 3946 3943 3760
7419 2 2 2 47 3720 3943 3946
7420 2 2 2 47 3831 3706 3950
7421 2 2 2 47 3951 359 360
7422 2 2 2 47 3951 3922 3746
7423 2 2 2 47 3952 3816 3637
7424 2 2 2 47 3952 3938 3749
7425 2 2 2 47 3658 3744 3953
7426 2 2 2 47 3720 3946 3953
7427 2 2 2 47 185 186 3954
7428 2 2 2 47 3779 3942 3954
7429 2 2 2 47 3727 3735 3955
7430 2 2 2 47 3956 3935 3728
7431 2 2 2 47 3739 3942 3957
7432 2 2 2 47 3958 3645 3820
7433 2 2 2 47 3960 3801 3772
7434 2 2 2 47 3961 3955 3762
7435 2 2 2 47 3762 3938 3961
7436 2 2 2 47 349 3848 3962
7437 2 2 2 47 3962 3848 3806
7438 2 2 2 47 192 3894 3963
7439 2 2 2 47 3963 3894 3769
7440 2 2 2 47 356 357 3965
7441 2 2 2 47 3772 3640 3969
7442 2 2 2 47 3969 3640 3896
7443 2 2 2 47 3970 3918 3719
7444 2 2 2 47 3823 3848 3971
7445 2 2 2 47 3972 357 358
7446 2 2 2 47 3972 3929 3768
7447 2 2 2 47 3973 166 167
7448 2 2 2 47 3644 166 3973
7449 2 2 2 47 167 3918 3973
7450 2 2 2 47 3975 3858 3873
7451 2 2 2 47 3873 347 3975
7452 2 2 2 47 3746 3941 3976
7453 2 2 2 47 3978 3965 3768
7454 2 2 2 47 3637 3777 3979
7455 2 2 2 47 3727 3955 3979
7456 2 2 2 47 3979 3777 3727
7457 2 2 2 47 3722 3935 3982
7458 2 2 2 47 3838 3794 3983
7459 2 2 2 47 3701 3752 3985
7460 2 2 2 47 3985 3752 3756
7461 2 2 2 47 3805 3891 3986
7462 2 2 2 47 3753 3981 3988
7463 2 2 2 47 3989 3978 3768
7464 2 2 2 47 187 188 3990
7465 2 2 2 47 3761 3949 3990
7466 2 2 2 47 3992 375 376
7467 2 2 2 47 3992 3818 3767
7468 2 2 2 47 376 3818 3992
7469 2 2 2 47 3737 3729 3993
7470 2 2 2 47 3660 3803 3993
7471 2 2 2 47 3890 3938 3995
7472 2 2 2 47 3995 3938 3762
7473 2 2 2 47 358 359 3997
7474 2 2 2 47 3746 3929 3997
7475 2 2 2 47 3733 3872 3998
7476 2 2 2 47 3998 3732 3733
7477 2 2 2 47 3999 3988 3781
7478 2 2 2 47 3665 3611 4000
7479 2 2 2 47 4001 3942 3779
7480 2 2 2 47 3736 3800 4002
7481 2 2 2 47 4002 3726 3736
7482 2 2 2 47 4002 3800 3703
7483 2 2 2 47 4003 186 187
7484 2 2 2 47 4003 3949 3779
7485 2 2 2 47 3820 3645 4004
7486 2 2 2 47 3768 3929 4004
7487 2 2 2 47 4006 3752 3638
7488 2 2 2 47 3748 3752 4006
7489 2 2 2 47 3638 3933 4006
7490 2 2 2 47 4009 346 3873
7491 2 2 2 47 3779 3949 4010
7492 2 2 2 47 356 3965 4011
7493 2 2 2 47 3749 3940 4014
7494 2 2 2 47 4015 3949 3761
7495 2 2 2 47 3684 208 4018
7496 2 2 2 47 3908 3689 4018
7497 2 2 2 47 4018 3689 3684
7498 2 2 2 47 3634 3913 4019
7499 2 2 2 47 3740 3931 4019
7500 2 2 2 47 4020 3757 3766
7501 2 2 2 47 4021 3726 3849
7502 2 2 2 47 3849 368 4021
7503 2 2 2 47 3738 3726 4021
7504 2 2 2 47 3719 3913 4022
7505 2 2 2 47 4022 3970 3719
7506 2 2 2 47 4023 3652 3801
7507 2 2 2 47 4023 3960 3847
7508 2 2 2 47 3801 3960 4023
7509 2 2 2 47 3765 3980 4024
7510 2 2 2 47 366 367 4025
7511 2 2 2 47 3641 3822 4028
7512 2 2 2 47 4028 3822 3743
7513 2 2 2 47 3819 156 4029
7514 2 2 2 47 4029 3656 3819
7515 2 2 2 47 3729 3737 4030
7516 2 2 2 47 4030 3737 3878
7517 2 2 2 47 4031 3977 3747
7518 2 2 2 47 374 375 4032
7519 2 2 2 47 4033 3936 3744
7520 2 2 2 47 3744 3775 4033
7521 2 2 2 47 3634 3936 4033
7522 2 2 2 47 4035 3933 3725
7523 2 2 2 47 4036 3967 3775
7524 2 2 2 47 3775 3742 4036
7525 2 2 2 47 4037 3981 3702
7526 2 2 2 47 3625 3887 4038
7527 2 2 2 47 3889 3629 4041
7528 2 2 2 47 3683 3862 4041
7529 2 2 2 47 4042 3655 3893
7530 2 2 2 47 339 340 4043
7531 2 2 2 47 4043 340 3683
7532 2 2 2 47 4043 3686 339
7533 2 2 2 47 4044 3783 3639
7534 2 2 2 47 3738 3783 4044
7535 2 2 2 47 4046 3692 3762
7536 2 2 2 47 4046 3735 3882
7537 2 2 2 47 3882 3692 4046
7538 2 2 2 47 360 361 4047
7539 2 2 2 47 3755 3670 4048
7540 2 2 2 47 4048 3670 3868
7541 2 2 2 47 4049 3691 152
7542 2 2 2 47 3677 3691 4049
7543 2 2 2 47 3753 3988 4050
7544 2 2 2 47 3625 3881 4051
7545 2 2 2 47 3675 3909 4051
7546 2 2 2 47 4053 3616 3795
7547 2 2 2 47 3843 3616 4053
7548 2 2 2 47 3795 4052 4053
7549 2 2 2 47 4054 3637 3816
7550 2 2 2 47 3756 3642 4055
7551 2 2 2 47 4055 3642 3758
7552 2 2 2 47 3629 3631 4056
7553 2 2 2 47 3683 4041 4056
7554 2 2 2 47 4056 4041 3629
7555 2 2 2 47 4057 3946 3760
7556 2 2 2 47 3760 3778 4057
7557 2 2 2 47 3643 3977 4058
7558 2 2 2 47 3777 3637 4059
7559 2 2 2 47 3659 3621 4060
7560 2 2 2 47 4060 3621 3868
7561 2 2 2 47 4061 3608 3664
7562 2 2 2 47 3664 3872 4061
7563 2 2 2 47 4063 3813 3727
7564 2 2 2 47 3727 3780 4063
7565 2 2 2 47 4064 188 189
7566 2 2 2 47 4064 3928 3761
7567 2 2 2 47 189 3928 4064
7568 2 2 2 47 3741 3915 4065
7569 2 2 2 47 4066 3799 3701
7570 2 2 2 47 3787 3799 4066
7571 2 2 2 47 4067 3614 3702
7572 2 2 2 47 3745 3614 4067
7573 2 2 2 47 3702 3747 4067
7574 2 2 2 47 3899 344 4068
7575 2 2 2 47 4070 379 3695
7576 2 2 2 47 4070 3618 3708
7577 2 2 2 47 3695 3618 4070
7578 2 2 2 47 4056 3631 4069
7579 2 2 2 47 4056 4069 3683
7580 2 2 2 47 4043 3683 4069
7581 2 2 2 47 4043 4069 3686
7582 2 2 2 47 378 379 4070
7583 2 2 2 47 378 4070 3708
7584 2 2 2 47 4025 367 3849
7585 2 2 2 47 3703 4025 3849
7586 2 2 2 47 4002 3703 3849
7587 2 2 2 47 3726 4002 3849
7588 2 2 2 47 3950 3706 3822
7589 2 2 2 47 3731 3950 3822
7590 2 2 2 47 4021 368 369
7591 2 2 2 47 3738 4021 369
7592 2 2 2 47 3936 3720 3953
7593 2 2 2 47 3936 3953 3744
7594 2 2 2 47 3705 3981 3753
7595 2 2 2 47 4050 3645 3958
7596 2 2 2 47 3753 4050 3958
7597 2 2 2 47 4020 3716 3614
7598 2 2 2 47 3757 4020 3614
7599 2 2 2 47 3990 188 4064
7600 2 2 2 47 3990 4064 3761
7601 2 2 2 47 3817 4015 3761
7602 2 2 2 47 3692 3995 3762
7603 2 2 2 47 4032 375 3992
7604 2 2 2 47 3767 4032 3992
7605 2 2 2 47 3965 357 3972
7606 2 2 2 47 3965 3972 3768
7607 2 2 2 47 4004 3645 3989
7608 2 2 2 47 3768 4004 3989
7609 2 2 2 47 3791 3655 4042
7610 2 2 2 47 3791 4042 3769
7611 2 2 2 47 3967 3634 4033
7612 2 2 2 47 3967 4033 3775
7613 2 2 2 47 3778 4045 3845
7614 2 2 2 47 3871 3658 4057
7615 2 2 2 47 3871 4057 3778
7616 2 2 2 47 3954 186 4003
7617 2 2 2 47 3954 4003 3779
7618 2 2 2 47 3779 4010 4001
7619 2 2 2 47 3610 3737 3993
7620 2 2 2 47 3610 3993 3803
7621 2 2 2 47 3959 3652 4023
7622 2 2 2 47 3959 4023 3847
7623 2 2 2 47 3997 359 3951
7624 2 2 2 47 3746 3997 3951
7625 2 2 2 47 4009 3873 3673
7626 2 2 2 47 3888 4009 3673
7627 2 2 2 47 3671 3675 4051
7628 2 2 2 47 3671 4051 3881
7629 2 2 2 47 4008 194 195
7630 2 2 2 47 3655 3817 3928
7631 2 2 2 47 3655 3928 3893
7632 2 2 2 47 4029 156 8
7633 2 2 2 47 3666 3656 4029
7634 2 2 2 47 140 141 3986
7635 2 2 2 47 140 3986 3891
7636 2 2 2 47 4018 208 209
7637 2 2 2 47 3908 4018 209
7638 2 2 2 47 4014 4034 3816
7639 2 2 2 47 345 346 4009
7640 2 2 2 47 348 349 3962
7641 2 2 2 47 4068 344 345
7642 2 2 2 47 350 351 3971
7643 2 2 2 47 350 3971 3848
7644 2 2 2 47 3975 347 348
7645 2 2 2 47 3668 3858 3975
7646 2 2 2 47 3952 3749 4014
7647 2 2 2 47 3952 4014 3816
7648 2 2 2 47 3733 4061 3872
7649 2 2 2 47 3784 4060 3868
7650 2 2 2 47 3955 3735 4046
7651 2 2 2 47 3955 4046 3762
7652 2 2 2 47 4000 3611 3707
7653 2 2 2 47 3925 3719 3912
7654 2 2 2 47 3921 3635 3927
7655 2 2 2 47 3921 3927 3911
7656 2 2 2 47 3917 3740 4019
7657 2 2 2 47 3917 4019 3913
7658 2 2 2 47 3915 3741 3945
7659 2 2 2 47 3915 3945 3914
7660 2 2 2 47 3916 3638 4065
7661 2 2 2 47 3916 4065 3915
7662 2 2 2 47 3923 3725 3933
7663 2 2 2 47 3923 3933 3916
7664 2 2 2 47 3925 3718 3930
7665 2 2 2 47 3925 3930 3917
7666 2 2 2 47 3970 3644 3973
7667 2 2 2 47 3970 3973 3918
7668 2 2 2 47 3943 3720 3920
7669 2 2 2 47 3919 3721 3724
7670 2 2 2 47 3931 3740 3927
7671 2 2 2 47 3920 3931 3927
7672 2 2 2 47 3921 3944 3926
7673 2 2 2 47 3951 360 4047
7674 2 2 2 47 3951 4047 3922
7675 2 2 2 47 3934 3941 3922
7676 2 2 2 47 3972 358 3997
7677 2 2 2 47 3972 3997 3929
7678 2 2 2 47 3936 3634 4019
7679 2 2 2 47 3936 4019 3931
7680 2 2 2 47 3939 3728 3937
7681 2 2 2 47 3932 3939 3937
7682 2 2 2 47 4035 3748 4006
7683 2 2 2 47 3933 4035 4006
7684 2 2 2 47 3956 3807 3982
7685 2 2 2 47 3956 3982 3935
7686 2 2 2 47 4035 3725 3964
7687 2 2 2 47 3950 3731 4031
7688 2 2 2 47 3944 3741 4065
7689 2 2 2 47 3952 3637 3961
7690 2 2 2 47 3952 3961 3938
7691 2 2 2 47 3963 3769 4042
7692 2 2 2 47 4001 3860 3957
7693 2 2 2 47 3942 4001 3957
7694 2 2 2 47 4057 3658 3953
7695 2 2 2 47 3946 4057 3953
7696 2 2 2 47 4003 187 3990
7697 2 2 2 47 3949 4003 3990
7698 2 2 2 47 4015 3851 4010
7699 2 2 2 47 3949 4015 4010
7700 2 2 2 47 3961 3637 3979
7701 2 2 2 47 3961 3979 3955
7702 2 2 2 47 3957 3860 3646
7703 2 2 2 47 3964 3725 3968
7704 2 2 2 47 3978 3750 4011
7705 2 2 2 47 3978 4011 3965
7706 2 2 2 47 4031 3731 4058
7707 2 2 2 47 4031 4058 3977
7708 2 2 2 47 4039 3642 4024
7709 2 2 2 47 3980 4039 4024
7710 2 2 2 47 4037 3781 3988
7711 2 2 2 47 3981 4037 3988
7712 2 2 2 47 3798 3665 4000
7713 2 2 2 47 3999 4050 3988
7714 2 2 2 47 3758 3641 4028
7715 2 2 2 47 3807 3643 4058
7716 2 2 2 47 3815 3843 4053
7717 2 2 2 47 3815 4053 4052
7718 2 2 2 47 3918 167 168
7719 2 2 2 47 3918 3912 3719
7720 2 2 2 47 3732 3998 4071
7721 2 2 2 47 171 172 4040
7722 2 2 2 47 4037 3702 3614
7723 2 2 2 47 4037 3614 3716
7724 2 2 2 47 4037 3774 3781
7725 2 2 2 47 3716 3774 4037
7726 2 2 2 47 181 182 3948
7727 2 2 2 47 3948 3728 3935
7728 2 2 2 47 179 180 3947
7729 2 2 2 47 4013 3947 3722
7730 2 2 2 47 3987 3739 3937
7731 2 2 2 47 3790 3755 4048
7732 2 2 2 47 3621 4048 3868
7733 2 2 2 47 174 175 3968
7734 2 2 2 47 3923 3968 3725
7735 2 2 2 47 4012 147 7
7736 2 2 2 47 7 3644 4012
7737 2 2 2 47 146 147 4012
7738 2 2 2 47 4012 3847 146
7739 2 2 2 47 3847 4012 3959
7740 2 2 2 47 4040 172 173
7741 2 2 2 47 3948 182 183
7742 2 2 2 47 3728 3948 3937
7743 2 2 2 47 3722 3947 3935
7744 2 2 2 47 3987 184 185
7745 2 2 2 47 3987 185 3954
7746 2 2 2 47 3987 3942 3739
7747 2 2 2 47 3987 3954 3942
7748 2 2 2 47 3963 191 192
7749 2 2 2 47 3893 191 4042
7750 2 2 2 47 3963 4042 191
7751 2 2 2 47 3726 3738 4044
7752 2 2 2 47 3977 4067 3747
7753 2 2 2 47 3837 3745 3977
7754 2 2 2 47 3977 3643 3837
7755 2 2 2 47 3977 3745 4067
7756 2 2 2 47 3984 3733 3732
7757 2 2 2 47 3732 3729 4030
7758 2 2 2 47 3731 3641 4058
7759 2 2 2 47 4058 3641 3807
7760 2 2 2 47 3834 3751 3776
7761 2 2 2 47 3776 3818 3834
7762 2 2 2 47 4017 3834 3818
7763 2 2 2 47 3884 3834 4017
7764 2 2 2 47 3729 3732 4071
7765 2 2 2 47 4071 3993 3729
7766 2 2 2 47 3660 3993 4071
7767 2 2 2 47 3646 3932 3957
7768 2 2 2 47 3957 3932 3739
7769 2 2 2 47 4032 3676 374
7770 2 2 2 47 4032 3767 3809
7771 2 2 2 47 3809 3676 4032
7772 2 2 2 47 355 356 4011
7773 2 2 2 47 3976 3929 3746
7774 2 2 2 47 3976 3820 4004
7775 2 2 2 47 3976 4004 3929
7776 2 2 2 47 3636 3777 4059
7777 2 2 2 47 3941 4054 3976
7778 2 2 2 47 3643 3807 3956
7779 2 2 2 47 3956 3939 3643
7780 2 2 2 47 3728 3939 3956
7781 2 2 2 47 3889 4041 3862
7782 2 2 2 47 3967 3913 3634
7783 2 2 2 47 3996 3991 3805
7784 2 2 2 47 3896 3996 3812
7785 2 2 2 47 4062 3793 3636
7786 2 2 2 47 4062 3636 4059
7787 2 2 2 47 3934 4062 4059
7788 2 2 2 47 144 145 3960
7789 2 2 2 47 3960 145 3847
7790 2 2 2 47 3689 4069 3631
7791 2 2 2 47 3713 4069 3689
7792 2 2 2 47 3690 4069 3713
7793 2 2 2 47 3690 3686 4069
7794 2 2 2 47 3996 3896 3798
7795 2 2 2 47 3798 4000 3996
7796 2 2 2 47 3758 3642 4039
7797 2 2 2 47 4034 3958 3820
7798 2 2 2 47 3766 3815 4052
7799 2 2 2 47 3766 4052 4020
7800 2 2 2 47 3795 3716 4052
7801 2 2 2 47 4020 4052 3716
7802 2 2 2 47 190 3928 189
7803 2 2 2 47 3893 3928 190
7804 2 2 2 47 3670 3755 195
7805 2 2 2 47 196 3670 195
7806 2 2 2 47 4008 195 3755
7807 2 2 2 47 3974 3940 3831
7808 2 2 2 47 3831 3705 3974
7809 2 2 2 47 3760 3660 4045
7810 2 2 2 47 4045 3778 3760
7811 2 2 2 47 3701 3985 4066
7812 2 2 2 47 3743 3787 3985
7813 2 2 2 47 3985 3756 3743
7814 2 2 2 47 4066 3985 3787
7815 2 2 2 47 3734 3995 3692
7816 2 2 2 47 3995 3734 3799
7817 2 2 2 47 3890 3995 3799
7818 2 2 2 47 3638 3752 4007
7819 2 2 2 47 3638 4007 4065
7820 2 2 2 47 3944 4065 4007
7821 2 2 2 47 4017 377 3708
7822 2 2 2 47 3708 3884 4017
7823 2 2 2 47 3818 377 4017
7824 2 2 2 47 3743 3756 4055
7825 2 2 2 47 3743 4055 4028
7826 2 2 2 47 3758 4028 4055
7827 2 2 2 47 3771 3874 3892
7828 2 2 2 47 3892 3874 3863
7829 2 2 2 47 4024 3642 3748
7830 2 2 2 47 4035 4024 3748
7831 2 2 2 47 3765 4024 3964
7832 2 2 2 47 4024 4035 3964
7833 2 2 2 47 3702 4026 3747
7834 2 2 2 47 3981 4026 3702
7835 2 2 2 47 3705 4026 3981
7836 2 2 2 47 4038 3887 3899
7837 2 2 2 47 4048 3717 3790
7838 2 2 2 47 4027 3736 3726
7839 2 2 2 47 3726 4044 4027
7840 2 2 2 47 3639 3785 4027
7841 2 2 2 47 3639 4027 4044
7842 2 2 2 47 3641 3758 3982
7843 2 2 2 47 3982 3807 3641
7844 2 2 2 47 3898 3789 3852
7845 2 2 2 47 3885 3789 3898
7846 2 2 2 47 3747 4026 4031
7847 2 2 2 47 4026 3705 3831
7848 2 2 2 47 3950 4026 3831
7849 2 2 2 47 3950 4031 4026
7850 2 2 2 47 3851 3766 4010
7851 2 2 2 47 4010 3766 3860
7852 2 2 2 47 4001 4010 3860
7853 2 2 2 47 3883 3870 3680
7854 2 2 2 47 3688 3870 3883
7855 2 2 2 47 3883 3909 3688
7856 2 2 2 47 365 366 4025
7857 2 2 2 47 3782 3802 4025
7858 2 2 2 47 4025 3703 3782
7859 2 2 2 47 365 4025 3802
7860 2 2 2 47 3886 3805 3991
7861 2 2 2 47 4068 4038 3899
7862 2 2 2 47 3624 3625 4038
7863 2 2 2 47 4038 3841 3624
7864 2 2 2 47 4038 3888 3841
7865 2 2 2 47 3991 3707 3828
7866 2 2 2 47 3828 3886 3991
7867 2 2 2 47 3842 3823 3864
7868 2 2 2 47 3964 176 3765
7869 2 2 2 47 3969 3896 3812
7870 2 2 2 47 3790 4008 3755
7871 2 2 2 47 4008 3661 3894
7872 2 2 2 47 193 4008 3894
7873 2 2 2 47 3790 3661 4008
7874 2 2 2 47 193 194 4008
7875 2 2 2 47 3723 3924 3994
7876 2 2 2 47 3994 3734 3723
7877 2 2 2 47 3926 3994 3924
7878 2 2 2 47 3888 4038 4068
7879 2 2 2 47 3753 3958 3974
7880 2 2 2 47 3974 3705 3753
7881 2 2 2 47 3958 4034 3974
7882 2 2 2 47 3635 3919 3920
7883 2 2 2 47 3943 3919 3724
7884 2 2 2 47 3919 3943 3920
7885 2 2 2 47 4007 3752 3701
7886 2 2 2 47 3700 3907 3694
7887 2 2 2 47 3984 3983 3733
7888 2 2 2 47 175 176 3964
7889 2 2 2 47 175 3964 3968
7890 2 2 2 47 4073 3948 3935
7891 2 2 2 47 3935 3947 4073
7892 2 2 2 47 181 3948 4073
7893 2 2 2 47 4074 3948 183
7894 2 2 2 47 4074 3987 3937
7895 2 2 2 47 3937 3948 4074
7896 2 2 2 47 3923 3730 4076
7897 2 2 2 47 4076 3730 4040
7898 2 2 2 47 386 385 4077
7899 2 2 2 47 4077 385 3700
7900 2 2 2 47 371 3662 4078
7901 2 2 2 47 3838 3783 4078
7902 2 2 2 47 4078 3662 3838
7903 2 2 2 47 4079 355 4011
7904 2 2 2 47 3701 3734 4080
7905 2 2 2 47 4080 3734 3994
7906 2 2 2 47 4080 4007 3701
7907 2 2 2 47 3723 3721 4081
7908 2 2 2 47 3919 3924 4081
7909 2 2 2 47 4081 3721 3919
7910 2 2 2 47 4081 3924 3723
7911 2 2 2 47 3925 3912 4084
7912 2 2 2 47 4085 3666 3828
7913 2 2 2 47 4085 3696 3875
7914 2 2 2 47 3828 3696 4085
7915 2 2 2 47 3657 3793 4086
7916 2 2 2 47 4086 3793 4062
7917 2 2 2 47 4087 3913 3967
7918 2 2 2 47 3620 3836 4088
7919 2 2 2 47 3790 3717 4088
7920 2 2 2 47 4088 3717 3620
7921 2 2 2 47 4089 3730 3914
7922 2 2 2 47 4040 3730 4089
7923 2 2 2 47 211 6 4091
7924 2 2 2 47 4091 6 386
7925 2 2 2 47 4092 168 169
7926 2 2 2 47 4093 3631 3629
7927 2 2 2 47 4093 3681 3684
7928 2 2 2 47 3684 3631 4093
7929 2 2 2 47 3629 3681 4093
7930 2 2 2 47 210 211 4075
7931 2 2 2 47 3661 3790 4088
7932 2 2 2 47 3661 4088 3836
7933 2 2 2 47 370 371 4078
7934 2 2 2 47 370 4078 3783
7935 2 2 2 47 3656 3666 4085
7936 2 2 2 47 3656 4085 3875
7937 2 2 2 47 3918 168 4092
7938 2 2 2 47 3918 4092 3912
7939 2 2 2 47 180 181 4073
7940 2 2 2 47 180 4073 3947
7941 2 2 2 47 178 179 4082
7942 2 2 2 47 354 355 4079
7943 2 2 2 47 354 4079 4016
7944 2 2 2 47 4075 211 4091
7945 2 2 2 47 3984 3732 4083
7946 2 2 2 47 4083 3785 3984
7947 2 2 2 47 4083 3732 4030
7948 2 2 2 47 169 170 4094
7949 2 2 2 47 169 4094 4092
7950 2 2 2 47 4094 3910 4084
7951 2 2 2 47 4092 4094 3912
7952 2 2 2 47 4094 4084 3912
7953 2 2 2 47 386 4077 4091
7954 2 2 2 47 4077 3700 3693
7955 2 2 2 47 4075 4077 3693
7956 2 2 2 47 4075 4091 4077
7957 2 2 2 47 3750 3754 4079
7958 2 2 2 47 4079 4011 3750
7959 2 2 2 47 4079 3754 4016
7960 2 2 2 47 3908 210 4075
7961 2 2 2 47 3693 3908 4075
7962 2 2 2 47 345 4009 4068
7963 2 2 2 47 4068 4009 3888
7964 2 2 2 47 4039 3980 4013
7965 2 2 2 47 3940 3974 4034
7966 2 2 2 47 4014 3940 4034
7967 2 2 2 47 4084 3914 3718
7968 2 2 2 47 3718 3925 4084
7969 2 2 2 47 3910 3914 4084
7970 2 2 2 47 4027 3785 4083
7971 2 2 2 47 4030 3878 4083
7972 2 2 2 47 3944 4007 3926
7973 2 2 2 47 3926 4007 3994
7974 2 2 2 47 4080 3994 4007
7975 2 2 2 47 3902 3750 3999
7976 2 2 2 47 3999 3781 3902
7977 2 2 2 47 351 352 4005
7978 2 2 2 47 351 4005 3971
7979 2 2 2 47 3971 4005 3823
7980 2 2 2 47 4005 3864 3823
7981 2 2 2 47 4045 3660 4071
7982 2 2 2 47 3664 3608 3863
7983 2 2 2 47 3863 3788 3664
7984 2 2 2 47 3863 3874 3788
7985 2 2 2 47 3865 3649 4072
7986 2 2 2 47 3754 3865 4072
7987 2 2 2 47 4016 3754 4072
7988 2 2 2 47 4060 3792 3659
7989 2 2 2 47 3678 3792 4060
7990 2 2 2 47 4060 3784 3678
7991 2 2 2 47 4000 3707 3991
7992 2 2 2 47 4000 3991 3996
7993 2 2 2 47 4063 3737 3813
7994 2 2 2 47 3737 4063 3878
7995 2 2 2 47 3780 3773 4063
7996 2 2 2 47 3878 4063 3773
7997 2 2 2 47 4049 152 153
7998 2 2 2 47 3898 3677 4049
7999 2 2 2 47 3934 3922 4047
8000 2 2 2 47 4062 3934 4047
8001 2 2 2 47 3872 3845 3998
8002 2 2 2 47 4045 3998 3845
8003 2 2 2 47 4071 3998 4045
8004 2 2 2 47 4076 4040 173
8005 2 2 2 47 4076 173 174
8006 2 2 2 47 4076 3968 3923
8007 2 2 2 47 3968 4076 174
8008 2 2 2 47 3815 3851 3876
8009 2 2 2 47 3851 3817 3876
8010 2 2 2 47 3817 3851 4015
8011 2 2 2 47 3941 3934 4059
8012 2 2 2 47 177 178 4082
8013 2 2 2 47 4082 3765 177
8014 2 2 2 47 3765 4082 3980
8015 2 2 2 47 3733 3983 4061
8016 2 2 2 47 3962 3975 348
8017 2 2 2 47 3962 3806 3668
8018 2 2 2 47 3668 3975 3962
8019 2 2 2 47 3966 3652 3959
8020 2 2 2 47 4074 183 184
8021 2 2 2 47 3987 4074 184
8022 2 2 2 47 353 354 4016
8023 2 2 2 47 353 4016 4072
8024 2 2 2 47 4095 3663 3823
8025 2 2 2 47 3823 3842 4095
8026 2 2 2 47 3898 4049 4096
8027 2 2 2 47 4097 3887 3625
8028 2 2 2 47 4090 3887 4097
8029 2 2 2 47 4098 353 4072
8030 2 2 2 47 4098 3864 4005
8031 2 2 2 47 3639 3838 4099
8032 2 2 2 47 3983 3984 4099
8033 2 2 2 47 4099 3838 3983
8034 2 2 2 47 4101 179 3947
8035 2 2 2 47 4082 179 4101
8036 2 2 2 47 3947 4013 4101
8037 2 2 2 47 3637 4054 4103
8038 2 2 2 47 3941 4059 4103
8039 2 2 2 47 4103 4054 3941
8040 2 2 2 47 4103 4059 3637
8041 2 2 2 47 4106 3794 3608
8042 2 2 2 47 4106 4061 3983
8043 2 2 2 47 3983 3794 4106
8044 2 2 2 47 3608 4061 4106
8045 2 2 2 47 170 171 4107
8046 2 2 2 47 4107 4094 170
8047 2 2 2 47 4108 3805 3886
8048 2 2 2 47 3891 3805 4108
8049 2 2 2 47 4109 3878 3763
8050 2 2 2 47 4109 4027 4083
8051 2 2 2 47 4083 3878 4109
8052 2 2 2 47 4109 3763 3736
8053 2 2 2 47 4027 4109 3736
8054 2 2 2 47 3785 3639 4099
8055 2 2 2 47 3785 4099 3984
8056 2 2 2 47 352 353 4098
8057 2 2 2 47 352 4098 4005
8058 2 2 2 47 4102 3889 3862
8059 2 2 2 47 4094 4107 3910
8060 2 2 2 47 4095 3842 3687
8061 2 2 2 47 3649 3864 4098
8062 2 2 2 47 3649 4098 4072
8063 2 2 2 47 142 143 4105
8064 2 2 2 47 4097 3625 4051
8065 2 2 2 47 4051 3909 4097
8066 2 2 2 47 4090 4097 3627
8067 2 2 2 47 4097 3909 3627
8068 2 2 2 47 4104 3714 3620
8069 2 2 2 47 3687 3714 4104
8070 2 2 2 47 154 4096 153
8071 2 2 2 47 153 4096 4049
8072 2 2 2 47 4102 3862 341
8073 2 2 2 47 4102 342 3904
8074 2 2 2 47 341 342 4102
8075 2 2 2 47 3986 142 3812
8076 2 2 2 47 3986 141 142
8077 2 2 2 47 3970 4022 3644
8078 2 2 2 47 4022 3913 4087
8079 2 2 2 47 3966 4022 4087
8080 2 2 2 47 4102 3627 3889
8081 2 2 2 47 4102 3904 4090
8082 2 2 2 47 4090 3627 4102
8083 2 2 2 47 3652 4036 3742
8084 2 2 2 47 4036 3652 3966
8085 2 2 2 47 3966 4087 4036
8086 2 2 2 47 3967 4036 4087
8087 2 2 2 47 4104 3620 3717
8088 2 2 2 47 3717 3685 4104
8089 2 2 2 47 4100 4104 3685
8090 2 2 2 47 4054 3816 4034
8091 2 2 2 47 3976 4054 3820
8092 2 2 2 47 3820 4054 4034
8093 2 2 2 47 384 3700 385
8094 2 2 2 47 3907 3700 384
8095 2 2 2 47 336 3694 3907
8096 2 2 2 47 155 4096 154
8097 2 2 2 47 3885 3898 4096
8098 2 2 2 47 4096 3819 3885
8099 2 2 2 47 3819 4096 155
8100 2 2 2 47 4089 3914 3910
8101 2 2 2 47 4107 4089 3910
8102 2 2 2 47 4089 171 4040
8103 2 2 2 47 4107 171 4089
8104 2 2 2 47 3989 3645 4050
8105 2 2 2 47 3978 3989 3750
8106 2 2 2 47 3999 3750 3989
8107 2 2 2 47 3999 3989 4050
8108 2 2 2 47 4086 361 362
8109 2 2 2 47 362 3657 4086
8110 2 2 2 47 4047 361 4086
8111 2 2 2 47 4047 4086 4062
8112 2 2 2 47 3904 3899 3887
8113 2 2 2 47 343 3899 3904
8114 2 2 2 47 3904 3887 4090
8115 2 2 2 47 342 343 3904
8116 2 2 2 47 143 144 4105
8117 2 2 2 47 3960 3772 4105
8118 2 2 2 47 3772 3969 4105
8119 2 2 2 47 144 3960 4105
8120 2 2 2 47 3886 3666 4108
8121 2 2 2 47 4108 3666 4029
8122 2 2 2 47 8 139 4108
8123 2 2 2 47 8 4108 4029
8124 2 2 2 47 4108 139 3891
8125 2 2 2 47 3969 3812 4105
8126 2 2 2 47 4105 3812 142
8127 2 2 2 47 3722 3982 4013
8128 2 2 2 47 4039 4013 3758
8129 2 2 2 47 4013 3982 3758
8130 2 2 2 47 4101 4013 3980
8131 2 2 2 47 4082 4101 3980
8132 2 2 2 47 3694 336 337
8133 2 2 2 47 3805 3986 4110
8134 2 2 2 47 3812 3996 4110
8135 2 2 2 47 4110 3986 3812
8136 2 2 2 47 4110 3996 3805
8137 2 2 2 47 3621 3685 4111
8138 2 2 2 47 3717 4048 4111
8139 2 2 2 47 4111 3685 3717
8140 2 2 2 47 4111 4048 3621
8141 2 2 2 47 3644 4022 4112
8142 2 2 2 47 4112 4022 3966
8143 2 2 2 47 4012 3644 4112
8144 2 2 2 47 4100 4095 3687
8145 2 2 2 47 4104 4100 3687
8146 2 2 2 47 4100 3663 4095
8147 2 2 2 47 337 3690 3694
8148 2 2 2 47 3966 3959 4112
8149 2 2 2 47 4112 3959 4012
8150 2 2 2 47 4100 3806 3663
8151 2 2 2 47 4100 3685 3826
8152 2 2 2 47 3806 4100 3826
8153 2 2 2 47 3690 337 338
8154 2 2 2 47 3686 3690 338
$EndElements
